{
"type": "FeatureCollection",
"name": "tallinn_scores",
"crs": { "type": "name", "properties": { "name": "urn:ogc:def:crs:OGC:1.3:CRS84" } },
"features": [
{ "type": "Feature", "properties": { "from_id": "0", "population": 12.108435721425648, "gravity_community": 0.51437639269832958, "gravity_education": 7.1437948801442266, "gravity_essential_services": 3.0700456622777885, "gravity_food_and_drink": 4.6758493135923853, "gravity_healthcare": 2.685227465222515, "gravity_shelter": 3.9797498274310286, "avg_gravity": 3.6781739235610456, "min_tt_community": 24.0, "min_tt_education": 7.0, "min_tt_essential_services": 10.0, "min_tt_food_and_drink": 15.0, "min_tt_healthcare": 11.0, "min_tt_shelter": 10.0, "avg_tt_community": 24.0, "avg_tt_education": 16.0, "avg_tt_essential_services": 13.666666666666666, "avg_tt_food_and_drink": 19.5, "avg_tt_healthcare": 14.5, "avg_tt_shelter": 15.0, "avg_tt_all": 17.111111111111111, "n_unreachable_categories": 0, "count_community": 1.0, "count_education": 11.0, "count_essential_services": 4.0, "count_food_and_drink": 8.0, "count_healthcare": 4.0, "count_shelter": 6.0, "gravity_community_per_100": 4.2480829442580292, "gravity_education_per_100": 58.998495301118183, "gravity_essential_services_per_100": 25.354601807444048, "gravity_food_and_drink_per_100": 38.616460632636127, "gravity_healthcare_per_100": 22.176501795942606, "gravity_shelter_per_100": 32.867580247289382, "shannon": 1.6189107593881558, "kl_divergence": 0.23604631076986876, "jsd": 0.22884819803094916, "city_similarity": 0.77115180196905087 }, "geometry": { "type": "MultiPolygon", "coordinates": [ [ [ [ 24.612860247387346, 59.355835765585823 ], [ 24.610883712768558, 59.35602951049804 ], [ 24.611308802545683, 59.357100776054686 ], [ 24.612860247387346, 59.355835765585823 ] ] ], [ [ [ 24.611790370013942, 59.353887161220143 ], [ 24.611675262451172, 59.354251861572266 ], [ 24.612135427661975, 59.354219301587115 ], [ 24.611790370013942, 59.353887161220143 ] ] ] ] } },
{ "type": "Feature", "properties": { "from_id": "1", "population": 0.70001833994055163, "gravity_community": 0.0, "gravity_education": 0.0, "gravity_essential_services": 0.0, "gravity_food_and_drink": 0.0, "gravity_healthcare": 0.0, "gravity_shelter": 4.7076771515427618, "avg_gravity": 0.78461285859046026, "min_tt_community": null, "min_tt_education": null, "min_tt_essential_services": null, "min_tt_food_and_drink": null, "min_tt_healthcare": null, "min_tt_shelter": 9.0, "avg_tt_community": null, "avg_tt_education": null, "avg_tt_essential_services": null, "avg_tt_food_and_drink": null, "avg_tt_healthcare": null, "avg_tt_shelter": 14.857142857142858, "avg_tt_all": 14.857142857142858, "n_unreachable_categories": 5, "count_community": 0.0, "count_education": 0.0, "count_essential_services": 0.0, "count_food_and_drink": 0.0, "count_healthcare": 0.0, "count_shelter": 7.0, "gravity_community_per_100": 0.0, "gravity_education_per_100": 0.0, "gravity_essential_services_per_100": 0.0, "gravity_food_and_drink_per_100": 0.0, "gravity_healthcare_per_100": 0.0, "gravity_shelter_per_100": 672.50768771894695, "shannon": 1.1412925456691193e-08, "kl_divergence": 1.5458988800951305, "jsd": 0.64127311075595406, "city_similarity": 0.35872688924404594 }, "geometry": { "type": "Polygon", "coordinates": [ [ [ 24.60597282017812, 59.398070129536748 ], [ 24.610644955406009, 59.394265660199594 ], [ 24.60796936351371, 59.39169285594572 ], [ 24.607133865356445, 59.391906738281257 ], [ 24.598175048828125, 59.394191741943359 ], [ 24.596895217895508, 59.39451599121093 ], [ 24.596244812011719, 59.394680023193359 ], [ 24.594332148905316, 59.395172880022763 ], [ 24.594355907305058, 59.395195736670168 ], [ 24.594711303710938, 59.395393371582024 ], [ 24.594601940933632, 59.395432430027441 ], [ 24.595317131358332, 59.396120448255246 ], [ 24.597391128540039, 59.397014617919929 ], [ 24.597650527954102, 59.396961212158189 ], [ 24.598419189453125, 59.39727783203125 ], [ 24.600223717132412, 59.397964500821615 ], [ 24.60597282017812, 59.398070129536748 ] ] ] } },
{ "type": "Feature", "properties": { "from_id": "2", "population": 426.74756629047585, "gravity_community": 0.0, "gravity_education": 0.52882379148232717, "gravity_essential_services": 0.0, "gravity_food_and_drink": 0.0, "gravity_healthcare": 0.0, "gravity_shelter": 4.6249360380390732, "avg_gravity": 0.85895997158689996, "min_tt_community": null, "min_tt_education": 23.0, "min_tt_essential_services": null, "min_tt_food_and_drink": null, "min_tt_healthcare": null, "min_tt_shelter": 10.0, "avg_tt_community": null, "avg_tt_education": 23.0, "avg_tt_essential_services": null, "avg_tt_food_and_drink": null, "avg_tt_healthcare": null, "avg_tt_shelter": 15.142857142857142, "avg_tt_all": 19.071428571428569, "n_unreachable_categories": 4, "count_community": 0.0, "count_education": 1.0, "count_essential_services": 0.0, "count_food_and_drink": 0.0, "count_healthcare": 0.0, "count_shelter": 7.0, "gravity_community_per_100": 0.0, "gravity_education_per_100": 0.12391957992383036, "gravity_essential_services_per_100": 0.0, "gravity_food_and_drink_per_100": 0.0, "gravity_healthcare_per_100": 0.0, "gravity_shelter_per_100": 1.0837638930765456, "shannon": 0.37677017048807432, "kl_divergence": 1.2659403236211002, "jsd": 0.58947949017414458, "city_similarity": 0.41052050982585542 }, "geometry": { "type": "MultiPolygon", "coordinates": [ [ [ [ 24.594332148905316, 59.395172880022763 ], [ 24.594320297241211, 59.395175933837891 ], [ 24.594355907305058, 59.395195736670168 ], [ 24.594332148905316, 59.395172880022763 ] ] ], [ [ [ 24.594601940933632, 59.395432430027441 ], [ 24.594230651855469, 59.39556503295897 ], [ 24.594108581542969, 59.395599365234375 ], [ 24.595317131358332, 59.396120448255246 ], [ 24.594601940933632, 59.395432430027441 ] ] ] ] } },
{ "type": "Feature", "properties": { "from_id": "3", "population": 0.0, "gravity_community": 1.1335939685265775, "gravity_education": 1.151057374732426, "gravity_essential_services": 4.2959876016483349, "gravity_food_and_drink": 6.5662990988011209, "gravity_healthcare": 3.8107811789287749, "gravity_shelter": 10.801590843051917, "avg_gravity": 4.6265516776148585, "min_tt_community": 20.0, "min_tt_education": 18.0, "min_tt_essential_services": 19.0, "min_tt_food_and_drink": 13.0, "min_tt_healthcare": 19.0, "min_tt_shelter": 1.0, "avg_tt_community": 20.5, "avg_tt_education": 20.0, "avg_tt_essential_services": 21.666666666666668, "avg_tt_food_and_drink": 21.916666666666668, "avg_tt_healthcare": 22.0, "avg_tt_shelter": 14.8125, "avg_tt_all": 20.149305555555557, "n_unreachable_categories": 0, "count_community": 2.0, "count_education": 2.0, "count_essential_services": 7.0, "count_food_and_drink": 12.0, "count_healthcare": 7.0, "count_shelter": 16.0, "gravity_community_per_100": 0.0, "gravity_education_per_100": 0.0, "gravity_essential_services_per_100": 0.0, "gravity_food_and_drink_per_100": 0.0, "gravity_healthcare_per_100": 0.0, "gravity_shelter_per_100": 0.0, "shannon": 1.563519002299965, "kl_divergence": 0.13563516498459163, "jsd": 0.1852538592006458, "city_similarity": 0.81474614079935415 }, "geometry": { "type": "Polygon", "coordinates": [ [ [ 24.610097657864237, 59.402035881758721 ], [ 24.60597282017812, 59.398070129536748 ], [ 24.600223717132412, 59.397964500821615 ], [ 24.600534439086914, 59.398082733154311 ], [ 24.604789733886719, 59.399627685546868 ], [ 24.606649398803711, 59.40050125122071 ], [ 24.607309341430664, 59.400810241699212 ], [ 24.608457565307617, 59.401515960693366 ], [ 24.609352111816406, 59.402248382568366 ], [ 24.609594014159878, 59.402445938651653 ], [ 24.610097657864237, 59.402035881758721 ] ] ] } },
{ "type": "Feature", "properties": { "from_id": "4", "population": 0.0035447991317961829, "gravity_community": 0.8012357945621662, "gravity_education": 2.0826352797409049, "gravity_essential_services": 0.0, "gravity_food_and_drink": 1.0, "gravity_healthcare": 0.0, "gravity_shelter": 0.59078684204088361, "avg_gravity": 0.74577631939065914, "min_tt_community": 8.0, "min_tt_education": 10.0, "min_tt_essential_services": null, "min_tt_food_and_drink": null, "min_tt_healthcare": null, "min_tt_shelter": 19.0, "avg_tt_community": 8.0, "avg_tt_education": 13.333333333333334, "avg_tt_essential_services": null, "avg_tt_food_and_drink": null, "avg_tt_healthcare": null, "avg_tt_shelter": 19.0, "avg_tt_all": 13.444444444444445, "n_unreachable_categories": 3, "count_community": 1.0, "count_education": 3.0, "count_essential_services": 0.0, "count_food_and_drink": 1.0, "count_healthcare": 0.0, "count_shelter": 1.0, "gravity_community_per_100": 22603.136729955484, "gravity_education_per_100": 58751.855953135884, "gravity_essential_services_per_100": 0.0, "gravity_food_and_drink_per_100": 28210.343176576287, "gravity_healthcare_per_100": 0.0, "gravity_shelter_per_100": 16666.299558179093, "shannon": 1.242453329706013, "kl_divergence": 0.88067303620398651, "jsd": 0.45202702021727409, "city_similarity": 0.54797297978272597 }, "geometry": { "type": "Polygon", "coordinates": [ [ [ 24.609002178880761, 59.417576287629203 ], [ 24.605851040339797, 59.414548007372943 ], [ 24.605537414550781, 59.414897918701179 ], [ 24.604494094848633, 59.416950225830078 ], [ 24.604881286621094, 59.419647216796868 ], [ 24.605358835956384, 59.420540843723948 ], [ 24.609002178880761, 59.417576287629203 ] ] ] } },
{ "type": "Feature", "properties": { "from_id": "5", "population": 19.799706134484708, "gravity_community": 0.0, "gravity_education": 0.0, "gravity_essential_services": 0.51437639269832958, "gravity_food_and_drink": 0.5746466205894657, "gravity_healthcare": 0.51437639269832958, "gravity_shelter": 5.5020592240943378, "avg_gravity": 1.1842431050134106, "min_tt_community": null, "min_tt_education": null, "min_tt_essential_services": 24.0, "min_tt_food_and_drink": 20.0, "min_tt_healthcare": 24.0, "min_tt_shelter": 19.0, "avg_tt_community": null, "avg_tt_education": null, "avg_tt_essential_services": 24.0, "avg_tt_food_and_drink": 20.0, "avg_tt_healthcare": 24.0, "avg_tt_shelter": 21.6, "avg_tt_all": 22.4, "n_unreachable_categories": 2, "count_community": 0.0, "count_education": 0.0, "count_essential_services": 1.0, "count_food_and_drink": 1.0, "count_healthcare": 1.0, "count_shelter": 10.0, "gravity_community_per_100": 0.0, "gravity_education_per_100": 0.0, "gravity_essential_services_per_100": 2.5978991264039601, "gravity_food_and_drink_per_100": 2.9022987345686735, "gravity_healthcare_per_100": 2.5978991264039601, "gravity_shelter_per_100": 27.788590329184348, "shannon": 0.79373006015931602, "kl_divergence": 0.81299738535214205, "jsd": 0.45395731771081338, "city_similarity": 0.54604268228918662 }, "geometry": { "type": "Polygon", "coordinates": [ [ [ 24.632906453076728, 59.390781414018456 ], [ 24.624111196163319, 59.390621510642198 ], [ 24.619441070554732, 59.39442647697863 ], [ 24.623567060274524, 59.398391812610278 ], [ 24.632364326917777, 59.398551765226742 ], [ 24.637033593752061, 59.39474633296242 ], [ 24.632906453076728, 59.390781414018456 ] ] ] } },
{ "type": "Feature", "properties": { "from_id": "6", "population": 0.47941811641409865, "gravity_community": 1.6650279802784158, "gravity_education": 11.150520280713712, "gravity_essential_services": 2.919582989494919, "gravity_food_and_drink": 19.12142439403733, "gravity_healthcare": 6.7202971337715454, "gravity_shelter": 32.20869637327052, "avg_gravity": 12.297591525261074, "min_tt_community": 18.0, "min_tt_education": 17.0, "min_tt_essential_services": 14.0, "min_tt_food_and_drink": 12.0, "min_tt_healthcare": 14.0, "min_tt_shelter": 6.0, "avg_tt_community": 21.333333333333332, "avg_tt_education": 21.2, "avg_tt_essential_services": 19.6, "avg_tt_food_and_drink": 19.848484848484848, "avg_tt_healthcare": 21.083333333333332, "avg_tt_shelter": 18.962962962962962, "avg_tt_all": 20.338019079685747, "n_unreachable_categories": 0, "count_community": 3.0, "count_education": 20.0, "count_essential_services": 5.0, "count_food_and_drink": 33.0, "count_healthcare": 12.0, "count_shelter": 54.0, "gravity_community_per_100": 347.30184848505883, "gravity_education_per_100": 2325.8445809507998, "gravity_essential_services_per_100": 608.984702399757, "gravity_food_and_drink_per_100": 3988.4651287397637, "gravity_healthcare_per_100": 1401.7611983538127, "gravity_shelter_per_100": 6718.2893742484639, "shannon": 1.4436639396419744, "kl_divergence": 0.1679051623633569, "jsd": 0.20234368384373896, "city_similarity": 0.79765631615626109 }, "geometry": { "type": "Polygon", "coordinates": [ [ [ 24.645830001082011, 59.394905372140776 ], [ 24.637033593752061, 59.39474633296242 ], [ 24.632364326917777, 59.398551765226742 ], [ 24.63649232690647, 59.402516702548937 ], [ 24.645290744615284, 59.402675790705715 ], [ 24.649959151597034, 59.39886989255298 ], [ 24.645830001082011, 59.394905372140776 ] ] ] } },
{ "type": "Feature", "properties": { "from_id": "7", "population": 0.83005181680422657, "gravity_community": 0.0, "gravity_education": 0.0, "gravity_essential_services": 0.0, "gravity_food_and_drink": 2.1051632347392131, "gravity_healthcare": 0.51437639269832958, "gravity_shelter": 3.2821889711209704, "avg_gravity": 0.98362143309308558, "min_tt_community": null, "min_tt_education": null, "min_tt_essential_services": null, "min_tt_food_and_drink": 19.0, "min_tt_healthcare": 24.0, "min_tt_shelter": 12.0, "avg_tt_community": null, "avg_tt_education": null, "avg_tt_essential_services": null, "avg_tt_food_and_drink": 21.5, "avg_tt_healthcare": 24.0, "avg_tt_shelter": 15.4, "avg_tt_all": 20.3, "n_unreachable_categories": 3, "count_community": 0.0, "count_education": 0.0, "count_essential_services": 0.0, "count_food_and_drink": 3.0, "count_healthcare": 1.0, "count_shelter": 5.0, "gravity_community_per_100": 0.0, "gravity_education_per_100": 0.0, "gravity_essential_services_per_100": 0.0, "gravity_food_and_drink_per_100": 253.61829130671373, "gravity_healthcare_per_100": 61.969190631823992, "gravity_shelter_per_100": 395.41976834141394, "shannon": 0.93688831453513344, "kl_divergence": 0.42746503188588192, "jsd": 0.34673395551932867, "city_similarity": 0.65326604448067127 }, "geometry": { "type": "Polygon", "coordinates": [ [ [ 24.619441070554732, 59.39442647697863 ], [ 24.610644955406009, 59.394265660199594 ], [ 24.60597282017812, 59.398070129536748 ], [ 24.610097657864237, 59.402035881758721 ], [ 24.618895783171347, 59.40219674806221 ], [ 24.623567060274524, 59.398391812610278 ], [ 24.619441070554732, 59.39442647697863 ] ] ] } },
{ "type": "Feature", "properties": { "from_id": "8", "population": 1398.5307685913203, "gravity_community": 0.0, "gravity_education": 2.2634095990795351, "gravity_essential_services": 2.0864003683613133, "gravity_food_and_drink": 4.7942589345419719, "gravity_healthcare": 3.2838179497915574, "gravity_shelter": 6.4900878912769988, "avg_gravity": 3.1529957905085628, "min_tt_community": null, "min_tt_education": 15.0, "min_tt_essential_services": 23.0, "min_tt_food_and_drink": 19.0, "min_tt_healthcare": 17.0, "min_tt_shelter": 8.0, "avg_tt_community": null, "avg_tt_education": 20.75, "avg_tt_essential_services": 23.5, "avg_tt_food_and_drink": 22.142857142857142, "avg_tt_healthcare": 21.833333333333332, "avg_tt_shelter": 19.454545454545453, "avg_tt_all": 21.536147186147183, "n_unreachable_categories": 1, "count_community": 0.0, "count_education": 4.0, "count_essential_services": 4.0, "count_food_and_drink": 8.0, "count_healthcare": 6.0, "count_shelter": 11.0, "gravity_community_per_100": 0.0, "gravity_education_per_100": 0.16184195942713295, "gravity_essential_services_per_100": 0.1491851602566352, "gravity_food_and_drink_per_100": 0.34280682572118326, "gravity_healthcare_per_100": 0.23480484116192921, "gravity_shelter_per_100": 0.46406471970682378, "shannon": 1.5312562902177498, "kl_divergence": 0.15210257176210362, "jsd": 0.20375998862058969, "city_similarity": 0.79624001137941036 }, "geometry": { "type": "Polygon", "coordinates": [ [ [ 24.632364326917777, 59.398551765226742 ], [ 24.623567060274524, 59.398391812610278 ], [ 24.618895783171347, 59.40219674806221 ], [ 24.623022631555063, 59.406162102197143 ], [ 24.631821909006536, 59.406322104076331 ], [ 24.63649232690647, 59.402516702548937 ], [ 24.632364326917777, 59.398551765226742 ] ] ] } },
{ "type": "Feature", "properties": { "from_id": "9", "population": 89.079466925678815, "gravity_community": 3.0449076483570354, "gravity_education": 17.069392261127764, "gravity_essential_services": 9.0979050393562915, "gravity_food_and_drink": 20.380011591783411, "gravity_healthcare": 12.748395502958351, "gravity_shelter": 34.291082754754768, "avg_gravity": 16.105282466389607, "min_tt_community": 14.0, "min_tt_education": 7.0, "min_tt_essential_services": 12.0, "min_tt_food_and_drink": 6.0, "min_tt_healthcare": 5.0, "min_tt_shelter": 12.0, "avg_tt_community": 18.0, "avg_tt_education": 18.321428571428573, "avg_tt_essential_services": 18.266666666666666, "avg_tt_food_and_drink": 19.454545454545453, "avg_tt_healthcare": 18.428571428571427, "avg_tt_shelter": 19.779661016949152, "avg_tt_all": 18.708478856360212, "n_unreachable_categories": 0, "count_community": 5.0, "count_education": 28.0, "count_essential_services": 15.0, "count_food_and_drink": 34.0, "count_healthcare": 21.0, "count_shelter": 59.0, "gravity_community_per_100": 3.4181924897434297, "gravity_education_per_100": 19.161982946495602, "gravity_essential_services_per_100": 10.213245940219757, "gravity_food_and_drink_per_100": 22.878461552522484, "gravity_healthcare_per_100": 14.311261554354216, "gravity_shelter_per_100": 38.494934846618087, "shannon": 1.5914506131194011, "kl_divergence": 0.1552459635687358, "jsd": 0.19950351742191055, "city_similarity": 0.80049648257808947 }, "geometry": { "type": "Polygon", "coordinates": [ [ [ 24.645290744615284, 59.402675790705715 ], [ 24.63649232690647, 59.402516702548937 ], [ 24.631821909006536, 59.406322104076331 ], [ 24.635950768737953, 59.410287059787528 ], [ 24.644751197904547, 59.410446196945124 ], [ 24.649420755522176, 59.406640329381837 ], [ 24.645290744615284, 59.402675790705715 ] ] ] } },
{ "type": "Feature", "properties": { "from_id": "10", "population": 577.75120540774981, "gravity_community": 2.3541899571983493, "gravity_education": 9.4520415739531742, "gravity_essential_services": 5.2991839668930547, "gravity_food_and_drink": 12.294650066100521, "gravity_healthcare": 7.6019743437730165, "gravity_shelter": 15.383880761793032, "avg_gravity": 8.7309867782851907, "min_tt_community": 16.0, "min_tt_education": 14.0, "min_tt_essential_services": 15.0, "min_tt_food_and_drink": 2.0, "min_tt_healthcare": 9.0, "min_tt_shelter": 9.0, "avg_tt_community": 19.25, "avg_tt_education": 21.294117647058822, "avg_tt_essential_services": 19.222222222222221, "avg_tt_food_and_drink": 19.210526315789473, "avg_tt_healthcare": 19.615384615384617, "avg_tt_shelter": 17.88, "avg_tt_all": 19.412041800075855, "n_unreachable_categories": 0, "count_community": 4.0, "count_education": 17.0, "count_essential_services": 9.0, "count_food_and_drink": 20.0, "count_healthcare": 13.0, "count_shelter": 25.0, "gravity_community_per_100": 0.40747469415262788, "gravity_education_per_100": 1.6360055133562836, "gravity_essential_services_per_100": 0.91720863882112336, "gravity_food_and_drink_per_100": 2.128018072662182, "gravity_healthcare_per_100": 1.3157868426095101, "gravity_shelter_per_100": 2.6627172073030652, "shannon": 1.6680674033490019, "kl_divergence": 0.1297017332038557, "jsd": 0.18194804585430399, "city_similarity": 0.81805195414569598 }, "geometry": { "type": "Polygon", "coordinates": [ [ [ 24.61835020230744, 59.409967006752844 ], [ 24.623022631555063, 59.406162102197143 ], [ 24.618895783171347, 59.40219674806221 ], [ 24.610097657864237, 59.402035881758721 ], [ 24.609594014159878, 59.402445938651653 ], [ 24.610038757324219, 59.402809143066406 ], [ 24.610296249389648, 59.402996063232429 ], [ 24.610614776611328, 59.403171539306648 ], [ 24.611637115478516, 59.40367889404299 ], [ 24.61227989196777, 59.404010772705099 ], [ 24.615636825561523, 59.40575027465821 ], [ 24.617557525634762, 59.406707763671889 ], [ 24.618610382080082, 59.40704345703125 ], [ 24.619220733642578, 59.407238006591818 ], [ 24.618843078613281, 59.407432556152344 ], [ 24.618169784545898, 59.407779693603501 ], [ 24.617343902587891, 59.408351898193359 ], [ 24.617046356201172, 59.408546447753906 ], [ 24.616870880126957, 59.408638000488267 ], [ 24.616582870483398, 59.40873718261718 ], [ 24.616056442260742, 59.408863067626953 ], [ 24.615438461303711, 59.409023284912102 ], [ 24.614603042602543, 59.409259796142571 ], [ 24.61351203918457, 59.409584045410156 ], [ 24.61272700671514, 59.409864251790381 ], [ 24.61835020230744, 59.409967006752844 ] ] ] } },
{ "type": "Feature", "properties": { "from_id": "11", "population": 3354.8099955803104, "gravity_community": 3.0494090417808728, "gravity_education": 14.481987949698144, "gravity_essential_services": 8.3913827808165653, "gravity_food_and_drink": 19.601405035558393, "gravity_healthcare": 12.862785799517431, "gravity_shelter": 29.348747843429358, "avg_gravity": 14.622619741800127, "min_tt_community": 14.0, "min_tt_education": 12.0, "min_tt_essential_services": 12.0, "min_tt_food_and_drink": 11.0, "min_tt_healthcare": 12.0, "min_tt_shelter": 3.0, "avg_tt_community": 18.0, "avg_tt_education": 19.88, "avg_tt_essential_services": 18.714285714285715, "avg_tt_food_and_drink": 19.75, "avg_tt_healthcare": 19.59090909090909, "avg_tt_shelter": 18.897959183673468, "avg_tt_all": 19.138858998144713, "n_unreachable_categories": 0, "count_community": 5.0, "count_education": 25.0, "count_essential_services": 14.0, "count_food_and_drink": 33.0, "count_healthcare": 22.0, "count_shelter": 49.0, "gravity_community_per_100": 0.090896624422790603, "gravity_education_per_100": 0.43167833554737783, "gravity_essential_services_per_100": 0.25012989683086462, "gravity_food_and_drink_per_100": 0.58427765093646589, "gravity_healthcare_per_100": 0.38341324296944107, "gravity_shelter_per_100": 0.87482593297664979, "shannon": 1.621855747961102, "kl_divergence": 0.13198897994242023, "jsd": 0.18443645921067819, "city_similarity": 0.81556354078932181 }, "geometry": { "type": "Polygon", "coordinates": [ [ [ 24.631821909006536, 59.406322104076331 ], [ 24.623022631555063, 59.406162102197143 ], [ 24.61835020230744, 59.409967006752844 ], [ 24.622477909783925, 59.413932379401849 ], [ 24.631279199122829, 59.414092430566285 ], [ 24.635950768737953, 59.410287059787528 ], [ 24.631821909006536, 59.406322104076331 ] ] ] } },
{ "type": "Feature", "properties": { "from_id": "12", "population": 160.68107513807254, "gravity_community": 4.3489120297195507, "gravity_education": 21.03517673487427, "gravity_essential_services": 20.349474932827693, "gravity_food_and_drink": 49.62607269594524, "gravity_healthcare": 24.875535053351065, "gravity_shelter": 56.982222001682509, "avg_gravity": 29.536232241400057, "min_tt_community": 3.0, "min_tt_education": 4.0, "min_tt_essential_services": 2.0, "min_tt_food_and_drink": 7.0, "min_tt_healthcare": 2.0, "min_tt_shelter": 5.0, "avg_tt_community": 12.333333333333334, "avg_tt_education": 15.65625, "avg_tt_essential_services": 16.3, "avg_tt_food_and_drink": 18.439024390243901, "avg_tt_healthcare": 17.6, "avg_tt_shelter": 18.425531914893618, "avg_tt_all": 16.459023273078476, "n_unreachable_categories": 0, "count_community": 6.0, "count_education": 32.0, "count_essential_services": 31.0, "count_food_and_drink": 82.0, "count_healthcare": 40.0, "count_shelter": 94.0, "gravity_community_per_100": 2.7065489983699385, "gravity_education_per_100": 13.091259637638617, "gravity_essential_services_per_100": 12.66451255404003, "gravity_food_and_drink_per_100": 30.884827384495512, "gravity_healthcare_per_100": 15.48130981322824, "gravity_shelter_per_100": 35.462932988665862, "shannon": 1.5679854089355074, "kl_divergence": 0.074563734649523206, "jsd": 0.13708077798032334, "city_similarity": 0.86291922201967663 }, "geometry": { "type": "Polygon", "coordinates": [ [ [ 24.644751197904547, 59.410446196945124 ], [ 24.635950768737953, 59.410287059787528 ], [ 24.631279199122829, 59.414092430566285 ], [ 24.635408919026617, 59.418057404677256 ], [ 24.644211360730711, 59.418216590858108 ], [ 24.648882069633473, 59.414410753895822 ], [ 24.644751197904547, 59.410446196945124 ] ] ] } },
{ "type": "Feature", "properties": { "from_id": "13", "population": 705.71940467367892, "gravity_community": 0.62444001929124437, "gravity_education": 2.0403326031709672, "gravity_essential_services": 0.0, "gravity_food_and_drink": 0.55894734793711187, "gravity_healthcare": 0.5436769774186645, "gravity_shelter": 0.7793461344702759, "avg_gravity": 0.75779051371471073, "min_tt_community": 17.0, "min_tt_education": 11.0, "min_tt_essential_services": null, "min_tt_food_and_drink": 21.0, "min_tt_healthcare": 22.0, "min_tt_shelter": 9.0, "avg_tt_community": 17.0, "avg_tt_education": 14.0, "avg_tt_essential_services": null, "avg_tt_food_and_drink": 21.0, "avg_tt_healthcare": 22.0, "avg_tt_shelter": 9.0, "avg_tt_all": 16.6, "n_unreachable_categories": 1, "count_community": 1.0, "count_education": 3.0, "count_essential_services": 0.0, "count_food_and_drink": 1.0, "count_healthcare": 1.0, "count_shelter": 1.0, "gravity_community_per_100": 0.088482761725955691, "gravity_education_per_100": 0.28911385880262236, "gravity_essential_services_per_100": 0.0, "gravity_food_and_drink_per_100": 0.079202490995067126, "gravity_healthcare_per_100": 0.077038689005591104, "gravity_shelter_per_100": 0.11043286174490861, "shannon": 1.4750763137203742, "kl_divergence": 0.66280387401245799, "jsd": 0.39304265280673784, "city_similarity": 0.60695734719326211 }, "geometry": { "type": "Polygon", "coordinates": [ [ [ 24.609002178880761, 59.417576287629203 ], [ 24.617804327741503, 59.417737253049573 ], [ 24.622477909783925, 59.413932379401849 ], [ 24.61835020230744, 59.409967006752844 ], [ 24.61272700671514, 59.409864251790381 ], [ 24.612218856811523, 59.410045623779297 ], [ 24.610904693603516, 59.410541534423828 ], [ 24.610441207885742, 59.410770416259751 ], [ 24.610042572021484, 59.410995483398445 ], [ 24.609777450561523, 59.41119384765625 ], [ 24.609563827514648, 59.411392211914062 ], [ 24.609304428100589, 59.411701202392578 ], [ 24.60902214050293, 59.412082672119134 ], [ 24.608329772949219, 59.412441253662116 ], [ 24.608226776123047, 59.412532806396463 ], [ 24.608049392700195, 59.412567138671868 ], [ 24.607629776000977, 59.412563323974595 ], [ 24.605851040339797, 59.414548007372943 ], [ 24.609002178880761, 59.417576287629203 ] ] ] } },
{ "type": "Feature", "properties": { "from_id": "14", "population": 3232.4465875666183, "gravity_community": 1.8055476366684067, "gravity_education": 4.0594993115402929, "gravity_essential_services": 3.4060512282412496, "gravity_food_and_drink": 6.0171649108256569, "gravity_healthcare": 3.346198184932224, "gravity_shelter": 9.6809772478702509, "avg_gravity": 4.719239753346347, "min_tt_community": 18.0, "min_tt_education": 12.0, "min_tt_essential_services": 17.0, "min_tt_food_and_drink": 14.0, "min_tt_healthcare": 17.0, "min_tt_shelter": 11.0, "avg_tt_community": 18.333333333333332, "avg_tt_education": 19.857142857142858, "avg_tt_essential_services": 20.5, "avg_tt_food_and_drink": 21.90909090909091, "avg_tt_healthcare": 21.166666666666668, "avg_tt_shelter": 20.529411764705884, "avg_tt_all": 20.382607588489943, "n_unreachable_categories": 0, "count_community": 3.0, "count_education": 7.0, "count_essential_services": 6.0, "count_food_and_drink": 11.0, "count_healthcare": 6.0, "count_shelter": 17.0, "gravity_community_per_100": 0.055856998337213692, "gravity_education_per_100": 0.12558596720994172, "gravity_essential_services_per_100": 0.10537068860912936, "gravity_food_and_drink_per_100": 0.18614893542155544, "gravity_healthcare_per_100": 0.10351905574567399, "gravity_shelter_per_100": 0.29949380401543085, "shannon": 1.6528270781921262, "kl_divergence": 0.13392768041588859, "jsd": 0.18600141970762357, "city_similarity": 0.81399858029237637 }, "geometry": { "type": "Polygon", "coordinates": [ [ [ 24.631279199122829, 59.414092430566285 ], [ 24.622477909783925, 59.413932379401849 ], [ 24.617804327741503, 59.417737253049573 ], [ 24.621932894739885, 59.42170264422348 ], [ 24.630736197046232, 59.421862744695687 ], [ 24.635408919026617, 59.418057404677256 ], [ 24.631279199122829, 59.414092430566285 ] ] ] } },
{ "type": "Feature", "properties": { "from_id": "15", "population": 28.977525131734119, "gravity_community": 0.0, "gravity_education": 1.214760794627523, "gravity_essential_services": 0.51437639269832958, "gravity_food_and_drink": 2.0593911257957482, "gravity_healthcare": 0.69760656192668935, "gravity_shelter": 3.1820931397313825, "avg_gravity": 1.2780380024632789, "min_tt_community": null, "min_tt_education": 18.0, "min_tt_essential_services": 24.0, "min_tt_food_and_drink": 11.0, "min_tt_healthcare": 13.0, "min_tt_shelter": 11.0, "avg_tt_community": null, "avg_tt_education": 18.0, "avg_tt_essential_services": 24.0, "avg_tt_food_and_drink": 13.666666666666666, "avg_tt_healthcare": 13.0, "avg_tt_shelter": 16.6, "avg_tt_all": 17.053333333333331, "n_unreachable_categories": 1, "count_community": 0.0, "count_education": 2.0, "count_essential_services": 1.0, "count_food_and_drink": 3.0, "count_healthcare": 1.0, "count_shelter": 5.0, "gravity_community_per_100": 0.0, "gravity_education_per_100": 4.1920791686147263, "gravity_essential_services_per_100": 1.7750873836186281, "gravity_food_and_drink_per_100": 7.10685649113785, "gravity_healthcare_per_100": 2.4074055971147112, "gravity_shelter_per_100": 10.981245379877459, "shannon": 1.4241299200516919, "kl_divergence": 0.18817014533857612, "jsd": 0.22102903522406864, "city_similarity": 0.77897096477593131 }, "geometry": { "type": "Polygon", "coordinates": [ [ [ 24.563317271422569, 59.440072328237399 ], [ 24.568000065232081, 59.436269478139465 ], [ 24.567642932826583, 59.435925973437982 ], [ 24.566568374633789, 59.435581207275398 ], [ 24.566520690917969, 59.435615539550767 ], [ 24.56495475769043, 59.434879302978501 ], [ 24.562356948852539, 59.432727813720703 ], [ 24.56186676025391, 59.432968139648423 ], [ 24.56065559387207, 59.433559417724595 ], [ 24.560308456420898, 59.43372726440429 ], [ 24.559745788574222, 59.434001922607429 ], [ 24.559576034545898, 59.434085845947266 ], [ 24.558809280395508, 59.43445968627929 ], [ 24.558382034301758, 59.434669494628906 ], [ 24.555540084838867, 59.436069488525398 ], [ 24.552221712049302, 59.437706008923129 ], [ 24.554031743510741, 59.439447778254127 ], [ 24.554046630859375, 59.439456939697251 ], [ 24.554080963134766, 59.439476013183594 ], [ 24.554101943969727, 59.439483642578118 ], [ 24.554180145263675, 59.439472198486321 ], [ 24.554241180419922, 59.439464569091797 ], [ 24.554309844970703, 59.439460754394524 ], [ 24.554401397705078, 59.439453124999979 ], [ 24.554464340209961, 59.439456939697266 ], [ 24.554508209228516, 59.439468383789077 ], [ 24.55455207824707, 59.439491271972656 ], [ 24.554590225219727, 59.439502716064439 ], [ 24.55461311340332, 59.439506530761712 ], [ 24.554697036743164, 59.439510345458991 ], [ 24.554941177368164, 59.439476013183594 ], [ 24.554983139038086, 59.439460754394553 ], [ 24.554985046386722, 59.439453125 ], [ 24.554977416992188, 59.439445495605469 ], [ 24.554925918579105, 59.439422607421861 ], [ 24.554912567138672, 59.439399719238267 ], [ 24.554910659790043, 59.43938827514647 ], [ 24.554914474487305, 59.439384460449219 ], [ 24.554916381835938, 59.439380645751967 ], [ 24.554922103881836, 59.43938064575196 ], [ 24.554931640625, 59.439373016357408 ], [ 24.554958343505863, 59.439357757568352 ], [ 24.554983139038086, 59.439350128173828 ], [ 24.555025100708008, 59.439350128173828 ], [ 24.555047988891602, 59.439350128173828 ], [ 24.555089950561523, 59.439361572265625 ], [ 24.55512809753418, 59.43937683105468 ], [ 24.555173873901367, 59.439399719238267 ], [ 24.555210113525391, 59.439426422119134 ], [ 24.555233001708984, 59.439449310302741 ], [ 24.555244445800781, 59.439468383789048 ], [ 24.555286407470707, 59.439525604248033 ], [ 24.555313110351566, 59.439544677734368 ], [ 24.555343627929688, 59.439559936523438 ], [ 24.555349349975586, 59.439567565917976 ], [ 24.555381774902344, 59.4395751953125 ], [ 24.555419921875, 59.439594268798821 ], [ 24.555446624755859, 59.439601898193366 ], [ 24.555469512939453, 59.439598083496065 ], [ 24.55549430847168, 59.439582824707031 ], [ 24.555526733398438, 59.439571380615234 ], [ 24.555543899536133, 59.439575195312514 ], [ 24.555553436279297, 59.439609527587876 ], [ 24.555572509765625, 59.439624786376946 ], [ 24.555601119995117, 59.439659118652344 ], [ 24.55561447143555, 59.439701080322266 ], [ 24.55561637878418, 59.439735412597663 ], [ 24.555624008178711, 59.439750671386719 ], [ 24.55561447143555, 59.439777374267578 ], [ 24.555580139160156, 59.439800262451172 ], [ 24.555578231811523, 59.439834594726562 ], [ 24.555593490600586, 59.439857482910156 ], [ 24.555604934692383, 59.439868927001953 ], [ 24.555627822875977, 59.439884185791009 ], [ 24.555652618408203, 59.439895629882812 ], [ 24.555698394775391, 59.439899444580085 ], [ 24.555763244628906, 59.439903259277344 ], [ 24.555807113647461, 59.439907073974609 ], [ 24.555820465087891, 59.439899444580085 ], [ 24.55582427978516, 59.439884185791009 ], [ 24.5557861328125, 59.439861297607415 ], [ 24.555788040161133, 59.439842224121094 ], [ 24.555866241455078, 59.439838409423821 ], [ 24.555908203125, 59.439868927001953 ], [ 24.555957794189453, 59.439872741699212 ], [ 24.555997848510742, 59.439868927001953 ], [ 24.556028366088867, 59.439861297607415 ], [ 24.556051254272461, 59.439849853515618 ], [ 24.556062698364258, 59.439811706542969 ], [ 24.556055068969727, 59.439792633056648 ], [ 24.556060791015629, 59.439773559570298 ], [ 24.556072235107422, 59.439754486083977 ], [ 24.556110382080078, 59.439731597900398 ], [ 24.556116104125977, 59.439723968505859 ], [ 24.556100845336914, 59.439693450927734 ], [ 24.556079864501953, 59.439674377441399 ], [ 24.556045532226562, 59.439655303955064 ], [ 24.556015014648438, 59.439643859863267 ], [ 24.555976867675781, 59.439636230468736 ], [ 24.555953979492188, 59.439628601074212 ], [ 24.555919647216797, 59.439620971679688 ], [ 24.555906295776367, 59.439601898193366 ], [ 24.555891036987305, 59.43959045410157 ], [ 24.555866241455078, 59.439579010009773 ], [ 24.555797576904297, 59.439563751220703 ], [ 24.5557861328125, 59.439544677734382 ], [ 24.555791854858402, 59.439525604248047 ], [ 24.555837631225586, 59.439529418945305 ], [ 24.555896759033203, 59.439548492431641 ], [ 24.555940628051761, 59.439567565917962 ], [ 24.555984497070312, 59.439582824707031 ], [ 24.555999755859379, 59.439605712890618 ], [ 24.55601692199707, 59.439620971679688 ], [ 24.556049346923828, 59.439620971679688 ], [ 24.556140899658203, 59.439624786376946 ], [ 24.556169509887695, 59.439624786376946 ], [ 24.556221008300781, 59.43959808349608 ], [ 24.556259155273438, 59.439582824707031 ], [ 24.556346893310543, 59.439598083496108 ], [ 24.556371688842773, 59.439624786376939 ], [ 24.556442260742188, 59.43968582153321 ], [ 24.556459426879883, 59.439704895019531 ], [ 24.556484222412109, 59.439720153808601 ], [ 24.556529998779297, 59.439735412597663 ], [ 24.556562423706055, 59.439743041992159 ], [ 24.556661605834961, 59.439739227294908 ], [ 24.556707382202148, 59.439731597900384 ], [ 24.556743621826172, 59.439727783203139 ], [ 24.556768417358398, 59.439723968505859 ], [ 24.556812286376953, 59.439723968505859 ], [ 24.556842803955078, 59.439727783203125 ], [ 24.556856155395511, 59.439731597900376 ], [ 24.556875228881836, 59.43974304199218 ], [ 24.556886672973629, 59.43976211547853 ], [ 24.556886672973633, 59.439777374267578 ], [ 24.556901931762695, 59.439804077148459 ], [ 24.556955337524414, 59.439868927001939 ], [ 24.556955337524414, 59.439884185791009 ], [ 24.556961059570312, 59.439899444580085 ], [ 24.556970596313477, 59.439907073974616 ], [ 24.556980133056641, 59.439910888671868 ], [ 24.55699348449707, 59.439918518066406 ], [ 24.55702018737793, 59.439918518066413 ], [ 24.557043075561523, 59.439918518066406 ], [ 24.557090759277344, 59.439922332763679 ], [ 24.557128906250004, 59.439929962158189 ], [ 24.557248364037392, 59.439958921626065 ], [ 24.563317271422569, 59.440072328237399 ] ] ] } },
{ "type": "Feature", "properties": { "from_id": "16", "population": 279.2136628797474, "gravity_community": 0.0, "gravity_education": 0.5436769774186645, "gravity_essential_services": 0.0, "gravity_food_and_drink": 2.763735588499757, "gravity_healthcare": 0.60738039731376148, "gravity_shelter": 2.3397425584143514, "avg_gravity": 1.042422586941089, "min_tt_community": null, "min_tt_education": 22.0, "min_tt_essential_services": null, "min_tt_food_and_drink": 16.0, "min_tt_healthcare": 18.0, "min_tt_shelter": 16.0, "avg_tt_community": null, "avg_tt_education": 22.0, "avg_tt_essential_services": null, "avg_tt_food_and_drink": 19.333333333333332, "avg_tt_healthcare": 18.0, "avg_tt_shelter": 19.5, "avg_tt_all": 19.708333333333332, "n_unreachable_categories": 2, "count_community": 0.0, "count_education": 1.0, "count_essential_services": 0.0, "count_food_and_drink": 4.0, "count_healthcare": 1.0, "count_shelter": 4.0, "gravity_community_per_100": 0.0, "gravity_education_per_100": 0.19471718246567932, "gravity_essential_services_per_100": 0.0, "gravity_food_and_drink_per_100": 0.98982820539482375, "gravity_healthcare_per_100": 0.21753247711783713, "gravity_shelter_per_100": 0.83797566862694639, "shannon": 1.1935496089470785, "kl_divergence": 0.18926043621683525, "jsd": 0.23902929075280951, "city_similarity": 0.76097070924719046 }, "geometry": { "type": "MultiPolygon", "coordinates": [ [ [ [ 24.552221712049302, 59.437706008923129 ], [ 24.551773071289062, 59.43792724609375 ], [ 24.551464080810547, 59.438076019287102 ], [ 24.550664901733398, 59.438591003417983 ], [ 24.550266265869141, 59.438819885253892 ], [ 24.550544664315709, 59.438992289806762 ], [ 24.550577163696289, 59.438980102539062 ], [ 24.550628662109375, 59.438972473144517 ], [ 24.550666809082031, 59.438972473144531 ], [ 24.550689697265625, 59.438983917236328 ], [ 24.550725936889648, 59.438991546630852 ], [ 24.550758361816406, 59.43901062011718 ], [ 24.550783157348633, 59.439018249511719 ], [ 24.550825119018555, 59.439025878906257 ], [ 24.550870895385742, 59.439022064208977 ], [ 24.550926208496094, 59.43901062011718 ], [ 24.550962448120117, 59.439010620117195 ], [ 24.551013946533203, 59.439006805419922 ], [ 24.551084518432617, 59.439002990722656 ], [ 24.551216125488281, 59.439010620117166 ], [ 24.551239013671875, 59.43901443481446 ], [ 24.551280975341797, 59.439033508300774 ], [ 24.551292419433594, 59.439033508300788 ], [ 24.551309585571289, 59.439044952392571 ], [ 24.55133056640625, 59.439064025878892 ], [ 24.551362991333008, 59.439109802246087 ], [ 24.551383972167969, 59.439132690429688 ], [ 24.551401138305664, 59.439159393310547 ], [ 24.551420211791992, 59.439174652099609 ], [ 24.55145263671875, 59.439186096191406 ], [ 24.5515022277832, 59.439201354980476 ], [ 24.551536560058594, 59.439201354980476 ], [ 24.551551818847656, 59.439197540283203 ], [ 24.551599502563477, 59.439178466796882 ], [ 24.551609039306641, 59.439159393310547 ], [ 24.551593780517578, 59.439140319824205 ], [ 24.551565170288086, 59.439113616943359 ], [ 24.551462173461914, 59.439060211181634 ], [ 24.551414489746094, 59.439025878906243 ], [ 24.551427841186523, 59.438987731933601 ], [ 24.551483154296879, 59.438991546630859 ], [ 24.551542282104496, 59.43901443481446 ], [ 24.551578521728516, 59.439033508300774 ], [ 24.55162239074707, 59.439067840576172 ], [ 24.551654815673828, 59.4390869140625 ], [ 24.551713943481445, 59.439105987548835 ], [ 24.551788330078125, 59.439109802246094 ], [ 24.551841735839844, 59.439109802246094 ], [ 24.551937103271484, 59.439109802246108 ], [ 24.551973342895508, 59.439128875732415 ], [ 24.551984786987305, 59.439144134521477 ], [ 24.551990509033203, 59.439163208007805 ], [ 24.551992416381839, 59.439189910888679 ], [ 24.551994323730472, 59.439201354980476 ], [ 24.551988601684574, 59.43922424316407 ], [ 24.552001953125, 59.439243316650391 ], [ 24.552021026611332, 59.439250946044922 ], [ 24.552112579345707, 59.43926620483397 ], [ 24.552183151245117, 59.439270019531243 ], [ 24.552249908447266, 59.439304351806641 ], [ 24.552278518676758, 59.439311981201158 ], [ 24.552360534667969, 59.439311981201172 ], [ 24.552396774291992, 59.439308166503913 ], [ 24.552452087402344, 59.439304351806626 ], [ 24.552513122558594, 59.439300537109361 ], [ 24.552547454833984, 59.439289093017564 ], [ 24.552608489990234, 59.439243316650391 ], [ 24.552621841430664, 59.439228057861328 ], [ 24.552618026733402, 59.439197540283189 ], [ 24.55265045166016, 59.439197540283203 ], [ 24.552671432495117, 59.439212799072273 ], [ 24.552692413330078, 59.439258575439446 ], [ 24.552719116210938, 59.439266204833984 ], [ 24.552745819091797, 59.43929290771483 ], [ 24.552745819091797, 59.439304351806626 ], [ 24.552734375, 59.439334869384759 ], [ 24.552734375, 59.439353942871101 ], [ 24.552753448486328, 59.439361572265625 ], [ 24.552793502807617, 59.439365386962884 ], [ 24.552860260009769, 59.439361572265611 ], [ 24.553058624267578, 59.439361572265625 ], [ 24.55311393737793, 59.43938064575196 ], [ 24.553157806396484, 59.439392089843757 ], [ 24.553195953369141, 59.439399719238267 ], [ 24.553277969360352, 59.439403533935554 ], [ 24.553321838378906, 59.439414978027337 ], [ 24.553359985351562, 59.439411163330064 ], [ 24.553403854370117, 59.439414978027351 ], [ 24.553436279296875, 59.439414978027351 ], [ 24.553474426269531, 59.439407348632798 ], [ 24.553503036499023, 59.439392089843757 ], [ 24.553510665893555, 59.439388275146491 ], [ 24.553499221801758, 59.43938064575196 ], [ 24.553522109985352, 59.43938064575196 ], [ 24.553586959838867, 59.439418792724609 ], [ 24.553628921508789, 59.439430236816392 ], [ 24.553684234619144, 59.439437866210916 ], [ 24.5538330078125, 59.439422607421875 ], [ 24.553890228271488, 59.439411163330064 ], [ 24.553932189941406, 59.439399719238267 ], [ 24.553960800170898, 59.439403533935554 ], [ 24.553976058959961, 59.439414978027351 ], [ 24.554021835327148, 59.439441680908189 ], [ 24.554031743510741, 59.439447778254127 ], [ 24.552221712049302, 59.437706008923129 ] ] ], [ [ [ 24.550334930419922, 59.438987731933587 ], [ 24.550363540649414, 59.439006805419908 ], [ 24.550413131713867, 59.439014434814446 ], [ 24.550442206965084, 59.43901443481446 ], [ 24.550266265869141, 59.438819885253892 ], [ 24.55025672912598, 59.438827514648438 ], [ 24.550214767456055, 59.438865661621094 ], [ 24.55018424987793, 59.438903808593743 ], [ 24.5501708984375, 59.438926696777337 ], [ 24.550193786621094, 59.438945770263672 ], [ 24.550271987915039, 59.438957214355469 ], [ 24.550302505493164, 59.438968658447266 ], [ 24.550334930419922, 59.438987731933587 ] ] ] ] } },
{ "type": "Feature", "properties": { "from_id": "17", "population": 860.03376906429366, "gravity_community": 0.0, "gravity_education": 1.0807399621132618, "gravity_essential_services": 0.0, "gravity_food_and_drink": 1.7427636172993748, "gravity_healthcare": 0.55894734793711187, "gravity_shelter": 2.3479014293326408, "avg_gravity": 0.95505872611373155, "min_tt_community": null, "min_tt_education": 18.0, "min_tt_essential_services": null, "min_tt_food_and_drink": 17.0, "min_tt_healthcare": 21.0, "min_tt_shelter": 18.0, "avg_tt_community": null, "avg_tt_education": 22.5, "avg_tt_essential_services": null, "avg_tt_food_and_drink": 19.666666666666668, "avg_tt_healthcare": 21.0, "avg_tt_shelter": 19.25, "avg_tt_all": 20.604166666666668, "n_unreachable_categories": 2, "count_community": 0.0, "count_education": 2.0, "count_essential_services": 0.0, "count_food_and_drink": 3.0, "count_healthcare": 1.0, "count_shelter": 4.0, "gravity_community_per_100": 0.0, "gravity_education_per_100": 0.12566250314671876, "gravity_essential_services_per_100": 0.0, "gravity_food_and_drink_per_100": 0.20263897535040751, "gravity_healthcare_per_100": 0.064991325694715427, "gravity_shelter_per_100": 0.27300107435166515, "shannon": 1.2798542306420664, "kl_divergence": 0.25755223434973712, "jsd": 0.27108274627975143, "city_similarity": 0.72891725372024863 }, "geometry": { "type": "Polygon", "coordinates": [ [ [ 24.563317271422569, 59.440072328237399 ], [ 24.557248364037392, 59.439958921626065 ], [ 24.557254791259766, 59.439960479736342 ], [ 24.557313919067383, 59.43999862670897 ], [ 24.5576171875, 59.440048217773423 ], [ 24.557775497436523, 59.44007492065429 ], [ 24.557863235473633, 59.440078735351577 ], [ 24.557901382446289, 59.440063476562507 ], [ 24.557926177978516, 59.440052032470696 ], [ 24.557943344116211, 59.440048217773438 ], [ 24.557973861694336, 59.440048217773423 ], [ 24.558017730712891, 59.44005203247071 ], [ 24.558061599731445, 59.440059661865234 ], [ 24.558084487915039, 59.440074920654304 ], [ 24.558094024658207, 59.440090179443359 ], [ 24.558084487915039, 59.44010925292968 ], [ 24.558059692382812, 59.440128326416016 ], [ 24.558059692382812, 59.440151214599624 ], [ 24.558080673217773, 59.440174102783203 ], [ 24.558109283447262, 59.440200805664062 ], [ 24.558269500732425, 59.440311431884744 ], [ 24.558290481567383, 59.44033050537108 ], [ 24.55830001831055, 59.440349578857415 ], [ 24.558307647705078, 59.44039154052733 ], [ 24.558326721191406, 59.440418243408196 ], [ 24.558355331420898, 59.440433502197259 ], [ 24.558380126953125, 59.440437316894517 ], [ 24.558435440063477, 59.440429687500007 ], [ 24.558448791503906, 59.440425872802734 ], [ 24.558525085449219, 59.44041824340821 ], [ 24.558677673339844, 59.440464019775384 ], [ 24.558692932128906, 59.440471649169922 ], [ 24.558725357055664, 59.440498352050781 ], [ 24.558761596679691, 59.440505981445298 ], [ 24.558794021606445, 59.440517425537109 ], [ 24.558820724487305, 59.440528869628906 ], [ 24.558830261230469, 59.440547943115241 ], [ 24.558822631835938, 59.440559387207038 ], [ 24.558797836303711, 59.440567016601562 ], [ 24.558792114257812, 59.440578460693359 ], [ 24.558795928955078, 59.440586090087905 ], [ 24.558816909790039, 59.440608978271499 ], [ 24.558837890625004, 59.440624237060533 ], [ 24.558860778808594, 59.440639495849595 ], [ 24.558872222900391, 59.440639495849609 ], [ 24.558910369873047, 59.440654754638679 ], [ 24.558921813964844, 59.440662384033203 ], [ 24.558942794799805, 59.440666198730476 ], [ 24.55899810791016, 59.440666198730462 ], [ 24.559024810791019, 59.44065856933593 ], [ 24.55909538269043, 59.440662384033203 ], [ 24.559112548828125, 59.440658569335938 ], [ 24.559135437011719, 59.440658569335938 ], [ 24.55915641784668, 59.440662384033203 ], [ 24.55919075012207, 59.440673828125 ], [ 24.559259414672852, 59.440692901611335 ], [ 24.559299468994141, 59.440700531005852 ], [ 24.559333801269531, 59.440696716308594 ], [ 24.559350967407227, 59.440692901611335 ], [ 24.559371948242188, 59.440692901611335 ], [ 24.559413909912109, 59.440700531005866 ], [ 24.559465408325195, 59.440715789794915 ], [ 24.559490203857422, 59.440723419189439 ], [ 24.559539794921875, 59.440742492675781 ], [ 24.559562683105472, 59.44075775146483 ], [ 24.559598922729492, 59.44078445434571 ], [ 24.559600830078125, 59.440788269042969 ], [ 24.559637069702148, 59.44081115722657 ], [ 24.559658050537109, 59.440830230712898 ], [ 24.559665679931641, 59.44084167480468 ], [ 24.559698104858398, 59.440872192382827 ], [ 24.559736251831055, 59.440868377685554 ], [ 24.559747695922852, 59.440868377685554 ], [ 24.559835433959961, 59.440856933593771 ], [ 24.559890747070316, 59.440860748291001 ], [ 24.559911727905273, 59.440864562988281 ], [ 24.559991836547852, 59.440887451171875 ], [ 24.560028076171875, 59.440891265869134 ], [ 24.560054779052734, 59.440898895263658 ], [ 24.560066223144531, 59.440906524658196 ], [ 24.560096740722656, 59.440929412841797 ], [ 24.560138702392578, 59.440944671630874 ], [ 24.560173034667969, 59.440959930419915 ], [ 24.560205459594727, 59.440971374511705 ], [ 24.560232162475586, 59.44097900390625 ], [ 24.560251235961918, 59.44097900390625 ], [ 24.560310363769535, 59.440990447998033 ], [ 24.560321807861328, 59.440998077392571 ], [ 24.560348510742188, 59.441017150878906 ], [ 24.56037521362305, 59.441032409667976 ], [ 24.5604248046875, 59.441062927246094 ], [ 24.560443878173828, 59.441070556640632 ], [ 24.560510635375977, 59.44109344482424 ], [ 24.56062126159668, 59.44112396240233 ], [ 24.560647964477539, 59.441127777099616 ], [ 24.560665130615234, 59.44111633300782 ], [ 24.560682296752933, 59.441116333007805 ], [ 24.560735702514648, 59.441154479980483 ], [ 24.560745239257812, 59.441181182861314 ], [ 24.56074333190918, 59.441188812255874 ], [ 24.56074333190918, 59.441211700439446 ], [ 24.560752868652344, 59.441226959228516 ], [ 24.560781478881836, 59.441242218017578 ], [ 24.560810089111328, 59.441249847412109 ], [ 24.560831069946289, 59.441261291503906 ], [ 24.560857772827148, 59.441265106201158 ], [ 24.560907363891605, 59.441272735595703 ], [ 24.560934066772461, 59.441265106201172 ], [ 24.560953140258789, 59.441253662109389 ], [ 24.560964584350586, 59.441238403320312 ], [ 24.560964584350586, 59.441223144531257 ], [ 24.560955047607422, 59.441204071044922 ], [ 24.560935974121097, 59.44118499755858 ], [ 24.560914993286136, 59.441173553466783 ], [ 24.560888290405273, 59.441162109374993 ], [ 24.560878753662109, 59.441154479980483 ], [ 24.560882568359375, 59.441143035888672 ], [ 24.56089973449707, 59.441135406494141 ], [ 24.560907363891605, 59.441135406494141 ], [ 24.560962677001953, 59.441139221191413 ], [ 24.561000823974609, 59.441139221191413 ], [ 24.561031341552738, 59.441143035888672 ], [ 24.561054229736328, 59.441143035888686 ], [ 24.561086654663086, 59.44115066528321 ], [ 24.561138153076172, 59.441169738769531 ], [ 24.561164855957031, 59.441169738769517 ], [ 24.561206817626953, 59.44115066528321 ], [ 24.561220169067383, 59.441146850585938 ], [ 24.561264038085938, 59.441146850585938 ], [ 24.561344146728516, 59.441169738769531 ], [ 24.561410903930664, 59.441196441650384 ], [ 24.561437606811523, 59.441215515136705 ], [ 24.561443328857422, 59.441223144531257 ], [ 24.561454772949219, 59.441249847412124 ], [ 24.561454772949222, 59.44126892089843 ], [ 24.561450958251957, 59.44129562377929 ], [ 24.561450958251957, 59.441318511962884 ], [ 24.561456680297852, 59.441337585449205 ], [ 24.561468124389648, 59.441345214843736 ], [ 24.561494827270508, 59.441341400146491 ], [ 24.561517715454105, 59.441337585449205 ], [ 24.561555862426761, 59.441314697265597 ], [ 24.56158447265625, 59.441307067871101 ], [ 24.561607360839844, 59.441307067871087 ], [ 24.561670303344727, 59.441310882568359 ], [ 24.561687469482425, 59.441322326660156 ], [ 24.561687469482425, 59.441333770751932 ], [ 24.561670303344727, 59.441356658935547 ], [ 24.561674118041992, 59.441364288330085 ], [ 24.561687469482425, 59.441368103027344 ], [ 24.561704635620121, 59.441364288330071 ], [ 24.561735153198242, 59.441360473632812 ], [ 24.561746597290043, 59.441364288330085 ], [ 24.561773300170898, 59.441375732421882 ], [ 24.561836242675781, 59.441398620605447 ], [ 24.5618896484375, 59.441379547119141 ], [ 24.561929702758793, 59.441375732421882 ], [ 24.561956405639652, 59.441379547119141 ], [ 24.562000274658203, 59.441387176513679 ], [ 24.562038421630859, 59.44139099121093 ], [ 24.562070846557617, 59.441398620605462 ], [ 24.562177658081055, 59.441497802734375 ], [ 24.562200546264648, 59.441513061523438 ], [ 24.562231063842773, 59.441539764404304 ], [ 24.562280654907227, 59.441604614257812 ], [ 24.562297821044922, 59.441619873046847 ], [ 24.5623779296875, 59.441642761230455 ], [ 24.562406539916992, 59.441646575927727 ], [ 24.562456130981445, 59.441638946533196 ], [ 24.5625, 59.441623687744148 ], [ 24.562517166137695, 59.441596984863281 ], [ 24.562524795532227, 59.441566467285163 ], [ 24.56254768371582, 59.441509246826165 ], [ 24.562570571899414, 59.441490173339844 ], [ 24.562654495239258, 59.441448211669929 ], [ 24.562688827514648, 59.441448211669929 ], [ 24.562702178955078, 59.441459655761726 ], [ 24.562717437744141, 59.44148254394532 ], [ 24.562742233276367, 59.441493988037102 ], [ 24.562795639038089, 59.441497802734375 ], [ 24.562824249267578, 59.441474914550781 ], [ 24.562797546386719, 59.441440582275391 ], [ 24.562780380249023, 59.441425323486335 ], [ 24.562763214111332, 59.441349029541023 ], [ 24.562767028808594, 59.44132232666017 ], [ 24.562784194946293, 59.441287994384751 ], [ 24.562797546386719, 59.441272735595703 ], [ 24.56280517578125, 59.441249847412109 ], [ 24.56280517578125, 59.441234588623054 ], [ 24.562793731689453, 59.44121932983397 ], [ 24.562772750854492, 59.44121170043946 ], [ 24.562761306762695, 59.441192626953125 ], [ 24.562789916992188, 59.441162109374993 ], [ 24.56285285949707, 59.441135406494141 ], [ 24.562883377075195, 59.441131591796875 ], [ 24.562915802001953, 59.441143035888686 ], [ 24.562955856323242, 59.441146850585923 ], [ 24.563055038452148, 59.44115066528321 ], [ 24.563119888305664, 59.441146850585923 ], [ 24.563169479370117, 59.441139221191413 ], [ 24.563274383544925, 59.441135406494126 ], [ 24.563320159912109, 59.441135406494141 ], [ 24.563356399536133, 59.441143035888672 ], [ 24.563352584838867, 59.441154479980469 ], [ 24.563352584838867, 59.44117736816407 ], [ 24.563360214233398, 59.441207885742188 ], [ 24.563337326049805, 59.441215515136719 ], [ 24.563306808471683, 59.441223144531257 ], [ 24.563278198242188, 59.441238403320312 ], [ 24.563276290893555, 59.441268920898445 ], [ 24.56328010559082, 59.441341400146477 ], [ 24.563289642333984, 59.441379547119141 ], [ 24.563333511352543, 59.441421508789048 ], [ 24.563369750976562, 59.441448211669929 ], [ 24.563398361206055, 59.441467285156257 ], [ 24.563425064086918, 59.441471099853509 ], [ 24.5634765625, 59.441448211669915 ], [ 24.563426971435547, 59.441383361816406 ], [ 24.563346862792969, 59.441326141357415 ], [ 24.56334114074707, 59.441276550292955 ], [ 24.563375473022461, 59.441253662109375 ], [ 24.563432693481445, 59.441265106201158 ], [ 24.56346321105957, 59.441291809082024 ], [ 24.563516616821293, 59.44132995605468 ], [ 24.563543319702152, 59.441356658935547 ], [ 24.563577651977539, 59.441398620605462 ], [ 24.563581466674805, 59.441440582275405 ], [ 24.563602447509769, 59.441455841064453 ], [ 24.563650131225586, 59.441455841064439 ], [ 24.563741683959964, 59.441436767578132 ], [ 24.563772201538089, 59.441425323486321 ], [ 24.563840866088867, 59.441410064697273 ], [ 24.563928604125977, 59.441398620605462 ], [ 24.564035415649414, 59.441371917724595 ], [ 24.564088821411133, 59.441352844238288 ], [ 24.564155578613281, 59.441333770751953 ], [ 24.564191818237305, 59.441307067871108 ], [ 24.564212799072266, 59.441276550292955 ], [ 24.564231872558597, 59.441257476806648 ], [ 24.56427001953125, 59.441238403320312 ], [ 24.564304351806641, 59.441242218017564 ], [ 24.564313888549808, 59.441261291503899 ], [ 24.564332962036129, 59.441280364990227 ], [ 24.564367294311523, 59.441299438476548 ], [ 24.564416885375977, 59.441333770751953 ], [ 24.56443023681641, 59.441360473632798 ], [ 24.564420700073242, 59.441368103027344 ], [ 24.56434440612793, 59.441371917724609 ], [ 24.56428337097168, 59.441387176513665 ], [ 24.564279556274414, 59.441436767578132 ], [ 24.564289093017578, 59.441471099853509 ], [ 24.564315795898438, 59.441505432128899 ], [ 24.564353942871094, 59.44152450561522 ], [ 24.564386367797852, 59.441535949707017 ], [ 24.564418792724609, 59.441558837890625 ], [ 24.564434051513672, 59.441570281982422 ], [ 24.564430236816406, 59.441581726074205 ], [ 24.564395904541016, 59.441581726074205 ], [ 24.564334869384766, 59.441577911376974 ], [ 24.56429481506348, 59.44155120849608 ], [ 24.56428337097168, 59.44154357910157 ], [ 24.564218521118164, 59.441520690917962 ], [ 24.564151763916016, 59.441513061523423 ], [ 24.564062118530273, 59.44154357910157 ], [ 24.564010620117188, 59.441570281982422 ], [ 24.563993453979492, 59.441593170166001 ], [ 24.563987731933594, 59.441619873046875 ], [ 24.56401252746582, 59.441654205322266 ], [ 24.564018249511719, 59.441684722900398 ], [ 24.564001083374023, 59.441711425781236 ], [ 24.564006805419922, 59.441726684570312 ], [ 24.564010620117188, 59.441745758056634 ], [ 24.563995361328129, 59.441753387451179 ], [ 24.563962936401371, 59.441757202148438 ], [ 24.563922882080078, 59.441757202148438 ], [ 24.563899993896484, 59.441749572753892 ], [ 24.563835144042969, 59.441738128662095 ], [ 24.563787460327148, 59.441738128662109 ], [ 24.563751220703125, 59.441741943359368 ], [ 24.563669204711914, 59.441757202148438 ], [ 24.563642501831051, 59.441768646240249 ], [ 24.563634872436527, 59.441795349121094 ], [ 24.563632965087891, 59.441818237304688 ], [ 24.563634872436527, 59.441844940185533 ], [ 24.56365966796875, 59.441925048828125 ], [ 24.563663482666016, 59.441959381103516 ], [ 24.563661575317386, 59.442001342773416 ], [ 24.563650131225586, 59.442016601562514 ], [ 24.563615798950195, 59.442035675048814 ], [ 24.563594818115234, 59.442047119140632 ], [ 24.563613891601562, 59.442085266113274 ], [ 24.563663482666016, 59.442111968994141 ], [ 24.563699722290039, 59.442153930664048 ], [ 24.563695907592773, 59.442173004150405 ], [ 24.563711166381836, 59.442188262939453 ], [ 24.563722610473633, 59.442211151123047 ], [ 24.563743591308594, 59.442230224609375 ], [ 24.563798904418945, 59.44225692749022 ], [ 24.563840866088867, 59.442287445068374 ], [ 24.563882827758789, 59.44231033325196 ], [ 24.563938140869144, 59.442298889160135 ], [ 24.563993453979492, 59.442287445068352 ], [ 24.564094543457031, 59.442283630371087 ], [ 24.564182281494141, 59.442260742187493 ], [ 24.564208984375, 59.442249298095696 ], [ 24.564298629760742, 59.442234039306641 ], [ 24.564298629760742, 59.442222595214844 ], [ 24.564266204833984, 59.442203521728537 ], [ 24.564252853393555, 59.442192077636726 ], [ 24.564245223999023, 59.442180633544929 ], [ 24.56425666809082, 59.442169189453132 ], [ 24.564273834228516, 59.442165374755852 ], [ 24.564321517944336, 59.442188262939453 ], [ 24.564353942871094, 59.442188262939453 ], [ 24.564384460449219, 59.442184448242188 ], [ 24.564411163330078, 59.442176818847663 ], [ 24.564434051513672, 59.442173004150405 ], [ 24.564432144165039, 59.442192077636726 ], [ 24.564420700073242, 59.44221496582032 ], [ 24.564432144165039, 59.442218780517571 ], [ 24.564449310302734, 59.442222595214844 ], [ 24.564470291137695, 59.442226409912116 ], [ 24.564485549926758, 59.44222259521483 ], [ 24.56451416015625, 59.442218780517557 ], [ 24.564552307128906, 59.44221496582032 ], [ 24.564559936523441, 59.44221496582032 ], [ 24.564603805541992, 59.442230224609368 ], [ 24.564619064331058, 59.442234039306641 ], [ 24.564674377441406, 59.442260742187493 ], [ 24.564704895019531, 59.442279815673814 ], [ 24.564722061157227, 59.442295074462891 ], [ 24.564699172973636, 59.442306518554688 ], [ 24.564590454101562, 59.44231796264647 ], [ 24.564523696899414, 59.442340850830064 ], [ 24.564521789550781, 59.442371368408217 ], [ 24.564540863037113, 59.442409515380845 ], [ 24.5645751953125, 59.442420959472656 ], [ 24.564662933349609, 59.442420959472642 ], [ 24.564762115478516, 59.442398071289062 ], [ 24.564781188964844, 59.442378997802727 ], [ 24.5648193359375, 59.442352294921875 ], [ 24.564847946166989, 59.442340850830092 ], [ 24.564872741699219, 59.442348480224609 ], [ 24.5649528503418, 59.442344665527351 ], [ 24.565010070800781, 59.44237136840821 ], [ 24.564977645874023, 59.442398071289048 ], [ 24.564922332763672, 59.442417144775384 ], [ 24.564884185791019, 59.44242858886718 ], [ 24.56486701965332, 59.442447662353516 ], [ 24.564855575561523, 59.442462921142585 ], [ 24.564863204956055, 59.442481994628892 ], [ 24.564870834350586, 59.442497253417962 ], [ 24.564901351928711, 59.442512512207024 ], [ 24.564912796020508, 59.442512512207038 ], [ 24.5649528503418, 59.442501068115227 ], [ 24.56497955322266, 59.442501068115241 ], [ 24.565011978149418, 59.442516326904297 ], [ 24.564996719360352, 59.442531585693359 ], [ 24.564971923828125, 59.442546844482429 ], [ 24.564977645874023, 59.442558288574212 ], [ 24.56501579284668, 59.442584991455092 ], [ 24.565057754516602, 59.442607879638679 ], [ 24.565074920654297, 59.442611694335938 ], [ 24.565120697021484, 59.442607879638679 ], [ 24.565168380737305, 59.442607879638665 ], [ 24.565195083618164, 59.442615509033196 ], [ 24.565252304077148, 59.44264221191407 ], [ 24.56525993347168, 59.442684173583984 ], [ 24.565271377563477, 59.442707061767578 ], [ 24.565292358398438, 59.442710876464851 ], [ 24.565341949462891, 59.442691802978516 ], [ 24.565385818481445, 59.442687988281257 ], [ 24.56538200378418, 59.442707061767564 ], [ 24.565370559692383, 59.442722320556634 ], [ 24.565374374389648, 59.442741394042969 ], [ 24.565389633178711, 59.442771911621087 ], [ 24.565410614013672, 59.442790985107422 ], [ 24.565465927124023, 59.442813873291016 ], [ 24.565498352050781, 59.442836761474609 ], [ 24.565498352050781, 59.442852020263658 ], [ 24.565410614013672, 59.442867279052741 ], [ 24.565353393554688, 59.442863464355462 ], [ 24.565315246582031, 59.442855834960945 ], [ 24.565298080444336, 59.442855834960945 ], [ 24.565273284912109, 59.442863464355462 ], [ 24.56525993347168, 59.442874908447259 ], [ 24.565242767333984, 59.442901611328132 ], [ 24.565237045288086, 59.44292068481446 ], [ 24.565225601196289, 59.44293212890625 ], [ 24.5651969909668, 59.442951202392571 ], [ 24.565158843994141, 59.442958831787088 ], [ 24.565107345581055, 59.442951202392578 ], [ 24.565069198608398, 59.442962646484389 ], [ 24.565095901489254, 59.442993164062493 ], [ 24.565141677856445, 59.443012237548814 ], [ 24.565261840820316, 59.443012237548814 ], [ 24.565332412719727, 59.443004608154297 ], [ 24.565383911132812, 59.442996978759759 ], [ 24.565433502197266, 59.442981719970689 ], [ 24.565544128417969, 59.442974090576165 ], [ 24.565586090087891, 59.442985534667962 ], [ 24.565603256225586, 59.442996978759773 ], [ 24.565717697143555, 59.443023681640625 ], [ 24.565746307373047, 59.443046569824219 ], [ 24.565744400024414, 59.443065643310554 ], [ 24.565727233886722, 59.443088531494126 ], [ 24.565677642822266, 59.443130493164062 ], [ 24.565664291381836, 59.443149566650398 ], [ 24.565649032592773, 59.443157196044922 ], [ 24.565536499023438, 59.443164825439446 ], [ 24.565494537353516, 59.443176269531264 ], [ 24.565465927124023, 59.443191528320312 ], [ 24.565446853637695, 59.443210601806648 ], [ 24.565464019775391, 59.443225860595689 ], [ 24.565486907958984, 59.443241119384773 ], [ 24.565544128417969, 59.443252563476562 ], [ 24.565593719482422, 59.443256378173835 ], [ 24.565649032592773, 59.44325256347657 ], [ 24.565685272216797, 59.443241119384773 ], [ 24.565706253051758, 59.4432373046875 ], [ 24.565761566162109, 59.443275451660156 ], [ 24.565820693969727, 59.443294525146477 ], [ 24.565862655639648, 59.443302154541023 ], [ 24.565906524658203, 59.443302154541023 ], [ 24.565914154052734, 59.443305969238274 ], [ 24.565935134887695, 59.443321228027344 ], [ 24.565958023071289, 59.443332672119126 ], [ 24.565996170043949, 59.44334793090821 ], [ 24.566022872924805, 59.443351745605476 ], [ 24.566066741943359, 59.443363189697273 ], [ 24.566110610961914, 59.443378448486314 ], [ 24.566129684448242, 59.443397521972663 ], [ 24.566120147705082, 59.443424224853509 ], [ 24.566129684448242, 59.443447113037088 ], [ 24.566160202026367, 59.44346618652343 ], [ 24.566194534301761, 59.443485260009751 ], [ 24.566238403320316, 59.443489074707031 ], [ 24.566282272338867, 59.443473815917983 ], [ 24.566310882568359, 59.443458557128913 ], [ 24.566360473632812, 59.443450927734375 ], [ 24.56641960144043, 59.443447113037116 ], [ 24.566448211669925, 59.443443298339815 ], [ 24.566482543945312, 59.443439483642564 ], [ 24.566516876220703, 59.443431854248054 ], [ 24.566543579101566, 59.44341659545897 ], [ 24.566608428955078, 59.443412780761712 ], [ 24.566627502441406, 59.443428039550781 ], [ 24.566612243652344, 59.44346618652343 ], [ 24.56660270690918, 59.443508148193359 ], [ 24.56658935546875, 59.443553924560547 ], [ 24.566595077514648, 59.443580627441406 ], [ 24.566604614257812, 59.443603515625 ], [ 24.566616058349609, 59.443622589111321 ], [ 24.566656112670898, 59.443656921386726 ], [ 24.566682815551758, 59.44366455078125 ], [ 24.566717147827152, 59.443672180175795 ], [ 24.566814422607422, 59.443683624267585 ], [ 24.566888809204102, 59.443668365478523 ], [ 24.566905975341797, 59.443668365478523 ], [ 24.566921234130859, 59.443691253662102 ], [ 24.566909790039062, 59.443714141845696 ], [ 24.566928863525391, 59.443737030029297 ], [ 24.566984176635742, 59.443752288818352 ], [ 24.5670166015625, 59.443759918212876 ], [ 24.567115783691406, 59.443744659423828 ], [ 24.567123413085938, 59.443771362304688 ], [ 24.567131042480469, 59.443809509277337 ], [ 24.567131042480472, 59.443851470947244 ], [ 24.567144393920898, 59.443893432617195 ], [ 24.56715202331543, 59.44390869140625 ], [ 24.56724739074707, 59.44395446777343 ], [ 24.567365865100644, 59.443966121044085 ], [ 24.563317271422569, 59.440072328237399 ] ] ] } },
{ "type": "Feature", "properties": { "from_id": "18", "population": 0.0, "gravity_community": 0.59078684204088361, "gravity_education": 1.1034704120717929, "gravity_essential_services": 0.0, "gravity_food_and_drink": 1.0, "gravity_healthcare": 0.0, "gravity_shelter": 1.0576475829646543, "avg_gravity": 0.62531747284622174, "min_tt_community": 19.0, "min_tt_education": 20.0, "min_tt_essential_services": null, "min_tt_food_and_drink": null, "min_tt_healthcare": null, "min_tt_shelter": 23.0, "avg_tt_community": 19.0, "avg_tt_education": 21.5, "avg_tt_essential_services": null, "avg_tt_food_and_drink": null, "avg_tt_healthcare": null, "avg_tt_shelter": 23.0, "avg_tt_all": 21.166666666666668, "n_unreachable_categories": 3, "count_community": 1.0, "count_education": 2.0, "count_essential_services": 0.0, "count_food_and_drink": 1.0, "count_healthcare": 0.0, "count_shelter": 2.0, "gravity_community_per_100": 0.0, "gravity_education_per_100": 0.0, "gravity_essential_services_per_100": 0.0, "gravity_food_and_drink_per_100": 0.0, "gravity_healthcare_per_100": 0.0, "gravity_shelter_per_100": 0.0, "shannon": 1.3296613536380026, "kl_divergence": 0.66438287582424549, "jsd": 0.41187900281541057, "city_similarity": 0.58812099718458943 }, "geometry": { "type": "Polygon", "coordinates": [ [ [ 24.607386804715627, 59.424321164862782 ], [ 24.607736587524414, 59.425197601318345 ], [ 24.608348607649379, 59.425245222032139 ], [ 24.607386804715627, 59.424321164862782 ] ] ] } },
{ "type": "Feature", "properties": { "from_id": "19", "population": 0.0, "gravity_community": 0.0, "gravity_education": 0.59078684204088361, "gravity_essential_services": 0.0, "gravity_food_and_drink": 0.5746466205894657, "gravity_healthcare": 0.0, "gravity_shelter": 1.0725007689009916, "avg_gravity": 0.37298903858855681, "min_tt_community": null, "min_tt_education": 19.0, "min_tt_essential_services": null, "min_tt_food_and_drink": 20.0, "min_tt_healthcare": null, "min_tt_shelter": 22.0, "avg_tt_community": null, "avg_tt_education": 19.0, "avg_tt_essential_services": null, "avg_tt_food_and_drink": 20.0, "avg_tt_healthcare": null, "avg_tt_shelter": 22.5, "avg_tt_all": 20.5, "n_unreachable_categories": 3, "count_community": 0.0, "count_education": 1.0, "count_essential_services": 0.0, "count_food_and_drink": 1.0, "count_healthcare": 0.0, "count_shelter": 2.0, "gravity_community_per_100": 0.0, "gravity_education_per_100": 0.0, "gravity_essential_services_per_100": 0.0, "gravity_food_and_drink_per_100": 0.0, "gravity_healthcare_per_100": 0.0, "gravity_shelter_per_100": 0.0, "shannon": 1.0397207777942468, "kl_divergence": 0.50693347439760184, "jsd": 0.37627628802759638, "city_similarity": 0.62372371197240362 }, "geometry": { "type": "Polygon", "coordinates": [ [ [ 24.594420578812443, 59.436758978126548 ], [ 24.603227615276715, 59.436920957829059 ], [ 24.607905519880706, 59.433116643829571 ], [ 24.605115006030026, 59.430436050007771 ], [ 24.605007171630859, 59.4305419921875 ], [ 24.604949951171875, 59.430526733398445 ], [ 24.604883193969727, 59.430480957031229 ], [ 24.604820251464847, 59.430507659912081 ], [ 24.604770660400391, 59.430606842041009 ], [ 24.604904174804691, 59.43072128295897 ], [ 24.604951858520511, 59.430786132812493 ], [ 24.604928970336914, 59.430820465087898 ], [ 24.604854583740234, 59.430850982666016 ], [ 24.604692459106445, 59.430889129638679 ], [ 24.604469299316406, 59.430904388427741 ], [ 24.604221343994141, 59.430896759033203 ], [ 24.604087829589844, 59.430919647216797 ], [ 24.603870391845703, 59.430980682373061 ], [ 24.603836059570312, 59.43107986450196 ], [ 24.603641510009766, 59.431262969970703 ], [ 24.603258132934574, 59.431312561035156 ], [ 24.598138809204102, 59.432018280029297 ], [ 24.595502853393555, 59.432483673095689 ], [ 24.591086984065129, 59.433555406432859 ], [ 24.594420578812443, 59.436758978126548 ] ] ] } },
{ "type": "Feature", "properties": { "from_id": "20", "population": 0.19141213470240542, "gravity_community": 0.0, "gravity_education": 1.2664188177789102, "gravity_essential_services": 0.5436769774186645, "gravity_food_and_drink": 3.3569759712822438, "gravity_healthcare": 1.2661683360601415, "gravity_shelter": 6.9849744937884015, "avg_gravity": 2.2363690993880603, "min_tt_community": null, "min_tt_education": 16.0, "min_tt_essential_services": 22.0, "min_tt_food_and_drink": 6.0, "min_tt_healthcare": 11.0, "min_tt_shelter": 5.0, "avg_tt_community": null, "avg_tt_education": 16.5, "avg_tt_essential_services": 22.0, "avg_tt_food_and_drink": 15.2, "avg_tt_healthcare": 17.0, "avg_tt_shelter": 17.181818181818183, "avg_tt_all": 17.576363636363638, "n_unreachable_categories": 1, "count_community": 0.0, "count_education": 2.0, "count_essential_services": 1.0, "count_food_and_drink": 5.0, "count_healthcare": 2.0, "count_shelter": 11.0, "gravity_community_per_100": 0.0, "gravity_education_per_100": 661.61887789812909, "gravity_essential_services_per_100": 284.03474955437724, "gravity_food_and_drink_per_100": 1753.7947510493218, "gravity_healthcare_per_100": 661.48801800298293, "gravity_shelter_per_100": 3649.1806042747312, "shannon": 1.2732545221664131, "kl_divergence": 0.26951939602230346, "jsd": 0.25707374193925986, "city_similarity": 0.74292625806074009 }, "geometry": { "type": "Polygon", "coordinates": [ [ [ 24.568000065232081, 59.436269478139465 ], [ 24.56875559155468, 59.436283550396453 ], [ 24.568756103515625, 59.436283111572259 ], [ 24.567642932826583, 59.435925973437982 ], [ 24.568000065232081, 59.436269478139465 ] ] ] } },
{ "type": "Feature", "properties": { "from_id": "21", "population": 0.0, "gravity_community": 0.0, "gravity_education": 1.3654348944242698, "gravity_essential_services": 0.0, "gravity_food_and_drink": 2.170802589969993, "gravity_healthcare": 0.0, "gravity_shelter": 1.8163653842794054, "avg_gravity": 0.89210047811227799, "min_tt_community": null, "min_tt_education": 10.0, "min_tt_essential_services": null, "min_tt_food_and_drink": 16.0, "min_tt_healthcare": null, "min_tt_shelter": 15.0, "avg_tt_community": null, "avg_tt_education": 14.0, "avg_tt_essential_services": null, "avg_tt_food_and_drink": 19.5, "avg_tt_healthcare": null, "avg_tt_shelter": 18.333333333333332, "avg_tt_all": 17.277777777777775, "n_unreachable_categories": 3, "count_community": 0.0, "count_education": 2.0, "count_essential_services": 0.0, "count_food_and_drink": 3.0, "count_healthcare": 0.0, "count_shelter": 3.0, "gravity_community_per_100": 0.0, "gravity_education_per_100": 0.0, "gravity_essential_services_per_100": 0.0, "gravity_food_and_drink_per_100": 0.0, "gravity_healthcare_per_100": 0.0, "gravity_shelter_per_100": 0.0, "shannon": 1.0821955369813179, "kl_divergence": 0.36802479289093881, "jsd": 0.33092048251601464, "city_similarity": 0.66907951748398542 }, "geometry": { "type": "Polygon", "coordinates": [ [ [ 24.580932763220485, 59.440399898955974 ], [ 24.589740658760284, 59.440562793982195 ], [ 24.594420578812443, 59.436758978126548 ], [ 24.591086984065129, 59.433555406432859 ], [ 24.590410232543945, 59.433719635009744 ], [ 24.586076736450199, 59.434852600097663 ], [ 24.581415176391602, 59.436058044433601 ], [ 24.577655792236328, 59.43695068359375 ], [ 24.577640533447266, 59.436920166015632 ], [ 24.577343695612026, 59.436949460864831 ], [ 24.580932763220485, 59.440399898955974 ] ] ] } },
{ "type": "Feature", "properties": { "from_id": "22", "population": 1143.9403543581454, "gravity_community": 0.0, "gravity_education": 0.84687684188235712, "gravity_essential_services": 0.51437639269832958, "gravity_food_and_drink": 2.5740496545062772, "gravity_healthcare": 0.59078684204088361, "gravity_shelter": 3.2670038856112416, "avg_gravity": 1.2988489361231814, "min_tt_community": null, "min_tt_education": 6.0, "min_tt_essential_services": 24.0, "min_tt_food_and_drink": 8.0, "min_tt_healthcare": 19.0, "min_tt_shelter": 9.0, "avg_tt_community": null, "avg_tt_education": 6.0, "avg_tt_essential_services": 24.0, "avg_tt_food_and_drink": 16.25, "avg_tt_healthcare": 19.0, "avg_tt_shelter": 15.8, "avg_tt_all": 16.21, "n_unreachable_categories": 1, "count_community": 0.0, "count_education": 1.0, "count_essential_services": 1.0, "count_food_and_drink": 4.0, "count_healthcare": 1.0, "count_shelter": 5.0, "gravity_community_per_100": 0.0, "gravity_education_per_100": 0.074031555811101005, "gravity_essential_services_per_100": 0.044965315782302437, "gravity_food_and_drink_per_100": 0.22501607227157863, "gravity_healthcare_per_100": 0.051644899123465988, "gravity_shelter_per_100": 0.28559215287446765, "shannon": 1.3522094019792934, "kl_divergence": 0.1312603135544001, "jsd": 0.18425837173873116, "city_similarity": 0.81574162826126884 }, "geometry": { "type": "Polygon", "coordinates": [ [ [ 24.576250827291336, 59.444203216320687 ], [ 24.580932763220485, 59.440399898955974 ], [ 24.577343695612026, 59.436949460864831 ], [ 24.574895858764652, 59.437191009521477 ], [ 24.574897766113281, 59.437221527099609 ], [ 24.57403564453125, 59.437263488769538 ], [ 24.571769714355469, 59.437164306640625 ], [ 24.568716049194336, 59.436317443847678 ], [ 24.56875559155468, 59.436283550396453 ], [ 24.568000065232081, 59.436269478139465 ], [ 24.563317271422569, 59.440072328237399 ], [ 24.567365865100644, 59.443966121044085 ], [ 24.567480087280273, 59.443977355957053 ], [ 24.567495346069336, 59.443984985351562 ], [ 24.567520141601562, 59.444023132324226 ], [ 24.567533493041992, 59.444038391113281 ], [ 24.567535385726767, 59.444041144111672 ], [ 24.576250827291336, 59.444203216320687 ] ] ] } },
{ "type": "Feature", "properties": { "from_id": "23", "population": 1.5245883922321815, "gravity_community": 0.0, "gravity_education": 1.4953990416883227, "gravity_essential_services": 1.0, "gravity_food_and_drink": 1.7660973299744736, "gravity_healthcare": 0.0, "gravity_shelter": 0.5436769774186645, "avg_gravity": 0.80086222484691028, "min_tt_community": null, "min_tt_education": 10.0, "min_tt_essential_services": null, "min_tt_food_and_drink": 11.0, "min_tt_healthcare": null, "min_tt_shelter": 22.0, "avg_tt_community": null, "avg_tt_education": 10.5, "avg_tt_essential_services": null, "avg_tt_food_and_drink": 19.666666666666668, "avg_tt_healthcare": null, "avg_tt_shelter": 22.0, "avg_tt_all": 17.388888888888889, "n_unreachable_categories": 3, "count_community": 0.0, "count_education": 2.0, "count_essential_services": 1.0, "count_food_and_drink": 3.0, "count_healthcare": 0.0, "count_shelter": 1.0, "gravity_community_per_100": 0.0, "gravity_education_per_100": 98.085427470615727, "gravity_essential_services_per_100": 65.591474072282509, "gravity_food_and_drink_per_100": 115.84092722814805, "gravity_healthcare_per_100": 0.0, "gravity_shelter_per_100": 35.660574368053254, "shannon": 1.2770342642704975, "kl_divergence": 0.28548032098856924, "jsd": 0.2815331551206775, "city_similarity": 0.71846684487932255 }, "geometry": { "type": "Polygon", "coordinates": [ [ [ 24.603227615276715, 59.436920957829059 ], [ 24.594420578812443, 59.436758978126548 ], [ 24.589740658760284, 59.440562793982195 ], [ 24.59386863442835, 59.44452905657203 ], [ 24.602677686882043, 59.444691086197409 ], [ 24.607356747317368, 59.440886803301012 ], [ 24.603227615276715, 59.436920957829059 ] ] ] } },
{ "type": "Feature", "properties": { "from_id": "24", "population": 1103.1720698481761, "gravity_community": 0.0, "gravity_education": 1.3019889915810758, "gravity_essential_services": 0.0, "gravity_food_and_drink": 1.2664188177789102, "gravity_healthcare": 0.0, "gravity_shelter": 0.0, "avg_gravity": 0.42806796822666432, "min_tt_community": null, "min_tt_education": 15.0, "min_tt_essential_services": null, "min_tt_food_and_drink": 16.0, "min_tt_healthcare": null, "min_tt_shelter": null, "avg_tt_community": null, "avg_tt_education": 15.5, "avg_tt_essential_services": null, "avg_tt_food_and_drink": 16.5, "avg_tt_healthcare": null, "avg_tt_shelter": null, "avg_tt_all": 16.0, "n_unreachable_categories": 4, "count_community": 0.0, "count_education": 2.0, "count_essential_services": 0.0, "count_food_and_drink": 2.0, "count_healthcare": 0.0, "count_shelter": 0.0, "gravity_community_per_100": 0.0, "gravity_education_per_100": 0.11802229472327576, "gravity_essential_services_per_100": 0.0, "gravity_food_and_drink_per_100": 0.11479794062889943, "gravity_healthcare_per_100": 0.0, "gravity_shelter_per_100": 0.0, "shannon": 0.69314718970891509, "kl_divergence": 0.85426242233494953, "jsd": 0.47635801318338744, "city_similarity": 0.52364198681661256 }, "geometry": { "type": "Polygon", "coordinates": [ [ [ 24.589740658760284, 59.440562793982195 ], [ 24.580932763220485, 59.440399898955974 ], [ 24.576250827291336, 59.444203216320687 ], [ 24.580377645504036, 59.448169895930398 ], [ 24.589187557462228, 59.448332841164628 ], [ 24.59386863442835, 59.44452905657203 ], [ 24.589740658760284, 59.440562793982195 ] ] ] } },
{ "type": "Feature", "properties": { "from_id": "25", "population": 1395.2050805130309, "gravity_community": 2.4327465630297835, "gravity_education": 10.572586955011042, "gravity_essential_services": 15.027918488082188, "gravity_food_and_drink": 31.060191994566942, "gravity_healthcare": 18.615699570238629, "gravity_shelter": 25.050413933712857, "avg_gravity": 17.126592917440242, "min_tt_community": 16.0, "min_tt_education": 12.0, "min_tt_essential_services": 10.0, "min_tt_food_and_drink": 7.0, "min_tt_healthcare": 9.0, "min_tt_shelter": 6.0, "avg_tt_community": 18.0, "avg_tt_education": 19.333333333333332, "avg_tt_essential_services": 18.6, "avg_tt_food_and_drink": 18.137254901960784, "avg_tt_healthcare": 19.4, "avg_tt_shelter": 16.46153846153846, "avg_tt_all": 18.32202111613876, "n_unreachable_categories": 0, "count_community": 4.0, "count_education": 18.0, "count_essential_services": 25.0, "count_food_and_drink": 51.0, "count_healthcare": 31.0, "count_shelter": 39.0, "gravity_community_per_100": 0.17436480106101951, "gravity_education_per_100": 0.75778013588678994, "gravity_essential_services_per_100": 1.0771117951030018, "gravity_food_and_drink_per_100": 2.2262097829478802, "gravity_healthcare_per_100": 1.3342625991150669, "gravity_shelter_per_100": 1.7954646441297053, "shannon": 1.6245629114813842, "kl_divergence": 0.072409500037055208, "jsd": 0.13310074739797614, "city_similarity": 0.86689925260202383 }, "geometry": { "type": "Polygon", "coordinates": [ [ [ 24.644211360730711, 59.418216590858108 ], [ 24.635408919026617, 59.418057404677256 ], [ 24.630736197046232, 59.421862744695687 ], [ 24.634866777552343, 59.42582773721724 ], [ 24.643671232874464, 59.425986972443738 ], [ 24.648343093712132, 59.42218116609412 ], [ 24.644211360730711, 59.418216590858108 ] ] ] } },
{ "type": "Feature", "properties": { "from_id": "26", "population": 2429.8098441031375, "gravity_community": 0.0, "gravity_education": 0.52882379148232717, "gravity_essential_services": 0.5436769774186645, "gravity_food_and_drink": 1.5288237914823273, "gravity_healthcare": 0.5436769774186645, "gravity_shelter": 1.0725007689009916, "avg_gravity": 0.70291705111716241, "min_tt_community": null, "min_tt_education": 23.0, "min_tt_essential_services": 22.0, "min_tt_food_and_drink": 23.0, "min_tt_healthcare": 22.0, "min_tt_shelter": 22.0, "avg_tt_community": null, "avg_tt_education": 23.0, "avg_tt_essential_services": 22.0, "avg_tt_food_and_drink": 23.0, "avg_tt_healthcare": 22.0, "avg_tt_shelter": 22.5, "avg_tt_all": 22.5, "n_unreachable_categories": 1, "count_community": 0.0, "count_education": 1.0, "count_essential_services": 1.0, "count_food_and_drink": 2.0, "count_healthcare": 1.0, "count_shelter": 2.0, "gravity_community_per_100": 0.0, "gravity_education_per_100": 0.021763999053906226, "gravity_essential_services_per_100": 0.022375289109067713, "gravity_food_and_drink_per_100": 0.06291948298722233, "gravity_healthcare_per_100": 0.022375289109067713, "gravity_shelter_per_100": 0.044139288162973939, "shannon": 1.5498260485151123, "kl_divergence": 0.10947179193612078, "jsd": 0.17466523361751329, "city_similarity": 0.82533476638248671 }, "geometry": { "type": "Polygon", "coordinates": [ [ [ 24.617258159251783, 59.425507486951432 ], [ 24.621932894739885, 59.42170264422348 ], [ 24.617804327741503, 59.417737253049573 ], [ 24.609002178880761, 59.417576287629203 ], [ 24.605358835956384, 59.420540843723948 ], [ 24.605829238891602, 59.421421051025384 ], [ 24.606906890869141, 59.423118591308594 ], [ 24.607386804715627, 59.424321164862782 ], [ 24.608348607649379, 59.425245222032139 ], [ 24.610018303241159, 59.425375124239885 ], [ 24.617258159251783, 59.425507486951432 ] ] ] } },
{ "type": "Feature", "properties": { "from_id": "27", "population": 2123.8276756584146, "gravity_community": 1.6161777463196561, "gravity_education": 2.4583633846028872, "gravity_essential_services": 7.4336074656918285, "gravity_food_and_drink": 14.009933843421985, "gravity_healthcare": 6.4026984430825058, "gravity_shelter": 15.618508378267796, "avg_gravity": 7.9232148768977773, "min_tt_community": 22.0, "min_tt_education": 5.0, "min_tt_essential_services": 7.0, "min_tt_food_and_drink": 8.0, "min_tt_healthcare": 7.0, "min_tt_shelter": 8.0, "avg_tt_community": 22.333333333333332, "avg_tt_education": 18.5, "avg_tt_essential_services": 20.46153846153846, "avg_tt_food_and_drink": 21.08, "avg_tt_healthcare": 19.818181818181817, "avg_tt_shelter": 18.615384615384617, "avg_tt_all": 20.134739704739701, "n_unreachable_categories": 0, "count_community": 3.0, "count_education": 4.0, "count_essential_services": 13.0, "count_food_and_drink": 25.0, "count_healthcare": 11.0, "count_shelter": 26.0, "gravity_community_per_100": 0.076097404928044343, "gravity_education_per_100": 0.11575154673699042, "gravity_essential_services_per_100": 0.35000991610052884, "gravity_food_and_drink_per_100": 0.6596549241726366, "gravity_healthcare_per_100": 0.30146977160459049, "gravity_shelter_per_100": 0.7353943334138846, "shannon": 1.5561752287874036, "kl_divergence": 0.093301774839489288, "jsd": 0.15251495384951991, "city_similarity": 0.84748504615048015 }, "geometry": { "type": "Polygon", "coordinates": [ [ [ 24.630736197046232, 59.421862744695687 ], [ 24.621932894739885, 59.42170264422348 ], [ 24.617258159251783, 59.425507486951432 ], [ 24.621387586201489, 59.429472896661089 ], [ 24.630192902556111, 59.42963304646365 ], [ 24.634866777552343, 59.42582773721724 ], [ 24.630736197046232, 59.421862744695687 ] ] ] } },
{ "type": "Feature", "properties": { "from_id": "28", "population": 1476.2058588495197, "gravity_community": 0.5746466205894657, "gravity_education": 1.2673905904071716, "gravity_essential_services": 6.5848170947371312, "gravity_food_and_drink": 17.614934758330367, "gravity_healthcare": 5.6026577041506327, "gravity_shelter": 8.0741444269072158, "avg_gravity": 6.6197651991869977, "min_tt_community": 20.0, "min_tt_education": 15.0, "min_tt_essential_services": 14.0, "min_tt_food_and_drink": 10.0, "min_tt_healthcare": 13.0, "min_tt_shelter": 14.0, "avg_tt_community": 20.0, "avg_tt_education": 16.5, "avg_tt_essential_services": 18.636363636363637, "avg_tt_food_and_drink": 19.035714285714285, "avg_tt_healthcare": 21.1, "avg_tt_shelter": 17.384615384615383, "avg_tt_all": 18.776115551115552, "n_unreachable_categories": 0, "count_community": 1.0, "count_education": 2.0, "count_essential_services": 11.0, "count_food_and_drink": 29.0, "count_healthcare": 10.0, "count_shelter": 13.0, "gravity_community_per_100": 0.038927268655966199, "gravity_education_per_100": 0.085854596959458754, "gravity_essential_services_per_100": 0.44606360659406979, "gravity_food_and_drink_per_100": 1.1932573396002206, "gravity_healthcare_per_100": 0.37953092182665238, "gravity_shelter_per_100": 0.54695247133078018, "shannon": 1.4353378638917196, "kl_divergence": 0.074073718067737271, "jsd": 0.13846742835643891, "city_similarity": 0.86153257164356112 }, "geometry": { "type": "Polygon", "coordinates": [ [ [ 24.643671232874464, 59.425986972443738 ], [ 24.634866777552343, 59.42582773721724 ], [ 24.630192902556111, 59.42963304646365 ], [ 24.634324344094775, 59.433598057406556 ], [ 24.643130814116276, 59.433757341701138 ], [ 24.647803827539143, 59.429951565975813 ], [ 24.643671232874464, 59.425986972443738 ] ] ] } },
{ "type": "Feature", "properties": { "from_id": "29", "population": 235.00196368871434, "gravity_community": 0.0, "gravity_education": 1.6531928046879034, "gravity_essential_services": 6.1279273682930064, "gravity_food_and_drink": 11.663655196875393, "gravity_healthcare": 5.5911305718520099, "gravity_shelter": 13.460008146031369, "avg_gravity": 6.4159856812899463, "min_tt_community": null, "min_tt_education": 17.0, "min_tt_essential_services": 13.0, "min_tt_food_and_drink": 15.0, "min_tt_healthcare": 14.0, "min_tt_shelter": 8.0, "avg_tt_community": null, "avg_tt_education": 21.666666666666668, "avg_tt_essential_services": 21.272727272727273, "avg_tt_food_and_drink": 20.94736842105263, "avg_tt_healthcare": 21.1, "avg_tt_shelter": 18.0, "avg_tt_all": 20.597352472089312, "n_unreachable_categories": 1, "count_community": 0.0, "count_education": 3.0, "count_essential_services": 11.0, "count_food_and_drink": 20.0, "count_healthcare": 10.0, "count_shelter": 22.0, "gravity_community_per_100": 0.0, "gravity_education_per_100": 0.70348042149883361, "gravity_essential_services_per_100": 2.6076068778770343, "gravity_food_and_drink_per_100": 4.9632160573454494, "gravity_healthcare_per_100": 2.3791846179030531, "gravity_shelter_per_100": 5.7276151802121165, "shannon": 1.4530469380429842, "kl_divergence": 0.1443400600505515, "jsd": 0.19683254020918411, "city_similarity": 0.80316745979081583 }, "geometry": { "type": "Polygon", "coordinates": [ [ [ 24.607905519880706, 59.433116643829571 ], [ 24.616711696616314, 59.433277708457496 ], [ 24.621387586201489, 59.429472896661089 ], [ 24.617258159251783, 59.425507486951432 ], [ 24.610018303241159, 59.425375124239885 ], [ 24.610580444335938, 59.425418853759787 ], [ 24.610784530639648, 59.425918579101562 ], [ 24.610780715942383, 59.426082611083984 ], [ 24.610683441162109, 59.426208496093736 ], [ 24.610395431518555, 59.426578521728509 ], [ 24.610326766967773, 59.426609039306641 ], [ 24.61009407043457, 59.426750183105469 ], [ 24.609991073608398, 59.42683410644532 ], [ 24.609954833984375, 59.426967620849616 ], [ 24.609996795654297, 59.42704772949218 ], [ 24.609964370727539, 59.427104949951172 ], [ 24.609870910644531, 59.427169799804695 ], [ 24.609752655029297, 59.427429199218764 ], [ 24.609651565551758, 59.427436828613288 ], [ 24.609531402587891, 59.42741394042968 ], [ 24.609336853027347, 59.427677154541009 ], [ 24.609237670898438, 59.427734375 ], [ 24.608942031860352, 59.427906036376939 ], [ 24.608783721923828, 59.427921295166016 ], [ 24.608554840087891, 59.428047180175781 ], [ 24.608362197875977, 59.428249359130845 ], [ 24.60820198059082, 59.428359985351548 ], [ 24.608100891113281, 59.428398132324226 ], [ 24.608015060424805, 59.428447723388686 ], [ 24.607877731323242, 59.428565979003906 ], [ 24.607755661010742, 59.428630828857408 ], [ 24.607622146606449, 59.428661346435526 ], [ 24.607492446899414, 59.428668975830085 ], [ 24.607381820678711, 59.428615570068359 ], [ 24.607276916503906, 59.428619384765632 ], [ 24.607196807861328, 59.428653717041016 ], [ 24.607093811035156, 59.428726196289048 ], [ 24.607095718383789, 59.428756713867188 ], [ 24.607194900512699, 59.428848266601555 ], [ 24.607217788696289, 59.428977966308587 ], [ 24.607204437255859, 59.429039001464837 ], [ 24.60716438293457, 59.429073333740227 ], [ 24.607089996337891, 59.429092407226555 ], [ 24.606695175170898, 59.429084777832024 ], [ 24.606346130371094, 59.429214477539055 ], [ 24.606267929077148, 59.42929840087892 ], [ 24.606304168701175, 59.42946624755858 ], [ 24.606378555297852, 59.429603576660163 ], [ 24.606363296508789, 59.429668426513686 ], [ 24.606414794921875, 59.429756164550774 ], [ 24.606363296508789, 59.429843902587891 ], [ 24.6063232421875, 59.429847717285163 ], [ 24.606010437011719, 59.429782867431641 ], [ 24.605617523193359, 59.429775238037109 ], [ 24.605613708496094, 59.429824829101555 ], [ 24.605646133422852, 59.429962158203111 ], [ 24.605634689331055, 59.430011749267578 ], [ 24.605690002441406, 59.430095672607408 ], [ 24.605657577514648, 59.430160522460945 ], [ 24.605224609375, 59.430328369140625 ], [ 24.605115006030026, 59.430436050007771 ], [ 24.607905519880706, 59.433116643829571 ] ] ] } },
{ "type": "Feature", "properties": { "from_id": "30", "population": 1292.8869301851139, "gravity_community": 0.5746466205894657, "gravity_education": 0.50032369501323448, "gravity_essential_services": 0.5436769774186645, "gravity_food_and_drink": 1.6178468047701227, "gravity_healthcare": 0.5436769774186645, "gravity_shelter": 1.7091104400490136, "avg_gravity": 0.91488025254319416, "min_tt_community": 20.0, "min_tt_education": 25.0, "min_tt_essential_services": 22.0, "min_tt_food_and_drink": 20.0, "min_tt_healthcare": 22.0, "min_tt_shelter": 19.0, "avg_tt_community": 20.0, "avg_tt_education": 25.0, "avg_tt_essential_services": 22.0, "avg_tt_food_and_drink": 22.333333333333332, "avg_tt_healthcare": 22.0, "avg_tt_shelter": 20.333333333333332, "avg_tt_all": 21.944444444444443, "n_unreachable_categories": 0, "count_community": 1.0, "count_education": 1.0, "count_essential_services": 1.0, "count_food_and_drink": 3.0, "count_healthcare": 1.0, "count_shelter": 3.0, "gravity_community_per_100": 0.044446780857100049, "gravity_education_per_100": 0.038698178729488643, "gravity_essential_services_per_100": 0.042051394033414929, "gravity_food_and_drink_per_100": 0.12513443882818751, "gravity_healthcare_per_100": 0.042051394033414929, "gravity_shelter_per_100": 0.13219334190378934, "shannon": 1.6434177203550084, "kl_divergence": 0.095849074242141535, "jsd": 0.14800297512448488, "city_similarity": 0.8519970248755151 }, "geometry": { "type": "Polygon", "coordinates": [ [ [ 24.630192902556111, 59.42963304646365 ], [ 24.621387586201489, 59.429472896661089 ], [ 24.616711696616314, 59.433277708457496 ], [ 24.620841983947074, 59.437243136713718 ], [ 24.6296493154316, 59.437403335869185 ], [ 24.634324344094775, 59.433598057406556 ], [ 24.630192902556111, 59.42963304646365 ] ] ] } },
{ "type": "Feature", "properties": { "from_id": "31", "population": 835.44038047316099, "gravity_community": 0.87066325126911626, "gravity_education": 0.50032369501323448, "gravity_essential_services": 0.0, "gravity_food_and_drink": 1.7793461344702759, "gravity_healthcare": 0.0, "gravity_shelter": 0.0, "avg_gravity": 0.52505551345877111, "min_tt_community": 5.0, "min_tt_education": 25.0, "min_tt_essential_services": null, "min_tt_food_and_drink": 9.0, "min_tt_healthcare": null, "min_tt_shelter": null, "avg_tt_community": 5.0, "avg_tt_education": 25.0, "avg_tt_essential_services": null, "avg_tt_food_and_drink": 9.0, "avg_tt_healthcare": null, "avg_tt_shelter": null, "avg_tt_all": 13.0, "n_unreachable_categories": 3, "count_community": 1.0, "count_education": 1.0, "count_essential_services": 0.0, "count_food_and_drink": 2.0, "count_healthcare": 0.0, "count_shelter": 0.0, "gravity_community_per_100": 0.10421608430945203, "gravity_education_per_100": 0.05988742065949345, "gravity_essential_services_per_100": 0.0, "gravity_food_and_drink_per_100": 0.21298301782618206, "gravity_healthcare_per_100": 0.0, "gravity_shelter_per_100": 0.0, "shannon": 1.0397207777942468, "kl_divergence": 0.79190507063196736, "jsd": 0.45559326090824037, "city_similarity": 0.54440673909175963 }, "geometry": { "type": "Polygon", "coordinates": [ [ [ 24.643130814116276, 59.433757341701138 ], [ 24.634324344094775, 59.433598057406556 ], [ 24.6296493154316, 59.437403335869185 ], [ 24.63204610012583, 59.439703227433398 ], [ 24.632137298583988, 59.439666748046861 ], [ 24.632192611694336, 59.439647674560533 ], [ 24.632242202758789, 59.43963241577147 ], [ 24.632335662841797, 59.439605712890625 ], [ 24.632427215576172, 59.439579010009773 ], [ 24.632516860961914, 59.439559936523438 ], [ 24.632564544677734, 59.439540863037109 ], [ 24.632587432861332, 59.439521789550774 ], [ 24.632610321044922, 59.43949890136718 ], [ 24.63264274597168, 59.439487457275391 ], [ 24.632677078247074, 59.439472198486349 ], [ 24.632902145385742, 59.439403533935554 ], [ 24.632963180541992, 59.439384460449219 ], [ 24.633033752441406, 59.439357757568359 ], [ 24.633106231689453, 59.439323425292983 ], [ 24.633163452148438, 59.43928527832032 ], [ 24.633182525634769, 59.439258575439439 ], [ 24.633193969726562, 59.439239501953125 ], [ 24.633260726928711, 59.439174652099616 ], [ 24.633319854736328, 59.439128875732429 ], [ 24.633380889892578, 59.439090728759766 ], [ 24.63340950012207, 59.439067840576158 ], [ 24.63343620300293, 59.439041137695298 ], [ 24.633472442626953, 59.438991546630859 ], [ 24.633483886718754, 59.438972473144517 ], [ 24.633501052856445, 59.438911437988295 ], [ 24.633525848388672, 59.438869476318366 ], [ 24.63353157043457, 59.438850402832031 ], [ 24.633533477783203, 59.438835144042976 ], [ 24.633533477783203, 59.438804626464858 ], [ 24.633541107177734, 59.438789367675788 ], [ 24.63356971740723, 59.438747406005817 ], [ 24.633598327636719, 59.438724517822266 ], [ 24.633666992187504, 59.43864440917968 ], [ 24.633811950683594, 59.438568115234375 ], [ 24.633844375610355, 59.43855285644532 ], [ 24.633880615234375, 59.438533782958984 ], [ 24.633913040161133, 59.438522338867173 ], [ 24.633951187133789, 59.438510894775376 ], [ 24.633995056152347, 59.438503265380866 ], [ 24.634035110473633, 59.438499450683594 ], [ 24.634119033813477, 59.43849182128907 ], [ 24.634174346923828, 59.438484191894517 ], [ 24.634199142456055, 59.438480377197273 ], [ 24.634279251098633, 59.438453674316399 ], [ 24.634395599365234, 59.438415527343736 ], [ 24.634469985961914, 59.43833923339843 ], [ 24.634489059448242, 59.438320159912095 ], [ 24.634542465209961, 59.438297271728516 ], [ 24.634609222412109, 59.438278198242195 ], [ 24.634672164916992, 59.438262939453125 ], [ 24.634775161743168, 59.438240051269517 ], [ 24.634897232055664, 59.438217163085923 ], [ 24.634983062744141, 59.438205718994134 ], [ 24.635032653808594, 59.438198089599616 ], [ 24.635274887084961, 59.438152313232422 ], [ 24.635347366333008, 59.438137054443352 ], [ 24.635679244995117, 59.438076019287095 ], [ 24.635837554931641, 59.438045501708984 ], [ 24.635990142822266, 59.438022613525391 ], [ 24.636053085327148, 59.43801116943358 ], [ 24.636100769042972, 59.43801116943358 ], [ 24.636129379272461, 59.438022613525384 ], [ 24.636150360107422, 59.438041687011712 ], [ 24.636173248291016, 59.438056945800795 ], [ 24.63633918762207, 59.438213348388672 ], [ 24.636465072631836, 59.438308715820312 ], [ 24.636516571044922, 59.438343048095703 ], [ 24.636543273925781, 59.438346862792969 ], [ 24.636592864990234, 59.438350677490241 ], [ 24.636625289916992, 59.438346862792969 ], [ 24.636837005615234, 59.438320159912109 ], [ 24.636857986450199, 59.438312530517564 ], [ 24.636861801147461, 59.438301086425767 ], [ 24.636857986450195, 59.438297271728501 ], [ 24.636846542358398, 59.438289642333963 ], [ 24.636659622192386, 59.438320159912109 ], [ 24.636604309082031, 59.438327789306648 ], [ 24.636583328247074, 59.438320159912095 ], [ 24.636550903320312, 59.438301086425774 ], [ 24.636465072631836, 59.438240051269538 ], [ 24.636392593383789, 59.43818283081054 ], [ 24.636371612548828, 59.438167572021484 ], [ 24.636335372924805, 59.438133239746101 ], [ 24.636285781860352, 59.438098907470689 ], [ 24.636253356933594, 59.438068389892585 ], [ 24.636228561401367, 59.438037872314453 ], [ 24.636205673217773, 59.438018798828118 ], [ 24.636198043823242, 59.437984466552741 ], [ 24.636241912841797, 59.437965393066406 ], [ 24.636323928833008, 59.437942504882812 ], [ 24.636390686035156, 59.43793106079103 ], [ 24.636459350585938, 59.437908172607422 ], [ 24.636552810668945, 59.437889099121115 ], [ 24.636663436889648, 59.437870025634766 ], [ 24.636764526367188, 59.43785095214843 ], [ 24.636875152587891, 59.437843322753899 ], [ 24.637001037597656, 59.437828063964837 ], [ 24.637166976928711, 59.437797546386712 ], [ 24.637218475341797, 59.437797546386712 ], [ 24.637289047241211, 59.437789916992202 ], [ 24.637399673461914, 59.437770843505852 ], [ 24.637493133544922, 59.437763214111328 ], [ 24.637554168701172, 59.437755584716797 ], [ 24.637639999389648, 59.437744140624986 ], [ 24.637754440307617, 59.437732696533196 ], [ 24.63801383972168, 59.437702178955092 ], [ 24.638080596923832, 59.437694549560533 ], [ 24.63817024230957, 59.43768310546875 ], [ 24.638431549072266, 59.437637329101562 ], [ 24.638586044311523, 59.437610626220703 ], [ 24.638729095458984, 59.437576293945298 ], [ 24.638784408569336, 59.43756866455076 ], [ 24.638833999633789, 59.437557220458991 ], [ 24.639024734497074, 59.437526702880859 ], [ 24.639162063598636, 59.437503814697244 ], [ 24.639261245727543, 59.43748474121093 ], [ 24.639352798461918, 59.437465667724616 ], [ 24.639545440673828, 59.437423706054688 ], [ 24.639612197875977, 59.437397003173814 ], [ 24.639675140380859, 59.437370300292976 ], [ 24.639719009399414, 59.437343597412102 ], [ 24.639751434326172, 59.437316894531236 ], [ 24.6397705078125, 59.43730163574218 ], [ 24.639934539794922, 59.43720626831054 ], [ 24.640024185180664, 59.437149047851562 ], [ 24.64006233215332, 59.437129974365227 ], [ 24.640117645263672, 59.437103271484375 ], [ 24.640268325805664, 59.437042236328125 ], [ 24.640325546264648, 59.437019348144531 ], [ 24.640357971191406, 59.437007904052734 ], [ 24.640424728393558, 59.436996459960909 ], [ 24.640504837036133, 59.436985015869155 ], [ 24.640575408935547, 59.436973571777358 ], [ 24.640680313110352, 59.436943054199226 ], [ 24.640897750854492, 59.436897277832038 ], [ 24.6409912109375, 59.436874389648445 ], [ 24.641054153442383, 59.436855316162095 ], [ 24.641155242919922, 59.436832427978516 ], [ 24.641448974609375, 59.436767578124993 ], [ 24.641530990600586, 59.436744689941413 ], [ 24.641586303710938, 59.436725616455078 ], [ 24.641622543334961, 59.436706542968743 ], [ 24.641757965087891, 59.436599731445305 ], [ 24.641881942749023, 59.43654632568358 ], [ 24.641958236694336, 59.436519622802741 ], [ 24.642045974731445, 59.436492919921868 ], [ 24.642406463623047, 59.436286926269517 ], [ 24.642536163330078, 59.436241149902315 ], [ 24.642608642578125, 59.436206817626953 ], [ 24.642683029174805, 59.436161041259759 ], [ 24.642734527587891, 59.436119079589837 ], [ 24.642755508422852, 59.436096191406264 ], [ 24.642776489257812, 59.436035156250007 ], [ 24.642793655395508, 59.435997009277351 ], [ 24.642820358276367, 59.435955047607408 ], [ 24.642856597900391, 59.435909271240234 ], [ 24.642879486083984, 59.435871124267571 ], [ 24.642930984497074, 59.435829162597628 ], [ 24.642997741699219, 59.435798645019538 ], [ 24.643070220947266, 59.435779571533203 ], [ 24.643133163452148, 59.435764312744141 ], [ 24.643285751342773, 59.435733795166016 ], [ 24.643333435058597, 59.435726165771491 ], [ 24.643529891967773, 59.435703277587898 ], [ 24.643629074096683, 59.435688018798821 ], [ 24.643764495849609, 59.435665130615227 ], [ 24.643819808959961, 59.43565368652343 ], [ 24.643884658813477, 59.435634613037102 ], [ 24.644134521484375, 59.435596466064474 ], [ 24.644493103027344, 59.435512542724616 ], [ 24.644609451293945, 59.435489654541023 ], [ 24.644720077514652, 59.435462951660142 ], [ 24.644828796386722, 59.435428619384751 ], [ 24.644864794919211, 59.4354206197237 ], [ 24.643130814116276, 59.433757341701138 ] ] ] } },
{ "type": "Feature", "properties": { "from_id": "32", "population": 1637.9139824292006, "gravity_community": 0.0, "gravity_education": 0.60738039731376148, "gravity_essential_services": 0.52882379148232717, "gravity_food_and_drink": 2.0725007689009916, "gravity_healthcare": 0.52882379148232717, "gravity_shelter": 3.3821197708605588, "avg_gravity": 1.1866080866733277, "min_tt_community": null, "min_tt_education": 18.0, "min_tt_essential_services": 23.0, "min_tt_food_and_drink": 22.0, "min_tt_healthcare": 23.0, "min_tt_shelter": 16.0, "avg_tt_community": null, "avg_tt_education": 18.0, "avg_tt_essential_services": 23.0, "avg_tt_food_and_drink": 22.5, "avg_tt_healthcare": 23.0, "avg_tt_shelter": 20.833333333333332, "avg_tt_all": 21.466666666666665, "n_unreachable_categories": 1, "count_community": 0.0, "count_education": 1.0, "count_essential_services": 1.0, "count_food_and_drink": 3.0, "count_healthcare": 1.0, "count_shelter": 6.0, "gravity_community_per_100": 0.0, "gravity_education_per_100": 0.037082557681872387, "gravity_essential_services_per_100": 0.032286420236673559, "gravity_food_and_drink_per_100": 0.12653294319078054, "gravity_healthcare_per_100": 0.032286420236673559, "gravity_shelter_per_100": 0.20648946203173107, "shannon": 1.3143738457629466, "kl_divergence": 0.23338515131143014, "jsd": 0.24006249618370787, "city_similarity": 0.7599375038162921 }, "geometry": { "type": "Polygon", "coordinates": [ [ [ 24.616711696616314, 59.433277708457496 ], [ 24.607905519880706, 59.433116643829571 ], [ 24.603227615276715, 59.436920957829059 ], [ 24.607356747317368, 59.440886803301012 ], [ 24.616164939612901, 59.441047917566792 ], [ 24.620841983947074, 59.437243136713718 ], [ 24.616711696616314, 59.433277708457496 ] ] ] } },
{ "type": "Feature", "properties": { "from_id": "33", "population": 1621.6086223238847, "gravity_community": 0.59078684204088361, "gravity_education": 0.55894734793711187, "gravity_essential_services": 0.0, "gravity_food_and_drink": 2.8826271749077828, "gravity_healthcare": 0.0, "gravity_shelter": 1.6505805814944183, "avg_gravity": 0.94715699106336615, "min_tt_community": 19.0, "min_tt_education": 21.0, "min_tt_essential_services": null, "min_tt_food_and_drink": 15.0, "min_tt_healthcare": null, "min_tt_shelter": 18.0, "avg_tt_community": 19.0, "avg_tt_education": 21.0, "avg_tt_essential_services": null, "avg_tt_food_and_drink": 20.0, "avg_tt_healthcare": null, "avg_tt_shelter": 21.666666666666668, "avg_tt_all": 20.416666666666668, "n_unreachable_categories": 2, "count_community": 1.0, "count_education": 1.0, "count_essential_services": 0.0, "count_food_and_drink": 5.0, "count_healthcare": 0.0, "count_shelter": 3.0, "gravity_community_per_100": 0.036432147307791353, "gravity_education_per_100": 0.034468696098575197, "gravity_essential_services_per_100": 0.0, "gravity_food_and_drink_per_100": 0.17776343411252746, "gravity_healthcare_per_100": 0.0, "gravity_shelter_per_100": 0.10178661847080059, "shannon": 1.1682824550319619, "kl_divergence": 0.26046580606660974, "jsd": 0.28539366565441265, "city_similarity": 0.71460633434558729 }, "geometry": { "type": "Polygon", "coordinates": [ [ [ 24.6296493154316, 59.437403335869185 ], [ 24.620841983947074, 59.437243136713718 ], [ 24.616164939612901, 59.441047917566792 ], [ 24.620064671710892, 59.444791258181439 ], [ 24.62013053894043, 59.44476318359375 ], [ 24.620212554931644, 59.444751739501925 ], [ 24.620246887207031, 59.444740295410142 ], [ 24.620279312133789, 59.444728851318345 ], [ 24.620317459106445, 59.444709777832038 ], [ 24.620346069335938, 59.444675445556648 ], [ 24.620414733886719, 59.444660186767564 ], [ 24.620487213134766, 59.444644927978501 ], [ 24.620553970336914, 59.444633483886719 ], [ 24.620586395263672, 59.444625854492195 ], [ 24.620607376098633, 59.444614410400398 ], [ 24.620626449584961, 59.444599151611328 ], [ 24.620710372924805, 59.444557189941413 ], [ 24.620782852172852, 59.444538116455078 ], [ 24.620803833007812, 59.444530487060533 ], [ 24.620820999145508, 59.44451522827147 ], [ 24.620851516723633, 59.444496154785149 ], [ 24.620882034301758, 59.444488525390618 ], [ 24.620912551879883, 59.444484710693366 ], [ 24.620948791503906, 59.444473266601555 ], [ 24.620965957641602, 59.444461822509773 ], [ 24.620990753173828, 59.444450378417976 ], [ 24.621038436889648, 59.444435119628913 ], [ 24.621074676513672, 59.44441986083983 ], [ 24.621173858642578, 59.444377899169943 ], [ 24.621250152587891, 59.444362640380845 ], [ 24.621372222900391, 59.444316864013665 ], [ 24.621540069580078, 59.444271087646463 ], [ 24.62164306640625, 59.444225311279318 ], [ 24.621801376342777, 59.444190979003899 ], [ 24.621841430664066, 59.444175720214815 ], [ 24.621919631958011, 59.444156646728509 ], [ 24.621967315673832, 59.444149017333984 ], [ 24.622091293334961, 59.444137573242188 ], [ 24.622135162353516, 59.444118499755866 ], [ 24.622167587280273, 59.444103240966797 ], [ 24.622180938720703, 59.444087982177734 ], [ 24.6221923828125, 59.444068908691399 ], [ 24.622200012207031, 59.444046020507805 ], [ 24.6222038269043, 59.444019317626939 ], [ 24.622194290161133, 59.444000244140632 ], [ 24.622163772583008, 59.4439697265625 ], [ 24.622158050537109, 59.443962097167969 ], [ 24.622137069702148, 59.443939208984361 ], [ 24.622140884399414, 59.443920135498061 ], [ 24.622169494628906, 59.443881988525384 ], [ 24.62220573425293, 59.443843841552734 ], [ 24.622232437133789, 59.443824768066399 ], [ 24.622249603271488, 59.443801879882805 ], [ 24.622264862060547, 59.443763732910163 ], [ 24.622303009033203, 59.443717956542962 ], [ 24.622337341308594, 59.443695068359389 ], [ 24.622350692749023, 59.443672180175774 ], [ 24.62238883972168, 59.443626403808594 ], [ 24.622428894042969, 59.443569183349609 ], [ 24.622468948364258, 59.443546295166001 ], [ 24.622585296630859, 59.443519592285142 ], [ 24.622646331787109, 59.443492889404304 ], [ 24.622686386108402, 59.443481445312493 ], [ 24.622875213623047, 59.443408966064474 ], [ 24.622907638549805, 59.443401336669922 ], [ 24.622964859008789, 59.443389892578111 ], [ 24.623016357421875, 59.443370819091783 ], [ 24.623058319091797, 59.443351745605476 ], [ 24.623142242431641, 59.443321228027358 ], [ 24.623321533203125, 59.443279266357429 ], [ 24.623428344726562, 59.4432373046875 ], [ 24.62357330322266, 59.443206787109361 ], [ 24.623615264892578, 59.443202972412109 ], [ 24.623697280883789, 59.443195343017571 ], [ 24.623752593994141, 59.44318771362304 ], [ 24.623775482177734, 59.443180084228516 ], [ 24.623821258544922, 59.443153381347656 ], [ 24.623832702636719, 59.443138122558601 ], [ 24.623865127563477, 59.443119049072266 ], [ 24.623889923095703, 59.443107604980469 ], [ 24.623924255371094, 59.443088531494134 ], [ 24.623991012573242, 59.443080902099609 ], [ 24.624052047729496, 59.443069458007805 ], [ 24.624145507812504, 59.443061828613253 ], [ 24.624212265014648, 59.443054199218743 ], [ 24.624332427978516, 59.443035125732422 ], [ 24.6243782043457, 59.443019866943381 ], [ 24.624471664428711, 59.443004608154297 ], [ 24.624530792236328, 59.442996978759773 ], [ 24.624713897705078, 59.442958831787102 ], [ 24.624805450439453, 59.442943572998047 ], [ 24.624916076660156, 59.44292068481446 ], [ 24.625152587890625, 59.442787170410142 ], [ 24.625167846679691, 59.442779541015625 ], [ 24.625186920166016, 59.44273757934571 ], [ 24.625202178955078, 59.442722320556634 ], [ 24.625232696533203, 59.442703247070312 ], [ 24.625249862670898, 59.442687988281243 ], [ 24.625268936157227, 59.442676544189446 ], [ 24.62528228759766, 59.442665100097649 ], [ 24.625314712524414, 59.442626953124986 ], [ 24.625326156616211, 59.44262313842772 ], [ 24.625362396240234, 59.442596435546875 ], [ 24.625411987304688, 59.442569732666023 ], [ 24.625452041625977, 59.442539215087876 ], [ 24.62547492980957, 59.442520141601555 ], [ 24.625558853149414, 59.442497253417962 ], [ 24.625591278076175, 59.442478179931619 ], [ 24.625604629516602, 59.442462921142571 ], [ 24.625673294067386, 59.442378997802727 ], [ 24.625682830810547, 59.442363739013672 ], [ 24.625707626342773, 59.442333221435554 ], [ 24.625768661499023, 59.44227600097657 ], [ 24.625799179077148, 59.442264556884773 ], [ 24.625848770141602, 59.442256927490234 ], [ 24.625898361206055, 59.442245483398423 ], [ 24.625909805297852, 59.442241668701172 ], [ 24.625913619995117, 59.442226409912116 ], [ 24.625894546508789, 59.442207336425781 ], [ 24.625860214233398, 59.442188262939439 ], [ 24.625894546508789, 59.442169189453118 ], [ 24.625911712646484, 59.442146301269538 ], [ 24.625932693481445, 59.442127227783203 ], [ 24.625961303710938, 59.442111968994141 ], [ 24.626003265380859, 59.442096710205085 ], [ 24.626096725463867, 59.442050933837898 ], [ 24.62615966796875, 59.442031860351562 ], [ 24.626192092895508, 59.442024230957038 ], [ 24.626300811767578, 59.442005157470703 ], [ 24.626386642456055, 59.441997528076158 ], [ 24.626516342163086, 59.442001342773416 ], [ 24.626535415649414, 59.441997528076158 ], [ 24.626562118530273, 59.441986083984375 ], [ 24.626579284667969, 59.441974639892578 ], [ 24.626636505126953, 59.441921234130866 ], [ 24.626642227172852, 59.441879272460938 ], [ 24.626649856567383, 59.441856384277344 ], [ 24.626693725585938, 59.441825866699226 ], [ 24.626766204833984, 59.441799163818352 ], [ 24.626829147338867, 59.441780090332038 ], [ 24.626873016357425, 59.441768646240213 ], [ 24.626888275146484, 59.441768646240241 ], [ 24.626916885375977, 59.441768646240241 ], [ 24.627010345458984, 59.441745758056634 ], [ 24.627111434936523, 59.441722869873047 ], [ 24.627149581909183, 59.441703796386705 ], [ 24.627199172973633, 59.441673278808587 ], [ 24.627262115478516, 59.441631317138672 ], [ 24.627347946166992, 59.441596984863281 ], [ 24.627540588378906, 59.441532135009773 ], [ 24.627592086791992, 59.441520690917962 ], [ 24.627668380737305, 59.441501617431655 ], [ 24.627725601196289, 59.441482543945305 ], [ 24.627758026123047, 59.441471099853509 ], [ 24.62799072265625, 59.441421508789048 ], [ 24.628032684326172, 59.441413879394538 ], [ 24.62816047668457, 59.441379547119141 ], [ 24.628192901611328, 59.441368103027344 ], [ 24.628353118896484, 59.441314697265618 ], [ 24.628425598144531, 59.441287994384766 ], [ 24.628471374511719, 59.441268920898459 ], [ 24.628520965576172, 59.441242218017578 ], [ 24.628555297851562, 59.441223144531257 ], [ 24.62860107421875, 59.441207885742188 ], [ 24.628644943237305, 59.441192626953125 ], [ 24.628683090209964, 59.44118499755858 ], [ 24.62872314453125, 59.44117736816407 ], [ 24.628765106201172, 59.441165924072266 ], [ 24.628828048706055, 59.441143035888686 ], [ 24.628871917724609, 59.441131591796875 ], [ 24.628940582275391, 59.44110107421875 ], [ 24.62898063659668, 59.441078186035149 ], [ 24.629007339477539, 59.441059112548821 ], [ 24.629020690917969, 59.4410400390625 ], [ 24.629049301147461, 59.44101715087892 ], [ 24.629085540771484, 59.44100189208983 ], [ 24.629127502441406, 59.440986633300788 ], [ 24.629171371459961, 59.440982818603516 ], [ 24.629215240478516, 59.440967559814467 ], [ 24.629243850708008, 59.440948486328111 ], [ 24.629270553588867, 59.440933227539062 ], [ 24.629348754882812, 59.44090270996093 ], [ 24.629390716552734, 59.440868377685554 ], [ 24.629396438598633, 59.440853118896484 ], [ 24.62940788269043, 59.440834045410163 ], [ 24.629495620727539, 59.440811157226555 ], [ 24.62952995300293, 59.440795898437493 ], [ 24.629608154296875, 59.44075775146483 ], [ 24.629642486572266, 59.440746307373047 ], [ 24.629707336425781, 59.440719604492173 ], [ 24.629741668701172, 59.440711975097642 ], [ 24.629781723022461, 59.440700531005852 ], [ 24.6300048828125, 59.440624237060547 ], [ 24.630041122436523, 59.440605163574212 ], [ 24.630083084106445, 59.440582275390632 ], [ 24.630147933959961, 59.440559387207038 ], [ 24.630239486694336, 59.440536499023445 ], [ 24.630277633666992, 59.440532684326158 ], [ 24.630306243896488, 59.440525054931634 ], [ 24.630336761474609, 59.440513610839851 ], [ 24.630367279052734, 59.44049453735353 ], [ 24.630434036254886, 59.440452575683587 ], [ 24.630477905273438, 59.440433502197259 ], [ 24.630517959594727, 59.440422058105462 ], [ 24.630640029907227, 59.440364837646484 ], [ 24.63079833984375, 59.44024658203125 ], [ 24.630973815917969, 59.440143585205078 ], [ 24.63099479675293, 59.440135955810568 ], [ 24.631095886230469, 59.440116882324219 ], [ 24.631139755249023, 59.440097808837876 ], [ 24.631147384643555, 59.440086364746087 ], [ 24.631168365478516, 59.440071105957031 ], [ 24.631202697753906, 59.440044403076172 ], [ 24.631280899047852, 59.440025329589844 ], [ 24.631307601928711, 59.440013885498047 ], [ 24.631336212158203, 59.440002441406236 ], [ 24.631414413452148, 59.439975738525376 ], [ 24.631465911865234, 59.439949035644531 ], [ 24.631498336791992, 59.439937591552727 ], [ 24.63154411315918, 59.439933776855447 ], [ 24.631614685058594, 59.439907073974616 ], [ 24.631660461425785, 59.439880371093736 ], [ 24.631689071655273, 59.439857482910156 ], [ 24.631721496582031, 59.439838409423821 ], [ 24.631816864013672, 59.439815521240241 ], [ 24.631877899169922, 59.439785003662095 ], [ 24.631912231445312, 59.43976974487304 ], [ 24.631952285766602, 59.439746856689446 ], [ 24.631984710693359, 59.439735412597663 ], [ 24.632041931152344, 59.439704895019531 ], [ 24.63204610012583, 59.439703227433398 ], [ 24.6296493154316, 59.437403335869185 ] ] ] } },
{ "type": "Feature", "properties": { "from_id": "34", "population": 268.06278343985019, "gravity_community": 2.2453782044737904, "gravity_education": 10.909649449573685, "gravity_essential_services": 3.1433318302018756, "gravity_food_and_drink": 10.58448025738311, "gravity_healthcare": 5.1754278524982471, "gravity_shelter": 5.0434210277069438, "avg_gravity": 6.1836147703062752, "min_tt_community": 16.0, "min_tt_education": 9.0, "min_tt_essential_services": 7.0, "min_tt_food_and_drink": 6.0, "min_tt_healthcare": 6.0, "min_tt_shelter": 8.0, "avg_tt_community": 21.0, "avg_tt_education": 18.388888888888889, "avg_tt_essential_services": 17.2, "avg_tt_food_and_drink": 16.666666666666668, "avg_tt_healthcare": 16.375, "avg_tt_shelter": 17.0, "avg_tt_all": 17.771759259259259, "n_unreachable_categories": 0, "count_community": 4.0, "count_education": 18.0, "count_essential_services": 5.0, "count_food_and_drink": 16.0, "count_healthcare": 8.0, "count_shelter": 8.0, "gravity_community_per_100": 0.83763145919046389, "gravity_education_per_100": 4.0698112992703699, "gravity_essential_services_per_100": 1.1726103078785639, "gravity_food_and_drink_per_100": 3.948507928463755, "gravity_healthcare_per_100": 1.9306775025185643, "gravity_shelter_per_100": 1.8814327610078785, "shannon": 1.6495451924112485, "kl_divergence": 0.22000599306987745, "jsd": 0.22092897126132061, "city_similarity": 0.77907102873867939 }, "geometry": { "type": "Point", "coordinates": [ 24.628850936889648, 59.351806640625 ] } },
{ "type": "Feature", "properties": { "from_id": "35", "population": 1061.2209838449692, "gravity_community": 0.0, "gravity_education": 6.8101869296980295, "gravity_essential_services": 2.0861858837292067, "gravity_food_and_drink": 3.9892621111125219, "gravity_healthcare": 3.2537568035764197, "gravity_shelter": 4.745448405169153, "avg_gravity": 3.4808066888808882, "min_tt_community": null, "min_tt_education": 5.0, "min_tt_essential_services": 10.0, "min_tt_food_and_drink": 11.0, "min_tt_healthcare": 10.0, "min_tt_shelter": 10.0, "avg_tt_community": null, "avg_tt_education": 14.3, "avg_tt_essential_services": 13.333333333333334, "avg_tt_food_and_drink": 18.8, "avg_tt_healthcare": 16.0, "avg_tt_shelter": 19.25, "avg_tt_all": 16.336666666666666, "n_unreachable_categories": 1, "count_community": 0.0, "count_education": 10.0, "count_essential_services": 3.0, "count_food_and_drink": 6.0, "count_healthcare": 5.0, "count_shelter": 8.0, "gravity_community_per_100": 0.0, "gravity_education_per_100": 0.64173127306846689, "gravity_essential_services_per_100": 0.19658355003221192, "gravity_food_and_drink_per_100": 0.37591247928954469, "gravity_healthcare_per_100": 0.30660501941712004, "gravity_shelter_per_100": 0.447168730868443, "shannon": 1.5358932021056739, "kl_divergence": 0.29637556820393868, "jsd": 0.27027566124807789, "city_similarity": 0.72972433875192211 }, "geometry": { "type": "Polygon", "coordinates": [ [ [ 24.622163113001374, 59.355574935699025 ], [ 24.626375928628914, 59.352138237105009 ], [ 24.626205444335938, 59.352180480957031 ], [ 24.625804901123047, 59.352378845214851 ], [ 24.625547409057617, 59.352470397949226 ], [ 24.625293731689453, 59.352504730224616 ], [ 24.624876022338867, 59.352485656738288 ], [ 24.624666213989261, 59.352474212646491 ], [ 24.624395370483398, 59.352512359619141 ], [ 24.624143600463867, 59.352573394775391 ], [ 24.62379264831543, 59.352737426757812 ], [ 24.623687744140625, 59.352806091308587 ], [ 24.623569488525391, 59.352886199951165 ], [ 24.622861862182617, 59.35308074951169 ], [ 24.622411727905273, 59.353168487548835 ], [ 24.621816635131839, 59.353302001953139 ], [ 24.621494293212891, 59.353374481201172 ], [ 24.62126350402832, 59.353363037109375 ], [ 24.620685577392578, 59.353317260742188 ], [ 24.620174407958984, 59.353324890136726 ], [ 24.619596481323242, 59.353313446044915 ], [ 24.618997573852539, 59.353351593017578 ], [ 24.618646621704102, 59.353431701660163 ], [ 24.618034362792969, 59.353652954101555 ], [ 24.617712020874027, 59.353717803955078 ], [ 24.617118835449219, 59.353710174560518 ], [ 24.616806030273438, 59.353706359863281 ], [ 24.61631965637207, 59.353660583496094 ], [ 24.61585807800293, 59.353569030761705 ], [ 24.615785598754883, 59.353549957275384 ], [ 24.615476608276367, 59.353370666503913 ], [ 24.615388870239258, 59.35321044921875 ], [ 24.615455627441406, 59.353027343750007 ], [ 24.615478515625, 59.352821350097656 ], [ 24.615385055541992, 59.352645874023438 ], [ 24.615135192871094, 59.352500915527358 ], [ 24.614740371704102, 59.35240173339843 ], [ 24.614093780517578, 59.352378845214851 ], [ 24.613376617431644, 59.352466583251953 ], [ 24.612802505493164, 59.352573394775391 ], [ 24.612152099609375, 59.352809906005859 ], [ 24.612037658691406, 59.353103637695312 ], [ 24.611790370013942, 59.353887161220143 ], [ 24.612135427661975, 59.354219301587115 ], [ 24.613723754882812, 59.354106903076151 ], [ 24.614509582519531, 59.354408264160149 ], [ 24.614166259765625, 59.355133056640618 ], [ 24.614027079250057, 59.355426266421695 ], [ 24.622163113001374, 59.355574935699025 ] ] ] } },
{ "type": "Feature", "properties": { "from_id": "36", "population": 504.14939076240836, "gravity_community": 0.51437639269832958, "gravity_education": 1.4158925838797227, "gravity_essential_services": 0.62444001929124437, "gravity_food_and_drink": 3.9077310132251188, "gravity_healthcare": 0.60738039731376148, "gravity_shelter": 1.218957541030522, "avg_gravity": 1.3814629912397829, "min_tt_community": 24.0, "min_tt_education": 11.0, "min_tt_essential_services": 17.0, "min_tt_food_and_drink": 18.0, "min_tt_healthcare": 18.0, "min_tt_shelter": 15.0, "avg_tt_community": 24.0, "avg_tt_education": 12.5, "avg_tt_essential_services": 17.0, "avg_tt_food_and_drink": 19.6, "avg_tt_healthcare": 18.0, "avg_tt_shelter": 18.0, "avg_tt_all": 18.183333333333334, "n_unreachable_categories": 0, "count_community": 1.0, "count_education": 2.0, "count_essential_services": 1.0, "count_food_and_drink": 6.0, "count_healthcare": 1.0, "count_shelter": 2.0, "gravity_community_per_100": 0.1020285657631075, "gravity_education_per_100": 0.28084782205895664, "gravity_essential_services_per_100": 0.12386011581744143, "gravity_food_and_drink_per_100": 0.77511370336391505, "gravity_healthcare_per_100": 0.12047627319260275, "gravity_shelter_per_100": 0.24178498741952917, "shannon": 1.5247073936513078, "kl_divergence": 0.051480552906114731, "jsd": 0.10908309385573645, "city_similarity": 0.89091690614426355 }, "geometry": { "type": "Polygon", "coordinates": [ [ [ 24.639735565816995, 59.35589429984244 ], [ 24.648521937407896, 59.356053094463874 ], [ 24.649613855937655, 59.35516164662161 ], [ 24.649576187133789, 59.355144500732415 ], [ 24.649023056030277, 59.354927062988267 ], [ 24.648880004882812, 59.354885101318352 ], [ 24.648704528808594, 59.354850769042969 ], [ 24.648218154907227, 59.354778289794929 ], [ 24.647411346435547, 59.354667663574219 ], [ 24.647117614746094, 59.354652404785156 ], [ 24.646871566772461, 59.354682922363303 ], [ 24.646745681762695, 59.354728698730462 ], [ 24.646650314331055, 59.354866027832031 ], [ 24.646551132202148, 59.354927062988281 ], [ 24.645490646362308, 59.35523605346679 ], [ 24.645252227783203, 59.355266571044922 ], [ 24.645084381103516, 59.355266571044922 ], [ 24.644935607910156, 59.355224609374986 ], [ 24.644784927368164, 59.35512542724608 ], [ 24.644153594970703, 59.354930877685554 ], [ 24.643892288208011, 59.354835510253885 ], [ 24.643684387207031, 59.354785919189453 ], [ 24.643657684326172, 59.354682922363303 ], [ 24.643817901611328, 59.354537963867188 ], [ 24.643747329711914, 59.354404449462905 ], [ 24.64361572265625, 59.354339599609382 ], [ 24.643028259277344, 59.354408264160142 ], [ 24.642854690551761, 59.35434722900392 ], [ 24.642831802368164, 59.35417556762696 ], [ 24.642642974853516, 59.354118347167962 ], [ 24.642255783081055, 59.354133605957045 ], [ 24.642061233520508, 59.353931427001953 ], [ 24.641700744628906, 59.353816986083977 ], [ 24.641633987426758, 59.353851318359361 ], [ 24.641433715820312, 59.353908538818374 ], [ 24.641147613525391, 59.353977203369134 ], [ 24.640995025634766, 59.354011535644531 ], [ 24.640630722045898, 59.354034423828132 ], [ 24.640338897705078, 59.354007720947244 ], [ 24.640279769897461, 59.353996276855476 ], [ 24.640005111694336, 59.353946685791001 ], [ 24.639612197875977, 59.353858947753899 ], [ 24.639142990112308, 59.353721618652344 ], [ 24.638557434082031, 59.353572845458991 ], [ 24.638221740722656, 59.353534698486321 ], [ 24.637857437133793, 59.353557586669915 ], [ 24.637305589000874, 59.353557587060173 ], [ 24.639735565816995, 59.35589429984244 ] ] ] } },
{ "type": "Feature", "properties": { "from_id": "37", "population": 359.80958168086329, "gravity_community": 2.317146189364232, "gravity_education": 11.697543805070048, "gravity_essential_services": 4.2802019819573625, "gravity_food_and_drink": 12.920963418879849, "gravity_healthcare": 6.0680771189123028, "gravity_shelter": 5.2971446925577172, "avg_gravity": 7.0968462011235838, "min_tt_community": 13.0, "min_tt_education": 5.0, "min_tt_essential_services": 4.0, "min_tt_food_and_drink": 4.0, "min_tt_healthcare": 6.0, "min_tt_shelter": 1.0, "avg_tt_community": 20.0, "avg_tt_education": 17.789473684210527, "avg_tt_essential_services": 15.8, "avg_tt_food_and_drink": 16.45, "avg_tt_healthcare": 18.5, "avg_tt_shelter": 15.625, "avg_tt_all": 17.360745614035089, "n_unreachable_categories": 0, "count_community": 4.0, "count_education": 19.0, "count_essential_services": 6.0, "count_food_and_drink": 20.0, "count_healthcare": 10.0, "count_shelter": 8.0, "gravity_community_per_100": 0.64399235243808717, "gravity_education_per_100": 3.2510373265838428, "gravity_essential_services_per_100": 1.1895742081025875, "gravity_food_and_drink_per_100": 3.5910559575759788, "gravity_healthcare_per_100": 1.6864690180192159, "gravity_shelter_per_100": 1.4722077905240647, "shannon": 1.6402731632701859, "kl_divergence": 0.18960840668514245, "jsd": 0.20689521937257785, "city_similarity": 0.79310478062742218 }, "geometry": { "type": "Polygon", "coordinates": [ [ [ 24.622163113001374, 59.355574935699025 ], [ 24.626284815823933, 59.359540178976403 ], [ 24.635072044585741, 59.359699885616521 ], [ 24.639735565816995, 59.35589429984244 ], [ 24.637305589000874, 59.353557587060173 ], [ 24.637121200561523, 59.353557586669929 ], [ 24.636993408203125, 59.353603363037109 ], [ 24.636865615844727, 59.353649139404297 ], [ 24.635978698730469, 59.353801727294908 ], [ 24.635877609252933, 59.353816986083977 ], [ 24.635444641113281, 59.353889465332024 ], [ 24.634658813476562, 59.353984832763679 ], [ 24.634428024291992, 59.353958129882812 ], [ 24.63421630859375, 59.353919982910156 ], [ 24.634061813354492, 59.353736877441399 ], [ 24.634246826171875, 59.353549957275398 ], [ 24.634456634521484, 59.353511810302741 ], [ 24.634485244750977, 59.353424072265625 ], [ 24.634296417236332, 59.353309631347642 ], [ 24.633071899414062, 59.353374481201172 ], [ 24.632888793945312, 59.353263854980462 ], [ 24.632955551147461, 59.352901458740227 ], [ 24.632480621337891, 59.352848052978509 ], [ 24.632148742675781, 59.352928161621108 ], [ 24.631778717041019, 59.353248596191413 ], [ 24.631704330444336, 59.353248596191413 ], [ 24.631546020507812, 59.353179931640597 ], [ 24.631473541259766, 59.353122711181634 ], [ 24.631387710571289, 59.353065490722663 ], [ 24.631240844726566, 59.352958679199226 ], [ 24.631015777587891, 59.352848052978523 ], [ 24.630853652954105, 59.352741241455064 ], [ 24.630586624145508, 59.352558135986321 ], [ 24.630443572998047, 59.352424621582038 ], [ 24.630123138427734, 59.352165222167976 ], [ 24.629739761352539, 59.351978302001967 ], [ 24.629457473754883, 59.351905822753913 ], [ 24.629240036010746, 59.351898193359375 ], [ 24.629085540771484, 59.351909637451172 ], [ 24.629003524780273, 59.35182189941407 ], [ 24.628850936889648, 59.351806640625 ], [ 24.628145217895508, 59.351902008056634 ], [ 24.6280517578125, 59.351913452148438 ], [ 24.62790489196777, 59.351913452148445 ], [ 24.62789344787598, 59.351913452148423 ], [ 24.627788543701172, 59.351943969726555 ], [ 24.627641677856445, 59.352005004882812 ], [ 24.627460479736328, 59.352027893066392 ], [ 24.62738037109375, 59.352027893066406 ], [ 24.626865386962891, 59.352069854736335 ], [ 24.626710891723636, 59.352092742919901 ], [ 24.626420974731449, 59.35212707519532 ], [ 24.626375928628914, 59.352138237105009 ], [ 24.622163113001374, 59.355574935699025 ] ] ] } },
{ "type": "Feature", "properties": { "from_id": "38", "population": 0.48383590533611598, "gravity_community": 0.66001019309341014, "gravity_education": 1.0147000877115642, "gravity_essential_services": 0.52882379148232717, "gravity_food_and_drink": 3.8570350146765628, "gravity_healthcare": 0.0, "gravity_shelter": 1.2166254190771313, "avg_gravity": 1.2128657510068326, "min_tt_community": 15.0, "min_tt_education": 24.0, "min_tt_essential_services": 23.0, "min_tt_food_and_drink": 14.0, "min_tt_healthcare": null, "min_tt_shelter": 16.0, "avg_tt_community": 15.0, "avg_tt_education": 24.5, "avg_tt_essential_services": 23.0, "avg_tt_food_and_drink": 20.4, "avg_tt_healthcare": null, "avg_tt_shelter": 18.0, "avg_tt_all": 20.18, "n_unreachable_categories": 1, "count_community": 1.0, "count_education": 2.0, "count_essential_services": 1.0, "count_food_and_drink": 6.0, "count_healthcare": 0.0, "count_shelter": 2.0, "gravity_community_per_100": 136.41199130000646, "gravity_education_per_100": 209.71988157982241, "gravity_essential_services_per_100": 109.29817023706798, "gravity_food_and_drink_per_100": 797.17833507976616, "gravity_healthcare_per_100": 0.0, "gravity_shelter_per_100": 251.45414088934839, "shannon": 1.3579778577145571, "kl_divergence": 0.16402549113409901, "jsd": 0.2231312415932451, "city_similarity": 0.77686875840675484 }, "geometry": { "type": "Polygon", "coordinates": [ [ [ 24.648521937407896, 59.356053094463874 ], [ 24.639735565816995, 59.35589429984244 ], [ 24.635072044585741, 59.359699885616521 ], [ 24.639195752295354, 59.363664731155076 ], [ 24.647984128882722, 59.36382357464322 ], [ 24.652646792405857, 59.360017523717275 ], [ 24.648521937407896, 59.356053094463874 ] ] ] } },
{ "type": "Feature", "properties": { "from_id": "39", "population": 930.26991583454162, "gravity_community": 0.51437639269832958, "gravity_education": 4.014481678655371, "gravity_essential_services": 1.7418442167733095, "gravity_food_and_drink": 3.8688290611299054, "gravity_healthcare": 2.1636113059551096, "gravity_shelter": 2.3815546065830016, "avg_gravity": 2.4474495436325046, "min_tt_community": 24.0, "min_tt_education": 13.0, "min_tt_essential_services": 18.0, "min_tt_food_and_drink": 15.0, "min_tt_healthcare": 19.0, "min_tt_shelter": 17.0, "avg_tt_community": 24.0, "avg_tt_education": 20.285714285714285, "avg_tt_essential_services": 19.666666666666668, "avg_tt_food_and_drink": 21.571428571428573, "avg_tt_healthcare": 22.25, "avg_tt_shelter": 18.75, "avg_tt_all": 21.087301587301585, "n_unreachable_categories": 0, "count_community": 1.0, "count_education": 7.0, "count_essential_services": 3.0, "count_food_and_drink": 7.0, "count_healthcare": 4.0, "count_shelter": 4.0, "gravity_community_per_100": 0.055293241664908024, "gravity_education_per_100": 0.43153945003735772, "gravity_essential_services_per_100": 0.18724073380473749, "gravity_food_and_drink_per_100": 0.41588242243211676, "gravity_healthcare_per_100": 0.23257887513369085, "gravity_shelter_per_100": 0.25600683909535199, "shannon": 1.6569836985331978, "kl_divergence": 0.16967441684048995, "jsd": 0.1972954907362951, "city_similarity": 0.80270450926370485 }, "geometry": { "type": "Polygon", "coordinates": [ [ [ 24.621619289705638, 59.363345268733354 ], [ 24.626284815823933, 59.359540178976403 ], [ 24.622163113001374, 59.355574935699025 ], [ 24.614027079250057, 59.355426266421695 ], [ 24.613880157470703, 59.355735778808601 ], [ 24.612860247387346, 59.355835765585823 ], [ 24.611308802545683, 59.357100776054686 ], [ 24.612710952758789, 59.360633850097642 ], [ 24.612913131713867, 59.361190795898438 ], [ 24.613729708163063, 59.363201098925643 ], [ 24.621619289705638, 59.363345268733354 ] ] ] } },
{ "type": "Feature", "properties": { "from_id": "40", "population": 131.42045071301419, "gravity_community": 2.3146812220123287, "gravity_education": 8.3474729576617754, "gravity_essential_services": 2.9665378146405534, "gravity_food_and_drink": 10.120888881181553, "gravity_healthcare": 4.5998569086042282, "gravity_shelter": 7.22060772028368, "avg_gravity": 5.9283409173973531, "min_tt_community": 14.0, "min_tt_education": 15.0, "min_tt_essential_services": 15.0, "min_tt_food_and_drink": 10.0, "min_tt_healthcare": 14.0, "min_tt_shelter": 10.0, "avg_tt_community": 20.0, "avg_tt_education": 21.266666666666666, "avg_tt_essential_services": 19.0, "avg_tt_food_and_drink": 18.266666666666666, "avg_tt_healthcare": 20.125, "avg_tt_shelter": 18.583333333333332, "avg_tt_all": 19.540277777777778, "n_unreachable_categories": 0, "count_community": 4.0, "count_education": 15.0, "count_essential_services": 5.0, "count_food_and_drink": 16.0, "count_healthcare": 8.0, "count_shelter": 12.0, "gravity_community_per_100": 1.7612793210296855, "gravity_education_per_100": 6.3517305810267999, "gravity_essential_services_per_100": 2.2572878106457339, "gravity_food_and_drink_per_100": 7.7011521618372516, "gravity_healthcare_per_100": 3.5001073909334246, "gravity_shelter_per_100": 5.4942801376107626, "shannon": 1.6771953676093954, "kl_divergence": 0.14823697205524233, "jsd": 0.18509427906666651, "city_similarity": 0.81490572093333347 }, "geometry": { "type": "Polygon", "coordinates": [ [ [ 24.635072044585741, 59.359699885616521 ], [ 24.626284815823933, 59.359540178976403 ], [ 24.621619289705638, 59.363345268733354 ], [ 24.625741849052307, 59.367310530460003 ], [ 24.634531083238464, 59.367470286250487 ], [ 24.639195752295354, 59.363664731155076 ], [ 24.635072044585741, 59.359699885616521 ] ] ] } },
{ "type": "Feature", "properties": { "from_id": "41", "population": 625.62157033009669, "gravity_community": 1.375882415151632, "gravity_education": 7.3627209779714615, "gravity_essential_services": 2.7952426092612375, "gravity_food_and_drink": 9.4000859252303108, "gravity_healthcare": 4.9604133356053728, "gravity_shelter": 3.7747297621670852, "avg_gravity": 4.9448458375645163, "min_tt_community": 8.0, "min_tt_education": 5.0, "min_tt_essential_services": 16.0, "min_tt_food_and_drink": 11.0, "min_tt_healthcare": 15.0, "min_tt_shelter": 10.0, "avg_tt_community": 14.0, "avg_tt_education": 15.090909090909092, "avg_tt_essential_services": 18.666666666666668, "avg_tt_food_and_drink": 17.066666666666666, "avg_tt_healthcare": 21.666666666666668, "avg_tt_shelter": 17.0, "avg_tt_all": 17.24848484848485, "n_unreachable_categories": 0, "count_community": 2.0, "count_education": 11.0, "count_essential_services": 4.0, "count_food_and_drink": 15.0, "count_healthcare": 9.0, "count_shelter": 6.0, "gravity_community_per_100": 0.21992247077185578, "gravity_education_per_100": 1.176864949539171, "gravity_essential_services_per_100": 0.44679447477911982, "gravity_food_and_drink_per_100": 1.5025194735965615, "gravity_healthcare_per_100": 0.79287760698342136, "gravity_shelter_per_100": 0.60335671613359243, "shannon": 1.6277082228493274, "kl_divergence": 0.13992593092563721, "jsd": 0.18034814565256141, "city_similarity": 0.81965185434743859 }, "geometry": { "type": "Polygon", "coordinates": [ [ [ 24.647984128882722, 59.36382357464322 ], [ 24.639195752295354, 59.363664731155076 ], [ 24.634531083238464, 59.367470286250487 ], [ 24.638655648546937, 59.371435150124277 ], [ 24.647446031205629, 59.371594042501485 ], [ 24.652109842126105, 59.367788022107035 ], [ 24.647984128882722, 59.36382357464322 ] ] ] } },
{ "type": "Feature", "properties": { "from_id": "42", "population": 1146.6357969192547, "gravity_community": 0.0, "gravity_education": 0.0, "gravity_essential_services": 0.0, "gravity_food_and_drink": 1.0, "gravity_healthcare": 0.0, "gravity_shelter": 0.0, "avg_gravity": 0.16666666666666666, "min_tt_community": null, "min_tt_education": null, "min_tt_essential_services": null, "min_tt_food_and_drink": null, "min_tt_healthcare": null, "min_tt_shelter": null, "avg_tt_community": null, "avg_tt_education": null, "avg_tt_essential_services": null, "avg_tt_food_and_drink": null, "avg_tt_healthcare": null, "avg_tt_shelter": null, "avg_tt_all": null, "n_unreachable_categories": 6, "count_community": 0.0, "count_education": 0.0, "count_essential_services": 0.0, "count_food_and_drink": 1.0, "count_healthcare": 0.0, "count_shelter": 0.0, "gravity_community_per_100": 0.0, "gravity_education_per_100": 0.0, "gravity_essential_services_per_100": 0.0, "gravity_food_and_drink_per_100": 0.08721165017582469, "gravity_healthcare_per_100": 0.0, "gravity_shelter_per_100": 0.0, "shannon": 1.1412925456691193e-08, "kl_divergence": 0.77442750133451621, "jsd": 0.48757412718494225, "city_similarity": 0.51242587281505769 }, "geometry": { "type": "Polygon", "coordinates": [ [ [ 24.648521937407896, 59.356053094463874 ], [ 24.652646792405857, 59.360017523717275 ], [ 24.656981941686706, 59.360095510254965 ], [ 24.655340194702148, 59.358406066894553 ], [ 24.651641845703125, 59.356384277343757 ], [ 24.65167236328125, 59.356296539306626 ], [ 24.65142822265625, 59.356216430664048 ], [ 24.651210784912109, 59.356094360351548 ], [ 24.650852203369141, 59.355880737304702 ], [ 24.65022087097168, 59.355461120605455 ], [ 24.649852752685547, 59.355270385742188 ], [ 24.649613855937655, 59.35516164662161 ], [ 24.648521937407896, 59.356053094463874 ] ] ] } },
{ "type": "Feature", "properties": { "from_id": "43", "population": 1527.8304739520033, "gravity_community": 0.0, "gravity_education": 1.0, "gravity_essential_services": 0.0, "gravity_food_and_drink": 0.0, "gravity_healthcare": 0.0, "gravity_shelter": 0.0, "avg_gravity": 0.16666666666666666, "min_tt_community": null, "min_tt_education": null, "min_tt_essential_services": null, "min_tt_food_and_drink": null, "min_tt_healthcare": null, "min_tt_shelter": null, "avg_tt_community": null, "avg_tt_education": null, "avg_tt_essential_services": null, "avg_tt_food_and_drink": null, "avg_tt_healthcare": null, "avg_tt_shelter": null, "avg_tt_all": null, "n_unreachable_categories": 6, "count_community": 0.0, "count_education": 1.0, "count_essential_services": 0.0, "count_food_and_drink": 0.0, "count_healthcare": 0.0, "count_shelter": 0.0, "gravity_community_per_100": 0.0, "gravity_education_per_100": 0.065452287871528278, "gravity_essential_services_per_100": 0.0, "gravity_food_and_drink_per_100": 0.0, "gravity_healthcare_per_100": 0.0, "gravity_shelter_per_100": 0.0, "shannon": 1.1412925456691193e-08, "kl_divergence": 2.3203916990955857, "jsd": 0.72644371524357176, "city_similarity": 0.27355628475642824 }, "geometry": { "type": "Polygon", "coordinates": [ [ [ 24.68779743920328, 59.360645698834801 ], [ 24.690968582234504, 59.358053565084653 ], [ 24.689981460571289, 59.358402252197273 ], [ 24.686849594116211, 59.359519958496108 ], [ 24.683845710660041, 59.36057555148146 ], [ 24.68779743920328, 59.360645698834801 ] ] ] } },
{ "type": "Feature", "properties": { "from_id": "44", "population": 0.0, "gravity_community": 0.0, "gravity_education": 3.3332250334115177, "gravity_essential_services": 0.5746466205894657, "gravity_food_and_drink": 2.2085642841292779, "gravity_healthcare": 1.6322710885725533, "gravity_shelter": 0.0, "avg_gravity": 1.2914511711171357, "min_tt_community": null, "min_tt_education": 12.0, "min_tt_essential_services": 20.0, "min_tt_food_and_drink": 20.0, "min_tt_healthcare": 21.0, "min_tt_shelter": null, "avg_tt_community": null, "avg_tt_education": 21.5, "avg_tt_essential_services": 20.0, "avg_tt_food_and_drink": 21.5, "avg_tt_healthcare": 22.0, "avg_tt_shelter": null, "avg_tt_all": 21.25, "n_unreachable_categories": 2, "count_community": 0.0, "count_education": 6.0, "count_essential_services": 1.0, "count_food_and_drink": 4.0, "count_healthcare": 3.0, "count_shelter": 0.0, "gravity_community_per_100": 0.0, "gravity_education_per_100": 0.0, "gravity_essential_services_per_100": 0.0, "gravity_food_and_drink_per_100": 0.0, "gravity_healthcare_per_100": 0.0, "gravity_shelter_per_100": 0.0, "shannon": 1.239659396887512, "kl_divergence": 0.62654823996809517, "jsd": 0.40052010659905934, "city_similarity": 0.59947989340094066 }, "geometry": { "type": "MultiPolygon", "coordinates": [ [ [ [ 24.674349835515315, 59.364296554059798 ], [ 24.675176542854402, 59.363621217440432 ], [ 24.673994064331055, 59.364036560058594 ], [ 24.673305132090807, 59.36427791456952 ], [ 24.674349835515315, 59.364296554059798 ] ] ], [ [ [ 24.665561170851031, 59.364139486108641 ], [ 24.667763480459595, 59.364178900752442 ], [ 24.665097744644147, 59.363694396850121 ], [ 24.665561170851031, 59.364139486108641 ] ] ] ] } },
{ "type": "Feature", "properties": { "from_id": "45", "population": 0.0, "gravity_community": 0.5436769774186645, "gravity_education": 4.7485057730209661, "gravity_essential_services": 1.1051632347392131, "gravity_food_and_drink": 5.5670246054174806, "gravity_healthcare": 0.59078684204088361, "gravity_shelter": 1.6170007180541059, "avg_gravity": 2.3620263584485524, "min_tt_community": 22.0, "min_tt_education": 13.0, "min_tt_essential_services": 19.0, "min_tt_food_and_drink": 10.0, "min_tt_healthcare": 19.0, "min_tt_shelter": 21.0, "avg_tt_community": 22.0, "avg_tt_education": 19.0, "avg_tt_essential_services": 21.5, "avg_tt_food_and_drink": 21.4, "avg_tt_healthcare": 19.0, "avg_tt_shelter": 22.333333333333332, "avg_tt_all": 20.872222222222224, "n_unreachable_categories": 0, "count_community": 1.0, "count_education": 8.0, "count_essential_services": 2.0, "count_food_and_drink": 10.0, "count_healthcare": 1.0, "count_shelter": 3.0, "gravity_community_per_100": 0.0, "gravity_education_per_100": 0.0, "gravity_essential_services_per_100": 0.0, "gravity_food_and_drink_per_100": 0.0, "gravity_healthcare_per_100": 0.0, "gravity_shelter_per_100": 0.0, "shannon": 1.445135245962013, "kl_divergence": 0.21422634448847533, "jsd": 0.21698536429753248, "city_similarity": 0.78301463570246754 }, "geometry": { "type": "Polygon", "coordinates": [ [ [ 24.652646792405857, 59.360017523717275 ], [ 24.647984128882722, 59.36382357464322 ], [ 24.652109842126105, 59.367788022107035 ], [ 24.660899366110733, 59.36794600214683 ], [ 24.665561170851031, 59.364139486108641 ], [ 24.665097744644147, 59.363694396850121 ], [ 24.659488677978516, 59.362674713134759 ], [ 24.656981941686706, 59.360095510254965 ], [ 24.652646792405857, 59.360017523717275 ] ] ] } },
{ "type": "Feature", "properties": { "from_id": "46", "population": 0.0, "gravity_community": 0.0, "gravity_education": 1.0877711394194391, "gravity_essential_services": 1.0, "gravity_food_and_drink": 0.0, "gravity_healthcare": 1.8235266591719546, "gravity_shelter": 0.0, "avg_gravity": 0.65188296643189891, "min_tt_community": null, "min_tt_education": 21.0, "min_tt_essential_services": null, "min_tt_food_and_drink": null, "min_tt_healthcare": 17.0, "min_tt_shelter": null, "avg_tt_community": null, "avg_tt_education": 22.0, "avg_tt_essential_services": null, "avg_tt_food_and_drink": null, "avg_tt_healthcare": 18.0, "avg_tt_shelter": null, "avg_tt_all": 20.0, "n_unreachable_categories": 4, "count_community": 0.0, "count_education": 2.0, "count_essential_services": 1.0, "count_food_and_drink": 0.0, "count_healthcare": 3.0, "count_shelter": 0.0, "gravity_community_per_100": 0.0, "gravity_education_per_100": 0.0, "gravity_essential_services_per_100": 0.0, "gravity_food_and_drink_per_100": 0.0, "gravity_healthcare_per_100": 0.0, "gravity_shelter_per_100": 0.0, "shannon": 1.0114042716734588, "kl_divergence": 1.2798673976903092, "jsd": 0.59418370738612702, "city_similarity": 0.40581629261387298 }, "geometry": { "type": "Polygon", "coordinates": [ [ [ 24.674349835515315, 59.364296554059798 ], [ 24.678478701369315, 59.368260186384319 ], [ 24.68726851192627, 59.368416390556064 ], [ 24.691927450412358, 59.364608914334219 ], [ 24.68779743920328, 59.360645698834801 ], [ 24.683845710660041, 59.36057555148146 ], [ 24.675176542854402, 59.363621217440432 ], [ 24.674349835515315, 59.364296554059798 ] ] ] } },
{ "type": "Feature", "properties": { "from_id": "47", "population": 0.0, "gravity_community": 0.0, "gravity_education": 4.4968608402043193, "gravity_essential_services": 0.7373445445778144, "gravity_food_and_drink": 4.6254273564399799, "gravity_healthcare": 3.1428971140207422, "gravity_shelter": 1.0432001841806566, "avg_gravity": 2.3409550065705855, "min_tt_community": null, "min_tt_education": 4.0, "min_tt_essential_services": 11.0, "min_tt_food_and_drink": 12.0, "min_tt_healthcare": 13.0, "min_tt_shelter": 23.0, "avg_tt_community": null, "avg_tt_education": 16.571428571428573, "avg_tt_essential_services": 11.0, "avg_tt_food_and_drink": 18.5, "avg_tt_healthcare": 17.0, "avg_tt_shelter": 23.5, "avg_tt_all": 17.314285714285713, "n_unreachable_categories": 1, "count_community": 0.0, "count_education": 7.0, "count_essential_services": 1.0, "count_food_and_drink": 7.0, "count_healthcare": 5.0, "count_shelter": 2.0, "gravity_community_per_100": 0.0, "gravity_education_per_100": 0.0, "gravity_essential_services_per_100": 0.0, "gravity_food_and_drink_per_100": 0.0, "gravity_healthcare_per_100": 0.0, "gravity_shelter_per_100": 0.0, "shannon": 1.42394127381131, "kl_divergence": 0.31765805300791788, "jsd": 0.2739630507726652, "city_similarity": 0.72603694922733486 }, "geometry": { "type": "Polygon", "coordinates": [ [ [ 24.665561170851031, 59.364139486108641 ], [ 24.660899366110733, 59.36794600214683 ], [ 24.665027085534302, 59.371910051199883 ], [ 24.67381775648709, 59.372067167494968 ], [ 24.678478701369315, 59.368260186384319 ], [ 24.674349835515315, 59.364296554059798 ], [ 24.673305132090807, 59.36427791456952 ], [ 24.671598434448246, 59.364875793457024 ], [ 24.667763480459595, 59.364178900752442 ], [ 24.665561170851031, 59.364139486108641 ] ] ] } },
{ "type": "Feature", "properties": { "from_id": "48", "population": 545.26046124734967, "gravity_community": 0.0, "gravity_education": 0.0, "gravity_essential_services": 0.0, "gravity_food_and_drink": 1.0, "gravity_healthcare": 0.0, "gravity_shelter": 0.0, "avg_gravity": 0.16666666666666666, "min_tt_community": null, "min_tt_education": null, "min_tt_essential_services": null, "min_tt_food_and_drink": null, "min_tt_healthcare": null, "min_tt_shelter": null, "avg_tt_community": null, "avg_tt_education": null, "avg_tt_essential_services": null, "avg_tt_food_and_drink": null, "avg_tt_healthcare": null, "avg_tt_shelter": null, "avg_tt_all": null, "n_unreachable_categories": 6, "count_community": 0.0, "count_education": 0.0, "count_essential_services": 0.0, "count_food_and_drink": 1.0, "count_healthcare": 0.0, "count_shelter": 0.0, "gravity_community_per_100": 0.0, "gravity_education_per_100": 0.0, "gravity_essential_services_per_100": 0.0, "gravity_food_and_drink_per_100": 0.18339859041170495, "gravity_healthcare_per_100": 0.0, "gravity_shelter_per_100": 0.0, "shannon": 1.1412925456691193e-08, "kl_divergence": 0.77442750133451621, "jsd": 0.48757412718494225, "city_similarity": 0.51242587281505769 }, "geometry": { "type": "Polygon", "coordinates": [ [ [ 24.696437202015041, 59.3569086180458 ], [ 24.696039199829105, 59.356262207031236 ], [ 24.694315754066057, 59.356871113074625 ], [ 24.696437202015041, 59.3569086180458 ] ] ] } },
{ "type": "Feature", "properties": { "from_id": "49", "population": 0.06908977784778092, "gravity_community": 0.0, "gravity_education": 0.0, "gravity_essential_services": 1.0, "gravity_food_and_drink": 0.50032369501323448, "gravity_healthcare": 0.0, "gravity_shelter": 1.7125436320529746, "avg_gravity": 0.53547788784436812, "min_tt_community": null, "min_tt_education": null, "min_tt_essential_services": null, "min_tt_food_and_drink": 25.0, "min_tt_healthcare": null, "min_tt_shelter": 18.0, "avg_tt_community": null, "avg_tt_education": null, "avg_tt_essential_services": null, "avg_tt_food_and_drink": 25.0, "avg_tt_healthcare": null, "avg_tt_shelter": 20.333333333333332, "avg_tt_all": 22.666666666666664, "n_unreachable_categories": 4, "count_community": 0.0, "count_education": 0.0, "count_essential_services": 1.0, "count_food_and_drink": 1.0, "count_healthcare": 0.0, "count_shelter": 3.0, "gravity_community_per_100": 0.0, "gravity_education_per_100": 0.0, "gravity_essential_services_per_100": 1447.3921195740518, "gravity_food_and_drink_per_100": 724.16457339832687, "gravity_healthcare_per_100": 0.0, "gravity_shelter_per_100": 2478.7221574601999, "shannon": 0.95027054621396001, "kl_divergence": 0.61768173994702824, "jsd": 0.40975511016649258, "city_similarity": 0.59024488983350742 }, "geometry": { "type": "Polygon", "coordinates": [ [ [ 24.717973398438883, 59.357991892789656 ], [ 24.714672088623047, 59.357868194580078 ], [ 24.71595367195464, 59.359644393731301 ], [ 24.717973398438883, 59.357991892789656 ] ] ] } },
{ "type": "Feature", "properties": { "from_id": "50", "population": 717.41683194871837, "gravity_community": 0.0, "gravity_education": 0.51437639269832958, "gravity_essential_services": 0.0, "gravity_food_and_drink": 2.087353954837329, "gravity_healthcare": 0.0, "gravity_shelter": 2.9189897096351816, "avg_gravity": 0.92012000952847339, "min_tt_community": null, "min_tt_education": 24.0, "min_tt_essential_services": null, "min_tt_food_and_drink": 22.0, "min_tt_healthcare": null, "min_tt_shelter": 15.0, "avg_tt_community": null, "avg_tt_education": 24.0, "avg_tt_essential_services": null, "avg_tt_food_and_drink": 22.0, "avg_tt_healthcare": null, "avg_tt_shelter": 19.6, "avg_tt_all": 21.866666666666664, "n_unreachable_categories": 3, "count_community": 0.0, "count_education": 1.0, "count_essential_services": 0.0, "count_food_and_drink": 3.0, "count_healthcare": 0.0, "count_shelter": 5.0, "gravity_community_per_100": 0.0, "gravity_education_per_100": 0.071698400398709589, "gravity_essential_services_per_100": 0.0, "gravity_food_and_drink_per_100": 0.29095413738306813, "gravity_healthcare_per_100": 0.0, "gravity_shelter_per_100": 0.40687499646562986, "shannon": 0.93688831453513366, "kl_divergence": 0.43790820894823457, "jsd": 0.35180392671541821, "city_similarity": 0.64819607328458173 }, "geometry": { "type": "Polygon", "coordinates": [ [ [ 24.718294581302917, 59.365073015483063 ], [ 24.727083812444629, 59.365226532011455 ], [ 24.731737876564523, 59.36141760213291 ], [ 24.72858380668308, 59.35839509140601 ], [ 24.727298736572266, 59.358345031738267 ], [ 24.723432540893555, 59.358196258544922 ], [ 24.717973398438883, 59.357991892789656 ], [ 24.71595367195464, 59.359644393731301 ], [ 24.716485977172852, 59.360382080078139 ], [ 24.719112396240234, 59.364021301269538 ], [ 24.717378616333011, 59.364063262939439 ], [ 24.717244548897725, 59.364066464162029 ], [ 24.718294581302917, 59.365073015483063 ] ] ] } },
{ "type": "Feature", "properties": { "from_id": "51", "population": 0.13909853615986376, "gravity_community": 0.0, "gravity_education": 0.0, "gravity_essential_services": 0.0, "gravity_food_and_drink": 1.0, "gravity_healthcare": 0.0, "gravity_shelter": 0.0, "avg_gravity": 0.16666666666666666, "min_tt_community": null, "min_tt_education": null, "min_tt_essential_services": null, "min_tt_food_and_drink": null, "min_tt_healthcare": null, "min_tt_shelter": null, "avg_tt_community": null, "avg_tt_education": null, "avg_tt_essential_services": null, "avg_tt_food_and_drink": null, "avg_tt_healthcare": null, "avg_tt_shelter": null, "avg_tt_all": null, "n_unreachable_categories": 6, "count_community": 0.0, "count_education": 0.0, "count_essential_services": 0.0, "count_food_and_drink": 1.0, "count_healthcare": 0.0, "count_shelter": 0.0, "gravity_community_per_100": 0.0, "gravity_education_per_100": 0.0, "gravity_essential_services_per_100": 0.0, "gravity_food_and_drink_per_100": 718.91482657352753, "gravity_healthcare_per_100": 0.0, "gravity_shelter_per_100": 0.0, "shannon": 1.1412925456691193e-08, "kl_divergence": 0.77442750133451621, "jsd": 0.48757412718494225, "city_similarity": 0.51242587281505769 }, "geometry": { "type": "Polygon", "coordinates": [ [ [ 24.68779743920328, 59.360645698834801 ], [ 24.691927450412358, 59.364608914334219 ], [ 24.700716399928314, 59.364764206631683 ], [ 24.703334272363332, 59.362623701055433 ], [ 24.702342987060547, 59.362129211425788 ], [ 24.697084426879883, 59.357959747314453 ], [ 24.696437202015041, 59.3569086180458 ], [ 24.694315754066057, 59.356871113074625 ], [ 24.690968582234504, 59.358053565084653 ], [ 24.68779743920328, 59.360645698834801 ] ] ] } },
{ "type": "Feature", "properties": { "from_id": "52", "population": 0.34472644033038369, "gravity_community": 0.0, "gravity_education": 2.2544564759181447, "gravity_essential_services": 0.51437639269832958, "gravity_food_and_drink": 4.6332537540159784, "gravity_healthcare": 1.7606442080873332, "gravity_shelter": 4.9081943006486899, "avg_gravity": 2.3451541885614127, "min_tt_community": null, "min_tt_education": 19.0, "min_tt_essential_services": 24.0, "min_tt_food_and_drink": 12.0, "min_tt_healthcare": 17.0, "min_tt_shelter": 13.0, "avg_tt_community": null, "avg_tt_education": 20.75, "avg_tt_essential_services": 24.0, "avg_tt_food_and_drink": 18.333333333333332, "avg_tt_healthcare": 19.333333333333332, "avg_tt_shelter": 17.75, "avg_tt_all": 20.033333333333331, "n_unreachable_categories": 1, "count_community": 0.0, "count_education": 4.0, "count_essential_services": 1.0, "count_food_and_drink": 7.0, "count_healthcare": 3.0, "count_shelter": 8.0, "gravity_community_per_100": 0.0, "gravity_education_per_100": 653.98420665310368, "gravity_essential_services_per_100": 149.2129214705302, "gravity_food_and_drink_per_100": 1344.0378259281467, "gravity_healthcare_per_100": 510.73663116758394, "gravity_shelter_per_100": 1423.7939787689934, "shannon": 1.4355847539828135, "kl_divergence": 0.1373107753504986, "jsd": 0.19210223038362451, "city_similarity": 0.80789776961637549 }, "geometry": { "type": "Polygon", "coordinates": [ [ [ 24.700716399928314, 59.364764206631683 ], [ 24.704848417102859, 59.368727022941059 ], [ 24.71363851100535, 59.368881451128651 ], [ 24.718294581302917, 59.365073015483063 ], [ 24.717244548897725, 59.364066464162029 ], [ 24.715940475463867, 59.364097595214844 ], [ 24.714448928833008, 59.364131927490234 ], [ 24.71407508850098, 59.363296508789048 ], [ 24.707519531250004, 59.364894866943352 ], [ 24.70709228515625, 59.364498138427749 ], [ 24.703334272363332, 59.362623701055433 ], [ 24.700716399928314, 59.364764206631683 ] ] ] } },
{ "type": "Feature", "properties": { "from_id": "53", "population": 74.011323919870719, "gravity_community": 0.0, "gravity_education": 2.5040735991211611, "gravity_essential_services": 0.5746466205894657, "gravity_food_and_drink": 5.0509255612195405, "gravity_healthcare": 2.0291915504839153, "gravity_shelter": 7.7508553517631, "avg_gravity": 2.9849487805295305, "min_tt_community": null, "min_tt_education": 13.0, "min_tt_essential_services": 20.0, "min_tt_food_and_drink": 11.0, "min_tt_healthcare": 11.0, "min_tt_shelter": 11.0, "avg_tt_community": null, "avg_tt_education": 17.0, "avg_tt_essential_services": 20.0, "avg_tt_food_and_drink": 14.333333333333334, "avg_tt_healthcare": 14.333333333333334, "avg_tt_shelter": 16.083333333333332, "avg_tt_all": 16.35, "n_unreachable_categories": 1, "count_community": 0.0, "count_education": 4.0, "count_essential_services": 1.0, "count_food_and_drink": 7.0, "count_healthcare": 3.0, "count_shelter": 12.0, "gravity_community_per_100": 0.0, "gravity_education_per_100": 3.3833654993555147, "gravity_essential_services_per_100": 0.77643067324618331, "gravity_food_and_drink_per_100": 6.8245307524669983, "gravity_healthcare_per_100": 2.7417311878934156, "gravity_shelter_per_100": 10.472526285510931, "shannon": 1.3594937150104049, "kl_divergence": 0.20940231250482216, "jsd": 0.2323112701776206, "city_similarity": 0.76768872982237935 }, "geometry": { "type": "Polygon", "coordinates": [ [ [ 24.727083812444629, 59.365226532011455 ], [ 24.718294581302917, 59.365073015483063 ], [ 24.71363851100535, 59.368881451128651 ], [ 24.717772534789578, 59.372843867911726 ], [ 24.726563772646863, 59.372997431693548 ], [ 24.7312189796457, 59.369188531430289 ], [ 24.727083812444629, 59.365226532011455 ] ] ] } },
{ "type": "Feature", "properties": { "from_id": "54", "population": 1.0914279663274229, "gravity_community": 0.0, "gravity_education": 0.0, "gravity_essential_services": 0.0, "gravity_food_and_drink": 1.5143763926983296, "gravity_healthcare": 0.0, "gravity_shelter": 0.51437639269832958, "avg_gravity": 0.33812546423277651, "min_tt_community": null, "min_tt_education": null, "min_tt_essential_services": null, "min_tt_food_and_drink": 24.0, "min_tt_healthcare": null, "min_tt_shelter": 24.0, "avg_tt_community": null, "avg_tt_education": null, "avg_tt_essential_services": null, "avg_tt_food_and_drink": 24.0, "avg_tt_healthcare": null, "avg_tt_shelter": 24.0, "avg_tt_all": 24.0, "n_unreachable_categories": 4, "count_community": 0.0, "count_education": 0.0, "count_essential_services": 0.0, "count_food_and_drink": 2.0, "count_healthcare": 0.0, "count_shelter": 1.0, "gravity_community_per_100": 0.0, "gravity_education_per_100": 0.0, "gravity_essential_services_per_100": 0.0, "gravity_food_and_drink_per_100": 138.75184065459655, "gravity_healthcare_per_100": 0.0, "gravity_shelter_per_100": 47.128753208438425, "shannon": 0.63651417745556094, "kl_divergence": 0.39507046192732737, "jsd": 0.35923772996494657, "city_similarity": 0.64076227003505348 }, "geometry": { "type": "Polygon", "coordinates": [ [ [ 24.621075174033621, 59.371115589379421 ], [ 24.625741849052307, 59.367310530460003 ], [ 24.621619289705638, 59.363345268733354 ], [ 24.613729708163063, 59.363201098925643 ], [ 24.613887786865234, 59.36359024047853 ], [ 24.614627838134766, 59.365333557128913 ], [ 24.615612030029297, 59.367710113525398 ], [ 24.616596221923828, 59.370048522949226 ], [ 24.617041585017983, 59.371041935754562 ], [ 24.621075174033621, 59.371115589379421 ] ] ] } },
{ "type": "Feature", "properties": { "from_id": "55", "population": 197.36577476371914, "gravity_community": 2.2468873546927313, "gravity_education": 5.6524790207691353, "gravity_essential_services": 1.709110440049014, "gravity_food_and_drink": 7.6862769984574708, "gravity_healthcare": 1.6178468047701227, "gravity_shelter": 5.2512594861363233, "avg_gravity": 4.0273100174791328, "min_tt_community": 15.0, "min_tt_education": 11.0, "min_tt_essential_services": 19.0, "min_tt_food_and_drink": 10.0, "min_tt_healthcare": 20.0, "min_tt_shelter": 14.0, "avg_tt_community": 21.0, "avg_tt_education": 20.8, "avg_tt_essential_services": 20.333333333333332, "avg_tt_food_and_drink": 21.333333333333332, "avg_tt_healthcare": 22.333333333333332, "avg_tt_shelter": 19.555555555555557, "avg_tt_all": 20.892592592592589, "n_unreachable_categories": 0, "count_community": 4.0, "count_education": 10.0, "count_essential_services": 3.0, "count_food_and_drink": 13.0, "count_healthcare": 3.0, "count_shelter": 9.0, "gravity_community_per_100": 1.1384381904018783, "gravity_education_per_100": 2.8639611034568317, "gravity_essential_services_per_100": 0.86596090031066131, "gravity_food_and_drink_per_100": 3.8944325619065765, "gravity_healthcare_per_100": 0.81972003844484398, "gravity_shelter_per_100": 2.660673813594574, "shannon": 1.635715691493175, "kl_divergence": 0.14942032110940842, "jsd": 0.18215417528037156, "city_similarity": 0.81784582471962841 }, "geometry": { "type": "Polygon", "coordinates": [ [ [ 24.634531083238464, 59.367470286250487 ], [ 24.625741849052307, 59.367310530460003 ], [ 24.621075174033621, 59.371115589379421 ], [ 24.625198590331763, 59.375080869566141 ], [ 24.633989831017445, 59.375240674529429 ], [ 24.638655648546937, 59.371435150124277 ], [ 24.634531083238464, 59.367470286250487 ] ] ] } },
{ "type": "Feature", "properties": { "from_id": "56", "population": 870.53888826153036, "gravity_community": 2.6638437028168553, "gravity_education": 4.561089744983482, "gravity_essential_services": 0.55894734793711187, "gravity_food_and_drink": 7.6521761851739001, "gravity_healthcare": 1.0576475829646543, "gravity_shelter": 4.0696858020545559, "avg_gravity": 3.427231727655093, "min_tt_community": 3.0, "min_tt_education": 2.0, "min_tt_essential_services": 21.0, "min_tt_food_and_drink": 14.0, "min_tt_healthcare": 23.0, "min_tt_shelter": 14.0, "avg_tt_community": 15.5, "avg_tt_education": 16.142857142857142, "avg_tt_essential_services": 21.0, "avg_tt_food_and_drink": 21.416666666666668, "avg_tt_healthcare": 23.0, "avg_tt_shelter": 19.714285714285715, "avg_tt_all": 19.462301587301585, "n_unreachable_categories": 0, "count_community": 4.0, "count_education": 7.0, "count_essential_services": 1.0, "count_food_and_drink": 13.0, "count_healthcare": 2.0, "count_shelter": 7.0, "gravity_community_per_100": 0.30599939172580354, "gravity_education_per_100": 0.52393865529568662, "gravity_essential_services_per_100": 0.064207050997265841, "gravity_food_and_drink_per_100": 0.87901600817113723, "gravity_healthcare_per_100": 0.12149343323154475, "gravity_shelter_per_100": 0.4674904081748415, "shannon": 1.5405206564732441, "kl_divergence": 0.16068704960502209, "jsd": 0.19027231369211767, "city_similarity": 0.80972768630788239 }, "geometry": { "type": "Polygon", "coordinates": [ [ [ 24.647446031205629, 59.371594042501485 ], [ 24.638655648546937, 59.371435150124277 ], [ 24.633989831017445, 59.375240674529429 ], [ 24.638115254352957, 59.379205556749184 ], [ 24.646907644158652, 59.379364498037766 ], [ 24.651572603123139, 59.375558508186344 ], [ 24.647446031205629, 59.371594042501485 ] ] ] } },
{ "type": "Feature", "properties": { "from_id": "57", "population": 263.09472991789841, "gravity_community": 0.0, "gravity_education": 0.52882379148232717, "gravity_essential_services": 0.0, "gravity_food_and_drink": 1.5589473479371119, "gravity_healthcare": 0.0, "gravity_shelter": 0.48665491524317583, "avg_gravity": 0.42907100911043577, "min_tt_community": null, "min_tt_education": 23.0, "min_tt_essential_services": null, "min_tt_food_and_drink": 21.0, "min_tt_healthcare": null, "min_tt_shelter": 26.0, "avg_tt_community": null, "avg_tt_education": 23.0, "avg_tt_essential_services": null, "avg_tt_food_and_drink": 21.0, "avg_tt_healthcare": null, "avg_tt_shelter": 26.0, "avg_tt_all": 23.333333333333332, "n_unreachable_categories": 3, "count_community": 0.0, "count_education": 1.0, "count_essential_services": 0.0, "count_food_and_drink": 2.0, "count_healthcare": 0.0, "count_shelter": 1.0, "gravity_community_per_100": 0.0, "gravity_education_per_100": 0.20100128636075396, "gravity_essential_services_per_100": 0.0, "gravity_food_and_drink_per_100": 0.59254221793937056, "gravity_healthcare_per_100": 0.0, "gravity_shelter_per_100": 0.18497326624331922, "shannon": 1.0397207777942468, "kl_divergence": 0.31406562970744828, "jsd": 0.31167504352952358, "city_similarity": 0.68832495647047642 }, "geometry": { "type": "Polygon", "coordinates": [ [ [ 24.620530765764915, 59.378885897636273 ], [ 24.625198590331763, 59.375080869566141 ], [ 24.621075174033621, 59.371115589379421 ], [ 24.617041585017983, 59.371041935754562 ], [ 24.617622375488281, 59.372337341308565 ], [ 24.61842155456543, 59.374217987060547 ], [ 24.618711471557617, 59.375003814697273 ], [ 24.619178771972656, 59.375968933105476 ], [ 24.619626998901371, 59.377017974853516 ], [ 24.619966506958008, 59.377811431884766 ], [ 24.620368957519531, 59.378692626953132 ], [ 24.62044702498709, 59.378884369673123 ], [ 24.620530765764915, 59.378885897636273 ] ] ] } },
{ "type": "Feature", "properties": { "from_id": "58", "population": 1404.3476454613069, "gravity_community": 0.52882379148232717, "gravity_education": 1.6314481168381036, "gravity_essential_services": 0.51437639269832958, "gravity_food_and_drink": 4.3108521850144434, "gravity_healthcare": 0.51437639269832958, "gravity_shelter": 3.8086480566976775, "avg_gravity": 1.8847541559048686, "min_tt_community": 23.0, "min_tt_education": 21.0, "min_tt_essential_services": 24.0, "min_tt_food_and_drink": 19.0, "min_tt_healthcare": 24.0, "min_tt_shelter": 20.0, "avg_tt_community": 23.0, "avg_tt_education": 22.0, "avg_tt_essential_services": 24.0, "avg_tt_food_and_drink": 21.5, "avg_tt_healthcare": 24.0, "avg_tt_shelter": 22.0, "avg_tt_all": 22.75, "n_unreachable_categories": 0, "count_community": 1.0, "count_education": 3.0, "count_essential_services": 1.0, "count_food_and_drink": 7.0, "count_healthcare": 1.0, "count_shelter": 7.0, "gravity_community_per_100": 0.037656188137704077, "gravity_education_per_100": 0.11617124307579821, "gravity_essential_services_per_100": 0.036627425862872064, "gravity_food_and_drink_per_100": 0.30696474615431807, "gravity_healthcare_per_100": 0.036627425862872064, "gravity_shelter_per_100": 0.2712040760709642, "shannon": 1.4688033266134513, "kl_divergence": 0.096934522975330964, "jsd": 0.15524638420105599, "city_similarity": 0.84475361579894404 }, "geometry": { "type": "Polygon", "coordinates": [ [ [ 24.633989831017445, 59.375240674529429 ], [ 24.625198590331763, 59.375080869566141 ], [ 24.620530765764915, 59.378885897636273 ], [ 24.624655039442214, 59.382851196293842 ], [ 24.63344828770337, 59.383011050452382 ], [ 24.638115254352957, 59.379205556749184 ], [ 24.633989831017445, 59.375240674529429 ] ] ] } },
{ "type": "Feature", "properties": { "from_id": "59", "population": 1435.0383058535006, "gravity_community": 3.274458223267275, "gravity_education": 2.6399211916754117, "gravity_essential_services": 1.0432001841806566, "gravity_food_and_drink": 7.9410456304136066, "gravity_healthcare": 1.587700133333771, "gravity_shelter": 5.4736047260900191, "avg_gravity": 3.6599883481601236, "min_tt_community": 16.0, "min_tt_education": 9.0, "min_tt_essential_services": 23.0, "min_tt_food_and_drink": 10.0, "min_tt_healthcare": 21.0, "min_tt_shelter": 19.0, "avg_tt_community": 22.0, "avg_tt_education": 15.25, "avg_tt_essential_services": 23.5, "avg_tt_food_and_drink": 20.0, "avg_tt_healthcare": 23.0, "avg_tt_shelter": 21.8, "avg_tt_all": 20.925, "n_unreachable_categories": 0, "count_community": 6.0, "count_education": 4.0, "count_essential_services": 2.0, "count_food_and_drink": 13.0, "count_healthcare": 3.0, "count_shelter": 10.0, "gravity_community_per_100": 0.2281791510310775, "gravity_education_per_100": 0.18396172289667886, "gravity_essential_services_per_100": 0.072694936429603174, "gravity_food_and_drink_per_100": 0.55336819916389657, "gravity_healthcare_per_100": 0.11063817090161043, "gravity_shelter_per_100": 0.38142568764633422, "shannon": 1.6021109481169777, "kl_divergence": 0.16331371564100436, "jsd": 0.17947353532892923, "city_similarity": 0.82052646467107082 }, "geometry": { "type": "Polygon", "coordinates": [ [ [ 24.646907644158652, 59.379364498037766 ], [ 24.638115254352957, 59.379205556749184 ], [ 24.63344828770337, 59.383011050452382 ], [ 24.637574569494411, 59.386975951028873 ], [ 24.646368967523586, 59.387134941251148 ], [ 24.65103507517928, 59.383328981954392 ], [ 24.646907644158652, 59.379364498037766 ] ] ] } },
{ "type": "Feature", "properties": { "from_id": "60", "population": 38.419390486578372, "gravity_community": 0.0, "gravity_education": 0.0, "gravity_essential_services": 0.0, "gravity_food_and_drink": 1.5003236950132344, "gravity_healthcare": 0.0, "gravity_shelter": 0.0, "avg_gravity": 0.25005394916887241, "min_tt_community": null, "min_tt_education": null, "min_tt_essential_services": null, "min_tt_food_and_drink": 25.0, "min_tt_healthcare": null, "min_tt_shelter": null, "avg_tt_community": null, "avg_tt_education": null, "avg_tt_essential_services": null, "avg_tt_food_and_drink": 25.0, "avg_tt_healthcare": null, "avg_tt_shelter": null, "avg_tt_all": 25.0, "n_unreachable_categories": 5, "count_community": 0.0, "count_education": 0.0, "count_essential_services": 0.0, "count_food_and_drink": 2.0, "count_healthcare": 0.0, "count_shelter": 0.0, "gravity_community_per_100": 0.0, "gravity_education_per_100": 0.0, "gravity_essential_services_per_100": 0.0, "gravity_food_and_drink_per_100": 3.9051210235554494, "gravity_healthcare_per_100": 0.0, "gravity_shelter_per_100": 0.0, "shannon": 1.1412925456691193e-08, "kl_divergence": 0.77442750133451621, "jsd": 0.48757412718494225, "city_similarity": 0.51242587281505769 }, "geometry": { "type": "Polygon", "coordinates": [ [ [ 24.624655039442214, 59.382851196293842 ], [ 24.620530765764915, 59.378885897636273 ], [ 24.62044702498709, 59.378884369673123 ], [ 24.620954513549805, 59.380130767822259 ], [ 24.621421813964844, 59.381206512451158 ], [ 24.622171401977543, 59.382881164550767 ], [ 24.62225341796875, 59.383064270019553 ], [ 24.622785404535176, 59.384374985879198 ], [ 24.624655039442214, 59.382851196293842 ] ] ] } },
{ "type": "Feature", "properties": { "from_id": "61", "population": 808.98291140578556, "gravity_community": 0.0, "gravity_education": 0.50032369501323448, "gravity_essential_services": 0.0, "gravity_food_and_drink": 3.4014266194956013, "gravity_healthcare": 0.0, "gravity_shelter": 1.6505805814944181, "avg_gravity": 0.92538848266720886, "min_tt_community": null, "min_tt_education": 25.0, "min_tt_essential_services": null, "min_tt_food_and_drink": 9.0, "min_tt_healthcare": null, "min_tt_shelter": 18.0, "avg_tt_community": null, "avg_tt_education": 25.0, "avg_tt_essential_services": null, "avg_tt_food_and_drink": 19.0, "avg_tt_healthcare": null, "avg_tt_shelter": 21.666666666666668, "avg_tt_all": 21.888888888888889, "n_unreachable_categories": 3, "count_community": 0.0, "count_education": 1.0, "count_essential_services": 0.0, "count_food_and_drink": 5.0, "count_healthcare": 0.0, "count_shelter": 3.0, "gravity_community_per_100": 0.0, "gravity_education_per_100": 0.061846015281560418, "gravity_essential_services_per_100": 0.0, "gravity_food_and_drink_per_100": 0.42045716560129498, "gravity_healthcare_per_100": 0.0, "gravity_shelter_per_100": 0.20403157572589162, "shannon": 0.93688831453513355, "kl_divergence": 0.26647012477920917, "jsd": 0.29660455923980406, "city_similarity": 0.70339544076019589 }, "geometry": { "type": "Polygon", "coordinates": [ [ [ 24.624111196163319, 59.390621510642198 ], [ 24.632906453076728, 59.390781414018456 ], [ 24.637574569494411, 59.386975951028873 ], [ 24.63344828770337, 59.383011050452382 ], [ 24.624655039442214, 59.382851196293842 ], [ 24.622785404535176, 59.384374985879198 ], [ 24.623043060302738, 59.385009765625 ], [ 24.623491287231445, 59.386085510253892 ], [ 24.627006530761722, 59.38634490966794 ], [ 24.625272750854492, 59.387184143066406 ], [ 24.621539958363964, 59.388150009499242 ], [ 24.624111196163319, 59.390621510642198 ] ] ] } },
{ "type": "Feature", "properties": { "from_id": "62", "population": 928.49268486700305, "gravity_community": 0.0, "gravity_education": 0.0, "gravity_essential_services": 0.0, "gravity_food_and_drink": 1.0, "gravity_healthcare": 0.0, "gravity_shelter": 0.0, "avg_gravity": 0.16666666666666666, "min_tt_community": null, "min_tt_education": null, "min_tt_essential_services": null, "min_tt_food_and_drink": null, "min_tt_healthcare": null, "min_tt_shelter": null, "avg_tt_community": null, "avg_tt_education": null, "avg_tt_essential_services": null, "avg_tt_food_and_drink": null, "avg_tt_healthcare": null, "avg_tt_shelter": null, "avg_tt_all": null, "n_unreachable_categories": 6, "count_community": 0.0, "count_education": 0.0, "count_essential_services": 0.0, "count_food_and_drink": 1.0, "count_healthcare": 0.0, "count_shelter": 0.0, "gravity_community_per_100": 0.0, "gravity_education_per_100": 0.0, "gravity_essential_services_per_100": 0.0, "gravity_food_and_drink_per_100": 0.10770144087276677, "gravity_healthcare_per_100": 0.0, "gravity_shelter_per_100": 0.0, "shannon": 1.1412925456691193e-08, "kl_divergence": 0.77442750133451621, "jsd": 0.48757412718494225, "city_similarity": 0.51242587281505769 }, "geometry": { "type": "Polygon", "coordinates": [ [ [ 24.646368967523586, 59.387134941251148 ], [ 24.637574569494411, 59.386975951028873 ], [ 24.632906453076728, 59.390781414018456 ], [ 24.637033593752061, 59.39474633296242 ], [ 24.645830001082011, 59.394905372140776 ], [ 24.650497258076623, 59.391099443410226 ], [ 24.646368967523586, 59.387134941251148 ] ] ] } },
{ "type": "Feature", "properties": { "from_id": "63", "population": 0.002321052633609144, "gravity_community": 0.0, "gravity_education": 0.0, "gravity_essential_services": 0.0, "gravity_food_and_drink": 1.0, "gravity_healthcare": 0.0, "gravity_shelter": 2.7469646579500524, "avg_gravity": 0.62449410965834207, "min_tt_community": null, "min_tt_education": null, "min_tt_essential_services": null, "min_tt_food_and_drink": null, "min_tt_healthcare": null, "min_tt_shelter": 4.0, "avg_tt_community": null, "avg_tt_education": null, "avg_tt_essential_services": null, "avg_tt_food_and_drink": null, "avg_tt_healthcare": null, "avg_tt_shelter": 14.5, "avg_tt_all": 14.5, "n_unreachable_categories": 5, "count_community": 0.0, "count_education": 0.0, "count_essential_services": 0.0, "count_food_and_drink": 1.0, "count_healthcare": 0.0, "count_shelter": 4.0, "gravity_community_per_100": 0.0, "gravity_education_per_100": 0.0, "gravity_essential_services_per_100": 0.0, "gravity_food_and_drink_per_100": 43083.900189072403, "gravity_healthcare_per_100": 0.0, "gravity_shelter_per_100": 118349.95114602947, "shannon": 0.50040243273178631, "kl_divergence": 0.89120218332438828, "jsd": 0.47953709909203751, "city_similarity": 0.52046290090796243 }, "geometry": { "type": "Polygon", "coordinates": [ [ [ 24.610644955406009, 59.394265660199594 ], [ 24.619441070554732, 59.39442647697863 ], [ 24.624111196163319, 59.390621510642198 ], [ 24.621539958363964, 59.388150009499242 ], [ 24.620201110839844, 59.388496398925781 ], [ 24.618019104003906, 59.389068603515618 ], [ 24.609041213989258, 59.39141845703125 ], [ 24.60796936351371, 59.39169285594572 ], [ 24.610644955406009, 59.394265660199594 ] ] ] } },
{ "type": "Feature", "properties": { "from_id": "64", "population": 340.29869385508727, "gravity_community": 0.0, "gravity_education": 0.0, "gravity_essential_services": 0.0, "gravity_food_and_drink": 1.0, "gravity_healthcare": 1.6322710885725533, "gravity_shelter": 0.0, "avg_gravity": 0.43871184809542552, "min_tt_community": null, "min_tt_education": null, "min_tt_essential_services": null, "min_tt_food_and_drink": null, "min_tt_healthcare": 21.0, "min_tt_shelter": null, "avg_tt_community": null, "avg_tt_education": null, "avg_tt_essential_services": null, "avg_tt_food_and_drink": null, "avg_tt_healthcare": 22.0, "avg_tt_shelter": null, "avg_tt_all": 22.0, "n_unreachable_categories": 5, "count_community": 0.0, "count_education": 0.0, "count_essential_services": 0.0, "count_food_and_drink": 1.0, "count_healthcare": 3.0, "count_shelter": 0.0, "gravity_community_per_100": 0.0, "gravity_education_per_100": 0.0, "gravity_essential_services_per_100": 0.0, "gravity_food_and_drink_per_100": 0.29385948816654578, "gravity_healthcare_per_100": 0.47965834663698098, "gravity_shelter_per_100": 0.0, "shannon": 0.56233515379654631, "kl_divergence": 1.301074062438218, "jsd": 0.54804886460489211, "city_similarity": 0.45195113539510789 }, "geometry": { "type": "Polygon", "coordinates": [ [ [ 24.700716399928314, 59.364764206631683 ], [ 24.691927450412358, 59.364608914334219 ], [ 24.68726851192627, 59.368416390556064 ], [ 24.69139938417641, 59.372379623912032 ], [ 24.700190340195615, 59.372534964008203 ], [ 24.704848417102859, 59.368727022941059 ], [ 24.700716399928314, 59.364764206631683 ] ] ] } },
{ "type": "Feature", "properties": { "from_id": "65", "population": 557.86664692855334, "gravity_community": 0.0, "gravity_education": 2.9988348332662498, "gravity_essential_services": 0.7793461344702759, "gravity_food_and_drink": 6.6148829127066557, "gravity_healthcare": 2.8530128188412798, "gravity_shelter": 7.1884771926882056, "avg_gravity": 3.405758981995445, "min_tt_community": null, "min_tt_education": 7.0, "min_tt_essential_services": 9.0, "min_tt_food_and_drink": 11.0, "min_tt_healthcare": 8.0, "min_tt_shelter": 9.0, "avg_tt_community": null, "avg_tt_education": 10.5, "avg_tt_essential_services": 9.0, "avg_tt_food_and_drink": 17.333333333333332, "avg_tt_healthcare": 12.75, "avg_tt_shelter": 15.636363636363637, "avg_tt_all": 13.043939393939393, "n_unreachable_categories": 1, "count_community": 0.0, "count_education": 4.0, "count_essential_services": 1.0, "count_food_and_drink": 10.0, "count_healthcare": 4.0, "count_shelter": 11.0, "gravity_community_per_100": 0.0, "gravity_education_per_100": 0.53755406417948381, "gravity_essential_services_per_100": 0.13970115237416009, "gravity_food_and_drink_per_100": 1.1857462619653316, "gravity_healthcare_per_100": 0.51141483982760283, "gravity_shelter_per_100": 1.2885655079517313, "shannon": 1.3847622570953102, "kl_divergence": 0.12737039322117852, "jsd": 0.18653917509116433, "city_similarity": 0.81346082490883564 }, "geometry": { "type": "Polygon", "coordinates": [ [ [ 24.71363851100535, 59.368881451128651 ], [ 24.704848417102859, 59.368727022941059 ], [ 24.700190340195615, 59.372534964008203 ], [ 24.70432321948693, 59.376497798059411 ], [ 24.713115320537145, 59.376652273783932 ], [ 24.717772534789578, 59.372843867911726 ], [ 24.71363851100535, 59.368881451128651 ] ] ] } },
{ "type": "Feature", "properties": { "from_id": "66", "population": 88.099966587950732, "gravity_community": 0.0, "gravity_education": 3.3868083055040143, "gravity_essential_services": 3.4333480625710355, "gravity_food_and_drink": 11.657589463233119, "gravity_healthcare": 3.0979028247111629, "gravity_shelter": 13.577566969981953, "avg_gravity": 5.8588692710002137, "min_tt_community": null, "min_tt_education": 11.0, "min_tt_essential_services": 13.0, "min_tt_food_and_drink": 7.0, "min_tt_healthcare": 13.0, "min_tt_shelter": 7.0, "avg_tt_community": null, "avg_tt_education": 14.2, "avg_tt_essential_services": 20.333333333333332, "avg_tt_food_and_drink": 19.277777777777779, "avg_tt_healthcare": 17.6, "avg_tt_shelter": 16.047619047619047, "avg_tt_all": 17.491746031746032, "n_unreachable_categories": 1, "count_community": 0.0, "count_education": 5.0, "count_essential_services": 6.0, "count_food_and_drink": 19.0, "count_healthcare": 5.0, "count_shelter": 21.0, "gravity_community_per_100": 0.0, "gravity_education_per_100": 3.8442787627200095, "gravity_essential_services_per_100": 3.8971048407192108, "gravity_food_and_drink_per_100": 13.232229153679958, "gravity_healthcare_per_100": 3.5163496022651808, "gravity_shelter_per_100": 15.411546105897084, "shannon": 1.4052758410207435, "kl_divergence": 0.10325624991608136, "jsd": 0.16690050332877773, "city_similarity": 0.83309949667122229 }, "geometry": { "type": "Polygon", "coordinates": [ [ [ 24.726563772646863, 59.372997431693548 ], [ 24.717772534789578, 59.372843867911726 ], [ 24.713115320537145, 59.376652273783932 ], [ 24.717250207514365, 59.380614708194003 ], [ 24.726043453163545, 59.380768319250812 ], [ 24.730699803684697, 59.376959448614002 ], [ 24.726563772646863, 59.372997431693548 ] ] ] } },
{ "type": "Feature", "properties": { "from_id": "67", "population": 96.426031717007064, "gravity_community": 1.1034704120717929, "gravity_education": 5.3968122538120795, "gravity_essential_services": 1.1990866398807101, "gravity_food_and_drink": 6.0434243825560365, "gravity_healthcare": 4.0957189110848402, "gravity_shelter": 1.7868072825071675, "avg_gravity": 3.2708866469854372, "min_tt_community": 20.0, "min_tt_education": 19.0, "min_tt_essential_services": 17.0, "min_tt_food_and_drink": 15.0, "min_tt_healthcare": 15.0, "min_tt_shelter": 10.0, "avg_tt_community": 21.5, "avg_tt_education": 22.3, "avg_tt_essential_services": 18.5, "avg_tt_food_and_drink": 21.111111111111111, "avg_tt_healthcare": 19.428571428571427, "avg_tt_shelter": 19.333333333333332, "avg_tt_all": 20.362169312169311, "n_unreachable_categories": 0, "count_community": 2.0, "count_education": 10.0, "count_essential_services": 2.0, "count_food_and_drink": 10.0, "count_healthcare": 7.0, "count_shelter": 3.0, "gravity_community_per_100": 1.1443698267188664, "gravity_education_per_100": 5.5968415973507506, "gravity_essential_services_per_100": 1.2435300079545035, "gravity_food_and_drink_per_100": 6.2674199849812258, "gravity_healthcare_per_100": 4.2475240743132865, "gravity_shelter_per_100": 1.8530341347563934, "shannon": 1.5927870401839019, "kl_divergence": 0.25840409363919253, "jsd": 0.24405988023799607, "city_similarity": 0.75594011976200393 }, "geometry": { "type": "Polygon", "coordinates": [ [ [ 24.700190340195615, 59.372534964008203 ], [ 24.69139938417641, 59.372379623912032 ], [ 24.686739300228009, 59.376187070055174 ], [ 24.690871033950046, 59.380150321278229 ], [ 24.699663997548605, 59.380305709194936 ], [ 24.70432321948693, 59.376497798059411 ], [ 24.700190340195615, 59.372534964008203 ] ] ] } },
{ "type": "Feature", "properties": { "from_id": "68", "population": 765.58743700138825, "gravity_community": 1.6463013027744409, "gravity_education": 4.070475772775537, "gravity_essential_services": 3.4268460315329117, "gravity_food_and_drink": 15.472754403492969, "gravity_healthcare": 3.664871399372875, "gravity_shelter": 8.8933215775152075, "avg_gravity": 6.1957617479106561, "min_tt_community": 21.0, "min_tt_education": 9.0, "min_tt_essential_services": 11.0, "min_tt_food_and_drink": 6.0, "min_tt_healthcare": 11.0, "min_tt_shelter": 7.0, "avg_tt_community": 21.666666666666668, "avg_tt_education": 14.166666666666666, "avg_tt_essential_services": 20.5, "avg_tt_food_and_drink": 20.08, "avg_tt_healthcare": 18.166666666666668, "avg_tt_shelter": 19.2, "avg_tt_all": 18.963333333333335, "n_unreachable_categories": 0, "count_community": 3.0, "count_education": 6.0, "count_essential_services": 6.0, "count_food_and_drink": 26.0, "count_healthcare": 6.0, "count_shelter": 15.0, "gravity_community_per_100": 0.21503765908471351, "gravity_education_per_100": 0.53168006370618592, "gravity_essential_services_per_100": 0.4476100136850466, "gravity_food_and_drink_per_100": 2.0210303429345475, "gravity_healthcare_per_100": 0.47870056668213451, "gravity_shelter_per_100": 1.1616336877663631, "shannon": 1.5323155095934813, "kl_divergence": 0.008683863559826286, "jsd": 0.045808873724822931, "city_similarity": 0.9541911262751771 }, "geometry": { "type": "Polygon", "coordinates": [ [ [ 24.713115320537145, 59.376652273783932 ], [ 24.70432321948693, 59.376497798059411 ], [ 24.699663997548605, 59.380305709194936 ], [ 24.703797739388328, 59.384268560998464 ], [ 24.712591848662885, 59.384423084281622 ], [ 24.717250207514365, 59.380614708194003 ], [ 24.713115320537145, 59.376652273783932 ] ] ] } },
{ "type": "Feature", "properties": { "from_id": "69", "population": 1111.6986599656611, "gravity_community": 0.50032369501323448, "gravity_education": 5.5632610265292, "gravity_essential_services": 6.9030302262043373, "gravity_food_and_drink": 24.408337792021886, "gravity_healthcare": 9.1405871042484712, "gravity_shelter": 16.307431981289852, "avg_gravity": 10.470495304217829, "min_tt_community": 25.0, "min_tt_education": 13.0, "min_tt_essential_services": 16.0, "min_tt_food_and_drink": 10.0, "min_tt_healthcare": 13.0, "min_tt_shelter": 4.0, "avg_tt_community": 25.0, "avg_tt_education": 17.555555555555557, "avg_tt_essential_services": 20.083333333333332, "avg_tt_food_and_drink": 19.525, "avg_tt_healthcare": 20.375, "avg_tt_shelter": 15.72, "avg_tt_all": 19.709814814814816, "n_unreachable_categories": 0, "count_community": 1.0, "count_education": 9.0, "count_essential_services": 12.0, "count_food_and_drink": 41.0, "count_healthcare": 16.0, "count_shelter": 25.0, "gravity_community_per_100": 0.04500533400199374, "gravity_education_per_100": 0.50042886861994074, "gravity_essential_services_per_100": 0.62094436872106717, "gravity_food_and_drink_per_100": 2.1955893868555916, "gravity_healthcare_per_100": 0.82221805543336823, "gravity_shelter_per_100": 1.4668931940417709, "shannon": 1.5032017565633278, "kl_divergence": 0.030393235872024832, "jsd": 0.088895245407806078, "city_similarity": 0.91110475459219398 }, "geometry": { "type": "Polygon", "coordinates": [ [ [ 24.726043453163545, 59.380768319250812 ], [ 24.717250207514365, 59.380614708194003 ], [ 24.712591848662885, 59.384423084281622 ], [ 24.716727599265546, 59.388385536329132 ], [ 24.725522853783762, 59.388539194682551 ], [ 24.730180348471105, 59.384730353683288 ], [ 24.726043453163545, 59.380768319250812 ] ] ] } },
{ "type": "Feature", "properties": { "from_id": "70", "population": 1316.0671336576836, "gravity_community": 5.5742985261035631, "gravity_education": 6.0742427730908286, "gravity_essential_services": 10.114178292781226, "gravity_food_and_drink": 28.135703282013758, "gravity_healthcare": 10.387114690667174, "gravity_shelter": 14.570658138653901, "avg_gravity": 12.476032617218408, "min_tt_community": 4.0, "min_tt_education": 10.0, "min_tt_essential_services": 14.0, "min_tt_food_and_drink": 9.0, "min_tt_healthcare": 8.0, "min_tt_shelter": 14.0, "avg_tt_community": 13.625, "avg_tt_education": 18.3, "avg_tt_essential_services": 18.941176470588236, "avg_tt_food_and_drink": 17.75, "avg_tt_healthcare": 18.176470588235293, "avg_tt_shelter": 21.03846153846154, "avg_tt_all": 17.971851432880843, "n_unreachable_categories": 0, "count_community": 8.0, "count_education": 10.0, "count_essential_services": 17.0, "count_food_and_drink": 45.0, "count_healthcare": 17.0, "count_shelter": 26.0, "gravity_community_per_100": 0.42355730825153098, "gravity_education_per_100": 0.46154505478827446, "gravity_essential_services_per_100": 0.76851537692240401, "gravity_food_and_drink_per_100": 2.137862314349992, "gravity_healthcare_per_100": 0.78925416682952587, "gravity_shelter_per_100": 1.1071363888678198, "shannon": 1.625184689366997, "kl_divergence": 0.041671130138895, "jsd": 0.099137173011580759, "city_similarity": 0.90086282698841924 }, "geometry": { "type": "Polygon", "coordinates": [ [ [ 24.699663997548605, 59.380305709194936 ], [ 24.690871033950046, 59.380150321278229 ], [ 24.686209803894037, 59.383957737331322 ], [ 24.690342399519093, 59.387921006431981 ], [ 24.699137371773929, 59.388076442191078 ], [ 24.703797739388328, 59.384268560998464 ], [ 24.699663997548605, 59.380305709194936 ] ] ] } },
{ "type": "Feature", "properties": { "from_id": "71", "population": 1512.8968225825558, "gravity_community": 2.5037269450377373, "gravity_education": 5.7215099745267768, "gravity_essential_services": 11.708227552537553, "gravity_food_and_drink": 33.864473691417473, "gravity_healthcare": 13.285365660459767, "gravity_shelter": 20.103660791316354, "avg_gravity": 14.531160769215944, "min_tt_community": 9.0, "min_tt_education": 10.0, "min_tt_essential_services": 14.0, "min_tt_food_and_drink": 4.0, "min_tt_healthcare": 16.0, "min_tt_shelter": 13.0, "avg_tt_community": 17.25, "avg_tt_education": 20.5, "avg_tt_essential_services": 19.45, "avg_tt_food_and_drink": 18.90909090909091, "avg_tt_healthcare": 21.416666666666668, "avg_tt_shelter": 20.142857142857142, "avg_tt_all": 19.611435786435788, "n_unreachable_categories": 0, "count_community": 4.0, "count_education": 10.0, "count_essential_services": 20.0, "count_food_and_drink": 56.0, "count_healthcare": 24.0, "count_shelter": 35.0, "gravity_community_per_100": 0.16549224690443912, "gravity_education_per_100": 0.3781824304951612, "gravity_essential_services_per_100": 0.77389464884666026, "gravity_food_and_drink_per_100": 2.238386199635868, "gravity_healthcare_per_100": 0.87814089250192806, "gravity_shelter_per_100": 1.3288190239568922, "shannon": 1.5501487052132328, "kl_divergence": 0.037057773991586745, "jsd": 0.09506400686231585, "city_similarity": 0.90493599313768414 }, "geometry": { "type": "Polygon", "coordinates": [ [ [ 24.712591848662885, 59.384423084281622 ], [ 24.703797739388328, 59.384268560998464 ], [ 24.699137371773929, 59.388076442191078 ], [ 24.703271976593999, 59.392039311757436 ], [ 24.712068095170334, 59.392193882620951 ], [ 24.716727599265546, 59.388385536329132 ], [ 24.712591848662885, 59.384423084281622 ] ] ] } },
{ "type": "Feature", "properties": { "from_id": "72", "population": 1095.2680611681333, "gravity_community": 2.20952792943153, "gravity_education": 3.7833411565535502, "gravity_essential_services": 11.532426748589051, "gravity_food_and_drink": 27.259430110433499, "gravity_healthcare": 11.62794271955261, "gravity_shelter": 13.899149435091477, "avg_gravity": 11.718636349941953, "min_tt_community": 18.0, "min_tt_education": 17.0, "min_tt_essential_services": 7.0, "min_tt_food_and_drink": 7.0, "min_tt_healthcare": 5.0, "min_tt_shelter": 11.0, "avg_tt_community": 21.5, "avg_tt_education": 22.285714285714285, "avg_tt_essential_services": 16.666666666666668, "avg_tt_food_and_drink": 19.022727272727273, "avg_tt_healthcare": 21.263157894736842, "avg_tt_shelter": 19.875, "avg_tt_all": 20.102211019974177, "n_unreachable_categories": 0, "count_community": 4.0, "count_education": 7.0, "count_essential_services": 18.0, "count_food_and_drink": 45.0, "count_healthcare": 20.0, "count_shelter": 24.0, "gravity_community_per_100": 0.20173398711864271, "gravity_education_per_100": 0.3454260459780516, "gravity_essential_services_per_100": 1.0529318947079862, "gravity_food_and_drink_per_100": 2.4888363932899291, "gravity_healthcare_per_100": 1.0616526795413985, "gravity_shelter_per_100": 1.2690180539244114, "shannon": 1.5615236965561408, "kl_divergence": 0.050748446206573858, "jsd": 0.11036565153095755, "city_similarity": 0.88963434846904244 }, "geometry": { "type": "Polygon", "coordinates": [ [ [ 24.725522853783762, 59.388539194682551 ], [ 24.716727599265546, 59.388385536329132 ], [ 24.712068095170334, 59.392193882620951 ], [ 24.716204709831167, 59.39615635231636 ], [ 24.725001974296365, 59.396310057987996 ], [ 24.729660613794302, 59.392501246637408 ], [ 24.725522853783762, 59.388539194682551 ] ] ] } },
{ "type": "Feature", "properties": { "from_id": "73", "population": 1740.7513341432009, "gravity_community": 3.5673961527198292, "gravity_education": 8.2155274283130773, "gravity_essential_services": 8.0495192138711786, "gravity_food_and_drink": 23.693024939312064, "gravity_healthcare": 10.142341080197173, "gravity_shelter": 31.101006039058532, "avg_gravity": 14.128135808911976, "min_tt_community": 13.0, "min_tt_education": 12.0, "min_tt_essential_services": 14.0, "min_tt_food_and_drink": 7.0, "min_tt_healthcare": 12.0, "min_tt_shelter": 13.0, "avg_tt_community": 19.0, "avg_tt_education": 19.5, "avg_tt_essential_services": 17.53846153846154, "avg_tt_food_and_drink": 17.0, "avg_tt_healthcare": 18.941176470588236, "avg_tt_shelter": 21.375, "avg_tt_all": 18.892439668174962, "n_unreachable_categories": 0, "count_community": 6.0, "count_education": 14.0, "count_essential_services": 13.0, "count_food_and_drink": 37.0, "count_healthcare": 17.0, "count_shelter": 56.0, "gravity_community_per_100": 0.20493427652466539, "gravity_education_per_100": 0.4719529588846626, "gravity_essential_services_per_100": 0.46241637481399134, "gravity_food_and_drink_per_100": 1.3610803837742733, "gravity_healthcare_per_100": 0.58264158017659895, "gravity_shelter_per_100": 1.7866426656720886, "shannon": 1.5486489289684158, "kl_divergence": 0.11471692434846517, "jsd": 0.16817297294383865, "city_similarity": 0.83182702705616141 }, "geometry": { "type": "Polygon", "coordinates": [ [ [ 24.699137371773929, 59.388076442191078 ], [ 24.690342399519093, 59.387921006431981 ], [ 24.685680022709693, 59.391728392383676 ], [ 24.689813480669184, 59.395691679372511 ], [ 24.698610462658028, 59.395847162995842 ], [ 24.703271976593999, 59.392039311757436 ], [ 24.699137371773929, 59.388076442191078 ] ] ] } },
{ "type": "Feature", "properties": { "from_id": "74", "population": 1528.7709514181815, "gravity_community": 1.9103684559069141, "gravity_education": 7.5862799136125503, "gravity_essential_services": 1.2810215219964789, "gravity_food_and_drink": 9.4026594050366032, "gravity_healthcare": 3.3939235319382011, "gravity_shelter": 2.7688328686164736, "avg_gravity": 4.3905142828512043, "min_tt_community": 14.0, "min_tt_education": 13.0, "min_tt_essential_services": 11.0, "min_tt_food_and_drink": 9.0, "min_tt_healthcare": 12.0, "min_tt_shelter": 19.0, "avg_tt_community": 16.333333333333332, "avg_tt_education": 19.615384615384617, "avg_tt_essential_services": 16.5, "avg_tt_food_and_drink": 18.714285714285715, "avg_tt_healthcare": 20.833333333333332, "avg_tt_shelter": 21.4, "avg_tt_all": 18.8993894993895, "n_unreachable_categories": 0, "count_community": 3.0, "count_education": 13.0, "count_essential_services": 2.0, "count_food_and_drink": 15.0, "count_healthcare": 6.0, "count_shelter": 5.0, "gravity_community_per_100": 0.12496106458163268, "gravity_education_per_100": 0.4962339130381207, "gravity_essential_services_per_100": 0.083794208727483013, "gravity_food_and_drink_per_100": 0.61504696935234948, "gravity_healthcare_per_100": 0.22200340271966768, "gravity_shelter_per_100": 0.1811149581333904, "shannon": 1.5695311739013569, "kl_divergence": 0.20538843008649821, "jsd": 0.21406452321870947, "city_similarity": 0.7859354767812905 }, "geometry": { "type": "Polygon", "coordinates": [ [ [ 24.660899366110733, 59.36794600214683 ], [ 24.652109842126105, 59.367788022107035 ], [ 24.647446031205629, 59.371594042501485 ], [ 24.651572603123139, 59.375558508186344 ], [ 24.660364133825773, 59.375716536853751 ], [ 24.665027085534302, 59.371910051199883 ], [ 24.660899366110733, 59.36794600214683 ] ] ] } },
{ "type": "Feature", "properties": { "from_id": "75", "population": 1632.2123237244034, "gravity_community": 0.5746466205894657, "gravity_education": 5.9592399279470527, "gravity_essential_services": 0.59078684204088361, "gravity_food_and_drink": 4.1141409415679764, "gravity_healthcare": 4.349834296705593, "gravity_shelter": 0.50032369501323448, "avg_gravity": 2.6814953873107008, "min_tt_community": 20.0, "min_tt_education": 10.0, "min_tt_essential_services": 19.0, "min_tt_food_and_drink": 15.0, "min_tt_healthcare": 5.0, "min_tt_shelter": 25.0, "avg_tt_community": 20.0, "avg_tt_education": 19.1, "avg_tt_essential_services": 19.0, "avg_tt_food_and_drink": 19.285714285714285, "avg_tt_healthcare": 15.4, "avg_tt_shelter": 25.0, "avg_tt_all": 19.630952380952383, "n_unreachable_categories": 0, "count_community": 1.0, "count_education": 10.0, "count_essential_services": 1.0, "count_food_and_drink": 7.0, "count_healthcare": 6.0, "count_shelter": 1.0, "gravity_community_per_100": 0.035206609595878402, "gravity_education_per_100": 0.36510200550068028, "gravity_essential_services_per_100": 0.036195465103021553, "gravity_food_and_drink_per_100": 0.25205917647896914, "gravity_healthcare_per_100": 0.26649929261531879, "gravity_shelter_per_100": 0.030653101176909961, "shannon": 1.4351050468993924, "kl_divergence": 0.46543807640005297, "jsd": 0.32880728099200907, "city_similarity": 0.67119271900799093 }, "geometry": { "type": "Polygon", "coordinates": [ [ [ 24.68726851192627, 59.368416390556064 ], [ 24.678478701369315, 59.368260186384319 ], [ 24.67381775648709, 59.372067167494968 ], [ 24.677947482736975, 59.376030817801151 ], [ 24.686739300228009, 59.376187070055174 ], [ 24.69139938417641, 59.372379623912032 ], [ 24.68726851192627, 59.368416390556064 ] ] ] } },
{ "type": "Feature", "properties": { "from_id": "76", "population": 666.92320020130501, "gravity_community": 3.8882843049404938, "gravity_education": 10.009254202047687, "gravity_essential_services": 1.8299885799588254, "gravity_food_and_drink": 11.881690071127139, "gravity_healthcare": 6.2479274073198958, "gravity_shelter": 2.7659119362976519, "avg_gravity": 6.1038427502819488, "min_tt_community": 14.0, "min_tt_education": 4.0, "min_tt_essential_services": 8.0, "min_tt_food_and_drink": 3.0, "min_tt_healthcare": 7.0, "min_tt_shelter": 19.0, "avg_tt_community": 21.428571428571427, "avg_tt_education": 17.5, "avg_tt_essential_services": 18.666666666666668, "avg_tt_food_and_drink": 18.722222222222221, "avg_tt_healthcare": 17.3, "avg_tt_shelter": 21.4, "avg_tt_all": 19.169576719576721, "n_unreachable_categories": 0, "count_community": 7.0, "count_education": 16.0, "count_essential_services": 3.0, "count_food_and_drink": 19.0, "count_healthcare": 10.0, "count_shelter": 5.0, "gravity_community_per_100": 0.58301830012313993, "gravity_education_per_100": 1.5008106179281933, "gravity_essential_services_per_100": 0.27439270059977805, "gravity_food_and_drink_per_100": 1.7815679627790355, "gravity_healthcare_per_100": 0.9368286191624482, "gravity_shelter_per_100": 0.41472720329159118, "shannon": 1.622744420119661, "kl_divergence": 0.26588264828468078, "jsd": 0.24593796367492904, "city_similarity": 0.75406203632507096 }, "geometry": { "type": "Polygon", "coordinates": [ [ [ 24.67381775648709, 59.372067167494968 ], [ 24.665027085534302, 59.371910051199883 ], [ 24.660364133825773, 59.375716536853751 ], [ 24.664492712999252, 59.379680604013544 ], [ 24.673285391316433, 59.379837768674612 ], [ 24.677947482736975, 59.376030817801151 ], [ 24.67381775648709, 59.372067167494968 ] ] ] } },
{ "type": "Feature", "properties": { "from_id": "77", "population": 1344.7731823254464, "gravity_community": 2.6191381888722391, "gravity_education": 4.5345975787042549, "gravity_essential_services": 0.55894734793711187, "gravity_food_and_drink": 4.5617070165878761, "gravity_healthcare": 2.4046133169368522, "gravity_shelter": 1.1335939685265775, "avg_gravity": 2.635432902927485, "min_tt_community": 7.0, "min_tt_education": 3.0, "min_tt_essential_services": 21.0, "min_tt_food_and_drink": 16.0, "min_tt_healthcare": 15.0, "min_tt_shelter": 20.0, "avg_tt_community": 16.0, "avg_tt_education": 16.428571428571427, "avg_tt_essential_services": 21.0, "avg_tt_food_and_drink": 20.375, "avg_tt_healthcare": 18.5, "avg_tt_shelter": 20.5, "avg_tt_all": 18.800595238095237, "n_unreachable_categories": 0, "count_community": 4.0, "count_education": 7.0, "count_essential_services": 1.0, "count_food_and_drink": 8.0, "count_healthcare": 4.0, "count_shelter": 2.0, "gravity_community_per_100": 0.1947643084570663, "gravity_education_per_100": 0.33720166629608206, "gravity_essential_services_per_100": 0.041564432967837239, "gravity_food_and_drink_per_100": 0.3392175778445814, "gravity_healthcare_per_100": 0.17881181366055199, "gravity_shelter_per_100": 0.084296294975656202, "shannon": 1.6144983606693506, "kl_divergence": 0.33520303213979552, "jsd": 0.27211110780320913, "city_similarity": 0.72788889219679087 }, "geometry": { "type": "Polygon", "coordinates": [ [ [ 24.660364133825773, 59.375716536853751 ], [ 24.651572603123139, 59.375558508186344 ], [ 24.646907644158652, 59.379364498037766 ], [ 24.65103507517928, 59.383328981954392 ], [ 24.659828613676108, 59.383487059271573 ], [ 24.664492712999252, 59.379680604013544 ], [ 24.660364133825773, 59.375716536853751 ] ] ] } },
{ "type": "Feature", "properties": { "from_id": "78", "population": 854.61128335850356, "gravity_community": 5.1808483238265621, "gravity_education": 8.5683467164970271, "gravity_essential_services": 3.9193110335181007, "gravity_food_and_drink": 15.250151301840775, "gravity_healthcare": 8.8547060341391735, "gravity_shelter": 4.9453896230844459, "avg_gravity": 7.7864588388176807, "min_tt_community": 6.0, "min_tt_education": 5.0, "min_tt_essential_services": 16.0, "min_tt_food_and_drink": 6.0, "min_tt_healthcare": 9.0, "min_tt_shelter": 17.0, "avg_tt_community": 16.125, "avg_tt_education": 18.071428571428573, "avg_tt_essential_services": 21.0, "avg_tt_food_and_drink": 19.0, "avg_tt_healthcare": 19.2, "avg_tt_shelter": 21.666666666666668, "avg_tt_all": 19.177182539682541, "n_unreachable_categories": 0, "count_community": 8.0, "count_education": 14.0, "count_essential_services": 7.0, "count_food_and_drink": 25.0, "count_healthcare": 15.0, "count_shelter": 9.0, "gravity_community_per_100": 0.60622278510840022, "gravity_education_per_100": 1.002601636948276, "gravity_essential_services_per_100": 0.45860745228120009, "gravity_food_and_drink_per_100": 1.7844547104397919, "gravity_healthcare_per_100": 1.0361091886525777, "gravity_shelter_per_100": 0.57867122976071084, "shannon": 1.6891270858695862, "kl_divergence": 0.15455012629792164, "jsd": 0.18889713771081257, "city_similarity": 0.81110286228918738 }, "geometry": { "type": "Polygon", "coordinates": [ [ [ 24.686739300228009, 59.376187070055174 ], [ 24.677947482736975, 59.376030817801151 ], [ 24.673285391316433, 59.379837768674612 ], [ 24.677415978392524, 59.383801436973037 ], [ 24.686209803894037, 59.383957737331322 ], [ 24.690871033950046, 59.380150321278229 ], [ 24.686739300228009, 59.376187070055174 ] ] ] } },
{ "type": "Feature", "properties": { "from_id": "79", "population": 1358.0480448815479, "gravity_community": 5.4251976898890577, "gravity_education": 9.5662784875981064, "gravity_essential_services": 4.2759430644487315, "gravity_food_and_drink": 17.848053347742244, "gravity_healthcare": 7.1635186910676101, "gravity_shelter": 16.197451526366955, "avg_gravity": 10.079407134518783, "min_tt_community": 6.0, "min_tt_education": 9.0, "min_tt_essential_services": 16.0, "min_tt_food_and_drink": 3.0, "min_tt_healthcare": 4.0, "min_tt_shelter": 5.0, "avg_tt_community": 14.375, "avg_tt_education": 19.0, "avg_tt_essential_services": 17.857142857142858, "avg_tt_food_and_drink": 17.444444444444443, "avg_tt_healthcare": 16.0, "avg_tt_shelter": 21.275862068965516, "avg_tt_all": 17.658741561758802, "n_unreachable_categories": 0, "count_community": 8.0, "count_education": 16.0, "count_essential_services": 7.0, "count_food_and_drink": 28.0, "count_healthcare": 11.0, "count_shelter": 29.0, "gravity_community_per_100": 0.39948496007460882, "gravity_education_per_100": 0.70441384777609251, "gravity_essential_services_per_100": 0.31485948384261242, "gravity_food_and_drink_per_100": 1.3142431458895103, "gravity_healthcare_per_100": 0.52748639623367888, "gravity_shelter_per_100": 1.192700920075308, "shannon": 1.6461453427429575, "kl_divergence": 0.099140050079533665, "jsd": 0.15468407114951896, "city_similarity": 0.84531592885048101 }, "geometry": { "type": "Polygon", "coordinates": [ [ [ 24.673285391316433, 59.379837768674612 ], [ 24.664492712999252, 59.379680604013544 ], [ 24.659828613676108, 59.383487059271573 ], [ 24.663958053029301, 59.387451144548734 ], [ 24.672752739787573, 59.387608357597884 ], [ 24.677415978392524, 59.383801436973037 ], [ 24.673285391316433, 59.379837768674612 ] ] ] } },
{ "type": "Feature", "properties": { "from_id": "80", "population": 1146.5523751268554, "gravity_community": 1.439356327563686, "gravity_education": 2.219604931056991, "gravity_essential_services": 0.0, "gravity_food_and_drink": 5.7556884867496603, "gravity_healthcare": 1.0890230132877954, "gravity_shelter": 2.6618474772020209, "avg_gravity": 2.1942533726433591, "min_tt_community": 9.0, "min_tt_education": 15.0, "min_tt_essential_services": null, "min_tt_food_and_drink": 8.0, "min_tt_healthcare": 20.0, "min_tt_shelter": 20.0, "avg_tt_community": 12.0, "avg_tt_education": 21.5, "avg_tt_essential_services": null, "avg_tt_food_and_drink": 19.25, "avg_tt_healthcare": 22.0, "avg_tt_shelter": 22.8, "avg_tt_all": 19.51, "n_unreachable_categories": 1, "count_community": 2.0, "count_education": 4.0, "count_essential_services": 0.0, "count_food_and_drink": 9.0, "count_healthcare": 2.0, "count_shelter": 5.0, "gravity_community_per_100": 0.12553777383300388, "gravity_education_per_100": 0.19358949309327558, "gravity_essential_services_per_100": 0.0, "gravity_food_and_drink_per_100": 0.50199961306720475, "gravity_healthcare_per_100": 0.094982404372700821, "gravity_shelter_per_100": 0.23216100153362049, "shannon": 1.4483162321886871, "kl_divergence": 0.1584214258897681, "jsd": 0.21373819653805293, "city_similarity": 0.78626180346194707 }, "geometry": { "type": "Polygon", "coordinates": [ [ [ 24.659828613676108, 59.383487059271573 ], [ 24.65103507517928, 59.383328981954392 ], [ 24.646368967523586, 59.387134941251148 ], [ 24.650497258076623, 59.391099443410226 ], [ 24.65929280544464, 59.391257569399428 ], [ 24.663958053029301, 59.387451144548734 ], [ 24.659828613676108, 59.383487059271573 ] ] ] } },
{ "type": "Feature", "properties": { "from_id": "81", "population": 1382.9706087453817, "gravity_community": 8.0719996923687596, "gravity_education": 20.032850403760069, "gravity_essential_services": 15.002028769852759, "gravity_food_and_drink": 50.85796660670384, "gravity_healthcare": 18.017377481004861, "gravity_shelter": 52.107682159328739, "avg_gravity": 27.348317518836506, "min_tt_community": 2.0, "min_tt_education": 6.0, "min_tt_essential_services": 1.0, "min_tt_food_and_drink": 1.0, "min_tt_healthcare": 3.0, "min_tt_shelter": 1.0, "avg_tt_community": 14.833333333333334, "avg_tt_education": 18.424242424242426, "avg_tt_essential_services": 16.521739130434781, "avg_tt_food_and_drink": 17.303797468354432, "avg_tt_healthcare": 16.642857142857142, "avg_tt_shelter": 18.839080459770116, "avg_tt_all": 17.094174993165371, "n_unreachable_categories": 0, "count_community": 12.0, "count_education": 33.0, "count_essential_services": 23.0, "count_food_and_drink": 80.0, "count_healthcare": 28.0, "count_shelter": 87.0, "gravity_community_per_100": 0.58367109476690937, "gravity_education_per_100": 1.4485376823686578, "gravity_essential_services_per_100": 1.0847684451849966, "gravity_food_and_drink_per_100": 3.677443778276801, "gravity_healthcare_per_100": 1.3028026313118874, "gravity_shelter_per_100": 3.7678083561443398, "shannon": 1.5808313724339937, "kl_divergence": 0.064348684409843898, "jsd": 0.12644367963809861, "city_similarity": 0.87355632036190145 }, "geometry": { "type": "Polygon", "coordinates": [ [ [ 24.686209803894037, 59.383957737331322 ], [ 24.677415978392524, 59.383801436973037 ], [ 24.672752739787573, 59.387608357597884 ], [ 24.676884188120479, 59.391572043899153 ], [ 24.685680022709693, 59.391728392383676 ], [ 24.690342399519093, 59.387921006431981 ], [ 24.686209803894037, 59.383957737331322 ] ] ] } },
{ "type": "Feature", "properties": { "from_id": "82", "population": 1469.400554736384, "gravity_community": 3.4929663387862586, "gravity_education": 10.081732355458747, "gravity_essential_services": 5.3470603690430272, "gravity_food_and_drink": 26.83989842180943, "gravity_healthcare": 9.761262049393542, "gravity_shelter": 32.850550252545695, "avg_gravity": 14.728911631172783, "min_tt_community": 14.0, "min_tt_education": 10.0, "min_tt_essential_services": 16.0, "min_tt_food_and_drink": 7.0, "min_tt_healthcare": 17.0, "min_tt_shelter": 9.0, "avg_tt_community": 19.666666666666668, "avg_tt_education": 19.176470588235293, "avg_tt_essential_services": 18.888888888888889, "avg_tt_food_and_drink": 19.40909090909091, "avg_tt_healthcare": 20.117647058823529, "avg_tt_shelter": 20.05263157894737, "avg_tt_all": 19.551899281775444, "n_unreachable_categories": 0, "count_community": 6.0, "count_education": 17.0, "count_essential_services": 9.0, "count_food_and_drink": 45.0, "count_healthcare": 17.0, "count_shelter": 57.0, "gravity_community_per_100": 0.23771369403170736, "gravity_education_per_100": 0.68611191978673558, "gravity_essential_services_per_100": 0.36389399417385615, "gravity_food_and_drink_per_100": 1.8265882869919432, "gravity_healthcare_per_100": 0.66430232504878484, "gravity_shelter_per_100": 2.2356429733646865, "shannon": 1.5165608572394196, "kl_divergence": 0.091738892370669012, "jsd": 0.1493503222090686, "city_similarity": 0.85064967779093137 }, "geometry": { "type": "Polygon", "coordinates": [ [ [ 24.672752739787573, 59.387608357597884 ], [ 24.663958053029301, 59.387451144548734 ], [ 24.65929280544464, 59.391257569399428 ], [ 24.663423105407638, 59.395221672804631 ], [ 24.672219801684513, 59.395378934263967 ], [ 24.676884188120479, 59.391572043899153 ], [ 24.672752739787573, 59.387608357597884 ] ] ] } },
{ "type": "Feature", "properties": { "from_id": "83", "population": 831.42137879595839, "gravity_community": 1.760644208087333, "gravity_education": 8.9950235869519677, "gravity_essential_services": 1.7917129884656613, "gravity_food_and_drink": 19.098695450926535, "gravity_healthcare": 5.8010644135139771, "gravity_shelter": 38.844882226591047, "avg_gravity": 12.715337145756086, "min_tt_community": 17.0, "min_tt_education": 10.0, "min_tt_essential_services": 16.0, "min_tt_food_and_drink": 8.0, "min_tt_healthcare": 15.0, "min_tt_shelter": 3.0, "avg_tt_community": 19.333333333333332, "avg_tt_education": 18.733333333333334, "avg_tt_essential_services": 18.666666666666668, "avg_tt_food_and_drink": 17.344827586206897, "avg_tt_healthcare": 19.8, "avg_tt_shelter": 18.953846153846154, "avg_tt_all": 18.805334512231067, "n_unreachable_categories": 0, "count_community": 3.0, "count_education": 15.0, "count_essential_services": 3.0, "count_food_and_drink": 30.0, "count_healthcare": 10.0, "count_shelter": 65.0, "gravity_community_per_100": 0.21176316281847954, "gravity_education_per_100": 1.0818850484670377, "gravity_essential_services_per_100": 0.21549999003638454, "gravity_food_and_drink_per_100": 2.2971138267559033, "gravity_healthcare_per_100": 0.69772855996497463, "gravity_shelter_per_100": 4.6721052906824623, "shannon": 1.3155726087942412, "kl_divergence": 0.25935470822695861, "jsd": 0.24940082690580123, "city_similarity": 0.75059917309419877 }, "geometry": { "type": "Polygon", "coordinates": [ [ [ 24.65929280544464, 59.391257569399428 ], [ 24.650497258076623, 59.391099443410226 ], [ 24.645830001082011, 59.394905372140776 ], [ 24.649959151597034, 59.39886989255298 ], [ 24.658756708914048, 59.399028067236465 ], [ 24.663423105407638, 59.395221672804631 ], [ 24.65929280544464, 59.391257569399428 ] ] ] } },
{ "type": "Feature", "properties": { "from_id": "84", "population": 1207.211632176917, "gravity_community": 3.4083079193674277, "gravity_education": 20.489644271492587, "gravity_essential_services": 11.976023736254287, "gravity_food_and_drink": 31.905725990392224, "gravity_healthcare": 19.009789739069216, "gravity_shelter": 53.969363884799257, "avg_gravity": 23.459809256895834, "min_tt_community": 16.0, "min_tt_education": 7.0, "min_tt_essential_services": 12.0, "min_tt_food_and_drink": 8.0, "min_tt_healthcare": 11.0, "min_tt_shelter": 3.0, "avg_tt_community": 20.5, "avg_tt_education": 19.6, "avg_tt_essential_services": 20.38095238095238, "avg_tt_food_and_drink": 19.222222222222221, "avg_tt_healthcare": 19.774193548387096, "avg_tt_shelter": 17.586206896551722, "avg_tt_all": 19.510595841352238, "n_unreachable_categories": 0, "count_community": 6.0, "count_education": 35.0, "count_essential_services": 21.0, "count_food_and_drink": 54.0, "count_healthcare": 32.0, "count_shelter": 87.0, "gravity_community_per_100": 0.28232894950004422, "gravity_education_per_100": 1.6972702818100271, "gravity_essential_services_per_100": 0.99204012097351946, "gravity_food_and_drink_per_100": 2.6429273161374276, "gravity_healthcare_per_100": 1.5746857661394145, "gravity_shelter_per_100": 4.4705801738737758, "shannon": 1.5703710301644269, "kl_divergence": 0.13386225097032811, "jsd": 0.18446165227148489, "city_similarity": 0.81553834772851508 }, "geometry": { "type": "Polygon", "coordinates": [ [ [ 24.685680022709693, 59.391728392383676 ], [ 24.676884188120479, 59.391572043899153 ], [ 24.672219801684513, 59.395378934263967 ], [ 24.676352111705146, 59.399342638578695 ], [ 24.685149956460084, 59.399499035211434 ], [ 24.689813480669184, 59.395691679372511 ], [ 24.685680022709693, 59.391728392383676 ] ] ] } },
{ "type": "Feature", "properties": { "from_id": "85", "population": 1048.1681951393884, "gravity_community": 4.5900159256900404, "gravity_education": 26.992304388893078, "gravity_essential_services": 17.767877283179114, "gravity_food_and_drink": 52.508079695615095, "gravity_healthcare": 20.763669061606958, "gravity_shelter": 68.281962519896183, "avg_gravity": 31.817318145813413, "min_tt_community": 12.0, "min_tt_education": 1.0, "min_tt_essential_services": 10.0, "min_tt_food_and_drink": 5.0, "min_tt_healthcare": 4.0, "min_tt_shelter": 6.0, "avg_tt_community": 20.25, "avg_tt_education": 18.888888888888889, "avg_tt_essential_services": 20.225806451612904, "avg_tt_food_and_drink": 19.195402298850574, "avg_tt_healthcare": 18.264705882352942, "avg_tt_shelter": 17.220183486238533, "avg_tt_all": 19.007497834657304, "n_unreachable_categories": 0, "count_community": 8.0, "count_education": 45.0, "count_essential_services": 31.0, "count_food_and_drink": 88.0, "count_healthcare": 34.0, "count_shelter": 109.0, "gravity_community_per_100": 0.43790833827767944, "gravity_education_per_100": 2.575188267881336, "gravity_essential_services_per_100": 1.6951360826986637, "gravity_food_and_drink_per_100": 5.0095089642204247, "gravity_healthcare_per_100": 1.9809482063940838, "gravity_shelter_per_100": 6.5144089313658142, "shannon": 1.5632146572974062, "kl_divergence": 0.086571822840689677, "jsd": 0.14698843764988556, "city_similarity": 0.85301156235011444 }, "geometry": { "type": "Polygon", "coordinates": [ [ [ 24.672219801684513, 59.395378934263967 ], [ 24.663423105407638, 59.395221672804631 ], [ 24.658756708914048, 59.399028067236465 ], [ 24.662887869917249, 59.402992188780331 ], [ 24.671686576791046, 59.403149498672008 ], [ 24.676352111705146, 59.399342638578695 ], [ 24.672219801684513, 59.395378934263967 ] ] ] } },
{ "type": "Feature", "properties": { "from_id": "86", "population": 2739.1781193857983, "gravity_community": 3.9770250399897007, "gravity_education": 23.671421265436958, "gravity_essential_services": 13.739865006694622, "gravity_food_and_drink": 41.497583728752005, "gravity_healthcare": 15.557294337046921, "gravity_shelter": 62.192697567487301, "avg_gravity": 26.772647824234586, "min_tt_community": 13.0, "min_tt_education": 8.0, "min_tt_essential_services": 4.0, "min_tt_food_and_drink": 6.0, "min_tt_healthcare": 5.0, "min_tt_shelter": 2.0, "avg_tt_community": 20.571428571428573, "avg_tt_education": 20.097560975609756, "avg_tt_essential_services": 20.458333333333332, "avg_tt_food_and_drink": 19.492753623188406, "avg_tt_healthcare": 20.148148148148149, "avg_tt_shelter": 17.49, "avg_tt_all": 19.709704108618038, "n_unreachable_categories": 0, "count_community": 7.0, "count_education": 41.0, "count_essential_services": 24.0, "count_food_and_drink": 70.0, "count_healthcare": 27.0, "count_shelter": 100.0, "gravity_community_per_100": 0.14519045007856088, "gravity_education_per_100": 0.86417970039658343, "gravity_essential_services_per_100": 0.50160538701205348, "gravity_food_and_drink_per_100": 1.5149647784882623, "gravity_healthcare_per_100": 0.56795482655707363, "gravity_shelter_per_100": 2.2704875278951437, "shannon": 1.5461968872079337, "kl_divergence": 0.1137021832156097, "jsd": 0.16792674819131109, "city_similarity": 0.83207325180868885 }, "geometry": { "type": "Polygon", "coordinates": [ [ [ 24.658756708914048, 59.399028067236465 ], [ 24.649959151597034, 59.39886989255298 ], [ 24.645290744615284, 59.402675790705715 ], [ 24.649420755522176, 59.406640329381837 ], [ 24.658220323866797, 59.406798552781822 ], [ 24.662887869917249, 59.402992188780331 ], [ 24.658756708914048, 59.399028067236465 ] ] ] } },
{ "type": "Feature", "properties": { "from_id": "87", "population": 4148.8862341199574, "gravity_community": 4.2963520023854063, "gravity_education": 31.963359549964981, "gravity_essential_services": 23.126167275935799, "gravity_food_and_drink": 65.126775159623406, "gravity_healthcare": 28.382463481317032, "gravity_shelter": 84.979830911319056, "avg_gravity": 39.645824730090951, "min_tt_community": 7.0, "min_tt_education": 4.0, "min_tt_essential_services": 8.0, "min_tt_food_and_drink": 2.0, "min_tt_healthcare": 6.0, "min_tt_shelter": 1.0, "avg_tt_community": 18.142857142857142, "avg_tt_education": 17.884615384615383, "avg_tt_essential_services": 19.051282051282051, "avg_tt_food_and_drink": 18.747663551401867, "avg_tt_healthcare": 18.51063829787234, "avg_tt_shelter": 16.548872180451127, "avg_tt_all": 18.147654768079985, "n_unreachable_categories": 0, "count_community": 7.0, "count_education": 52.0, "count_essential_services": 39.0, "count_food_and_drink": 108.0, "count_healthcare": 47.0, "count_shelter": 133.0, "gravity_community_per_100": 0.1035543459122284, "gravity_education_per_100": 0.77040819502598146, "gravity_essential_services_per_100": 0.55740663809358981, "gravity_food_and_drink_per_100": 1.5697411662924952, "gravity_healthcare_per_100": 0.68409837917229344, "gravity_shelter_per_100": 2.0482564745317631, "shannon": 1.5542609647722285, "kl_divergence": 0.086730456790700489, "jsd": 0.14758439721088351, "city_similarity": 0.85241560278911654 }, "geometry": { "type": "Polygon", "coordinates": [ [ [ 24.685149956460084, 59.399499035211434 ], [ 24.676352111705146, 59.399342638578695 ], [ 24.671686576791046, 59.403149498672008 ], [ 24.6758197489306, 59.407113221010817 ], [ 24.684619604930095, 59.4072696658138 ], [ 24.689284277185724, 59.403462340099011 ], [ 24.685149956460084, 59.399499035211434 ] ] ] } },
{ "type": "Feature", "properties": { "from_id": "88", "population": 6191.3601095466947, "gravity_community": 6.5220490198676888, "gravity_education": 31.156027916255173, "gravity_essential_services": 28.428257311203989, "gravity_food_and_drink": 76.704975360093229, "gravity_healthcare": 32.458691717410744, "gravity_shelter": 88.378851956562102, "avg_gravity": 43.941475546898822, "min_tt_community": 7.0, "min_tt_education": 5.0, "min_tt_essential_services": 8.0, "min_tt_food_and_drink": 8.0, "min_tt_healthcare": 8.0, "min_tt_shelter": 4.0, "avg_tt_community": 19.181818181818183, "avg_tt_education": 18.098039215686274, "avg_tt_essential_services": 19.125, "avg_tt_food_and_drink": 18.881889763779526, "avg_tt_healthcare": 19.254545454545454, "avg_tt_shelter": 17.41549295774648, "avg_tt_all": 18.659464262262652, "n_unreachable_categories": 0, "count_community": 11.0, "count_education": 51.0, "count_essential_services": 48.0, "count_food_and_drink": 128.0, "count_healthcare": 55.0, "count_shelter": 142.0, "gravity_community_per_100": 0.10534113513783656, "gravity_education_per_100": 0.50321782879685029, "gravity_essential_services_per_100": 0.45916013296285857, "gravity_food_and_drink_per_100": 1.2389034719821723, "gravity_healthcare_per_100": 0.52425785519019397, "gravity_shelter_per_100": 1.4274545559107017, "shannon": 1.5744075376123325, "kl_divergence": 0.066955506214800675, "jsd": 0.12978483892492049, "city_similarity": 0.87021516107507946 }, "geometry": { "type": "Polygon", "coordinates": [ [ [ 24.671686576791046, 59.403149498672008 ], [ 24.662887869917249, 59.402992188780331 ], [ 24.658220323866797, 59.406798552781822 ], [ 24.662352346340882, 59.410762692475053 ], [ 24.671153064890728, 59.410920050821176 ], [ 24.6758197489306, 59.407113221010817 ], [ 24.671686576791046, 59.403149498672008 ] ] ] } },
{ "type": "Feature", "properties": { "from_id": "89", "population": 5356.1205305638687, "gravity_community": 3.8885148130257594, "gravity_education": 17.351782007760942, "gravity_essential_services": 16.077781484064513, "gravity_food_and_drink": 49.281481578461033, "gravity_healthcare": 18.112255594374489, "gravity_shelter": 43.956118193729516, "avg_gravity": 24.777988945236043, "min_tt_community": 18.0, "min_tt_education": 10.0, "min_tt_essential_services": 4.0, "min_tt_food_and_drink": 2.0, "min_tt_healthcare": 5.0, "min_tt_shelter": 6.0, "avg_tt_community": 21.285714285714285, "avg_tt_education": 19.966666666666665, "avg_tt_essential_services": 16.48, "avg_tt_food_and_drink": 17.285714285714285, "avg_tt_healthcare": 19.774193548387096, "avg_tt_shelter": 18.602739726027398, "avg_tt_all": 18.899171418751624, "n_unreachable_categories": 0, "count_community": 7.0, "count_education": 30.0, "count_essential_services": 25.0, "count_food_and_drink": 78.0, "count_healthcare": 31.0, "count_shelter": 73.0, "gravity_community_per_100": 0.072599464310718079, "gravity_education_per_100": 0.32396175382435283, "gravity_essential_services_per_100": 0.30017587155328473, "gravity_food_and_drink_per_100": 0.92009657544567802, "gravity_healthcare_per_100": 0.33815997028109657, "gravity_shelter_per_100": 0.8206708184198015, "shannon": 1.5807353606004892, "kl_divergence": 0.045403741243514491, "jsd": 0.10696061668624758, "city_similarity": 0.89303938331375243 }, "geometry": { "type": "Polygon", "coordinates": [ [ [ 24.684619604930095, 59.4072696658138 ], [ 24.6758197489306, 59.407113221010817 ], [ 24.671153064890728, 59.410920050821176 ], [ 24.675287099580707, 59.414883791194683 ], [ 24.684088967904401, 59.415040284189914 ], [ 24.688754788853903, 59.411232988610649 ], [ 24.684619604930095, 59.4072696658138 ] ] ] } },
{ "type": "Feature", "properties": { "from_id": "90", "population": 7007.9078280409822, "gravity_community": 3.3911484398208636, "gravity_education": 18.155914038601434, "gravity_essential_services": 13.001670206705933, "gravity_food_and_drink": 31.024230754207501, "gravity_healthcare": 14.456777414570306, "gravity_shelter": 44.564651741552645, "avg_gravity": 20.765732099243113, "min_tt_community": 6.0, "min_tt_education": 7.0, "min_tt_essential_services": 8.0, "min_tt_food_and_drink": 6.0, "min_tt_healthcare": 7.0, "min_tt_shelter": 7.0, "avg_tt_community": 14.4, "avg_tt_education": 17.206896551724139, "avg_tt_essential_services": 15.95, "avg_tt_food_and_drink": 17.375, "avg_tt_healthcare": 17.0, "avg_tt_shelter": 19.513157894736842, "avg_tt_all": 16.907509074410161, "n_unreachable_categories": 0, "count_community": 5.0, "count_education": 29.0, "count_essential_services": 20.0, "count_food_and_drink": 49.0, "count_healthcare": 23.0, "count_shelter": 76.0, "gravity_community_per_100": 0.048390311674074031, "gravity_education_per_100": 0.25907752333661627, "gravity_essential_services_per_100": 0.18552855610745769, "gravity_food_and_drink_per_100": 0.44270317925799735, "gravity_healthcare_per_100": 0.20629234529489537, "gravity_shelter_per_100": 0.63591949031113926, "shannon": 1.5579473538035575, "kl_divergence": 0.12409682170276286, "jsd": 0.17664192354366626, "city_similarity": 0.82335807645633374 }, "geometry": { "type": "Polygon", "coordinates": [ [ [ 24.658220323866797, 59.406798552781822 ], [ 24.649420755522176, 59.406640329381837 ], [ 24.644751197904547, 59.410446196945124 ], [ 24.648882069633473, 59.414410753895822 ], [ 24.657683650085126, 59.414569026034606 ], [ 24.662352346340882, 59.410762692475053 ], [ 24.658220323866797, 59.406798552781822 ] ] ] } },
{ "type": "Feature", "properties": { "from_id": "91", "population": 5228.85751282212, "gravity_community": 3.4892062476868841, "gravity_education": 11.834444997705692, "gravity_essential_services": 12.072291370364876, "gravity_food_and_drink": 36.650144694498742, "gravity_healthcare": 14.987199833588214, "gravity_shelter": 33.622601431617795, "avg_gravity": 18.7759814292437, "min_tt_community": 16.0, "min_tt_education": 15.0, "min_tt_essential_services": 7.0, "min_tt_food_and_drink": 7.0, "min_tt_healthcare": 6.0, "min_tt_shelter": 6.0, "avg_tt_community": 19.666666666666668, "avg_tt_education": 20.80952380952381, "avg_tt_essential_services": 18.65, "avg_tt_food_and_drink": 19.672131147540984, "avg_tt_healthcare": 20.076923076923077, "avg_tt_shelter": 19.315789473684209, "avg_tt_all": 19.698505695723124, "n_unreachable_categories": 0, "count_community": 6.0, "count_education": 21.0, "count_essential_services": 20.0, "count_food_and_drink": 62.0, "count_healthcare": 26.0, "count_shelter": 57.0, "gravity_community_per_100": 0.066729801665673799, "gravity_education_per_100": 0.22632946047363994, "gravity_essential_services_per_100": 0.23087818592802345, "gravity_food_and_drink_per_100": 0.70092070026054154, "gravity_healthcare_per_100": 0.2866247511399353, "gravity_shelter_per_100": 0.64302003543162145, "shannon": 1.5822509059553971, "kl_divergence": 0.042966461204876821, "jsd": 0.10403090758258121, "city_similarity": 0.89596909241741884 }, "geometry": { "type": "Polygon", "coordinates": [ [ [ 24.671153064890728, 59.410920050821176 ], [ 24.662352346340882, 59.410762692475053 ], [ 24.657683650085126, 59.414569026034606 ], [ 24.661816534461074, 59.418533183887895 ], [ 24.67061926576692, 59.418690590710632 ], [ 24.675287099580707, 59.414883791194683 ], [ 24.671153064890728, 59.410920050821176 ] ] ] } },
{ "type": "Feature", "properties": { "from_id": "92", "population": 5018.4883355802913, "gravity_community": 5.0610752346383929, "gravity_education": 27.050366852015713, "gravity_essential_services": 25.805637404752073, "gravity_food_and_drink": 68.514002607345532, "gravity_healthcare": 31.037630398613754, "gravity_shelter": 67.325767213098132, "avg_gravity": 37.465746618410599, "min_tt_community": 11.0, "min_tt_education": 7.0, "min_tt_essential_services": 8.0, "min_tt_food_and_drink": 3.0, "min_tt_healthcare": 5.0, "min_tt_shelter": 2.0, "avg_tt_community": 16.875, "avg_tt_education": 17.863636363636363, "avg_tt_essential_services": 17.024390243902438, "avg_tt_food_and_drink": 17.287037037037038, "avg_tt_healthcare": 16.918367346938776, "avg_tt_shelter": 17.743119266055047, "avg_tt_all": 17.285258376261609, "n_unreachable_categories": 0, "count_community": 8.0, "count_education": 44.0, "count_essential_services": 41.0, "count_food_and_drink": 109.0, "count_healthcare": 49.0, "count_shelter": 109.0, "gravity_community_per_100": 0.10084860014032847, "gravity_education_per_100": 0.53901424180331114, "gravity_essential_services_per_100": 0.51421136563761982, "gravity_food_and_drink_per_100": 1.365231879121688, "gravity_healthcare_per_100": 0.61846572758896035, "gravity_shelter_per_100": 1.3415547214839387, "shannon": 1.5838557990574993, "kl_divergence": 0.058637941243579683, "jsd": 0.12188299775376098, "city_similarity": 0.87811700224623901 }, "geometry": { "type": "Polygon", "coordinates": [ [ [ 24.657683650085126, 59.414569026034606 ], [ 24.648882069633473, 59.414410753895822 ], [ 24.644211360730711, 59.418216590858108 ], [ 24.648343093712132, 59.42218116609412 ], [ 24.657146687351059, 59.42233948699397 ], [ 24.661816534461074, 59.418533183887895 ], [ 24.657683650085126, 59.414569026034606 ] ] ] } },
{ "type": "Feature", "properties": { "from_id": "93", "population": 3673.7429252948336, "gravity_community": 2.4250648345607493, "gravity_education": 5.9926029639118301, "gravity_essential_services": 8.511946546202342, "gravity_food_and_drink": 28.503095398471572, "gravity_healthcare": 10.483529277590865, "gravity_shelter": 20.505370343924906, "avg_gravity": 12.736934894110377, "min_tt_community": 7.0, "min_tt_education": 12.0, "min_tt_essential_services": 15.0, "min_tt_food_and_drink": 8.0, "min_tt_healthcare": 16.0, "min_tt_shelter": 5.0, "avg_tt_community": 18.75, "avg_tt_education": 22.09090909090909, "avg_tt_essential_services": 20.6, "avg_tt_food_and_drink": 19.595744680851062, "avg_tt_healthcare": 21.526315789473685, "avg_tt_shelter": 19.62857142857143, "avg_tt_all": 20.365256831634213, "n_unreachable_categories": 0, "count_community": 4.0, "count_education": 11.0, "count_essential_services": 15.0, "count_food_and_drink": 48.0, "count_healthcare": 19.0, "count_shelter": 35.0, "gravity_community_per_100": 0.066010738472293287, "gravity_education_per_100": 0.16311982318226304, "gravity_essential_services_per_100": 0.23169684758274756, "gravity_food_and_drink_per_100": 0.77585982411069432, "gravity_healthcare_per_100": 0.28536371463034571, "gravity_shelter_per_100": 0.55816018597107642, "shannon": 1.558999273671658, "kl_divergence": 0.02697447789491219, "jsd": 0.081864827006512667, "city_similarity": 0.91813517299348735 }, "geometry": { "type": "Polygon", "coordinates": [ [ [ 24.684088967904401, 59.415040284189914 ], [ 24.675287099580707, 59.414883791194683 ], [ 24.67061926576692, 59.418690590710632 ], [ 24.674754163439111, 59.422654349129438 ], [ 24.683558045167466, 59.422810890338994 ], [ 24.688225015458681, 59.419003624906651 ], [ 24.684088967904401, 59.415040284189914 ] ] ] } },
{ "type": "Feature", "properties": { "from_id": "94", "population": 2422.3769493164891, "gravity_community": 1.6798098553286789, "gravity_education": 6.9160445433099085, "gravity_essential_services": 14.605806330844933, "gravity_food_and_drink": 25.204461663863651, "gravity_healthcare": 12.630436276680074, "gravity_shelter": 30.155302688179944, "avg_gravity": 15.198643559701198, "min_tt_community": 19.0, "min_tt_education": 8.0, "min_tt_essential_services": 2.0, "min_tt_food_and_drink": 13.0, "min_tt_healthcare": 11.0, "min_tt_shelter": 4.0, "avg_tt_community": 21.0, "avg_tt_education": 20.166666666666668, "avg_tt_essential_services": 19.76, "avg_tt_food_and_drink": 20.86046511627907, "avg_tt_healthcare": 20.227272727272727, "avg_tt_shelter": 18.7, "avg_tt_all": 20.119067418369745, "n_unreachable_categories": 0, "count_community": 3.0, "count_education": 12.0, "count_essential_services": 25.0, "count_food_and_drink": 44.0, "count_healthcare": 22.0, "count_shelter": 50.0, "gravity_community_per_100": 0.069345518491771604, "gravity_education_per_100": 0.28550653709206475, "gravity_essential_services_per_100": 0.60295348892608092, "gravity_food_and_drink_per_100": 1.0404847053624531, "gravity_healthcare_per_100": 0.52140672327004867, "gravity_shelter_per_100": 1.2448641693312317, "shannon": 1.5646313898252351, "kl_divergence": 0.097279029177102655, "jsd": 0.15528981678430046, "city_similarity": 0.84471018321569957 }, "geometry": { "type": "Polygon", "coordinates": [ [ [ 24.712068095170334, 59.392193882620951 ], [ 24.703271976593999, 59.392039311757436 ], [ 24.698610462658028, 59.395847162995842 ], [ 24.702745930890668, 59.399810050335532 ], [ 24.711544059847022, 59.399964668801175 ], [ 24.716204709831167, 59.39615635231636 ], [ 24.712068095170334, 59.392193882620951 ] ] ] } },
{ "type": "Feature", "properties": { "from_id": "95", "population": 2201.2307469936018, "gravity_community": 4.1832822246119665, "gravity_education": 29.04050298893959, "gravity_essential_services": 24.484738564465697, "gravity_food_and_drink": 59.707652536963451, "gravity_healthcare": 25.417718729296574, "gravity_shelter": 80.800166720786834, "avg_gravity": 37.272343627510686, "min_tt_community": 12.0, "min_tt_education": 1.0, "min_tt_essential_services": 4.0, "min_tt_food_and_drink": 3.0, "min_tt_healthcare": 6.0, "min_tt_shelter": 1.0, "avg_tt_community": 18.857142857142858, "avg_tt_education": 17.021739130434781, "avg_tt_essential_services": 19.170731707317074, "avg_tt_food_and_drink": 19.282828282828284, "avg_tt_healthcare": 17.682926829268293, "avg_tt_shelter": 16.468253968253968, "avg_tt_all": 18.080603795874211, "n_unreachable_categories": 0, "count_community": 7.0, "count_education": 46.0, "count_essential_services": 41.0, "count_food_and_drink": 100.0, "count_healthcare": 41.0, "count_shelter": 126.0, "gravity_community_per_100": 0.19004287625572247, "gravity_education_per_100": 1.3192848150337053, "gravity_essential_services_per_100": 1.1123203961196018, "gravity_food_and_drink_per_100": 2.7124667697155784, "gravity_healthcare_per_100": 1.1547048742623462, "gravity_shelter_per_100": 3.6706813600138077, "shannon": 1.5560792785965352, "kl_divergence": 0.089296017454613325, "jsd": 0.14963639955894995, "city_similarity": 0.85036360044105008 }, "geometry": { "type": "Polygon", "coordinates": [ [ [ 24.698610462658028, 59.395847162995842 ], [ 24.689813480669184, 59.395691679372511 ], [ 24.685149956460084, 59.399499035211434 ], [ 24.689284277185724, 59.403462340099011 ], [ 24.698083269987116, 59.403617871608454 ], [ 24.702745930890668, 59.399810050335532 ], [ 24.698610462658028, 59.395847162995842 ] ] ] } },
{ "type": "Feature", "properties": { "from_id": "96", "population": 2294.0921998243239, "gravity_community": 1.0877711394194391, "gravity_education": 6.691290397482609, "gravity_essential_services": 16.441544631089631, "gravity_food_and_drink": 42.355513334029837, "gravity_healthcare": 18.039432397527655, "gravity_shelter": 34.795993135898158, "avg_gravity": 19.901924172574553, "min_tt_community": 21.0, "min_tt_education": 4.0, "min_tt_essential_services": 11.0, "min_tt_food_and_drink": 7.0, "min_tt_healthcare": 7.0, "min_tt_shelter": 8.0, "avg_tt_community": 22.0, "avg_tt_education": 18.454545454545453, "avg_tt_essential_services": 19.5, "avg_tt_food_and_drink": 20.84, "avg_tt_healthcare": 19.774193548387096, "avg_tt_shelter": 18.758620689655171, "avg_tt_all": 19.887893282097952, "n_unreachable_categories": 0, "count_community": 2.0, "count_education": 11.0, "count_essential_services": 28.0, "count_food_and_drink": 75.0, "count_healthcare": 31.0, "count_shelter": 58.0, "gravity_community_per_100": 0.047416191010227836, "gravity_education_per_100": 0.29167486808049875, "gravity_essential_services_per_100": 0.71669066449677499, "gravity_food_and_drink_per_100": 1.8462864455610513, "gravity_healthcare_per_100": 0.78634295513096952, "gravity_shelter_per_100": 1.5167652432872032, "shannon": 1.4847866866757082, "kl_divergence": 0.062410195454233403, "jsd": 0.12641005984709797, "city_similarity": 0.87358994015290203 }, "geometry": { "type": "Polygon", "coordinates": [ [ [ 24.725001974296365, 59.396310057987996 ], [ 24.716204709831167, 59.39615635231636 ], [ 24.711544059847022, 59.399964668801175 ], [ 24.715681538999075, 59.403927156154928 ], [ 24.724480814490008, 59.404080909166389 ], [ 24.729140599443433, 59.400272127475652 ], [ 24.725001974296365, 59.396310057987996 ] ] ] } },
{ "type": "Feature", "properties": { "from_id": "97", "population": 2594.050189493998, "gravity_community": 5.6629173453187285, "gravity_education": 36.143716997553689, "gravity_essential_services": 32.031644853110208, "gravity_food_and_drink": 91.767727506288779, "gravity_healthcare": 37.377590440793298, "gravity_shelter": 98.743444213815238, "avg_gravity": 50.287840226146649, "min_tt_community": 16.0, "min_tt_education": 5.0, "min_tt_essential_services": 8.0, "min_tt_food_and_drink": 5.0, "min_tt_healthcare": 6.0, "min_tt_shelter": 1.0, "avg_tt_community": 20.7, "avg_tt_education": 18.55, "avg_tt_essential_services": 18.471698113207548, "avg_tt_food_and_drink": 19.187096774193549, "avg_tt_healthcare": 17.967213114754099, "avg_tt_shelter": 16.916666666666668, "avg_tt_all": 18.632112444803646, "n_unreachable_categories": 0, "count_community": 10.0, "count_education": 60.0, "count_essential_services": 53.0, "count_food_and_drink": 155.0, "count_healthcare": 61.0, "count_shelter": 156.0, "gravity_community_per_100": 0.21830407785684947, "gravity_education_per_100": 1.393331445318102, "gravity_essential_services_per_100": 1.2348120704387135, "gravity_food_and_drink_per_100": 3.5376234383571905, "gravity_healthcare_per_100": 1.4408969646066974, "gravity_shelter_per_100": 3.8065356103644388, "shannon": 1.5593381025282025, "kl_divergence": 0.055748614818800932, "jsd": 0.11829736211530693, "city_similarity": 0.88170263788469305 }, "geometry": { "type": "Polygon", "coordinates": [ [ [ 24.711544059847022, 59.399964668801175 ], [ 24.702745930890668, 59.399810050335532 ], [ 24.698083269987116, 59.403617871608454 ], [ 24.702219602064847, 59.407580776732019 ], [ 24.711019742480275, 59.407735442821526 ], [ 24.715681538999075, 59.403927156154928 ], [ 24.711544059847022, 59.399964668801175 ] ] ] } },
{ "type": "Feature", "properties": { "from_id": "98", "population": 6205.289230864305, "gravity_community": 4.4813137000935761, "gravity_education": 31.682245216251296, "gravity_essential_services": 25.072824621725275, "gravity_food_and_drink": 66.045173747734495, "gravity_healthcare": 30.628272938709088, "gravity_shelter": 84.549168367988912, "avg_gravity": 40.409833098750433, "min_tt_community": 6.0, "min_tt_education": 6.0, "min_tt_essential_services": 4.0, "min_tt_food_and_drink": 2.0, "min_tt_healthcare": 4.0, "min_tt_shelter": 1.0, "avg_tt_community": 16.714285714285715, "avg_tt_education": 17.647058823529413, "avg_tt_essential_services": 17.3, "avg_tt_food_and_drink": 17.2, "avg_tt_healthcare": 18.530612244897959, "avg_tt_shelter": 18.266187050359711, "avg_tt_all": 17.609690638845468, "n_unreachable_categories": 0, "count_community": 7.0, "count_education": 51.0, "count_essential_services": 40.0, "count_food_and_drink": 103.0, "count_healthcare": 50.0, "count_shelter": 139.0, "gravity_community_per_100": 0.072217644228476929, "gravity_education_per_100": 0.51056838831408391, "gravity_essential_services_per_100": 0.40405569650188572, "gravity_food_and_drink_per_100": 1.0643367503199423, "gravity_healthcare_per_100": 0.49358332543740313, "gravity_shelter_per_100": 1.3625338839558405, "shannon": 1.5544293827701057, "kl_divergence": 0.10098702593088761, "jsd": 0.15952855539771552, "city_similarity": 0.84047144460228451 }, "geometry": { "type": "Polygon", "coordinates": [ [ [ 24.698083269987116, 59.403617871608454 ], [ 24.689284277185724, 59.403462340099011 ], [ 24.684619604930095, 59.4072696658138 ], [ 24.688754788853903, 59.411232988610649 ], [ 24.697555793547185, 59.411388568028109 ], [ 24.702219602064847, 59.407580776732019 ], [ 24.698083269987116, 59.403617871608454 ] ] ] } },
{ "type": "Feature", "properties": { "from_id": "99", "population": 2147.4105464688605, "gravity_community": 1.0725007689009916, "gravity_education": 14.714311031537699, "gravity_essential_services": 13.971443638256497, "gravity_food_and_drink": 31.447514789137141, "gravity_healthcare": 15.144255063880905, "gravity_shelter": 36.425122019832088, "avg_gravity": 18.795857885257554, "min_tt_community": 22.0, "min_tt_education": 10.0, "min_tt_essential_services": 13.0, "min_tt_food_and_drink": 7.0, "min_tt_healthcare": 2.0, "min_tt_shelter": 4.0, "avg_tt_community": 22.5, "avg_tt_education": 20.807692307692307, "avg_tt_essential_services": 21.16, "avg_tt_food_and_drink": 20.226415094339622, "avg_tt_healthcare": 21.185185185185187, "avg_tt_shelter": 18.366666666666667, "avg_tt_all": 20.707659875647298, "n_unreachable_categories": 0, "count_community": 2.0, "count_education": 26.0, "count_essential_services": 25.0, "count_food_and_drink": 54.0, "count_healthcare": 27.0, "count_shelter": 60.0, "gravity_community_per_100": 0.049943908986783213, "gravity_education_per_100": 0.6852118266687981, "gravity_essential_services_per_100": 0.65061819041685964, "gravity_food_and_drink_per_100": 1.4644388722430612, "gravity_healthcare_per_100": 0.70523333736921801, "gravity_shelter_per_100": 1.696234661775714, "shannon": 1.5739297700717063, "kl_divergence": 0.089067819208320978, "jsd": 0.15148739812169104, "city_similarity": 0.8485126018783089 }, "geometry": { "type": "Polygon", "coordinates": [ [ [ 24.724480814490008, 59.404080909166389 ], [ 24.715681538999075, 59.403927156154928 ], [ 24.711019742480275, 59.407735442821526 ], [ 24.71515808655688, 59.411697947844125 ], [ 24.723959374153115, 59.411851748217053 ], [ 24.72862030520745, 59.408042996197317 ], [ 24.724480814490008, 59.404080909166389 ] ] ] } },
{ "type": "Feature", "properties": { "from_id": "100", "population": 4743.0353844620849, "gravity_community": 8.0449696458990552, "gravity_education": 38.683125862520498, "gravity_essential_services": 25.522092944458851, "gravity_food_and_drink": 96.077980149559565, "gravity_healthcare": 29.603633657659248, "gravity_shelter": 96.218811014870894, "avg_gravity": 49.025102212494687, "min_tt_community": 12.0, "min_tt_education": 5.0, "min_tt_essential_services": 6.0, "min_tt_food_and_drink": 5.0, "min_tt_healthcare": 6.0, "min_tt_shelter": 2.0, "avg_tt_community": 20.142857142857142, "avg_tt_education": 20.089552238805972, "avg_tt_essential_services": 19.093023255813954, "avg_tt_food_and_drink": 20.738095238095237, "avg_tt_healthcare": 19.882352941176471, "avg_tt_shelter": 19.086419753086421, "avg_tt_all": 19.838716761639198, "n_unreachable_categories": 0, "count_community": 14.0, "count_education": 67.0, "count_essential_services": 43.0, "count_food_and_drink": 169.0, "count_healthcare": 51.0, "count_shelter": 162.0, "gravity_community_per_100": 0.16961647961248444, "gravity_education_per_100": 0.81557742514939324, "gravity_essential_services_per_100": 0.53809619527755959, "gravity_food_and_drink_per_100": 2.0256644187033808, "gravity_healthcare_per_100": 0.62414954260385813, "gravity_shelter_per_100": 2.0286336325906036, "shannon": 1.5386722243210476, "kl_divergence": 0.048514867845715487, "jsd": 0.10912980715005681, "city_similarity": 0.89087019284994318 }, "geometry": { "type": "Polygon", "coordinates": [ [ [ 24.711019742480275, 59.407735442821526 ], [ 24.702219602064847, 59.407580776732019 ], [ 24.697555793547185, 59.411388568028109 ], [ 24.701692989902838, 59.415351490946051 ], [ 24.710495142857198, 59.415506204681193 ], [ 24.71515808655688, 59.411697947844125 ], [ 24.711019742480275, 59.407735442821526 ] ] ] } },
{ "type": "Feature", "properties": { "from_id": "101", "population": 6806.6488780002601, "gravity_community": 5.194010310420845, "gravity_education": 18.029016059703238, "gravity_essential_services": 19.034867938096482, "gravity_food_and_drink": 60.37857636329413, "gravity_healthcare": 21.471404330631977, "gravity_shelter": 45.958768654176446, "avg_gravity": 28.344440609387188, "min_tt_community": 15.0, "min_tt_education": 11.0, "min_tt_essential_services": 7.0, "min_tt_food_and_drink": 1.0, "min_tt_healthcare": 12.0, "min_tt_shelter": 4.0, "avg_tt_community": 20.0, "avg_tt_education": 20.875, "avg_tt_essential_services": 18.6, "avg_tt_food_and_drink": 18.881188118811881, "avg_tt_healthcare": 19.864864864864863, "avg_tt_shelter": 18.539473684210527, "avg_tt_all": 19.460087777981212, "n_unreachable_categories": 0, "count_community": 9.0, "count_education": 32.0, "count_essential_services": 31.0, "count_food_and_drink": 101.0, "count_healthcare": 37.0, "count_shelter": 76.0, "gravity_community_per_100": 0.076307892525621271, "gravity_education_per_100": 0.26487360201544613, "gravity_essential_services_per_100": 0.2796510923256082, "gravity_food_and_drink_per_100": 0.88705290144234505, "gravity_healthcare_per_100": 0.31544750897948631, "gravity_shelter_per_100": 0.67520404648342558, "shannon": 1.5790720832829659, "kl_divergence": 0.0247985783758096, "jsd": 0.079076624205844825, "city_similarity": 0.92092337579415517 }, "geometry": { "type": "Polygon", "coordinates": [ [ [ 24.697555793547185, 59.411388568028109 ], [ 24.688754788853903, 59.411232988610649 ], [ 24.684088967904401, 59.415040284189914 ], [ 24.688225015458681, 59.419003624906651 ], [ 24.69702803312402, 59.41915925225404 ], [ 24.701692989902838, 59.415351490946051 ], [ 24.697555793547185, 59.411388568028109 ] ] ] } },
{ "type": "Feature", "properties": { "from_id": "102", "population": 3034.1112711654823, "gravity_community": 3.8693823483694447, "gravity_education": 22.023073891261788, "gravity_essential_services": 16.905929710067859, "gravity_food_and_drink": 64.067686900231507, "gravity_healthcare": 17.048811728494638, "gravity_shelter": 52.057797167903615, "avg_gravity": 29.328780291054812, "min_tt_community": 19.0, "min_tt_education": 4.0, "min_tt_essential_services": 4.0, "min_tt_food_and_drink": 1.0, "min_tt_healthcare": 4.0, "min_tt_shelter": 1.0, "avg_tt_community": 21.428571428571427, "avg_tt_education": 19.162162162162161, "avg_tt_essential_services": 19.793103448275861, "avg_tt_food_and_drink": 20.577981651376145, "avg_tt_healthcare": 20.7, "avg_tt_shelter": 18.5, "avg_tt_all": 20.026969781730934, "n_unreachable_categories": 0, "count_community": 7.0, "count_education": 37.0, "count_essential_services": 29.0, "count_food_and_drink": 111.0, "count_healthcare": 30.0, "count_shelter": 86.0, "gravity_community_per_100": 0.12752934887859643, "gravity_education_per_100": 0.72584924951688223, "gravity_essential_services_per_100": 0.55719544206346272, "gravity_food_and_drink_per_100": 2.1115800039733355, "gravity_healthcare_per_100": 0.56190463054262796, "gravity_shelter_per_100": 1.7157510887168894, "shannon": 1.527967294815662, "kl_divergence": 0.025891445928218154, "jsd": 0.080000220628870869, "city_similarity": 0.91999977937112909 }, "geometry": { "type": "Polygon", "coordinates": [ [ [ 24.723959374153115, 59.411851748217053 ], [ 24.71515808655688, 59.411697947844125 ], [ 24.710495142857198, 59.415506204681193 ], [ 24.714634352291998, 59.419468727383126 ], [ 24.723437653073912, 59.419622575139208 ], [ 24.728099730875087, 59.415813852801634 ], [ 24.723959374153115, 59.411851748217053 ] ] ] } },
{ "type": "Feature", "properties": { "from_id": "103", "population": 3896.8377103417524, "gravity_community": 4.0304933067130193, "gravity_education": 12.459866296229414, "gravity_essential_services": 14.465867870547031, "gravity_food_and_drink": 35.706636658074693, "gravity_healthcare": 15.329667774160901, "gravity_shelter": 43.418388825366122, "avg_gravity": 20.90182012184853, "min_tt_community": 16.0, "min_tt_education": 6.0, "min_tt_essential_services": 11.0, "min_tt_food_and_drink": 9.0, "min_tt_healthcare": 9.0, "min_tt_shelter": 9.0, "avg_tt_community": 20.0, "avg_tt_education": 19.238095238095237, "avg_tt_essential_services": 20.0, "avg_tt_food_and_drink": 20.05, "avg_tt_healthcare": 19.384615384615383, "avg_tt_shelter": 20.381578947368421, "avg_tt_all": 19.842381595013176, "n_unreachable_categories": 0, "count_community": 7.0, "count_education": 21.0, "count_essential_services": 25.0, "count_food_and_drink": 61.0, "count_healthcare": 26.0, "count_shelter": 76.0, "gravity_community_per_100": 0.10342984764329705, "gravity_education_per_100": 0.31974301272958799, "gravity_essential_services_per_100": 0.37122069087343068, "gravity_food_and_drink_per_100": 0.91629776018933118, "gravity_healthcare_per_100": 0.39338738006660506, "gravity_shelter_per_100": 1.1141954593115024, "shannon": 1.5667701332157653, "kl_divergence": 0.082465185303100694, "jsd": 0.14330464695707992, "city_similarity": 0.8566953530429201 }, "geometry": { "type": "Polygon", "coordinates": [ [ [ 24.710495142857198, 59.415506204681193 ], [ 24.701692989902838, 59.415351490946051 ], [ 24.69702803312402, 59.41915925225404 ], [ 24.701166094190715, 59.423122192976884 ], [ 24.709970260764688, 59.423276954379482 ], [ 24.714634352291998, 59.419468727383126 ], [ 24.710495142857198, 59.415506204681193 ] ] ] } },
{ "type": "Feature", "properties": { "from_id": "104", "population": 3451.7005063828174, "gravity_community": 0.0, "gravity_education": 1.6365278838093231, "gravity_essential_services": 6.9786709494140728, "gravity_food_and_drink": 22.219876251066683, "gravity_healthcare": 10.00858522898772, "gravity_shelter": 14.41594182773464, "avg_gravity": 9.2099336901687394, "min_tt_community": null, "min_tt_education": 18.0, "min_tt_essential_services": 16.0, "min_tt_food_and_drink": 8.0, "min_tt_healthcare": 16.0, "min_tt_shelter": 11.0, "avg_tt_community": null, "avg_tt_education": 22.0, "avg_tt_essential_services": 19.666666666666668, "avg_tt_food_and_drink": 19.305555555555557, "avg_tt_healthcare": 21.277777777777779, "avg_tt_shelter": 20.16, "avg_tt_all": 20.482, "n_unreachable_categories": 1, "count_community": 0.0, "count_education": 3.0, "count_essential_services": 12.0, "count_food_and_drink": 37.0, "count_healthcare": 18.0, "count_shelter": 25.0, "gravity_community_per_100": 0.0, "gravity_education_per_100": 0.047412221332154621, "gravity_essential_services_per_100": 0.20218066244476457, "gravity_food_and_drink_per_100": 0.64373708582126754, "gravity_healthcare_per_100": 0.28996099778877216, "gravity_shelter_per_100": 0.41764752767735674, "shannon": 1.4042214554535632, "kl_divergence": 0.10598242311659699, "jsd": 0.17344837159094784, "city_similarity": 0.82655162840905216 }, "geometry": { "type": "Polygon", "coordinates": [ [ [ 24.67061926576692, 59.418690590710632 ], [ 24.661816534461074, 59.418533183887895 ], [ 24.657146687351059, 59.42233948699397 ], [ 24.661280434060149, 59.426303663017976 ], [ 24.67008517920274, 59.426461118339532 ], [ 24.674754163439111, 59.422654349129438 ], [ 24.67061926576692, 59.418690590710632 ] ] ] } },
{ "type": "Feature", "properties": { "from_id": "105", "population": 2981.4025163449528, "gravity_community": 2.7514407732967001, "gravity_education": 9.5103523383494668, "gravity_essential_services": 15.970741712763981, "gravity_food_and_drink": 41.656832375983385, "gravity_healthcare": 19.443879606025668, "gravity_shelter": 24.823283678824279, "avg_gravity": 19.026088414207248, "min_tt_community": 20.0, "min_tt_education": 15.0, "min_tt_essential_services": 2.0, "min_tt_food_and_drink": 1.0, "min_tt_healthcare": 1.0, "min_tt_shelter": 6.0, "avg_tt_community": 21.6, "avg_tt_education": 21.058823529411764, "avg_tt_essential_services": 14.043478260869565, "avg_tt_food_and_drink": 14.929824561403509, "avg_tt_healthcare": 16.896551724137932, "avg_tt_shelter": 17.625, "avg_tt_all": 17.692279679303795, "n_unreachable_categories": 0, "count_community": 5.0, "count_education": 17.0, "count_essential_services": 23.0, "count_food_and_drink": 60.0, "count_healthcare": 30.0, "count_shelter": 40.0, "gravity_community_per_100": 0.092286793152298874, "gravity_education_per_100": 0.31898921015229681, "gravity_essential_services_per_100": 0.53567881643647686, "gravity_food_and_drink_per_100": 1.3972226878996712, "gravity_healthcare_per_100": 0.65217224106535165, "gravity_shelter_per_100": 0.83260423719157362, "shannon": 1.6014719361161589, "kl_divergence": 0.042312629553079607, "jsd": 0.10151451170196088, "city_similarity": 0.89848548829803909 }, "geometry": { "type": "Polygon", "coordinates": [ [ [ 24.661280434060149, 59.426303663017976 ], [ 24.657146687351059, 59.42233948699397 ], [ 24.648343093712132, 59.42218116609412 ], [ 24.643671232874464, 59.425986972443738 ], [ 24.647803827539143, 59.429951565975813 ], [ 24.653447282046553, 59.430053132518267 ], [ 24.653474807739258, 59.430038452148423 ], [ 24.653512954711914, 59.430027008056619 ], [ 24.653553009033203, 59.430015563964851 ], [ 24.653610229492188, 59.430007934570312 ], [ 24.653669357299805, 59.429992675781229 ], [ 24.653697967529297, 59.429981231689446 ], [ 24.65372467041016, 59.429969787597649 ], [ 24.653749465942383, 59.429954528808601 ], [ 24.653770446777344, 59.429935455322273 ], [ 24.653789520263672, 59.429908752441378 ], [ 24.653810501098633, 59.429889678955078 ], [ 24.653827667236328, 59.429870605468757 ], [ 24.653875350952148, 59.42983245849608 ], [ 24.653902053833008, 59.429805755615241 ], [ 24.653924942016605, 59.42978668212892 ], [ 24.653953552246094, 59.429767608642585 ], [ 24.654031753540039, 59.429725646972656 ], [ 24.654104232788086, 59.429691314697251 ], [ 24.654151916503906, 59.42967224121093 ], [ 24.654296875, 59.429618835449219 ], [ 24.654361724853516, 59.429599761962891 ], [ 24.65446662902832, 59.429573059082031 ], [ 24.654485702514648, 59.429569244384759 ], [ 24.654561996459964, 59.429553985595689 ], [ 24.654617309570312, 59.429546356201172 ], [ 24.654672622680668, 59.429534912109368 ], [ 24.654752731323242, 59.429515838623033 ], [ 24.654806137084961, 59.429504394531236 ], [ 24.654863357543945, 59.429500579833984 ], [ 24.654918670654297, 59.429496765136712 ], [ 24.655055999755859, 59.429477691650391 ], [ 24.655223846435547, 59.429462432861335 ], [ 24.655427932739258, 59.429447174072259 ], [ 24.655464172363281, 59.429443359375014 ], [ 24.65550422668457, 59.429435729980462 ], [ 24.655550003051758, 59.429435729980476 ], [ 24.655599594116211, 59.429439544677741 ], [ 24.655637741088867, 59.429439544677727 ], [ 24.655712127685547, 59.429439544677741 ], [ 24.655763626098633, 59.429443359375014 ], [ 24.655817031860352, 59.429443359375 ], [ 24.655874252319336, 59.429439544677741 ], [ 24.655900955200195, 59.429428100585938 ], [ 24.655990600585941, 59.429382324218736 ], [ 24.656013488769531, 59.429378509521491 ], [ 24.656030654907227, 59.429382324218736 ], [ 24.656116485595703, 59.429393768310547 ], [ 24.656171798706055, 59.429401397705099 ], [ 24.656215667724609, 59.429405212402344 ], [ 24.656261444091797, 59.429401397705099 ], [ 24.656314849853516, 59.429393768310561 ], [ 24.656351089477543, 59.429397583007798 ], [ 24.656408309936523, 59.429405212402337 ], [ 24.656488418579102, 59.429409027099609 ], [ 24.65650749206543, 59.429409027099609 ], [ 24.656549453735352, 59.429401397705099 ], [ 24.656585693359375, 59.429389953613274 ], [ 24.656715393066406, 59.429378509521491 ], [ 24.656808853149414, 59.429374694824226 ], [ 24.656847000122074, 59.42936706542968 ], [ 24.656906127929688, 59.429359436035156 ], [ 24.656972885131836, 59.429359436035142 ], [ 24.657045364379886, 59.429355621337884 ], [ 24.657127380371094, 59.429359436035156 ], [ 24.657167434692383, 59.429359436035156 ], [ 24.657222747802738, 59.429355621337905 ], [ 24.657333374023441, 59.429355621337869 ], [ 24.657541691697595, 59.429350347547356 ], [ 24.657649300056999, 59.429262667248771 ], [ 24.657619476318359, 59.42922210693358 ], [ 24.657613754272461, 59.429191589355483 ], [ 24.657665252685547, 59.429183959960938 ], [ 24.657745895432587, 59.429183959964298 ], [ 24.661280434060149, 59.426303663017976 ] ] ] } },
{ "type": "Feature", "properties": { "from_id": "106", "population": 2788.3650521544801, "gravity_community": 1.5720239756629839, "gravity_education": 2.342097795349309, "gravity_essential_services": 9.8613662686924624, "gravity_food_and_drink": 29.161452370884717, "gravity_healthcare": 13.708638564354752, "gravity_shelter": 16.783132648805143, "avg_gravity": 12.238118603958227, "min_tt_community": 23.0, "min_tt_education": 15.0, "min_tt_essential_services": 16.0, "min_tt_food_and_drink": 10.0, "min_tt_healthcare": 16.0, "min_tt_shelter": 14.0, "avg_tt_community": 23.333333333333332, "avg_tt_education": 19.5, "avg_tt_essential_services": 19.764705882352942, "avg_tt_food_and_drink": 20.142857142857142, "avg_tt_healthcare": 20.291666666666668, "avg_tt_shelter": 21.1, "avg_tt_all": 20.688760504201682, "n_unreachable_categories": 0, "count_community": 3.0, "count_education": 4.0, "count_essential_services": 17.0, "count_food_and_drink": 50.0, "count_healthcare": 24.0, "count_shelter": 30.0, "gravity_community_per_100": 0.056377983020850571, "gravity_education_per_100": 0.083995379067731649, "gravity_essential_services_per_100": 0.35366123460315579, "gravity_food_and_drink_per_100": 1.0458262037229522, "gravity_healthcare_per_100": 0.4916371532401228, "gravity_shelter_per_100": 0.60189868739881658, "shannon": 1.4854989770790974, "kl_divergence": 0.072744672941929794, "jsd": 0.13708132277200483, "city_similarity": 0.8629186772279952 }, "geometry": { "type": "Polygon", "coordinates": [ [ [ 24.683558045167466, 59.422810890338994 ], [ 24.674754163439111, 59.422654349129438 ], [ 24.67008517920274, 59.426461118339532 ], [ 24.674220940289235, 59.430424894814315 ], [ 24.683026836503519, 59.430581484260223 ], [ 24.687694956784824, 59.426774248986213 ], [ 24.683558045167466, 59.422810890338994 ] ] ] } },
{ "type": "Feature", "properties": { "from_id": "107", "population": 1260.0805559085418, "gravity_community": 0.51437639269832958, "gravity_education": 3.3197939107460623, "gravity_essential_services": 8.9068371068509169, "gravity_food_and_drink": 26.123132754807212, "gravity_healthcare": 14.25564100936932, "gravity_shelter": 15.983450197873932, "avg_gravity": 11.517205228724295, "min_tt_community": 24.0, "min_tt_education": 15.0, "min_tt_essential_services": 16.0, "min_tt_food_and_drink": 10.0, "min_tt_healthcare": 5.0, "min_tt_shelter": 13.0, "avg_tt_community": 24.0, "avg_tt_education": 21.5, "avg_tt_essential_services": 18.933333333333334, "avg_tt_food_and_drink": 19.534883720930232, "avg_tt_healthcare": 19.125, "avg_tt_shelter": 20.392857142857142, "avg_tt_all": 20.581012366186783, "n_unreachable_categories": 0, "count_community": 1.0, "count_education": 6.0, "count_essential_services": 15.0, "count_food_and_drink": 44.0, "count_healthcare": 24.0, "count_shelter": 28.0, "gravity_community_per_100": 0.040820913415924788, "gravity_education_per_100": 0.26345886341785729, "gravity_essential_services_per_100": 0.70684664286633003, "gravity_food_and_drink_per_100": 2.0731319622634716, "gravity_healthcare_per_100": 1.131327750636604, "gravity_shelter_per_100": 1.2684466975485995, "shannon": 1.4872043545913498, "kl_divergence": 0.07709920442253286, "jsd": 0.13864577002432929, "city_similarity": 0.86135422997567068 }, "geometry": { "type": "MultiPolygon", "coordinates": [ [ [ [ 24.674220940289235, 59.430424894814315 ], [ 24.67008517920274, 59.426461118339532 ], [ 24.661280434060149, 59.426303663017976 ], [ 24.657745895432587, 59.429183959964298 ], [ 24.657756805419922, 59.429183959960923 ], [ 24.657794952392582, 59.429214477539041 ], [ 24.657827377319336, 59.429241180419922 ], [ 24.657928466796875, 59.429302215576172 ], [ 24.657960891723633, 59.429332733154304 ], [ 24.657938003540043, 59.429370880126967 ], [ 24.657964706420902, 59.429412841796882 ], [ 24.65806770324707, 59.429424285888679 ], [ 24.658096313476562, 59.42943572998044 ], [ 24.658199310302734, 59.429473876953118 ], [ 24.658269882202148, 59.429492950439439 ], [ 24.658365249633789, 59.42950439453125 ], [ 24.658430099487305, 59.429515838623047 ], [ 24.658512115478516, 59.429531097412102 ], [ 24.658632278442383, 59.429546356201165 ], [ 24.658670425415039, 59.429546356201165 ], [ 24.658708572387695, 59.429534912109368 ], [ 24.658748626708984, 59.429515838623033 ], [ 24.658817291259766, 59.429500579833984 ], [ 24.658897399902344, 59.429508209228523 ], [ 24.658962249755859, 59.429523468017578 ], [ 24.65899658203125, 59.429523468017571 ], [ 24.659076690673828, 59.429504394531236 ], [ 24.659124374389648, 59.429504394531257 ], [ 24.659170150756836, 59.429512023925781 ], [ 24.659229278564453, 59.429534912109375 ], [ 24.659282684326175, 59.429546356201165 ], [ 24.659317016601562, 59.42956161499022 ], [ 24.659360885620117, 59.429561614990249 ], [ 24.659416198730469, 59.429557800292947 ], [ 24.659492492675785, 59.429565429687486 ], [ 24.659536361694336, 59.429569244384773 ], [ 24.659585952758789, 59.429573059082031 ], [ 24.659622192382816, 59.429580688476541 ], [ 24.65966796875, 59.429580688476577 ], [ 24.659713745117188, 59.429573059082031 ], [ 24.659761428833011, 59.429569244384759 ], [ 24.659828186035156, 59.429580688476577 ], [ 24.659856796264648, 59.42958068847657 ], [ 24.659887313842773, 59.429569244384759 ], [ 24.659900665283203, 59.429553985595689 ], [ 24.659912109375004, 59.429534912109389 ], [ 24.659933090209961, 59.429519653320305 ], [ 24.659961700439453, 59.429508209228523 ], [ 24.660036087036136, 59.429492950439453 ], [ 24.660066604614258, 59.429485321044929 ], [ 24.660097122192383, 59.429485321044943 ], [ 24.660144805908203, 59.429481506347656 ], [ 24.660234451293945, 59.429470062255852 ], [ 24.660289764404297, 59.429447174072251 ], [ 24.660335540771484, 59.429435729980462 ], [ 24.660402297973636, 59.429435729980462 ], [ 24.660472869873047, 59.429439544677741 ], [ 24.660514831542972, 59.429443359374986 ], [ 24.660554885864258, 59.429450988769538 ], [ 24.660610198974609, 59.429450988769545 ], [ 24.660654067993164, 59.429443359375 ], [ 24.660680770874023, 59.429431915283203 ], [ 24.660694122314453, 59.429412841796868 ], [ 24.660717010498047, 59.429405212402344 ], [ 24.660755157470707, 59.429405212402322 ], [ 24.660781860351562, 59.429409027099609 ], [ 24.66081428527832, 59.429409027099595 ], [ 24.660844802856445, 59.429405212402337 ], [ 24.660860061645508, 59.429386138916016 ], [ 24.660863876342773, 59.429317474365227 ], [ 24.66087532043457, 59.429298400878906 ], [ 24.662557601928711, 59.428943634033203 ], [ 24.663217544555664, 59.428840637207031 ], [ 24.663257598876953, 59.428836822509759 ], [ 24.663318634033203, 59.428825378417969 ], [ 24.663358688354492, 59.428817749023438 ], [ 24.66339111328125, 59.428806304931641 ], [ 24.663549423217773, 59.428703308105447 ], [ 24.66358757019043, 59.428688049316392 ], [ 24.663867950439453, 59.428619384765618 ], [ 24.663917541503906, 59.428615570068359 ], [ 24.663965225219727, 59.428604125976548 ], [ 24.664003372192383, 59.428592681884766 ], [ 24.664039611816406, 59.4285888671875 ], [ 24.664066314697266, 59.428615570068359 ], [ 24.664075851440433, 59.428638458251953 ], [ 24.664077758789062, 59.428665161132812 ], [ 24.664079666137695, 59.428680419921868 ], [ 24.664094924926758, 59.428688049316406 ], [ 24.66413688659668, 59.428722381591797 ], [ 24.664165496826172, 59.428741455078132 ], [ 24.664203643798828, 59.428756713867188 ], [ 24.664247512817383, 59.428779602050781 ], [ 24.664272308349609, 59.428798675537116 ], [ 24.664348602294922, 59.428886413574219 ], [ 24.664384841918949, 59.428939819335945 ], [ 24.66444206237793, 59.429004669189439 ], [ 24.664461135864258, 59.429042816162109 ], [ 24.664484024047852, 59.42906188964843 ], [ 24.664516448974609, 59.429077148437486 ], [ 24.66456413269043, 59.429084777832038 ], [ 24.664615631103516, 59.429084777832038 ], [ 24.664655685424805, 59.429080963134759 ], [ 24.664699554443363, 59.429069519042962 ], [ 24.664743423461918, 59.429069519042947 ], [ 24.664793014526367, 59.429088592529297 ], [ 24.664844512939453, 59.429115295410163 ], [ 24.664888381958008, 59.429138183593736 ], [ 24.664920806884766, 59.429168701171875 ], [ 24.664962768554688, 59.429195404052734 ], [ 24.664997100830078, 59.429218292236314 ], [ 24.665027618408207, 59.429225921630866 ], [ 24.665096282958984, 59.429229736328111 ], [ 24.665143966674805, 59.429218292236342 ], [ 24.665178298950199, 59.429191589355469 ], [ 24.665239334106445, 59.429183959960938 ], [ 24.665279388427734, 59.429195404052734 ], [ 24.665283203125, 59.429218292236328 ], [ 24.665250778198242, 59.429237365722649 ], [ 24.665189743041992, 59.429244995117188 ], [ 24.665117263793945, 59.42924880981446 ], [ 24.665075302124023, 59.429279327392592 ], [ 24.665081024169922, 59.429309844970696 ], [ 24.665122985839847, 59.429389953613274 ], [ 24.665124893188477, 59.42942810058593 ], [ 24.665103912353516, 59.429450988769538 ], [ 24.665058135986328, 59.429473876953132 ], [ 24.665014266967777, 59.429492950439439 ], [ 24.664968490600589, 59.429508209228523 ], [ 24.66490364074707, 59.429523468017592 ], [ 24.66484260559082, 59.429523468017578 ], [ 24.66480827331543, 59.429531097412116 ], [ 24.664779663085938, 59.429565429687472 ], [ 24.664777755737305, 59.429618835449205 ], [ 24.664764404296879, 59.429668426513658 ], [ 24.66475868225098, 59.42969894409179 ], [ 24.664735794067383, 59.429729461669893 ], [ 24.664688110351562, 59.429782867431634 ], [ 24.664665222167969, 59.429801940917962 ], [ 24.664615631103516, 59.42983245849608 ], [ 24.664535522460938, 59.42988586425782 ], [ 24.664512634277344, 59.429920196533189 ], [ 24.664506912231445, 59.429969787597649 ], [ 24.664491653442383, 59.430068969726548 ], [ 24.664484024047855, 59.430103302001932 ], [ 24.664484024047852, 59.430152893066406 ], [ 24.664487838745117, 59.430183410644538 ], [ 24.664506912231445, 59.430213928222642 ], [ 24.664527893066406, 59.430244445800781 ], [ 24.66456413269043, 59.430282592773438 ], [ 24.664623260498047, 59.430335998535149 ], [ 24.664663314819336, 59.430362701416016 ], [ 24.664716720581055, 59.430385589599602 ], [ 24.664787292480469, 59.430412292480469 ], [ 24.664810180664062, 59.430423736572251 ], [ 24.66505241394043, 59.430522918701165 ], [ 24.665117263793945, 59.430553436279297 ], [ 24.665199279785156, 59.430610656738274 ], [ 24.665241241455082, 59.43062591552733 ], [ 24.665328979492191, 59.430648803710938 ], [ 24.665449142456055, 59.430671691894545 ], [ 24.665510177612305, 59.430683135986328 ], [ 24.665515899658203, 59.430683135986328 ], [ 24.665586471557617, 59.430694580078125 ], [ 24.665693283081055, 59.430702209472678 ], [ 24.665729522705078, 59.430706024169922 ], [ 24.665855407714844, 59.430725097656257 ], [ 24.666069030761722, 59.430755615234347 ], [ 24.666196823120117, 59.430782318115227 ], [ 24.666227340698246, 59.430786132812493 ], [ 24.666393280029297, 59.43082427978517 ], [ 24.666479110717773, 59.430854797363288 ], [ 24.666543960571289, 59.430881500244134 ], [ 24.666593551635746, 59.430908203124986 ], [ 24.666620254516605, 59.430938720703132 ], [ 24.666664123535156, 59.430965423583984 ], [ 24.666696548461914, 59.430976867675781 ], [ 24.666713714599609, 59.430988311767571 ], [ 24.666744232177734, 59.431007385253899 ], [ 24.666767120361328, 59.431034088134773 ], [ 24.666765213012699, 59.431060791015625 ], [ 24.666786193847656, 59.431091308593757 ], [ 24.666833877563477, 59.431118011474616 ], [ 24.666893005371094, 59.431140899658196 ], [ 24.666980743408203, 59.431163787841804 ], [ 24.667057037353519, 59.431171417236314 ], [ 24.667140960693359, 59.431182861328132 ], [ 24.667205810546875, 59.431205749511705 ], [ 24.667240142822266, 59.431209564208991 ], [ 24.667314529418945, 59.431228637695298 ], [ 24.667322158813477, 59.431232452392571 ], [ 24.667730331420898, 59.431312561035156 ], [ 24.667776107788086, 59.431316375732429 ], [ 24.667835235595703, 59.431308746337876 ], [ 24.667854309082031, 59.431301116943345 ], [ 24.667869567871094, 59.431282043457024 ], [ 24.667877197265625, 59.4312744140625 ], [ 24.66789436340332, 59.4312744140625 ], [ 24.667924880981445, 59.431278228759766 ], [ 24.667974472045898, 59.431278228759766 ], [ 24.668052673339844, 59.431262969970717 ], [ 24.668087005615234, 59.431251525878906 ], [ 24.668113708496094, 59.431251525878892 ], [ 24.668140411376953, 59.431255340576165 ], [ 24.668205261230469, 59.431285858154297 ], [ 24.668266296386722, 59.431285858154283 ], [ 24.668304443359375, 59.431293487548821 ], [ 24.668333053588867, 59.431304931640646 ], [ 24.668331146240234, 59.431324005126953 ], [ 24.668384552001957, 59.431346893310533 ], [ 24.668413162231445, 59.431350708007798 ], [ 24.668491363525391, 59.431312561035156 ], [ 24.668527603149414, 59.431278228759773 ], [ 24.66856575012207, 59.431255340576165 ], [ 24.668617248535156, 59.431243896484361 ], [ 24.668680191040043, 59.431259155273445 ], [ 24.668718338012695, 59.431282043457038 ], [ 24.668783187866211, 59.431327819824226 ], [ 24.668830871582035, 59.431354522705085 ], [ 24.668880462646484, 59.431381225585909 ], [ 24.668962478637695, 59.431388854980462 ], [ 24.669090270996094, 59.431381225585938 ], [ 24.669172286987305, 59.431407928466783 ], [ 24.669282913208011, 59.431514739990234 ], [ 24.66935920715332, 59.431537628173828 ], [ 24.669435501098633, 59.431579589843764 ], [ 24.669500350952148, 59.43157958984375 ], [ 24.66954231262207, 59.431560516357393 ], [ 24.669570922851562, 59.43152236938478 ], [ 24.669616699218754, 59.431484222412102 ], [ 24.669633865356445, 59.43144607543946 ], [ 24.66966438293457, 59.431415557861314 ], [ 24.669713973999023, 59.431407928466797 ], [ 24.669801712036133, 59.431419372558594 ], [ 24.669822692871094, 59.431427001953125 ], [ 24.669832229614258, 59.431476593017578 ], [ 24.669824600219727, 59.431526184082031 ], [ 24.669805526733398, 59.431552886962884 ], [ 24.669820785522464, 59.431594848632798 ], [ 24.669790267944336, 59.431671142578132 ], [ 24.669757843017578, 59.431705474853494 ], [ 24.669704437255859, 59.431739807128892 ], [ 24.669689178466797, 59.431770324707031 ], [ 24.669696807861332, 59.43182754516603 ], [ 24.669662475585938, 59.431880950927734 ], [ 24.669677734375, 59.431903839111328 ], [ 24.669721603393555, 59.431949615478516 ], [ 24.669778823852539, 59.431995391845703 ], [ 24.669839859008793, 59.432029724121072 ], [ 24.669818878173828, 59.432075500488288 ], [ 24.669828414916992, 59.432113647460938 ], [ 24.669851303100586, 59.432140350341783 ], [ 24.669954299926758, 59.43214416503907 ], [ 24.670003890991211, 59.432064056396484 ], [ 24.670057296752933, 59.432033538818345 ], [ 24.67009162902832, 59.432029724121094 ], [ 24.670257568359375, 59.432048797607429 ], [ 24.670310974121094, 59.43206787109375 ], [ 24.670341491699219, 59.432106018066392 ], [ 24.670347213745117, 59.432151794433608 ], [ 24.670339584350586, 59.43220520019532 ], [ 24.670387268066406, 59.432258605957038 ], [ 24.670434951782227, 59.432296752929695 ], [ 24.670482635498047, 59.432319641113288 ], [ 24.670555114746094, 59.432285308837912 ], [ 24.670566558837891, 59.432270050048835 ], [ 24.670578002929691, 59.432262420654276 ], [ 24.670696258544922, 59.432270050048835 ], [ 24.670734405517578, 59.432285308837884 ], [ 24.670793533325195, 59.432289123535156 ], [ 24.670860290527344, 59.432296752929695 ], [ 24.670928955078129, 59.432323455810554 ], [ 24.670974731445312, 59.432353973388672 ], [ 24.671028137207031, 59.432376861572251 ], [ 24.671127319335938, 59.432373046875 ], [ 24.671226501464844, 59.432369232177756 ], [ 24.671331405639648, 59.432353973388658 ], [ 24.67138671875, 59.432353973388658 ], [ 24.671413421630859, 59.432376861572266 ], [ 24.671424865722656, 59.432411193847656 ], [ 24.671432495117188, 59.432445526123047 ], [ 24.671474456787109, 59.432476043701179 ], [ 24.671518325805664, 59.432487487792962 ], [ 24.671598434448242, 59.432472229003906 ], [ 24.671659469604492, 59.432468414306626 ], [ 24.671711839209877, 59.432470251848052 ], [ 24.674220940289235, 59.430424894814315 ] ] ], [ [ [ 24.657541691697595, 59.429350347547356 ], [ 24.657634735107422, 59.429347991943345 ], [ 24.657676696777344, 59.429313659667955 ], [ 24.65766716003418, 59.429286956787088 ], [ 24.657649300056999, 59.429262667248771 ], [ 24.657541691697595, 59.429350347547356 ] ] ] ] } },
{ "type": "Feature", "properties": { "from_id": "108", "population": 1279.4780523808777, "gravity_community": 0.60738039731376148, "gravity_education": 0.7793461344702759, "gravity_essential_services": 5.4600106477988444, "gravity_food_and_drink": 16.199220679021536, "gravity_healthcare": 4.1607093664950172, "gravity_shelter": 4.3283832538595446, "avg_gravity": 5.2558417464931635, "min_tt_community": 18.0, "min_tt_education": 9.0, "min_tt_essential_services": 15.0, "min_tt_food_and_drink": 11.0, "min_tt_healthcare": 15.0, "min_tt_shelter": 19.0, "avg_tt_community": 18.0, "avg_tt_education": 9.0, "avg_tt_essential_services": 18.111111111111111, "avg_tt_food_and_drink": 18.08, "avg_tt_healthcare": 18.857142857142858, "avg_tt_shelter": 22.25, "avg_tt_all": 17.383042328042329, "n_unreachable_categories": 0, "count_community": 1.0, "count_education": 1.0, "count_essential_services": 9.0, "count_food_and_drink": 26.0, "count_healthcare": 7.0, "count_shelter": 8.0, "gravity_community_per_100": 0.04747095084464608, "gravity_education_per_100": 0.060911254633876165, "gravity_essential_services_per_100": 0.42673734321888129, "gravity_food_and_drink_per_100": 1.2660803871451887, "gravity_healthcare_per_100": 0.32518802168999211, "gravity_shelter_per_100": 0.33829288793232559, "shannon": 1.3600430547615989, "kl_divergence": 0.095986019400323502, "jsd": 0.1607095738791269, "city_similarity": 0.83929042612087312 }, "geometry": { "type": "Polygon", "coordinates": [ [ [ 24.647803827539143, 59.429951565975813 ], [ 24.643130814116276, 59.433757341701138 ], [ 24.644864794919211, 59.4354206197237 ], [ 24.644931793212891, 59.435405731201165 ], [ 24.645034790039062, 59.435386657714858 ], [ 24.645132064819336, 59.435359954833977 ], [ 24.645254135131839, 59.435337066650384 ], [ 24.645370483398438, 59.435317993164062 ], [ 24.645437240600586, 59.435306549072266 ], [ 24.645463943481445, 59.435302734374993 ], [ 24.645563125610352, 59.435283660888686 ], [ 24.645706176757812, 59.435249328613281 ], [ 24.645746231079102, 59.435234069824219 ], [ 24.645904541015629, 59.435173034667969 ], [ 24.646005630493164, 59.435134887695334 ], [ 24.64616584777832, 59.43505859375 ], [ 24.646228790283203, 59.435035705566406 ], [ 24.646274566650391, 59.435012817382812 ], [ 24.646432876586914, 59.434898376464851 ], [ 24.646482467651367, 59.43486404418946 ], [ 24.646537780761719, 59.434833526611328 ], [ 24.6466064453125, 59.434814453124993 ], [ 24.646615982055664, 59.434799194335952 ], [ 24.646621704101562, 59.434780120849602 ], [ 24.646656036376953, 59.434761047363267 ], [ 24.646722793579102, 59.434745788574226 ], [ 24.646827697753906, 59.434734344482415 ], [ 24.646858215332031, 59.434726715087876 ], [ 24.646902084350586, 59.434715270996108 ], [ 24.646944046020508, 59.434703826904297 ], [ 24.64697265625, 59.434700012207031 ], [ 24.646991729736328, 59.4346923828125 ], [ 24.647041320800781, 59.43468475341799 ], [ 24.6470947265625, 59.434680938720689 ], [ 24.647205352783203, 59.434654235839844 ], [ 24.647294998168945, 59.434642791748033 ], [ 24.647329330444336, 59.434635162353501 ], [ 24.647363662719727, 59.434623718261719 ], [ 24.647377014160156, 59.434619903564453 ], [ 24.647401809692383, 59.434612274169915 ], [ 24.647441864013672, 59.434597015380859 ], [ 24.647489547729492, 59.434566497802741 ], [ 24.647523880004886, 59.434551239013672 ], [ 24.64759635925293, 59.434532165527351 ], [ 24.64771842956543, 59.434478759765625 ], [ 24.647737503051758, 59.434467315673828 ], [ 24.64776611328125, 59.434440612792969 ], [ 24.647821426391605, 59.434402465820305 ], [ 24.647838592529297, 59.43438339233397 ], [ 24.647844314575195, 59.434371948242202 ], [ 24.647846221923828, 59.434356689453132 ], [ 24.647855758666992, 59.434345245361321 ], [ 24.647857666015625, 59.434329986572259 ], [ 24.647848129272461, 59.434299468994141 ], [ 24.647821426391602, 59.434268951416016 ], [ 24.647838592529297, 59.434253692626953 ], [ 24.647871017456055, 59.434234619140618 ], [ 24.647893905639648, 59.43421554565429 ], [ 24.647956848144531, 59.434150695800781 ], [ 24.647993087768555, 59.434116363525398 ], [ 24.648048400878906, 59.434074401855469 ], [ 24.64808464050293, 59.434040069580092 ], [ 24.648115158081055, 59.434017181396484 ], [ 24.648151397705078, 59.433994293212876 ], [ 24.648212432861332, 59.433944702148452 ], [ 24.648370742797852, 59.433853149414062 ], [ 24.648393630981445, 59.433830261230469 ], [ 24.648426055908203, 59.433811187744148 ], [ 24.648460388183594, 59.433803558349609 ], [ 24.648529052734375, 59.433792114257798 ], [ 24.648553848266605, 59.433780670166001 ], [ 24.648639678955078, 59.43376159667968 ], [ 24.648687362670898, 59.433750152587884 ], [ 24.64872932434082, 59.433731079101577 ], [ 24.648765563964844, 59.433712005615234 ], [ 24.648780822753906, 59.433685302734375 ], [ 24.648818969726562, 59.433673858642564 ], [ 24.648900985717777, 59.433662414550767 ], [ 24.648944854736328, 59.433647155761712 ], [ 24.648981094360352, 59.433639526367173 ], [ 24.648994445800781, 59.433631896972649 ], [ 24.649044036865234, 59.433631896972649 ], [ 24.649133682250977, 59.433620452880852 ], [ 24.649168014526367, 59.433612823486328 ], [ 24.649229049682621, 59.433609008789041 ], [ 24.649282455444336, 59.433605194091797 ], [ 24.649328231811523, 59.433589935302749 ], [ 24.649345397949219, 59.433582305908203 ], [ 24.649345397949219, 59.433570861816406 ], [ 24.649322509765625, 59.433559417724609 ], [ 24.64933013916016, 59.433544158935533 ], [ 24.649370193481445, 59.433536529541009 ], [ 24.6494140625, 59.43353271484375 ], [ 24.649431228637695, 59.433525085449212 ], [ 24.649448394775391, 59.43351745605468 ], [ 24.649503707885742, 59.433483123779297 ], [ 24.649526596069336, 59.433464050292976 ], [ 24.649532318115238, 59.433444976806619 ], [ 24.649532318115234, 59.433425903320312 ], [ 24.649551391601562, 59.433406829833977 ], [ 24.64960861206055, 59.433357238769517 ], [ 24.64971923828125, 59.433288574218736 ], [ 24.649742126464844, 59.433265686035142 ], [ 24.649744033813477, 59.433261871337891 ], [ 24.649755477905273, 59.433238983154297 ], [ 24.649755477905273, 59.433231353759759 ], [ 24.649755477905273, 59.433193206787109 ], [ 24.649757385253906, 59.433185577392585 ], [ 24.649774551391602, 59.43316650390625 ], [ 24.649812698364258, 59.433135986328132 ], [ 24.649869918823242, 59.433094024658217 ], [ 24.649932861328125, 59.433044433593757 ], [ 24.649961471557617, 59.433021545410149 ], [ 24.649988174438477, 59.432991027832003 ], [ 24.650001525878906, 59.432968139648423 ], [ 24.650030136108398, 59.432949066162088 ], [ 24.650053024291992, 59.432922363281243 ], [ 24.65017127990723, 59.432834625244126 ], [ 24.650190353393555, 59.432807922363274 ], [ 24.65021896362305, 59.432785034179688 ], [ 24.65024566650391, 59.432769775390632 ], [ 24.650285720825195, 59.432754516601548 ], [ 24.650405883789062, 59.432716369628906 ], [ 24.650447845458984, 59.432689666748054 ], [ 24.650487899780277, 59.432670593261705 ], [ 24.65052604675293, 59.432651519775398 ], [ 24.650552749633789, 59.432632446289062 ], [ 24.650598526000977, 59.432582855224602 ], [ 24.650644302368164, 59.432556152343736 ], [ 24.65068435668945, 59.432540893554702 ], [ 24.650716781616211, 59.432540893554688 ], [ 24.650764465332031, 59.432548522949219 ], [ 24.6507682800293, 59.432529449462876 ], [ 24.650751113891602, 59.432506561279297 ], [ 24.650760650634766, 59.432495117187472 ], [ 24.650794982910156, 59.432476043701179 ], [ 24.65084266662598, 59.432415008544929 ], [ 24.65084266662598, 59.432384490966783 ], [ 24.650844573974609, 59.432365417480469 ], [ 24.650859832763672, 59.432353973388672 ], [ 24.650888442993164, 59.432338714599609 ], [ 24.650922775268555, 59.432319641113274 ], [ 24.650945663452148, 59.432296752929695 ], [ 24.650976181030273, 59.432273864746101 ], [ 24.651031494140625, 59.432243347167955 ], [ 24.651060104370117, 59.432209014892592 ], [ 24.651103973388672, 59.432163238525391 ], [ 24.651132583618164, 59.432140350341797 ], [ 24.651163101196289, 59.43212509155272 ], [ 24.651195526123047, 59.432102203369155 ], [ 24.651222229003906, 59.432079315185547 ], [ 24.651224136352539, 59.432060241699212 ], [ 24.651229858398441, 59.43205261230468 ], [ 24.651252746582031, 59.432037353515632 ], [ 24.651271820068359, 59.431995391845703 ], [ 24.651311874389648, 59.431980133056634 ], [ 24.651348114013672, 59.431968688964858 ], [ 24.651371002197266, 59.43195724487304 ], [ 24.651382446289062, 59.431938171386705 ], [ 24.651384353637695, 59.431903839111335 ], [ 24.651390075683594, 59.431884765625007 ], [ 24.651403427124023, 59.431858062744134 ], [ 24.651403427124023, 59.431831359863267 ], [ 24.651433944702148, 59.431808471679673 ], [ 24.651456832885742, 59.431785583496101 ], [ 24.651494979858398, 59.431766510009787 ], [ 24.651529312133789, 59.431755065917976 ], [ 24.651552200317383, 59.431743621826179 ], [ 24.651584625244141, 59.431732177734382 ], [ 24.651639938354492, 59.43171691894532 ], [ 24.651689529418945, 59.431697845458999 ], [ 24.651723861694336, 59.431678771972642 ], [ 24.651792526245117, 59.431640625 ], [ 24.65181922912598, 59.431621551513658 ], [ 24.65184211730957, 59.431598663330071 ], [ 24.651874542236328, 59.431583404541001 ], [ 24.651927947998047, 59.431556701660156 ], [ 24.652095794677734, 59.431453704833999 ], [ 24.652158737182617, 59.431423187255866 ], [ 24.652179718017582, 59.431415557861307 ], [ 24.652219772338871, 59.431404113769517 ], [ 24.652240753173828, 59.431400299072259 ], [ 24.65226936340332, 59.431388854980476 ], [ 24.65229606628418, 59.431369781494141 ], [ 24.652326583862305, 59.431327819824197 ], [ 24.652332305908203, 59.431304931640646 ], [ 24.652332305908207, 59.431293487548821 ], [ 24.652345657348633, 59.4312744140625 ], [ 24.65239143371582, 59.431236267089851 ], [ 24.652437210083008, 59.431182861328132 ], [ 24.652439117431641, 59.431148529052727 ], [ 24.652490615844727, 59.431060791015625 ], [ 24.652524948120117, 59.431034088134773 ], [ 24.652551651000977, 59.431007385253899 ], [ 24.652572631835938, 59.430976867675781 ], [ 24.652597427368164, 59.430950164794929 ], [ 24.652599334716797, 59.430927276611335 ], [ 24.652614593505859, 59.43089294433593 ], [ 24.652656555175781, 59.430839538574219 ], [ 24.652692794799805, 59.430812835693374 ], [ 24.652763366699222, 59.430786132812507 ], [ 24.652822494506839, 59.430755615234361 ], [ 24.652885437011719, 59.430736541748054 ], [ 24.652927398681641, 59.430725097656257 ], [ 24.6529541015625, 59.430725097656271 ], [ 24.652971267700195, 59.430721282958984 ], [ 24.652980804443359, 59.43071365356446 ], [ 24.652980804443359, 59.430706024169922 ], [ 24.652965545654297, 59.430702209472663 ], [ 24.652933120727539, 59.430694580078125 ], [ 24.652927398681641, 59.430683135986328 ], [ 24.652935028076172, 59.430664062499993 ], [ 24.652971267700195, 59.430629730224602 ], [ 24.653030395507812, 59.430549621582024 ], [ 24.652990341186523, 59.43048477172853 ], [ 24.653007507324219, 59.430442810058615 ], [ 24.653078079223636, 59.430335998535149 ], [ 24.653158187866211, 59.430244445800774 ], [ 24.653194427490234, 59.430206298828132 ], [ 24.653244018554688, 59.430168151855476 ], [ 24.653352737426758, 59.43009948730468 ], [ 24.653413772583011, 59.430072784423814 ], [ 24.653446197509769, 59.430053710937507 ], [ 24.653447282046553, 59.430053132518267 ], [ 24.647803827539143, 59.429951565975813 ] ] ] } },
{ "type": "Feature", "properties": { "from_id": "109", "population": 2340.4534584572034, "gravity_community": 0.48665491524317583, "gravity_education": 1.901102924482367, "gravity_essential_services": 1.087353954837329, "gravity_food_and_drink": 5.1351289568417275, "gravity_healthcare": 5.1369341277418883, "gravity_shelter": 3.9416331042735928, "avg_gravity": 2.9481346639033466, "min_tt_community": 26.0, "min_tt_education": 9.0, "min_tt_essential_services": 22.0, "min_tt_food_and_drink": 6.0, "min_tt_healthcare": 16.0, "min_tt_shelter": 15.0, "avg_tt_community": 26.0, "avg_tt_education": 17.0, "avg_tt_essential_services": 22.0, "avg_tt_food_and_drink": 16.625, "avg_tt_healthcare": 20.333333333333332, "avg_tt_shelter": 20.857142857142858, "avg_tt_all": 20.469246031746032, "n_unreachable_categories": 0, "count_community": 1.0, "count_education": 3.0, "count_essential_services": 2.0, "count_food_and_drink": 8.0, "count_healthcare": 9.0, "count_shelter": 7.0, "gravity_community_per_100": 0.02079318917813356, "gravity_education_per_100": 0.081227973904490686, "gravity_essential_services_per_100": 0.046459114617647589, "gravity_food_and_drink_per_100": 0.21940743740431987, "gravity_healthcare_per_100": 0.21948456651336656, "gravity_shelter_per_100": 0.16841322308848075, "shannon": 1.5773955223022376, "kl_divergence": 0.16687270074948846, "jsd": 0.19406692578561283, "city_similarity": 0.8059330742143872 }, "geometry": { "type": "Polygon", "coordinates": [ [ [ 24.682495341696576, 59.438352065952763 ], [ 24.687164612616851, 59.434544860848504 ], [ 24.683026836503519, 59.430581484260223 ], [ 24.674220940289235, 59.430424894814315 ], [ 24.671711839209877, 59.432470251848052 ], [ 24.671768188476562, 59.432472229003906 ], [ 24.671802520751953, 59.432483673095703 ], [ 24.671852111816406, 59.432479858398452 ], [ 24.671890258789062, 59.432464599609368 ], [ 24.671957015991211, 59.432479858398423 ], [ 24.672040939331055, 59.43251037597657 ], [ 24.672130584716797, 59.432495117187472 ], [ 24.67216682434082, 59.432468414306641 ], [ 24.672222137451172, 59.432449340820305 ], [ 24.672296524047852, 59.432456970214844 ], [ 24.672374725341797, 59.432456970214858 ], [ 24.672416687011719, 59.432422637939439 ], [ 24.672428131103519, 59.432403564453118 ], [ 24.672504425048828, 59.432395935058594 ], [ 24.672580718994141, 59.432426452636712 ], [ 24.67262077331543, 59.432476043701165 ], [ 24.672697067260742, 59.43251037597657 ], [ 24.672740936279297, 59.432556152343736 ], [ 24.672727584838867, 59.432617187500007 ], [ 24.672763824462891, 59.432720184326158 ], [ 24.672927856445312, 59.432720184326172 ], [ 24.672983169555664, 59.432739257812486 ], [ 24.673036575317383, 59.432735443115227 ], [ 24.673139572143558, 59.432716369628906 ], [ 24.673229217529297, 59.432727813720703 ], [ 24.673238754272461, 59.43278503417968 ], [ 24.673227310180664, 59.432849884033203 ], [ 24.673234939575195, 59.432895660400391 ], [ 24.673250198364258, 59.432933807373054 ], [ 24.673259735107422, 59.43294525146483 ], [ 24.673336029052734, 59.432968139648423 ], [ 24.673368453979492, 59.432983398437507 ], [ 24.673452377319339, 59.433002471923814 ], [ 24.67353630065918, 59.432994842529304 ], [ 24.673591613769535, 59.432983398437493 ], [ 24.673635482788086, 59.43297195434571 ], [ 24.673717498779297, 59.432941436767578 ], [ 24.673778533935547, 59.432941436767578 ], [ 24.673784255981445, 59.432956695556641 ], [ 24.673788070678711, 59.432964324951172 ], [ 24.673772811889648, 59.432983398437493 ], [ 24.673744201660156, 59.433002471923828 ], [ 24.673542022705078, 59.433055877685554 ], [ 24.673505783081055, 59.433078765869148 ], [ 24.673486709594727, 59.433109283447273 ], [ 24.673530578613281, 59.433147430419908 ], [ 24.673580169677738, 59.433158874511705 ], [ 24.673599243164066, 59.433193206787095 ], [ 24.673635482788086, 59.43321609497071 ], [ 24.673728942871094, 59.433238983154311 ], [ 24.673837661743164, 59.433258056640639 ], [ 24.673854827880859, 59.433280944824212 ], [ 24.673816680908203, 59.433307647705064 ], [ 24.673803329467773, 59.43333816528321 ], [ 24.673828125, 59.433383941650369 ], [ 24.673788070678711, 59.433437347412095 ], [ 24.673765182495117, 59.4334716796875 ], [ 24.673763275146484, 59.433513641357415 ], [ 24.673807144165039, 59.433567047119141 ], [ 24.673904418945312, 59.433570861816406 ], [ 24.673954010009769, 59.433582305908203 ], [ 24.674047470092773, 59.433582305908189 ], [ 24.674190521240238, 59.433578491210916 ], [ 24.674263000488281, 59.433605194091797 ], [ 24.674371719360355, 59.433612823486328 ], [ 24.674444198608398, 59.433612823486328 ], [ 24.674570083618164, 59.433639526367188 ], [ 24.674556732177734, 59.433708190917969 ], [ 24.674610137939453, 59.433773040771491 ], [ 24.674716949462891, 59.433811187744134 ], [ 24.674736022949219, 59.433776855468757 ], [ 24.674726486206058, 59.433700561523438 ], [ 24.674850463867191, 59.433681488037116 ], [ 24.674835205078125, 59.433738708496087 ], [ 24.674863815307617, 59.433769226074205 ], [ 24.674915313720703, 59.433780670166016 ], [ 24.674898147583008, 59.433837890625 ], [ 24.674907684326172, 59.433902740478501 ], [ 24.674905776977539, 59.433940887451165 ], [ 24.674909591674808, 59.433948516845689 ], [ 24.674900054931641, 59.433971405029311 ], [ 24.674869537353516, 59.434024810791023 ], [ 24.674911499023438, 59.434055328369141 ], [ 24.675031661987305, 59.434074401855469 ], [ 24.675054550170902, 59.434104919433587 ], [ 24.674997329711914, 59.434127807617195 ], [ 24.674942016601562, 59.434169769287109 ], [ 24.674972534179688, 59.434200286865213 ], [ 24.675127029418945, 59.434219360351577 ], [ 24.675191879272461, 59.43426513671875 ], [ 24.675201416015625, 59.434314727783203 ], [ 24.675197601318359, 59.434364318847642 ], [ 24.67523193359375, 59.434391021728509 ], [ 24.675361633300781, 59.434421539306641 ], [ 24.675464630126953, 59.434448242187507 ], [ 24.675573348999023, 59.434467315673828 ], [ 24.675624847412113, 59.434482574462884 ], [ 24.675701141357422, 59.434490203857422 ], [ 24.675756454467773, 59.434478759765639 ], [ 24.675849914550781, 59.434490203857422 ], [ 24.675998687744141, 59.434501647949219 ], [ 24.676130294799805, 59.434490203857408 ], [ 24.676229476928711, 59.434482574462884 ], [ 24.676273345947266, 59.434501647949219 ], [ 24.676330566406254, 59.434558868408203 ], [ 24.67646598815918, 59.434562683105469 ], [ 24.676530838012695, 59.434558868408203 ], [ 24.676614761352543, 59.434562683105483 ], [ 24.676662445068359, 59.434585571289062 ], [ 24.676681518554688, 59.434612274169908 ], [ 24.676713943481445, 59.434635162353487 ], [ 24.676717758178711, 59.434669494628892 ], [ 24.6767578125, 59.4346923828125 ], [ 24.676803588867188, 59.434734344482429 ], [ 24.676855087280273, 59.434757232666023 ], [ 24.676908493041992, 59.434734344482429 ], [ 24.676977157592773, 59.434684753417962 ], [ 24.677045822143555, 59.434669494628906 ], [ 24.677160263061523, 59.434654235839844 ], [ 24.677244186401371, 59.43465423583983 ], [ 24.67735481262207, 59.434665679931641 ], [ 24.677404403686523, 59.434665679931641 ], [ 24.677452087402347, 59.434654235839822 ], [ 24.677490234375, 59.434642791748033 ], [ 24.677522659301758, 59.434593200683587 ], [ 24.677513122558597, 59.434532165527365 ], [ 24.677549362182617, 59.434471130371101 ], [ 24.677556991577148, 59.434425354003913 ], [ 24.677589416503906, 59.434398651123033 ], [ 24.677650451660156, 59.434356689453132 ], [ 24.677679061889648, 59.434329986572259 ], [ 24.677713394165039, 59.434310913085938 ], [ 24.677785873413086, 59.434261322021477 ], [ 24.677837371826172, 59.434219360351562 ], [ 24.67793083190918, 59.434139251708991 ], [ 24.678012847900391, 59.434112548828125 ], [ 24.678068161010742, 59.434143066406257 ], [ 24.678115844726562, 59.434173583984375 ], [ 24.678201675415043, 59.434196472167955 ], [ 24.678245544433594, 59.434219360351562 ], [ 24.678237915039062, 59.434261322021499 ], [ 24.678205490112305, 59.434284210205071 ], [ 24.678159713745117, 59.434307098388679 ], [ 24.678071975708008, 59.434337615966797 ], [ 24.678020477294922, 59.434371948242188 ], [ 24.677974700927734, 59.434394836425781 ], [ 24.677906036376953, 59.434440612792969 ], [ 24.677751541137695, 59.43449783325196 ], [ 24.67772102355957, 59.434524536132798 ], [ 24.677736282348633, 59.434570312499993 ], [ 24.677658081054691, 59.434623718261705 ], [ 24.677583694458008, 59.434707641601548 ], [ 24.677621841430664, 59.434841156005866 ], [ 24.677698135375977, 59.434890747070312 ], [ 24.677728652954102, 59.434906005859375 ], [ 24.677814483642578, 59.434974670410156 ], [ 24.677843093872074, 59.435009002685533 ], [ 24.677785873413086, 59.435035705566406 ], [ 24.677610397338867, 59.435001373291023 ], [ 24.67750358581543, 59.434963226318345 ], [ 24.67742919921875, 59.434997558593764 ], [ 24.677345275878906, 59.434982299804695 ], [ 24.67727088928223, 59.43499755859375 ], [ 24.677200317382812, 59.435031890869134 ], [ 24.677085876464844, 59.435024261474609 ], [ 24.676998138427734, 59.435047149658203 ], [ 24.676910400390629, 59.435050964355476 ], [ 24.676794052124023, 59.435043334960938 ], [ 24.676736831665039, 59.435039520263679 ], [ 24.676628112792969, 59.435016632080071 ], [ 24.676540374755859, 59.435024261474609 ], [ 24.676534652709964, 59.435050964355447 ], [ 24.676517486572266, 59.435089111328118 ], [ 24.676509857177734, 59.435123443603523 ], [ 24.676528930664062, 59.435142517089844 ], [ 24.676568984985352, 59.435161590576172 ], [ 24.676677703857422, 59.435184478759773 ], [ 24.676763534545898, 59.435214996337876 ], [ 24.676847457885742, 59.435249328613267 ], [ 24.676990509033203, 59.435371398925788 ], [ 24.677017211914062, 59.435417175292962 ], [ 24.677120208740238, 59.435451507568352 ], [ 24.677141189575195, 59.435455322265632 ], [ 24.677240371704102, 59.43550872802733 ], [ 24.67735481262207, 59.435550689697273 ], [ 24.677379608154297, 59.43561935424804 ], [ 24.677471160888672, 59.435661315917955 ], [ 24.677593231201172, 59.435657501220703 ], [ 24.677743911743164, 59.435668945312507 ], [ 24.677724838256836, 59.435638427734361 ], [ 24.677780151367188, 59.435638427734375 ], [ 24.677858352661133, 59.435642242431648 ], [ 24.677951812744141, 59.435657501220682 ], [ 24.678005218505859, 59.435672760009766 ], [ 24.67805099487305, 59.435726165771506 ], [ 24.678071975708008, 59.435745239257798 ], [ 24.678153991699219, 59.435783386230462 ], [ 24.678224563598633, 59.43580627441407 ], [ 24.678285598754883, 59.43584442138674 ], [ 24.678401947021484, 59.435852050781236 ], [ 24.678546905517578, 59.435871124267578 ], [ 24.678621292114261, 59.435951232910149 ], [ 24.678590774536133, 59.43604660034179 ], [ 24.678495407104492, 59.436122894287095 ], [ 24.67845344543457, 59.436172485351555 ], [ 24.678485870361328, 59.43623352050782 ], [ 24.678634643554688, 59.436248779296875 ], [ 24.678749084472656, 59.436237335205078 ], [ 24.678878784179688, 59.43627548217772 ], [ 24.678977966308594, 59.436325073242188 ], [ 24.679080963134766, 59.436374664306634 ], [ 24.679267883300781, 59.436527252197259 ], [ 24.6793212890625, 59.436557769775376 ], [ 24.679353713989258, 59.436573028564453 ], [ 24.679374694824219, 59.436592102050774 ], [ 24.679397583007812, 59.436614990234354 ], [ 24.679458618164062, 59.436679840087891 ], [ 24.679492950439453, 59.436717987060568 ], [ 24.679576873779297, 59.436744689941413 ], [ 24.679784774780273, 59.436809539794929 ], [ 24.679840087890625, 59.436840057373047 ], [ 24.679876327514648, 59.436862945556648 ], [ 24.67991828918457, 59.436885833740227 ], [ 24.679969787597656, 59.436916351318359 ], [ 24.680032730102539, 59.436954498291023 ], [ 24.680097579956055, 59.436992645263665 ], [ 24.680173873901367, 59.437053680419908 ], [ 24.680255889892582, 59.437107086181626 ], [ 24.680349349975586, 59.437183380126953 ], [ 24.680431365966797, 59.437263488769538 ], [ 24.680507659912109, 59.437335968017571 ], [ 24.68061637878418, 59.437435150146484 ], [ 24.680715560913086, 59.437534332275398 ], [ 24.680822372436523, 59.4376220703125 ], [ 24.680891036987308, 59.437690734863281 ], [ 24.680929183959964, 59.437770843505852 ], [ 24.680971145629883, 59.437873840332031 ], [ 24.681032180786133, 59.437969207763658 ], [ 24.681159973144535, 59.438102722167976 ], [ 24.681238174438477, 59.438262939453125 ], [ 24.681259389977296, 59.438330122002967 ], [ 24.682495341696576, 59.438352065952763 ] ] ] } },
{ "type": "Feature", "properties": { "from_id": "110", "population": 320.3242195068845, "gravity_community": 3.5687022730310782, "gravity_education": 12.931023998826294, "gravity_essential_services": 3.6313540456915554, "gravity_food_and_drink": 12.76015209093331, "gravity_healthcare": 8.4219644075285505, "gravity_shelter": 14.723676597642495, "avg_gravity": 9.3394789022755464, "min_tt_community": 11.0, "min_tt_education": 12.0, "min_tt_essential_services": 17.0, "min_tt_food_and_drink": 4.0, "min_tt_healthcare": 17.0, "min_tt_shelter": 5.0, "avg_tt_community": 19.0, "avg_tt_education": 20.571428571428573, "avg_tt_essential_services": 18.166666666666668, "avg_tt_food_and_drink": 18.285714285714285, "avg_tt_healthcare": 20.933333333333334, "avg_tt_shelter": 18.041666666666668, "avg_tt_all": 19.166468253968254, "n_unreachable_categories": 0, "count_community": 6.0, "count_education": 22.0, "count_essential_services": 6.0, "count_food_and_drink": 21.0, "count_healthcare": 15.0, "count_shelter": 24.0, "gravity_community_per_100": 1.1140906792888881, "gravity_education_per_100": 4.0368549149148478, "gravity_essential_services_per_100": 1.1336495414807402, "gravity_food_and_drink_per_100": 3.9835114905069067, "gravity_healthcare_per_100": 2.6292000088202956, "gravity_shelter_per_100": 4.5964918357745503, "shannon": 1.6674111260089157, "kl_divergence": 0.17427588482790163, "jsd": 0.20635282429374494, "city_similarity": 0.79364717570625509 }, "geometry": { "type": "Polygon", "coordinates": [ [ [ 24.686633982739085, 59.442315460492715 ], [ 24.682495341696576, 59.438352065952763 ], [ 24.681259389977296, 59.438330122002967 ], [ 24.68126106262207, 59.438335418701172 ], [ 24.681327819824219, 59.438442230224602 ], [ 24.681350708007812, 59.438518524169922 ], [ 24.681383132934574, 59.438613891601555 ], [ 24.681428909301761, 59.438697814941385 ], [ 24.68143463134766, 59.438766479492188 ], [ 24.681461334228519, 59.43883895874022 ], [ 24.681510925292969, 59.438938140869141 ], [ 24.681556701660156, 59.43902969360353 ], [ 24.681625366210938, 59.439136505126939 ], [ 24.681690216064453, 59.439247131347663 ], [ 24.681732177734375, 59.439331054687507 ], [ 24.681772232055664, 59.439422607421875 ], [ 24.681800842285156, 59.439483642578118 ], [ 24.681844711303711, 59.439571380615249 ], [ 24.681863784790039, 59.439636230468736 ], [ 24.681909561157227, 59.439704895019531 ], [ 24.681947708129883, 59.439773559570312 ], [ 24.681985855102539, 59.439853668212898 ], [ 24.682018280029297, 59.439895629882812 ], [ 24.682073593139648, 59.439960479736328 ], [ 24.682092666625977, 59.440090179443359 ], [ 24.682174682617188, 59.440185546874993 ], [ 24.682243347167969, 59.440361022949226 ], [ 24.682334899902344, 59.440483093261705 ], [ 24.682416915893555, 59.440628051757812 ], [ 24.682525634765625, 59.440811157226541 ], [ 24.682590484619141, 59.440879821777351 ], [ 24.682619094848633, 59.440975189208991 ], [ 24.682746887207035, 59.441272735595703 ], [ 24.682893753051758, 59.441482543945305 ], [ 24.683074951171879, 59.441818237304688 ], [ 24.683185577392578, 59.442012786865192 ], [ 24.683345794677734, 59.442260742187486 ], [ 24.683565139770508, 59.442634582519531 ], [ 24.683769226074222, 59.442955017089844 ], [ 24.683916091918945, 59.443233489990241 ], [ 24.683921813964844, 59.44329833984375 ], [ 24.683973312377933, 59.443389892578125 ], [ 24.683996200561527, 59.44347000122071 ], [ 24.684022903442383, 59.443550109863274 ], [ 24.684062957763672, 59.443649291992188 ], [ 24.684131622314457, 59.443771362304688 ], [ 24.684162139892582, 59.443862915039048 ], [ 24.684177398681641, 59.44395446777343 ], [ 24.684200286865234, 59.444061279296882 ], [ 24.684230804443359, 59.444133758544915 ], [ 24.68426513671875, 59.444244384765611 ], [ 24.684265854085421, 59.444246010802907 ], [ 24.686633982739085, 59.442315460492715 ] ] ] } },
{ "type": "Feature", "properties": { "from_id": "111", "population": 0.0, "gravity_community": 2.7230813503954101, "gravity_education": 5.0465628268791747, "gravity_essential_services": 5.4495443198385649, "gravity_food_and_drink": 22.2178614801465, "gravity_healthcare": 11.894222445127454, "gravity_shelter": 16.376848370143755, "avg_gravity": 10.618020132088477, "min_tt_community": 18.0, "min_tt_education": 16.0, "min_tt_essential_services": 9.0, "min_tt_food_and_drink": 9.0, "min_tt_healthcare": 9.0, "min_tt_shelter": 13.0, "avg_tt_community": 22.0, "avg_tt_education": 21.0, "avg_tt_essential_services": 18.555555555555557, "avg_tt_food_and_drink": 19.388888888888889, "avg_tt_healthcare": 19.05, "avg_tt_shelter": 20.758620689655171, "avg_tt_all": 20.12551085568327, "n_unreachable_categories": 0, "count_community": 5.0, "count_education": 9.0, "count_essential_services": 9.0, "count_food_and_drink": 37.0, "count_healthcare": 20.0, "count_shelter": 29.0, "gravity_community_per_100": 0.0, "gravity_education_per_100": 0.0, "gravity_essential_services_per_100": 0.0, "gravity_food_and_drink_per_100": 0.0, "gravity_healthcare_per_100": 0.0, "gravity_shelter_per_100": 0.0, "shannon": 1.5833899079585882, "kl_divergence": 0.049926533368378462, "jsd": 0.11003396267628943, "city_similarity": 0.8899660373237106 }, "geometry": { "type": "Polygon", "coordinates": [ [ [ 24.69702803312402, 59.41915925225404 ], [ 24.688225015458681, 59.419003624906651 ], [ 24.683558045167466, 59.422810890338994 ], [ 24.687694956784824, 59.426774248986213 ], [ 24.696499988503192, 59.426929924285446 ], [ 24.701166094190715, 59.423122192976884 ], [ 24.69702803312402, 59.41915925225404 ] ] ] } },
{ "type": "Feature", "properties": { "from_id": "112", "population": 89.204045448698281, "gravity_community": 12.012346580829849, "gravity_education": 36.651755468467655, "gravity_essential_services": 29.433037601412611, "gravity_food_and_drink": 137.32700680689382, "gravity_healthcare": 36.958260175244874, "gravity_shelter": 79.200830589817556, "avg_gravity": 55.263872870444395, "min_tt_community": 10.0, "min_tt_education": 9.0, "min_tt_essential_services": 10.0, "min_tt_food_and_drink": 8.0, "min_tt_healthcare": 10.0, "min_tt_shelter": 5.0, "avg_tt_community": 20.38095238095238, "avg_tt_education": 20.296875, "avg_tt_essential_services": 19.38, "avg_tt_food_and_drink": 20.755186721991702, "avg_tt_healthcare": 20.53846153846154, "avg_tt_shelter": 19.030075187969924, "avg_tt_all": 20.063591804895925, "n_unreachable_categories": 0, "count_community": 21.0, "count_education": 64.0, "count_essential_services": 50.0, "count_food_and_drink": 242.0, "count_healthcare": 65.0, "count_shelter": 133.0, "gravity_community_per_100": 13.466145532310206, "gravity_education_per_100": 41.087548534495866, "gravity_essential_services_per_100": 32.995182509227909, "gravity_food_and_drink_per_100": 153.94706161154014, "gravity_healthcare_per_100": 41.431148093501839, "gravity_shelter_per_100": 88.78614214348201, "shannon": 1.5269279977469821, "kl_divergence": 0.0038920632092245191, "jsd": 0.03114850904359549, "city_similarity": 0.96885149095640455 }, "geometry": { "type": "Polygon", "coordinates": [ [ [ 24.723437653073912, 59.419622575139208 ], [ 24.714634352291998, 59.419468727383126 ], [ 24.709970260764688, 59.423276954379482 ], [ 24.714110335991606, 59.427239494771214 ], [ 24.722915651040392, 59.427393389932114 ], [ 24.727578876234855, 59.423584697287858 ], [ 24.723437653073912, 59.419622575139208 ] ] ] } },
{ "type": "Feature", "properties": { "from_id": "113", "population": 83.037530673132395, "gravity_community": 6.8385034280164767, "gravity_education": 21.801459975696645, "gravity_essential_services": 26.895721056244547, "gravity_food_and_drink": 94.650229431098978, "gravity_healthcare": 31.019205124070371, "gravity_shelter": 52.092516028710243, "avg_gravity": 38.882939173972879, "min_tt_community": 7.0, "min_tt_education": 7.0, "min_tt_essential_services": 9.0, "min_tt_food_and_drink": 5.0, "min_tt_healthcare": 8.0, "min_tt_shelter": 4.0, "avg_tt_community": 17.545454545454547, "avg_tt_education": 20.289473684210527, "avg_tt_essential_services": 19.608695652173914, "avg_tt_food_and_drink": 20.25153374233129, "avg_tt_healthcare": 18.333333333333332, "avg_tt_shelter": 19.573033707865168, "avg_tt_all": 19.266920777561463, "n_unreachable_categories": 0, "count_community": 11.0, "count_education": 38.0, "count_essential_services": 46.0, "count_food_and_drink": 164.0, "count_healthcare": 51.0, "count_shelter": 89.0, "gravity_community_per_100": 8.2354368832756499, "gravity_education_per_100": 26.254947370142258, "gravity_essential_services_per_100": 32.389837267821022, "gravity_food_and_drink_per_100": 113.98487968492057, "gravity_healthcare_per_100": 37.355644938640907, "gravity_shelter_per_100": 62.733700781356795, "shannon": 1.5350454660481718, "kl_divergence": 0.0088485039883904725, "jsd": 0.046596017394277607, "city_similarity": 0.95340398260572234 }, "geometry": { "type": "Polygon", "coordinates": [ [ [ 24.709970260764688, 59.423276954379482 ], [ 24.701166094190715, 59.423122192976884 ], [ 24.696499988503192, 59.426929924285446 ], [ 24.700638914714336, 59.43089288282377 ], [ 24.709445095989413, 59.431047691915609 ], [ 24.714110335991606, 59.427239494771214 ], [ 24.709970260764688, 59.423276954379482 ] ] ] } },
{ "type": "Feature", "properties": { "from_id": "114", "population": 101.3910663219669, "gravity_community": 8.2552419611787755, "gravity_education": 20.110044182112091, "gravity_essential_services": 25.469356387870842, "gravity_food_and_drink": 84.079092914599855, "gravity_healthcare": 32.915334881740918, "gravity_shelter": 49.125541119385446, "avg_gravity": 36.659101907814659, "min_tt_community": 17.0, "min_tt_education": 5.0, "min_tt_essential_services": 7.0, "min_tt_food_and_drink": 5.0, "min_tt_healthcare": 2.0, "min_tt_shelter": 3.0, "avg_tt_community": 21.153846153846153, "avg_tt_education": 21.25, "avg_tt_essential_services": 19.162790697674417, "avg_tt_food_and_drink": 20.136986301369863, "avg_tt_healthcare": 17.716981132075471, "avg_tt_shelter": 20.0, "avg_tt_all": 19.903434047494319, "n_unreachable_categories": 0, "count_community": 14.0, "count_education": 36.0, "count_essential_services": 43.0, "count_food_and_drink": 146.0, "count_healthcare": 53.0, "count_shelter": 85.0, "gravity_community_per_100": 8.1419815972388427, "gravity_education_per_100": 19.83413816583478, "gravity_essential_services_per_100": 25.119921618136466, "gravity_food_and_drink_per_100": 82.925543605199934, "gravity_healthcare_per_100": 32.463742690325802, "gravity_shelter_per_100": 48.451547953334959, "shannon": 1.5732465558061601, "kl_divergence": 0.015059238076940904, "jsd": 0.060967129472992924, "city_similarity": 0.93903287052700712 }, "geometry": { "type": "Polygon", "coordinates": [ [ [ 24.696499988503192, 59.426929924285446 ], [ 24.687694956784824, 59.426774248986213 ], [ 24.683026836503519, 59.430581484260223 ], [ 24.687164612616851, 59.434544860848504 ], [ 24.695971659470032, 59.434700584121529 ], [ 24.700638914714336, 59.43089288282377 ], [ 24.696499988503192, 59.426929924285446 ] ] ] } },
{ "type": "Feature", "properties": { "from_id": "115", "population": 1808.8610013961656, "gravity_community": 22.48735900049439, "gravity_education": 60.923749862362726, "gravity_essential_services": 43.7467610884812, "gravity_food_and_drink": 329.68900698942957, "gravity_healthcare": 55.761701526836191, "gravity_shelter": 93.073797506722499, "avg_gravity": 100.94706266238775, "min_tt_community": 5.0, "min_tt_education": 8.0, "min_tt_essential_services": 6.0, "min_tt_food_and_drink": 2.0, "min_tt_healthcare": 4.0, "min_tt_shelter": 5.0, "avg_tt_community": 19.263157894736842, "avg_tt_education": 19.16504854368932, "avg_tt_essential_services": 18.794520547945204, "avg_tt_food_and_drink": 20.936643835616437, "avg_tt_healthcare": 18.731182795698924, "avg_tt_shelter": 17.768211920529801, "avg_tt_all": 19.109794256369423, "n_unreachable_categories": 0, "count_community": 38.0, "count_education": 103.0, "count_essential_services": 73.0, "count_food_and_drink": 585.0, "count_healthcare": 93.0, "count_shelter": 151.0, "gravity_community_per_100": 1.2431778330749332, "gravity_education_per_100": 3.368072495086071, "gravity_essential_services_per_100": 2.418470023662147, "gravity_food_and_drink_per_100": 18.226331748816509, "gravity_healthcare_per_100": 3.0826968729933717, "gravity_shelter_per_100": 5.1454366828011482, "shannon": 1.3550886341364206, "kl_divergence": 0.026617919985458871, "jsd": 0.082419503956707094, "city_similarity": 0.91758049604329295 }, "geometry": { "type": "Polygon", "coordinates": [ [ [ 24.722915651040392, 59.427393389932114 ], [ 24.714110335991606, 59.427239494771214 ], [ 24.709445095989413, 59.431047691915609 ], [ 24.713586037442681, 59.435010250007622 ], [ 24.722393367840343, 59.435164192595032 ], [ 24.727057741075051, 59.43135552965532 ], [ 24.722915651040392, 59.427393389932114 ] ] ] } },
{ "type": "Feature", "properties": { "from_id": "116", "population": 2949.8405671839314, "gravity_community": 2.8179268644788835, "gravity_education": 8.2730047963308682, "gravity_essential_services": 4.108445607042551, "gravity_food_and_drink": 11.230438538914628, "gravity_healthcare": 11.970803775130028, "gravity_shelter": 12.851805609830164, "avg_gravity": 8.5420708652878545, "min_tt_community": 16.0, "min_tt_education": 14.0, "min_tt_essential_services": 15.0, "min_tt_food_and_drink": 14.0, "min_tt_healthcare": 9.0, "min_tt_shelter": 13.0, "avg_tt_community": 20.8, "avg_tt_education": 21.6, "avg_tt_essential_services": 19.428571428571427, "avg_tt_food_and_drink": 20.555555555555557, "avg_tt_healthcare": 18.7, "avg_tt_shelter": 19.636363636363637, "avg_tt_all": 20.120081770081772, "n_unreachable_categories": 0, "count_community": 5.0, "count_education": 15.0, "count_essential_services": 7.0, "count_food_and_drink": 19.0, "count_healthcare": 20.0, "count_shelter": 22.0, "gravity_community_per_100": 0.09552810737730888, "gravity_education_per_100": 0.28045599780427122, "gravity_essential_services_per_100": 0.13927686983316129, "gravity_food_and_drink_per_100": 0.38071340749224897, "gravity_healthcare_per_100": 0.40581189059169964, "gravity_shelter_per_100": 0.43567797367771488, "shannon": 1.6801637051349656, "kl_divergence": 0.16458152669996584, "jsd": 0.20286164163406509, "city_similarity": 0.79713835836593494 }, "geometry": { "type": "Polygon", "coordinates": [ [ [ 24.709445095989413, 59.431047691915609 ], [ 24.700638914714336, 59.43089288282377 ], [ 24.695971659470032, 59.434700584121529 ], [ 24.700111451259357, 59.438663560485828 ], [ 24.708919648317831, 59.438818417288765 ], [ 24.713586037442681, 59.435010250007622 ], [ 24.709445095989413, 59.431047691915609 ] ] ] } },
{ "type": "Feature", "properties": { "from_id": "117", "population": 2644.4497034461301, "gravity_community": 1.8027697966659026, "gravity_education": 7.5230793953239585, "gravity_essential_services": 4.4274598453735861, "gravity_food_and_drink": 11.937604826706394, "gravity_healthcare": 8.9141829898994711, "gravity_shelter": 10.690064845331875, "avg_gravity": 7.5491936165501983, "min_tt_community": 13.0, "min_tt_education": 11.0, "min_tt_essential_services": 20.0, "min_tt_food_and_drink": 11.0, "min_tt_healthcare": 16.0, "min_tt_shelter": 10.0, "avg_tt_community": 18.666666666666668, "avg_tt_education": 19.923076923076923, "avg_tt_essential_services": 21.375, "avg_tt_food_and_drink": 20.105263157894736, "avg_tt_healthcare": 21.1875, "avg_tt_shelter": 19.0, "avg_tt_all": 20.042917791273055, "n_unreachable_categories": 0, "count_community": 3.0, "count_education": 13.0, "count_essential_services": 8.0, "count_food_and_drink": 20.0, "count_healthcare": 16.0, "count_shelter": 18.0, "gravity_community_per_100": 0.068171831527618493, "gravity_education_per_100": 0.28448562986545795, "gravity_essential_services_per_100": 0.16742461917895116, "gravity_food_and_drink_per_100": 0.45142113352164853, "gravity_healthcare_per_100": 0.33709028302874894, "gravity_shelter_per_100": 0.40424534569143272, "shannon": 1.6698053975776748, "kl_divergence": 0.11090153035934242, "jsd": 0.16597209705681004, "city_similarity": 0.83402790294318996 }, "geometry": { "type": "Polygon", "coordinates": [ [ [ 24.695971659470032, 59.434700584121529 ], [ 24.687164612616851, 59.434544860848504 ], [ 24.682495341696576, 59.438352065952763 ], [ 24.686633982739085, 59.442315460492715 ], [ 24.695443045809686, 59.442471231761488 ], [ 24.700111451259357, 59.438663560485828 ], [ 24.695971659470032, 59.434700584121529 ] ] ] } },
{ "type": "Feature", "properties": { "from_id": "118", "population": 1881.0223476666849, "gravity_community": 10.631485798993619, "gravity_education": 27.227224360481699, "gravity_essential_services": 19.878977229159684, "gravity_food_and_drink": 151.26481238615503, "gravity_healthcare": 23.21923232720264, "gravity_shelter": 47.619590916203386, "avg_gravity": 46.64022050303268, "min_tt_community": 7.0, "min_tt_education": 1.0, "min_tt_essential_services": 15.0, "min_tt_food_and_drink": 2.0, "min_tt_healthcare": 8.0, "min_tt_shelter": 3.0, "avg_tt_community": 19.444444444444443, "avg_tt_education": 19.304347826086957, "avg_tt_essential_services": 20.542857142857144, "avg_tt_food_and_drink": 20.17624521072797, "avg_tt_healthcare": 19.9, "avg_tt_shelter": 19.05, "avg_tt_all": 19.736315770686083, "n_unreachable_categories": 0, "count_community": 18.0, "count_education": 46.0, "count_essential_services": 35.0, "count_food_and_drink": 262.0, "count_healthcare": 40.0, "count_shelter": 80.0, "gravity_community_per_100": 0.56519720843197052, "gravity_education_per_100": 1.4474694781939046, "gravity_essential_services_per_100": 1.0568177062765134, "gravity_food_and_drink_per_100": 8.0416276060617538, "gravity_healthcare_per_100": 1.2343942833005119, "gravity_shelter_per_100": 2.5315802853311724, "shannon": 1.3741937844235914, "kl_divergence": 0.017831135817469097, "jsd": 0.067109887760422676, "city_similarity": 0.9328901122395773 }, "geometry": { "type": "Polygon", "coordinates": [ [ [ 24.722393367840343, 59.435164192595032 ], [ 24.713586037442681, 59.435010250007622 ], [ 24.708919648317831, 59.438818417288765 ], [ 24.713061456431983, 59.442780993091574 ], [ 24.721870803261336, 59.44293498312723 ], [ 24.726536325183766, 59.439126349903198 ], [ 24.722393367840343, 59.435164192595032 ] ] ] } },
{ "type": "Feature", "properties": { "from_id": "119", "population": 3377.2305206571141, "gravity_community": 16.836198480719766, "gravity_education": 41.545247281407129, "gravity_essential_services": 31.037696722657813, "gravity_food_and_drink": 147.66285799446229, "gravity_healthcare": 40.162537880899251, "gravity_shelter": 75.104506334802977, "avg_gravity": 58.724840782491533, "min_tt_community": 5.0, "min_tt_education": 2.0, "min_tt_essential_services": 6.0, "min_tt_food_and_drink": 1.0, "min_tt_healthcare": 6.0, "min_tt_shelter": 1.0, "avg_tt_community": 17.407407407407408, "avg_tt_education": 16.676923076923078, "avg_tt_essential_services": 18.333333333333332, "avg_tt_food_and_drink": 20.328125, "avg_tt_healthcare": 17.723076923076924, "avg_tt_shelter": 18.140495867768596, "avg_tt_all": 18.101560268084889, "n_unreachable_categories": 0, "count_community": 27.0, "count_education": 65.0, "count_essential_services": 51.0, "count_food_and_drink": 257.0, "count_healthcare": 65.0, "count_shelter": 122.0, "gravity_community_per_100": 0.49852085540918051, "gravity_education_per_100": 1.2301572850088891, "gravity_essential_services_per_100": 0.91902807737917602, "gravity_food_and_drink_per_100": 4.3723061571092057, "gravity_healthcare_per_100": 1.189215176021942, "gravity_shelter_per_100": 2.2238489755265434, "shannon": 1.5293959124311645, "kl_divergence": 0.0043768794406119464, "jsd": 0.032320434721447681, "city_similarity": 0.96767956527855237 }, "geometry": { "type": "Polygon", "coordinates": [ [ [ 24.708919648317831, 59.438818417288765 ], [ 24.700111451259357, 59.438663560485828 ], [ 24.695443045809686, 59.442471231761488 ], [ 24.699583703611189, 59.446434225962371 ], [ 24.708393917536185, 59.446589130498211 ], [ 24.713061456431983, 59.442780993091574 ], [ 24.708919648317831, 59.438818417288765 ] ] ] } },
{ "type": "Feature", "properties": { "from_id": "120", "population": 2888.444427401992, "gravity_community": 7.4353290431003147, "gravity_education": 19.65394054354709, "gravity_essential_services": 10.491536859848456, "gravity_food_and_drink": 57.562144523234643, "gravity_healthcare": 14.172499400476006, "gravity_shelter": 25.79690570656231, "avg_gravity": 22.518726012794801, "min_tt_community": 4.0, "min_tt_education": 4.0, "min_tt_essential_services": 3.0, "min_tt_food_and_drink": 2.0, "min_tt_healthcare": 3.0, "min_tt_shelter": 7.0, "avg_tt_community": 18.0, "avg_tt_education": 16.903225806451612, "avg_tt_essential_services": 18.058823529411764, "avg_tt_food_and_drink": 19.907216494845361, "avg_tt_healthcare": 16.318181818181817, "avg_tt_shelter": 18.790697674418606, "avg_tt_all": 17.996357553884859, "n_unreachable_categories": 0, "count_community": 12.0, "count_education": 31.0, "count_essential_services": 17.0, "count_food_and_drink": 98.0, "count_healthcare": 22.0, "count_shelter": 43.0, "gravity_community_per_100": 0.25741637860722189, "gravity_education_per_100": 0.68043339719797913, "gravity_essential_services_per_100": 0.3632244664400574, "gravity_food_and_drink_per_100": 1.9928423748491104, "gravity_healthcare_per_100": 0.4906620070659779, "gravity_shelter_per_100": 0.89310721929884274, "shannon": 1.5349813602295557, "kl_divergence": 0.016756188389986548, "jsd": 0.062769192158979928, "city_similarity": 0.93723080784102009 }, "geometry": { "type": "Polygon", "coordinates": [ [ [ 24.686103066935615, 59.450086047918006 ], [ 24.694914147307045, 59.450241867204511 ], [ 24.699583703611189, 59.446434225962371 ], [ 24.695443045809686, 59.442471231761488 ], [ 24.686633982739085, 59.442315460492715 ], [ 24.684265854085421, 59.444246010802907 ], [ 24.684322357177734, 59.444374084472642 ], [ 24.684347152709961, 59.444541931152337 ], [ 24.684337615966797, 59.444686889648445 ], [ 24.684322357177734, 59.44482421875 ], [ 24.684310913085938, 59.445060729980469 ], [ 24.684305191040039, 59.445220947265618 ], [ 24.684322357177734, 59.445396423339851 ], [ 24.684316635131836, 59.445526123046882 ], [ 24.684314727783203, 59.445766448974595 ], [ 24.684282302856445, 59.445930480957031 ], [ 24.684240341186523, 59.44609069824218 ], [ 24.684160232543945, 59.446289062500014 ], [ 24.68400764465332, 59.446746826171875 ], [ 24.68388557434082, 59.44718933105468 ], [ 24.683849334716797, 59.447322845458991 ], [ 24.683839797973633, 59.447406768798835 ], [ 24.683835983276367, 59.447452545166023 ], [ 24.683795928955082, 59.447605133056648 ], [ 24.683782577514652, 59.44773864746093 ], [ 24.683774948120117, 59.447826385498047 ], [ 24.683772267752676, 59.447854529404935 ], [ 24.686103066935615, 59.450086047918006 ] ] ] } },
{ "type": "Feature", "properties": { "from_id": "121", "population": 512.21048715594361, "gravity_community": 0.0, "gravity_education": 1.0890230132877954, "gravity_essential_services": 0.0, "gravity_food_and_drink": 2.586945655568484, "gravity_healthcare": 0.0, "gravity_shelter": 0.67854803930190832, "avg_gravity": 0.72575278469303128, "min_tt_community": null, "min_tt_education": 20.0, "min_tt_essential_services": null, "min_tt_food_and_drink": 14.0, "min_tt_healthcare": null, "min_tt_shelter": 14.0, "avg_tt_community": null, "avg_tt_education": 22.0, "avg_tt_essential_services": null, "avg_tt_food_and_drink": 15.75, "avg_tt_healthcare": null, "avg_tt_shelter": 14.0, "avg_tt_all": 17.25, "n_unreachable_categories": 3, "count_community": 0.0, "count_education": 2.0, "count_essential_services": 0.0, "count_food_and_drink": 4.0, "count_healthcare": 0.0, "count_shelter": 1.0, "gravity_community_per_100": 0.0, "gravity_education_per_100": 0.21261240068211254, "gravity_essential_services_per_100": 0.0, "gravity_food_and_drink_per_100": 0.50505519126180687, "gravity_healthcare_per_100": 0.0, "gravity_shelter_per_100": 0.1324744526551099, "shannon": 0.95569989809611844, "kl_divergence": 0.37064186869370769, "jsd": 0.33053377671494971, "city_similarity": 0.66946622328505034 }, "geometry": { "type": "Polygon", "coordinates": [ [ [ 24.616164939612901, 59.441047917566792 ], [ 24.607356747317368, 59.440886803301012 ], [ 24.602677686882043, 59.444691086197409 ], [ 24.606807679080919, 59.448656950352053 ], [ 24.607812972933544, 59.448675370155478 ], [ 24.607843399047852, 59.448646545410163 ], [ 24.607847213745121, 59.448577880859368 ], [ 24.60784912109375, 59.448410034179695 ], [ 24.607868194580082, 59.448341369628906 ], [ 24.607921600341797, 59.448307037353516 ], [ 24.608007431030273, 59.448291778564446 ], [ 24.608085632324219, 59.448284149169908 ], [ 24.608179092407227, 59.448287963867188 ], [ 24.608255386352543, 59.448303222656229 ], [ 24.608352661132812, 59.44829177856446 ], [ 24.608390808105469, 59.448280334472663 ], [ 24.608442306518558, 59.448249816894503 ], [ 24.608470916748047, 59.448211669921868 ], [ 24.608476638793945, 59.448184967041037 ], [ 24.608469009399414, 59.448158264160156 ], [ 24.608556747436527, 59.448139190673842 ], [ 24.608644485473633, 59.448116302490241 ], [ 24.60871696472168, 59.448097229003906 ], [ 24.608810424804688, 59.448078155517585 ], [ 24.608894348144531, 59.448062896728516 ], [ 24.608968734741211, 59.448047637939453 ], [ 24.609052658081055, 59.448024749755859 ], [ 24.609174728393555, 59.447998046874993 ], [ 24.609268188476566, 59.447975158691385 ], [ 24.609355926513672, 59.447959899902365 ], [ 24.609460830688477, 59.447944641113288 ], [ 24.609518051147461, 59.447929382324219 ], [ 24.609556198120117, 59.44792556762696 ], [ 24.609634399414062, 59.447910308837876 ], [ 24.609798431396484, 59.44788742065429 ], [ 24.61003303527832, 59.447845458984375 ], [ 24.610080718994141, 59.447841644287116 ], [ 24.610137939453125, 59.44783782958983 ], [ 24.610246658325195, 59.447822570800781 ], [ 24.610292434692383, 59.447818756103509 ], [ 24.61048698425293, 59.447795867919929 ], [ 24.610622406005863, 59.447788238525391 ], [ 24.610673904418945, 59.447780609130852 ], [ 24.61083984375, 59.447761535644524 ], [ 24.610971450805664, 59.44775390625 ], [ 24.611099243164062, 59.44773864746093 ], [ 24.611257553100586, 59.447715759277344 ], [ 24.611471176147461, 59.447689056396506 ], [ 24.611663818359375, 59.447650909423814 ], [ 24.611713409423828, 59.447639465332024 ], [ 24.611843109130859, 59.447597503662109 ], [ 24.611898422241211, 59.447582244873068 ], [ 24.61195182800293, 59.447570800781257 ], [ 24.612068176269531, 59.447551727294922 ], [ 24.61226844787598, 59.447505950927749 ], [ 24.612380981445312, 59.447483062744141 ], [ 24.612497329711914, 59.447456359863295 ], [ 24.612607955932617, 59.447437286376953 ], [ 24.612661361694336, 59.447422027587891 ], [ 24.612800598144531, 59.447402954101555 ], [ 24.612855911254883, 59.447395324707024 ], [ 24.612907409667969, 59.447387695312486 ], [ 24.612968444824219, 59.447376251220703 ], [ 24.613065719604492, 59.447349548339844 ], [ 24.613178253173828, 59.447330474853487 ], [ 24.613248825073242, 59.447322845458977 ], [ 24.613334655761719, 59.447319030761719 ], [ 24.61347770690918, 59.447319030761705 ], [ 24.613540649414062, 59.447311401367195 ], [ 24.613636016845703, 59.447280883789062 ], [ 24.613664627075195, 59.447261810302741 ], [ 24.613698959350586, 59.447219848632812 ], [ 24.613723754882812, 59.447177886962898 ], [ 24.614162445068359, 59.447071075439446 ], [ 24.614463806152344, 59.446987152099609 ], [ 24.614748001098636, 59.4468994140625 ], [ 24.614912033081055, 59.446857452392564 ], [ 24.61501502990723, 59.446819305419908 ], [ 24.615097045898438, 59.446796417236328 ], [ 24.615228652954102, 59.446765899658224 ], [ 24.615438461303711, 59.44673919677733 ], [ 24.615478515625, 59.446735382080078 ], [ 24.615550994873047, 59.446735382080057 ], [ 24.615621566772461, 59.446743011474602 ], [ 24.61566162109375, 59.446750640869141 ], [ 24.615716934204102, 59.446746826171875 ], [ 24.61579513549805, 59.44672393798826 ], [ 24.615791320800781, 59.446689605712876 ], [ 24.61578369140625, 59.446666717529297 ], [ 24.615766525268555, 59.446659088134787 ], [ 24.615758895874023, 59.446651458740227 ], [ 24.615753173828129, 59.44664001464843 ], [ 24.615751266479492, 59.446628570556641 ], [ 24.615762710571289, 59.446605682373047 ], [ 24.615779876708984, 59.44659423828125 ], [ 24.615781784057617, 59.446586608886705 ], [ 24.615810394287109, 59.446567535400398 ], [ 24.615827560424805, 59.446559906005859 ], [ 24.6158561706543, 59.446540832519538 ], [ 24.615884780883789, 59.446506500244148 ], [ 24.615900039672852, 59.44648361206054 ], [ 24.615964889526367, 59.446430206298814 ], [ 24.616104125976562, 59.446334838867202 ], [ 24.616125106811527, 59.446315765380845 ], [ 24.616167068481449, 59.446289062499986 ], [ 24.616279602050785, 59.44621276855468 ], [ 24.616369247436523, 59.446128845214851 ], [ 24.616506576538086, 59.446052551269531 ], [ 24.616582870483398, 59.445987701416023 ], [ 24.616735458374023, 59.445888519287095 ], [ 24.616806030273438, 59.445827484130874 ], [ 24.616832733154297, 59.44581222534179 ], [ 24.616870880126953, 59.445789337158203 ], [ 24.616926193237305, 59.445766448974609 ], [ 24.616950988769531, 59.445751190185554 ], [ 24.616989135742188, 59.44572448730468 ], [ 24.617038726806641, 59.445705413818359 ], [ 24.617101669311523, 59.445678710937507 ], [ 24.617229461669922, 59.445648193359375 ], [ 24.617279052734375, 59.44562911987304 ], [ 24.617330551147461, 59.445617675781222 ], [ 24.617528915405273, 59.445564270019524 ], [ 24.617597579956055, 59.44555282592772 ], [ 24.617706298828125, 59.445522308349595 ], [ 24.617778778076172, 59.445507049560547 ], [ 24.617801666259766, 59.445499420166023 ], [ 24.617958068847656, 59.445461273193359 ], [ 24.618007659912109, 59.445446014404297 ], [ 24.618112564086914, 59.445419311523445 ], [ 24.618192672729492, 59.445388793945312 ], [ 24.618234634399414, 59.445377349853487 ], [ 24.618352890014648, 59.445339202880852 ], [ 24.618448257446289, 59.44532394409179 ], [ 24.618509292602539, 59.445308685302706 ], [ 24.618545532226562, 59.445297241210938 ], [ 24.618602752685547, 59.445289611816413 ], [ 24.618696212768555, 59.445270538330064 ], [ 24.618839263916016, 59.445266723632827 ], [ 24.618896484375, 59.445259094238267 ], [ 24.618951797485352, 59.445251464843743 ], [ 24.619043350219727, 59.445228576660163 ], [ 24.619062423706058, 59.445217132568366 ], [ 24.619083404541016, 59.445201873779283 ], [ 24.619119644165039, 59.445167541503906 ], [ 24.61912727355957, 59.445137023925788 ], [ 24.619131088256836, 59.445106506347656 ], [ 24.619136810302734, 59.445095062255859 ], [ 24.619178771972656, 59.445072174072266 ], [ 24.619222640991211, 59.445053100585945 ], [ 24.619287490844727, 59.445037841796861 ], [ 24.619350433349609, 59.445022583007798 ], [ 24.619390487670902, 59.445007324218757 ], [ 24.619409561157227, 59.444999694824233 ], [ 24.619443893432617, 59.444992065429666 ], [ 24.619472503662109, 59.444980621337884 ], [ 24.6195068359375, 59.444969177246101 ], [ 24.619613647460938, 59.444927215576158 ], [ 24.61962890625, 59.444927215576158 ], [ 24.619821548461914, 59.444866180419922 ], [ 24.619888305664062, 59.444850921630866 ], [ 24.619928359985355, 59.444835662841797 ], [ 24.620014190673828, 59.444812774658189 ], [ 24.620064671710892, 59.444791258181439 ], [ 24.616164939612901, 59.441047917566792 ] ] ] } },
{ "type": "Feature", "properties": { "from_id": "122", "population": 4582.1268701293966, "gravity_community": 0.0, "gravity_education": 0.55894734793711187, "gravity_essential_services": 1.0, "gravity_food_and_drink": 3.3678696648654918, "gravity_healthcare": 0.0, "gravity_shelter": 0.920259116707005, "avg_gravity": 0.97451268825160131, "min_tt_community": null, "min_tt_education": 21.0, "min_tt_essential_services": null, "min_tt_food_and_drink": 1.0, "min_tt_healthcare": null, "min_tt_shelter": 3.0, "avg_tt_community": null, "avg_tt_education": 21.0, "avg_tt_essential_services": null, "avg_tt_food_and_drink": 7.25, "avg_tt_healthcare": null, "avg_tt_shelter": 3.0, "avg_tt_all": 10.416666666666666, "n_unreachable_categories": 3, "count_community": 0.0, "count_education": 1.0, "count_essential_services": 1.0, "count_food_and_drink": 4.0, "count_healthcare": 0.0, "count_shelter": 1.0, "gravity_community_per_100": 0.0, "gravity_education_per_100": 0.01219842583540965, "gravity_essential_services_per_100": 0.021823926494024828, "gravity_food_and_drink_per_100": 0.073500140007480522, "gravity_healthcare_per_100": 0.0, "gravity_shelter_per_100": 0.020083667318469892, "shannon": 1.1537419475459949, "kl_divergence": 0.18792060938751501, "jsd": 0.24516838499215057, "city_similarity": 0.75483161500784945 }, "geometry": { "type": "MultiPolygon", "coordinates": [ [ [ [ 24.602127462161011, 59.452461202133435 ], [ 24.60219596546845, 59.452526978234879 ], [ 24.602413177490234, 59.452674865722649 ], [ 24.602922439575195, 59.453029632568345 ], [ 24.603115081787109, 59.453155517578139 ], [ 24.603370666503906, 59.453353881835938 ], [ 24.603433609008789, 59.453380584716797 ], [ 24.603536605834961, 59.453384399414055 ], [ 24.603672027587891, 59.453384399414055 ], [ 24.603761672973629, 59.453365325927734 ], [ 24.603891372680664, 59.453308105468736 ], [ 24.604471206665039, 59.453083038330057 ], [ 24.606044769287113, 59.452484130859361 ], [ 24.60698127746582, 59.452133178710945 ], [ 24.60725212097168, 59.452026367187521 ], [ 24.607431411743168, 59.451950073242159 ], [ 24.607746124267578, 59.451831817626953 ], [ 24.607828140258789, 59.451801300048835 ], [ 24.607990264892578, 59.451755523681662 ], [ 24.608110427856449, 59.451740264892571 ], [ 24.608415603637695, 59.451629638671861 ], [ 24.608444213867188, 59.451591491699233 ], [ 24.608362197875977, 59.451515197753906 ], [ 24.608272552490234, 59.45147705078125 ], [ 24.608200073242188, 59.45147705078125 ], [ 24.608148574829102, 59.451503753662095 ], [ 24.608173370361328, 59.451530456542976 ], [ 24.606922149658203, 59.452011108398423 ], [ 24.60474967956543, 59.452842712402351 ], [ 24.604703903198242, 59.452823638916016 ], [ 24.603790283203125, 59.453163146972663 ], [ 24.60371017456055, 59.453201293945298 ], [ 24.603616714477539, 59.453201293945312 ], [ 24.6035270690918, 59.453186035156257 ], [ 24.603429794311523, 59.453140258789077 ], [ 24.602256080748578, 59.452356670083482 ], [ 24.602127462161011, 59.452461202133435 ] ] ], [ [ [ 24.603876931938498, 59.451039290311172 ], [ 24.604400634765625, 59.450839996337891 ], [ 24.604717254638672, 59.451053619384773 ], [ 24.604753494262699, 59.451038360595703 ], [ 24.604839324951172, 59.451095581054702 ], [ 24.60546875, 59.450847625732422 ], [ 24.605594635009766, 59.45079803466799 ], [ 24.606334686279297, 59.451293945312507 ], [ 24.606407165527344, 59.451263427734375 ], [ 24.606010437011719, 59.451004028320312 ], [ 24.606134414672852, 59.450958251953111 ], [ 24.606527328491211, 59.451217651367188 ], [ 24.606597900390625, 59.451190948486328 ], [ 24.606321334838867, 59.451004028320312 ], [ 24.606456756591797, 59.450954437255859 ], [ 24.606672286987305, 59.450874328613281 ], [ 24.606838226318359, 59.450981140136705 ], [ 24.606870651245117, 59.450969696044922 ], [ 24.606817245483398, 59.450931549072251 ], [ 24.606838226318359, 59.450923919677734 ], [ 24.606874465942383, 59.450927734375007 ], [ 24.606908798217773, 59.450942993164062 ], [ 24.607080459594727, 59.451068878173849 ], [ 24.607131958007812, 59.451087951660142 ], [ 24.607259750366214, 59.451175689697273 ], [ 24.607320785522461, 59.451183319091797 ], [ 24.607379913330078, 59.451171875 ], [ 24.607389450073246, 59.451145172119119 ], [ 24.607366561889648, 59.451118469238288 ], [ 24.607267379760746, 59.451045989990227 ], [ 24.606964111328125, 59.450843811035149 ], [ 24.606472015380859, 59.450500488281243 ], [ 24.606489181518555, 59.450485229492173 ], [ 24.606609344482425, 59.450439453125 ], [ 24.606895446777344, 59.450336456298835 ], [ 24.606897354125977, 59.45030975341794 ], [ 24.606874465942383, 59.450286865234361 ], [ 24.605859756469727, 59.449596405029311 ], [ 24.605802536010746, 59.44950866699218 ], [ 24.605794425265071, 59.449480648088254 ], [ 24.603876931938498, 59.451039290311172 ] ] ], [ [ [ 24.606807679080919, 59.448656950352053 ], [ 24.606278423519285, 59.449087200643667 ], [ 24.606796264648438, 59.44890213012696 ], [ 24.607028961181644, 59.448810577392571 ], [ 24.607175827026367, 59.448768615722656 ], [ 24.60728645324707, 59.448764801025412 ], [ 24.607349395751953, 59.448783874511719 ], [ 24.607454299926758, 59.448783874511705 ], [ 24.607492446899414, 59.448768615722656 ], [ 24.60750770568848, 59.448749542236321 ], [ 24.607488632202148, 59.44872665405272 ], [ 24.607667922973633, 59.448673248290994 ], [ 24.607709884643555, 59.448692321777337 ], [ 24.607767105102539, 59.448699951171861 ], [ 24.607807159423828, 59.448680877685554 ], [ 24.607812972933544, 59.448675370155478 ], [ 24.606807679080919, 59.448656950352053 ] ] ] ] } },
{ "type": "Feature", "properties": { "from_id": "123", "population": 4314.6180562539548, "gravity_community": 0.0, "gravity_education": 0.0, "gravity_essential_services": 0.0, "gravity_food_and_drink": 1.0, "gravity_healthcare": 0.0, "gravity_shelter": 0.0, "avg_gravity": 0.16666666666666666, "min_tt_community": null, "min_tt_education": null, "min_tt_essential_services": null, "min_tt_food_and_drink": null, "min_tt_healthcare": null, "min_tt_shelter": null, "avg_tt_community": null, "avg_tt_education": null, "avg_tt_essential_services": null, "avg_tt_food_and_drink": null, "avg_tt_healthcare": null, "avg_tt_shelter": null, "avg_tt_all": null, "n_unreachable_categories": 6, "count_community": 0.0, "count_education": 0.0, "count_essential_services": 0.0, "count_food_and_drink": 1.0, "count_healthcare": 0.0, "count_shelter": 0.0, "gravity_community_per_100": 0.0, "gravity_education_per_100": 0.0, "gravity_essential_services_per_100": 0.0, "gravity_food_and_drink_per_100": 0.023177022553607485, "gravity_healthcare_per_100": 0.0, "gravity_shelter_per_100": 0.0, "shannon": 1.1412925456691193e-08, "kl_divergence": 0.77442750133451621, "jsd": 0.48757412718494225, "city_similarity": 0.51242587281505769 }, "geometry": { "type": "Polygon", "coordinates": [ [ [ 24.619203412667506, 59.460553782552466 ], [ 24.628016796039734, 59.460714129902279 ], [ 24.631135205262815, 59.458177931463474 ], [ 24.617929726481524, 59.459331794177956 ], [ 24.619203412667506, 59.460553782552466 ] ] ] } },
{ "type": "Feature", "properties": { "from_id": "124", "population": 3346.9986462833922, "gravity_community": 0.0, "gravity_education": 0.0, "gravity_essential_services": 0.0, "gravity_food_and_drink": 0.0, "gravity_healthcare": 0.0, "gravity_shelter": 0.0, "avg_gravity": 0.0, "min_tt_community": null, "min_tt_education": null, "min_tt_essential_services": null, "min_tt_food_and_drink": null, "min_tt_healthcare": null, "min_tt_shelter": null, "avg_tt_community": null, "avg_tt_education": null, "avg_tt_essential_services": null, "avg_tt_food_and_drink": null, "avg_tt_healthcare": null, "avg_tt_shelter": null, "avg_tt_all": null, "n_unreachable_categories": 6, "count_community": 0.0, "count_education": 0.0, "count_essential_services": 0.0, "count_food_and_drink": 0.0, "count_healthcare": 0.0, "count_shelter": 0.0, "gravity_community_per_100": 0.0, "gravity_education_per_100": 0.0, "gravity_essential_services_per_100": 0.0, "gravity_food_and_drink_per_100": 0.0, "gravity_healthcare_per_100": 0.0, "gravity_shelter_per_100": 0.0, "shannon": 1.3815510557964275e-08, "kl_divergence": 0.333576385971945, "jsd": 0.27633281748366462, "city_similarity": 0.72366718251633544 }, "geometry": { "type": "Polygon", "coordinates": [ [ [ 24.628016796039734, 59.460714129902279 ], [ 24.63215168601694, 59.464679214638672 ], [ 24.64096622566565, 59.46483869543043 ], [ 24.645643855942591, 59.461033042318839 ], [ 24.641701108892324, 59.457253688088052 ], [ 24.631135205262815, 59.458177931463474 ], [ 24.628016796039734, 59.460714129902279 ] ] ] } },
{ "type": "Feature", "properties": { "from_id": "125", "population": 842.29198521408603, "gravity_community": 0.0, "gravity_education": 0.0, "gravity_essential_services": 0.0, "gravity_food_and_drink": 2.5575765768789864, "gravity_healthcare": 0.0, "gravity_shelter": 0.0, "avg_gravity": 0.42626276281316439, "min_tt_community": null, "min_tt_education": null, "min_tt_essential_services": null, "min_tt_food_and_drink": 23.0, "min_tt_healthcare": null, "min_tt_shelter": null, "avg_tt_community": null, "avg_tt_education": null, "avg_tt_essential_services": null, "avg_tt_food_and_drink": 23.666666666666668, "avg_tt_healthcare": null, "avg_tt_shelter": null, "avg_tt_all": 23.666666666666668, "n_unreachable_categories": 5, "count_community": 0.0, "count_education": 0.0, "count_essential_services": 0.0, "count_food_and_drink": 4.0, "count_healthcare": 0.0, "count_shelter": 0.0, "gravity_community_per_100": 0.0, "gravity_education_per_100": 0.0, "gravity_essential_services_per_100": 0.0, "gravity_food_and_drink_per_100": 0.30364489058137306, "gravity_healthcare_per_100": 0.0, "gravity_shelter_per_100": 0.0, "shannon": 1.1412925456691193e-08, "kl_divergence": 0.77442750133451621, "jsd": 0.48757412718494225, "city_similarity": 0.51242587281505769 }, "geometry": { "type": "Polygon", "coordinates": [ [ [ 24.605708654694613, 59.464197207188882 ], [ 24.61452290016965, 59.464358470504607 ], [ 24.619203412667506, 59.460553782552466 ], [ 24.617929726481524, 59.459331794177956 ], [ 24.602080574958926, 59.46071478417192 ], [ 24.605708654694613, 59.464197207188882 ] ] ] } },
{ "type": "Feature", "properties": { "from_id": "126", "population": 0.0, "gravity_community": 0.0, "gravity_education": 0.0, "gravity_essential_services": 0.0, "gravity_food_and_drink": 1.0, "gravity_healthcare": 0.0, "gravity_shelter": 0.0, "avg_gravity": 0.16666666666666666, "min_tt_community": null, "min_tt_education": null, "min_tt_essential_services": null, "min_tt_food_and_drink": null, "min_tt_healthcare": null, "min_tt_shelter": null, "avg_tt_community": null, "avg_tt_education": null, "avg_tt_essential_services": null, "avg_tt_food_and_drink": null, "avg_tt_healthcare": null, "avg_tt_shelter": null, "avg_tt_all": null, "n_unreachable_categories": 6, "count_community": 0.0, "count_education": 0.0, "count_essential_services": 0.0, "count_food_and_drink": 1.0, "count_healthcare": 0.0, "count_shelter": 0.0, "gravity_community_per_100": 0.0, "gravity_education_per_100": 0.0, "gravity_essential_services_per_100": 0.0, "gravity_food_and_drink_per_100": 0.0, "gravity_healthcare_per_100": 0.0, "gravity_shelter_per_100": 0.0, "shannon": 1.1412925456691193e-08, "kl_divergence": 0.77442750133451621, "jsd": 0.48757412718494225, "city_similarity": 0.51242587281505769 }, "geometry": { "type": "Polygon", "coordinates": [ [ [ 24.628016796039734, 59.460714129902279 ], [ 24.619203412667506, 59.460553782552466 ], [ 24.61452290016965, 59.464358470504607 ], [ 24.61865663332771, 59.468323973055824 ], [ 24.627472036164541, 59.468484369849044 ], [ 24.63215168601694, 59.464679214638672 ], [ 24.628016796039734, 59.460714129902279 ] ] ] } },
{ "type": "Feature", "properties": { "from_id": "127", "population": 21.021581493375344, "gravity_community": 0.0, "gravity_education": 0.0, "gravity_essential_services": 0.0, "gravity_food_and_drink": 1.0, "gravity_healthcare": 0.0, "gravity_shelter": 0.0, "avg_gravity": 0.16666666666666666, "min_tt_community": null, "min_tt_education": null, "min_tt_essential_services": null, "min_tt_food_and_drink": null, "min_tt_healthcare": null, "min_tt_shelter": null, "avg_tt_community": null, "avg_tt_education": null, "avg_tt_essential_services": null, "avg_tt_food_and_drink": null, "avg_tt_healthcare": null, "avg_tt_shelter": null, "avg_tt_all": null, "n_unreachable_categories": 6, "count_community": 0.0, "count_education": 0.0, "count_essential_services": 0.0, "count_food_and_drink": 1.0, "count_healthcare": 0.0, "count_shelter": 0.0, "gravity_community_per_100": 0.0, "gravity_education_per_100": 0.0, "gravity_essential_services_per_100": 0.0, "gravity_food_and_drink_per_100": 4.7570160233431347, "gravity_healthcare_per_100": 0.0, "gravity_shelter_per_100": 0.0, "shannon": 1.1412925456691193e-08, "kl_divergence": 0.77442750133451621, "jsd": 0.48757412718494225, "city_similarity": 0.51242587281505769 }, "geometry": { "type": "Polygon", "coordinates": [ [ [ 24.64096622566565, 59.46483869543043 ], [ 24.63215168601694, 59.464679214638672 ], [ 24.627472036164541, 59.468484369849044 ], [ 24.63160778932993, 59.47244947306082 ], [ 24.640424349096953, 59.472609003033156 ], [ 24.645103135218331, 59.468803380604172 ], [ 24.64096622566565, 59.46483869543043 ] ] ] } },
{ "type": "Feature", "properties": { "from_id": "128", "population": 0.44812418053020819, "gravity_community": 0.0, "gravity_education": 0.0, "gravity_essential_services": 1.0, "gravity_food_and_drink": 0.0, "gravity_healthcare": 0.0, "gravity_shelter": 0.0, "avg_gravity": 0.16666666666666666, "min_tt_community": null, "min_tt_education": null, "min_tt_essential_services": null, "min_tt_food_and_drink": null, "min_tt_healthcare": null, "min_tt_shelter": null, "avg_tt_community": null, "avg_tt_education": null, "avg_tt_essential_services": null, "avg_tt_food_and_drink": null, "avg_tt_healthcare": null, "avg_tt_shelter": null, "avg_tt_all": null, "n_unreachable_categories": 6, "count_community": 0.0, "count_education": 0.0, "count_essential_services": 1.0, "count_food_and_drink": 0.0, "count_healthcare": 0.0, "count_shelter": 0.0, "gravity_community_per_100": 0.0, "gravity_education_per_100": 0.0, "gravity_essential_services_per_100": 223.15243038588713, "gravity_food_and_drink_per_100": 0.0, "gravity_healthcare_per_100": 0.0, "gravity_shelter_per_100": 0.0, "shannon": 1.1412925456691193e-08, "kl_divergence": 2.4276372292695942, "jsd": 0.73485996320676417, "city_similarity": 0.26514003679323583 }, "geometry": { "type": "Polygon", "coordinates": [ [ [ 24.61452290016965, 59.464358470504607 ], [ 24.605708654694613, 59.464197207188882 ], [ 24.601026122843692, 59.468001396704615 ], [ 24.605158698097142, 59.471967316972787 ], [ 24.613974963467985, 59.47212863001733 ], [ 24.61865663332771, 59.468323973055824 ], [ 24.61452290016965, 59.464358470504607 ] ] ] } },
{ "type": "Feature", "properties": { "from_id": "129", "population": 0.0, "gravity_community": 0.0, "gravity_education": 0.71720038531663488, "gravity_essential_services": 0.0, "gravity_food_and_drink": 2.5015039185554673, "gravity_healthcare": 0.0, "gravity_shelter": 0.51437639269832958, "avg_gravity": 0.62218011609507196, "min_tt_community": null, "min_tt_education": 12.0, "min_tt_essential_services": null, "min_tt_food_and_drink": 1.0, "min_tt_healthcare": null, "min_tt_shelter": 24.0, "avg_tt_community": null, "avg_tt_education": 12.0, "avg_tt_essential_services": null, "avg_tt_food_and_drink": 12.0, "avg_tt_healthcare": null, "avg_tt_shelter": 24.0, "avg_tt_all": 16.0, "n_unreachable_categories": 3, "count_community": 0.0, "count_education": 1.0, "count_essential_services": 0.0, "count_food_and_drink": 3.0, "count_healthcare": 0.0, "count_shelter": 1.0, "gravity_community_per_100": 0.0, "gravity_education_per_100": 0.0, "gravity_essential_services_per_100": 0.0, "gravity_food_and_drink_per_100": 0.0, "gravity_healthcare_per_100": 0.0, "gravity_shelter_per_100": 0.0, "shannon": 0.95027054621396001, "kl_divergence": 0.28764408240798078, "jsd": 0.30403448800495031, "city_similarity": 0.69596551199504963 }, "geometry": { "type": "Polygon", "coordinates": [ [ [ 24.580377645504036, 59.448169895930398 ], [ 24.576250827291336, 59.444203216320687 ], [ 24.567535385726767, 59.444041144111672 ], [ 24.567554473876953, 59.444068908691399 ], [ 24.567564010620117, 59.444087982177734 ], [ 24.567573547363281, 59.444110870361342 ], [ 24.567571640014648, 59.444149017333999 ], [ 24.567586898803711, 59.444194793701158 ], [ 24.567609786987305, 59.444221496582017 ], [ 24.567638397216797, 59.444221496582038 ], [ 24.567691802978516, 59.444213867187507 ], [ 24.567714691162109, 59.444221496582031 ], [ 24.567741394042969, 59.444240570068359 ], [ 24.567794799804688, 59.444271087646477 ], [ 24.567821502685547, 59.444293975830071 ], [ 24.567848205566406, 59.444324493408189 ], [ 24.567907333374023, 59.444377899169929 ], [ 24.567924499511719, 59.444389343261712 ], [ 24.567960739135742, 59.444400787353487 ], [ 24.568056106567383, 59.444416046142585 ], [ 24.568130493164062, 59.444427490234382 ], [ 24.568227767944339, 59.44448089599608 ], [ 24.568256378173828, 59.444511413574212 ], [ 24.568264007568359, 59.444557189941413 ], [ 24.568279266357422, 59.44459152221679 ], [ 24.568305969238281, 59.444618225097656 ], [ 24.568330764770511, 59.444637298583977 ], [ 24.56834602355957, 59.444641113281257 ], [ 24.568395614624027, 59.444644927978516 ], [ 24.568449020385746, 59.444652557373054 ], [ 24.568477630615234, 59.444667816162109 ], [ 24.568498611450195, 59.444686889648445 ], [ 24.568552017211914, 59.444713592529297 ], [ 24.56865119934082, 59.444713592529283 ], [ 24.568723678588871, 59.444717407226562 ], [ 24.568767547607422, 59.444725036621094 ], [ 24.568817138671875, 59.444740295410142 ], [ 24.568820953369141, 59.444789886474602 ], [ 24.568836212158203, 59.444816589355462 ], [ 24.568841934204105, 59.444835662841797 ], [ 24.568855285644531, 59.444854736328125 ], [ 24.568878173828125, 59.444873809814432 ], [ 24.568881988525391, 59.444892883300767 ], [ 24.568878173828125, 59.444904327392578 ], [ 24.568878173828125, 59.444923400878913 ], [ 24.568887710571289, 59.444934844970696 ], [ 24.568881988525391, 59.44494247436522 ], [ 24.568870544433594, 59.444950103759766 ], [ 24.568881988525391, 59.444965362548814 ], [ 24.568912506103516, 59.444972991943359 ], [ 24.568984985351562, 59.444984436035156 ], [ 24.569049835205078, 59.444999694824219 ], [ 24.569133758544922, 59.445003509521477 ], [ 24.569183349609375, 59.444992065429666 ], [ 24.569211959838867, 59.444972991943359 ], [ 24.569240570068359, 59.444942474365234 ], [ 24.569244384765625, 59.444911956787116 ], [ 24.569261550903324, 59.444881439208984 ], [ 24.569324493408203, 59.444869995117173 ], [ 24.569358825683594, 59.444866180419922 ], [ 24.56938362121582, 59.44488906860353 ], [ 24.569406509399414, 59.444915771484375 ], [ 24.569398880004883, 59.444931030273423 ], [ 24.56941032409668, 59.444953918457031 ], [ 24.569452285766605, 59.444984436035149 ], [ 24.569484710693359, 59.444999694824205 ], [ 24.569517135620117, 59.445014953613274 ], [ 24.569549560546875, 59.445034027099609 ], [ 24.569572448730469, 59.445056915283203 ], [ 24.569591522216797, 59.445075988769524 ], [ 24.569677352905273, 59.445167541503892 ], [ 24.569726943969727, 59.445178985595703 ], [ 24.569789886474609, 59.445186614990234 ], [ 24.569816589355469, 59.445201873779268 ], [ 24.569862365722656, 59.445243835449226 ], [ 24.569877624511719, 59.44526672363282 ], [ 24.569904327392578, 59.445320129394531 ], [ 24.569963455200195, 59.445381164550774 ], [ 24.569992065429688, 59.445404052734382 ], [ 24.570016860961914, 59.445430755615241 ], [ 24.570018768310547, 59.445438385009751 ], [ 24.57002067565918, 59.445472717285156 ], [ 24.570014953613281, 59.445491790771491 ], [ 24.570026397705078, 59.445507049560547 ], [ 24.570062637329102, 59.445518493652344 ], [ 24.570062637329102, 59.445529937744126 ], [ 24.570041656494144, 59.445537567138679 ], [ 24.570024490356445, 59.445556640624986 ], [ 24.570028305053711, 59.445579528808608 ], [ 24.57005500793457, 59.445610046386726 ], [ 24.570104598999023, 59.445625305175781 ], [ 24.570182800292969, 59.445621490478523 ], [ 24.57026481628418, 59.445610046386726 ], [ 24.570352554321293, 59.44557952880858 ], [ 24.570432662963871, 59.445564270019524 ], [ 24.570497512817383, 59.445556640625 ], [ 24.570549011230469, 59.445556640624986 ], [ 24.570611953735352, 59.445587158203139 ], [ 24.570632934570316, 59.445629119873033 ], [ 24.570665359497074, 59.445655822753913 ], [ 24.570716857910156, 59.44566726684571 ], [ 24.57075309753418, 59.445667266845696 ], [ 24.570787429809574, 59.44569015502929 ], [ 24.570846557617188, 59.445747375488267 ], [ 24.570856094360352, 59.445774078369148 ], [ 24.570856094360352, 59.445793151855455 ], [ 24.570865631103516, 59.445816040039048 ], [ 24.570890426635742, 59.445831298828118 ], [ 24.5709228515625, 59.445850372314453 ], [ 24.570930480957035, 59.445873260498033 ], [ 24.570920944213867, 59.445907592773438 ], [ 24.570898056030273, 59.445934295654297 ], [ 24.57090950012207, 59.445957183837891 ], [ 24.570926666259766, 59.445972442626946 ], [ 24.570926666259766, 59.445991516113281 ], [ 24.5709342956543, 59.446025848388658 ], [ 24.570940017700199, 59.446037292480462 ], [ 24.570951461791992, 59.446052551269531 ], [ 24.571020126342773, 59.446090698242173 ], [ 24.571048736572266, 59.446102142333977 ], [ 24.571063995361328, 59.446113586425767 ], [ 24.571069717407227, 59.446125030517585 ], [ 24.571067810058594, 59.446144104003906 ], [ 24.571044921875, 59.446189880371094 ], [ 24.571033477783203, 59.446224212646491 ], [ 24.57103157043457, 59.446247100830085 ], [ 24.571046829223633, 59.446277618408189 ], [ 24.571063995361328, 59.446296691894524 ], [ 24.571073532104492, 59.446315765380852 ], [ 24.571100234985352, 59.44634628295897 ], [ 24.571126937866211, 59.446357727050795 ], [ 24.571205139160156, 59.446361541748047 ], [ 24.571256637573242, 59.446357727050781 ], [ 24.57127571105957, 59.446361541748033 ], [ 24.57135009765625, 59.446361541748033 ], [ 24.571405410766602, 59.446357727050795 ], [ 24.571443557739258, 59.446350097656243 ], [ 24.571508407592773, 59.446346282958984 ], [ 24.571624755859375, 59.446350097656243 ], [ 24.571689605712891, 59.446353912353523 ], [ 24.571722030639648, 59.446380615234361 ], [ 24.571746826171879, 59.446434020996087 ], [ 24.57176399230957, 59.446460723876946 ], [ 24.571794509887695, 59.446495056152351 ], [ 24.571823120117188, 59.446514129638672 ], [ 24.571866989135742, 59.446506500244162 ], [ 24.571884155273438, 59.446502685546875 ], [ 24.571916580200195, 59.446502685546861 ], [ 24.571983337402347, 59.446502685546861 ], [ 24.572021484375, 59.446517944335945 ], [ 24.572053909301758, 59.446540832519538 ], [ 24.572053909301761, 59.446559906005845 ], [ 24.57200813293457, 59.446582794189453 ], [ 24.57197380065918, 59.446590423583991 ], [ 24.571901321411133, 59.446601867675774 ], [ 24.571863174438477, 59.446628570556641 ], [ 24.571830749511719, 59.44664001464843 ], [ 24.571786880493164, 59.446632385253892 ], [ 24.571760177612305, 59.446609497070312 ], [ 24.571727752685547, 59.446605682373061 ], [ 24.571710586547852, 59.446617126464844 ], [ 24.571693420410156, 59.446632385253892 ], [ 24.571681976318363, 59.4466552734375 ], [ 24.571685791015629, 59.446674346923828 ], [ 24.571697235107422, 59.446697235107401 ], [ 24.571722030639648, 59.44671630859375 ], [ 24.57183837890625, 59.446701049804659 ], [ 24.5718994140625, 59.446697235107415 ], [ 24.571966171264648, 59.446697235107415 ], [ 24.572000503540039, 59.446701049804673 ], [ 24.572025299072266, 59.446720123291023 ], [ 24.572002410888675, 59.446754455566399 ], [ 24.57197380065918, 59.446777343750007 ], [ 24.571952819824219, 59.4467964172363 ], [ 24.571952819824219, 59.44681549072267 ], [ 24.571981430053711, 59.446865081787124 ], [ 24.572013854980469, 59.446891784667969 ], [ 24.572065353393555, 59.446910858154297 ], [ 24.572092056274414, 59.446914672851562 ], [ 24.572135925292969, 59.446910858154297 ], [ 24.572162628173828, 59.4468994140625 ], [ 24.572185516357422, 59.446887969970717 ], [ 24.572208404541019, 59.446861267089837 ], [ 24.572240829467773, 59.446846008300788 ], [ 24.572271347045898, 59.446838378906257 ], [ 24.572286605834961, 59.446830749511705 ], [ 24.572292327880859, 59.446811676025384 ], [ 24.572322845458984, 59.446792602539062 ], [ 24.572399139404297, 59.446800231933601 ], [ 24.572423934936523, 59.446815490722663 ], [ 24.57244873046875, 59.446819305419922 ], [ 24.57252311706543, 59.446865081787109 ], [ 24.57274055480957, 59.446956634521499 ], [ 24.572946548461914, 59.447010040283203 ], [ 24.57304573059082, 59.447052001953132 ], [ 24.57318115234375, 59.447116851806641 ], [ 24.573274612426758, 59.447177886962884 ], [ 24.57328987121582, 59.447235107421875 ], [ 24.573329925537109, 59.447299957275398 ], [ 24.573314666748047, 59.447406768798835 ], [ 24.573226928710938, 59.447505950927734 ], [ 24.573192596435547, 59.447597503662124 ], [ 24.573268890380863, 59.447685241699219 ], [ 24.573524475097656, 59.447845458984368 ], [ 24.573614120483398, 59.447940826416016 ], [ 24.573810577392578, 59.448040008544922 ], [ 24.573982238769531, 59.44823837280272 ], [ 24.5740966796875, 59.448455810546868 ], [ 24.574312210083008, 59.448726654052727 ], [ 24.574533462524414, 59.448982238769517 ], [ 24.574981689453125, 59.449401855468757 ], [ 24.575370788574219, 59.449871063232422 ], [ 24.575681686401367, 59.450294494628892 ], [ 24.575801849365234, 59.450550079345696 ], [ 24.575889587402344, 59.4508056640625 ], [ 24.57594108581543, 59.45118713378907 ], [ 24.576000213623047, 59.451511383056641 ], [ 24.575963541159172, 59.451754755137031 ], [ 24.580377645504036, 59.448169895930398 ] ] ] } },
{ "type": "Feature", "properties": { "from_id": "130", "population": 0.0, "gravity_community": 0.0, "gravity_education": 1.5589473479371119, "gravity_essential_services": 0.0, "gravity_food_and_drink": 2.8545782254926233, "gravity_healthcare": 0.0, "gravity_shelter": 0.75805449711050832, "avg_gravity": 0.86193001175670736, "min_tt_community": null, "min_tt_education": 21.0, "min_tt_essential_services": null, "min_tt_food_and_drink": 10.0, "min_tt_healthcare": null, "min_tt_shelter": 10.0, "avg_tt_community": null, "avg_tt_education": 21.0, "avg_tt_essential_services": null, "avg_tt_food_and_drink": 12.25, "avg_tt_healthcare": null, "avg_tt_shelter": 10.0, "avg_tt_all": 14.416666666666666, "n_unreachable_categories": 3, "count_community": 0.0, "count_education": 2.0, "count_essential_services": 0.0, "count_food_and_drink": 4.0, "count_healthcare": 0.0, "count_shelter": 1.0, "gravity_community_per_100": 0.0, "gravity_education_per_100": 0.0, "gravity_essential_services_per_100": 0.0, "gravity_food_and_drink_per_100": 0.0, "gravity_healthcare_per_100": 0.0, "gravity_shelter_per_100": 0.0, "shannon": 0.95569989809611844, "kl_divergence": 0.37064186869370769, "jsd": 0.33053377671494971, "city_similarity": 0.66946622328505034 }, "geometry": { "type": "Polygon", "coordinates": [ [ [ 24.606807679080919, 59.448656950352053 ], [ 24.602677686882043, 59.444691086197409 ], [ 24.59386863442835, 59.44452905657203 ], [ 24.589187557462228, 59.448332841164628 ], [ 24.593316392634858, 59.45229912256233 ], [ 24.594983924227638, 59.452329842495935 ], [ 24.595005035400391, 59.452320098876939 ], [ 24.595024108886719, 59.452289581298828 ], [ 24.595039367675781, 59.452278137207031 ], [ 24.59505653381348, 59.452270507812486 ], [ 24.595075607299805, 59.452266693115249 ], [ 24.59510612487793, 59.452266693115227 ], [ 24.595134735107422, 59.4522705078125 ], [ 24.59517860412598, 59.452266693115234 ], [ 24.595216751098633, 59.452262878417976 ], [ 24.595251083374023, 59.452255249023423 ], [ 24.595291137695312, 59.452255249023438 ], [ 24.595327377319336, 59.452251434326179 ], [ 24.595390319824219, 59.452236175537095 ], [ 24.595462799072266, 59.452213287353501 ], [ 24.595500946044922, 59.452194213867202 ], [ 24.595529556274414, 59.452175140380859 ], [ 24.595561981201172, 59.452159881591797 ], [ 24.595605850219727, 59.4521484375 ], [ 24.595661163330078, 59.452133178710945 ], [ 24.595712661743164, 59.452117919921875 ], [ 24.595796585083008, 59.452098846435554 ], [ 24.595878601074219, 59.452087402343757 ], [ 24.595918655395508, 59.452079772949219 ], [ 24.595951080322266, 59.45207214355468 ], [ 24.595991134643555, 59.452053070068359 ], [ 24.596038818359375, 59.452037811279304 ], [ 24.596122741699219, 59.452018737792969 ], [ 24.596200942993164, 59.451999664306626 ], [ 24.596271514892578, 59.451984405517578 ], [ 24.596332550048828, 59.451969146728509 ], [ 24.59642219543457, 59.451950073242173 ], [ 24.596590042114258, 59.451908111572273 ], [ 24.596735000610352, 59.451877593994141 ], [ 24.59678840637207, 59.451862335205092 ], [ 24.596912384033203, 59.451839447021491 ], [ 24.597028732299808, 59.451816558837891 ], [ 24.597105026245121, 59.451801300048835 ], [ 24.597206115722656, 59.451782226562493 ], [ 24.597284317016602, 59.451766967773445 ], [ 24.597339630126953, 59.451755523681648 ], [ 24.59757232666016, 59.451717376708977 ], [ 24.597709655761719, 59.45169830322267 ], [ 24.597770690917969, 59.451686859130859 ], [ 24.597829818725589, 59.45167160034179 ], [ 24.597984313964844, 59.451648712158196 ], [ 24.598083496093754, 59.451644897460909 ], [ 24.598167419433594, 59.451637268066413 ], [ 24.598318099975586, 59.451606750488281 ], [ 24.598434448242188, 59.451595306396456 ], [ 24.598684310913086, 59.451553344726584 ], [ 24.598737716674805, 59.451541900634759 ], [ 24.599071502685547, 59.451469421386705 ], [ 24.599332809448246, 59.451427459716776 ], [ 24.599496841430664, 59.451389312744148 ], [ 24.59959602355957, 59.451377868652351 ], [ 24.59977912902832, 59.451351165771477 ], [ 24.600078582763675, 59.451316833496087 ], [ 24.600358963012699, 59.451293945312507 ], [ 24.600414276123047, 59.451316833496087 ], [ 24.600717544555664, 59.451519012451179 ], [ 24.600868225097656, 59.45161437988282 ], [ 24.60124397277832, 59.451873779296882 ], [ 24.60134315490723, 59.451957702636733 ], [ 24.601785659790039, 59.452247619628906 ], [ 24.602098577618595, 59.452460671775626 ], [ 24.602127462161011, 59.452461202133435 ], [ 24.602256080748578, 59.452356670083482 ], [ 24.602092742919922, 59.452247619628906 ], [ 24.601802825927734, 59.452041625976562 ], [ 24.601673126220707, 59.451953887939439 ], [ 24.601663589477539, 59.451900482177734 ], [ 24.601766586303711, 59.451831817626939 ], [ 24.601814270019531, 59.451824188232415 ], [ 24.603876931938498, 59.451039290311172 ], [ 24.605794425265071, 59.449480648088254 ], [ 24.605781555175781, 59.449436187744134 ], [ 24.605815887451172, 59.449333190917962 ], [ 24.605878829956055, 59.449260711669929 ], [ 24.605979919433597, 59.449192047119148 ], [ 24.606107711791992, 59.449146270751953 ], [ 24.606241226196289, 59.449100494384766 ], [ 24.606278423519285, 59.449087200643667 ], [ 24.606807679080919, 59.448656950352053 ] ] ] } },
{ "type": "Feature", "properties": { "from_id": "131", "population": 0.0, "gravity_community": 0.0, "gravity_education": 1.0, "gravity_essential_services": 0.0, "gravity_food_and_drink": 2.2961433758038305, "gravity_healthcare": 0.0, "gravity_shelter": 0.5436769774186645, "avg_gravity": 0.63997005887041591, "min_tt_community": null, "min_tt_education": null, "min_tt_essential_services": null, "min_tt_food_and_drink": 15.0, "min_tt_healthcare": null, "min_tt_shelter": 22.0, "avg_tt_community": null, "avg_tt_education": null, "avg_tt_essential_services": null, "avg_tt_food_and_drink": 20.25, "avg_tt_healthcare": null, "avg_tt_shelter": 22.0, "avg_tt_all": 21.125, "n_unreachable_categories": 4, "count_community": 0.0, "count_education": 1.0, "count_essential_services": 0.0, "count_food_and_drink": 4.0, "count_healthcare": 0.0, "count_shelter": 1.0, "gravity_community_per_100": 0.0, "gravity_education_per_100": 0.0, "gravity_essential_services_per_100": 0.0, "gravity_food_and_drink_per_100": 0.0, "gravity_healthcare_per_100": 0.0, "gravity_shelter_per_100": 0.0, "shannon": 0.86756323548811487, "kl_divergence": 0.29310354053347865, "jsd": 0.30697611072855091, "city_similarity": 0.69302388927144909 }, "geometry": { "type": "Polygon", "coordinates": [ [ [ 24.593316392634858, 59.45229912256233 ], [ 24.589187557462228, 59.448332841164628 ], [ 24.580377645504036, 59.448169895930398 ], [ 24.575963541159172, 59.451754755137031 ], [ 24.575958251953125, 59.451789855957038 ], [ 24.575899124145511, 59.452033996582017 ], [ 24.575867658578439, 59.452139558790201 ], [ 24.579822228640786, 59.455939880414689 ], [ 24.58803653416453, 59.456091840380644 ], [ 24.588077545166016, 59.456077575683601 ], [ 24.588148117065433, 59.456062316894545 ], [ 24.588203430175781, 59.45605087280272 ], [ 24.588239669799805, 59.456035614013665 ], [ 24.588262557983398, 59.456020355224602 ], [ 24.588289260864258, 59.455997467041009 ], [ 24.588338851928711, 59.455978393554688 ], [ 24.588367462158203, 59.455963134765632 ], [ 24.588468551635742, 59.455924987792955 ], [ 24.588571548461914, 59.455902099609382 ], [ 24.588617324829102, 59.455879211425774 ], [ 24.588741302490238, 59.455841064453111 ], [ 24.588861465454102, 59.455802917480483 ], [ 24.58892822265625, 59.455776214599624 ], [ 24.589106996962897, 59.455718798136132 ], [ 24.593316392634858, 59.45229912256233 ] ] ] } },
{ "type": "Feature", "properties": { "from_id": "132", "population": 0.0, "gravity_community": 0.0, "gravity_education": 0.0, "gravity_essential_services": 0.0, "gravity_food_and_drink": 1.2839575969753314, "gravity_healthcare": 0.0, "gravity_shelter": 0.52882379148232717, "avg_gravity": 0.30213023140960976, "min_tt_community": null, "min_tt_education": null, "min_tt_essential_services": null, "min_tt_food_and_drink": 16.0, "min_tt_healthcare": null, "min_tt_shelter": 23.0, "avg_tt_community": null, "avg_tt_education": null, "avg_tt_essential_services": null, "avg_tt_food_and_drink": 16.0, "avg_tt_healthcare": null, "avg_tt_shelter": 23.0, "avg_tt_all": 19.5, "n_unreachable_categories": 4, "count_community": 0.0, "count_education": 0.0, "count_essential_services": 0.0, "count_food_and_drink": 2.0, "count_healthcare": 0.0, "count_shelter": 1.0, "gravity_community_per_100": 0.0, "gravity_education_per_100": 0.0, "gravity_essential_services_per_100": 0.0, "gravity_food_and_drink_per_100": 0.0, "gravity_healthcare_per_100": 0.0, "gravity_shelter_per_100": 0.0, "shannon": 0.63651417745556094, "kl_divergence": 0.39507046192732737, "jsd": 0.35923772996494657, "city_similarity": 0.64076227003505348 }, "geometry": { "type": "Polygon", "coordinates": [ [ [ 24.579822228640786, 59.455939880414689 ], [ 24.575867658578439, 59.452139558790201 ], [ 24.575839996337891, 59.45223236083983 ], [ 24.575742721557617, 59.452434539794922 ], [ 24.575645446777344, 59.452579498291001 ], [ 24.575605392456055, 59.452621459960938 ], [ 24.575565338134766, 59.452648162841797 ], [ 24.575475692749023, 59.452762603759766 ], [ 24.575435638427734, 59.452789306640625 ], [ 24.575408935546879, 59.45281600952147 ], [ 24.575368881225586, 59.452838897705085 ], [ 24.575340270996094, 59.452861785888672 ], [ 24.575326919555664, 59.452888488769538 ], [ 24.575176239013672, 59.453002929687486 ], [ 24.57512092590332, 59.45302581787108 ], [ 24.575040817260742, 59.453067779541023 ], [ 24.575002670288086, 59.453086853027344 ], [ 24.574956893920898, 59.453132629394531 ], [ 24.574865341186523, 59.453197479248068 ], [ 24.574811935424805, 59.453220367431648 ], [ 24.574766159057617, 59.453243255615241 ], [ 24.574710845947269, 59.453277587890618 ], [ 24.574630737304688, 59.453323364257812 ], [ 24.574518203735352, 59.453372955322259 ], [ 24.574464797973633, 59.453407287597649 ], [ 24.574411392211914, 59.453475952148423 ], [ 24.574398040771484, 59.45350646972657 ], [ 24.574392318725586, 59.453536987304695 ], [ 24.574390411376953, 59.453571319580078 ], [ 24.574380874633789, 59.453609466552741 ], [ 24.574338912963867, 59.453670501708991 ], [ 24.574303763669551, 59.453705651003318 ], [ 24.578995351857237, 59.456611316415461 ], [ 24.579822228640786, 59.455939880414689 ] ] ] } },
{ "type": "Feature", "properties": { "from_id": "133", "population": 0.0, "gravity_community": 0.0, "gravity_education": 0.0, "gravity_essential_services": 0.0, "gravity_food_and_drink": 3.4129280339821682, "gravity_healthcare": 0.0, "gravity_shelter": 0.62444001929124437, "avg_gravity": 0.6728946755455687, "min_tt_community": null, "min_tt_education": null, "min_tt_essential_services": null, "min_tt_food_and_drink": 18.0, "min_tt_healthcare": null, "min_tt_shelter": 17.0, "avg_tt_community": null, "avg_tt_education": null, "avg_tt_essential_services": null, "avg_tt_food_and_drink": 18.25, "avg_tt_healthcare": null, "avg_tt_shelter": 17.0, "avg_tt_all": 17.625, "n_unreachable_categories": 4, "count_community": 0.0, "count_education": 0.0, "count_essential_services": 0.0, "count_food_and_drink": 5.0, "count_healthcare": 0.0, "count_shelter": 1.0, "gravity_community_per_100": 0.0, "gravity_education_per_100": 0.0, "gravity_essential_services_per_100": 0.0, "gravity_food_and_drink_per_100": 0.0, "gravity_healthcare_per_100": 0.0, "gravity_shelter_per_100": 0.0, "shannon": 0.45056121807405314, "kl_divergence": 0.45244485807049434, "jsd": 0.37621926188733229, "city_similarity": 0.62378073811266765 }, "geometry": { "type": "MultiPolygon", "coordinates": [ [ [ [ 24.593316392634858, 59.45229912256233 ], [ 24.589106996962897, 59.455718798136132 ], [ 24.589189529418945, 59.455692291259773 ], [ 24.589302062988281, 59.455657958984382 ], [ 24.589426040649414, 59.455608367919915 ], [ 24.589519500732425, 59.455574035644524 ], [ 24.589607238769531, 59.455543518066406 ], [ 24.589670181274418, 59.455520629882798 ], [ 24.589719772338867, 59.455493927001946 ], [ 24.589788436889652, 59.455451965332024 ], [ 24.589839935302734, 59.455417633056634 ], [ 24.589879989624027, 59.455383300781257 ], [ 24.589910507202148, 59.455364227294908 ], [ 24.589962005615234, 59.455333709716783 ], [ 24.590023040771484, 59.455307006835923 ], [ 24.590148925781254, 59.455245971679688 ], [ 24.590215682983398, 59.455219268798849 ], [ 24.590280532836914, 59.455181121826158 ], [ 24.590316772460938, 59.455154418945327 ], [ 24.590353012084961, 59.455131530761719 ], [ 24.590476989746097, 59.455078125000014 ], [ 24.590566635131836, 59.45503616333005 ], [ 24.590644836425781, 59.455009460449219 ], [ 24.590768814086914, 59.454948425292976 ], [ 24.5908203125, 59.454921722412116 ], [ 24.590890884399414, 59.454895019531236 ], [ 24.590988159179691, 59.454841613769545 ], [ 24.591018676757812, 59.454822540283189 ], [ 24.591043472290039, 59.454803466796882 ], [ 24.591072082519531, 59.45477294921875 ], [ 24.591104507446289, 59.454727172851562 ], [ 24.591415405273438, 59.454532623291009 ], [ 24.591447830200195, 59.454509735107415 ], [ 24.591472625732422, 59.454494476318352 ], [ 24.591537475585938, 59.4544677734375 ], [ 24.591575622558594, 59.454456329345689 ], [ 24.591606140136719, 59.454456329345689 ], [ 24.591632843017578, 59.454448699951179 ], [ 24.591672897338867, 59.454433441162109 ], [ 24.591709136962894, 59.454418182373047 ], [ 24.591745376586914, 59.454399108886719 ], [ 24.591787338256836, 59.454380035400398 ], [ 24.59181022644043, 59.454364776611314 ], [ 24.591829299926758, 59.45434188842772 ], [ 24.591903686523438, 59.454280853271491 ], [ 24.591958999633789, 59.454235076904304 ], [ 24.592046737670898, 59.454189300537116 ], [ 24.592092514038086, 59.454170227050781 ], [ 24.592233657836914, 59.454132080078132 ], [ 24.592367172241211, 59.454090118408203 ], [ 24.592411041259766, 59.454067230224609 ], [ 24.592439651489258, 59.454048156738303 ], [ 24.592466354370117, 59.454029083251939 ], [ 24.592485427856445, 59.454002380371101 ], [ 24.592531204223636, 59.453918457031257 ], [ 24.592550277709961, 59.453887939453111 ], [ 24.592634201049808, 59.453826904296875 ], [ 24.592668533325195, 59.453804016113281 ], [ 24.592779159545898, 59.453742980957038 ], [ 24.592813491821289, 59.453731536865234 ], [ 24.592885971069336, 59.453681945800788 ], [ 24.592901229858398, 59.453655242919915 ], [ 24.59290885925293, 59.453628540039062 ], [ 24.592910766601562, 59.453601837158203 ], [ 24.592937469482422, 59.453578948974609 ], [ 24.592987060546875, 59.453575134277351 ], [ 24.593009948730469, 59.453567504882798 ], [ 24.593015670776367, 59.453552246093757 ], [ 24.592990875244141, 59.453533172607436 ], [ 24.592979431152344, 59.453517913818366 ], [ 24.592979431152344, 59.453495025634766 ], [ 24.592985153198242, 59.453472137451186 ], [ 24.592987060546875, 59.453441619873047 ], [ 24.592983245849609, 59.453414916992173 ], [ 24.592973709106445, 59.453376770019531 ], [ 24.592973709106445, 59.453350067138679 ], [ 24.592981338500977, 59.453300476074219 ], [ 24.592996597290039, 59.453269958496101 ], [ 24.592998504638672, 59.453250885009751 ], [ 24.59300422668457, 59.453239440917969 ], [ 24.593017578125, 59.453208923339837 ], [ 24.593029022216797, 59.453193664550781 ], [ 24.59309196472168, 59.45313644409179 ], [ 24.593130111694336, 59.453109741210938 ], [ 24.593257904052734, 59.453044891357429 ], [ 24.59337043762207, 59.452983856201165 ], [ 24.593425750732422, 59.452964782714844 ], [ 24.593542098999023, 59.452922821044929 ], [ 24.593578338623047, 59.452907562255859 ], [ 24.593740463256839, 59.452846527099595 ], [ 24.593940734863281, 59.452766418457017 ], [ 24.593984603881839, 59.452747344970724 ], [ 24.59406852722168, 59.45271301269532 ], [ 24.594137191772461, 59.452678680419929 ], [ 24.594167709350586, 59.452671051025376 ], [ 24.594192504882812, 59.452659606933594 ], [ 24.59422492980957, 59.452640533447259 ], [ 24.594236373901367, 59.452625274658203 ], [ 24.59425163269043, 59.452613830566406 ], [ 24.594297409057617, 59.452594757080085 ], [ 24.594337463378906, 59.452579498291009 ], [ 24.5943603515625, 59.452571868896477 ], [ 24.594453811645508, 59.452541351318359 ], [ 24.594491958618164, 59.452526092529297 ], [ 24.594575881958008, 59.452487945556648 ], [ 24.5946044921875, 59.452472686767578 ], [ 24.594633102416992, 59.452465057373054 ], [ 24.594671249389648, 59.452445983886705 ], [ 24.594720840454105, 59.452430725097649 ], [ 24.594749450683594, 59.452423095703125 ], [ 24.594833374023438, 59.452381134033196 ], [ 24.594980239868164, 59.452331542968743 ], [ 24.594983924227638, 59.452329842495935 ], [ 24.593316392634858, 59.45229912256233 ] ] ], [ [ [ 24.602127462161011, 59.452461202133435 ], [ 24.602098577618595, 59.452460671775626 ], [ 24.60219596546845, 59.452526978234879 ], [ 24.602127462161011, 59.452461202133435 ] ] ] ] } },
{ "type": "Feature", "properties": { "from_id": "134", "population": 0.0, "gravity_community": 0.0, "gravity_education": 0.0, "gravity_essential_services": 0.0, "gravity_food_and_drink": 1.0, "gravity_healthcare": 0.0, "gravity_shelter": 0.0, "avg_gravity": 0.16666666666666666, "min_tt_community": null, "min_tt_education": null, "min_tt_essential_services": null, "min_tt_food_and_drink": null, "min_tt_healthcare": null, "min_tt_shelter": null, "avg_tt_community": null, "avg_tt_education": null, "avg_tt_essential_services": null, "avg_tt_food_and_drink": null, "avg_tt_healthcare": null, "avg_tt_shelter": null, "avg_tt_all": null, "n_unreachable_categories": 6, "count_community": 0.0, "count_education": 0.0, "count_essential_services": 0.0, "count_food_and_drink": 1.0, "count_healthcare": 0.0, "count_shelter": 0.0, "gravity_community_per_100": 0.0, "gravity_education_per_100": 0.0, "gravity_essential_services_per_100": 0.0, "gravity_food_and_drink_per_100": 0.0, "gravity_healthcare_per_100": 0.0, "gravity_shelter_per_100": 0.0, "shannon": 1.1412925456691193e-08, "kl_divergence": 0.77442750133451621, "jsd": 0.48757412718494225, "city_similarity": 0.51242587281505769 }, "geometry": { "type": "MultiPolygon", "coordinates": [ [ [ [ 24.590753674849751, 59.461701914363886 ], [ 24.587652271767656, 59.461972017423882 ], [ 24.589220604973175, 59.462946999774054 ], [ 24.590753674849751, 59.461701914363886 ] ] ], [ [ [ 24.579822228640786, 59.455939880414689 ], [ 24.578995351857237, 59.456611316415461 ], [ 24.583148670488633, 59.459183060177828 ], [ 24.583271026611332, 59.459171295166001 ], [ 24.583490371704102, 59.459121704101555 ], [ 24.583713531494141, 59.459068298339844 ], [ 24.58381462097168, 59.45904159545897 ], [ 24.583917617797852, 59.459022521972663 ], [ 24.584056854248047, 59.459014892578132 ], [ 24.58430290222168, 59.459026336669929 ], [ 24.584403991699222, 59.459018707275391 ], [ 24.584526062011719, 59.459003448486328 ], [ 24.584575653076172, 59.458992004394524 ], [ 24.584665298461918, 59.458984374999986 ], [ 24.584724426269531, 59.458972930908203 ], [ 24.584789276123047, 59.458961486816392 ], [ 24.58488655090332, 59.458946228027344 ], [ 24.585029602050781, 59.458934783935547 ], [ 24.585071563720703, 59.458927154540987 ], [ 24.585132598876953, 59.458911895751953 ], [ 24.585187911987305, 59.458904266357415 ], [ 24.58524322509766, 59.458900451660156 ], [ 24.585346221923828, 59.458885192871108 ], [ 24.585420608520511, 59.45887374877929 ], [ 24.585481643676758, 59.458869934082024 ], [ 24.585563659667969, 59.4588623046875 ], [ 24.585624694824219, 59.458850860595696 ], [ 24.585721969604496, 59.458812713623054 ], [ 24.58580207824707, 59.458797454833977 ], [ 24.585844039916992, 59.45878982543946 ], [ 24.585891723632812, 59.458770751953111 ], [ 24.585948944091797, 59.458747863769531 ], [ 24.586006164550781, 59.458721160888672 ], [ 24.586116790771484, 59.458671569824212 ], [ 24.58619499206543, 59.458644866943352 ], [ 24.586248397827148, 59.458621978759773 ], [ 24.586296081542969, 59.458580017089844 ], [ 24.586360931396484, 59.458545684814439 ], [ 24.586400985717773, 59.458538055419915 ], [ 24.586452484130859, 59.458530426025398 ], [ 24.586490631103519, 59.458511352539034 ], [ 24.586517333984375, 59.458496093750014 ], [ 24.5865478515625, 59.458469390869148 ], [ 24.586568832397461, 59.458442687988274 ], [ 24.586591720581055, 59.458415985107408 ], [ 24.586631774902344, 59.458400726318359 ], [ 24.586675643920898, 59.458389282226562 ], [ 24.586709976196293, 59.45838546752929 ], [ 24.586742401123047, 59.458351135253928 ], [ 24.586767196655273, 59.458301544189446 ], [ 24.586788177490234, 59.458263397216797 ], [ 24.586807250976562, 59.458236694335938 ], [ 24.586824417114258, 59.458198547363288 ], [ 24.586822509765625, 59.458133697509766 ], [ 24.586828231811523, 59.458118438720703 ], [ 24.586872100830078, 59.45805740356446 ], [ 24.586887359619141, 59.458023071289062 ], [ 24.586896896362305, 59.45799636840821 ], [ 24.586936950683597, 59.457920074462876 ], [ 24.586938858032227, 59.45787429809571 ], [ 24.586946487426758, 59.457855224609382 ], [ 24.586969375610352, 59.457832336425788 ], [ 24.586996078491211, 59.457809448242195 ], [ 24.587030410766602, 59.457775115966811 ], [ 24.58706092834473, 59.457752227783189 ], [ 24.587127685546875, 59.457683563232408 ], [ 24.587162017822266, 59.457660675048828 ], [ 24.587190628051761, 59.457633972167969 ], [ 24.587203979492188, 59.457572937011726 ], [ 24.587238311767578, 59.45751571655272 ], [ 24.587240219116211, 59.457416534423821 ], [ 24.587236404418945, 59.457378387451158 ], [ 24.587234497070312, 59.457305908203097 ], [ 24.58721923828125, 59.457275390625007 ], [ 24.587215423583984, 59.45722961425782 ], [ 24.587200164794922, 59.457206726074219 ], [ 24.587181091308594, 59.457183837890625 ], [ 24.587162017822266, 59.457160949707031 ], [ 24.587131500244144, 59.457111358642571 ], [ 24.587066650390629, 59.457050323486335 ], [ 24.587039947509769, 59.45701599121093 ], [ 24.5870361328125, 59.456958770751946 ], [ 24.587043762207031, 59.456901550292969 ], [ 24.587043762207031, 59.456874847412116 ], [ 24.587076187133789, 59.45677947998049 ], [ 24.587087631225586, 59.456737518310547 ], [ 24.587150573730469, 59.456630706787095 ], [ 24.587173461914062, 59.456596374511733 ], [ 24.587202072143558, 59.456573486328097 ], [ 24.587238311767578, 59.45654678344728 ], [ 24.587274551391602, 59.456520080566399 ], [ 24.587289810180668, 59.456470489501946 ], [ 24.587306976318359, 59.456443786621094 ], [ 24.58732795715332, 59.456424713134759 ], [ 24.587352752685547, 59.456401824951179 ], [ 24.587379455566406, 59.456386566162116 ], [ 24.587461471557617, 59.456348419189453 ], [ 24.587574005126957, 59.456310272216783 ], [ 24.587614059448242, 59.456291198730476 ], [ 24.587652206420898, 59.456268310546868 ], [ 24.587682723999023, 59.456249237060526 ], [ 24.587715148925781, 59.456230163574233 ], [ 24.587831497192383, 59.456180572509766 ], [ 24.587955474853516, 59.456142425537116 ], [ 24.588010787963867, 59.456119537353516 ], [ 24.588033676147461, 59.456092834472649 ], [ 24.58803653416453, 59.456091840380644 ], [ 24.579822228640786, 59.455939880414689 ] ] ], [ [ [ 24.583774566650394, 59.462310791015632 ], [ 24.583869934082031, 59.462306976318359 ], [ 24.583930323985619, 59.462297183361031 ], [ 24.583774566650394, 59.462310791015632 ] ] ] ] } },
{ "type": "Feature", "properties": { "from_id": "135", "population": 182.04268028403419, "gravity_community": 0.0, "gravity_education": 0.0, "gravity_essential_services": 0.0, "gravity_food_and_drink": 1.0, "gravity_healthcare": 0.0, "gravity_shelter": 0.0, "avg_gravity": 0.16666666666666666, "min_tt_community": null, "min_tt_education": null, "min_tt_essential_services": null, "min_tt_food_and_drink": null, "min_tt_healthcare": null, "min_tt_shelter": null, "avg_tt_community": null, "avg_tt_education": null, "avg_tt_essential_services": null, "avg_tt_food_and_drink": null, "avg_tt_healthcare": null, "avg_tt_shelter": null, "avg_tt_all": null, "n_unreachable_categories": 6, "count_community": 0.0, "count_education": 0.0, "count_essential_services": 0.0, "count_food_and_drink": 1.0, "count_healthcare": 0.0, "count_shelter": 0.0, "gravity_community_per_100": 0.0, "gravity_education_per_100": 0.0, "gravity_essential_services_per_100": 0.0, "gravity_food_and_drink_per_100": 0.5493217296294135, "gravity_healthcare_per_100": 0.0, "gravity_shelter_per_100": 0.0, "shannon": 1.1412925456691193e-08, "kl_divergence": 0.77442750133451621, "jsd": 0.48757412718494225, "city_similarity": 0.51242587281505769 }, "geometry": { "type": "MultiPolygon", "coordinates": [ [ [ [ 24.569835662841797, 59.461185455322259 ], [ 24.569944381713871, 59.461235046386697 ], [ 24.569974899291992, 59.461261749267571 ], [ 24.570047378540039, 59.461288452148438 ], [ 24.570112228393555, 59.461326599121094 ], [ 24.570220947265625, 59.461399078369134 ], [ 24.570247650146484, 59.461414337158217 ], [ 24.570333480834961, 59.461456298828132 ], [ 24.570339202880859, 59.461479187011719 ], [ 24.570354461669922, 59.461498260498047 ], [ 24.570398330688477, 59.461513519287109 ], [ 24.570478439331055, 59.461524963378906 ], [ 24.570571899414062, 59.461517333984368 ], [ 24.570650100708008, 59.46152496337892 ], [ 24.570703506469727, 59.461532592773445 ], [ 24.570808410644531, 59.461555480957038 ], [ 24.570839869823821, 59.461569462814495 ], [ 24.569678120979823, 59.460284841243542 ], [ 24.569694519042969, 59.460399627685533 ], [ 24.569683074951172, 59.460567474365234 ], [ 24.569658279418945, 59.460784912109396 ], [ 24.569631576538086, 59.460937499999986 ], [ 24.569681167602543, 59.461055755615227 ], [ 24.569730758666992, 59.461128234863303 ], [ 24.569782257080078, 59.461162567138665 ], [ 24.569835662841797, 59.461185455322259 ] ] ], [ [ [ 24.571681976318363, 59.464653015136726 ], [ 24.571863174438477, 59.464725494384766 ], [ 24.572952270507816, 59.464759826660163 ], [ 24.573123931884769, 59.464748382568359 ], [ 24.57365608215332, 59.464683532714844 ], [ 24.573134896592137, 59.464107223801065 ], [ 24.572597503662109, 59.464092254638672 ], [ 24.572244644165039, 59.464195251464844 ], [ 24.57179069519043, 59.464298248291023 ], [ 24.571662902832031, 59.464328765869141 ], [ 24.571599960327148, 59.464340209960923 ], [ 24.571531295776367, 59.464393615722663 ], [ 24.571525573730469, 59.464508056640597 ], [ 24.571645736694336, 59.464599609375014 ], [ 24.571681976318363, 59.464653015136726 ] ] ], [ [ [ 24.577779769897461, 59.464778900146477 ], [ 24.577793121337894, 59.464660644531243 ], [ 24.577824638022456, 59.464584340979151 ], [ 24.577205657958984, 59.46482086181642 ], [ 24.577348709106445, 59.464874267578118 ], [ 24.577630996704105, 59.464859008789048 ], [ 24.577779769897461, 59.464778900146477 ] ] ] ] } },
{ "type": "Feature", "properties": { "from_id": "136", "population": 1572.8295368952633, "gravity_community": 0.0, "gravity_education": 0.0, "gravity_essential_services": 0.0, "gravity_food_and_drink": 1.0, "gravity_healthcare": 0.0, "gravity_shelter": 0.0, "avg_gravity": 0.16666666666666666, "min_tt_community": null, "min_tt_education": null, "min_tt_essential_services": null, "min_tt_food_and_drink": null, "min_tt_healthcare": null, "min_tt_shelter": null, "avg_tt_community": null, "avg_tt_education": null, "avg_tt_essential_services": null, "avg_tt_food_and_drink": null, "avg_tt_healthcare": null, "avg_tt_shelter": null, "avg_tt_all": null, "n_unreachable_categories": 6, "count_community": 0.0, "count_education": 0.0, "count_essential_services": 0.0, "count_food_and_drink": 1.0, "count_healthcare": 0.0, "count_shelter": 0.0, "gravity_community_per_100": 0.0, "gravity_education_per_100": 0.0, "gravity_essential_services_per_100": 0.0, "gravity_food_and_drink_per_100": 0.063579680858103768, "gravity_healthcare_per_100": 0.0, "gravity_shelter_per_100": 0.0, "shannon": 1.1412925456691193e-08, "kl_divergence": 0.77442750133451621, "jsd": 0.48757412718494225, "city_similarity": 0.51242587281505769 }, "geometry": { "type": "Polygon", "coordinates": [ [ [ 24.601026122843692, 59.468001396704615 ], [ 24.605708654694613, 59.464197207188882 ], [ 24.602080574958926, 59.46071478417192 ], [ 24.590753674849751, 59.461701914363886 ], [ 24.589220604973175, 59.462946999774054 ], [ 24.597240955120586, 59.46793183055555 ], [ 24.601026122843692, 59.468001396704615 ] ] ] } },
{ "type": "Feature", "properties": { "from_id": "137", "population": 1032.3338922708515, "gravity_community": 0.0, "gravity_education": 0.0, "gravity_essential_services": 0.0, "gravity_food_and_drink": 0.0, "gravity_healthcare": 0.0, "gravity_shelter": 0.0, "avg_gravity": 0.0, "min_tt_community": null, "min_tt_education": null, "min_tt_essential_services": null, "min_tt_food_and_drink": null, "min_tt_healthcare": null, "min_tt_shelter": null, "avg_tt_community": null, "avg_tt_education": null, "avg_tt_essential_services": null, "avg_tt_food_and_drink": null, "avg_tt_healthcare": null, "avg_tt_shelter": null, "avg_tt_all": null, "n_unreachable_categories": 6, "count_community": 0.0, "count_education": 0.0, "count_essential_services": 0.0, "count_food_and_drink": 0.0, "count_healthcare": 0.0, "count_shelter": 0.0, "gravity_community_per_100": 0.0, "gravity_education_per_100": 0.0, "gravity_essential_services_per_100": 0.0, "gravity_food_and_drink_per_100": 0.0, "gravity_healthcare_per_100": 0.0, "gravity_shelter_per_100": 0.0, "shannon": 1.3815510557964275e-08, "kl_divergence": 0.333576385971945, "jsd": 0.27633281748366462, "city_similarity": 0.72366718251633544 }, "geometry": { "type": "Polygon", "coordinates": [ [ [ 24.605158698097142, 59.471967316972787 ], [ 24.601026122843692, 59.468001396704615 ], [ 24.597240955120586, 59.46793183055555 ], [ 24.604542252336099, 59.472468062076686 ], [ 24.605158698097142, 59.471967316972787 ] ] ] } },
{ "type": "Feature", "properties": { "from_id": "138", "population": 88.16105888076352, "gravity_community": 0.0, "gravity_education": 0.0, "gravity_essential_services": 0.0, "gravity_food_and_drink": 0.0, "gravity_healthcare": 1.0, "gravity_shelter": 0.0, "avg_gravity": 0.16666666666666666, "min_tt_community": null, "min_tt_education": null, "min_tt_essential_services": null, "min_tt_food_and_drink": null, "min_tt_healthcare": null, "min_tt_shelter": null, "avg_tt_community": null, "avg_tt_education": null, "avg_tt_essential_services": null, "avg_tt_food_and_drink": null, "avg_tt_healthcare": null, "avg_tt_shelter": null, "avg_tt_all": null, "n_unreachable_categories": 6, "count_community": 0.0, "count_education": 0.0, "count_essential_services": 0.0, "count_food_and_drink": 0.0, "count_healthcare": 1.0, "count_shelter": 0.0, "gravity_community_per_100": 0.0, "gravity_education_per_100": 0.0, "gravity_essential_services_per_100": 0.0, "gravity_food_and_drink_per_100": 0.0, "gravity_healthcare_per_100": 1.1342876466042504, "gravity_shelter_per_100": 0.0, "shannon": 1.1412925456691193e-08, "kl_divergence": 2.2264031055344118, "jsd": 0.71850194747524454, "city_similarity": 0.28149805252475546 }, "geometry": { "type": "Polygon", "coordinates": [ [ [ 24.627472036164541, 59.468484369849044 ], [ 24.61865663332771, 59.468323973055824 ], [ 24.613974963467985, 59.47212863001733 ], [ 24.618109559160111, 59.476094151169477 ], [ 24.626926982547268, 59.476254597428735 ], [ 24.63160778932993, 59.47244947306082 ], [ 24.627472036164541, 59.468484369849044 ] ] ] } },
{ "type": "Feature", "properties": { "from_id": "139", "population": 8.3242780383815713, "gravity_community": 0.0, "gravity_education": 0.0, "gravity_essential_services": 0.0, "gravity_food_and_drink": 0.0, "gravity_healthcare": 0.0, "gravity_shelter": 0.0, "avg_gravity": 0.0, "min_tt_community": null, "min_tt_education": null, "min_tt_essential_services": null, "min_tt_food_and_drink": null, "min_tt_healthcare": null, "min_tt_shelter": null, "avg_tt_community": null, "avg_tt_education": null, "avg_tt_essential_services": null, "avg_tt_food_and_drink": null, "avg_tt_healthcare": null, "avg_tt_shelter": null, "avg_tt_all": null, "n_unreachable_categories": 6, "count_community": 0.0, "count_education": 0.0, "count_essential_services": 0.0, "count_food_and_drink": 0.0, "count_healthcare": 0.0, "count_shelter": 0.0, "gravity_community_per_100": 0.0, "gravity_education_per_100": 0.0, "gravity_essential_services_per_100": 0.0, "gravity_food_and_drink_per_100": 0.0, "gravity_healthcare_per_100": 0.0, "gravity_shelter_per_100": 0.0, "shannon": 1.3815510557964275e-08, "kl_divergence": 0.333576385971945, "jsd": 0.27633281748366462, "city_similarity": 0.72366718251633544 }, "geometry": { "type": "Polygon", "coordinates": [ [ [ 24.618109559160111, 59.476094151169477 ], [ 24.613974963467985, 59.47212863001733 ], [ 24.605158698097142, 59.471967316972787 ], [ 24.604542252336099, 59.472468062076686 ], [ 24.614761463523891, 59.478814461846888 ], [ 24.618109559160111, 59.476094151169477 ] ] ] } },
{ "type": "Feature", "properties": { "from_id": "140", "population": 0.0, "gravity_community": 0.0, "gravity_education": 1.0, "gravity_essential_services": 0.0, "gravity_food_and_drink": 0.0, "gravity_healthcare": 0.0, "gravity_shelter": 0.0, "avg_gravity": 0.16666666666666666, "min_tt_community": null, "min_tt_education": null, "min_tt_essential_services": null, "min_tt_food_and_drink": null, "min_tt_healthcare": null, "min_tt_shelter": null, "avg_tt_community": null, "avg_tt_education": null, "avg_tt_essential_services": null, "avg_tt_food_and_drink": null, "avg_tt_healthcare": null, "avg_tt_shelter": null, "avg_tt_all": null, "n_unreachable_categories": 6, "count_community": 0.0, "count_education": 1.0, "count_essential_services": 0.0, "count_food_and_drink": 0.0, "count_healthcare": 0.0, "count_shelter": 0.0, "gravity_community_per_100": 0.0, "gravity_education_per_100": 0.0, "gravity_essential_services_per_100": 0.0, "gravity_food_and_drink_per_100": 0.0, "gravity_healthcare_per_100": 0.0, "gravity_shelter_per_100": 0.0, "shannon": 1.1412925456691193e-08, "kl_divergence": 2.3203916990955857, "jsd": 0.72644371524357176, "city_similarity": 0.27355628475642824 }, "geometry": { "type": "Polygon", "coordinates": [ [ [ 24.640424349096953, 59.472609003033156 ], [ 24.63160778932993, 59.47244947306082 ], [ 24.626926982547268, 59.476254597428735 ], [ 24.631063599332855, 59.480219719126815 ], [ 24.639882180304426, 59.480379298302253 ], [ 24.644562122923649, 59.476573706567549 ], [ 24.640424349096953, 59.472609003033156 ] ] ] } },
{ "type": "Feature", "properties": { "from_id": "141", "population": 0.0, "gravity_community": 0.0, "gravity_education": 0.0, "gravity_essential_services": 0.0, "gravity_food_and_drink": 1.0, "gravity_healthcare": 0.0, "gravity_shelter": 0.0, "avg_gravity": 0.16666666666666666, "min_tt_community": null, "min_tt_education": null, "min_tt_essential_services": null, "min_tt_food_and_drink": null, "min_tt_healthcare": null, "min_tt_shelter": null, "avg_tt_community": null, "avg_tt_education": null, "avg_tt_essential_services": null, "avg_tt_food_and_drink": null, "avg_tt_healthcare": null, "avg_tt_shelter": null, "avg_tt_all": null, "n_unreachable_categories": 6, "count_community": 0.0, "count_education": 0.0, "count_essential_services": 0.0, "count_food_and_drink": 1.0, "count_healthcare": 0.0, "count_shelter": 0.0, "gravity_community_per_100": 0.0, "gravity_education_per_100": 0.0, "gravity_essential_services_per_100": 0.0, "gravity_food_and_drink_per_100": 0.0, "gravity_healthcare_per_100": 0.0, "gravity_shelter_per_100": 0.0, "shannon": 1.1412925456691193e-08, "kl_divergence": 0.77442750133451621, "jsd": 0.48757412718494225, "city_similarity": 0.51242587281505769 }, "geometry": { "type": "Polygon", "coordinates": [ [ [ 24.626381634965703, 59.484024812640499 ], [ 24.631063599332855, 59.480219719126815 ], [ 24.626926982547268, 59.476254597428735 ], [ 24.618109559160111, 59.476094151169477 ], [ 24.614761463523891, 59.478814461846888 ], [ 24.623057817465959, 59.48396439603431 ], [ 24.626381634965703, 59.484024812640499 ] ] ] } },
{ "type": "Feature", "properties": { "from_id": "142", "population": 37.806289190390117, "gravity_community": 0.0, "gravity_education": 0.0, "gravity_essential_services": 0.0, "gravity_food_and_drink": 1.0, "gravity_healthcare": 0.0, "gravity_shelter": 0.0, "avg_gravity": 0.16666666666666666, "min_tt_community": null, "min_tt_education": null, "min_tt_essential_services": null, "min_tt_food_and_drink": null, "min_tt_healthcare": null, "min_tt_shelter": null, "avg_tt_community": null, "avg_tt_education": null, "avg_tt_essential_services": null, "avg_tt_food_and_drink": null, "avg_tt_healthcare": null, "avg_tt_shelter": null, "avg_tt_all": null, "n_unreachable_categories": 6, "count_community": 0.0, "count_education": 0.0, "count_essential_services": 0.0, "count_food_and_drink": 1.0, "count_healthcare": 0.0, "count_shelter": 0.0, "gravity_community_per_100": 0.0, "gravity_education_per_100": 0.0, "gravity_essential_services_per_100": 0.0, "gravity_food_and_drink_per_100": 2.6450625581475671, "gravity_healthcare_per_100": 0.0, "gravity_shelter_per_100": 0.0, "shannon": 1.1412925456691193e-08, "kl_divergence": 0.77442750133451621, "jsd": 0.48757412718494225, "city_similarity": 0.51242587281505769 }, "geometry": { "type": "Polygon", "coordinates": [ [ [ 24.639882180304426, 59.480379298302253 ], [ 24.631063599332855, 59.480219719126815 ], [ 24.626381634965703, 59.484024812640499 ], [ 24.630519115803789, 59.487989952835676 ], [ 24.639339719066967, 59.488149581236797 ], [ 24.644020818837962, 59.484344020208113 ], [ 24.639882180304426, 59.480379298302253 ] ] ] } },
{ "type": "Feature", "properties": { "from_id": "143", "population": 0.0, "gravity_community": 0.0, "gravity_education": 0.0, "gravity_essential_services": 0.0, "gravity_food_and_drink": 0.0, "gravity_healthcare": 0.0, "gravity_shelter": 0.0, "avg_gravity": 0.0, "min_tt_community": null, "min_tt_education": null, "min_tt_essential_services": null, "min_tt_food_and_drink": null, "min_tt_healthcare": null, "min_tt_shelter": null, "avg_tt_community": null, "avg_tt_education": null, "avg_tt_essential_services": null, "avg_tt_food_and_drink": null, "avg_tt_healthcare": null, "avg_tt_shelter": null, "avg_tt_all": null, "n_unreachable_categories": 6, "count_community": 0.0, "count_education": 0.0, "count_essential_services": 0.0, "count_food_and_drink": 0.0, "count_healthcare": 0.0, "count_shelter": 0.0, "gravity_community_per_100": 0.0, "gravity_education_per_100": 0.0, "gravity_essential_services_per_100": 0.0, "gravity_food_and_drink_per_100": 0.0, "gravity_healthcare_per_100": 0.0, "gravity_shelter_per_100": 0.0, "shannon": 1.3815510557964275e-08, "kl_divergence": 0.333576385971945, "jsd": 0.27633281748366462, "city_similarity": 0.72366718251633544 }, "geometry": { "type": "Polygon", "coordinates": [ [ [ 24.630519115803789, 59.487989952835676 ], [ 24.626381634965703, 59.484024812640499 ], [ 24.623057817465959, 59.48396439603431 ], [ 24.630097454667141, 59.488332597339181 ], [ 24.630519115803789, 59.487989952835676 ] ] ] } },
{ "type": "Feature", "properties": { "from_id": "144", "population": 0.082238101227723612, "gravity_community": 0.0, "gravity_education": 0.0, "gravity_essential_services": 0.0, "gravity_food_and_drink": 1.0, "gravity_healthcare": 0.0, "gravity_shelter": 0.0, "avg_gravity": 0.16666666666666666, "min_tt_community": null, "min_tt_education": null, "min_tt_essential_services": null, "min_tt_food_and_drink": null, "min_tt_healthcare": null, "min_tt_shelter": null, "avg_tt_community": null, "avg_tt_education": null, "avg_tt_essential_services": null, "avg_tt_food_and_drink": null, "avg_tt_healthcare": null, "avg_tt_shelter": null, "avg_tt_all": null, "n_unreachable_categories": 6, "count_community": 0.0, "count_education": 0.0, "count_essential_services": 0.0, "count_food_and_drink": 1.0, "count_healthcare": 0.0, "count_shelter": 0.0, "gravity_community_per_100": 0.0, "gravity_education_per_100": 0.0, "gravity_essential_services_per_100": 0.0, "gravity_food_and_drink_per_100": 1215.9813821952471, "gravity_healthcare_per_100": 0.0, "gravity_shelter_per_100": 0.0, "shannon": 1.1412925456691193e-08, "kl_divergence": 0.77442750133451621, "jsd": 0.48757412718494225, "city_similarity": 0.51242587281505769 }, "geometry": { "type": "Polygon", "coordinates": [ [ [ 24.643479222740471, 59.49211432152488 ], [ 24.639339719066967, 59.488149581236797 ], [ 24.630519115803789, 59.487989952835676 ], [ 24.630097454667141, 59.488332597339181 ], [ 24.640326234554941, 59.494677044007247 ], [ 24.643479222740471, 59.49211432152488 ] ] ] } },
{ "type": "Feature", "properties": { "from_id": "145", "population": 0.0, "gravity_community": 19.859457196800744, "gravity_education": 28.378279550396513, "gravity_essential_services": 27.075960030974201, "gravity_food_and_drink": 330.33979490145867, "gravity_healthcare": 25.787936121696582, "gravity_shelter": 39.492496846533619, "avg_gravity": 78.488987441310059, "min_tt_community": 10.0, "min_tt_education": 12.0, "min_tt_essential_services": 8.0, "min_tt_food_and_drink": 4.0, "min_tt_healthcare": 8.0, "min_tt_shelter": 8.0, "avg_tt_community": 19.558823529411764, "avg_tt_education": 19.166666666666668, "avg_tt_essential_services": 19.413043478260871, "avg_tt_food_and_drink": 19.229802513464993, "avg_tt_healthcare": 18.767441860465116, "avg_tt_shelter": 18.924242424242426, "avg_tt_all": 19.176670078751972, "n_unreachable_categories": 0, "count_community": 34.0, "count_education": 48.0, "count_essential_services": 46.0, "count_food_and_drink": 558.0, "count_healthcare": 43.0, "count_shelter": 66.0, "gravity_community_per_100": 0.0, "gravity_education_per_100": 0.0, "gravity_essential_services_per_100": 0.0, "gravity_food_and_drink_per_100": 0.0, "gravity_healthcare_per_100": 0.0, "gravity_shelter_per_100": 0.0, "shannon": 1.0820244682704843, "kl_divergence": 0.13872025493741286, "jsd": 0.19030205509893239, "city_similarity": 0.80969794490106761 }, "geometry": { "type": "Polygon", "coordinates": [ [ [ 24.721870803261336, 59.44293498312723 ], [ 24.713061456431983, 59.442780993091574 ], [ 24.708393917536185, 59.446589130498211 ], [ 24.712536592746048, 59.450551724022311 ], [ 24.721347957090721, 59.450705761527907 ], [ 24.726014628348864, 59.446897158030836 ], [ 24.721870803261336, 59.44293498312723 ] ] ] } },
{ "type": "Feature", "properties": { "from_id": "146", "population": 0.0, "gravity_community": 9.6080457856293915, "gravity_education": 21.314203266384798, "gravity_essential_services": 12.827196470533176, "gravity_food_and_drink": 99.793356005610946, "gravity_healthcare": 17.974705560405102, "gravity_shelter": 29.121911266907613, "avg_gravity": 31.7732363925785, "min_tt_community": 9.0, "min_tt_education": 10.0, "min_tt_essential_services": 8.0, "min_tt_food_and_drink": 3.0, "min_tt_healthcare": 7.0, "min_tt_shelter": 9.0, "avg_tt_community": 18.8125, "avg_tt_education": 19.027777777777779, "avg_tt_essential_services": 18.047619047619047, "avg_tt_food_and_drink": 19.429411764705883, "avg_tt_healthcare": 17.586206896551722, "avg_tt_shelter": 18.291666666666668, "avg_tt_all": 18.532530358886849, "n_unreachable_categories": 0, "count_community": 16.0, "count_education": 36.0, "count_essential_services": 21.0, "count_food_and_drink": 170.0, "count_healthcare": 29.0, "count_shelter": 48.0, "gravity_community_per_100": 0.0, "gravity_education_per_100": 0.0, "gravity_essential_services_per_100": 0.0, "gravity_food_and_drink_per_100": 0.0, "gravity_healthcare_per_100": 0.0, "gravity_shelter_per_100": 0.0, "shannon": 1.412514638901712, "kl_divergence": 0.025773188404740938, "jsd": 0.080699960940464818, "city_similarity": 0.91930003905953517 }, "geometry": { "type": "Polygon", "coordinates": [ [ [ 24.708393917536185, 59.446589130498211 ], [ 24.699583703611189, 59.446434225962371 ], [ 24.694914147307045, 59.450241867204511 ], [ 24.699055671555048, 59.454204879252536 ], [ 24.707867903430497, 59.454359831543151 ], [ 24.712536592746048, 59.450551724022311 ], [ 24.708393917536185, 59.446589130498211 ] ] ] } },
{ "type": "Feature", "properties": { "from_id": "147", "population": 0.0, "gravity_community": 13.695346951121852, "gravity_education": 28.452042638872669, "gravity_essential_services": 14.100151383741018, "gravity_food_and_drink": 134.86837514549262, "gravity_healthcare": 20.014754284501436, "gravity_shelter": 35.867067380311198, "avg_gravity": 41.166289630673468, "min_tt_community": 11.0, "min_tt_education": 4.0, "min_tt_essential_services": 8.0, "min_tt_food_and_drink": 3.0, "min_tt_healthcare": 3.0, "min_tt_shelter": 2.0, "avg_tt_community": 18.956521739130434, "avg_tt_education": 16.933333333333334, "avg_tt_essential_services": 16.272727272727273, "avg_tt_food_and_drink": 18.86283185840708, "avg_tt_healthcare": 14.933333333333334, "avg_tt_shelter": 17.620689655172413, "avg_tt_all": 17.263239532017312, "n_unreachable_categories": 0, "count_community": 23.0, "count_education": 45.0, "count_essential_services": 22.0, "count_food_and_drink": 226.0, "count_healthcare": 30.0, "count_shelter": 58.0, "gravity_community_per_100": 0.0, "gravity_education_per_100": 0.0, "gravity_essential_services_per_100": 0.0, "gravity_food_and_drink_per_100": 0.0, "gravity_healthcare_per_100": 0.0, "gravity_shelter_per_100": 0.0, "shannon": 1.362796960658057, "kl_divergence": 0.045166892720137554, "jsd": 0.10691927660439145, "city_similarity": 0.89308072339560851 }, "geometry": { "type": "Polygon", "coordinates": [ [ [ 24.694914147307045, 59.450241867204511 ], [ 24.686103066935615, 59.450086047918006 ], [ 24.681431492788672, 59.453893192648529 ], [ 24.685571864990319, 59.457856623123611 ], [ 24.694384963746813, 59.458012490449846 ], [ 24.699055671555048, 59.454204879252536 ], [ 24.694914147307045, 59.450241867204511 ] ] ] } },
{ "type": "Feature", "properties": { "from_id": "148", "population": 0.0, "gravity_community": 6.2515465520977598, "gravity_education": 12.813175302344369, "gravity_essential_services": 10.756682524624296, "gravity_food_and_drink": 96.168338187425263, "gravity_healthcare": 13.03145691419819, "gravity_shelter": 18.55762494930449, "avg_gravity": 26.26313740499906, "min_tt_community": 14.0, "min_tt_education": 11.0, "min_tt_essential_services": 5.0, "min_tt_food_and_drink": 6.0, "min_tt_healthcare": 6.0, "min_tt_shelter": 3.0, "avg_tt_community": 20.545454545454547, "avg_tt_education": 21.217391304347824, "avg_tt_essential_services": 18.375, "avg_tt_food_and_drink": 20.006024096385541, "avg_tt_healthcare": 19.227272727272727, "avg_tt_shelter": 19.096774193548388, "avg_tt_all": 19.744652811168169, "n_unreachable_categories": 0, "count_community": 11.0, "count_education": 23.0, "count_essential_services": 17.0, "count_food_and_drink": 166.0, "count_healthcare": 22.0, "count_shelter": 31.0, "gravity_community_per_100": 0.0, "gravity_education_per_100": 0.0, "gravity_essential_services_per_100": 0.0, "gravity_food_and_drink_per_100": 0.0, "gravity_healthcare_per_100": 0.0, "gravity_shelter_per_100": 0.0, "shannon": 1.2661836190303366, "kl_divergence": 0.060214037159864189, "jsd": 0.12456241993576839, "city_similarity": 0.87543758006423156 }, "geometry": { "type": "Polygon", "coordinates": [ [ [ 24.721347957090721, 59.450705761527907 ], [ 24.712536592746048, 59.450551724022311 ], [ 24.707867903430497, 59.454359831543151 ], [ 24.712011446171193, 59.458322442799087 ], [ 24.720824829115642, 59.458476527796378 ], [ 24.721411019947571, 59.457998299283062 ], [ 24.720781576684757, 59.457976513440606 ], [ 24.719497262681049, 59.456961698071041 ], [ 24.719497262681056, 59.456961698071041 ], [ 24.71928596496582, 59.456794738769531 ], [ 24.719240188598633, 59.456756591796889 ], [ 24.719747543334961, 59.454597473144531 ], [ 24.719945907592773, 59.454437255859382 ], [ 24.719915390014648, 59.454421997070298 ], [ 24.719762802124023, 59.454540252685561 ], [ 24.719636917114258, 59.454498291015632 ], [ 24.719547271728516, 59.454437255859382 ], [ 24.719621658325199, 59.454376220703125 ], [ 24.720331192016602, 59.453834533691399 ], [ 24.720659255981445, 59.45361328125 ], [ 24.720794677734375, 59.453514099121101 ], [ 24.720806121826172, 59.453510284423842 ], [ 24.720855712890625, 59.453495025634766 ], [ 24.7212028503418, 59.453376770019531 ], [ 24.722389221191406, 59.452983856201193 ], [ 24.722793579101562, 59.452850341796861 ], [ 24.723257064819336, 59.452693939208999 ], [ 24.723384380891915, 59.452652647647554 ], [ 24.721347957090721, 59.450705761527907 ] ], [ [ 24.720072188760088, 59.457951969817131 ], [ 24.7174284461939, 59.45786050079181 ], [ 24.719205856323242, 59.457275390625007 ], [ 24.720072188760088, 59.457951969817131 ] ] ] } },
{ "type": "Feature", "properties": { "from_id": "149", "population": 0.0, "gravity_community": 1.6488402121578776, "gravity_education": 3.769098235707558, "gravity_essential_services": 2.3525515095570997, "gravity_food_and_drink": 12.971978151764857, "gravity_healthcare": 6.1640066317959192, "gravity_shelter": 4.7219120325957702, "avg_gravity": 5.2713977955965143, "min_tt_community": 19.0, "min_tt_education": 19.0, "min_tt_essential_services": 15.0, "min_tt_food_and_drink": 15.0, "min_tt_healthcare": 14.0, "min_tt_shelter": 15.0, "avg_tt_community": 21.666666666666668, "avg_tt_education": 22.428571428571427, "avg_tt_essential_services": 19.25, "avg_tt_food_and_drink": 20.739130434782609, "avg_tt_healthcare": 20.222222222222221, "avg_tt_shelter": 19.125, "avg_tt_all": 20.571931792040488, "n_unreachable_categories": 0, "count_community": 3.0, "count_education": 7.0, "count_essential_services": 4.0, "count_food_and_drink": 23.0, "count_healthcare": 10.0, "count_shelter": 8.0, "gravity_community_per_100": 0.0, "gravity_education_per_100": 0.0, "gravity_essential_services_per_100": 0.0, "gravity_food_and_drink_per_100": 0.0, "gravity_healthcare_per_100": 0.0, "gravity_shelter_per_100": 0.0, "shannon": 1.5666034479580249, "kl_divergence": 0.047362298375337807, "jsd": 0.10662433594008225, "city_similarity": 0.89337566405991775 }, "geometry": { "type": "Polygon", "coordinates": [ [ [ 24.707867903430497, 59.454359831543151 ], [ 24.699055671555048, 59.454204879252536 ], [ 24.694384963746813, 59.458012490449846 ], [ 24.698527354875917, 59.461975520355537 ], [ 24.707341605786567, 59.462130520422832 ], [ 24.712011446171193, 59.458322442799087 ], [ 24.707867903430497, 59.454359831543151 ] ], [ [ 24.700403213500977, 59.455535888671868 ], [ 24.700918197631839, 59.455699920654297 ], [ 24.700971603393558, 59.455661773681626 ], [ 24.700454711914062, 59.455497741699233 ], [ 24.700567245483398, 59.455406188964837 ], [ 24.700756072998047, 59.455463409423835 ], [ 24.70106315612793, 59.455554962158203 ], [ 24.701105117797852, 59.455547332763665 ], [ 24.701227188110352, 59.455444335937507 ], [ 24.70146369934082, 59.455242156982429 ], [ 24.701530456542969, 59.455234527587891 ], [ 24.703071594238285, 59.455707550048814 ], [ 24.70311164855957, 59.455677032470696 ], [ 24.703334808349609, 59.455749511718757 ], [ 24.703458786010742, 59.455776214599616 ], [ 24.703529357910156, 59.455791473388658 ], [ 24.703578948974609, 59.45579528808593 ], [ 24.703622817993164, 59.455783843994148 ], [ 24.703935623168949, 59.455883026123047 ], [ 24.704338073730469, 59.455997467041009 ], [ 24.704439163208008, 59.456024169921882 ], [ 24.704549789428711, 59.4560546875 ], [ 24.704593658447266, 59.456066131591797 ], [ 24.70466423034668, 59.45607757568358 ], [ 24.704788208007812, 59.456115722656257 ], [ 24.704914093017578, 59.456146240234361 ], [ 24.705017089843754, 59.456180572509766 ], [ 24.70513916015625, 59.456218719482436 ], [ 24.705221176147464, 59.456253051757812 ], [ 24.705348968505859, 59.456352233886726 ], [ 24.7054443359375, 59.456424713134759 ], [ 24.705554962158207, 59.456539154052734 ], [ 24.705799102783203, 59.456642150878906 ], [ 24.70576286315918, 59.456710815429702 ], [ 24.705896377563477, 59.456935882568352 ], [ 24.705961227416992, 59.457050323486321 ], [ 24.705989837646484, 59.457061767578118 ], [ 24.70600700378418, 59.457080841064453 ], [ 24.706100463867188, 59.457275390624993 ], [ 24.706151962280277, 59.457267761230469 ], [ 24.706226348876953, 59.45726394653321 ], [ 24.706247329711914, 59.457298278808601 ], [ 24.706268310546875, 59.457336425781257 ], [ 24.706171035766602, 59.457363128662109 ], [ 24.706132888793945, 59.457393646240241 ], [ 24.706125259399418, 59.457408905029297 ], [ 24.706125259399418, 59.457427978515632 ], [ 24.706171764312632, 59.457471038620461 ], [ 24.703241607193625, 59.457369660135555 ], [ 24.703250885009766, 59.457359313964837 ], [ 24.702554702758789, 59.456550598144531 ], [ 24.702381134033207, 59.456508636474602 ], [ 24.701137542724609, 59.456211090087898 ], [ 24.700014114379886, 59.455940246582038 ], [ 24.700332641601562, 59.455581665039048 ], [ 24.700368881225586, 59.45554351806642 ], [ 24.700403213500977, 59.455535888671868 ] ] ] } },
{ "type": "Feature", "properties": { "from_id": "150", "population": 0.0, "gravity_community": 1.0154787067255029, "gravity_education": 2.722163952793319, "gravity_essential_services": 2.6199343285364454, "gravity_food_and_drink": 5.2666497772469869, "gravity_healthcare": 2.9436164499141038, "gravity_shelter": 1.1034704120717929, "avg_gravity": 2.611885604548025, "min_tt_community": 23.0, "min_tt_education": 19.0, "min_tt_essential_services": 19.0, "min_tt_food_and_drink": 20.0, "min_tt_healthcare": 16.0, "min_tt_shelter": 20.0, "avg_tt_community": 24.5, "avg_tt_education": 22.0, "avg_tt_essential_services": 22.333333333333332, "avg_tt_food_and_drink": 23.2, "avg_tt_healthcare": 19.2, "avg_tt_shelter": 21.5, "avg_tt_all": 22.122222222222224, "n_unreachable_categories": 0, "count_community": 2.0, "count_education": 5.0, "count_essential_services": 4.0, "count_food_and_drink": 10.0, "count_healthcare": 5.0, "count_shelter": 2.0, "gravity_community_per_100": 0.0, "gravity_education_per_100": 0.0, "gravity_essential_services_per_100": 0.0, "gravity_food_and_drink_per_100": 0.0, "gravity_healthcare_per_100": 0.0, "gravity_shelter_per_100": 0.0, "shannon": 1.6379903599950927, "kl_divergence": 0.15469211673456246, "jsd": 0.19823907663674409, "city_similarity": 0.80176092336325588 }, "geometry": { "type": "Polygon", "coordinates": [ [ [ 24.694384963746813, 59.458012490449846 ], [ 24.685571864990319, 59.457856623123611 ], [ 24.680899138254642, 59.461663737650092 ], [ 24.685040376686846, 59.465627186108698 ], [ 24.69385549491345, 59.465783101496662 ], [ 24.698527354875917, 59.461975520355537 ], [ 24.694384963746813, 59.458012490449846 ] ] ] } },
{ "type": "Feature", "properties": { "from_id": "151", "population": 0.0, "gravity_community": 0.60738039731376148, "gravity_education": 0.0, "gravity_essential_services": 0.0, "gravity_food_and_drink": 0.62444001929124437, "gravity_healthcare": 0.60738039731376148, "gravity_shelter": 0.55894734793711187, "avg_gravity": 0.39969136030931324, "min_tt_community": 18.0, "min_tt_education": null, "min_tt_essential_services": null, "min_tt_food_and_drink": 17.0, "min_tt_healthcare": 18.0, "min_tt_shelter": 21.0, "avg_tt_community": 18.0, "avg_tt_education": null, "avg_tt_essential_services": null, "avg_tt_food_and_drink": 17.0, "avg_tt_healthcare": 18.0, "avg_tt_shelter": 21.0, "avg_tt_all": 18.5, "n_unreachable_categories": 2, "count_community": 1.0, "count_education": 0.0, "count_essential_services": 0.0, "count_food_and_drink": 1.0, "count_healthcare": 1.0, "count_shelter": 1.0, "gravity_community_per_100": 0.0, "gravity_education_per_100": 0.0, "gravity_essential_services_per_100": 0.0, "gravity_food_and_drink_per_100": 0.0, "gravity_healthcare_per_100": 0.0, "gravity_shelter_per_100": 0.0, "shannon": 1.3862943658795783, "kl_divergence": 0.61470217905443991, "jsd": 0.37943262687639129, "city_similarity": 0.62056737312360877 }, "geometry": { "type": "Polygon", "coordinates": [ [ [ 24.720824829115642, 59.458476527796378 ], [ 24.712011446171193, 59.458322442799087 ], [ 24.707341605786567, 59.462130520422832 ], [ 24.711486016493527, 59.466093149421113 ], [ 24.720301419123018, 59.466247281931885 ], [ 24.724970390998617, 59.462438737922263 ], [ 24.720824829115642, 59.458476527796378 ] ] ] } },
{ "type": "Feature", "properties": { "from_id": "152", "population": 0.0, "gravity_community": 0.62444001929124437, "gravity_education": 0.0, "gravity_essential_services": 0.51437639269832958, "gravity_food_and_drink": 2.170802589969993, "gravity_healthcare": 1.1929244320002379, "gravity_shelter": 0.51437639269832958, "avg_gravity": 0.83615330444302227, "min_tt_community": 17.0, "min_tt_education": null, "min_tt_essential_services": 24.0, "min_tt_food_and_drink": 16.0, "min_tt_healthcare": 14.0, "min_tt_shelter": 24.0, "avg_tt_community": 17.0, "avg_tt_education": null, "avg_tt_essential_services": 24.0, "avg_tt_food_and_drink": 19.5, "avg_tt_healthcare": 19.0, "avg_tt_shelter": 24.0, "avg_tt_all": 20.7, "n_unreachable_categories": 1, "count_community": 1.0, "count_education": 0.0, "count_essential_services": 1.0, "count_food_and_drink": 3.0, "count_healthcare": 2.0, "count_shelter": 1.0, "gravity_community_per_100": 0.0, "gravity_education_per_100": 0.0, "gravity_essential_services_per_100": 0.0, "gravity_food_and_drink_per_100": 0.0, "gravity_healthcare_per_100": 0.0, "gravity_shelter_per_100": 0.0, "shannon": 1.4941751409524382, "kl_divergence": 0.28168505488578027, "jsd": 0.2703577768901308, "city_similarity": 0.72964222310986915 }, "geometry": { "type": "Polygon", "coordinates": [ [ [ 24.707341605786567, 59.462130520422832 ], [ 24.698527354875917, 59.461975520355537 ], [ 24.69385549491345, 59.465783101496662 ], [ 24.697998753358572, 59.469746149270613 ], [ 24.706815024389989, 59.469901197136487 ], [ 24.711486016493527, 59.466093149421113 ], [ 24.707341605786567, 59.462130520422832 ] ] ] } },
{ "type": "Feature", "properties": { "from_id": "153", "population": 0.0, "gravity_community": 0.0, "gravity_education": 0.0, "gravity_essential_services": 0.0, "gravity_food_and_drink": 1.0, "gravity_healthcare": 0.0, "gravity_shelter": 0.0, "avg_gravity": 0.16666666666666666, "min_tt_community": null, "min_tt_education": null, "min_tt_essential_services": null, "min_tt_food_and_drink": null, "min_tt_healthcare": null, "min_tt_shelter": null, "avg_tt_community": null, "avg_tt_education": null, "avg_tt_essential_services": null, "avg_tt_food_and_drink": null, "avg_tt_healthcare": null, "avg_tt_shelter": null, "avg_tt_all": null, "n_unreachable_categories": 6, "count_community": 0.0, "count_education": 0.0, "count_essential_services": 0.0, "count_food_and_drink": 1.0, "count_healthcare": 0.0, "count_shelter": 0.0, "gravity_community_per_100": 0.0, "gravity_education_per_100": 0.0, "gravity_essential_services_per_100": 0.0, "gravity_food_and_drink_per_100": 0.0, "gravity_healthcare_per_100": 0.0, "gravity_shelter_per_100": 0.0, "shannon": 1.1412925456691193e-08, "kl_divergence": 0.77442750133451621, "jsd": 0.48757412718494225, "city_similarity": 0.51242587281505769 }, "geometry": { "type": "Polygon", "coordinates": [ [ [ 24.69385549491345, 59.465783101496662 ], [ 24.685040376686846, 59.465627186108698 ], [ 24.680366496711482, 59.469434270419683 ], [ 24.684508601808641, 59.473397736872407 ], [ 24.69332574059122, 59.473553700344141 ], [ 24.697998753358572, 59.469746149270613 ], [ 24.69385549491345, 59.465783101496662 ] ] ] } },
{ "type": "Feature", "properties": { "from_id": "154", "population": 0.0, "gravity_community": 0.59078684204088361, "gravity_education": 0.51437639269832958, "gravity_essential_services": 2.2746787891941254, "gravity_food_and_drink": 10.948758006657036, "gravity_healthcare": 3.4804759669557304, "gravity_shelter": 5.9415012595795691, "avg_gravity": 3.9584295428542795, "min_tt_community": 19.0, "min_tt_education": 24.0, "min_tt_essential_services": 16.0, "min_tt_food_and_drink": 18.0, "min_tt_healthcare": 15.0, "min_tt_shelter": 5.0, "avg_tt_community": 19.0, "avg_tt_education": 24.0, "avg_tt_essential_services": 20.5, "avg_tt_food_and_drink": 21.444444444444443, "avg_tt_healthcare": 19.833333333333332, "avg_tt_shelter": 19.3, "avg_tt_all": 20.679629629629627, "n_unreachable_categories": 0, "count_community": 1.0, "count_education": 1.0, "count_essential_services": 4.0, "count_food_and_drink": 19.0, "count_healthcare": 6.0, "count_shelter": 10.0, "gravity_community_per_100": 0.0, "gravity_education_per_100": 0.0, "gravity_essential_services_per_100": 0.0, "gravity_food_and_drink_per_100": 0.0, "gravity_healthcare_per_100": 0.0, "gravity_shelter_per_100": 0.0, "shannon": 1.3900129017838281, "kl_divergence": 0.049492652401660085, "jsd": 0.11930465510575666, "city_similarity": 0.88069534489424339 }, "geometry": { "type": "Polygon", "coordinates": [ [ [ 24.720301419123018, 59.466247281931885 ], [ 24.711486016493527, 59.466093149421113 ], [ 24.706815024389989, 59.469901197136487 ], [ 24.710960303498936, 59.473863843887614 ], [ 24.719777726899551, 59.474018023933624 ], [ 24.724447850057928, 59.470209509684601 ], [ 24.720301419123018, 59.466247281931885 ] ] ] } },
{ "type": "Feature", "properties": { "from_id": "155", "population": 0.0, "gravity_community": 4.8996596381941506, "gravity_education": 10.301578560900518, "gravity_essential_services": 5.454822993100894, "gravity_food_and_drink": 32.266954180337137, "gravity_healthcare": 8.492895619883857, "gravity_shelter": 9.4051185924220846, "avg_gravity": 11.80350493080644, "min_tt_community": 12.0, "min_tt_education": 9.0, "min_tt_essential_services": 10.0, "min_tt_food_and_drink": 6.0, "min_tt_healthcare": 9.0, "min_tt_shelter": 15.0, "avg_tt_community": 18.0, "avg_tt_education": 18.352941176470587, "avg_tt_essential_services": 18.444444444444443, "avg_tt_food_and_drink": 19.358490566037737, "avg_tt_healthcare": 18.285714285714285, "avg_tt_shelter": 21.470588235294116, "avg_tt_all": 18.985363117993529, "n_unreachable_categories": 0, "count_community": 8.0, "count_education": 17.0, "count_essential_services": 9.0, "count_food_and_drink": 54.0, "count_healthcare": 14.0, "count_shelter": 17.0, "gravity_community_per_100": 0.0, "gravity_education_per_100": 0.0, "gravity_essential_services_per_100": 0.0, "gravity_food_and_drink_per_100": 0.0, "gravity_healthcare_per_100": 0.0, "gravity_shelter_per_100": 0.0, "shannon": 1.5430583814827266, "kl_divergence": 0.038642946902754979, "jsd": 0.096082528133088582, "city_similarity": 0.9039174718669114 }, "geometry": { "type": "MultiPolygon", "coordinates": [ [ [ [ 24.672619546620833, 59.453736458360986 ], [ 24.681431492788672, 59.453893192648529 ], [ 24.686103066935615, 59.450086047918006 ], [ 24.683772267752676, 59.447854529404935 ], [ 24.683767318725586, 59.447906494140639 ], [ 24.683731079101562, 59.44804382324218 ], [ 24.683700561523438, 59.44814300537108 ], [ 24.683629989624023, 59.448307037353516 ], [ 24.683551788330078, 59.448490142822259 ], [ 24.68354606628418, 59.448574066162116 ], [ 24.683429718017578, 59.448905944824212 ], [ 24.683399200439457, 59.448989868164055 ], [ 24.683364868164062, 59.449062347412109 ], [ 24.683328628540043, 59.449146270751939 ], [ 24.683294296264648, 59.449199676513665 ], [ 24.683229446411136, 59.449256896972628 ], [ 24.683170318603516, 59.449314117431626 ], [ 24.683122634887695, 59.449359893798828 ], [ 24.68309211730957, 59.449378967285163 ], [ 24.683042526245117, 59.449409484863295 ], [ 24.682956695556644, 59.44945144653321 ], [ 24.68287467956543, 59.449493408203111 ], [ 24.68275260925293, 59.449539184570312 ], [ 24.682613372802738, 59.449592590332024 ], [ 24.6824951171875, 59.449645996093736 ], [ 24.682306289672852, 59.44972229003907 ], [ 24.682119369506836, 59.449794769287124 ], [ 24.681884765625, 59.449859619140625 ], [ 24.681547164916992, 59.449985504150391 ], [ 24.681333541870117, 59.450050354003899 ], [ 24.681188583374023, 59.450084686279297 ], [ 24.681015014648441, 59.450153350830064 ], [ 24.680774688720703, 59.450237274169908 ], [ 24.680557250976562, 59.450279235839837 ], [ 24.680421829223633, 59.450294494628892 ], [ 24.680305480957031, 59.450313568115241 ], [ 24.680219650268555, 59.450325012207038 ], [ 24.680149078369141, 59.450340270996094 ], [ 24.680038452148438, 59.450351715087891 ], [ 24.679906845092777, 59.450370788574212 ], [ 24.679798126220703, 59.450382232666009 ], [ 24.679698944091797, 59.450389862060533 ], [ 24.679574966430664, 59.450401306152344 ], [ 24.679426193237305, 59.45040130615233 ], [ 24.6793212890625, 59.450405120849602 ], [ 24.679225921630863, 59.450405120849595 ], [ 24.679134368896484, 59.450405120849595 ], [ 24.679048538208008, 59.450382232666009 ], [ 24.678997039794922, 59.450359344482429 ], [ 24.678936004638672, 59.450347900390632 ], [ 24.678869247436523, 59.450332641601562 ], [ 24.678827285766602, 59.450325012207038 ], [ 24.678787231445312, 59.4503173828125 ], [ 24.678739547729496, 59.450305938720703 ], [ 24.678705215454102, 59.450294494628892 ], [ 24.678647994995121, 59.450275421142564 ], [ 24.678600311279297, 59.450263977050774 ], [ 24.678539276123047, 59.450252532958991 ], [ 24.678470611572269, 59.450252532959006 ], [ 24.6783447265625, 59.450263977050774 ], [ 24.678195953369144, 59.450271606445312 ], [ 24.678112030029297, 59.450271606445312 ], [ 24.67805290222168, 59.450279235839851 ], [ 24.677984237670898, 59.450279235839851 ], [ 24.67791748046875, 59.450283050537109 ], [ 24.677715301513672, 59.450283050537109 ], [ 24.677577972412109, 59.450279235839837 ], [ 24.677478790283203, 59.450275421142571 ], [ 24.677343368530273, 59.450260162353516 ], [ 24.677232742309574, 59.450248718261719 ], [ 24.677000045776367, 59.450199127197266 ], [ 24.676923751831055, 59.450187683105469 ], [ 24.676847457885742, 59.45018386840821 ], [ 24.676776885986328, 59.45018386840821 ], [ 24.67671012878418, 59.45018005371093 ], [ 24.676609039306641, 59.450176239013672 ], [ 24.676534652709961, 59.450172424316385 ], [ 24.676431655883793, 59.450145721435533 ], [ 24.676357269287109, 59.450130462646484 ], [ 24.676305770874023, 59.450111389160149 ], [ 24.676168441772461, 59.450115203857422 ], [ 24.676118850708008, 59.450119018554673 ], [ 24.676069259643555, 59.450111389160163 ], [ 24.676019668579102, 59.450107574462891 ], [ 24.675943374633789, 59.450096130371094 ], [ 24.675813674926758, 59.450099945068366 ], [ 24.675703048706055, 59.450107574462891 ], [ 24.675577163696289, 59.450111389160149 ], [ 24.675483703613285, 59.450115203857401 ], [ 24.675369262695312, 59.450111389160149 ], [ 24.67527961730957, 59.450103759765625 ], [ 24.675205230712894, 59.450096130371094 ], [ 24.675146102905277, 59.450103759765625 ], [ 24.675033569335938, 59.450115203857422 ], [ 24.674991607666016, 59.450126647949212 ], [ 24.674928665161133, 59.45014953613282 ], [ 24.67485237121582, 59.450153350830078 ], [ 24.674797058105469, 59.450141906738267 ], [ 24.674715042114258, 59.450138092041016 ], [ 24.674625396728516, 59.450153350830078 ], [ 24.674533843994141, 59.450164794921875 ], [ 24.674428939819336, 59.450168609619126 ], [ 24.674308776855469, 59.450164794921861 ], [ 24.674217224121094, 59.450164794921889 ], [ 24.674142837524414, 59.450164794921875 ], [ 24.674032211303711, 59.450172424316413 ], [ 24.673927307128906, 59.45018005371093 ], [ 24.673862457275391, 59.450202941894531 ], [ 24.673776626586914, 59.450183868408217 ], [ 24.673679351806641, 59.450134277343757 ], [ 24.67289924621582, 59.450534820556626 ], [ 24.673772811889648, 59.45098495483397 ], [ 24.673492431640625, 59.451122283935533 ], [ 24.672611236572266, 59.450679779052741 ], [ 24.671165466308597, 59.451408386230469 ], [ 24.671762466430668, 59.451732635498054 ], [ 24.671226501464844, 59.451992034912116 ], [ 24.67095947265625, 59.451839447021499 ], [ 24.670837402343754, 59.451770782470717 ], [ 24.670642003883376, 59.451842443534339 ], [ 24.672619546620833, 59.453736458360986 ] ] ], [ [ [ 24.669648141755864, 59.450890470053146 ], [ 24.670042037963867, 59.450057983398438 ], [ 24.669612884521484, 59.450008392333977 ], [ 24.669338907313225, 59.450594256693016 ], [ 24.669648141755864, 59.450890470053146 ] ] ] ] } },
{ "type": "Feature", "properties": { "from_id": "156", "population": 3522.0973800567581, "gravity_community": 3.3529200130608623, "gravity_education": 6.1883908714519587, "gravity_essential_services": 2.9293405379416502, "gravity_food_and_drink": 16.611321137198964, "gravity_healthcare": 6.047905472983448, "gravity_shelter": 3.7819576922468539, "avg_gravity": 6.4853059541472895, "min_tt_community": 10.0, "min_tt_education": 15.0, "min_tt_essential_services": 12.0, "min_tt_food_and_drink": 8.0, "min_tt_healthcare": 18.0, "min_tt_shelter": 18.0, "avg_tt_community": 14.8, "avg_tt_education": 20.90909090909091, "avg_tt_essential_services": 19.6, "avg_tt_food_and_drink": 17.52, "avg_tt_healthcare": 21.636363636363637, "avg_tt_shelter": 22.285714285714285, "avg_tt_all": 19.458528138528138, "n_unreachable_categories": 0, "count_community": 5.0, "count_education": 11.0, "count_essential_services": 5.0, "count_food_and_drink": 26.0, "count_healthcare": 11.0, "count_shelter": 7.0, "gravity_community_per_100": 0.095196686839102401, "gravity_education_per_100": 0.17570186748647573, "gravity_essential_services_per_100": 0.083170344878268077, "gravity_food_and_drink_per_100": 0.47163151227043226, "gravity_healthcare_per_100": 0.1717131816748913, "gravity_shelter_per_100": 0.10737799907695647, "shannon": 1.6023879449730039, "kl_divergence": 0.096006212195312718, "jsd": 0.15228193567756321, "city_similarity": 0.84771806432243679 }, "geometry": { "type": "MultiPolygon", "coordinates": [ [ [ [ 24.659133142883746, 59.457385456693764 ], [ 24.66794595419714, 59.457543106232585 ], [ 24.672619546620833, 59.453736458360986 ], [ 24.670642003883376, 59.451842443534339 ], [ 24.669942855834961, 59.452098846435554 ], [ 24.66937255859375, 59.451599121093757 ], [ 24.669403076171875, 59.451408386230476 ], [ 24.669648141755864, 59.450890470053146 ], [ 24.669338907313225, 59.450594256693016 ], [ 24.669309616088871, 59.450656890869148 ], [ 24.669294357299805, 59.45066833496093 ], [ 24.669261932373047, 59.450672149658203 ], [ 24.669242858886719, 59.450672149658189 ], [ 24.669221878051758, 59.450679779052727 ], [ 24.66920280456543, 59.450687408447266 ], [ 24.669193267822266, 59.450702667236349 ], [ 24.669170379638672, 59.450729370117188 ], [ 24.669178009033203, 59.450752258300788 ], [ 24.669200897216797, 59.450798034667976 ], [ 24.669198989868164, 59.450832366943366 ], [ 24.669206619262695, 59.450851440429673 ], [ 24.669206619262695, 59.450874328613281 ], [ 24.669197082519531, 59.450889587402351 ], [ 24.669183731079102, 59.450908660888658 ], [ 24.66917610168457, 59.450946807861314 ], [ 24.669158935546879, 59.450981140136719 ], [ 24.669153213500977, 59.451000213623054 ], [ 24.66915321350098, 59.451023101806648 ], [ 24.669149398803711, 59.4510498046875 ], [ 24.669149398803711, 59.451068878173835 ], [ 24.669155120849609, 59.451080322265632 ], [ 24.669166564941406, 59.451087951660156 ], [ 24.669162750244141, 59.451148986816392 ], [ 24.66912841796875, 59.451198577880866 ], [ 24.669099807739261, 59.451232910156243 ], [ 24.669082641601562, 59.451267242431648 ], [ 24.669057846069336, 59.451297760009751 ], [ 24.669046401977539, 59.451316833496101 ], [ 24.669046401977539, 59.451320648193352 ], [ 24.669040679931644, 59.451335906982422 ], [ 24.669023513793945, 59.451366424560554 ], [ 24.669004440307617, 59.451393127441406 ], [ 24.669004440307617, 59.451400756835945 ], [ 24.668994903564453, 59.451416015625 ], [ 24.66898345947266, 59.451431274414062 ], [ 24.668930053710938, 59.451465606689453 ], [ 24.668888092041019, 59.451496124267557 ], [ 24.66888427734375, 59.451526641845689 ], [ 24.66888427734375, 59.451549530029283 ], [ 24.668878555297852, 59.451595306396484 ], [ 24.66888427734375, 59.451698303222656 ], [ 24.66883659362793, 59.451801300048835 ], [ 24.668802261352539, 59.451847076416009 ], [ 24.668781280517578, 59.451946258544929 ], [ 24.668743133544922, 59.45197677612304 ], [ 24.668720245361328, 59.45201492309571 ], [ 24.668470382690433, 59.452304840087876 ], [ 24.668449401855469, 59.452312469482429 ], [ 24.668432235717773, 59.452323913574233 ], [ 24.668407440185547, 59.452339172363267 ], [ 24.668380737304688, 59.452362060546875 ], [ 24.668357849121094, 59.452388763427734 ], [ 24.66834831237793, 59.452392578124993 ], [ 24.668333053588867, 59.452411651611314 ], [ 24.668315887451172, 59.452453613281264 ], [ 24.668310165405273, 59.45247268676755 ], [ 24.668308258056641, 59.452507019042969 ], [ 24.668296813964844, 59.452518463134766 ], [ 24.668281555175781, 59.452529907226548 ], [ 24.668275833129883, 59.452552795410156 ], [ 24.668277740478516, 59.452587127685547 ], [ 24.668283462524414, 59.452621459960938 ], [ 24.668313980102539, 59.45265960693358 ], [ 24.668363571166992, 59.452693939208984 ], [ 24.668369293212891, 59.452709197998047 ], [ 24.668382644653324, 59.452720642089815 ], [ 24.668401718139648, 59.452735900878913 ], [ 24.668434143066406, 59.452751159667969 ], [ 24.668645858764652, 59.452915191650369 ], [ 24.668701171875004, 59.452949523925774 ], [ 24.668781280517578, 59.4530029296875 ], [ 24.668865203857422, 59.453052520751946 ], [ 24.668918609619144, 59.453090667724588 ], [ 24.668975830078125, 59.453132629394531 ], [ 24.669050216674805, 59.45318222045897 ], [ 24.669134140014648, 59.453235626220703 ], [ 24.669231414794922, 59.453338623046882 ], [ 24.669334411621094, 59.453498840332017 ], [ 24.668680191040043, 59.454036712646506 ], [ 24.668617248535156, 59.454154968261726 ], [ 24.668418884277344, 59.454238891601555 ], [ 24.668243408203125, 59.454353332519524 ], [ 24.668201446533207, 59.454399108886705 ], [ 24.668178558349609, 59.454421997070298 ], [ 24.668161392211914, 59.454433441162095 ], [ 24.668117523193359, 59.454463958740241 ], [ 24.668048858642578, 59.454502105712891 ], [ 24.667985916137695, 59.454524993896484 ], [ 24.667903900146484, 59.454559326171875 ], [ 24.667846679687504, 59.454586029052749 ], [ 24.667785644531254, 59.454620361328104 ], [ 24.667741775512695, 59.454635620117188 ], [ 24.667692184448242, 59.454643249511719 ], [ 24.667646408081055, 59.454654693603516 ], [ 24.667612075805668, 59.45466995239255 ], [ 24.667554855346683, 59.45464706420897 ], [ 24.667547225952148, 59.454643249511697 ], [ 24.667564392089844, 59.454631805419908 ], [ 24.667509078979492, 59.454605102539041 ], [ 24.667488098144531, 59.454597473144503 ], [ 24.667461395263672, 59.454586029052749 ], [ 24.667049407958984, 59.454853057861335 ], [ 24.665561676025391, 59.45579528808593 ], [ 24.663810729980469, 59.455081939697251 ], [ 24.662321090698242, 59.454486846923821 ], [ 24.661655426025391, 59.45421981811522 ], [ 24.661592483520508, 59.454090118408217 ], [ 24.662010192871097, 59.453697204589844 ], [ 24.663040161132812, 59.452751159667969 ], [ 24.663021087646484, 59.452713012695305 ], [ 24.662841796875, 59.452667236328132 ], [ 24.662775039672852, 59.452682495117188 ], [ 24.66270637512207, 59.452770233154304 ], [ 24.662521362304688, 59.452926635742195 ], [ 24.662429809570316, 59.452957153320312 ], [ 24.662216186523438, 59.452991485595703 ], [ 24.662084579467777, 59.453033447265604 ], [ 24.661966323852539, 59.453125 ], [ 24.661300659179688, 59.453788757324212 ], [ 24.661169052124023, 59.453876495361328 ], [ 24.661169052124023, 59.453941345214851 ], [ 24.661203384399418, 59.454021453857408 ], [ 24.661182403564453, 59.454074859619155 ], [ 24.661151885986328, 59.454093933105476 ], [ 24.661117553710938, 59.454116821289055 ], [ 24.661088943481445, 59.454151153564425 ], [ 24.66108512878418, 59.454181671142592 ], [ 24.660270690917969, 59.45460128784179 ], [ 24.660259246826175, 59.4546089172363 ], [ 24.660253524780273, 59.454643249511705 ], [ 24.660371780395508, 59.45469665527343 ], [ 24.660430908203125, 59.454689025878899 ], [ 24.660623550415039, 59.45458602905272 ], [ 24.660591125488281, 59.454566955566399 ], [ 24.661167144775391, 59.454265594482422 ], [ 24.661169052124023, 59.454269409179673 ], [ 24.661184310913086, 59.454311370849609 ], [ 24.661195755004883, 59.454326629638672 ], [ 24.661275863647461, 59.454353332519517 ], [ 24.661344528198242, 59.454395294189453 ], [ 24.661563873291016, 59.454589843749993 ], [ 24.661649703979496, 59.454635620117188 ], [ 24.661716461181641, 59.454647064208984 ], [ 24.661788940429688, 59.45465469360353 ], [ 24.662036895751957, 59.454734802246087 ], [ 24.662685394287109, 59.454959869384759 ], [ 24.663162231445312, 59.455162048339822 ], [ 24.663356781005859, 59.45526123046875 ], [ 24.663705825805664, 59.455398559570305 ], [ 24.663866043090824, 59.45545578002929 ], [ 24.664018630981449, 59.455524444580071 ], [ 24.664285659790043, 59.455638885498047 ], [ 24.664400100708008, 59.455684661865206 ], [ 24.664615631103516, 59.455764770507812 ], [ 24.664722442626953, 59.455814361572266 ], [ 24.664772033691406, 59.455844879150398 ], [ 24.664821624755859, 59.455879211425774 ], [ 24.664836883544922, 59.455917358398445 ], [ 24.664838790893555, 59.455959320068359 ], [ 24.664827346801758, 59.456001281738274 ], [ 24.664811489914751, 59.45604004301763 ], [ 24.658178329467773, 59.455810546875007 ], [ 24.657547131092191, 59.45586587040777 ], [ 24.659133142883746, 59.457385456693764 ] ] ], [ [ [ 24.658178329467773, 59.455810546875007 ], [ 24.658624649047852, 59.455589294433594 ], [ 24.658611297607422, 59.455570220947259 ], [ 24.65937423706055, 59.455188751220717 ], [ 24.659404754638675, 59.455204010009737 ], [ 24.659645080566406, 59.455085754394524 ], [ 24.659528732299805, 59.455020904541009 ], [ 24.658060073852539, 59.455745697021484 ], [ 24.658178329467773, 59.455810546875007 ] ] ] ] } },
{ "type": "Feature", "properties": { "from_id": "157", "population": 3782.8233868190564, "gravity_community": 0.0, "gravity_education": 0.0, "gravity_essential_services": 0.0, "gravity_food_and_drink": 1.0, "gravity_healthcare": 0.0, "gravity_shelter": 0.0, "avg_gravity": 0.16666666666666666, "min_tt_community": null, "min_tt_education": null, "min_tt_essential_services": null, "min_tt_food_and_drink": null, "min_tt_healthcare": null, "min_tt_shelter": null, "avg_tt_community": null, "avg_tt_education": null, "avg_tt_essential_services": null, "avg_tt_food_and_drink": null, "avg_tt_healthcare": null, "avg_tt_shelter": null, "avg_tt_all": null, "n_unreachable_categories": 6, "count_community": 0.0, "count_education": 0.0, "count_essential_services": 0.0, "count_food_and_drink": 1.0, "count_healthcare": 0.0, "count_shelter": 0.0, "gravity_community_per_100": 0.0, "gravity_education_per_100": 0.0, "gravity_essential_services_per_100": 0.0, "gravity_food_and_drink_per_100": 0.026435281210442432, "gravity_healthcare_per_100": 0.0, "gravity_shelter_per_100": 0.0, "shannon": 1.1412925456691193e-08, "kl_divergence": 0.77442750133451621, "jsd": 0.48757412718494225, "city_similarity": 0.51242587281505769 }, "geometry": { "type": "Polygon", "coordinates": [ [ [ 24.645643855942591, 59.461033042318839 ], [ 24.65445753174988, 59.461191607359083 ], [ 24.659133142883746, 59.457385456693764 ], [ 24.657547131092191, 59.45586587040777 ], [ 24.641701108892324, 59.457253688088052 ], [ 24.645643855942591, 59.461033042318839 ] ] ] } },
{ "type": "Feature", "properties": { "from_id": "158", "population": 3401.0768940622188, "gravity_community": 10.112321636398324, "gravity_education": 21.715439431128502, "gravity_essential_services": 12.27805580588331, "gravity_food_and_drink": 88.459821718281546, "gravity_healthcare": 17.284881982067354, "gravity_shelter": 24.626196949943637, "avg_gravity": 29.079452920617115, "min_tt_community": 6.0, "min_tt_education": 3.0, "min_tt_essential_services": 6.0, "min_tt_food_and_drink": 2.0, "min_tt_healthcare": 7.0, "min_tt_shelter": 8.0, "avg_tt_community": 17.1875, "avg_tt_education": 17.6, "avg_tt_essential_services": 17.95, "avg_tt_food_and_drink": 18.424657534246574, "avg_tt_healthcare": 16.407407407407408, "avg_tt_shelter": 18.560975609756099, "avg_tt_all": 17.688423425235012, "n_unreachable_categories": 0, "count_community": 16.0, "count_education": 35.0, "count_essential_services": 20.0, "count_food_and_drink": 146.0, "count_healthcare": 27.0, "count_shelter": 41.0, "gravity_community_per_100": 0.29732705114820995, "gravity_education_per_100": 0.63848716472833855, "gravity_essential_services_per_100": 0.36100494603103489, "gravity_food_and_drink_per_100": 2.6009356587238419, "gravity_healthcare_per_100": 0.50821791216318046, "gravity_shelter_per_100": 0.7240705728511273, "shannon": 1.4505107105233654, "kl_divergence": 0.028940928014594809, "jsd": 0.085002672262803586, "city_similarity": 0.91499732773719644 }, "geometry": { "type": "Polygon", "coordinates": [ [ [ 24.681431492788672, 59.453893192648529 ], [ 24.672619546620833, 59.453736458360986 ], [ 24.66794595419714, 59.457543106232585 ], [ 24.67208517326765, 59.461506955037791 ], [ 24.680899138254642, 59.461663737650092 ], [ 24.685571864990319, 59.457856623123611 ], [ 24.681431492788672, 59.453893192648529 ] ] ] } },
{ "type": "Feature", "properties": { "from_id": "159", "population": 2546.8837239574573, "gravity_community": 0.0, "gravity_education": 0.0, "gravity_essential_services": 0.0, "gravity_food_and_drink": 0.0, "gravity_healthcare": 0.0, "gravity_shelter": 0.0, "avg_gravity": 0.0, "min_tt_community": null, "min_tt_education": null, "min_tt_essential_services": null, "min_tt_food_and_drink": null, "min_tt_healthcare": null, "min_tt_shelter": null, "avg_tt_community": null, "avg_tt_education": null, "avg_tt_essential_services": null, "avg_tt_food_and_drink": null, "avg_tt_healthcare": null, "avg_tt_shelter": null, "avg_tt_all": null, "n_unreachable_categories": 6, "count_community": 0.0, "count_education": 0.0, "count_essential_services": 0.0, "count_food_and_drink": 0.0, "count_healthcare": 0.0, "count_shelter": 0.0, "gravity_community_per_100": 0.0, "gravity_education_per_100": 0.0, "gravity_essential_services_per_100": 0.0, "gravity_food_and_drink_per_100": 0.0, "gravity_healthcare_per_100": 0.0, "gravity_shelter_per_100": 0.0, "shannon": 1.3815510557964275e-08, "kl_divergence": 0.333576385971945, "jsd": 0.27633281748366462, "city_similarity": 0.72366718251633544 }, "geometry": { "type": "Polygon", "coordinates": [ [ [ 24.66794595419714, 59.457543106232585 ], [ 24.659133142883746, 59.457385456693764 ], [ 24.65445753174988, 59.461191607359083 ], [ 24.658595596604169, 59.465155874397233 ], [ 24.667410427170289, 59.465313572545966 ], [ 24.67208517326765, 59.461506955037791 ], [ 24.66794595419714, 59.457543106232585 ] ] ] } },
{ "type": "Feature", "properties": { "from_id": "160", "population": 2079.7605415191756, "gravity_community": 0.0, "gravity_education": 0.0, "gravity_essential_services": 0.0, "gravity_food_and_drink": 1.0, "gravity_healthcare": 0.0, "gravity_shelter": 0.0, "avg_gravity": 0.16666666666666666, "min_tt_community": null, "min_tt_education": null, "min_tt_essential_services": null, "min_tt_food_and_drink": null, "min_tt_healthcare": null, "min_tt_shelter": null, "avg_tt_community": null, "avg_tt_education": null, "avg_tt_essential_services": null, "avg_tt_food_and_drink": null, "avg_tt_healthcare": null, "avg_tt_shelter": null, "avg_tt_all": null, "n_unreachable_categories": 6, "count_community": 0.0, "count_education": 0.0, "count_essential_services": 0.0, "count_food_and_drink": 1.0, "count_healthcare": 0.0, "count_shelter": 0.0, "gravity_community_per_100": 0.0, "gravity_education_per_100": 0.0, "gravity_essential_services_per_100": 0.0, "gravity_food_and_drink_per_100": 0.048082458534843775, "gravity_healthcare_per_100": 0.0, "gravity_shelter_per_100": 0.0, "shannon": 1.1412925456691193e-08, "kl_divergence": 0.77442750133451621, "jsd": 0.48757412718494225, "city_similarity": 0.51242587281505769 }, "geometry": { "type": "Polygon", "coordinates": [ [ [ 24.65445753174988, 59.461191607359083 ], [ 24.645643855942591, 59.461033042318839 ], [ 24.64096622566565, 59.46483869543043 ], [ 24.645103135218331, 59.468803380604172 ], [ 24.653918830711397, 59.468961994539619 ], [ 24.658595596604169, 59.465155874397233 ], [ 24.65445753174988, 59.461191607359083 ] ] ] } },
{ "type": "Feature", "properties": { "from_id": "161", "population": 823.74496590818239, "gravity_community": 2.2802783868375669, "gravity_education": 2.8347664887696706, "gravity_essential_services": 1.587700133333771, "gravity_food_and_drink": 7.5103923175323377, "gravity_healthcare": 2.4892163245151639, "gravity_shelter": 1.0733237406354414, "avg_gravity": 2.9626128986039917, "min_tt_community": 14.0, "min_tt_education": 17.0, "min_tt_essential_services": 21.0, "min_tt_food_and_drink": 10.0, "min_tt_healthcare": 11.0, "min_tt_shelter": 21.0, "avg_tt_community": 20.5, "avg_tt_education": 20.6, "avg_tt_essential_services": 23.0, "avg_tt_food_and_drink": 20.0, "avg_tt_healthcare": 17.5, "avg_tt_shelter": 22.5, "avg_tt_all": 20.683333333333334, "n_unreachable_categories": 0, "count_community": 4.0, "count_education": 5.0, "count_essential_services": 3.0, "count_food_and_drink": 13.0, "count_healthcare": 4.0, "count_shelter": 2.0, "gravity_community_per_100": 0.27681849130617148, "gravity_education_per_100": 0.34413157058196142, "gravity_essential_services_per_100": 0.19274171000041557, "gravity_food_and_drink_per_100": 0.91173756785901539, "gravity_healthcare_per_100": 0.30218288760900552, "gravity_shelter_per_100": 0.13029806372802502, "shannon": 1.5899866461925094, "kl_divergence": 0.17707350998525201, "jsd": 0.2044039264710267, "city_similarity": 0.79559607352897332 }, "geometry": { "type": "Polygon", "coordinates": [ [ [ 24.680899138254642, 59.461663737650092 ], [ 24.67208517326765, 59.461506955037791 ], [ 24.667410427170289, 59.465313572545966 ], [ 24.671550511819994, 59.469277439460456 ], [ 24.680366496711482, 59.469434270419683 ], [ 24.685040376686846, 59.465627186108698 ], [ 24.680899138254642, 59.461663737650092 ] ] ] } },
{ "type": "Feature", "properties": { "from_id": "162", "population": 353.43475613009804, "gravity_community": 0.0, "gravity_education": 0.0, "gravity_essential_services": 0.0, "gravity_food_and_drink": 0.0, "gravity_healthcare": 0.0, "gravity_shelter": 0.0, "avg_gravity": 0.0, "min_tt_community": null, "min_tt_education": null, "min_tt_essential_services": null, "min_tt_food_and_drink": null, "min_tt_healthcare": null, "min_tt_shelter": null, "avg_tt_community": null, "avg_tt_education": null, "avg_tt_essential_services": null, "avg_tt_food_and_drink": null, "avg_tt_healthcare": null, "avg_tt_shelter": null, "avg_tt_all": null, "n_unreachable_categories": 6, "count_community": 0.0, "count_education": 0.0, "count_essential_services": 0.0, "count_food_and_drink": 0.0, "count_healthcare": 0.0, "count_shelter": 0.0, "gravity_community_per_100": 0.0, "gravity_education_per_100": 0.0, "gravity_essential_services_per_100": 0.0, "gravity_food_and_drink_per_100": 0.0, "gravity_healthcare_per_100": 0.0, "gravity_shelter_per_100": 0.0, "shannon": 1.3815510557964275e-08, "kl_divergence": 0.333576385971945, "jsd": 0.27633281748366462, "city_similarity": 0.72366718251633544 }, "geometry": { "type": "Polygon", "coordinates": [ [ [ 24.667410427170289, 59.465313572545966 ], [ 24.658595596604169, 59.465155874397233 ], [ 24.653918830711397, 59.468961994539619 ], [ 24.658057760492703, 59.472926279812768 ], [ 24.666874611397191, 59.473084026593696 ], [ 24.671550511819994, 59.469277439460456 ], [ 24.667410427170289, 59.465313572545966 ] ] ] } },
{ "type": "Feature", "properties": { "from_id": "163", "population": 1851.288242623762, "gravity_community": 0.0, "gravity_education": 0.0, "gravity_essential_services": 0.0, "gravity_food_and_drink": 1.0, "gravity_healthcare": 0.0, "gravity_shelter": 0.0, "avg_gravity": 0.16666666666666666, "min_tt_community": null, "min_tt_education": null, "min_tt_essential_services": null, "min_tt_food_and_drink": null, "min_tt_healthcare": null, "min_tt_shelter": null, "avg_tt_community": null, "avg_tt_education": null, "avg_tt_essential_services": null, "avg_tt_food_and_drink": null, "avg_tt_healthcare": null, "avg_tt_shelter": null, "avg_tt_all": null, "n_unreachable_categories": 6, "count_community": 0.0, "count_education": 0.0, "count_essential_services": 0.0, "count_food_and_drink": 1.0, "count_healthcare": 0.0, "count_shelter": 0.0, "gravity_community_per_100": 0.0, "gravity_education_per_100": 0.0, "gravity_essential_services_per_100": 0.0, "gravity_food_and_drink_per_100": 0.054016439848542291, "gravity_healthcare_per_100": 0.0, "gravity_shelter_per_100": 0.0, "shannon": 1.1412925456691193e-08, "kl_divergence": 0.77442750133451621, "jsd": 0.48757412718494225, "city_similarity": 0.51242587281505769 }, "geometry": { "type": "Polygon", "coordinates": [ [ [ 24.653918830711397, 59.468961994539619 ], [ 24.645103135218331, 59.468803380604172 ], [ 24.640424349096953, 59.472609003033156 ], [ 24.644562122923649, 59.476573706567549 ], [ 24.653379839188439, 59.476732369420603 ], [ 24.658057760492703, 59.472926279812768 ], [ 24.653918830711397, 59.468961994539619 ] ] ] } },
{ "type": "Feature", "properties": { "from_id": "164", "population": 16.119741377739579, "gravity_community": 7.4801483695760425, "gravity_education": 6.9629982184578596, "gravity_essential_services": 12.940033410932619, "gravity_food_and_drink": 155.87399071471197, "gravity_healthcare": 11.462681712117318, "gravity_shelter": 10.376152045720426, "avg_gravity": 34.182667411919375, "min_tt_community": 12.0, "min_tt_education": 17.0, "min_tt_essential_services": 10.0, "min_tt_food_and_drink": 10.0, "min_tt_healthcare": 17.0, "min_tt_shelter": 17.0, "avg_tt_community": 20.153846153846153, "avg_tt_education": 22.615384615384617, "avg_tt_essential_services": 20.956521739130434, "avg_tt_food_and_drink": 21.115523465703973, "avg_tt_healthcare": 21.904761904761905, "avg_tt_shelter": 21.894736842105264, "avg_tt_all": 21.44012912015539, "n_unreachable_categories": 0, "count_community": 13.0, "count_education": 13.0, "count_essential_services": 23.0, "count_food_and_drink": 278.0, "count_healthcare": 21.0, "count_shelter": 19.0, "gravity_community_per_100": 46.403649998415545, "gravity_education_per_100": 43.195471039463158, "gravity_essential_services_per_100": 80.274448005735678, "gravity_food_and_drink_per_100": 966.97575390362545, "gravity_healthcare_per_100": 71.109588196908732, "gravity_shelter_per_100": 64.369221580994378, "shannon": 0.93761516872969408, "kl_divergence": 0.21323627114711008, "jsd": 0.23953168963020485, "city_similarity": 0.76046831036979512 }, "geometry": { "type": "MultiPolygon", "coordinates": [ [ [ [ 24.749113784142427, 59.452435746478415 ], [ 24.749118804931641, 59.451938629150391 ], [ 24.748695116631119, 59.452035878090953 ], [ 24.749113784142427, 59.452435746478415 ] ] ], [ [ [ 24.752446396554205, 59.447354745290959 ], [ 24.752350226104287, 59.447433311621609 ], [ 24.752553939819336, 59.447437286376925 ], [ 24.75251579284668, 59.447700500488303 ], [ 24.752470016479492, 59.448020935058601 ], [ 24.752403259277344, 59.448432922363288 ], [ 24.752492904663086, 59.44843673706054 ], [ 24.752548217773438, 59.448436737060547 ], [ 24.752756118774414, 59.448444366455071 ], [ 24.752750396728516, 59.448474884033217 ], [ 24.752729415893555, 59.448627471923814 ], [ 24.752729415893555, 59.448654174804695 ], [ 24.753023147583008, 59.448665618896484 ], [ 24.75303840637207, 59.448539733886726 ], [ 24.753204345703125, 59.448547363281236 ], [ 24.753200531005859, 59.448581695556641 ], [ 24.753156661987305, 59.448596954345696 ], [ 24.753145217895508, 59.448612213134773 ], [ 24.753139495849613, 59.448627471923814 ], [ 24.753145217895508, 59.448650360107422 ], [ 24.753164291381836, 59.448661804199219 ], [ 24.753215789794922, 59.448677062988295 ], [ 24.753278732299805, 59.448677062988281 ], [ 24.753318786621094, 59.448661804199219 ], [ 24.75334358215332, 59.448631286621094 ], [ 24.753334045410156, 59.448604583740234 ], [ 24.753301620483398, 59.448581695556641 ], [ 24.753303527832031, 59.448554992675774 ], [ 24.753456115722656, 59.448562622070334 ], [ 24.753437042236328, 59.44865798950196 ], [ 24.753429412841797, 59.448688507080078 ], [ 24.753742218017578, 59.448699951171861 ], [ 24.753778457641602, 59.448482513427727 ], [ 24.754114151000977, 59.448490142822273 ], [ 24.754119873046875, 59.448467254638665 ], [ 24.754220962524414, 59.447845458984375 ], [ 24.754415512084961, 59.447826385498033 ], [ 24.754549026489261, 59.44781494140625 ], [ 24.754596710205078, 59.447792053222656 ], [ 24.754741668701172, 59.447837829589858 ], [ 24.754856109619141, 59.447868347167969 ], [ 24.754861831665039, 59.447872161865234 ], [ 24.754961013793945, 59.447898864746087 ], [ 24.755069732666016, 59.447933197021484 ], [ 24.755231857299808, 59.447975158691406 ], [ 24.755270004272461, 59.447986602783203 ], [ 24.755373001098633, 59.448017120361314 ], [ 24.755491256713867, 59.448055267333991 ], [ 24.755611419677734, 59.448097229003906 ], [ 24.75579833984375, 59.448165893554702 ], [ 24.75584602355957, 59.448188781738281 ], [ 24.755882263183594, 59.448204040527358 ], [ 24.755937576293945, 59.448215484619126 ], [ 24.756010055541992, 59.448238372802734 ], [ 24.756061553955082, 59.448257446289041 ], [ 24.756088256835938, 59.448272705078125 ], [ 24.756111145019531, 59.448291778564474 ], [ 24.756137847900391, 59.448307037353516 ], [ 24.756155014038086, 59.448322296142564 ], [ 24.756185531616211, 59.448356628417969 ], [ 24.756200790405273, 59.44837570190429 ], [ 24.756214141845703, 59.448417663574219 ], [ 24.756214141845703, 59.44842529296875 ], [ 24.756208419799805, 59.448455810546882 ], [ 24.756206512451172, 59.448478698730455 ], [ 24.756200790405273, 59.448490142822251 ], [ 24.75618934631348, 59.44854736328125 ], [ 24.756179809570312, 59.44861984252929 ], [ 24.756155014038086, 59.448707580566406 ], [ 24.756156921386719, 59.448741912841804 ], [ 24.756143569946289, 59.448799133300788 ], [ 24.756137847900391, 59.448841094970689 ], [ 24.756135940551761, 59.448909759521477 ], [ 24.756147384643555, 59.44898986816407 ], [ 24.756139755249023, 59.449024200439474 ], [ 24.756128311157227, 59.449035644531257 ], [ 24.756122589111328, 59.449054718017592 ], [ 24.75611686706543, 59.449096679687514 ], [ 24.756101608276367, 59.449134826660156 ], [ 24.75609016418457, 59.449150085449219 ], [ 24.756059646606445, 59.449165344238288 ], [ 24.75593376159668, 59.449207305908217 ], [ 24.755949020385742, 59.449226379394545 ], [ 24.755958557128906, 59.449234008789048 ], [ 24.756002426147461, 59.44924163818358 ], [ 24.756078720092773, 59.449237823486321 ], [ 24.756200790405273, 59.449176788330085 ], [ 24.756277084350586, 59.449176788330085 ], [ 24.756385803222656, 59.449207305908189 ], [ 24.75640869140625, 59.449203491210945 ], [ 24.756437301635742, 59.449207305908203 ], [ 24.7564697265625, 59.449203491210945 ], [ 24.756525039672852, 59.449207305908189 ], [ 24.756551742553714, 59.449199676513658 ], [ 24.756595611572266, 59.44919586181642 ], [ 24.756633758544922, 59.449199676513665 ], [ 24.756671905517578, 59.449203491210952 ], [ 24.756704330444336, 59.449207305908203 ], [ 24.756799697875977, 59.449230194091783 ], [ 24.756881713867188, 59.449253082275391 ], [ 24.756938934326172, 59.449272155761726 ], [ 24.756984710693359, 59.449283599853523 ], [ 24.75703239440918, 59.449287414550774 ], [ 24.757104873657227, 59.449306488037102 ], [ 24.757131576538086, 59.449317932128892 ], [ 24.7572021484375, 59.449333190917976 ], [ 24.757228851318359, 59.449344635009759 ], [ 24.757266998291016, 59.449348449707031 ], [ 24.757314682006836, 59.449363708496094 ], [ 24.757354736328125, 59.449367523193366 ], [ 24.757381439208984, 59.449375152587891 ], [ 24.757413864135742, 59.449378967285149 ], [ 24.757463455200195, 59.449394226074212 ], [ 24.757495880126957, 59.44939804077147 ], [ 24.757604598999023, 59.449424743652337 ], [ 24.75764274597168, 59.449447631835923 ], [ 24.757669448852539, 59.449455261230455 ], [ 24.757740020751953, 59.449466705322266 ], [ 24.757827758789062, 59.449493408203111 ], [ 24.757865905761719, 59.449501037597656 ], [ 24.757892608642578, 59.449504852294922 ], [ 24.757911682128906, 59.449516296386719 ], [ 24.757980346679688, 59.449539184570312 ], [ 24.758012771606445, 59.449542999267571 ], [ 24.758071899414062, 59.449565887451165 ], [ 24.758111953735352, 59.449577331542962 ], [ 24.758150100708008, 59.449592590332024 ], [ 24.758186340332031, 59.449600219726562 ], [ 24.758216857910156, 59.449604034423821 ], [ 24.758247375488281, 59.449611663818359 ], [ 24.758279800415039, 59.449615478515632 ], [ 24.758302688598633, 59.449615478515632 ], [ 24.758399963378906, 59.449626922607429 ], [ 24.758468627929688, 59.449626922607415 ], [ 24.758489608764648, 59.449626922607401 ], [ 24.758533477783203, 59.449626922607401 ], [ 24.758571624755859, 59.449619293212891 ], [ 24.758716583251953, 59.449607849121094 ], [ 24.758749008178711, 59.449600219726562 ], [ 24.7587890625, 59.449596405029297 ], [ 24.758817672729492, 59.449588775634751 ], [ 24.75885009765625, 59.449573516845703 ], [ 24.758916854858402, 59.449562072753892 ], [ 24.759038925170898, 59.449542999267571 ], [ 24.759073257446289, 59.44953536987304 ], [ 24.759115219116211, 59.44952392578125 ], [ 24.759145736694336, 59.449516296386719 ], [ 24.759172439575195, 59.449512481689467 ], [ 24.759231567382812, 59.449508666992195 ], [ 24.759275436401367, 59.449497222900398 ], [ 24.759353637695312, 59.449489593505859 ], [ 24.759408950805664, 59.449481964111314 ], [ 24.759527206420898, 59.449443817138658 ], [ 24.759567260742188, 59.449436187744134 ], [ 24.759599685668945, 59.449428558349602 ], [ 24.759616851806641, 59.449417114257805 ], [ 24.759672164916992, 59.449386596679673 ], [ 24.759750366210941, 59.449363708496094 ], [ 24.759805679321289, 59.449340820312493 ], [ 24.759851455688477, 59.449310302734382 ], [ 24.759881973266602, 59.449272155761712 ], [ 24.759891510009766, 59.449253082275405 ], [ 24.759895324707031, 59.44923400878907 ], [ 24.759918212890625, 59.449222564697259 ], [ 24.759933471679691, 59.449203491210945 ], [ 24.75993537902832, 59.449176788330071 ], [ 24.759956359863281, 59.449161529541001 ], [ 24.759979248046875, 59.449150085449219 ], [ 24.759998321533203, 59.44914245605468 ], [ 24.760009765625, 59.449123382568359 ], [ 24.760030746459961, 59.449096679687507 ], [ 24.760038375854492, 59.449081420898445 ], [ 24.760044097900391, 59.449054718017578 ], [ 24.760049819946289, 59.449043273925781 ], [ 24.760042190551758, 59.449028015136719 ], [ 24.760076522827148, 59.44898605346679 ], [ 24.760074615478519, 59.448974609374972 ], [ 24.760044097900391, 59.448936462402344 ], [ 24.760040283203125, 59.448925018310533 ], [ 24.76005744934082, 59.448879241943359 ], [ 24.760059356689453, 59.448856353759759 ], [ 24.760055541992188, 59.448833465576165 ], [ 24.760049819946289, 59.448818206787081 ], [ 24.760049819946289, 59.44879150390625 ], [ 24.760044097900391, 59.448776245117195 ], [ 24.760030746459961, 59.448768615722642 ], [ 24.76002311706543, 59.448757171630859 ], [ 24.760023117065433, 59.4487495422363 ], [ 24.760036468505859, 59.44871520996093 ], [ 24.760040283203125, 59.44865798950196 ], [ 24.760160446166992, 59.448432922363274 ], [ 24.760190963745117, 59.448368072509766 ], [ 24.760229110717777, 59.448246002197259 ], [ 24.760234832763675, 59.44819641113282 ], [ 24.760221481323246, 59.448116302490227 ], [ 24.760223388671875, 59.448074340820298 ], [ 24.760234832763675, 59.448051452636719 ], [ 24.76024055480957, 59.448043823242195 ], [ 24.760242462158203, 59.448036193847656 ], [ 24.760305404663086, 59.447998046874993 ], [ 24.760341644287109, 59.447975158691406 ], [ 24.76036262512207, 59.447952270507812 ], [ 24.76038932800293, 59.44792556762696 ], [ 24.760431289672852, 59.447875976562486 ], [ 24.760459899902344, 59.44780731201174 ], [ 24.760486602783203, 59.447746276855462 ], [ 24.760519027709961, 59.447711944580071 ], [ 24.760601043701172, 59.447624206542969 ], [ 24.760644912719727, 59.447578430175781 ], [ 24.760705947875977, 59.447582244873054 ], [ 24.760763168334961, 59.447555541992188 ], [ 24.760791778564453, 59.447528839111328 ], [ 24.760795866770216, 59.447498177594362 ], [ 24.752446396554205, 59.447354745290959 ] ] ], [ [ [ 24.75001335144043, 59.451660156250007 ], [ 24.750156402587891, 59.451599121093743 ], [ 24.750246047973633, 59.451553344726555 ], [ 24.750308990478519, 59.451526641845689 ], [ 24.750392913818359, 59.451503753662116 ], [ 24.750505447387695, 59.451465606689453 ], [ 24.750619888305664, 59.451431274414062 ], [ 24.750738143920898, 59.451396942138658 ], [ 24.750848770141602, 59.451370239257812 ], [ 24.750972747802734, 59.451343536376953 ], [ 24.751100540161133, 59.451324462890625 ], [ 24.751199722290039, 59.451293945312507 ], [ 24.751279830932617, 59.451255798339837 ], [ 24.751344680786133, 59.451225280761726 ], [ 24.751392364501953, 59.451202392578125 ], [ 24.751459121704102, 59.451168060302734 ], [ 24.751543045043945, 59.451118469238288 ], [ 24.751621246337891, 59.451068878173807 ], [ 24.751712799072266, 59.451030731201172 ], [ 24.751781463623047, 59.450988769531257 ], [ 24.751834869384769, 59.450954437255852 ], [ 24.751880645751957, 59.450942993164048 ], [ 24.751926422119141, 59.450939178466804 ], [ 24.752050399780273, 59.450939178466804 ], [ 24.752161026000977, 59.450931549072251 ], [ 24.752292633056641, 59.450942993164062 ], [ 24.752374649047852, 59.450950622558601 ], [ 24.752458572387695, 59.450946807861314 ], [ 24.752531051635742, 59.450920104980455 ], [ 24.752614974975586, 59.45087814331054 ], [ 24.752729415893555, 59.450836181640618 ], [ 24.752826690673828, 59.450805664062507 ], [ 24.752908706665039, 59.450767517089844 ], [ 24.75300407409668, 59.450721740722656 ], [ 24.753105163574219, 59.450679779052727 ], [ 24.753164291381836, 59.450641632080071 ], [ 24.753162384033203, 59.450611114501953 ], [ 24.753105163574219, 59.450599670410156 ], [ 24.753005981445312, 59.450630187988267 ], [ 24.752946853637695, 59.450626373291016 ], [ 24.752880096435547, 59.450618743896477 ], [ 24.752790451049805, 59.450649261474624 ], [ 24.752771377563477, 59.45069885253907 ], [ 24.752714157104492, 59.450756072998047 ], [ 24.752630233764648, 59.450767517089844 ], [ 24.752536773681644, 59.450805664062486 ], [ 24.75244140625, 59.450843811035163 ], [ 24.752397537231445, 59.450839996337891 ], [ 24.752307891845703, 59.450839996337891 ], [ 24.752265930175781, 59.450832366943366 ], [ 24.752157211303711, 59.450801849365234 ], [ 24.752063751220707, 59.450775146484389 ], [ 24.751934051513672, 59.450759887695305 ], [ 24.751836776733398, 59.450775146484382 ], [ 24.751747131347656, 59.450824737548828 ], [ 24.751680374145508, 59.450874328613295 ], [ 24.751655578613281, 59.450920104980455 ], [ 24.751644134521488, 59.450946807861328 ], [ 24.751605987548828, 59.450962066650398 ], [ 24.751533508300781, 59.450988769531257 ], [ 24.751468658447266, 59.451011657714837 ], [ 24.751434326171879, 59.451042175292969 ], [ 24.751379013061523, 59.45108795166017 ], [ 24.751344680786133, 59.45111083984375 ], [ 24.751312255859375, 59.451129913330085 ], [ 24.751251220703129, 59.451145172119141 ], [ 24.751184463500977, 59.451141357421868 ], [ 24.75111198425293, 59.451164245605476 ], [ 24.751087188720703, 59.451190948486328 ], [ 24.751049041748047, 59.451213836669922 ], [ 24.7509880065918, 59.45122909545897 ], [ 24.750875473022461, 59.451263427734375 ], [ 24.750820159912109, 59.451290130615234 ], [ 24.750753402709961, 59.451316833496101 ], [ 24.750642776489258, 59.451347351074219 ], [ 24.750556945800781, 59.451362609863274 ], [ 24.750453948974609, 59.451393127441406 ], [ 24.75037956237793, 59.451408386230455 ], [ 24.750301361083984, 59.451431274414062 ], [ 24.750251770019531, 59.451454162597656 ], [ 24.750167846679688, 59.451480865478501 ], [ 24.750061035156246, 59.451503753662116 ], [ 24.749961853027344, 59.451530456542976 ], [ 24.749872207641602, 59.451553344726584 ], [ 24.749809265136719, 59.451587677001946 ], [ 24.749765396118164, 59.45161437988282 ], [ 24.749683380126953, 59.451641082763658 ], [ 24.74958610534668, 59.451671600341804 ], [ 24.74949836730957, 59.451702117919922 ], [ 24.749391555786133, 59.451744079589851 ], [ 24.749284744262695, 59.451789855957024 ], [ 24.749185562133793, 59.451831817626953 ], [ 24.749088287353516, 59.45186614990233 ], [ 24.749042510986328, 59.451900482177734 ], [ 24.749046325683594, 59.451927185058594 ], [ 24.749118804931641, 59.451938629150391 ], [ 24.749181747436523, 59.451919555664055 ], [ 24.749309539794925, 59.451885223388665 ], [ 24.749399185180664, 59.451858520507805 ], [ 24.74946403503418, 59.451839447021491 ], [ 24.749580383300781, 59.451805114746108 ], [ 24.749719619750977, 59.451751708984382 ], [ 24.749837875366211, 59.451713562011719 ], [ 24.75001335144043, 59.451660156250007 ] ] ] ] } },
{ "type": "Feature", "properties": { "from_id": "165", "population": 503.50802253575131, "gravity_community": 4.1221177141003063, "gravity_education": 7.1975076131653362, "gravity_essential_services": 8.1167462649431101, "gravity_food_and_drink": 91.866273208025504, "gravity_healthcare": 7.3890756272528799, "gravity_shelter": 13.215913921427033, "avg_gravity": 21.98460572481903, "min_tt_community": 12.0, "min_tt_education": 8.0, "min_tt_essential_services": 7.0, "min_tt_food_and_drink": 1.0, "min_tt_healthcare": 13.0, "min_tt_shelter": 7.0, "avg_tt_community": 19.428571428571427, "avg_tt_education": 18.833333333333332, "avg_tt_essential_services": 20.071428571428573, "avg_tt_food_and_drink": 18.44295302013423, "avg_tt_healthcare": 20.615384615384617, "avg_tt_shelter": 18.863636363636363, "avg_tt_all": 19.375884555414753, "n_unreachable_categories": 0, "count_community": 7.0, "count_education": 12.0, "count_essential_services": 14.0, "count_food_and_drink": 150.0, "count_healthcare": 13.0, "count_shelter": 22.0, "gravity_community_per_100": 0.8186796495000469, "gravity_education_per_100": 1.4294722806833293, "gravity_essential_services_per_100": 1.6120391139084156, "gravity_food_and_drink_per_100": 18.245245179088005, "gravity_healthcare_per_100": 1.4675189463794935, "gravity_shelter_per_100": 2.6247672986161099, "shannon": 1.1031665168994473, "kl_divergence": 0.11311587609139391, "jsd": 0.1706080595714268, "city_similarity": 0.82939194042857323 }, "geometry": { "type": "Polygon", "coordinates": [ [ [ 24.738970967223008, 59.451012054668666 ], [ 24.734825124513847, 59.447050281002078 ], [ 24.726014628348864, 59.446897158030836 ], [ 24.721347957090721, 59.450705761527907 ], [ 24.723384380891915, 59.452652647647554 ], [ 24.723539352416992, 59.452602386474609 ], [ 24.724275588989258, 59.452358245849616 ], [ 24.725030899047852, 59.452106475830085 ], [ 24.725616455078125, 59.451911926269545 ], [ 24.726545333862305, 59.452617645263679 ], [ 24.7265625, 59.452625274658189 ], [ 24.72691535949707, 59.452507019042969 ], [ 24.726816177368164, 59.45243835449218 ], [ 24.726991653442383, 59.452358245849588 ], [ 24.727132797241211, 59.452434539794908 ], [ 24.727584838867188, 59.452278137207024 ], [ 24.72784423828125, 59.452518463134766 ], [ 24.727926254272461, 59.452590942382812 ], [ 24.727933883666992, 59.452602386474609 ], [ 24.727893829345703, 59.452610015869126 ], [ 24.728002548217777, 59.452724456787116 ], [ 24.728021621704102, 59.452739715576172 ], [ 24.728054046630863, 59.45277023315429 ], [ 24.728523254394531, 59.453201293945312 ], [ 24.728803634643555, 59.453460693359375 ], [ 24.729217529296875, 59.453842163085938 ], [ 24.729799270629883, 59.454383850097635 ], [ 24.730200760695681, 59.454749859742876 ], [ 24.730236816250013, 59.454750486335456 ], [ 24.730325698852539, 59.454727172851562 ], [ 24.73036003112793, 59.454715728759751 ], [ 24.729372024536133, 59.453815460205078 ], [ 24.729423522949219, 59.45379638671875 ], [ 24.729278564453125, 59.453670501708991 ], [ 24.729228973388675, 59.453685760498061 ], [ 24.728191375732422, 59.452728271484361 ], [ 24.728160858154297, 59.452697753906243 ], [ 24.729473114013672, 59.452278137207045 ], [ 24.729841232299805, 59.452159881591797 ], [ 24.730091094970703, 59.452354431152351 ], [ 24.730098724365234, 59.452362060546875 ], [ 24.730119705200199, 59.452377319335923 ], [ 24.730424880981445, 59.452629089355462 ], [ 24.730436325073242, 59.452636718750014 ], [ 24.730457305908207, 59.452648162841768 ], [ 24.730472564697266, 59.452655792236328 ], [ 24.730550765991211, 59.452716827392578 ], [ 24.730951309204102, 59.453025817871094 ], [ 24.730964660644531, 59.453037261962862 ], [ 24.730978012084961, 59.453048706054673 ], [ 24.731267929077152, 59.452957153320284 ], [ 24.731765747070312, 59.453369140625 ], [ 24.73192024230957, 59.453487396240234 ], [ 24.73219108581543, 59.453704833984368 ], [ 24.732418060302734, 59.453887939453139 ], [ 24.733180999755859, 59.453639984130845 ], [ 24.733226776123047, 59.453620910644524 ], [ 24.73350715637207, 59.453533172607422 ], [ 24.733552932739258, 59.453517913818366 ], [ 24.733583450317383, 59.45354080200196 ], [ 24.733591079711918, 59.453536987304673 ], [ 24.733608245849609, 59.453533172607408 ], [ 24.733625411987305, 59.453529357910149 ], [ 24.733634948730469, 59.453525543212884 ], [ 24.733602523803711, 59.453495025634766 ], [ 24.733675003051758, 59.453475952148438 ], [ 24.733657836914062, 59.453460693359375 ], [ 24.733732223510742, 59.453441619873047 ], [ 24.733835220336914, 59.453411102294929 ], [ 24.733957290649418, 59.453369140625 ], [ 24.733993530273438, 59.453392028808608 ], [ 24.734018325805664, 59.453388214111335 ], [ 24.734043121337894, 59.453376770019531 ], [ 24.734174728393555, 59.453338623046882 ], [ 24.734382629394531, 59.453273773193359 ], [ 24.734550476074219, 59.453216552734382 ], [ 24.734577178955078, 59.453201293945312 ], [ 24.7346305847168, 59.453163146972649 ], [ 24.734580993652347, 59.453159332275384 ], [ 24.734582901000977, 59.453132629394531 ], [ 24.734807968139648, 59.45306396484375 ], [ 24.734846115112305, 59.453052520751946 ], [ 24.734920501708984, 59.453033447265632 ], [ 24.734943389892578, 59.453025817871094 ], [ 24.734954833984375, 59.453018188476555 ], [ 24.73497200012207, 59.453014373779297 ], [ 24.735027313232422, 59.453018188476555 ], [ 24.735097885131836, 59.453018188476548 ], [ 24.735139846801758, 59.453018188476555 ], [ 24.735204696655273, 59.453018188476555 ], [ 24.73521614074707, 59.45311355590821 ], [ 24.735311508178711, 59.45311355590821 ], [ 24.736440570490124, 59.453077949566456 ], [ 24.738970967223008, 59.451012054668666 ] ] ] } },
{ "type": "Feature", "properties": { "from_id": "166", "population": 1027.6430642693313, "gravity_community": 1.0725007689009916, "gravity_education": 1.7866295752144847, "gravity_essential_services": 0.50032369501323448, "gravity_food_and_drink": 20.53086159820516, "gravity_healthcare": 0.0, "gravity_shelter": 1.3761546012285977, "avg_gravity": 4.2110783730937449, "min_tt_community": 22.0, "min_tt_education": 13.0, "min_tt_essential_services": 25.0, "min_tt_food_and_drink": 9.0, "min_tt_healthcare": null, "min_tt_shelter": 13.0, "avg_tt_community": 22.5, "avg_tt_education": 19.0, "avg_tt_essential_services": 25.0, "avg_tt_food_and_drink": 19.485714285714284, "avg_tt_healthcare": null, "avg_tt_shelter": 13.5, "avg_tt_all": 19.897142857142857, "n_unreachable_categories": 1, "count_community": 2.0, "count_education": 3.0, "count_essential_services": 1.0, "count_food_and_drink": 35.0, "count_healthcare": 0.0, "count_shelter": 2.0, "gravity_community_per_100": 0.10436510556936954, "gravity_education_per_100": 0.17385701683150109, "gravity_essential_services_per_100": 0.048686524768108239, "gravity_food_and_drink_per_100": 1.9978592092968479, "gravity_healthcare_per_100": 0.0, "gravity_shelter_per_100": 0.13391367577681876, "shannon": 0.72618598527566192, "kl_divergence": 0.35521137357393079, "jsd": 0.32116060556090559, "city_similarity": 0.67883939443909447 }, "geometry": { "type": "Polygon", "coordinates": [ [ [ 24.738451876660282, 59.458782915372453 ], [ 24.747265540536898, 59.458935217925799 ], [ 24.749062946355291, 59.457467520803021 ], [ 24.749113784142427, 59.452435746478415 ], [ 24.748695116631119, 59.452035878090953 ], [ 24.739790001938687, 59.454079414552147 ], [ 24.739683151245117, 59.452526092529297 ], [ 24.73967170715332, 59.452510833740241 ], [ 24.739719390869141, 59.452457427978501 ], [ 24.739753723144531, 59.452415466308587 ], [ 24.739776611328129, 59.452381134033182 ], [ 24.739780426025391, 59.452350616455064 ], [ 24.739776611328125, 59.452259063720689 ], [ 24.739805221557617, 59.452217102050795 ], [ 24.739820480346683, 59.452171325683594 ], [ 24.739831924438477, 59.4521484375 ], [ 24.739902496337891, 59.452136993408189 ], [ 24.739997863769535, 59.452129364013672 ], [ 24.740081787109375, 59.452133178710945 ], [ 24.740137100219727, 59.4521484375 ], [ 24.740129470825195, 59.452217102050788 ], [ 24.740133285522461, 59.452262878417976 ], [ 24.740137100219727, 59.452301025390653 ], [ 24.740152359008789, 59.452331542968743 ], [ 24.740156173706055, 59.452362060546875 ], [ 24.740144729614258, 59.45240402221679 ], [ 24.740165710449219, 59.452423095703125 ], [ 24.740217208862305, 59.452434539794908 ], [ 24.740219116210938, 59.452400207519517 ], [ 24.740217208862305, 59.452362060546889 ], [ 24.740217208862305, 59.452320098876939 ], [ 24.740205764770508, 59.452278137207031 ], [ 24.740177154541016, 59.452213287353501 ], [ 24.740180969238285, 59.45209121704103 ], [ 24.740180969238285, 59.451885223388679 ], [ 24.740232467651367, 59.451839447021477 ], [ 24.74027252197266, 59.451789855957024 ], [ 24.740350723266605, 59.451766967773416 ], [ 24.740436553955078, 59.451732635498054 ], [ 24.740510940551758, 59.45170593261718 ], [ 24.740617752075195, 59.451629638671875 ], [ 24.740779876708984, 59.45155334472657 ], [ 24.740959167480469, 59.451503753662109 ], [ 24.74127197265625, 59.451431274414062 ], [ 24.741437911987308, 59.451385498046861 ], [ 24.741514205932617, 59.451381683349595 ], [ 24.741573333740234, 59.451385498046875 ], [ 24.741754531860352, 59.451316833496087 ], [ 24.742118835449219, 59.451171875 ], [ 24.742353289324818, 59.451070567934451 ], [ 24.738970967223008, 59.451012054668666 ], [ 24.736440570490124, 59.453077949566456 ], [ 24.736763000488281, 59.453067779541023 ], [ 24.737277984619141, 59.453048706054688 ], [ 24.737794876098633, 59.453033447265632 ], [ 24.739498138427734, 59.452980041503892 ], [ 24.739526748657227, 59.453468322753913 ], [ 24.739535287139631, 59.453563752851387 ], [ 24.739559173583984, 59.453830718994141 ], [ 24.739572623129906, 59.454129298913628 ], [ 24.73474148808765, 59.455238039296368 ], [ 24.738451876660282, 59.458782915372453 ] ] ] } },
{ "type": "Feature", "properties": { "from_id": "167", "population": 0.45500299035279368, "gravity_community": 0.0, "gravity_education": 0.66001019309341014, "gravity_essential_services": 0.5436769774186645, "gravity_food_and_drink": 15.558114057345959, "gravity_healthcare": 0.0, "gravity_shelter": 1.1335939685265775, "avg_gravity": 2.9825658660641019, "min_tt_community": null, "min_tt_education": 15.0, "min_tt_essential_services": 22.0, "min_tt_food_and_drink": 11.0, "min_tt_healthcare": null, "min_tt_shelter": 20.0, "avg_tt_community": null, "avg_tt_education": 15.0, "avg_tt_essential_services": 22.0, "avg_tt_food_and_drink": 16.695652173913043, "avg_tt_healthcare": null, "avg_tt_shelter": 20.5, "avg_tt_all": 18.548913043478262, "n_unreachable_categories": 2, "count_community": 0.0, "count_education": 1.0, "count_essential_services": 1.0, "count_food_and_drink": 24.0, "count_healthcare": 0.0, "count_shelter": 2.0, "gravity_community_per_100": 0.0, "gravity_education_per_100": 145.05623195611548, "gravity_essential_services_per_100": 119.48866028267551, "gravity_food_and_drink_per_100": 3419.3432542680066, "gravity_healthcare_per_100": 0.0, "gravity_shelter_per_100": 249.13989414610828, "shannon": 0.55864786213075779, "kl_divergence": 0.38514096106677892, "jsd": 0.3321758005130806, "city_similarity": 0.6678241994869194 }, "geometry": { "type": "MultiPolygon", "coordinates": [ [ [ [ 24.720824829115642, 59.458476527796378 ], [ 24.724970390998617, 59.462438737922263 ], [ 24.733784924576231, 59.462591955328818 ], [ 24.738451876660282, 59.458782915372453 ], [ 24.73474148808765, 59.455238039296368 ], [ 24.731472721066474, 59.455988074590017 ], [ 24.731449127197266, 59.455986022949226 ], [ 24.731378555297852, 59.455970764160156 ], [ 24.731225967407227, 59.455963134765618 ], [ 24.731016159057617, 59.455970764160163 ], [ 24.73090934753418, 59.455986022949226 ], [ 24.730783462524418, 59.456047058105476 ], [ 24.730602264404297, 59.456100463867173 ], [ 24.730466842651367, 59.456153869628913 ], [ 24.729228973388675, 59.456581115722649 ], [ 24.728006362915039, 59.456981658935554 ], [ 24.727958679199219, 59.456939697265611 ], [ 24.727872848510742, 59.456966400146477 ], [ 24.727828979492188, 59.456977844238274 ], [ 24.727807998657227, 59.456989288330064 ], [ 24.727807998657227, 59.457012176513672 ], [ 24.727811813354492, 59.457031249999986 ], [ 24.727827072143555, 59.457046508789062 ], [ 24.727848052978516, 59.457061767578132 ], [ 24.727870941162109, 59.457069396972642 ], [ 24.727888107299805, 59.457073211669929 ], [ 24.727914810180664, 59.457073211669929 ], [ 24.727915682314055, 59.457073077495544 ], [ 24.727062565805124, 59.45735585365103 ], [ 24.727066040039062, 59.457351684570298 ], [ 24.727073669433594, 59.457336425781257 ], [ 24.727073669433594, 59.457324981689446 ], [ 24.727071762084964, 59.457309722900398 ], [ 24.727058410644531, 59.457298278808601 ], [ 24.72703742980957, 59.45728683471679 ], [ 24.727008819580078, 59.457275390625007 ], [ 24.726987838745117, 59.457271575927734 ], [ 24.726949691772461, 59.45726394653321 ], [ 24.726785659790039, 59.457324981689453 ], [ 24.726844787597656, 59.457370758056648 ], [ 24.726137161254883, 59.457603454589851 ], [ 24.725852966308594, 59.457698822021491 ], [ 24.725147247314453, 59.457935333251946 ], [ 24.724880218505859, 59.458023071289062 ], [ 24.724859237670898, 59.458019256591804 ], [ 24.724815368652347, 59.457981109619126 ], [ 24.724706649780273, 59.458015441894531 ], [ 24.724678039550785, 59.458026885986328 ], [ 24.724664688110352, 59.458034515380859 ], [ 24.724660873413086, 59.458049774169908 ], [ 24.724664688110352, 59.45806503295897 ], [ 24.724674224853516, 59.458080291748061 ], [ 24.724681854248047, 59.458091735839837 ], [ 24.724691390991211, 59.458099365234375 ], [ 24.724702835083008, 59.458099365234375 ], [ 24.724733352661133, 59.458103179931634 ], [ 24.724773406982422, 59.458114624023445 ], [ 24.721411019947571, 59.457998299283062 ], [ 24.720824829115642, 59.458476527796378 ] ], [ [ 24.730825424194336, 59.456081390380866 ], [ 24.730974197387695, 59.456024169921868 ], [ 24.731044769287109, 59.456008911132791 ], [ 24.73115348815918, 59.456020355224602 ], [ 24.731283187866211, 59.456016540527344 ], [ 24.731302757525775, 59.456027078036342 ], [ 24.730550765991211, 59.456199645996101 ], [ 24.730825424194336, 59.456081390380866 ] ], [ [ 24.726001739501953, 59.457707477820193 ], [ 24.726001739501953, 59.457691192626946 ], [ 24.726005554199219, 59.457683563232422 ], [ 24.726073888193564, 59.457683563232422 ], [ 24.726001739501953, 59.457707477820193 ] ], [ [ 24.726686477661133, 59.457450866699205 ], [ 24.7267126792174, 59.457471827944239 ], [ 24.72608662211886, 59.457679342413336 ], [ 24.726095199584961, 59.457641601562507 ], [ 24.726221084594727, 59.457603454589837 ], [ 24.726686477661133, 59.457450866699205 ] ] ], [ [ [ 24.730200760695681, 59.454749859742876 ], [ 24.730209350585938, 59.454757690429709 ], [ 24.730236816250013, 59.454750486335456 ], [ 24.730200760695681, 59.454749859742876 ] ] ] ] } },
{ "type": "Feature", "properties": { "from_id": "168", "population": 399.85560112395689, "gravity_community": 0.0, "gravity_education": 0.55894734793711187, "gravity_essential_services": 0.0, "gravity_food_and_drink": 6.8903694541525828, "gravity_healthcare": 0.0, "gravity_shelter": 1.1026243253557764, "avg_gravity": 1.4253235212409117, "min_tt_community": null, "min_tt_education": 21.0, "min_tt_essential_services": null, "min_tt_food_and_drink": 17.0, "min_tt_healthcare": null, "min_tt_shelter": 21.0, "avg_tt_community": null, "avg_tt_education": 21.0, "avg_tt_essential_services": null, "avg_tt_food_and_drink": 22.636363636363637, "avg_tt_healthcare": null, "avg_tt_shelter": 21.5, "avg_tt_all": 21.712121212121215, "n_unreachable_categories": 3, "count_community": 0.0, "count_education": 1.0, "count_essential_services": 0.0, "count_food_and_drink": 12.0, "count_healthcare": 0.0, "count_shelter": 2.0, "gravity_community_per_100": 0.0, "gravity_education_per_100": 0.13978729980672094, "gravity_essential_services_per_100": 0.0, "gravity_food_and_drink_per_100": 1.7232144391086173, "gravity_healthcare_per_100": 0.0, "gravity_shelter_per_100": 0.27575562834593337, "shannon": 0.62770526429951534, "kl_divergence": 0.35264937917670275, "jsd": 0.32883686819899294, "city_similarity": 0.67116313180100706 }, "geometry": { "type": "Polygon", "coordinates": [ [ [ 24.747265540536898, 59.458935217925799 ], [ 24.749031067594004, 59.460621148204297 ], [ 24.749062946355291, 59.457467520803021 ], [ 24.747265540536898, 59.458935217925799 ] ] ] } },
{ "type": "Feature", "properties": { "from_id": "169", "population": 0.0, "gravity_community": 0.0, "gravity_education": 0.50032369501323448, "gravity_essential_services": 0.0, "gravity_food_and_drink": 3.0372574185117576, "gravity_healthcare": 0.0, "gravity_shelter": 0.0, "avg_gravity": 0.58959685225416536, "min_tt_community": null, "min_tt_education": 25.0, "min_tt_essential_services": null, "min_tt_food_and_drink": 20.0, "min_tt_healthcare": null, "min_tt_shelter": null, "avg_tt_community": null, "avg_tt_education": 25.0, "avg_tt_essential_services": null, "avg_tt_food_and_drink": 24.5, "avg_tt_healthcare": null, "avg_tt_shelter": null, "avg_tt_all": 24.75, "n_unreachable_categories": 4, "count_community": 0.0, "count_education": 1.0, "count_essential_services": 0.0, "count_food_and_drink": 5.0, "count_healthcare": 0.0, "count_shelter": 0.0, "gravity_community_per_100": 0.0, "gravity_education_per_100": 0.0, "gravity_essential_services_per_100": 0.0, "gravity_food_and_drink_per_100": 0.0, "gravity_healthcare_per_100": 0.0, "gravity_shelter_per_100": 0.0, "shannon": 0.45056121807405303, "kl_divergence": 0.58152699457057011, "jsd": 0.42942169479558762, "city_similarity": 0.57057830520441244 }, "geometry": { "type": "Polygon", "coordinates": [ [ [ 24.747265540536898, 59.458935217925799 ], [ 24.738451876660282, 59.458782915372453 ], [ 24.733784924576231, 59.462591955328818 ], [ 24.737932506250761, 59.466553763986525 ], [ 24.746748190024892, 59.466706113504983 ], [ 24.748988020698047, 59.464877589122807 ], [ 24.749031067594004, 59.460621148204297 ], [ 24.747265540536898, 59.458935217925799 ] ] ] } },
{ "type": "Feature", "properties": { "from_id": "170", "population": 5.0852726863536741, "gravity_community": 0.0, "gravity_education": 0.0, "gravity_essential_services": 0.0, "gravity_food_and_drink": 1.0, "gravity_healthcare": 0.0, "gravity_shelter": 0.67854803930190832, "avg_gravity": 0.27975800655031807, "min_tt_community": null, "min_tt_education": null, "min_tt_essential_services": null, "min_tt_food_and_drink": null, "min_tt_healthcare": null, "min_tt_shelter": 14.0, "avg_tt_community": null, "avg_tt_education": null, "avg_tt_essential_services": null, "avg_tt_food_and_drink": null, "avg_tt_healthcare": null, "avg_tt_shelter": 14.0, "avg_tt_all": 14.0, "n_unreachable_categories": 5, "count_community": 0.0, "count_education": 0.0, "count_essential_services": 0.0, "count_food_and_drink": 1.0, "count_healthcare": 0.0, "count_shelter": 1.0, "gravity_community_per_100": 0.0, "gravity_education_per_100": 0.0, "gravity_essential_services_per_100": 0.0, "gravity_food_and_drink_per_100": 19.664628854289354, "gravity_healthcare_per_100": 0.0, "gravity_shelter_per_100": 13.343395352677772, "shannon": 0.69314718970891498, "kl_divergence": 0.46701601283472211, "jsd": 0.37819908931780277, "city_similarity": 0.62180091068219723 }, "geometry": { "type": "Polygon", "coordinates": [ [ [ 24.733784924576231, 59.462591955328818 ], [ 24.724970390998617, 59.462438737922263 ], [ 24.720301419123018, 59.466247281931885 ], [ 24.724447850057928, 59.470209509684601 ], [ 24.733264403970125, 59.470362774341275 ], [ 24.737932506250761, 59.466553763986525 ], [ 24.733784924576231, 59.462591955328818 ] ] ] } },
{ "type": "Feature", "properties": { "from_id": "171", "population": 2920.8199314367139, "gravity_community": 0.0, "gravity_education": 0.0, "gravity_essential_services": 0.0, "gravity_food_and_drink": 1.0, "gravity_healthcare": 0.0, "gravity_shelter": 0.0, "avg_gravity": 0.16666666666666666, "min_tt_community": null, "min_tt_education": null, "min_tt_essential_services": null, "min_tt_food_and_drink": null, "min_tt_healthcare": null, "min_tt_shelter": null, "avg_tt_community": null, "avg_tt_education": null, "avg_tt_essential_services": null, "avg_tt_food_and_drink": null, "avg_tt_healthcare": null, "avg_tt_shelter": null, "avg_tt_all": null, "n_unreachable_categories": 6, "count_community": 0.0, "count_education": 0.0, "count_essential_services": 0.0, "count_food_and_drink": 1.0, "count_healthcare": 0.0, "count_shelter": 0.0, "gravity_community_per_100": 0.0, "gravity_education_per_100": 0.0, "gravity_essential_services_per_100": 0.0, "gravity_food_and_drink_per_100": 0.034236961657136897, "gravity_healthcare_per_100": 0.0, "gravity_shelter_per_100": 0.0, "shannon": 1.1412925456691193e-08, "kl_divergence": 0.77442750133451621, "jsd": 0.48757412718494225, "city_similarity": 0.51242587281505769 }, "geometry": { "type": "Polygon", "coordinates": [ [ [ 24.746748190024892, 59.466706113504983 ], [ 24.748948265187522, 59.468806540100886 ], [ 24.748988020698047, 59.464877589122807 ], [ 24.746748190024892, 59.466706113504983 ] ] ] } },
{ "type": "Feature", "properties": { "from_id": "172", "population": 1607.4715174221596, "gravity_community": 0.0, "gravity_education": 0.0, "gravity_essential_services": 0.0, "gravity_food_and_drink": 1.0, "gravity_healthcare": 0.0, "gravity_shelter": 0.51437639269832958, "avg_gravity": 0.2523960654497216, "min_tt_community": null, "min_tt_education": null, "min_tt_essential_services": null, "min_tt_food_and_drink": null, "min_tt_healthcare": null, "min_tt_shelter": 24.0, "avg_tt_community": null, "avg_tt_education": null, "avg_tt_essential_services": null, "avg_tt_food_and_drink": null, "avg_tt_healthcare": null, "avg_tt_shelter": 24.0, "avg_tt_all": 24.0, "n_unreachable_categories": 5, "count_community": 0.0, "count_education": 0.0, "count_essential_services": 0.0, "count_food_and_drink": 1.0, "count_healthcare": 0.0, "count_shelter": 1.0, "gravity_community_per_100": 0.0, "gravity_education_per_100": 0.0, "gravity_essential_services_per_100": 0.0, "gravity_food_and_drink_per_100": 0.062209500396228579, "gravity_healthcare_per_100": 0.0, "gravity_shelter_per_100": 0.03199909840537736, "shannon": 0.69314718970891498, "kl_divergence": 0.46701601283472211, "jsd": 0.37819908931780277, "city_similarity": 0.62180091068219723 }, "geometry": { "type": "Polygon", "coordinates": [ [ [ 24.746748190024892, 59.466706113504983 ], [ 24.737932506250761, 59.466553763986525 ], [ 24.733264403970125, 59.470362774341275 ], [ 24.737412855782786, 59.474324600510172 ], [ 24.746230560540734, 59.474476997015252 ], [ 24.748913024653575, 59.472287649387752 ], [ 24.748948265187522, 59.468806540100886 ], [ 24.746748190024892, 59.466706113504983 ] ] ] } },
{ "type": "Feature", "properties": { "from_id": "173", "population": 661.79693232856152, "gravity_community": 0.0, "gravity_education": 0.0, "gravity_essential_services": 0.0, "gravity_food_and_drink": 1.0, "gravity_healthcare": 0.0, "gravity_shelter": 0.0, "avg_gravity": 0.16666666666666666, "min_tt_community": null, "min_tt_education": null, "min_tt_essential_services": null, "min_tt_food_and_drink": null, "min_tt_healthcare": null, "min_tt_shelter": null, "avg_tt_community": null, "avg_tt_education": null, "avg_tt_essential_services": null, "avg_tt_food_and_drink": null, "avg_tt_healthcare": null, "avg_tt_shelter": null, "avg_tt_all": null, "n_unreachable_categories": 6, "count_community": 0.0, "count_education": 0.0, "count_essential_services": 0.0, "count_food_and_drink": 1.0, "count_healthcare": 0.0, "count_shelter": 0.0, "gravity_community_per_100": 0.0, "gravity_education_per_100": 0.0, "gravity_essential_services_per_100": 0.0, "gravity_food_and_drink_per_100": 0.15110375269970747, "gravity_healthcare_per_100": 0.0, "gravity_shelter_per_100": 0.0, "shannon": 1.1412925456691193e-08, "kl_divergence": 0.77442750133451621, "jsd": 0.48757412718494225, "city_similarity": 0.51242587281505769 }, "geometry": { "type": "Polygon", "coordinates": [ [ [ 24.746230560540734, 59.474476997015252 ], [ 24.748865376866771, 59.476991922169532 ], [ 24.748913024653575, 59.472287649387752 ], [ 24.746230560540734, 59.474476997015252 ] ] ] } },
{ "type": "Feature", "properties": { "from_id": "174", "population": 257.49836764074183, "gravity_community": 0.0, "gravity_education": 0.0, "gravity_essential_services": 0.0, "gravity_food_and_drink": 1.0, "gravity_healthcare": 0.0, "gravity_shelter": 0.0, "avg_gravity": 0.16666666666666666, "min_tt_community": null, "min_tt_education": null, "min_tt_essential_services": null, "min_tt_food_and_drink": null, "min_tt_healthcare": null, "min_tt_shelter": null, "avg_tt_community": null, "avg_tt_education": null, "avg_tt_essential_services": null, "avg_tt_food_and_drink": null, "avg_tt_healthcare": null, "avg_tt_shelter": null, "avg_tt_all": null, "n_unreachable_categories": 6, "count_community": 0.0, "count_education": 0.0, "count_essential_services": 0.0, "count_food_and_drink": 1.0, "count_healthcare": 0.0, "count_shelter": 0.0, "gravity_community_per_100": 0.0, "gravity_education_per_100": 0.0, "gravity_essential_services_per_100": 0.0, "gravity_food_and_drink_per_100": 0.38835197642696756, "gravity_healthcare_per_100": 0.0, "gravity_shelter_per_100": 0.0, "shannon": 1.1412925456691193e-08, "kl_divergence": 0.77442750133451621, "jsd": 0.48757412718494225, "city_similarity": 0.51242587281505769 }, "geometry": { "type": "Polygon", "coordinates": [ [ [ 24.680366496711482, 59.469434270419683 ], [ 24.671550511819994, 59.469277439460456 ], [ 24.666874611397191, 59.473084026593696 ], [ 24.67101556205996, 59.477047911628148 ], [ 24.679833567942115, 59.477204790956463 ], [ 24.684508601808641, 59.473397736872407 ], [ 24.680366496711482, 59.469434270419683 ] ] ] } },
{ "type": "Feature", "properties": { "from_id": "175", "population": 81.115206599925315, "gravity_community": 0.0, "gravity_education": 0.0, "gravity_essential_services": 1.0, "gravity_food_and_drink": 0.0, "gravity_healthcare": 0.0, "gravity_shelter": 0.0, "avg_gravity": 0.16666666666666666, "min_tt_community": null, "min_tt_education": null, "min_tt_essential_services": null, "min_tt_food_and_drink": null, "min_tt_healthcare": null, "min_tt_shelter": null, "avg_tt_community": null, "avg_tt_education": null, "avg_tt_essential_services": null, "avg_tt_food_and_drink": null, "avg_tt_healthcare": null, "avg_tt_shelter": null, "avg_tt_all": null, "n_unreachable_categories": 6, "count_community": 0.0, "count_education": 0.0, "count_essential_services": 1.0, "count_food_and_drink": 0.0, "count_healthcare": 0.0, "count_shelter": 0.0, "gravity_community_per_100": 0.0, "gravity_education_per_100": 0.0, "gravity_essential_services_per_100": 1.2328144646566441, "gravity_food_and_drink_per_100": 0.0, "gravity_healthcare_per_100": 0.0, "gravity_shelter_per_100": 0.0, "shannon": 1.1412925456691193e-08, "kl_divergence": 2.4276372292695942, "jsd": 0.73485996320676417, "city_similarity": 0.26514003679323583 }, "geometry": { "type": "Polygon", "coordinates": [ [ [ 24.666874611397191, 59.473084026593696 ], [ 24.658057760492703, 59.472926279812768 ], [ 24.653379839188439, 59.476732369420603 ], [ 24.657519634330097, 59.480696672939487 ], [ 24.666338506659418, 59.48085446837495 ], [ 24.67101556205996, 59.477047911628148 ], [ 24.666874611397191, 59.473084026593696 ] ] ] } },
{ "type": "Feature", "properties": { "from_id": "176", "population": 11.3570038664088, "gravity_community": 0.0, "gravity_education": 0.0, "gravity_essential_services": 0.0, "gravity_food_and_drink": 1.0, "gravity_healthcare": 0.0, "gravity_shelter": 0.0, "avg_gravity": 0.16666666666666666, "min_tt_community": null, "min_tt_education": null, "min_tt_essential_services": null, "min_tt_food_and_drink": null, "min_tt_healthcare": null, "min_tt_shelter": null, "avg_tt_community": null, "avg_tt_education": null, "avg_tt_essential_services": null, "avg_tt_food_and_drink": null, "avg_tt_healthcare": null, "avg_tt_shelter": null, "avg_tt_all": null, "n_unreachable_categories": 6, "count_community": 0.0, "count_education": 0.0, "count_essential_services": 0.0, "count_food_and_drink": 1.0, "count_healthcare": 0.0, "count_shelter": 0.0, "gravity_community_per_100": 0.0, "gravity_education_per_100": 0.0, "gravity_essential_services_per_100": 0.0, "gravity_food_and_drink_per_100": 8.8051392054003959, "gravity_healthcare_per_100": 0.0, "gravity_shelter_per_100": 0.0, "shannon": 1.1412925456691193e-08, "kl_divergence": 0.77442750133451621, "jsd": 0.48757412718494225, "city_similarity": 0.51242587281505769 }, "geometry": { "type": "Polygon", "coordinates": [ [ [ 24.679833567942115, 59.477204790956463 ], [ 24.67101556205996, 59.477047911628148 ], [ 24.666338506659418, 59.48085446837495 ], [ 24.670480323769421, 59.484818371540051 ], [ 24.679300351729218, 59.484975299259617 ], [ 24.6839765401389, 59.481168275414007 ], [ 24.679833567942115, 59.477204790956463 ] ] ] } },
{ "type": "Feature", "properties": { "from_id": "177", "population": 0.0, "gravity_community": 0.0, "gravity_education": 0.0, "gravity_essential_services": 0.0, "gravity_food_and_drink": 1.0, "gravity_healthcare": 0.0, "gravity_shelter": 0.0, "avg_gravity": 0.16666666666666666, "min_tt_community": null, "min_tt_education": null, "min_tt_essential_services": null, "min_tt_food_and_drink": null, "min_tt_healthcare": null, "min_tt_shelter": null, "avg_tt_community": null, "avg_tt_education": null, "avg_tt_essential_services": null, "avg_tt_food_and_drink": null, "avg_tt_healthcare": null, "avg_tt_shelter": null, "avg_tt_all": null, "n_unreachable_categories": 6, "count_community": 0.0, "count_education": 0.0, "count_essential_services": 0.0, "count_food_and_drink": 1.0, "count_healthcare": 0.0, "count_shelter": 0.0, "gravity_community_per_100": 0.0, "gravity_education_per_100": 0.0, "gravity_essential_services_per_100": 0.0, "gravity_food_and_drink_per_100": 0.0, "gravity_healthcare_per_100": 0.0, "gravity_shelter_per_100": 0.0, "shannon": 1.1412925456691193e-08, "kl_divergence": 0.77442750133451621, "jsd": 0.48757412718494225, "city_similarity": 0.51242587281505769 }, "geometry": { "type": "Polygon", "coordinates": [ [ [ 24.653379839188439, 59.476732369420603 ], [ 24.644562122923649, 59.476573706567549 ], [ 24.639882180304426, 59.480379298302253 ], [ 24.644020818837962, 59.484344020208113 ], [ 24.65284055696123, 59.484502732001189 ], [ 24.657519634330097, 59.480696672939487 ], [ 24.653379839188439, 59.476732369420603 ] ] ] } },
{ "type": "Feature", "properties": { "from_id": "178", "population": 46.330907262714298, "gravity_community": 0.0, "gravity_education": 0.0, "gravity_essential_services": 0.0, "gravity_food_and_drink": 1.0, "gravity_healthcare": 0.0, "gravity_shelter": 0.0, "avg_gravity": 0.16666666666666666, "min_tt_community": null, "min_tt_education": null, "min_tt_essential_services": null, "min_tt_food_and_drink": null, "min_tt_healthcare": null, "min_tt_shelter": null, "avg_tt_community": null, "avg_tt_education": null, "avg_tt_essential_services": null, "avg_tt_food_and_drink": null, "avg_tt_healthcare": null, "avg_tt_shelter": null, "avg_tt_all": null, "n_unreachable_categories": 6, "count_community": 0.0, "count_education": 0.0, "count_essential_services": 0.0, "count_food_and_drink": 1.0, "count_healthcare": 0.0, "count_shelter": 0.0, "gravity_community_per_100": 0.0, "gravity_education_per_100": 0.0, "gravity_essential_services_per_100": 0.0, "gravity_food_and_drink_per_100": 2.1583863970753052, "gravity_healthcare_per_100": 0.0, "gravity_shelter_per_100": 0.0, "shannon": 1.1412925456691193e-08, "kl_divergence": 0.77442750133451621, "jsd": 0.48757412718494225, "city_similarity": 0.51242587281505769 }, "geometry": { "type": "Polygon", "coordinates": [ [ [ 24.666338506659418, 59.48085446837495 ], [ 24.657519634330097, 59.480696672939487 ], [ 24.65284055696123, 59.484502732001189 ], [ 24.656981217896902, 59.48846705377656 ], [ 24.665802112738334, 59.488624897888812 ], [ 24.670480323769421, 59.484818371540051 ], [ 24.666338506659418, 59.48085446837495 ] ] ] } },
{ "type": "Feature", "properties": { "from_id": "179", "population": 0.0, "gravity_community": 0.0, "gravity_education": 0.0, "gravity_essential_services": 0.0, "gravity_food_and_drink": 1.0, "gravity_healthcare": 0.0, "gravity_shelter": 0.0, "avg_gravity": 0.16666666666666666, "min_tt_community": null, "min_tt_education": null, "min_tt_essential_services": null, "min_tt_food_and_drink": null, "min_tt_healthcare": null, "min_tt_shelter": null, "avg_tt_community": null, "avg_tt_education": null, "avg_tt_essential_services": null, "avg_tt_food_and_drink": null, "avg_tt_healthcare": null, "avg_tt_shelter": null, "avg_tt_all": null, "n_unreachable_categories": 6, "count_community": 0.0, "count_education": 0.0, "count_essential_services": 0.0, "count_food_and_drink": 1.0, "count_healthcare": 0.0, "count_shelter": 0.0, "gravity_community_per_100": 0.0, "gravity_education_per_100": 0.0, "gravity_essential_services_per_100": 0.0, "gravity_food_and_drink_per_100": 0.0, "gravity_healthcare_per_100": 0.0, "gravity_shelter_per_100": 0.0, "shannon": 1.1412925456691193e-08, "kl_divergence": 0.77442750133451621, "jsd": 0.48757412718494225, "city_similarity": 0.51242587281505769 }, "geometry": { "type": "Polygon", "coordinates": [ [ [ 24.679300351729218, 59.484975299259617 ], [ 24.670480323769421, 59.484818371540051 ], [ 24.665802112738334, 59.488624897888812 ], [ 24.669944796730039, 59.492588819195269 ], [ 24.678766847855279, 59.492745795328283 ], [ 24.683444191460634, 59.488938801732573 ], [ 24.679300351729218, 59.484975299259617 ] ] ] } },
{ "type": "Feature", "properties": { "from_id": "180", "population": 2229.6386348478509, "gravity_community": 0.0, "gravity_education": 0.0, "gravity_essential_services": 0.0, "gravity_food_and_drink": 0.0, "gravity_healthcare": 0.0, "gravity_shelter": 0.0, "avg_gravity": 0.0, "min_tt_community": null, "min_tt_education": null, "min_tt_essential_services": null, "min_tt_food_and_drink": null, "min_tt_healthcare": null, "min_tt_shelter": null, "avg_tt_community": null, "avg_tt_education": null, "avg_tt_essential_services": null, "avg_tt_food_and_drink": null, "avg_tt_healthcare": null, "avg_tt_shelter": null, "avg_tt_all": null, "n_unreachable_categories": 6, "count_community": 0.0, "count_education": 0.0, "count_essential_services": 0.0, "count_food_and_drink": 0.0, "count_healthcare": 0.0, "count_shelter": 0.0, "gravity_community_per_100": 0.0, "gravity_education_per_100": 0.0, "gravity_essential_services_per_100": 0.0, "gravity_food_and_drink_per_100": 0.0, "gravity_healthcare_per_100": 0.0, "gravity_shelter_per_100": 0.0, "shannon": 1.3815510557964275e-08, "kl_divergence": 0.333576385971945, "jsd": 0.27633281748366462, "city_similarity": 0.72366718251633544 }, "geometry": { "type": "Polygon", "coordinates": [ [ [ 24.65284055696123, 59.484502732001189 ], [ 24.644020818837962, 59.484344020208113 ], [ 24.639339719066967, 59.488149581236797 ], [ 24.643479222740471, 59.49211432152488 ], [ 24.652300983809795, 59.492273082280462 ], [ 24.656981217896902, 59.48846705377656 ], [ 24.65284055696123, 59.484502732001189 ] ] ] } },
{ "type": "Feature", "properties": { "from_id": "181", "population": 61.291128589169986, "gravity_community": 0.0, "gravity_education": 0.0, "gravity_essential_services": 0.0, "gravity_food_and_drink": 1.0, "gravity_healthcare": 0.0, "gravity_shelter": 0.0, "avg_gravity": 0.16666666666666666, "min_tt_community": null, "min_tt_education": null, "min_tt_essential_services": null, "min_tt_food_and_drink": null, "min_tt_healthcare": null, "min_tt_shelter": null, "avg_tt_community": null, "avg_tt_education": null, "avg_tt_essential_services": null, "avg_tt_food_and_drink": null, "avg_tt_healthcare": null, "avg_tt_shelter": null, "avg_tt_all": null, "n_unreachable_categories": 6, "count_community": 0.0, "count_education": 0.0, "count_essential_services": 0.0, "count_food_and_drink": 1.0, "count_healthcare": 0.0, "count_shelter": 0.0, "gravity_community_per_100": 0.0, "gravity_education_per_100": 0.0, "gravity_essential_services_per_100": 0.0, "gravity_food_and_drink_per_100": 1.6315574913017641, "gravity_healthcare_per_100": 0.0, "gravity_shelter_per_100": 0.0, "shannon": 1.1412925456691193e-08, "kl_divergence": 0.77442750133451621, "jsd": 0.48757412718494225, "city_similarity": 0.51242587281505769 }, "geometry": { "type": "Polygon", "coordinates": [ [ [ 24.665802112738334, 59.488624897888812 ], [ 24.656981217896902, 59.48846705377656 ], [ 24.652300983809795, 59.492273082280462 ], [ 24.656442510973424, 59.496237422323041 ], [ 24.665265429415069, 59.496395315134471 ], [ 24.669944796730039, 59.492588819195269 ], [ 24.665802112738334, 59.488624897888812 ] ] ] } },
{ "type": "Feature", "properties": { "from_id": "182", "population": 3.9379820944997928, "gravity_community": 0.0, "gravity_education": 0.0, "gravity_essential_services": 1.0, "gravity_food_and_drink": 0.0, "gravity_healthcare": 0.0, "gravity_shelter": 0.0, "avg_gravity": 0.16666666666666666, "min_tt_community": null, "min_tt_education": null, "min_tt_essential_services": null, "min_tt_food_and_drink": null, "min_tt_healthcare": null, "min_tt_shelter": null, "avg_tt_community": null, "avg_tt_education": null, "avg_tt_essential_services": null, "avg_tt_food_and_drink": null, "avg_tt_healthcare": null, "avg_tt_shelter": null, "avg_tt_all": null, "n_unreachable_categories": 6, "count_community": 0.0, "count_education": 0.0, "count_essential_services": 1.0, "count_food_and_drink": 0.0, "count_healthcare": 0.0, "count_shelter": 0.0, "gravity_community_per_100": 0.0, "gravity_education_per_100": 0.0, "gravity_essential_services_per_100": 25.393716274045708, "gravity_food_and_drink_per_100": 0.0, "gravity_healthcare_per_100": 0.0, "gravity_shelter_per_100": 0.0, "shannon": 1.1412925456691193e-08, "kl_divergence": 2.4276372292695942, "jsd": 0.73485996320676417, "city_similarity": 0.26514003679323583 }, "geometry": { "type": "Polygon", "coordinates": [ [ [ 24.678766847855279, 59.492745795328283 ], [ 24.669944796730039, 59.492588819195269 ], [ 24.665265429415069, 59.496395315134471 ], [ 24.669408980723233, 59.500359254592993 ], [ 24.678233056102542, 59.500516279161666 ], [ 24.682911555556604, 59.496709315827324 ], [ 24.678766847855279, 59.492745795328283 ] ] ] } },
{ "type": "Feature", "properties": { "from_id": "183", "population": 0.0, "gravity_community": 0.0, "gravity_education": 0.0, "gravity_essential_services": 0.0, "gravity_food_and_drink": 1.0, "gravity_healthcare": 0.0, "gravity_shelter": 0.0, "avg_gravity": 0.16666666666666666, "min_tt_community": null, "min_tt_education": null, "min_tt_essential_services": null, "min_tt_food_and_drink": null, "min_tt_healthcare": null, "min_tt_shelter": null, "avg_tt_community": null, "avg_tt_education": null, "avg_tt_essential_services": null, "avg_tt_food_and_drink": null, "avg_tt_healthcare": null, "avg_tt_shelter": null, "avg_tt_all": null, "n_unreachable_categories": 6, "count_community": 0.0, "count_education": 0.0, "count_essential_services": 0.0, "count_food_and_drink": 1.0, "count_healthcare": 0.0, "count_shelter": 0.0, "gravity_community_per_100": 0.0, "gravity_education_per_100": 0.0, "gravity_essential_services_per_100": 0.0, "gravity_food_and_drink_per_100": 0.0, "gravity_healthcare_per_100": 0.0, "gravity_shelter_per_100": 0.0, "shannon": 1.1412925456691193e-08, "kl_divergence": 0.77442750133451621, "jsd": 0.48757412718494225, "city_similarity": 0.51242587281505769 }, "geometry": { "type": "Polygon", "coordinates": [ [ [ 24.651761119513925, 59.500043420257548 ], [ 24.656442510973424, 59.496237422323041 ], [ 24.652300983809795, 59.492273082280462 ], [ 24.643479222740471, 59.49211432152488 ], [ 24.640326234554941, 59.494677044007247 ], [ 24.648899107543656, 59.49999197539973 ], [ 24.651761119513925, 59.500043420257548 ] ] ] } },
{ "type": "Feature", "properties": { "from_id": "184", "population": 0.0, "gravity_community": 0.0, "gravity_education": 0.0, "gravity_essential_services": 0.0, "gravity_food_and_drink": 0.0, "gravity_healthcare": 0.0, "gravity_shelter": 0.0, "avg_gravity": 0.0, "min_tt_community": null, "min_tt_education": null, "min_tt_essential_services": null, "min_tt_food_and_drink": null, "min_tt_healthcare": null, "min_tt_shelter": null, "avg_tt_community": null, "avg_tt_education": null, "avg_tt_essential_services": null, "avg_tt_food_and_drink": null, "avg_tt_healthcare": null, "avg_tt_shelter": null, "avg_tt_all": null, "n_unreachable_categories": 6, "count_community": 0.0, "count_education": 0.0, "count_essential_services": 0.0, "count_food_and_drink": 0.0, "count_healthcare": 0.0, "count_shelter": 0.0, "gravity_community_per_100": 0.0, "gravity_education_per_100": 0.0, "gravity_essential_services_per_100": 0.0, "gravity_food_and_drink_per_100": 0.0, "gravity_healthcare_per_100": 0.0, "gravity_shelter_per_100": 0.0, "shannon": 1.3815510557964275e-08, "kl_divergence": 0.333576385971945, "jsd": 0.27633281748366462, "city_similarity": 0.72366718251633544 }, "geometry": { "type": "Polygon", "coordinates": [ [ [ 24.706815024389989, 59.469901197136487 ], [ 24.697998753358572, 59.469746149270613 ], [ 24.69332574059122, 59.473553700344141 ], [ 24.697469866787557, 59.477516765996967 ], [ 24.706288159026126, 59.477671861683298 ], [ 24.710960303498936, 59.473863843887614 ], [ 24.706815024389989, 59.469901197136487 ] ] ] } },
{ "type": "Feature", "properties": { "from_id": "185", "population": 0.0, "gravity_community": 0.0, "gravity_education": 0.0, "gravity_essential_services": 0.0, "gravity_food_and_drink": 1.0, "gravity_healthcare": 0.0, "gravity_shelter": 0.0, "avg_gravity": 0.16666666666666666, "min_tt_community": null, "min_tt_education": null, "min_tt_essential_services": null, "min_tt_food_and_drink": null, "min_tt_healthcare": null, "min_tt_shelter": null, "avg_tt_community": null, "avg_tt_education": null, "avg_tt_essential_services": null, "avg_tt_food_and_drink": null, "avg_tt_healthcare": null, "avg_tt_shelter": null, "avg_tt_all": null, "n_unreachable_categories": 6, "count_community": 0.0, "count_education": 0.0, "count_essential_services": 0.0, "count_food_and_drink": 1.0, "count_healthcare": 0.0, "count_shelter": 0.0, "gravity_community_per_100": 0.0, "gravity_education_per_100": 0.0, "gravity_essential_services_per_100": 0.0, "gravity_food_and_drink_per_100": 0.0, "gravity_healthcare_per_100": 0.0, "gravity_shelter_per_100": 0.0, "shannon": 1.1412925456691193e-08, "kl_divergence": 0.77442750133451621, "jsd": 0.48757412718494225, "city_similarity": 0.51242587281505769 }, "geometry": { "type": "Polygon", "coordinates": [ [ [ 24.69332574059122, 59.473553700344141 ], [ 24.684508601808641, 59.473397736872407 ], [ 24.679833567942115, 59.477204790956463 ], [ 24.6839765401389, 59.481168275414007 ], [ 24.692795700564137, 59.481324286991523 ], [ 24.697469866787557, 59.477516765996967 ], [ 24.69332574059122, 59.473553700344141 ] ] ] } },
{ "type": "Feature", "properties": { "from_id": "186", "population": 0.0, "gravity_community": 0.0, "gravity_education": 0.0, "gravity_essential_services": 1.0, "gravity_food_and_drink": 0.0, "gravity_healthcare": 0.0, "gravity_shelter": 1.3793233430654801, "avg_gravity": 0.39655389051091339, "min_tt_community": null, "min_tt_education": null, "min_tt_essential_services": null, "min_tt_food_and_drink": null, "min_tt_healthcare": null, "min_tt_shelter": 11.0, "avg_tt_community": null, "avg_tt_education": null, "avg_tt_essential_services": null, "avg_tt_food_and_drink": null, "avg_tt_healthcare": null, "avg_tt_shelter": 13.5, "avg_tt_all": 13.5, "n_unreachable_categories": 5, "count_community": 0.0, "count_education": 0.0, "count_essential_services": 1.0, "count_food_and_drink": 0.0, "count_healthcare": 0.0, "count_shelter": 2.0, "gravity_community_per_100": 0.0, "gravity_education_per_100": 0.0, "gravity_essential_services_per_100": 0.0, "gravity_food_and_drink_per_100": 0.0, "gravity_healthcare_per_100": 0.0, "gravity_shelter_per_100": 0.0, "shannon": 0.63651417745556094, "kl_divergence": 1.2032974974925581, "jsd": 0.58434072848841478, "city_similarity": 0.41565927151158522 }, "geometry": { "type": "Polygon", "coordinates": [ [ [ 24.719777726899551, 59.474018023933624 ], [ 24.710960303498936, 59.473863843887614 ], [ 24.706288159026126, 59.477671861683298 ], [ 24.710434306973088, 59.481634526197873 ], [ 24.719253752231729, 59.481788753800913 ], [ 24.723925027322942, 59.477980269323687 ], [ 24.719777726899551, 59.474018023933624 ] ] ] } },
{ "type": "Feature", "properties": { "from_id": "187", "population": 0.0, "gravity_community": 0.0, "gravity_education": 0.0, "gravity_essential_services": 0.0, "gravity_food_and_drink": 0.0, "gravity_healthcare": 0.0, "gravity_shelter": 0.44784862244280738, "avg_gravity": 0.074641437073801234, "min_tt_community": null, "min_tt_education": null, "min_tt_essential_services": null, "min_tt_food_and_drink": null, "min_tt_healthcare": null, "min_tt_shelter": 29.0, "avg_tt_community": null, "avg_tt_education": null, "avg_tt_essential_services": null, "avg_tt_food_and_drink": null, "avg_tt_healthcare": null, "avg_tt_shelter": 29.0, "avg_tt_all": 29.0, "n_unreachable_categories": 5, "count_community": 0.0, "count_education": 0.0, "count_essential_services": 0.0, "count_food_and_drink": 0.0, "count_healthcare": 0.0, "count_shelter": 1.0, "gravity_community_per_100": 0.0, "gravity_education_per_100": 0.0, "gravity_essential_services_per_100": 0.0, "gravity_food_and_drink_per_100": 0.0, "gravity_healthcare_per_100": 0.0, "gravity_shelter_per_100": 0.0, "shannon": 1.1412925456691193e-08, "kl_divergence": 1.5458988800951305, "jsd": 0.64127311075595406, "city_similarity": 0.35872688924404594 }, "geometry": { "type": "Polygon", "coordinates": [ [ [ 24.706288159026126, 59.477671861683298 ], [ 24.697469866787557, 59.477516765996967 ], [ 24.692795700564137, 59.481324286991523 ], [ 24.696940694947205, 59.485287370533797 ], [ 24.705761009480128, 59.485442514062527 ], [ 24.710434306973088, 59.481634526197873 ], [ 24.706288159026126, 59.477671861683298 ] ] ] } },
{ "type": "Feature", "properties": { "from_id": "188", "population": 0.0, "gravity_community": 0.0, "gravity_education": 0.0, "gravity_essential_services": 1.0, "gravity_food_and_drink": 0.0, "gravity_healthcare": 0.0, "gravity_shelter": 0.0, "avg_gravity": 0.16666666666666666, "min_tt_community": null, "min_tt_education": null, "min_tt_essential_services": null, "min_tt_food_and_drink": null, "min_tt_healthcare": null, "min_tt_shelter": null, "avg_tt_community": null, "avg_tt_education": null, "avg_tt_essential_services": null, "avg_tt_food_and_drink": null, "avg_tt_healthcare": null, "avg_tt_shelter": null, "avg_tt_all": null, "n_unreachable_categories": 6, "count_community": 0.0, "count_education": 0.0, "count_essential_services": 1.0, "count_food_and_drink": 0.0, "count_healthcare": 0.0, "count_shelter": 0.0, "gravity_community_per_100": 0.0, "gravity_education_per_100": 0.0, "gravity_essential_services_per_100": 0.0, "gravity_food_and_drink_per_100": 0.0, "gravity_healthcare_per_100": 0.0, "gravity_shelter_per_100": 0.0, "shannon": 1.1412925456691193e-08, "kl_divergence": 2.4276372292695942, "jsd": 0.73485996320676417, "city_similarity": 0.26514003679323583 }, "geometry": { "type": "Polygon", "coordinates": [ [ [ 24.692795700564137, 59.481324286991523 ], [ 24.6839765401389, 59.481168275414007 ], [ 24.679300351729218, 59.484975299259617 ], [ 24.683444191460634, 59.488938801732573 ], [ 24.692265374616028, 59.489094861437962 ], [ 24.696940694947205, 59.485287370533797 ], [ 24.692795700564137, 59.481324286991523 ] ] ] } },
{ "type": "Feature", "properties": { "from_id": "189", "population": 0.0, "gravity_community": 0.0, "gravity_education": 0.0, "gravity_essential_services": 0.0, "gravity_food_and_drink": 0.0, "gravity_healthcare": 1.0, "gravity_shelter": 0.69760656192668935, "avg_gravity": 0.28293442698778154, "min_tt_community": null, "min_tt_education": null, "min_tt_essential_services": null, "min_tt_food_and_drink": null, "min_tt_healthcare": null, "min_tt_shelter": 13.0, "avg_tt_community": null, "avg_tt_education": null, "avg_tt_essential_services": null, "avg_tt_food_and_drink": null, "avg_tt_healthcare": null, "avg_tt_shelter": 13.0, "avg_tt_all": 13.0, "n_unreachable_categories": 5, "count_community": 0.0, "count_education": 0.0, "count_essential_services": 0.0, "count_food_and_drink": 0.0, "count_healthcare": 1.0, "count_shelter": 1.0, "gravity_community_per_100": 0.0, "gravity_education_per_100": 0.0, "gravity_essential_services_per_100": 0.0, "gravity_food_and_drink_per_100": 0.0, "gravity_healthcare_per_100": 0.0, "gravity_shelter_per_100": 0.0, "shannon": 0.69314718970891509, "kl_divergence": 1.1930038149346698, "jsd": 0.57753849384663258, "city_similarity": 0.42246150615336742 }, "geometry": { "type": "Polygon", "coordinates": [ [ [ 24.719253752231729, 59.481788753800913 ], [ 24.710434306973088, 59.481634526197873 ], [ 24.705761009480128, 59.485442514062527 ], [ 24.709908026701431, 59.489405196351051 ], [ 24.718729494905816, 59.489559471532942 ], [ 24.723401922580447, 59.485751016838805 ], [ 24.719253752231729, 59.481788753800913 ] ] ] } },
{ "type": "Feature", "properties": { "from_id": "190", "population": 0.0, "gravity_community": 0.0, "gravity_education": 0.0, "gravity_essential_services": 1.0, "gravity_food_and_drink": 0.0, "gravity_healthcare": 0.0, "gravity_shelter": 0.59078684204088361, "avg_gravity": 0.26513114034014729, "min_tt_community": null, "min_tt_education": null, "min_tt_essential_services": null, "min_tt_food_and_drink": null, "min_tt_healthcare": null, "min_tt_shelter": 19.0, "avg_tt_community": null, "avg_tt_education": null, "avg_tt_essential_services": null, "avg_tt_food_and_drink": null, "avg_tt_healthcare": null, "avg_tt_shelter": 19.0, "avg_tt_all": 19.0, "n_unreachable_categories": 5, "count_community": 0.0, "count_education": 0.0, "count_essential_services": 1.0, "count_food_and_drink": 0.0, "count_healthcare": 0.0, "count_shelter": 1.0, "gravity_community_per_100": 0.0, "gravity_education_per_100": 0.0, "gravity_essential_services_per_100": 0.0, "gravity_food_and_drink_per_100": 0.0, "gravity_healthcare_per_100": 0.0, "gravity_shelter_per_100": 0.0, "shannon": 0.69314718970891498, "kl_divergence": 1.2936208768022612, "jsd": 0.59274664866427995, "city_similarity": 0.40725335133572005 }, "geometry": { "type": "Polygon", "coordinates": [ [ [ 24.705761009480128, 59.485442514062527 ], [ 24.696940694947205, 59.485287370533797 ], [ 24.692265374616028, 59.489094861437962 ], [ 24.696411237621632, 59.4930579628803 ], [ 24.705233575536926, 59.493213154273377 ], [ 24.709908026701431, 59.489405196351051 ], [ 24.705761009480128, 59.485442514062527 ] ] ] } },
{ "type": "Feature", "properties": { "from_id": "191", "population": 0.0, "gravity_community": 0.0, "gravity_education": 0.0, "gravity_essential_services": 0.0, "gravity_food_and_drink": 1.0, "gravity_healthcare": 0.0, "gravity_shelter": 0.0, "avg_gravity": 0.16666666666666666, "min_tt_community": null, "min_tt_education": null, "min_tt_essential_services": null, "min_tt_food_and_drink": null, "min_tt_healthcare": null, "min_tt_shelter": null, "avg_tt_community": null, "avg_tt_education": null, "avg_tt_essential_services": null, "avg_tt_food_and_drink": null, "avg_tt_healthcare": null, "avg_tt_shelter": null, "avg_tt_all": null, "n_unreachable_categories": 6, "count_community": 0.0, "count_education": 0.0, "count_essential_services": 0.0, "count_food_and_drink": 1.0, "count_healthcare": 0.0, "count_shelter": 0.0, "gravity_community_per_100": 0.0, "gravity_education_per_100": 0.0, "gravity_essential_services_per_100": 0.0, "gravity_food_and_drink_per_100": 0.0, "gravity_healthcare_per_100": 0.0, "gravity_shelter_per_100": 0.0, "shannon": 1.1412925456691193e-08, "kl_divergence": 0.77442750133451621, "jsd": 0.48757412718494225, "city_similarity": 0.51242587281505769 }, "geometry": { "type": "Polygon", "coordinates": [ [ [ 24.692265374616028, 59.489094861437962 ], [ 24.683444191460634, 59.488938801732573 ], [ 24.678766847855279, 59.492745795328283 ], [ 24.682911555556604, 59.496709315827324 ], [ 24.69173476253048, 59.496865423682692 ], [ 24.696411237621632, 59.4930579628803 ], [ 24.692265374616028, 59.489094861437962 ] ] ] } },
{ "type": "Feature", "properties": { "from_id": "192", "population": 0.0, "gravity_community": 0.0, "gravity_education": 0.0, "gravity_essential_services": 1.0, "gravity_food_and_drink": 0.0, "gravity_healthcare": 0.0, "gravity_shelter": 0.50032369501323448, "avg_gravity": 0.25005394916887241, "min_tt_community": null, "min_tt_education": null, "min_tt_essential_services": null, "min_tt_food_and_drink": null, "min_tt_healthcare": null, "min_tt_shelter": 25.0, "avg_tt_community": null, "avg_tt_education": null, "avg_tt_essential_services": null, "avg_tt_food_and_drink": null, "avg_tt_healthcare": null, "avg_tt_shelter": 25.0, "avg_tt_all": 25.0, "n_unreachable_categories": 5, "count_community": 0.0, "count_education": 0.0, "count_essential_services": 1.0, "count_food_and_drink": 0.0, "count_healthcare": 0.0, "count_shelter": 1.0, "gravity_community_per_100": 0.0, "gravity_education_per_100": 0.0, "gravity_essential_services_per_100": 0.0, "gravity_food_and_drink_per_100": 0.0, "gravity_healthcare_per_100": 0.0, "gravity_shelter_per_100": 0.0, "shannon": 0.69314718970891498, "kl_divergence": 1.2936208768022612, "jsd": 0.59274664866427995, "city_similarity": 0.40725335133572005 }, "geometry": { "type": "Polygon", "coordinates": [ [ [ 24.718729494905816, 59.489559471532942 ], [ 24.709908026701431, 59.489405196351051 ], [ 24.705233575536926, 59.493213154273377 ], [ 24.709381462469196, 59.497175854346416 ], [ 24.718204954707875, 59.497330177128987 ], [ 24.72287853561701, 59.49352175222915 ], [ 24.718729494905816, 59.489559471532942 ] ] ] } },
{ "type": "Feature", "properties": { "from_id": "193", "population": 0.0, "gravity_community": 0.0, "gravity_education": 0.0, "gravity_essential_services": 0.0, "gravity_food_and_drink": 1.0, "gravity_healthcare": 0.0, "gravity_shelter": 0.41213677770766693, "avg_gravity": 0.2353561296179445, "min_tt_community": null, "min_tt_education": null, "min_tt_essential_services": null, "min_tt_food_and_drink": null, "min_tt_healthcare": null, "min_tt_shelter": 32.0, "avg_tt_community": null, "avg_tt_education": null, "avg_tt_essential_services": null, "avg_tt_food_and_drink": null, "avg_tt_healthcare": null, "avg_tt_shelter": 32.0, "avg_tt_all": 32.0, "n_unreachable_categories": 5, "count_community": 0.0, "count_education": 0.0, "count_essential_services": 0.0, "count_food_and_drink": 1.0, "count_healthcare": 0.0, "count_shelter": 1.0, "gravity_community_per_100": 0.0, "gravity_education_per_100": 0.0, "gravity_essential_services_per_100": 0.0, "gravity_food_and_drink_per_100": 0.0, "gravity_healthcare_per_100": 0.0, "gravity_shelter_per_100": 0.0, "shannon": 0.69314718970891498, "kl_divergence": 0.46701601283472211, "jsd": 0.37819908931780277, "city_similarity": 0.62180091068219723 }, "geometry": { "type": "Polygon", "coordinates": [ [ [ 24.705233575536926, 59.493213154273377 ], [ 24.696411237621632, 59.4930579628803 ], [ 24.69173476253048, 59.496865423682692 ], [ 24.695881494594726, 59.500828543035688 ], [ 24.704705856981235, 59.500983782315053 ], [ 24.709381462469196, 59.497175854346416 ], [ 24.705233575536926, 59.493213154273377 ] ] ] } },
{ "type": "Feature", "properties": { "from_id": "194", "population": 0.0, "gravity_community": 0.0, "gravity_education": 0.0, "gravity_essential_services": 0.0, "gravity_food_and_drink": 1.0, "gravity_healthcare": 0.0, "gravity_shelter": 1.1580340035671535, "avg_gravity": 0.35967233392785891, "min_tt_community": null, "min_tt_education": null, "min_tt_essential_services": null, "min_tt_food_and_drink": null, "min_tt_healthcare": null, "min_tt_shelter": 13.0, "avg_tt_community": null, "avg_tt_education": null, "avg_tt_essential_services": null, "avg_tt_food_and_drink": null, "avg_tt_healthcare": null, "avg_tt_shelter": 20.5, "avg_tt_all": 20.5, "n_unreachable_categories": 5, "count_community": 0.0, "count_education": 0.0, "count_essential_services": 0.0, "count_food_and_drink": 1.0, "count_healthcare": 0.0, "count_shelter": 2.0, "gravity_community_per_100": 0.0, "gravity_education_per_100": 0.0, "gravity_essential_services_per_100": 0.0, "gravity_food_and_drink_per_100": 0.0, "gravity_healthcare_per_100": 0.0, "gravity_shelter_per_100": 0.0, "shannon": 0.63651417745556094, "kl_divergence": 0.65222758818086546, "jsd": 0.42363483861890811, "city_similarity": 0.57636516138109184 }, "geometry": { "type": "Polygon", "coordinates": [ [ [ 24.733264403970125, 59.470362774341275 ], [ 24.724447850057928, 59.470209509684601 ], [ 24.719777726899551, 59.474018023933624 ], [ 24.723925027322942, 59.477980269323687 ], [ 24.732743602656321, 59.478133581252131 ], [ 24.737412855782786, 59.474324600510172 ], [ 24.733264403970125, 59.470362774341275 ] ] ] } },
{ "type": "Feature", "properties": { "from_id": "195", "population": 0.0, "gravity_community": 0.0, "gravity_education": 0.0, "gravity_essential_services": 0.0, "gravity_food_and_drink": 0.0, "gravity_healthcare": 0.0, "gravity_shelter": 0.0, "avg_gravity": 0.0, "min_tt_community": null, "min_tt_education": null, "min_tt_essential_services": null, "min_tt_food_and_drink": null, "min_tt_healthcare": null, "min_tt_shelter": null, "avg_tt_community": null, "avg_tt_education": null, "avg_tt_essential_services": null, "avg_tt_food_and_drink": null, "avg_tt_healthcare": null, "avg_tt_shelter": null, "avg_tt_all": null, "n_unreachable_categories": 6, "count_community": 0.0, "count_education": 0.0, "count_essential_services": 0.0, "count_food_and_drink": 0.0, "count_healthcare": 0.0, "count_shelter": 0.0, "gravity_community_per_100": 0.0, "gravity_education_per_100": 0.0, "gravity_essential_services_per_100": 0.0, "gravity_food_and_drink_per_100": 0.0, "gravity_healthcare_per_100": 0.0, "gravity_shelter_per_100": 0.0, "shannon": 1.3815510557964275e-08, "kl_divergence": 0.333576385971945, "jsd": 0.27633281748366462, "city_similarity": 0.72366718251633544 }, "geometry": { "type": "Polygon", "coordinates": [ [ [ 24.746230560540734, 59.474476997015252 ], [ 24.737412855782786, 59.474324600510172 ], [ 24.732743602656321, 59.478133581252131 ], [ 24.736892925044472, 59.482095424942692 ], [ 24.745712651873358, 59.482247868455957 ], [ 24.748837958180154, 59.479697701598873 ], [ 24.748865376866771, 59.476991922169532 ], [ 24.746230560540734, 59.474476997015252 ] ] ] } },
{ "type": "Feature", "properties": { "from_id": "196", "population": 0.0, "gravity_community": 0.0, "gravity_education": 0.0, "gravity_essential_services": 0.0, "gravity_food_and_drink": 1.0, "gravity_healthcare": 0.0, "gravity_shelter": 0.0, "avg_gravity": 0.16666666666666666, "min_tt_community": null, "min_tt_education": null, "min_tt_essential_services": null, "min_tt_food_and_drink": null, "min_tt_healthcare": null, "min_tt_shelter": null, "avg_tt_community": null, "avg_tt_education": null, "avg_tt_essential_services": null, "avg_tt_food_and_drink": null, "avg_tt_healthcare": null, "avg_tt_shelter": null, "avg_tt_all": null, "n_unreachable_categories": 6, "count_community": 0.0, "count_education": 0.0, "count_essential_services": 0.0, "count_food_and_drink": 1.0, "count_healthcare": 0.0, "count_shelter": 0.0, "gravity_community_per_100": 0.0, "gravity_education_per_100": 0.0, "gravity_essential_services_per_100": 0.0, "gravity_food_and_drink_per_100": 0.0, "gravity_healthcare_per_100": 0.0, "gravity_shelter_per_100": 0.0, "shannon": 1.1412925456691193e-08, "kl_divergence": 0.77442750133451621, "jsd": 0.48757412718494225, "city_similarity": 0.51242587281505769 }, "geometry": { "type": "Polygon", "coordinates": [ [ [ 24.745712651873358, 59.482247868455957 ], [ 24.748782402575493, 59.485177294411542 ], [ 24.748837958180154, 59.479697701598873 ], [ 24.745712651873358, 59.482247868455957 ] ] ] } },
{ "type": "Feature", "properties": { "from_id": "197", "population": 0.0, "gravity_community": 0.0, "gravity_education": 0.0, "gravity_essential_services": 0.0, "gravity_food_and_drink": 1.0, "gravity_healthcare": 0.0, "gravity_shelter": 0.96075113665369871, "avg_gravity": 0.32679185610894979, "min_tt_community": null, "min_tt_education": null, "min_tt_essential_services": null, "min_tt_food_and_drink": null, "min_tt_healthcare": null, "min_tt_shelter": 25.0, "avg_tt_community": null, "avg_tt_education": null, "avg_tt_essential_services": null, "avg_tt_food_and_drink": null, "avg_tt_healthcare": null, "avg_tt_shelter": 26.5, "avg_tt_all": 26.5, "n_unreachable_categories": 5, "count_community": 0.0, "count_education": 0.0, "count_essential_services": 0.0, "count_food_and_drink": 1.0, "count_healthcare": 0.0, "count_shelter": 2.0, "gravity_community_per_100": 0.0, "gravity_education_per_100": 0.0, "gravity_essential_services_per_100": 0.0, "gravity_food_and_drink_per_100": 0.0, "gravity_healthcare_per_100": 0.0, "gravity_shelter_per_100": 0.0, "shannon": 0.63651417745556094, "kl_divergence": 0.65222758818086546, "jsd": 0.42363483861890811, "city_similarity": 0.57636516138109184 }, "geometry": { "type": "Polygon", "coordinates": [ [ [ 24.732743602656321, 59.478133581252131 ], [ 24.723925027322942, 59.477980269323687 ], [ 24.719253752231729, 59.481788753800913 ], [ 24.723401922580447, 59.485751016838805 ], [ 24.732222520422422, 59.485904376060724 ], [ 24.736892925044472, 59.482095424942692 ], [ 24.732743602656321, 59.478133581252131 ] ] ] } },
{ "type": "Feature", "properties": { "from_id": "198", "population": 0.0, "gravity_community": 0.0, "gravity_education": 0.0, "gravity_essential_services": 0.0, "gravity_food_and_drink": 1.0, "gravity_healthcare": 0.0, "gravity_shelter": 0.0, "avg_gravity": 0.16666666666666666, "min_tt_community": null, "min_tt_education": null, "min_tt_essential_services": null, "min_tt_food_and_drink": null, "min_tt_healthcare": null, "min_tt_shelter": null, "avg_tt_community": null, "avg_tt_education": null, "avg_tt_essential_services": null, "avg_tt_food_and_drink": null, "avg_tt_healthcare": null, "avg_tt_shelter": null, "avg_tt_all": null, "n_unreachable_categories": 6, "count_community": 0.0, "count_education": 0.0, "count_essential_services": 0.0, "count_food_and_drink": 1.0, "count_healthcare": 0.0, "count_shelter": 0.0, "gravity_community_per_100": 0.0, "gravity_education_per_100": 0.0, "gravity_essential_services_per_100": 0.0, "gravity_food_and_drink_per_100": 0.0, "gravity_healthcare_per_100": 0.0, "gravity_shelter_per_100": 0.0, "shannon": 1.1412925456691193e-08, "kl_divergence": 0.77442750133451621, "jsd": 0.48757412718494225, "city_similarity": 0.51242587281505769 }, "geometry": { "type": "Polygon", "coordinates": [ [ [ 24.745712651873358, 59.482247868455957 ], [ 24.736892925044472, 59.482095424942692 ], [ 24.732222520422422, 59.485904376060724 ], [ 24.736372713823734, 59.48986623728333 ], [ 24.745194463811497, 59.490018727826339 ], [ 24.748762821236024, 59.487107745757136 ], [ 24.748782402575493, 59.485177294411542 ], [ 24.745712651873358, 59.482247868455957 ] ] ] } },
{ "type": "Feature", "properties": { "from_id": "199", "population": 0.0, "gravity_community": 0.0, "gravity_education": 0.0, "gravity_essential_services": 0.0, "gravity_food_and_drink": 1.0, "gravity_healthcare": 0.0, "gravity_shelter": 0.44784862244280738, "avg_gravity": 0.24130810374046788, "min_tt_community": null, "min_tt_education": null, "min_tt_essential_services": null, "min_tt_food_and_drink": null, "min_tt_healthcare": null, "min_tt_shelter": 29.0, "avg_tt_community": null, "avg_tt_education": null, "avg_tt_essential_services": null, "avg_tt_food_and_drink": null, "avg_tt_healthcare": null, "avg_tt_shelter": 29.0, "avg_tt_all": 29.0, "n_unreachable_categories": 5, "count_community": 0.0, "count_education": 0.0, "count_essential_services": 0.0, "count_food_and_drink": 1.0, "count_healthcare": 0.0, "count_shelter": 1.0, "gravity_community_per_100": 0.0, "gravity_education_per_100": 0.0, "gravity_essential_services_per_100": 0.0, "gravity_food_and_drink_per_100": 0.0, "gravity_healthcare_per_100": 0.0, "gravity_shelter_per_100": 0.0, "shannon": 0.69314718970891498, "kl_divergence": 0.46701601283472211, "jsd": 0.37819908931780277, "city_similarity": 0.62180091068219723 }, "geometry": { "type": "Polygon", "coordinates": [ [ [ 24.732222520422422, 59.485904376060724 ], [ 24.723401922580447, 59.485751016838805 ], [ 24.718729494905816, 59.489559471532942 ], [ 24.72287853561701, 59.49352175222915 ], [ 24.731701157055827, 59.493675158766223 ], [ 24.736372713823734, 59.48986623728333 ], [ 24.732222520422422, 59.485904376060724 ] ] ] } },
{ "type": "Feature", "properties": { "from_id": "200", "population": 174.33800775961078, "gravity_community": 0.0, "gravity_education": 0.0, "gravity_essential_services": 0.0, "gravity_food_and_drink": 1.0, "gravity_healthcare": 0.0, "gravity_shelter": 0.0, "avg_gravity": 0.16666666666666666, "min_tt_community": null, "min_tt_education": null, "min_tt_essential_services": null, "min_tt_food_and_drink": null, "min_tt_healthcare": null, "min_tt_shelter": null, "avg_tt_community": null, "avg_tt_education": null, "avg_tt_essential_services": null, "avg_tt_food_and_drink": null, "avg_tt_healthcare": null, "avg_tt_shelter": null, "avg_tt_all": null, "n_unreachable_categories": 6, "count_community": 0.0, "count_education": 0.0, "count_essential_services": 0.0, "count_food_and_drink": 1.0, "count_healthcare": 0.0, "count_shelter": 0.0, "gravity_community_per_100": 0.0, "gravity_education_per_100": 0.0, "gravity_essential_services_per_100": 0.0, "gravity_food_and_drink_per_100": 0.57359838674930186, "gravity_healthcare_per_100": 0.0, "gravity_shelter_per_100": 0.0, "shannon": 1.1412925456691193e-08, "kl_divergence": 0.77442750133451621, "jsd": 0.48757412718494225, "city_similarity": 0.51242587281505769 }, "geometry": { "type": "Polygon", "coordinates": [ [ [ 24.745194463811497, 59.490018727826339 ], [ 24.748699342257353, 59.493362656828296 ], [ 24.748762821236024, 59.487107745757136 ], [ 24.745194463811497, 59.490018727826339 ] ] ] } },
{ "type": "Feature", "properties": { "from_id": "201", "population": 11.748753450093202, "gravity_community": 0.0, "gravity_education": 0.0, "gravity_essential_services": 0.0, "gravity_food_and_drink": 1.0, "gravity_healthcare": 0.0, "gravity_shelter": 0.0, "avg_gravity": 0.16666666666666666, "min_tt_community": null, "min_tt_education": null, "min_tt_essential_services": null, "min_tt_food_and_drink": null, "min_tt_healthcare": null, "min_tt_shelter": null, "avg_tt_community": null, "avg_tt_education": null, "avg_tt_essential_services": null, "avg_tt_food_and_drink": null, "avg_tt_healthcare": null, "avg_tt_shelter": null, "avg_tt_all": null, "n_unreachable_categories": 6, "count_community": 0.0, "count_education": 0.0, "count_essential_services": 0.0, "count_food_and_drink": 1.0, "count_healthcare": 0.0, "count_shelter": 0.0, "gravity_community_per_100": 0.0, "gravity_education_per_100": 0.0, "gravity_essential_services_per_100": 0.0, "gravity_food_and_drink_per_100": 8.5115412817865117, "gravity_healthcare_per_100": 0.0, "gravity_shelter_per_100": 0.0, "shannon": 1.1412925456691193e-08, "kl_divergence": 0.77442750133451621, "jsd": 0.48757412718494225, "city_similarity": 0.51242587281505769 }, "geometry": { "type": "Polygon", "coordinates": [ [ [ 24.745194463811497, 59.490018727826339 ], [ 24.736372713823734, 59.48986623728333 ], [ 24.731701157055827, 59.493675158766223 ], [ 24.735852221908264, 59.497637037531383 ], [ 24.744675996143659, 59.497789575125708 ], [ 24.748687613779381, 59.494517781863557 ], [ 24.748699342257353, 59.493362656828296 ], [ 24.745194463811497, 59.490018727826339 ] ] ] } },
{ "type": "Feature", "properties": { "from_id": "202", "population": 21.845753188761069, "gravity_community": 0.0, "gravity_education": 0.0, "gravity_essential_services": 0.0, "gravity_food_and_drink": 1.0, "gravity_healthcare": 0.0, "gravity_shelter": 0.0, "avg_gravity": 0.16666666666666666, "min_tt_community": null, "min_tt_education": null, "min_tt_essential_services": null, "min_tt_food_and_drink": null, "min_tt_healthcare": null, "min_tt_shelter": null, "avg_tt_community": null, "avg_tt_education": null, "avg_tt_essential_services": null, "avg_tt_food_and_drink": null, "avg_tt_healthcare": null, "avg_tt_shelter": null, "avg_tt_all": null, "n_unreachable_categories": 6, "count_community": 0.0, "count_education": 0.0, "count_essential_services": 0.0, "count_food_and_drink": 1.0, "count_healthcare": 0.0, "count_shelter": 0.0, "gravity_community_per_100": 0.0, "gravity_education_per_100": 0.0, "gravity_essential_services_per_100": 0.0, "gravity_food_and_drink_per_100": 4.5775487407523556, "gravity_healthcare_per_100": 0.0, "gravity_shelter_per_100": 0.0, "shannon": 1.1412925456691193e-08, "kl_divergence": 0.77442750133451621, "jsd": 0.48757412718494225, "city_similarity": 0.51242587281505769 }, "geometry": { "type": "Polygon", "coordinates": [ [ [ 24.744675996143659, 59.497789575125708 ], [ 24.74861619585597, 59.5015480094211 ], [ 24.748687613779381, 59.494517781863557 ], [ 24.744675996143659, 59.497789575125708 ] ] ] } },
{ "type": "Feature", "properties": { "from_id": "203", "population": 1.3031905977152245, "gravity_community": 0.0, "gravity_education": 0.0, "gravity_essential_services": 0.0, "gravity_food_and_drink": 0.0, "gravity_healthcare": 0.0, "gravity_shelter": 0.0, "avg_gravity": 0.0, "min_tt_community": null, "min_tt_education": null, "min_tt_essential_services": null, "min_tt_food_and_drink": null, "min_tt_healthcare": null, "min_tt_shelter": null, "avg_tt_community": null, "avg_tt_education": null, "avg_tt_essential_services": null, "avg_tt_food_and_drink": null, "avg_tt_healthcare": null, "avg_tt_shelter": null, "avg_tt_all": null, "n_unreachable_categories": 6, "count_community": 0.0, "count_education": 0.0, "count_essential_services": 0.0, "count_food_and_drink": 0.0, "count_healthcare": 0.0, "count_shelter": 0.0, "gravity_community_per_100": 0.0, "gravity_education_per_100": 0.0, "gravity_essential_services_per_100": 0.0, "gravity_food_and_drink_per_100": 0.0, "gravity_healthcare_per_100": 0.0, "gravity_shelter_per_100": 0.0, "shannon": 1.3815510557964275e-08, "kl_divergence": 0.333576385971945, "jsd": 0.27633281748366462, "city_similarity": 0.72366718251633544 }, "geometry": { "type": "Polygon", "coordinates": [ [ [ 24.731701157055827, 59.493675158766223 ], [ 24.72287853561701, 59.49352175222915 ], [ 24.718204954707875, 59.497330177128987 ], [ 24.722354866218986, 59.501292475494026 ], [ 24.731179512343708, 59.501445929367975 ], [ 24.735852221908264, 59.497637037531383 ], [ 24.731701157055827, 59.493675158766223 ] ] ] } },
{ "type": "Feature", "properties": { "from_id": "204", "population": 13.175558433468076, "gravity_community": 0.0, "gravity_education": 0.0, "gravity_essential_services": 1.0, "gravity_food_and_drink": 0.0, "gravity_healthcare": 0.0, "gravity_shelter": 0.0, "avg_gravity": 0.16666666666666666, "min_tt_community": null, "min_tt_education": null, "min_tt_essential_services": null, "min_tt_food_and_drink": null, "min_tt_healthcare": null, "min_tt_shelter": null, "avg_tt_community": null, "avg_tt_education": null, "avg_tt_essential_services": null, "avg_tt_food_and_drink": null, "avg_tt_healthcare": null, "avg_tt_shelter": null, "avg_tt_all": null, "n_unreachable_categories": 6, "count_community": 0.0, "count_education": 0.0, "count_essential_services": 1.0, "count_food_and_drink": 0.0, "count_healthcare": 0.0, "count_shelter": 0.0, "gravity_community_per_100": 0.0, "gravity_education_per_100": 0.0, "gravity_essential_services_per_100": 7.5898111267894057, "gravity_food_and_drink_per_100": 0.0, "gravity_healthcare_per_100": 0.0, "gravity_shelter_per_100": 0.0, "shannon": 1.1412925456691193e-08, "kl_divergence": 2.4276372292695942, "jsd": 0.73485996320676417, "city_similarity": 0.26514003679323583 }, "geometry": { "type": "Polygon", "coordinates": [ [ [ 24.665265429415069, 59.496395315134471 ], [ 24.656442510973424, 59.496237422323041 ], [ 24.651761119513925, 59.500043420257548 ], [ 24.655903513339751, 59.504007778578128 ], [ 24.664728456470524, 59.504165720111033 ], [ 24.669408980723233, 59.500359254592993 ], [ 24.665265429415069, 59.496395315134471 ] ] ] } },
{ "type": "Feature", "properties": { "from_id": "205", "population": 0.032107331752180689, "gravity_community": 0.0, "gravity_education": 0.0, "gravity_essential_services": 0.0, "gravity_food_and_drink": 1.0, "gravity_healthcare": 0.0, "gravity_shelter": 0.0, "avg_gravity": 0.16666666666666666, "min_tt_community": null, "min_tt_education": null, "min_tt_essential_services": null, "min_tt_food_and_drink": null, "min_tt_healthcare": null, "min_tt_shelter": null, "avg_tt_community": null, "avg_tt_education": null, "avg_tt_essential_services": null, "avg_tt_food_and_drink": null, "avg_tt_healthcare": null, "avg_tt_shelter": null, "avg_tt_all": null, "n_unreachable_categories": 6, "count_community": 0.0, "count_education": 0.0, "count_essential_services": 0.0, "count_food_and_drink": 1.0, "count_healthcare": 0.0, "count_shelter": 0.0, "gravity_community_per_100": 0.0, "gravity_education_per_100": 0.0, "gravity_essential_services_per_100": 0.0, "gravity_food_and_drink_per_100": 3114.5534226215523, "gravity_healthcare_per_100": 0.0, "gravity_shelter_per_100": 0.0, "shannon": 1.1412925456691193e-08, "kl_divergence": 0.77442750133451621, "jsd": 0.48757412718494225, "city_similarity": 0.51242587281505769 }, "geometry": { "type": "Polygon", "coordinates": [ [ [ 24.678233056102542, 59.500516279161666 ], [ 24.669408980723233, 59.500359254592993 ], [ 24.664728456470524, 59.504165720111033 ], [ 24.668872875530223, 59.508129677732342 ], [ 24.677698976253037, 59.50828675075892 ], [ 24.682378632209364, 59.504479817697458 ], [ 24.678233056102542, 59.500516279161666 ] ] ] } },
{ "type": "Feature", "properties": { "from_id": "206", "population": 0.0, "gravity_community": 0.0, "gravity_education": 0.0, "gravity_essential_services": 0.0, "gravity_food_and_drink": 1.0, "gravity_healthcare": 0.0, "gravity_shelter": 0.0, "avg_gravity": 0.16666666666666666, "min_tt_community": null, "min_tt_education": null, "min_tt_essential_services": null, "min_tt_food_and_drink": null, "min_tt_healthcare": null, "min_tt_shelter": null, "avg_tt_community": null, "avg_tt_education": null, "avg_tt_essential_services": null, "avg_tt_food_and_drink": null, "avg_tt_healthcare": null, "avg_tt_shelter": null, "avg_tt_all": null, "n_unreachable_categories": 6, "count_community": 0.0, "count_education": 0.0, "count_essential_services": 0.0, "count_food_and_drink": 1.0, "count_healthcare": 0.0, "count_shelter": 0.0, "gravity_community_per_100": 0.0, "gravity_education_per_100": 0.0, "gravity_essential_services_per_100": 0.0, "gravity_food_and_drink_per_100": 0.0, "gravity_healthcare_per_100": 0.0, "gravity_shelter_per_100": 0.0, "shannon": 1.1412925456691193e-08, "kl_divergence": 0.77442750133451621, "jsd": 0.48757412718494225, "city_similarity": 0.51242587281505769 }, "geometry": { "type": "Polygon", "coordinates": [ [ [ 24.655903513339751, 59.504007778578128 ], [ 24.651761119513925, 59.500043420257548 ], [ 24.648899107543656, 59.49999197539973 ], [ 24.655676588022359, 59.504192247001164 ], [ 24.655903513339751, 59.504007778578128 ] ] ] } },
{ "type": "Feature", "properties": { "from_id": "207", "population": 0.0, "gravity_community": 0.0, "gravity_education": 0.0, "gravity_essential_services": 0.0, "gravity_food_and_drink": 0.0, "gravity_healthcare": 0.0, "gravity_shelter": 0.0, "avg_gravity": 0.0, "min_tt_community": null, "min_tt_education": null, "min_tt_essential_services": null, "min_tt_food_and_drink": null, "min_tt_healthcare": null, "min_tt_shelter": null, "avg_tt_community": null, "avg_tt_education": null, "avg_tt_essential_services": null, "avg_tt_food_and_drink": null, "avg_tt_healthcare": null, "avg_tt_shelter": null, "avg_tt_all": null, "n_unreachable_categories": 6, "count_community": 0.0, "count_education": 0.0, "count_essential_services": 0.0, "count_food_and_drink": 0.0, "count_healthcare": 0.0, "count_shelter": 0.0, "gravity_community_per_100": 0.0, "gravity_education_per_100": 0.0, "gravity_essential_services_per_100": 0.0, "gravity_food_and_drink_per_100": 0.0, "gravity_healthcare_per_100": 0.0, "gravity_shelter_per_100": 0.0, "shannon": 1.3815510557964275e-08, "kl_divergence": 0.333576385971945, "jsd": 0.27633281748366462, "city_similarity": 0.72366718251633544 }, "geometry": { "type": "Polygon", "coordinates": [ [ [ 24.668872875530223, 59.508129677732342 ], [ 24.664728456470524, 59.504165720111033 ], [ 24.655903513339751, 59.504007778578128 ], [ 24.655676588022359, 59.504192247001164 ], [ 24.665914948978301, 59.510534736772172 ], [ 24.668872875530223, 59.508129677732342 ] ] ] } },
{ "type": "Feature", "properties": { "from_id": "208", "population": 0.0, "gravity_community": 0.0, "gravity_education": 0.0, "gravity_essential_services": 1.0, "gravity_food_and_drink": 0.0, "gravity_healthcare": 0.0, "gravity_shelter": 0.0, "avg_gravity": 0.16666666666666666, "min_tt_community": null, "min_tt_education": null, "min_tt_essential_services": null, "min_tt_food_and_drink": null, "min_tt_healthcare": null, "min_tt_shelter": null, "avg_tt_community": null, "avg_tt_education": null, "avg_tt_essential_services": null, "avg_tt_food_and_drink": null, "avg_tt_healthcare": null, "avg_tt_shelter": null, "avg_tt_all": null, "n_unreachable_categories": 6, "count_community": 0.0, "count_education": 0.0, "count_essential_services": 1.0, "count_food_and_drink": 0.0, "count_healthcare": 0.0, "count_shelter": 0.0, "gravity_community_per_100": 0.0, "gravity_education_per_100": 0.0, "gravity_essential_services_per_100": 0.0, "gravity_food_and_drink_per_100": 0.0, "gravity_healthcare_per_100": 0.0, "gravity_shelter_per_100": 0.0, "shannon": 1.1412925456691193e-08, "kl_divergence": 2.4276372292695942, "jsd": 0.73485996320676417, "city_similarity": 0.26514003679323583 }, "geometry": { "type": "Polygon", "coordinates": [ [ [ 24.677164608088574, 59.516057210119207 ], [ 24.681845421201245, 59.512250307342107 ], [ 24.677698976253037, 59.50828675075892 ], [ 24.668872875530223, 59.508129677732342 ], [ 24.665914948978301, 59.510534736772172 ], [ 24.674764857259504, 59.516014558862032 ], [ 24.677164608088574, 59.516057210119207 ] ] ] } },
{ "type": "Feature", "properties": { "from_id": "209", "population": 0.0, "gravity_community": 0.0, "gravity_education": 0.0, "gravity_essential_services": 0.0, "gravity_food_and_drink": 0.0, "gravity_healthcare": 0.0, "gravity_shelter": 0.0, "avg_gravity": 0.0, "min_tt_community": null, "min_tt_education": null, "min_tt_essential_services": null, "min_tt_food_and_drink": null, "min_tt_healthcare": null, "min_tt_shelter": null, "avg_tt_community": null, "avg_tt_education": null, "avg_tt_essential_services": null, "avg_tt_food_and_drink": null, "avg_tt_healthcare": null, "avg_tt_shelter": null, "avg_tt_all": null, "n_unreachable_categories": 6, "count_community": 0.0, "count_education": 0.0, "count_essential_services": 0.0, "count_food_and_drink": 0.0, "count_healthcare": 0.0, "count_shelter": 0.0, "gravity_community_per_100": 0.0, "gravity_education_per_100": 0.0, "gravity_essential_services_per_100": 0.0, "gravity_food_and_drink_per_100": 0.0, "gravity_healthcare_per_100": 0.0, "gravity_shelter_per_100": 0.0, "shannon": 1.3815510557964275e-08, "kl_divergence": 0.333576385971945, "jsd": 0.27633281748366462, "city_similarity": 0.72366718251633544 }, "geometry": { "type": "Polygon", "coordinates": [ [ [ 24.681311922314347, 59.520020784760511 ], [ 24.677164608088574, 59.516057210119207 ], [ 24.674764857259504, 59.516014558862032 ], [ 24.681279683330406, 59.520047001571065 ], [ 24.681311922314347, 59.520020784760511 ] ] ] } },
{ "type": "Feature", "properties": { "from_id": "210", "population": 14.420711558024699, "gravity_community": 0.0, "gravity_education": 0.0, "gravity_essential_services": 0.0, "gravity_food_and_drink": 1.0, "gravity_healthcare": 0.0, "gravity_shelter": 0.0, "avg_gravity": 0.16666666666666666, "min_tt_community": null, "min_tt_education": null, "min_tt_essential_services": null, "min_tt_food_and_drink": null, "min_tt_healthcare": null, "min_tt_shelter": null, "avg_tt_community": null, "avg_tt_education": null, "avg_tt_essential_services": null, "avg_tt_food_and_drink": null, "avg_tt_healthcare": null, "avg_tt_shelter": null, "avg_tt_all": null, "n_unreachable_categories": 6, "count_community": 0.0, "count_education": 0.0, "count_essential_services": 0.0, "count_food_and_drink": 1.0, "count_healthcare": 0.0, "count_shelter": 0.0, "gravity_community_per_100": 0.0, "gravity_education_per_100": 0.0, "gravity_essential_services_per_100": 0.0, "gravity_food_and_drink_per_100": 6.934470577102207, "gravity_healthcare_per_100": 0.0, "gravity_shelter_per_100": 0.0, "shannon": 1.1412925456691193e-08, "kl_divergence": 0.77442750133451621, "jsd": 0.48757412718494225, "city_similarity": 0.51242587281505769 }, "geometry": { "type": "Polygon", "coordinates": [ [ [ 24.69173476253048, 59.496865423682692 ], [ 24.682911555556604, 59.496709315827324 ], [ 24.678233056102542, 59.500516279161666 ], [ 24.682378632209364, 59.504479817697458 ], [ 24.691203864090863, 59.504635973724881 ], [ 24.695881494594726, 59.500828543035688 ], [ 24.69173476253048, 59.496865423682692 ] ] ] } },
{ "type": "Feature", "properties": { "from_id": "211", "population": 0.0, "gravity_community": 0.0, "gravity_education": 0.0, "gravity_essential_services": 0.0, "gravity_food_and_drink": 0.0, "gravity_healthcare": 0.0, "gravity_shelter": 0.0, "avg_gravity": 0.0, "min_tt_community": null, "min_tt_education": null, "min_tt_essential_services": null, "min_tt_food_and_drink": null, "min_tt_healthcare": null, "min_tt_shelter": null, "avg_tt_community": null, "avg_tt_education": null, "avg_tt_essential_services": null, "avg_tt_food_and_drink": null, "avg_tt_healthcare": null, "avg_tt_shelter": null, "avg_tt_all": null, "n_unreachable_categories": 6, "count_community": 0.0, "count_education": 0.0, "count_essential_services": 0.0, "count_food_and_drink": 0.0, "count_healthcare": 0.0, "count_shelter": 0.0, "gravity_community_per_100": 0.0, "gravity_education_per_100": 0.0, "gravity_essential_services_per_100": 0.0, "gravity_food_and_drink_per_100": 0.0, "gravity_healthcare_per_100": 0.0, "gravity_shelter_per_100": 0.0, "shannon": 1.3815510557964275e-08, "kl_divergence": 0.333576385971945, "jsd": 0.27633281748366462, "city_similarity": 0.72366718251633544 }, "geometry": { "type": "Polygon", "coordinates": [ [ [ 24.718204954707875, 59.497330177128987 ], [ 24.709381462469196, 59.497175854346416 ], [ 24.704705856981235, 59.500983782315053 ], [ 24.708854614061401, 59.504946500183195 ], [ 24.71768013142373, 59.505100870588272 ], [ 24.722354866218986, 59.501292475494026 ], [ 24.718204954707875, 59.497330177128987 ] ] ] } },
{ "type": "Feature", "properties": { "from_id": "212", "population": 0.0, "gravity_community": 0.0, "gravity_education": 0.0, "gravity_essential_services": 0.0, "gravity_food_and_drink": 0.0, "gravity_healthcare": 0.0, "gravity_shelter": 0.0, "avg_gravity": 0.0, "min_tt_community": null, "min_tt_education": null, "min_tt_essential_services": null, "min_tt_food_and_drink": null, "min_tt_healthcare": null, "min_tt_shelter": null, "avg_tt_community": null, "avg_tt_education": null, "avg_tt_essential_services": null, "avg_tt_food_and_drink": null, "avg_tt_healthcare": null, "avg_tt_shelter": null, "avg_tt_all": null, "n_unreachable_categories": 6, "count_community": 0.0, "count_education": 0.0, "count_essential_services": 0.0, "count_food_and_drink": 0.0, "count_healthcare": 0.0, "count_shelter": 0.0, "gravity_community_per_100": 0.0, "gravity_education_per_100": 0.0, "gravity_essential_services_per_100": 0.0, "gravity_food_and_drink_per_100": 0.0, "gravity_healthcare_per_100": 0.0, "gravity_shelter_per_100": 0.0, "shannon": 1.3815510557964275e-08, "kl_divergence": 0.333576385971945, "jsd": 0.27633281748366462, "city_similarity": 0.72366718251633544 }, "geometry": { "type": "Polygon", "coordinates": [ [ [ 24.704705856981235, 59.500983782315053 ], [ 24.695881494594726, 59.500828543035688 ], [ 24.691203864090863, 59.504635973724881 ], [ 24.695351465650159, 59.508599110999128 ], [ 24.704177853597546, 59.508754398186802 ], [ 24.708854614061401, 59.504946500183195 ], [ 24.704705856981235, 59.500983782315053 ] ] ] } },
{ "type": "Feature", "properties": { "from_id": "213", "population": 0.0, "gravity_community": 0.0, "gravity_education": 0.0, "gravity_essential_services": 0.0, "gravity_food_and_drink": 0.0, "gravity_healthcare": 0.0, "gravity_shelter": 0.0, "avg_gravity": 0.0, "min_tt_community": null, "min_tt_education": null, "min_tt_essential_services": null, "min_tt_food_and_drink": null, "min_tt_healthcare": null, "min_tt_shelter": null, "avg_tt_community": null, "avg_tt_education": null, "avg_tt_essential_services": null, "avg_tt_food_and_drink": null, "avg_tt_healthcare": null, "avg_tt_shelter": null, "avg_tt_all": null, "n_unreachable_categories": 6, "count_community": 0.0, "count_education": 0.0, "count_essential_services": 0.0, "count_food_and_drink": 0.0, "count_healthcare": 0.0, "count_shelter": 0.0, "gravity_community_per_100": 0.0, "gravity_education_per_100": 0.0, "gravity_essential_services_per_100": 0.0, "gravity_food_and_drink_per_100": 0.0, "gravity_healthcare_per_100": 0.0, "gravity_shelter_per_100": 0.0, "shannon": 1.3815510557964275e-08, "kl_divergence": 0.333576385971945, "jsd": 0.27633281748366462, "city_similarity": 0.72366718251633544 }, "geometry": { "type": "Polygon", "coordinates": [ [ [ 24.691203864090863, 59.504635973724881 ], [ 24.682378632209364, 59.504479817697458 ], [ 24.677698976253037, 59.50828675075892 ], [ 24.681845421201245, 59.512250307342107 ], [ 24.690672679080325, 59.512406511563697 ], [ 24.695351465650159, 59.508599110999128 ], [ 24.691203864090863, 59.504635973724881 ] ] ] } },
{ "type": "Feature", "properties": { "from_id": "214", "population": 0.0, "gravity_community": 0.0, "gravity_education": 0.0, "gravity_essential_services": 1.0, "gravity_food_and_drink": 0.0, "gravity_healthcare": 0.0, "gravity_shelter": 0.0, "avg_gravity": 0.16666666666666666, "min_tt_community": null, "min_tt_education": null, "min_tt_essential_services": null, "min_tt_food_and_drink": null, "min_tt_healthcare": null, "min_tt_shelter": null, "avg_tt_community": null, "avg_tt_education": null, "avg_tt_essential_services": null, "avg_tt_food_and_drink": null, "avg_tt_healthcare": null, "avg_tt_shelter": null, "avg_tt_all": null, "n_unreachable_categories": 6, "count_community": 0.0, "count_education": 0.0, "count_essential_services": 1.0, "count_food_and_drink": 0.0, "count_healthcare": 0.0, "count_shelter": 0.0, "gravity_community_per_100": 0.0, "gravity_education_per_100": 0.0, "gravity_essential_services_per_100": 0.0, "gravity_food_and_drink_per_100": 0.0, "gravity_healthcare_per_100": 0.0, "gravity_shelter_per_100": 0.0, "shannon": 1.1412925456691193e-08, "kl_divergence": 2.4276372292695942, "jsd": 0.73485996320676417, "city_similarity": 0.26514003679323583 }, "geometry": { "type": "Polygon", "coordinates": [ [ [ 24.71768013142373, 59.505100870588272 ], [ 24.708854614061401, 59.504946500183195 ], [ 24.704177853597546, 59.508754398186802 ], [ 24.708327481262835, 59.512717133860569 ], [ 24.717155024838998, 59.512871551910045 ], [ 24.721830914172507, 59.509063186632666 ], [ 24.71768013142373, 59.505100870588272 ] ] ] } },
{ "type": "Feature", "properties": { "from_id": "215", "population": 0.0, "gravity_community": 0.0, "gravity_education": 0.0, "gravity_essential_services": 0.0, "gravity_food_and_drink": 0.0, "gravity_healthcare": 0.0, "gravity_shelter": 0.0, "avg_gravity": 0.0, "min_tt_community": null, "min_tt_education": null, "min_tt_essential_services": null, "min_tt_food_and_drink": null, "min_tt_healthcare": null, "min_tt_shelter": null, "avg_tt_community": null, "avg_tt_education": null, "avg_tt_essential_services": null, "avg_tt_food_and_drink": null, "avg_tt_healthcare": null, "avg_tt_shelter": null, "avg_tt_all": null, "n_unreachable_categories": 6, "count_community": 0.0, "count_education": 0.0, "count_essential_services": 0.0, "count_food_and_drink": 0.0, "count_healthcare": 0.0, "count_shelter": 0.0, "gravity_community_per_100": 0.0, "gravity_education_per_100": 0.0, "gravity_essential_services_per_100": 0.0, "gravity_food_and_drink_per_100": 0.0, "gravity_healthcare_per_100": 0.0, "gravity_shelter_per_100": 0.0, "shannon": 1.3815510557964275e-08, "kl_divergence": 0.333576385971945, "jsd": 0.27633281748366462, "city_similarity": 0.72366718251633544 }, "geometry": { "type": "Polygon", "coordinates": [ [ [ 24.704177853597546, 59.508754398186802 ], [ 24.695351465650159, 59.508599110999128 ], [ 24.690672679080325, 59.512406511563697 ], [ 24.694821150571379, 59.516369666769876 ], [ 24.703649565170132, 59.516525001887821 ], [ 24.708327481262835, 59.512717133860569 ], [ 24.704177853597546, 59.508754398186802 ] ] ] } },
{ "type": "Feature", "properties": { "from_id": "216", "population": 0.0, "gravity_community": 0.0, "gravity_education": 0.0, "gravity_essential_services": 0.0, "gravity_food_and_drink": 0.0, "gravity_healthcare": 0.0, "gravity_shelter": 0.0, "avg_gravity": 0.0, "min_tt_community": null, "min_tt_education": null, "min_tt_essential_services": null, "min_tt_food_and_drink": null, "min_tt_healthcare": null, "min_tt_shelter": null, "avg_tt_community": null, "avg_tt_education": null, "avg_tt_essential_services": null, "avg_tt_food_and_drink": null, "avg_tt_healthcare": null, "avg_tt_shelter": null, "avg_tt_all": null, "n_unreachable_categories": 6, "count_community": 0.0, "count_education": 0.0, "count_essential_services": 0.0, "count_food_and_drink": 0.0, "count_healthcare": 0.0, "count_shelter": 0.0, "gravity_community_per_100": 0.0, "gravity_education_per_100": 0.0, "gravity_essential_services_per_100": 0.0, "gravity_food_and_drink_per_100": 0.0, "gravity_healthcare_per_100": 0.0, "gravity_shelter_per_100": 0.0, "shannon": 1.3815510557964275e-08, "kl_divergence": 0.333576385971945, "jsd": 0.27633281748366462, "city_similarity": 0.72366718251633544 }, "geometry": { "type": "Polygon", "coordinates": [ [ [ 24.690672679080325, 59.512406511563697 ], [ 24.681845421201245, 59.512250307342107 ], [ 24.677164608088574, 59.516057210119207 ], [ 24.681311922314347, 59.520020784760511 ], [ 24.690141207281801, 59.520177037198366 ], [ 24.694821150571379, 59.516369666769876 ], [ 24.690672679080325, 59.512406511563697 ] ] ] } },
{ "type": "Feature", "properties": { "from_id": "217", "population": 0.0, "gravity_community": 0.0, "gravity_education": 0.0, "gravity_essential_services": 0.0, "gravity_food_and_drink": 1.0, "gravity_healthcare": 0.0, "gravity_shelter": 0.0, "avg_gravity": 0.16666666666666666, "min_tt_community": null, "min_tt_education": null, "min_tt_essential_services": null, "min_tt_food_and_drink": null, "min_tt_healthcare": null, "min_tt_shelter": null, "avg_tt_community": null, "avg_tt_education": null, "avg_tt_essential_services": null, "avg_tt_food_and_drink": null, "avg_tt_healthcare": null, "avg_tt_shelter": null, "avg_tt_all": null, "n_unreachable_categories": 6, "count_community": 0.0, "count_education": 0.0, "count_essential_services": 0.0, "count_food_and_drink": 1.0, "count_healthcare": 0.0, "count_shelter": 0.0, "gravity_community_per_100": 0.0, "gravity_education_per_100": 0.0, "gravity_essential_services_per_100": 0.0, "gravity_food_and_drink_per_100": 0.0, "gravity_healthcare_per_100": 0.0, "gravity_shelter_per_100": 0.0, "shannon": 1.1412925456691193e-08, "kl_divergence": 0.77442750133451621, "jsd": 0.48757412718494225, "city_similarity": 0.51242587281505769 }, "geometry": { "type": "Polygon", "coordinates": [ [ [ 24.703649565170132, 59.516525001887821 ], [ 24.694821150571379, 59.516369666769876 ], [ 24.690141207281801, 59.520177037198366 ], [ 24.69429054914162, 59.52414021034707 ], [ 24.703120991483047, 59.524295593417321 ], [ 24.707800063858073, 59.520487755377836 ], [ 24.703649565170132, 59.516525001887821 ] ] ] } },
{ "type": "Feature", "properties": { "from_id": "218", "population": 0.0, "gravity_community": 0.0, "gravity_education": 0.0, "gravity_essential_services": 1.0, "gravity_food_and_drink": 0.0, "gravity_healthcare": 0.0, "gravity_shelter": 0.0, "avg_gravity": 0.16666666666666666, "min_tt_community": null, "min_tt_education": null, "min_tt_essential_services": null, "min_tt_food_and_drink": null, "min_tt_healthcare": null, "min_tt_shelter": null, "avg_tt_community": null, "avg_tt_education": null, "avg_tt_essential_services": null, "avg_tt_food_and_drink": null, "avg_tt_healthcare": null, "avg_tt_shelter": null, "avg_tt_all": null, "n_unreachable_categories": 6, "count_community": 0.0, "count_education": 0.0, "count_essential_services": 1.0, "count_food_and_drink": 0.0, "count_healthcare": 0.0, "count_shelter": 0.0, "gravity_community_per_100": 0.0, "gravity_education_per_100": 0.0, "gravity_essential_services_per_100": 0.0, "gravity_food_and_drink_per_100": 0.0, "gravity_healthcare_per_100": 0.0, "gravity_shelter_per_100": 0.0, "shannon": 1.1412925456691193e-08, "kl_divergence": 2.4276372292695942, "jsd": 0.73485996320676417, "city_similarity": 0.26514003679323583 }, "geometry": { "type": "Polygon", "coordinates": [ [ [ 24.69429054914162, 59.52414021034707 ], [ 24.690141207281801, 59.520177037198366 ], [ 24.681311922314347, 59.520020784760511 ], [ 24.681279683330406, 59.520047001571065 ], [ 24.69152763773371, 59.526387530644442 ], [ 24.69429054914162, 59.52414021034707 ] ] ] } },
{ "type": "Feature", "properties": { "from_id": "219", "population": 0.0, "gravity_community": 0.0, "gravity_education": 1.0, "gravity_essential_services": 0.0, "gravity_food_and_drink": 0.0, "gravity_healthcare": 0.0, "gravity_shelter": 0.0, "avg_gravity": 0.16666666666666666, "min_tt_community": null, "min_tt_education": null, "min_tt_essential_services": null, "min_tt_food_and_drink": null, "min_tt_healthcare": null, "min_tt_shelter": null, "avg_tt_community": null, "avg_tt_education": null, "avg_tt_essential_services": null, "avg_tt_food_and_drink": null, "avg_tt_healthcare": null, "avg_tt_shelter": null, "avg_tt_all": null, "n_unreachable_categories": 6, "count_community": 0.0, "count_education": 1.0, "count_essential_services": 0.0, "count_food_and_drink": 0.0, "count_healthcare": 0.0, "count_shelter": 0.0, "gravity_community_per_100": 0.0, "gravity_education_per_100": 0.0, "gravity_essential_services_per_100": 0.0, "gravity_food_and_drink_per_100": 0.0, "gravity_healthcare_per_100": 0.0, "gravity_shelter_per_100": 0.0, "shannon": 1.1412925456691193e-08, "kl_divergence": 2.3203916990955857, "jsd": 0.72644371524357176, "city_similarity": 0.27355628475642824 }, "geometry": { "type": "Polygon", "coordinates": [ [ [ 24.702592132320117, 59.532066172774499 ], [ 24.707272361631471, 59.528258364734135 ], [ 24.703120991483047, 59.524295593417321 ], [ 24.69429054914162, 59.52414021034707 ], [ 24.69152763773371, 59.526387530644442 ], [ 24.70065509854826, 59.532032136616493 ], [ 24.702592132320117, 59.532066172774499 ] ] ] } },
{ "type": "Feature", "properties": { "from_id": "220", "population": 0.0, "gravity_community": 0.0, "gravity_education": 0.0, "gravity_essential_services": 0.0, "gravity_food_and_drink": 0.0, "gravity_healthcare": 0.0, "gravity_shelter": 0.0, "avg_gravity": 0.0, "min_tt_community": null, "min_tt_education": null, "min_tt_essential_services": null, "min_tt_food_and_drink": null, "min_tt_healthcare": null, "min_tt_shelter": null, "avg_tt_community": null, "avg_tt_education": null, "avg_tt_essential_services": null, "avg_tt_food_and_drink": null, "avg_tt_healthcare": null, "avg_tt_shelter": null, "avg_tt_all": null, "n_unreachable_categories": 6, "count_community": 0.0, "count_education": 0.0, "count_essential_services": 0.0, "count_food_and_drink": 0.0, "count_healthcare": 0.0, "count_shelter": 0.0, "gravity_community_per_100": 0.0, "gravity_education_per_100": 0.0, "gravity_essential_services_per_100": 0.0, "gravity_food_and_drink_per_100": 0.0, "gravity_healthcare_per_100": 0.0, "gravity_shelter_per_100": 0.0, "shannon": 1.3815510557964275e-08, "kl_divergence": 0.333576385971945, "jsd": 0.27633281748366462, "city_similarity": 0.72366718251633544 }, "geometry": { "type": "Polygon", "coordinates": [ [ [ 24.744675996143659, 59.497789575125708 ], [ 24.735852221908264, 59.497637037531383 ], [ 24.731179512343708, 59.501445929367975 ], [ 24.735331449085528, 59.505407825686135 ], [ 24.744157248658137, 59.505560410353375 ], [ 24.748612335768389, 59.501927809919088 ], [ 24.74861619585597, 59.5015480094211 ], [ 24.744675996143659, 59.497789575125708 ] ] ] } },
{ "type": "Feature", "properties": { "from_id": "221", "population": 0.0, "gravity_community": 0.0, "gravity_education": 0.0, "gravity_essential_services": 0.0, "gravity_food_and_drink": 0.0, "gravity_healthcare": 0.0, "gravity_shelter": 0.0, "avg_gravity": 0.0, "min_tt_community": null, "min_tt_education": null, "min_tt_essential_services": null, "min_tt_food_and_drink": null, "min_tt_healthcare": null, "min_tt_shelter": null, "avg_tt_community": null, "avg_tt_education": null, "avg_tt_essential_services": null, "avg_tt_food_and_drink": null, "avg_tt_healthcare": null, "avg_tt_shelter": null, "avg_tt_all": null, "n_unreachable_categories": 6, "count_community": 0.0, "count_education": 0.0, "count_essential_services": 0.0, "count_food_and_drink": 0.0, "count_healthcare": 0.0, "count_shelter": 0.0, "gravity_community_per_100": 0.0, "gravity_education_per_100": 0.0, "gravity_essential_services_per_100": 0.0, "gravity_food_and_drink_per_100": 0.0, "gravity_healthcare_per_100": 0.0, "gravity_shelter_per_100": 0.0, "shannon": 1.3815510557964275e-08, "kl_divergence": 0.333576385971945, "jsd": 0.27633281748366462, "city_similarity": 0.72366718251633544 }, "geometry": { "type": "Polygon", "coordinates": [ [ [ 24.731179512343708, 59.501445929367975 ], [ 24.722354866218986, 59.501292475494026 ], [ 24.71768013142373, 59.505100870588272 ], [ 24.721830914172507, 59.509063186632666 ], [ 24.730657586073015, 59.509216687865205 ], [ 24.735331449085528, 59.505407825686135 ], [ 24.731179512343708, 59.501445929367975 ] ] ] } },
{ "type": "Feature", "properties": { "from_id": "222", "population": 0.0, "gravity_community": 0.0, "gravity_education": 0.0, "gravity_essential_services": 0.0, "gravity_food_and_drink": 0.0, "gravity_healthcare": 0.0, "gravity_shelter": 0.0, "avg_gravity": 0.0, "min_tt_community": null, "min_tt_education": null, "min_tt_essential_services": null, "min_tt_food_and_drink": null, "min_tt_healthcare": null, "min_tt_shelter": null, "avg_tt_community": null, "avg_tt_education": null, "avg_tt_essential_services": null, "avg_tt_food_and_drink": null, "avg_tt_healthcare": null, "avg_tt_shelter": null, "avg_tt_all": null, "n_unreachable_categories": 6, "count_community": 0.0, "count_education": 0.0, "count_essential_services": 0.0, "count_food_and_drink": 0.0, "count_healthcare": 0.0, "count_shelter": 0.0, "gravity_community_per_100": 0.0, "gravity_education_per_100": 0.0, "gravity_essential_services_per_100": 0.0, "gravity_food_and_drink_per_100": 0.0, "gravity_healthcare_per_100": 0.0, "gravity_shelter_per_100": 0.0, "shannon": 1.3815510557964275e-08, "kl_divergence": 0.333576385971945, "jsd": 0.27633281748366462, "city_similarity": 0.72366718251633544 }, "geometry": { "type": "Polygon", "coordinates": [ [ [ 24.744157248658137, 59.505560410353375 ], [ 24.735331449085528, 59.505407825686135 ], [ 24.730657586073015, 59.509216687865205 ], [ 24.734810395142798, 59.51317860174683 ], [ 24.743638221143023, 59.513331233508609 ], [ 24.748311211282246, 59.509521904285641 ], [ 24.744157248658137, 59.505560410353375 ] ] ] } },
{ "type": "Feature", "properties": { "from_id": "223", "population": 0.0, "gravity_community": 0.0, "gravity_education": 1.0, "gravity_essential_services": 0.0, "gravity_food_and_drink": 0.0, "gravity_healthcare": 0.0, "gravity_shelter": 0.0, "avg_gravity": 0.16666666666666666, "min_tt_community": null, "min_tt_education": null, "min_tt_essential_services": null, "min_tt_food_and_drink": null, "min_tt_healthcare": null, "min_tt_shelter": null, "avg_tt_community": null, "avg_tt_education": null, "avg_tt_essential_services": null, "avg_tt_food_and_drink": null, "avg_tt_healthcare": null, "avg_tt_shelter": null, "avg_tt_all": null, "n_unreachable_categories": 6, "count_community": 0.0, "count_education": 1.0, "count_essential_services": 0.0, "count_food_and_drink": 0.0, "count_healthcare": 0.0, "count_shelter": 0.0, "gravity_community_per_100": 0.0, "gravity_education_per_100": 0.0, "gravity_essential_services_per_100": 0.0, "gravity_food_and_drink_per_100": 0.0, "gravity_healthcare_per_100": 0.0, "gravity_shelter_per_100": 0.0, "shannon": 1.1412925456691193e-08, "kl_divergence": 2.3203916990955857, "jsd": 0.72644371524357176, "city_similarity": 0.27355628475642824 }, "geometry": { "type": "Polygon", "coordinates": [ [ [ 24.730657586073015, 59.509216687865205 ], [ 24.721830914172507, 59.509063186632666 ], [ 24.717155024838998, 59.512871551910045 ], [ 24.721306679263495, 59.516833885644324 ], [ 24.730135378030493, 59.516987434257196 ], [ 24.734810395142798, 59.51317860174683 ], [ 24.730657586073015, 59.509216687865205 ] ] ] } },
{ "type": "Feature", "properties": { "from_id": "224", "population": 0.0, "gravity_community": 0.0, "gravity_education": 0.0, "gravity_essential_services": 1.0, "gravity_food_and_drink": 0.0, "gravity_healthcare": 0.0, "gravity_shelter": 0.0, "avg_gravity": 0.16666666666666666, "min_tt_community": null, "min_tt_education": null, "min_tt_essential_services": null, "min_tt_food_and_drink": null, "min_tt_healthcare": null, "min_tt_shelter": null, "avg_tt_community": null, "avg_tt_education": null, "avg_tt_essential_services": null, "avg_tt_food_and_drink": null, "avg_tt_healthcare": null, "avg_tt_shelter": null, "avg_tt_all": null, "n_unreachable_categories": 6, "count_community": 0.0, "count_education": 0.0, "count_essential_services": 1.0, "count_food_and_drink": 0.0, "count_healthcare": 0.0, "count_shelter": 0.0, "gravity_community_per_100": 0.0, "gravity_education_per_100": 0.0, "gravity_essential_services_per_100": 0.0, "gravity_food_and_drink_per_100": 0.0, "gravity_healthcare_per_100": 0.0, "gravity_shelter_per_100": 0.0, "shannon": 1.1412925456691193e-08, "kl_divergence": 2.4276372292695942, "jsd": 0.73485996320676417, "city_similarity": 0.26514003679323583 }, "geometry": { "type": "Polygon", "coordinates": [ [ [ 24.717155024838998, 59.512871551910045 ], [ 24.708327481262835, 59.512717133860569 ], [ 24.703649565170132, 59.516525001887821 ], [ 24.707800063858073, 59.520487755377836 ], [ 24.716629634739078, 59.520642221093567 ], [ 24.721306679263495, 59.516833885644324 ], [ 24.717155024838998, 59.512871551910045 ] ] ] } },
{ "type": "Feature", "properties": { "from_id": "225", "population": 0.0, "gravity_community": 0.0, "gravity_education": 0.0, "gravity_essential_services": 0.0, "gravity_food_and_drink": 0.0, "gravity_healthcare": 1.0, "gravity_shelter": 0.0, "avg_gravity": 0.16666666666666666, "min_tt_community": null, "min_tt_education": null, "min_tt_essential_services": null, "min_tt_food_and_drink": null, "min_tt_healthcare": null, "min_tt_shelter": null, "avg_tt_community": null, "avg_tt_education": null, "avg_tt_essential_services": null, "avg_tt_food_and_drink": null, "avg_tt_healthcare": null, "avg_tt_shelter": null, "avg_tt_all": null, "n_unreachable_categories": 6, "count_community": 0.0, "count_education": 0.0, "count_essential_services": 0.0, "count_food_and_drink": 0.0, "count_healthcare": 1.0, "count_shelter": 0.0, "gravity_community_per_100": 0.0, "gravity_education_per_100": 0.0, "gravity_essential_services_per_100": 0.0, "gravity_food_and_drink_per_100": 0.0, "gravity_healthcare_per_100": 0.0, "gravity_shelter_per_100": 0.0, "shannon": 1.1412925456691193e-08, "kl_divergence": 2.2264031055344118, "jsd": 0.71850194747524454, "city_similarity": 0.28149805252475546 }, "geometry": { "type": "Polygon", "coordinates": [ [ [ 24.743638221143023, 59.513331233508609 ], [ 24.734810395142798, 59.51317860174683 ], [ 24.730135378030493, 59.516987434257196 ], [ 24.734289059867109, 59.520949365712774 ], [ 24.743118913386173, 59.521102044590705 ], [ 24.747793057185902, 59.517292744888316 ], [ 24.743638221143023, 59.513331233508609 ] ] ] } },
{ "type": "Feature", "properties": { "from_id": "226", "population": 0.0, "gravity_community": 0.0, "gravity_education": 0.0, "gravity_essential_services": 0.0, "gravity_food_and_drink": 1.0, "gravity_healthcare": 0.0, "gravity_shelter": 0.0, "avg_gravity": 0.16666666666666666, "min_tt_community": null, "min_tt_education": null, "min_tt_essential_services": null, "min_tt_food_and_drink": null, "min_tt_healthcare": null, "min_tt_shelter": null, "avg_tt_community": null, "avg_tt_education": null, "avg_tt_essential_services": null, "avg_tt_food_and_drink": null, "avg_tt_healthcare": null, "avg_tt_shelter": null, "avg_tt_all": null, "n_unreachable_categories": 6, "count_community": 0.0, "count_education": 0.0, "count_essential_services": 0.0, "count_food_and_drink": 1.0, "count_healthcare": 0.0, "count_shelter": 0.0, "gravity_community_per_100": 0.0, "gravity_education_per_100": 0.0, "gravity_essential_services_per_100": 0.0, "gravity_food_and_drink_per_100": 0.0, "gravity_healthcare_per_100": 0.0, "gravity_shelter_per_100": 0.0, "shannon": 1.1412925456691193e-08, "kl_divergence": 0.77442750133451621, "jsd": 0.48757412718494225, "city_similarity": 0.51242587281505769 }, "geometry": { "type": "Polygon", "coordinates": [ [ [ 24.730135378030493, 59.516987434257196 ], [ 24.721306679263495, 59.516833885644324 ], [ 24.716629634739078, 59.520642221093567 ], [ 24.720782161277643, 59.524604572528247 ], [ 24.729612888002659, 59.524758168543222 ], [ 24.734289059867109, 59.520949365712774 ], [ 24.730135378030493, 59.516987434257196 ] ] ] } },
{ "type": "Feature", "properties": { "from_id": "227", "population": 0.0, "gravity_community": 0.0, "gravity_education": 0.0, "gravity_essential_services": 0.0, "gravity_food_and_drink": 0.0, "gravity_healthcare": 0.0, "gravity_shelter": 0.0, "avg_gravity": 0.0, "min_tt_community": null, "min_tt_education": null, "min_tt_essential_services": null, "min_tt_food_and_drink": null, "min_tt_healthcare": null, "min_tt_shelter": null, "avg_tt_community": null, "avg_tt_education": null, "avg_tt_essential_services": null, "avg_tt_food_and_drink": null, "avg_tt_healthcare": null, "avg_tt_shelter": null, "avg_tt_all": null, "n_unreachable_categories": 6, "count_community": 0.0, "count_education": 0.0, "count_essential_services": 0.0, "count_food_and_drink": 0.0, "count_healthcare": 0.0, "count_shelter": 0.0, "gravity_community_per_100": 0.0, "gravity_education_per_100": 0.0, "gravity_essential_services_per_100": 0.0, "gravity_food_and_drink_per_100": 0.0, "gravity_healthcare_per_100": 0.0, "gravity_shelter_per_100": 0.0, "shannon": 1.3815510557964275e-08, "kl_divergence": 0.333576385971945, "jsd": 0.27633281748366462, "city_similarity": 0.72366718251633544 }, "geometry": { "type": "Polygon", "coordinates": [ [ [ 24.716629634739078, 59.520642221093567 ], [ 24.707800063858073, 59.520487755377836 ], [ 24.703120991483047, 59.524295593417321 ], [ 24.707272361631471, 59.528258364734135 ], [ 24.716103960909148, 59.52841287813802 ], [ 24.720782161277643, 59.524604572528247 ], [ 24.716629634739078, 59.520642221093567 ] ] ] } },
{ "type": "Feature", "properties": { "from_id": "228", "population": 0.0, "gravity_community": 0.0, "gravity_education": 0.0, "gravity_essential_services": 0.0, "gravity_food_and_drink": 0.0, "gravity_healthcare": 0.0, "gravity_shelter": 0.0, "avg_gravity": 0.0, "min_tt_community": null, "min_tt_education": null, "min_tt_essential_services": null, "min_tt_food_and_drink": null, "min_tt_healthcare": null, "min_tt_shelter": null, "avg_tt_community": null, "avg_tt_education": null, "avg_tt_essential_services": null, "avg_tt_food_and_drink": null, "avg_tt_healthcare": null, "avg_tt_shelter": null, "avg_tt_all": null, "n_unreachable_categories": 6, "count_community": 0.0, "count_education": 0.0, "count_essential_services": 0.0, "count_food_and_drink": 0.0, "count_healthcare": 0.0, "count_shelter": 0.0, "gravity_community_per_100": 0.0, "gravity_education_per_100": 0.0, "gravity_essential_services_per_100": 0.0, "gravity_food_and_drink_per_100": 0.0, "gravity_healthcare_per_100": 0.0, "gravity_shelter_per_100": 0.0, "shannon": 1.3815510557964275e-08, "kl_divergence": 0.333576385971945, "jsd": 0.27633281748366462, "city_similarity": 0.72366718251633544 }, "geometry": { "type": "Polygon", "coordinates": [ [ [ 24.743118913386173, 59.521102044590705 ], [ 24.734289059867109, 59.520949365712774 ], [ 24.729612888002659, 59.524758168543222 ], [ 24.733767443045284, 59.528720117583227 ], [ 24.742599325175238, 59.528872843598954 ], [ 24.747274623287524, 59.525063573428277 ], [ 24.743118913386173, 59.521102044590705 ] ] ] } },
{ "type": "Feature", "properties": { "from_id": "229", "population": 0.0, "gravity_community": 0.0, "gravity_education": 0.0, "gravity_essential_services": 0.0, "gravity_food_and_drink": 1.0, "gravity_healthcare": 0.0, "gravity_shelter": 0.0, "avg_gravity": 0.16666666666666666, "min_tt_community": null, "min_tt_education": null, "min_tt_essential_services": null, "min_tt_food_and_drink": null, "min_tt_healthcare": null, "min_tt_shelter": null, "avg_tt_community": null, "avg_tt_education": null, "avg_tt_essential_services": null, "avg_tt_food_and_drink": null, "avg_tt_healthcare": null, "avg_tt_shelter": null, "avg_tt_all": null, "n_unreachable_categories": 6, "count_community": 0.0, "count_education": 0.0, "count_essential_services": 0.0, "count_food_and_drink": 1.0, "count_healthcare": 0.0, "count_shelter": 0.0, "gravity_community_per_100": 0.0, "gravity_education_per_100": 0.0, "gravity_essential_services_per_100": 0.0, "gravity_food_and_drink_per_100": 0.0, "gravity_healthcare_per_100": 0.0, "gravity_shelter_per_100": 0.0, "shannon": 1.1412925456691193e-08, "kl_divergence": 0.77442750133451621, "jsd": 0.48757412718494225, "city_similarity": 0.51242587281505769 }, "geometry": { "type": "Polygon", "coordinates": [ [ [ 24.729612888002659, 59.524758168543222 ], [ 24.720782161277643, 59.524604572528247 ], [ 24.716103960909148, 59.52841287813802 ], [ 24.720257360000442, 59.53237524728366 ], [ 24.729090115775819, 59.532528890722517 ], [ 24.733767443045284, 59.528720117583227 ], [ 24.729612888002659, 59.524758168543222 ] ] ] } },
{ "type": "Feature", "properties": { "from_id": "230", "population": 0.0, "gravity_community": 0.0, "gravity_education": 0.0, "gravity_essential_services": 0.0, "gravity_food_and_drink": 1.0, "gravity_healthcare": 0.0, "gravity_shelter": 0.0, "avg_gravity": 0.16666666666666666, "min_tt_community": null, "min_tt_education": null, "min_tt_essential_services": null, "min_tt_food_and_drink": null, "min_tt_healthcare": null, "min_tt_shelter": null, "avg_tt_community": null, "avg_tt_education": null, "avg_tt_essential_services": null, "avg_tt_food_and_drink": null, "avg_tt_healthcare": null, "avg_tt_shelter": null, "avg_tt_all": null, "n_unreachable_categories": 6, "count_community": 0.0, "count_education": 0.0, "count_essential_services": 0.0, "count_food_and_drink": 1.0, "count_healthcare": 0.0, "count_shelter": 0.0, "gravity_community_per_100": 0.0, "gravity_education_per_100": 0.0, "gravity_essential_services_per_100": 0.0, "gravity_food_and_drink_per_100": 0.0, "gravity_healthcare_per_100": 0.0, "gravity_shelter_per_100": 0.0, "shannon": 1.1412925456691193e-08, "kl_divergence": 0.77442750133451621, "jsd": 0.48757412718494225, "city_similarity": 0.51242587281505769 }, "geometry": { "type": "Polygon", "coordinates": [ [ [ 24.702592132320117, 59.532066172774499 ], [ 24.70065509854826, 59.532032136616493 ], [ 24.706052771316163, 59.53536898737071 ], [ 24.702592132320117, 59.532066172774499 ] ] ] } },
{ "type": "Feature", "properties": { "from_id": "231", "population": 0.0, "gravity_community": 0.0, "gravity_education": 0.0, "gravity_essential_services": 1.0, "gravity_food_and_drink": 0.0, "gravity_healthcare": 0.0, "gravity_shelter": 0.0, "avg_gravity": 0.16666666666666666, "min_tt_community": null, "min_tt_education": null, "min_tt_essential_services": null, "min_tt_food_and_drink": null, "min_tt_healthcare": null, "min_tt_shelter": null, "avg_tt_community": null, "avg_tt_education": null, "avg_tt_essential_services": null, "avg_tt_food_and_drink": null, "avg_tt_healthcare": null, "avg_tt_shelter": null, "avg_tt_all": null, "n_unreachable_categories": 6, "count_community": 0.0, "count_education": 0.0, "count_essential_services": 1.0, "count_food_and_drink": 0.0, "count_healthcare": 0.0, "count_shelter": 0.0, "gravity_community_per_100": 0.0, "gravity_education_per_100": 0.0, "gravity_essential_services_per_100": 0.0, "gravity_food_and_drink_per_100": 0.0, "gravity_healthcare_per_100": 0.0, "gravity_shelter_per_100": 0.0, "shannon": 1.1412925456691193e-08, "kl_divergence": 2.4276372292695942, "jsd": 0.73485996320676417, "city_similarity": 0.26514003679323583 }, "geometry": { "type": "Polygon", "coordinates": [ [ [ 24.715578003134162, 59.536183523042723 ], [ 24.720257360000442, 59.53237524728366 ], [ 24.716103960909148, 59.52841287813802 ], [ 24.707272361631471, 59.528258364734135 ], [ 24.702592132320117, 59.532066172774499 ], [ 24.706052771316163, 59.53536898737071 ], [ 24.707131489423819, 59.536035747762902 ], [ 24.715578003134162, 59.536183523042723 ] ] ] } },
{ "type": "Feature", "properties": { "from_id": "232", "population": 0.0, "gravity_community": 0.0, "gravity_education": 0.0, "gravity_essential_services": 0.0, "gravity_food_and_drink": 1.0, "gravity_healthcare": 0.0, "gravity_shelter": 0.0, "avg_gravity": 0.16666666666666666, "min_tt_community": null, "min_tt_education": null, "min_tt_essential_services": null, "min_tt_food_and_drink": null, "min_tt_healthcare": null, "min_tt_shelter": null, "avg_tt_community": null, "avg_tt_education": null, "avg_tt_essential_services": null, "avg_tt_food_and_drink": null, "avg_tt_healthcare": null, "avg_tt_shelter": null, "avg_tt_all": null, "n_unreachable_categories": 6, "count_community": 0.0, "count_education": 0.0, "count_essential_services": 0.0, "count_food_and_drink": 1.0, "count_healthcare": 0.0, "count_shelter": 0.0, "gravity_community_per_100": 0.0, "gravity_education_per_100": 0.0, "gravity_essential_services_per_100": 0.0, "gravity_food_and_drink_per_100": 0.0, "gravity_healthcare_per_100": 0.0, "gravity_shelter_per_100": 0.0, "shannon": 1.1412925456691193e-08, "kl_divergence": 0.77442750133451621, "jsd": 0.48757412718494225, "city_similarity": 0.51242587281505769 }, "geometry": { "type": "Polygon", "coordinates": [ [ [ 24.742599325175238, 59.528872843598954 ], [ 24.733767443045284, 59.528720117583227 ], [ 24.729090115775819, 59.532528890722517 ], [ 24.733245544463937, 59.536490857357457 ], [ 24.742079456297652, 59.536643630532659 ], [ 24.746755909375061, 59.532834389904828 ], [ 24.742599325175238, 59.528872843598954 ] ] ] } },
{ "type": "Feature", "properties": { "from_id": "233", "population": 0.0, "gravity_community": 0.0, "gravity_education": 0.0, "gravity_essential_services": 0.0, "gravity_food_and_drink": 1.0, "gravity_healthcare": 0.0, "gravity_shelter": 0.0, "avg_gravity": 0.16666666666666666, "min_tt_community": null, "min_tt_education": null, "min_tt_essential_services": null, "min_tt_food_and_drink": null, "min_tt_healthcare": null, "min_tt_shelter": null, "avg_tt_community": null, "avg_tt_education": null, "avg_tt_essential_services": null, "avg_tt_food_and_drink": null, "avg_tt_healthcare": null, "avg_tt_shelter": null, "avg_tt_all": null, "n_unreachable_categories": 6, "count_community": 0.0, "count_education": 0.0, "count_essential_services": 0.0, "count_food_and_drink": 1.0, "count_healthcare": 0.0, "count_shelter": 0.0, "gravity_community_per_100": 0.0, "gravity_education_per_100": 0.0, "gravity_essential_services_per_100": 0.0, "gravity_food_and_drink_per_100": 0.0, "gravity_healthcare_per_100": 0.0, "gravity_shelter_per_100": 0.0, "shannon": 1.1412925456691193e-08, "kl_divergence": 0.77442750133451621, "jsd": 0.48757412718494225, "city_similarity": 0.51242587281505769 }, "geometry": { "type": "Polygon", "coordinates": [ [ [ 24.729090115775819, 59.532528890722517 ], [ 24.720257360000442, 59.53237524728366 ], [ 24.715578003134162, 59.536183523042723 ], [ 24.71973227521714, 59.540145909909825 ], [ 24.728567061136065, 59.540299600794363 ], [ 24.733245544463937, 59.536490857357457 ], [ 24.729090115775819, 59.532528890722517 ] ] ] } },
{ "type": "Feature", "properties": { "from_id": "234", "population": 0.0, "gravity_community": 0.0, "gravity_education": 0.0, "gravity_essential_services": 0.0, "gravity_food_and_drink": 0.0, "gravity_healthcare": 1.0, "gravity_shelter": 0.0, "avg_gravity": 0.16666666666666666, "min_tt_community": null, "min_tt_education": null, "min_tt_essential_services": null, "min_tt_food_and_drink": null, "min_tt_healthcare": null, "min_tt_shelter": null, "avg_tt_community": null, "avg_tt_education": null, "avg_tt_essential_services": null, "avg_tt_food_and_drink": null, "avg_tt_healthcare": null, "avg_tt_shelter": null, "avg_tt_all": null, "n_unreachable_categories": 6, "count_community": 0.0, "count_education": 0.0, "count_essential_services": 0.0, "count_food_and_drink": 0.0, "count_healthcare": 1.0, "count_shelter": 0.0, "gravity_community_per_100": 0.0, "gravity_education_per_100": 0.0, "gravity_essential_services_per_100": 0.0, "gravity_food_and_drink_per_100": 0.0, "gravity_healthcare_per_100": 0.0, "gravity_shelter_per_100": 0.0, "shannon": 1.1412925456691193e-08, "kl_divergence": 2.2264031055344118, "jsd": 0.71850194747524454, "city_similarity": 0.28149805252475546 }, "geometry": { "type": "Polygon", "coordinates": [ [ [ 24.742079456297652, 59.536643630532659 ], [ 24.733245544463937, 59.536490857357457 ], [ 24.728567061136065, 59.540299600794363 ], [ 24.732723363909454, 59.544261585034732 ], [ 24.74155930654063, 59.544414405391038 ], [ 24.746236915236249, 59.540605194317273 ], [ 24.742079456297652, 59.536643630532659 ] ] ] } },
{ "type": "Feature", "properties": { "from_id": "235", "population": 0.0, "gravity_community": 0.0, "gravity_education": 0.0, "gravity_essential_services": 0.0, "gravity_food_and_drink": 1.0, "gravity_healthcare": 0.0, "gravity_shelter": 0.0, "avg_gravity": 0.16666666666666666, "min_tt_community": null, "min_tt_education": null, "min_tt_essential_services": null, "min_tt_food_and_drink": null, "min_tt_healthcare": null, "min_tt_shelter": null, "avg_tt_community": null, "avg_tt_education": null, "avg_tt_essential_services": null, "avg_tt_food_and_drink": null, "avg_tt_healthcare": null, "avg_tt_shelter": null, "avg_tt_all": null, "n_unreachable_categories": 6, "count_community": 0.0, "count_education": 0.0, "count_essential_services": 0.0, "count_food_and_drink": 1.0, "count_healthcare": 0.0, "count_shelter": 0.0, "gravity_community_per_100": 0.0, "gravity_education_per_100": 0.0, "gravity_essential_services_per_100": 0.0, "gravity_food_and_drink_per_100": 0.0, "gravity_healthcare_per_100": 0.0, "gravity_shelter_per_100": 0.0, "shannon": 1.1412925456691193e-08, "kl_divergence": 0.77442750133451621, "jsd": 0.48757412718494225, "city_similarity": 0.51242587281505769 }, "geometry": { "type": "Polygon", "coordinates": [ [ [ 24.71973227521714, 59.540145909909825 ], [ 24.715578003134162, 59.536183523042723 ], [ 24.707131489423819, 59.536035747762902 ], [ 24.717164331788602, 59.542235416112561 ], [ 24.71973227521714, 59.540145909909825 ] ] ] } },
{ "type": "Feature", "properties": { "from_id": "236", "population": 0.0, "gravity_community": 0.0, "gravity_education": 0.0, "gravity_essential_services": 0.0, "gravity_food_and_drink": 1.0, "gravity_healthcare": 0.0, "gravity_shelter": 0.0, "avg_gravity": 0.16666666666666666, "min_tt_community": null, "min_tt_education": null, "min_tt_essential_services": null, "min_tt_food_and_drink": null, "min_tt_healthcare": null, "min_tt_shelter": null, "avg_tt_community": null, "avg_tt_education": null, "avg_tt_essential_services": null, "avg_tt_food_and_drink": null, "avg_tt_healthcare": null, "avg_tt_shelter": null, "avg_tt_all": null, "n_unreachable_categories": 6, "count_community": 0.0, "count_education": 0.0, "count_essential_services": 0.0, "count_food_and_drink": 1.0, "count_healthcare": 0.0, "count_shelter": 0.0, "gravity_community_per_100": 0.0, "gravity_education_per_100": 0.0, "gravity_essential_services_per_100": 0.0, "gravity_food_and_drink_per_100": 0.0, "gravity_healthcare_per_100": 0.0, "gravity_shelter_per_100": 0.0, "shannon": 1.1412925456691193e-08, "kl_divergence": 0.77442750133451621, "jsd": 0.48757412718494225, "city_similarity": 0.51242587281505769 }, "geometry": { "type": "Polygon", "coordinates": [ [ [ 24.728043723869256, 59.548070298758013 ], [ 24.732723363909454, 59.544261585034732 ], [ 24.728567061136065, 59.540299600794363 ], [ 24.71973227521714, 59.540145909909825 ], [ 24.717164331788602, 59.542235416112561 ], [ 24.726569863373545, 59.548044698843626 ], [ 24.728043723869256, 59.548070298758013 ] ] ] } },
{ "type": "Feature", "properties": { "from_id": "237", "population": 0.0, "gravity_community": 0.0, "gravity_education": 0.0, "gravity_essential_services": 0.0, "gravity_food_and_drink": 1.0, "gravity_healthcare": 0.0, "gravity_shelter": 0.0, "avg_gravity": 0.16666666666666666, "min_tt_community": null, "min_tt_education": null, "min_tt_essential_services": null, "min_tt_food_and_drink": null, "min_tt_healthcare": null, "min_tt_shelter": null, "avg_tt_community": null, "avg_tt_education": null, "avg_tt_essential_services": null, "avg_tt_food_and_drink": null, "avg_tt_healthcare": null, "avg_tt_shelter": null, "avg_tt_all": null, "n_unreachable_categories": 6, "count_community": 0.0, "count_education": 0.0, "count_essential_services": 0.0, "count_food_and_drink": 1.0, "count_healthcare": 0.0, "count_shelter": 0.0, "gravity_community_per_100": 0.0, "gravity_education_per_100": 0.0, "gravity_essential_services_per_100": 0.0, "gravity_food_and_drink_per_100": 0.0, "gravity_healthcare_per_100": 0.0, "gravity_shelter_per_100": 0.0, "shannon": 1.1412925456691193e-08, "kl_divergence": 0.77442750133451621, "jsd": 0.48757412718494225, "city_similarity": 0.51242587281505769 }, "geometry": { "type": "Polygon", "coordinates": [ [ [ 24.741038875691164, 59.552185168173459 ], [ 24.745717640658608, 59.548375986664887 ], [ 24.74155930654063, 59.544414405391038 ], [ 24.732723363909454, 59.544261585034732 ], [ 24.728043723869256, 59.548070298758013 ], [ 24.73067864438012, 59.55058163437193 ], [ 24.733052390130933, 59.5520470545721 ], [ 24.741038875691164, 59.552185168173459 ] ] ] } },
{ "type": "Feature", "properties": { "from_id": "238", "population": 0.0, "gravity_community": 0.0, "gravity_education": 0.0, "gravity_essential_services": 0.0, "gravity_food_and_drink": 0.0, "gravity_healthcare": 1.0, "gravity_shelter": 0.0, "avg_gravity": 0.16666666666666666, "min_tt_community": null, "min_tt_education": null, "min_tt_essential_services": null, "min_tt_food_and_drink": null, "min_tt_healthcare": null, "min_tt_shelter": null, "avg_tt_community": null, "avg_tt_education": null, "avg_tt_essential_services": null, "avg_tt_food_and_drink": null, "avg_tt_healthcare": null, "avg_tt_shelter": null, "avg_tt_all": null, "n_unreachable_categories": 6, "count_community": 0.0, "count_education": 0.0, "count_essential_services": 0.0, "count_food_and_drink": 0.0, "count_healthcare": 1.0, "count_shelter": 0.0, "gravity_community_per_100": 0.0, "gravity_education_per_100": 0.0, "gravity_essential_services_per_100": 0.0, "gravity_food_and_drink_per_100": 0.0, "gravity_healthcare_per_100": 0.0, "gravity_shelter_per_100": 0.0, "shannon": 1.1412925456691193e-08, "kl_divergence": 2.2264031055344118, "jsd": 0.71850194747524454, "city_similarity": 0.28149805252475546 }, "geometry": { "type": "Polygon", "coordinates": [ [ [ 24.728043723869256, 59.548070298758013 ], [ 24.726569863373545, 59.548044698843626 ], [ 24.73067864438012, 59.55058163437193 ], [ 24.728043723869256, 59.548070298758013 ] ] ] } },
{ "type": "Feature", "properties": { "from_id": "239", "population": 0.0, "gravity_community": 0.0, "gravity_education": 0.0, "gravity_essential_services": 1.0, "gravity_food_and_drink": 0.0, "gravity_healthcare": 0.0, "gravity_shelter": 0.0, "avg_gravity": 0.16666666666666666, "min_tt_community": null, "min_tt_education": null, "min_tt_essential_services": null, "min_tt_food_and_drink": null, "min_tt_healthcare": null, "min_tt_shelter": null, "avg_tt_community": null, "avg_tt_education": null, "avg_tt_essential_services": null, "avg_tt_food_and_drink": null, "avg_tt_healthcare": null, "avg_tt_shelter": null, "avg_tt_all": null, "n_unreachable_categories": 6, "count_community": 0.0, "count_education": 0.0, "count_essential_services": 1.0, "count_food_and_drink": 0.0, "count_healthcare": 0.0, "count_shelter": 0.0, "gravity_community_per_100": 0.0, "gravity_education_per_100": 0.0, "gravity_essential_services_per_100": 0.0, "gravity_food_and_drink_per_100": 0.0, "gravity_healthcare_per_100": 0.0, "gravity_shelter_per_100": 0.0, "shannon": 1.1412925456691193e-08, "kl_divergence": 2.4276372292695942, "jsd": 0.73485996320676417, "city_similarity": 0.26514003679323583 }, "geometry": { "type": "Polygon", "coordinates": [ [ [ 24.745198085429443, 59.556146766946959 ], [ 24.741038875691164, 59.552185168173459 ], [ 24.733052390130933, 59.5520470545721 ], [ 24.742825062138085, 59.558078383650724 ], [ 24.745198085429443, 59.556146766946959 ] ] ] } },
{ "type": "Feature", "properties": { "from_id": "240", "population": 0.0, "gravity_community": 0.0, "gravity_education": 0.0, "gravity_essential_services": 0.0, "gravity_food_and_drink": 1.0432001841806566, "gravity_healthcare": 1.0, "gravity_shelter": 0.51437639269832958, "avg_gravity": 0.42626276281316439, "min_tt_community": null, "min_tt_education": null, "min_tt_essential_services": null, "min_tt_food_and_drink": 23.0, "min_tt_healthcare": null, "min_tt_shelter": 24.0, "avg_tt_community": null, "avg_tt_education": null, "avg_tt_essential_services": null, "avg_tt_food_and_drink": 23.5, "avg_tt_healthcare": null, "avg_tt_shelter": 24.0, "avg_tt_all": 23.75, "n_unreachable_categories": 4, "count_community": 0.0, "count_education": 0.0, "count_essential_services": 0.0, "count_food_and_drink": 2.0, "count_healthcare": 1.0, "count_shelter": 1.0, "gravity_community_per_100": 0.0, "gravity_education_per_100": 0.0, "gravity_essential_services_per_100": 0.0, "gravity_food_and_drink_per_100": 0.0, "gravity_healthcare_per_100": 0.0, "gravity_shelter_per_100": 0.0, "shannon": 1.0397207777942468, "kl_divergence": 0.29056848131715479, "jsd": 0.30196044229656738, "city_similarity": 0.69803955770343262 }, "geometry": { "type": "Polygon", "coordinates": [ [ [ 24.743637733702549, 59.579459035392915 ], [ 24.742170356674563, 59.578062360601336 ], [ 24.742130279541016, 59.578075408935547 ], [ 24.742034912109375, 59.578102111816406 ], [ 24.741952896118164, 59.578132629394538 ], [ 24.7419548034668, 59.578163146972642 ], [ 24.741979598999023, 59.578197479248047 ], [ 24.741954803466797, 59.578239440917983 ], [ 24.741884231567383, 59.578304290771484 ], [ 24.741825103759766, 59.578342437744148 ], [ 24.741731643676758, 59.578376770019524 ], [ 24.741611480712891, 59.578411102294922 ], [ 24.741525650024418, 59.578433990478501 ], [ 24.741447448730469, 59.578460693359382 ], [ 24.741416931152344, 59.578472137451151 ], [ 24.741245269775391, 59.578552246093757 ], [ 24.741170883178714, 59.578590393066399 ], [ 24.741081237792969, 59.578632354736314 ], [ 24.741001129150391, 59.578666687011719 ], [ 24.74091911315918, 59.578704833984375 ], [ 24.740777969360355, 59.578769683837898 ], [ 24.740680694580078, 59.578804016113288 ], [ 24.740600585937504, 59.578834533691406 ], [ 24.740516662597656, 59.578872680664055 ], [ 24.740438461303714, 59.578887939453104 ], [ 24.740364074707031, 59.578910827636712 ], [ 24.740325927734375, 59.578929901123047 ], [ 24.740251541137695, 59.578971862792976 ], [ 24.740154266357422, 59.579013824462876 ], [ 24.740066528320316, 59.579051971435526 ], [ 24.739986419677734, 59.579078674316399 ], [ 24.739894866943359, 59.579105377197266 ], [ 24.739852905273441, 59.579116821289062 ], [ 24.73975944519043, 59.579132080078125 ], [ 24.739660263061523, 59.579151153564467 ], [ 24.739553451538086, 59.579189300537109 ], [ 24.73945426940918, 59.579231262207038 ], [ 24.739389419555664, 59.579261779785142 ], [ 24.73930549621582, 59.57929992675782 ], [ 24.739233016967773, 59.579326629638679 ], [ 24.739175796508789, 59.579353332519517 ], [ 24.739059448242188, 59.57940292358397 ], [ 24.739036560058594, 59.579414367675767 ], [ 24.738960266113281, 59.579471588134766 ], [ 24.738906860351562, 59.579502105712898 ], [ 24.738830566406254, 59.579540252685561 ], [ 24.738779067993164, 59.579586029052727 ], [ 24.738704681396484, 59.57961273193358 ], [ 24.738618850708008, 59.579601287841811 ], [ 24.7385368347168, 59.579612731933572 ], [ 24.738483428955078, 59.579639434814453 ], [ 24.738447189331055, 59.57966613769532 ], [ 24.738412857055664, 59.579677581787116 ], [ 24.738332748413086, 59.579677581787095 ], [ 24.738254547119141, 59.579692840576179 ], [ 24.738193511962891, 59.579719543457045 ], [ 24.738121032714844, 59.579757690429673 ], [ 24.738027572631836, 59.579788208007805 ], [ 24.738027572631836, 59.579833984375014 ], [ 24.738046646118164, 59.579856872558587 ], [ 24.738128662109375, 59.579959869384766 ], [ 24.738130569458008, 59.580009460449212 ], [ 24.738105773925781, 59.580059051513665 ], [ 24.738077163696289, 59.580097198486328 ], [ 24.738069534301758, 59.580131530761719 ], [ 24.738063812255859, 59.580177307128913 ], [ 24.738073348999023, 59.580226898193359 ], [ 24.738002777099609, 59.580272674560547 ], [ 24.737712860107422, 59.580387115478494 ], [ 24.73779296875, 59.580413818359382 ], [ 24.738029479980469, 59.580360412597642 ], [ 24.73805046081543, 59.580387115478487 ], [ 24.738086700439457, 59.580432891845689 ], [ 24.738071441650391, 59.580486297607415 ], [ 24.738040924072266, 59.580535888671861 ], [ 24.738023757934574, 59.58057785034179 ], [ 24.737998962402344, 59.580627441406264 ], [ 24.73798942565918, 59.580692291259751 ], [ 24.737905502319339, 59.580764770507798 ], [ 24.737958908081055, 59.580780029296889 ], [ 24.738046646118164, 59.580745697021484 ], [ 24.738193511962891, 59.580806732177734 ], [ 24.738256454467773, 59.580821990966797 ], [ 24.738288879394531, 59.580852508544922 ], [ 24.738327026367188, 59.580913543701172 ], [ 24.738344192504883, 59.580974578857408 ], [ 24.738376617431641, 59.581016540527351 ], [ 24.738424301147461, 59.581043243408217 ], [ 24.738479614257812, 59.581062316894538 ], [ 24.738517761230472, 59.581069946289048 ], [ 24.738565444946289, 59.581157684326179 ], [ 24.738641738891602, 59.581195831298828 ], [ 24.73871994018555, 59.581249237060533 ], [ 24.738767623901367, 59.581283569335938 ], [ 24.738796234130859, 59.58131027221679 ], [ 24.738866806030273, 59.581382751464851 ], [ 24.738887786865234, 59.581462860107415 ], [ 24.73890495300293, 59.581497192382805 ], [ 24.738931655883789, 59.581546783447273 ], [ 24.738983154296875, 59.581764221191406 ], [ 24.739009857177734, 59.581817626953132 ], [ 24.73902702331543, 59.581855773925788 ], [ 24.739053726196289, 59.581878662109382 ], [ 24.739063262939457, 59.5819091796875 ], [ 24.739089965820312, 59.581935882568366 ], [ 24.739152908325195, 59.581958770751939 ], [ 24.739152908325199, 59.581981658935533 ], [ 24.739189147949219, 59.582012176513672 ], [ 24.739223480224613, 59.582042694091804 ], [ 24.73928260803223, 59.582092285156257 ], [ 24.739326477050781, 59.582138061523445 ], [ 24.739383697509766, 59.582183837890618 ], [ 24.739419937133789, 59.582218170166009 ], [ 24.73945426940918, 59.582252502441392 ], [ 24.739505767822269, 59.582302093505838 ], [ 24.739538192749023, 59.58234024047853 ], [ 24.739574432373047, 59.582389831542969 ], [ 24.739591598510742, 59.582435607910163 ], [ 24.739643096923832, 59.582473754882812 ], [ 24.739654541015625, 59.582523345947266 ], [ 24.739737106460392, 59.582631535275908 ], [ 24.743637733702549, 59.579459035392915 ] ] ] } },
{ "type": "Feature", "properties": { "from_id": "241", "population": 0.0, "gravity_community": 0.0, "gravity_education": 0.0, "gravity_essential_services": 0.0, "gravity_food_and_drink": 0.0, "gravity_healthcare": 0.0, "gravity_shelter": 0.0, "avg_gravity": 0.0, "min_tt_community": null, "min_tt_education": null, "min_tt_essential_services": null, "min_tt_food_and_drink": null, "min_tt_healthcare": null, "min_tt_shelter": null, "avg_tt_community": null, "avg_tt_education": null, "avg_tt_essential_services": null, "avg_tt_food_and_drink": null, "avg_tt_healthcare": null, "avg_tt_shelter": null, "avg_tt_all": null, "n_unreachable_categories": 6, "count_community": 0.0, "count_education": 0.0, "count_essential_services": 0.0, "count_food_and_drink": 0.0, "count_healthcare": 0.0, "count_shelter": 0.0, "gravity_community_per_100": 0.0, "gravity_education_per_100": 0.0, "gravity_essential_services_per_100": 0.0, "gravity_food_and_drink_per_100": 0.0, "gravity_healthcare_per_100": 0.0, "gravity_shelter_per_100": 0.0, "shannon": 1.3815510557964275e-08, "kl_divergence": 0.333576385971945, "jsd": 0.27633281748366462, "city_similarity": 0.72366718251633544 }, "geometry": { "type": "MultiPolygon", "coordinates": [ [ [ [ 24.73934547013123, 59.583640385750378 ], [ 24.739234924316406, 59.583675384521477 ], [ 24.739320755004883, 59.583717346191406 ], [ 24.739405911951305, 59.583697914496362 ], [ 24.73934547013123, 59.583640385750378 ] ] ], [ [ [ 24.740703683368121, 59.584933084509068 ], [ 24.740671157836914, 59.584968566894517 ], [ 24.740615844726562, 59.584991455078125 ], [ 24.740564346313477, 59.585014343261705 ], [ 24.740478515625, 59.585048675537109 ], [ 24.740383148193359, 59.585079193115206 ], [ 24.740287780761719, 59.585105895996101 ], [ 24.740205764770508, 59.585132598876939 ], [ 24.740081787109375, 59.585166931152358 ], [ 24.739994049072266, 59.585193634033203 ], [ 24.739910125732422, 59.585224151611342 ], [ 24.739896774291992, 59.585258483886712 ], [ 24.739923477172852, 59.585289001464844 ], [ 24.73997688293457, 59.58535003662108 ], [ 24.740016937255859, 59.585376739501946 ], [ 24.740081787109375, 59.585403442382805 ], [ 24.740118026733398, 59.585418701171875 ], [ 24.740163803100586, 59.585422515869134 ], [ 24.740196228027344, 59.585414886474602 ], [ 24.740240097045902, 59.585414886474609 ], [ 24.740293502807617, 59.58539962768554 ], [ 24.740365982055668, 59.585380554199197 ], [ 24.740447998046875, 59.58537673950196 ], [ 24.740518569946289, 59.585369110107422 ], [ 24.74058723449707, 59.585353851318352 ], [ 24.74066162109375, 59.585350036621094 ], [ 24.740743637084961, 59.585350036621101 ], [ 24.7408447265625, 59.58535003662108 ], [ 24.740928649902347, 59.585353851318352 ], [ 24.741039276123047, 59.585369110107422 ], [ 24.741180364735335, 59.585386746190885 ], [ 24.740703683368121, 59.584933084509068 ] ] ] ] } },
{ "type": "Feature", "properties": { "from_id": "242", "population": 0.0, "gravity_community": 0.0, "gravity_education": 0.0, "gravity_essential_services": 0.0, "gravity_food_and_drink": 0.0, "gravity_healthcare": 0.0, "gravity_shelter": 0.0, "avg_gravity": 0.0, "min_tt_community": null, "min_tt_education": null, "min_tt_essential_services": null, "min_tt_food_and_drink": null, "min_tt_healthcare": null, "min_tt_shelter": null, "avg_tt_community": null, "avg_tt_education": null, "avg_tt_essential_services": null, "avg_tt_food_and_drink": null, "avg_tt_healthcare": null, "avg_tt_shelter": null, "avg_tt_all": null, "n_unreachable_categories": 6, "count_community": 0.0, "count_education": 0.0, "count_essential_services": 0.0, "count_food_and_drink": 0.0, "count_healthcare": 0.0, "count_shelter": 0.0, "gravity_community_per_100": 0.0, "gravity_education_per_100": 0.0, "gravity_essential_services_per_100": 0.0, "gravity_food_and_drink_per_100": 0.0, "gravity_healthcare_per_100": 0.0, "gravity_shelter_per_100": 0.0, "shannon": 1.3815510557964275e-08, "kl_divergence": 0.333576385971945, "jsd": 0.27633281748366462, "city_similarity": 0.72366718251633544 }, "geometry": { "type": "Polygon", "coordinates": [ [ [ 24.731737876564523, 59.36141760213291 ], [ 24.740526244302188, 59.361570207251582 ], [ 24.743705454750621, 59.358966963959887 ], [ 24.741022109985352, 59.358863830566392 ], [ 24.732196807861328, 59.358535766601555 ], [ 24.72858380668308, 59.35839509140601 ], [ 24.731737876564523, 59.36141760213291 ] ] ] } },
{ "type": "Feature", "properties": { "from_id": "243", "population": 0.0, "gravity_community": 0.0, "gravity_education": 0.0, "gravity_essential_services": 1.0, "gravity_food_and_drink": 1.1788717343151429, "gravity_healthcare": 0.69760656192668935, "gravity_shelter": 1.215226861332128, "avg_gravity": 0.68195085959566004, "min_tt_community": null, "min_tt_education": null, "min_tt_essential_services": null, "min_tt_food_and_drink": 14.0, "min_tt_healthcare": 13.0, "min_tt_shelter": 17.0, "avg_tt_community": null, "avg_tt_education": null, "avg_tt_essential_services": null, "avg_tt_food_and_drink": 19.5, "avg_tt_healthcare": 13.0, "avg_tt_shelter": 18.0, "avg_tt_all": 16.833333333333332, "n_unreachable_categories": 3, "count_community": 0.0, "count_education": 0.0, "count_essential_services": 1.0, "count_food_and_drink": 2.0, "count_healthcare": 1.0, "count_shelter": 2.0, "gravity_community_per_100": 0.0, "gravity_education_per_100": 0.0, "gravity_essential_services_per_100": 0.0, "gravity_food_and_drink_per_100": 0.0, "gravity_healthcare_per_100": 0.0, "gravity_shelter_per_100": 0.0, "shannon": 1.3296613536380026, "kl_divergence": 0.21945417484993621, "jsd": 0.25706250112885781, "city_similarity": 0.74293749887114213 }, "geometry": { "type": "Polygon", "coordinates": [ [ [ 24.758103257175815, 59.361873641846884 ], [ 24.766891901594892, 59.362024471298497 ], [ 24.769437681256445, 59.359938129223892 ], [ 24.767814636230469, 59.359889984130859 ], [ 24.767404556274414, 59.359867095947266 ], [ 24.763391494750977, 59.359699249267578 ], [ 24.758953094482422, 59.359539031982415 ], [ 24.757181167602539, 59.359474182128906 ], [ 24.755533203612597, 59.359413214633882 ], [ 24.758103257175815, 59.361873641846884 ] ] ] } },
{ "type": "Feature", "properties": { "from_id": "244", "population": 0.0, "gravity_community": 0.0, "gravity_education": 0.0, "gravity_essential_services": 1.0, "gravity_food_and_drink": 1.1833873672283564, "gravity_healthcare": 0.62444001929124437, "gravity_shelter": 1.134463819459548, "avg_gravity": 0.6570485343298581, "min_tt_community": null, "min_tt_education": null, "min_tt_essential_services": null, "min_tt_food_and_drink": 17.0, "min_tt_healthcare": 17.0, "min_tt_shelter": 19.0, "avg_tt_community": null, "avg_tt_education": null, "avg_tt_essential_services": null, "avg_tt_food_and_drink": 19.0, "avg_tt_healthcare": 17.0, "avg_tt_shelter": 20.5, "avg_tt_all": 18.833333333333332, "n_unreachable_categories": 3, "count_community": 0.0, "count_education": 0.0, "count_essential_services": 1.0, "count_food_and_drink": 2.0, "count_healthcare": 1.0, "count_shelter": 2.0, "gravity_community_per_100": 0.0, "gravity_education_per_100": 0.0, "gravity_essential_services_per_100": 0.0, "gravity_food_and_drink_per_100": 0.0, "gravity_healthcare_per_100": 0.0, "gravity_shelter_per_100": 0.0, "shannon": 1.3296613536380026, "kl_divergence": 0.21945417484993621, "jsd": 0.25706250112885781, "city_similarity": 0.74293749887114213 }, "geometry": { "type": "Polygon", "coordinates": [ [ [ 24.740526244302188, 59.361570207251582 ], [ 24.744662553844329, 59.365531789210301 ], [ 24.753452063385236, 59.365683529855552 ], [ 24.758103257175815, 59.361873641846884 ], [ 24.755533203612597, 59.359413214633882 ], [ 24.749761581420898, 59.359199523925788 ], [ 24.743705454750621, 59.358966963959887 ], [ 24.740526244302188, 59.361570207251582 ] ] ] } },
{ "type": "Feature", "properties": { "from_id": "245", "population": 0.0, "gravity_community": 0.0, "gravity_education": 0.0, "gravity_essential_services": 0.0, "gravity_food_and_drink": 1.0, "gravity_healthcare": 0.0, "gravity_shelter": 0.0, "avg_gravity": 0.16666666666666666, "min_tt_community": null, "min_tt_education": null, "min_tt_essential_services": null, "min_tt_food_and_drink": null, "min_tt_healthcare": null, "min_tt_shelter": null, "avg_tt_community": null, "avg_tt_education": null, "avg_tt_essential_services": null, "avg_tt_food_and_drink": null, "avg_tt_healthcare": null, "avg_tt_shelter": null, "avg_tt_all": null, "n_unreachable_categories": 6, "count_community": 0.0, "count_education": 0.0, "count_essential_services": 0.0, "count_food_and_drink": 1.0, "count_healthcare": 0.0, "count_shelter": 0.0, "gravity_community_per_100": 0.0, "gravity_education_per_100": 0.0, "gravity_essential_services_per_100": 0.0, "gravity_food_and_drink_per_100": 0.0, "gravity_healthcare_per_100": 0.0, "gravity_shelter_per_100": 0.0, "shannon": 1.1412925456691193e-08, "kl_divergence": 0.77442750133451621, "jsd": 0.48757412718494225, "city_similarity": 0.51242587281505769 }, "geometry": { "type": "Polygon", "coordinates": [ [ [ 24.740526244302188, 59.361570207251582 ], [ 24.731737876564523, 59.36141760213291 ], [ 24.727083812444629, 59.365226532011455 ], [ 24.7312189796457, 59.369188531430289 ], [ 24.740009353666277, 59.369341183518998 ], [ 24.744662553844329, 59.365531789210301 ], [ 24.740526244302188, 59.361570207251582 ] ] ] } },
{ "type": "Feature", "properties": { "from_id": "246", "population": 0.0, "gravity_community": 0.0, "gravity_education": 0.0, "gravity_essential_services": 0.0, "gravity_food_and_drink": 2.6512281663750481, "gravity_healthcare": 0.97268012707313989, "gravity_shelter": 1.626222976352633, "avg_gravity": 0.87502187830013689, "min_tt_community": null, "min_tt_education": null, "min_tt_essential_services": null, "min_tt_food_and_drink": 1.0, "min_tt_healthcare": 1.0, "min_tt_shelter": 6.0, "avg_tt_community": null, "avg_tt_education": null, "avg_tt_essential_services": null, "avg_tt_food_and_drink": 7.5, "avg_tt_healthcare": 1.0, "avg_tt_shelter": 7.5, "avg_tt_all": 5.333333333333333, "n_unreachable_categories": 3, "count_community": 0.0, "count_education": 0.0, "count_essential_services": 0.0, "count_food_and_drink": 3.0, "count_healthcare": 1.0, "count_shelter": 2.0, "gravity_community_per_100": 0.0, "gravity_education_per_100": 0.0, "gravity_essential_services_per_100": 0.0, "gravity_food_and_drink_per_100": 0.0, "gravity_healthcare_per_100": 0.0, "gravity_shelter_per_100": 0.0, "shannon": 1.0114042716734588, "kl_divergence": 0.26217630196767938, "jsd": 0.29288397371372715, "city_similarity": 0.70711602628627279 }, "geometry": { "type": "Polygon", "coordinates": [ [ [ 24.766891901594892, 59.362024471298497 ], [ 24.758103257175815, 59.361873641846884 ], [ 24.753452063385236, 59.365683529855552 ], [ 24.757590379314852, 59.369644711509103 ], [ 24.762307123021667, 59.369725739830663 ], [ 24.762971878051758, 59.367752075195298 ], [ 24.764963150024418, 59.366085052490234 ], [ 24.766298294067386, 59.365116119384751 ], [ 24.768377304077148, 59.363712310791009 ], [ 24.768537997770082, 59.363599633497081 ], [ 24.766891901594892, 59.362024471298497 ] ] ] } },
{ "type": "Feature", "properties": { "from_id": "247", "population": 0.0, "gravity_community": 0.0, "gravity_education": 0.60738039731376148, "gravity_essential_services": 0.0, "gravity_food_and_drink": 2.4256758138534105, "gravity_healthcare": 0.62444001929124437, "gravity_shelter": 3.3998421411622566, "avg_gravity": 1.1762230619367788, "min_tt_community": null, "min_tt_education": 18.0, "min_tt_essential_services": null, "min_tt_food_and_drink": 8.0, "min_tt_healthcare": 17.0, "min_tt_shelter": 14.0, "avg_tt_community": null, "avg_tt_education": 18.0, "avg_tt_essential_services": null, "avg_tt_food_and_drink": 12.5, "avg_tt_healthcare": 17.0, "avg_tt_shelter": 20.666666666666668, "avg_tt_all": 17.041666666666668, "n_unreachable_categories": 2, "count_community": 0.0, "count_education": 1.0, "count_essential_services": 0.0, "count_food_and_drink": 3.0, "count_healthcare": 1.0, "count_shelter": 6.0, "gravity_community_per_100": 0.0, "gravity_education_per_100": 0.0, "gravity_essential_services_per_100": 0.0, "gravity_food_and_drink_per_100": 0.0, "gravity_healthcare_per_100": 0.0, "gravity_shelter_per_100": 0.0, "shannon": 1.1209503975488744, "kl_divergence": 0.34681966810065112, "jsd": 0.30300928990366266, "city_similarity": 0.69699071009633728 }, "geometry": { "type": "Polygon", "coordinates": [ [ [ 24.753452063385236, 59.365683529855552 ], [ 24.744662553844329, 59.365531789210301 ], [ 24.740009353666277, 59.369341183518998 ], [ 24.744146527688148, 59.373302782853877 ], [ 24.752938044154529, 59.373454570207201 ], [ 24.757590379314852, 59.369644711509103 ], [ 24.753452063385236, 59.365683529855552 ] ] ] } },
{ "type": "Feature", "properties": { "from_id": "248", "population": 0.0, "gravity_community": 0.0, "gravity_education": 0.0, "gravity_essential_services": 0.0, "gravity_food_and_drink": 0.59078684204088361, "gravity_healthcare": 0.60738039731376148, "gravity_shelter": 1.2412835393453538, "avg_gravity": 0.40657512978333316, "min_tt_community": null, "min_tt_education": null, "min_tt_essential_services": null, "min_tt_food_and_drink": 19.0, "min_tt_healthcare": 18.0, "min_tt_shelter": 13.0, "avg_tt_community": null, "avg_tt_education": null, "avg_tt_essential_services": null, "avg_tt_food_and_drink": 19.0, "avg_tt_healthcare": 18.0, "avg_tt_shelter": 17.5, "avg_tt_all": 18.166666666666668, "n_unreachable_categories": 3, "count_community": 0.0, "count_education": 0.0, "count_essential_services": 0.0, "count_food_and_drink": 1.0, "count_healthcare": 1.0, "count_shelter": 2.0, "gravity_community_per_100": 0.0, "gravity_education_per_100": 0.0, "gravity_essential_services_per_100": 0.0, "gravity_food_and_drink_per_100": 0.0, "gravity_healthcare_per_100": 0.0, "gravity_shelter_per_100": 0.0, "shannon": 1.0397207777942468, "kl_divergence": 0.4834363260073084, "jsd": 0.36826976645474829, "city_similarity": 0.63173023354525171 }, "geometry": { "type": "Polygon", "coordinates": [ [ [ 24.766891901594892, 59.362024471298497 ], [ 24.768537997770082, 59.363599633497081 ], [ 24.770547866821293, 59.362190246582024 ], [ 24.773561477661133, 59.360088348388672 ], [ 24.770772933959961, 59.359977722167976 ], [ 24.769437681256445, 59.359938129223892 ], [ 24.766891901594892, 59.362024471298497 ] ] ] } },
{ "type": "Feature", "properties": { "from_id": "249", "population": 0.0, "gravity_community": 0.0, "gravity_education": 0.0, "gravity_essential_services": 0.0, "gravity_food_and_drink": 1.0, "gravity_healthcare": 0.0, "gravity_shelter": 0.0, "avg_gravity": 0.16666666666666666, "min_tt_community": null, "min_tt_education": null, "min_tt_essential_services": null, "min_tt_food_and_drink": null, "min_tt_healthcare": null, "min_tt_shelter": null, "avg_tt_community": null, "avg_tt_education": null, "avg_tt_essential_services": null, "avg_tt_food_and_drink": null, "avg_tt_healthcare": null, "avg_tt_shelter": null, "avg_tt_all": null, "n_unreachable_categories": 6, "count_community": 0.0, "count_education": 0.0, "count_essential_services": 0.0, "count_food_and_drink": 1.0, "count_healthcare": 0.0, "count_shelter": 0.0, "gravity_community_per_100": 0.0, "gravity_education_per_100": 0.0, "gravity_essential_services_per_100": 0.0, "gravity_food_and_drink_per_100": 0.0, "gravity_healthcare_per_100": 0.0, "gravity_shelter_per_100": 0.0, "shannon": 1.1412925456691193e-08, "kl_divergence": 0.77442750133451621, "jsd": 0.48757412718494225, "city_similarity": 0.51242587281505769 }, "geometry": { "type": "Polygon", "coordinates": [ [ [ 24.765869884118334, 59.377566691443988 ], [ 24.770011073709959, 59.381527489601574 ], [ 24.77880487376553, 59.381677546597224 ], [ 24.781488240167437, 59.379478873832745 ], [ 24.781259536743164, 59.377803802490227 ], [ 24.781105041503906, 59.37671661376951 ], [ 24.771690368652344, 59.374118804931634 ], [ 24.7698974609375, 59.375286102294929 ], [ 24.769170761108398, 59.376365661621094 ], [ 24.767504160611892, 59.376228066337113 ], [ 24.765869884118334, 59.377566691443988 ] ] ] } },
{ "type": "Feature", "properties": { "from_id": "250", "population": 0.0, "gravity_community": 0.0, "gravity_education": 0.0, "gravity_essential_services": 0.0, "gravity_food_and_drink": 0.0, "gravity_healthcare": 0.0, "gravity_shelter": 0.0, "avg_gravity": 0.0, "min_tt_community": null, "min_tt_education": null, "min_tt_essential_services": null, "min_tt_food_and_drink": null, "min_tt_healthcare": null, "min_tt_shelter": null, "avg_tt_community": null, "avg_tt_education": null, "avg_tt_essential_services": null, "avg_tt_food_and_drink": null, "avg_tt_healthcare": null, "avg_tt_shelter": null, "avg_tt_all": null, "n_unreachable_categories": 6, "count_community": 0.0, "count_education": 0.0, "count_essential_services": 0.0, "count_food_and_drink": 0.0, "count_healthcare": 0.0, "count_shelter": 0.0, "gravity_community_per_100": 0.0, "gravity_education_per_100": 0.0, "gravity_essential_services_per_100": 0.0, "gravity_food_and_drink_per_100": 0.0, "gravity_healthcare_per_100": 0.0, "gravity_shelter_per_100": 0.0, "shannon": 1.3815510557964275e-08, "kl_divergence": 0.333576385971945, "jsd": 0.27633281748366462, "city_similarity": 0.72366718251633544 }, "geometry": { "type": "Polygon", "coordinates": [ [ [ 24.77880487376553, 59.381677546597224 ], [ 24.782948072105508, 59.38563794366123 ], [ 24.788305704261074, 59.385728897586446 ], [ 24.788036346435547, 59.38543701171875 ], [ 24.786966323852539, 59.384529113769538 ], [ 24.787744522094727, 59.382740020751953 ], [ 24.784126281738281, 59.381015777587891 ], [ 24.781536102294922, 59.379829406738267 ], [ 24.781488240167437, 59.379478873832745 ], [ 24.77880487376553, 59.381677546597224 ] ] ] } },
{ "type": "Feature", "properties": { "from_id": "251", "population": 0.0, "gravity_community": 0.0, "gravity_education": 0.0, "gravity_essential_services": 0.0, "gravity_food_and_drink": 1.0, "gravity_healthcare": 0.0, "gravity_shelter": 0.0, "avg_gravity": 0.16666666666666666, "min_tt_community": null, "min_tt_education": null, "min_tt_essential_services": null, "min_tt_food_and_drink": null, "min_tt_healthcare": null, "min_tt_shelter": null, "avg_tt_community": null, "avg_tt_education": null, "avg_tt_essential_services": null, "avg_tt_food_and_drink": null, "avg_tt_healthcare": null, "avg_tt_shelter": null, "avg_tt_all": null, "n_unreachable_categories": 6, "count_community": 0.0, "count_education": 0.0, "count_essential_services": 0.0, "count_food_and_drink": 1.0, "count_healthcare": 0.0, "count_shelter": 0.0, "gravity_community_per_100": 0.0, "gravity_education_per_100": 0.0, "gravity_essential_services_per_100": 0.0, "gravity_food_and_drink_per_100": 0.0, "gravity_healthcare_per_100": 0.0, "gravity_shelter_per_100": 0.0, "shannon": 1.1412925456691193e-08, "kl_divergence": 0.77442750133451621, "jsd": 0.48757412718494225, "city_similarity": 0.51242587281505769 }, "geometry": { "type": "Polygon", "coordinates": [ [ [ 24.77880487376553, 59.381677546597224 ], [ 24.770011073709959, 59.381527489601574 ], [ 24.765358463066427, 59.385337783473481 ], [ 24.76950051972565, 59.389298598786915 ], [ 24.778296329068485, 59.389448701987362 ], [ 24.782948072105508, 59.38563794366123 ], [ 24.77880487376553, 59.381677546597224 ] ] ] } },
{ "type": "Feature", "properties": { "from_id": "252", "population": 0.0, "gravity_community": 0.0, "gravity_education": 2.1906657807684846, "gravity_essential_services": 0.0, "gravity_food_and_drink": 1.5143763926983296, "gravity_healthcare": 0.0, "gravity_shelter": 2.1610948800548808, "avg_gravity": 0.9776895089202825, "min_tt_community": null, "min_tt_education": 15.0, "min_tt_essential_services": null, "min_tt_food_and_drink": 24.0, "min_tt_healthcare": null, "min_tt_shelter": 21.0, "avg_tt_community": null, "avg_tt_education": 22.0, "avg_tt_essential_services": null, "avg_tt_food_and_drink": 24.0, "avg_tt_healthcare": null, "avg_tt_shelter": 22.25, "avg_tt_all": 22.75, "n_unreachable_categories": 3, "count_community": 0.0, "count_education": 4.0, "count_essential_services": 0.0, "count_food_and_drink": 2.0, "count_healthcare": 0.0, "count_shelter": 4.0, "gravity_community_per_100": 0.0, "gravity_education_per_100": 0.0, "gravity_essential_services_per_100": 0.0, "gravity_food_and_drink_per_100": 0.0, "gravity_healthcare_per_100": 0.0, "gravity_shelter_per_100": 0.0, "shannon": 1.0549201749381014, "kl_divergence": 0.64648156905096599, "jsd": 0.41091534480822656, "city_similarity": 0.58908465519177344 }, "geometry": { "type": "Polygon", "coordinates": [ [ [ 24.782948072105508, 59.38563794366123 ], [ 24.778296329068485, 59.389448701987362 ], [ 24.78244039555403, 59.393409116091661 ], [ 24.791237346680806, 59.393558353407428 ], [ 24.793276532298488, 59.391887442195397 ], [ 24.791570663452148, 59.391063690185547 ], [ 24.791631698608398, 59.391014099121094 ], [ 24.792009353637695, 59.390708923339844 ], [ 24.791301727294922, 59.390541076660156 ], [ 24.791299819946293, 59.390541076660156 ], [ 24.791206359863281, 59.390098571777365 ], [ 24.791088104248047, 59.389545440673828 ], [ 24.790584564208984, 59.388683319091783 ], [ 24.789222717285156, 59.386722564697251 ], [ 24.788305704261074, 59.385728897586446 ], [ 24.782948072105508, 59.38563794366123 ] ] ] } },
{ "type": "Feature", "properties": { "from_id": "253", "population": 0.0, "gravity_community": 0.0, "gravity_education": 0.0, "gravity_essential_services": 1.0, "gravity_food_and_drink": 0.0, "gravity_healthcare": 0.0, "gravity_shelter": 0.0, "avg_gravity": 0.16666666666666666, "min_tt_community": null, "min_tt_education": null, "min_tt_essential_services": null, "min_tt_food_and_drink": null, "min_tt_healthcare": null, "min_tt_shelter": null, "avg_tt_community": null, "avg_tt_education": null, "avg_tt_essential_services": null, "avg_tt_food_and_drink": null, "avg_tt_healthcare": null, "avg_tt_shelter": null, "avg_tt_all": null, "n_unreachable_categories": 6, "count_community": 0.0, "count_education": 0.0, "count_essential_services": 1.0, "count_food_and_drink": 0.0, "count_healthcare": 0.0, "count_shelter": 0.0, "gravity_community_per_100": 0.0, "gravity_education_per_100": 0.0, "gravity_essential_services_per_100": 0.0, "gravity_food_and_drink_per_100": 0.0, "gravity_healthcare_per_100": 0.0, "gravity_shelter_per_100": 0.0, "shannon": 1.1412925456691193e-08, "kl_divergence": 2.4276372292695942, "jsd": 0.73485996320676417, "city_similarity": 0.26514003679323583 }, "geometry": { "type": "Polygon", "coordinates": [ [ [ 24.778296329068485, 59.389448701987362 ], [ 24.76950051972565, 59.389298598786915 ], [ 24.76484676686232, 59.393108863473223 ], [ 24.768989691024526, 59.397069695952787 ], [ 24.777787510732995, 59.397219845379148 ], [ 24.78244039555403, 59.393409116091661 ], [ 24.778296329068485, 59.389448701987362 ] ] ] } },
{ "type": "Feature", "properties": { "from_id": "254", "population": 0.0, "gravity_community": 0.0, "gravity_education": 3.7260074021259975, "gravity_essential_services": 0.0, "gravity_food_and_drink": 3.5186144106582073, "gravity_healthcare": 1.2839575969753314, "gravity_shelter": 8.8261798813974135, "avg_gravity": 2.8924598818594922, "min_tt_community": null, "min_tt_education": 9.0, "min_tt_essential_services": null, "min_tt_food_and_drink": 15.0, "min_tt_healthcare": 16.0, "min_tt_shelter": 12.0, "avg_tt_community": null, "avg_tt_education": 17.666666666666668, "avg_tt_essential_services": null, "avg_tt_food_and_drink": 16.75, "avg_tt_healthcare": 16.0, "avg_tt_shelter": 16.785714285714285, "avg_tt_all": 16.800595238095241, "n_unreachable_categories": 2, "count_community": 0.0, "count_education": 6.0, "count_essential_services": 0.0, "count_food_and_drink": 5.0, "count_healthcare": 2.0, "count_shelter": 14.0, "gravity_community_per_100": 0.0, "gravity_education_per_100": 0.0, "gravity_essential_services_per_100": 0.0, "gravity_food_and_drink_per_100": 0.0, "gravity_healthcare_per_100": 0.0, "gravity_shelter_per_100": 0.0, "shannon": 1.1798797096221847, "kl_divergence": 0.44567134818928855, "jsd": 0.34446853721154647, "city_similarity": 0.65553146278845353 }, "geometry": { "type": "Polygon", "coordinates": [ [ [ 24.791237346680806, 59.393558353407428 ], [ 24.792638929313284, 59.394897153862978 ], [ 24.793441772460938, 59.394340515136726 ], [ 24.7943229675293, 59.393852233886719 ], [ 24.795829772949219, 59.393108367919922 ], [ 24.793577194213867, 59.392032623291016 ], [ 24.793276532298488, 59.391887442195397 ], [ 24.791237346680806, 59.393558353407428 ] ] ] } },
{ "type": "Feature", "properties": { "from_id": "255", "population": 0.0, "gravity_community": 0.0, "gravity_education": 2.2422868240613671, "gravity_essential_services": 2.6895014869550975, "gravity_food_and_drink": 9.2230408955012244, "gravity_healthcare": 1.1034704120717929, "gravity_shelter": 9.7039629743371307, "avg_gravity": 4.160377098821102, "min_tt_community": null, "min_tt_education": 17.0, "min_tt_essential_services": 21.0, "min_tt_food_and_drink": 16.0, "min_tt_healthcare": 20.0, "min_tt_shelter": 6.0, "avg_tt_community": null, "avg_tt_education": 21.0, "avg_tt_essential_services": 22.4, "avg_tt_food_and_drink": 21.8, "avg_tt_healthcare": 21.5, "avg_tt_shelter": 16.133333333333333, "avg_tt_all": 20.56666666666667, "n_unreachable_categories": 1, "count_community": 0.0, "count_education": 4.0, "count_essential_services": 5.0, "count_food_and_drink": 16.0, "count_healthcare": 2.0, "count_shelter": 15.0, "gravity_community_per_100": 0.0, "gravity_education_per_100": 0.0, "gravity_essential_services_per_100": 0.0, "gravity_food_and_drink_per_100": 0.0, "gravity_healthcare_per_100": 0.0, "gravity_shelter_per_100": 0.0, "shannon": 1.3576497653202266, "kl_divergence": 0.10549030349248778, "jsd": 0.17081935852023075, "city_similarity": 0.82918064147976922 }, "geometry": { "type": "Polygon", "coordinates": [ [ [ 24.740009353666277, 59.369341183518998 ], [ 24.7312189796457, 59.369188531430289 ], [ 24.726563772646863, 59.372997431693548 ], [ 24.730699803684697, 59.376959448614002 ], [ 24.739492185064218, 59.37711214769417 ], [ 24.744146527688148, 59.373302782853877 ], [ 24.740009353666277, 59.369341183518998 ] ] ] } },
{ "type": "Feature", "properties": { "from_id": "256", "population": 0.0, "gravity_community": 0.0, "gravity_education": 0.59078684204088361, "gravity_essential_services": 1.0, "gravity_food_and_drink": 1.2722531825161552, "gravity_healthcare": 0.5746466205894657, "gravity_shelter": 2.3784855249415919, "avg_gravity": 0.9693620283480161, "min_tt_community": null, "min_tt_education": 19.0, "min_tt_essential_services": null, "min_tt_food_and_drink": 13.0, "min_tt_healthcare": 20.0, "min_tt_shelter": 15.0, "avg_tt_community": null, "avg_tt_education": 19.0, "avg_tt_essential_services": null, "avg_tt_food_and_drink": 16.5, "avg_tt_healthcare": 20.0, "avg_tt_shelter": 19.0, "avg_tt_all": 18.625, "n_unreachable_categories": 2, "count_community": 0.0, "count_education": 1.0, "count_essential_services": 1.0, "count_food_and_drink": 2.0, "count_healthcare": 1.0, "count_shelter": 4.0, "gravity_community_per_100": 0.0, "gravity_education_per_100": 0.0, "gravity_essential_services_per_100": 0.0, "gravity_food_and_drink_per_100": 0.0, "gravity_healthcare_per_100": 0.0, "gravity_shelter_per_100": 0.0, "shannon": 1.4270610460739779, "kl_divergence": 0.20703702807842267, "jsd": 0.23212132852857165, "city_similarity": 0.7678786714714283 }, "geometry": { "type": "Polygon", "coordinates": [ [ [ 24.757590379314852, 59.369644711509103 ], [ 24.752938044154529, 59.373454570207201 ], [ 24.757077225640018, 59.377415769121711 ], [ 24.765869884118334, 59.377566691443988 ], [ 24.767504160611892, 59.376228066337113 ], [ 24.76542854309082, 59.376056671142585 ], [ 24.762006759643555, 59.375759124755866 ], [ 24.760540008544922, 59.374927520751939 ], [ 24.760574340820312, 59.374832153320327 ], [ 24.76158332824707, 59.37190246582032 ], [ 24.761688232421879, 59.371612548828118 ], [ 24.762172698974609, 59.370124816894545 ], [ 24.762307123021667, 59.369725739830663 ], [ 24.757590379314852, 59.369644711509103 ] ] ] } },
{ "type": "Feature", "properties": { "from_id": "257", "population": 0.0, "gravity_community": 0.0, "gravity_education": 0.7373445445778144, "gravity_essential_services": 1.0, "gravity_food_and_drink": 1.2346568136828759, "gravity_healthcare": 0.5746466205894657, "gravity_shelter": 5.2570350367250818, "avg_gravity": 1.4672805025958731, "min_tt_community": null, "min_tt_education": 11.0, "min_tt_essential_services": null, "min_tt_food_and_drink": 15.0, "min_tt_healthcare": 20.0, "min_tt_shelter": 6.0, "avg_tt_community": null, "avg_tt_education": 11.0, "avg_tt_essential_services": null, "avg_tt_food_and_drink": 17.5, "avg_tt_healthcare": 20.0, "avg_tt_shelter": 15.625, "avg_tt_all": 16.03125, "n_unreachable_categories": 2, "count_community": 0.0, "count_education": 1.0, "count_essential_services": 1.0, "count_food_and_drink": 2.0, "count_healthcare": 1.0, "count_shelter": 8.0, "gravity_community_per_100": 0.0, "gravity_education_per_100": 0.0, "gravity_essential_services_per_100": 0.0, "gravity_food_and_drink_per_100": 0.0, "gravity_healthcare_per_100": 0.0, "gravity_shelter_per_100": 0.0, "shannon": 1.178654999149447, "kl_divergence": 0.42830486507295401, "jsd": 0.32273879005484735, "city_similarity": 0.67726120994515271 }, "geometry": { "type": "Polygon", "coordinates": [ [ [ 24.752938044154529, 59.373454570207201 ], [ 24.744146527688148, 59.373302782853877 ], [ 24.739492185064218, 59.37711214769417 ], [ 24.743630223999286, 59.381073764415568 ], [ 24.752423748467688, 59.381225598498247 ], [ 24.757077225640018, 59.377415769121711 ], [ 24.752938044154529, 59.373454570207201 ] ] ] } },
{ "type": "Feature", "properties": { "from_id": "258", "population": 0.0, "gravity_community": 0.0, "gravity_education": 0.60738039731376148, "gravity_essential_services": 0.0, "gravity_food_and_drink": 3.5802907640912416, "gravity_healthcare": 0.51437639269832958, "gravity_shelter": 5.7376090546196421, "avg_gravity": 1.7399427681204955, "min_tt_community": null, "min_tt_education": 18.0, "min_tt_essential_services": null, "min_tt_food_and_drink": 19.0, "min_tt_healthcare": 24.0, "min_tt_shelter": 11.0, "avg_tt_community": null, "avg_tt_education": 18.0, "avg_tt_essential_services": null, "avg_tt_food_and_drink": 24.0, "avg_tt_healthcare": 24.0, "avg_tt_shelter": 16.444444444444443, "avg_tt_all": 20.611111111111111, "n_unreachable_categories": 2, "count_community": 0.0, "count_education": 1.0, "count_essential_services": 0.0, "count_food_and_drink": 6.0, "count_healthcare": 1.0, "count_shelter": 9.0, "gravity_community_per_100": 0.0, "gravity_education_per_100": 0.0, "gravity_essential_services_per_100": 0.0, "gravity_food_and_drink_per_100": 0.0, "gravity_healthcare_per_100": 0.0, "gravity_shelter_per_100": 0.0, "shannon": 1.0375911130314024, "kl_divergence": 0.32161182450368181, "jsd": 0.2933438138773814, "city_similarity": 0.7066561861226186 }, "geometry": { "type": "Polygon", "coordinates": [ [ [ 24.739492185064218, 59.37711214769417 ], [ 24.730699803684697, 59.376959448614002 ], [ 24.726043453163545, 59.380768319250812 ], [ 24.730180348471105, 59.384730353683288 ], [ 24.738974738286409, 59.384883099776381 ], [ 24.743630223999286, 59.381073764415568 ], [ 24.739492185064218, 59.37711214769417 ] ] ] } },
{ "type": "Feature", "properties": { "from_id": "259", "population": 1.5394664938632083, "gravity_community": 0.0, "gravity_education": 0.0, "gravity_essential_services": 0.0, "gravity_food_and_drink": 1.4237125507517197, "gravity_healthcare": 0.0, "gravity_shelter": 0.50032369501323448, "avg_gravity": 0.32067270762749239, "min_tt_community": null, "min_tt_education": null, "min_tt_essential_services": null, "min_tt_food_and_drink": 31.0, "min_tt_healthcare": null, "min_tt_shelter": 25.0, "avg_tt_community": null, "avg_tt_education": null, "avg_tt_essential_services": null, "avg_tt_food_and_drink": 31.0, "avg_tt_healthcare": null, "avg_tt_shelter": 25.0, "avg_tt_all": 28.0, "n_unreachable_categories": 4, "count_community": 0.0, "count_education": 0.0, "count_essential_services": 0.0, "count_food_and_drink": 2.0, "count_healthcare": 0.0, "count_shelter": 1.0, "gravity_community_per_100": 0.0, "gravity_education_per_100": 0.0, "gravity_essential_services_per_100": 0.0, "gravity_food_and_drink_per_100": 92.480905328377077, "gravity_healthcare_per_100": 0.0, "gravity_shelter_per_100": 32.499810616709112, "shannon": 0.63651417745556094, "kl_divergence": 0.39507046192732737, "jsd": 0.35923772996494657, "city_similarity": 0.64076227003505348 }, "geometry": { "type": "Polygon", "coordinates": [ [ [ 24.765869884118334, 59.377566691443988 ], [ 24.757077225640018, 59.377415769121711 ], [ 24.752423748467688, 59.381225598498247 ], [ 24.756563795943322, 59.385186814684026 ], [ 24.765358463066427, 59.385337783473481 ], [ 24.770011073709959, 59.381527489601574 ], [ 24.765869884118334, 59.377566691443988 ] ] ] } },
{ "type": "Feature", "properties": { "from_id": "260", "population": 27.587047711449298, "gravity_community": 0.0, "gravity_education": 0.52882379148232717, "gravity_essential_services": 0.0, "gravity_food_and_drink": 1.4604274416404641, "gravity_healthcare": 0.0, "gravity_shelter": 1.1654334626303493, "avg_gravity": 0.52578078262552341, "min_tt_community": null, "min_tt_education": 23.0, "min_tt_essential_services": null, "min_tt_food_and_drink": 28.0, "min_tt_healthcare": null, "min_tt_shelter": 19.0, "avg_tt_community": null, "avg_tt_education": 23.0, "avg_tt_essential_services": null, "avg_tt_food_and_drink": 28.0, "avg_tt_healthcare": null, "avg_tt_shelter": 19.5, "avg_tt_all": 23.5, "n_unreachable_categories": 3, "count_community": 0.0, "count_education": 1.0, "count_essential_services": 0.0, "count_food_and_drink": 2.0, "count_healthcare": 0.0, "count_shelter": 2.0, "gravity_community_per_100": 0.0, "gravity_education_per_100": 1.9169278170452881, "gravity_essential_services_per_100": 0.0, "gravity_food_and_drink_per_100": 5.293888120671757, "gravity_healthcare_per_100": 0.0, "gravity_shelter_per_100": 4.2245675391595672, "shannon": 1.0549201749381014, "kl_divergence": 0.33728872949875216, "jsd": 0.32142572362170091, "city_similarity": 0.67857427637829915 }, "geometry": { "type": "Polygon", "coordinates": [ [ [ 24.752423748467688, 59.381225598498247 ], [ 24.743630223999286, 59.381073764415568 ], [ 24.738974738286409, 59.384883099776381 ], [ 24.743113642568446, 59.388844733894636 ], [ 24.751909176116211, 59.388996614728072 ], [ 24.756563795943322, 59.385186814684026 ], [ 24.752423748467688, 59.381225598498247 ] ] ] } },
{ "type": "Feature", "properties": { "from_id": "261", "population": 0.51656050836688017, "gravity_community": 0.0, "gravity_education": 0.0, "gravity_essential_services": 1.0, "gravity_food_and_drink": 0.0, "gravity_healthcare": 0.0, "gravity_shelter": 0.0, "avg_gravity": 0.16666666666666666, "min_tt_community": null, "min_tt_education": null, "min_tt_essential_services": null, "min_tt_food_and_drink": null, "min_tt_healthcare": null, "min_tt_shelter": null, "avg_tt_community": null, "avg_tt_education": null, "avg_tt_essential_services": null, "avg_tt_food_and_drink": null, "avg_tt_healthcare": null, "avg_tt_shelter": null, "avg_tt_all": null, "n_unreachable_categories": 6, "count_community": 0.0, "count_education": 0.0, "count_essential_services": 1.0, "count_food_and_drink": 0.0, "count_healthcare": 0.0, "count_shelter": 0.0, "gravity_community_per_100": 0.0, "gravity_education_per_100": 0.0, "gravity_essential_services_per_100": 193.58816320696423, "gravity_food_and_drink_per_100": 0.0, "gravity_healthcare_per_100": 0.0, "gravity_shelter_per_100": 0.0, "shannon": 1.1412925456691193e-08, "kl_divergence": 2.4276372292695942, "jsd": 0.73485996320676417, "city_similarity": 0.26514003679323583 }, "geometry": { "type": "Polygon", "coordinates": [ [ [ 24.765358463066427, 59.385337783473481 ], [ 24.756563795943322, 59.385186814684026 ], [ 24.751909176116211, 59.388996614728072 ], [ 24.756050090016558, 59.392957848195394 ], [ 24.76484676686232, 59.393108863473223 ], [ 24.76950051972565, 59.389298598786915 ], [ 24.765358463066427, 59.385337783473481 ] ] ] } },
{ "type": "Feature", "properties": { "from_id": "262", "population": 32.659448948444229, "gravity_community": 0.0, "gravity_education": 0.0, "gravity_essential_services": 6.2048623159533243, "gravity_food_and_drink": 10.223178277536901, "gravity_healthcare": 3.2064167890368642, "gravity_shelter": 4.5494681708621885, "avg_gravity": 4.0306542588982124, "min_tt_community": null, "min_tt_education": null, "min_tt_essential_services": 16.0, "min_tt_food_and_drink": 9.0, "min_tt_healthcare": 19.0, "min_tt_shelter": 15.0, "avg_tt_community": null, "avg_tt_education": null, "avg_tt_essential_services": 19.888888888888889, "avg_tt_food_and_drink": 18.647058823529413, "avg_tt_healthcare": 22.666666666666668, "avg_tt_shelter": 20.5, "avg_tt_all": 20.425653594771244, "n_unreachable_categories": 2, "count_community": 0.0, "count_education": 0.0, "count_essential_services": 10.0, "count_food_and_drink": 17.0, "count_healthcare": 6.0, "count_shelter": 8.0, "gravity_community_per_100": 0.0, "gravity_education_per_100": 0.0, "gravity_essential_services_per_100": 18.998674245080611, "gravity_food_and_drink_per_100": 31.302359980644724, "gravity_healthcare_per_100": 9.8177308321964372, "gravity_shelter_per_100": 13.93002122615087, "shannon": 1.3092655610624229, "kl_divergence": 0.23139907282753122, "jsd": 0.25730985098545095, "city_similarity": 0.74269014901454899 }, "geometry": { "type": "Polygon", "coordinates": [ [ [ 24.738974738286409, 59.384883099776381 ], [ 24.730180348471105, 59.384730353683288 ], [ 24.725522853783762, 59.388539194682551 ], [ 24.729660613794302, 59.392501246637408 ], [ 24.738457013123028, 59.392654039764928 ], [ 24.743113642568446, 59.388844733894636 ], [ 24.738974738286409, 59.384883099776381 ] ] ] } },
{ "type": "Feature", "properties": { "from_id": "263", "population": 198.25443870355789, "gravity_community": 0.0, "gravity_education": 0.0, "gravity_essential_services": 0.0, "gravity_food_and_drink": 2.1335939685265775, "gravity_healthcare": 0.0, "gravity_shelter": 0.0, "avg_gravity": 0.35559899475442958, "min_tt_community": null, "min_tt_education": null, "min_tt_essential_services": null, "min_tt_food_and_drink": 20.0, "min_tt_healthcare": null, "min_tt_shelter": null, "avg_tt_community": null, "avg_tt_education": null, "avg_tt_essential_services": null, "avg_tt_food_and_drink": 20.5, "avg_tt_healthcare": null, "avg_tt_shelter": null, "avg_tt_all": 20.5, "n_unreachable_categories": 5, "count_community": 0.0, "count_education": 0.0, "count_essential_services": 0.0, "count_food_and_drink": 3.0, "count_healthcare": 0.0, "count_shelter": 0.0, "gravity_community_per_100": 0.0, "gravity_education_per_100": 0.0, "gravity_essential_services_per_100": 0.0, "gravity_food_and_drink_per_100": 1.0761897602287014, "gravity_healthcare_per_100": 0.0, "gravity_shelter_per_100": 0.0, "shannon": 1.1412925456691193e-08, "kl_divergence": 0.77442750133451621, "jsd": 0.48757412718494225, "city_similarity": 0.51242587281505769 }, "geometry": { "type": "Polygon", "coordinates": [ [ [ 24.751909176116211, 59.388996614728072 ], [ 24.743113642568446, 59.388844733894636 ], [ 24.738457013123028, 59.392654039764928 ], [ 24.742596783186094, 59.3966156912904 ], [ 24.751394326891383, 59.396767618895929 ], [ 24.756050090016558, 59.392957848195394 ], [ 24.751909176116211, 59.388996614728072 ] ] ] } },
{ "type": "Feature", "properties": { "from_id": "264", "population": 80.93532208854765, "gravity_community": 0.0, "gravity_education": 0.0, "gravity_essential_services": 0.0, "gravity_food_and_drink": 1.0, "gravity_healthcare": 0.0, "gravity_shelter": 0.0, "avg_gravity": 0.16666666666666666, "min_tt_community": null, "min_tt_education": null, "min_tt_essential_services": null, "min_tt_food_and_drink": null, "min_tt_healthcare": null, "min_tt_shelter": null, "avg_tt_community": null, "avg_tt_education": null, "avg_tt_essential_services": null, "avg_tt_food_and_drink": null, "avg_tt_healthcare": null, "avg_tt_shelter": null, "avg_tt_all": null, "n_unreachable_categories": 6, "count_community": 0.0, "count_education": 0.0, "count_essential_services": 0.0, "count_food_and_drink": 1.0, "count_healthcare": 0.0, "count_shelter": 0.0, "gravity_community_per_100": 0.0, "gravity_education_per_100": 0.0, "gravity_essential_services_per_100": 0.0, "gravity_food_and_drink_per_100": 1.2355544825112892, "gravity_healthcare_per_100": 0.0, "gravity_shelter_per_100": 0.0, "shannon": 1.1412925456691193e-08, "kl_divergence": 0.77442750133451621, "jsd": 0.48757412718494225, "city_similarity": 0.51242587281505769 }, "geometry": { "type": "Polygon", "coordinates": [ [ [ 24.76484676686232, 59.393108863473223 ], [ 24.756050090016558, 59.392957848195394 ], [ 24.751394326891383, 59.396767618895929 ], [ 24.755536107651324, 59.400728869655133 ], [ 24.764334795298403, 59.400879931442596 ], [ 24.768989691024526, 59.397069695952787 ], [ 24.76484676686232, 59.393108863473223 ] ] ] } },
{ "type": "Feature", "properties": { "from_id": "265", "population": 0.40204987164285599, "gravity_community": 0.0, "gravity_education": 0.48665491524317583, "gravity_essential_services": 5.5874340180291853, "gravity_food_and_drink": 12.094400678077905, "gravity_healthcare": 4.2784424081037882, "gravity_shelter": 4.6610100216861188, "avg_gravity": 4.5179903401900292, "min_tt_community": null, "min_tt_education": 26.0, "min_tt_essential_services": 18.0, "min_tt_food_and_drink": 13.0, "min_tt_healthcare": 20.0, "min_tt_shelter": 14.0, "avg_tt_community": null, "avg_tt_education": 26.0, "avg_tt_essential_services": 21.1, "avg_tt_food_and_drink": 20.047619047619047, "avg_tt_healthcare": 22.625, "avg_tt_shelter": 19.625, "avg_tt_all": 21.87952380952381, "n_unreachable_categories": 1, "count_community": 0.0, "count_education": 1.0, "count_essential_services": 10.0, "count_food_and_drink": 21.0, "count_healthcare": 8.0, "count_shelter": 8.0, "gravity_community_per_100": 0.0, "gravity_education_per_100": 121.04342012462452, "gravity_essential_services_per_100": 1389.7365506417937, "gravity_food_and_drink_per_100": 3008.1841908462179, "gravity_healthcare_per_100": 1064.1571381732367, "gravity_shelter_per_100": 1159.3114064780825, "shannon": 1.3663700389244418, "kl_divergence": 0.15525825257607057, "jsd": 0.2045498244934523, "city_similarity": 0.79545017550654773 }, "geometry": { "type": "Polygon", "coordinates": [ [ [ 24.738457013123028, 59.392654039764928 ], [ 24.729660613794302, 59.392501246637408 ], [ 24.725001974296365, 59.396310057987996 ], [ 24.729140599443433, 59.400272127475652 ], [ 24.737939009364048, 59.400424967659085 ], [ 24.742596783186094, 59.3966156912904 ], [ 24.738457013123028, 59.392654039764928 ] ] ] } },
{ "type": "Feature", "properties": { "from_id": "266", "population": 0.82717991398466328, "gravity_community": 0.0, "gravity_education": 0.0, "gravity_essential_services": 1.0, "gravity_food_and_drink": 1.5880948344326735, "gravity_healthcare": 0.0, "gravity_shelter": 0.0, "avg_gravity": 0.43134913907211225, "min_tt_community": null, "min_tt_education": null, "min_tt_essential_services": null, "min_tt_food_and_drink": 21.0, "min_tt_healthcare": null, "min_tt_shelter": null, "avg_tt_community": null, "avg_tt_education": null, "avg_tt_essential_services": null, "avg_tt_food_and_drink": 23.0, "avg_tt_healthcare": null, "avg_tt_shelter": null, "avg_tt_all": 23.0, "n_unreachable_categories": 5, "count_community": 0.0, "count_education": 0.0, "count_essential_services": 1.0, "count_food_and_drink": 3.0, "count_healthcare": 0.0, "count_shelter": 0.0, "gravity_community_per_100": 0.0, "gravity_education_per_100": 0.0, "gravity_essential_services_per_100": 120.89268405742996, "gravity_food_and_drink_per_100": 191.98904707230577, "gravity_healthcare_per_100": 0.0, "gravity_shelter_per_100": 0.0, "shannon": 0.56233515379654642, "kl_divergence": 0.62539479127206599, "jsd": 0.44022467230661494, "city_similarity": 0.55977532769338501 }, "geometry": { "type": "Polygon", "coordinates": [ [ [ 24.751394326891383, 59.396767618895929 ], [ 24.742596783186094, 59.3966156912904 ], [ 24.737939009364048, 59.400424967659085 ], [ 24.742079645642505, 59.40438663660214 ], [ 24.750879200584286, 59.404538611001144 ], [ 24.755536107651324, 59.400728869655133 ], [ 24.751394326891383, 59.396767618895929 ] ] ] } },
{ "type": "Feature", "properties": { "from_id": "267", "population": 1.4520595050441536, "gravity_community": 0.0, "gravity_education": 0.0, "gravity_essential_services": 0.0, "gravity_food_and_drink": 2.0287527853966592, "gravity_healthcare": 0.0, "gravity_shelter": 1.0725007689009916, "avg_gravity": 0.51687559238294178, "min_tt_community": null, "min_tt_education": null, "min_tt_essential_services": null, "min_tt_food_and_drink": 24.0, "min_tt_healthcare": null, "min_tt_shelter": 22.0, "avg_tt_community": null, "avg_tt_education": null, "avg_tt_essential_services": null, "avg_tt_food_and_drink": 24.0, "avg_tt_healthcare": null, "avg_tt_shelter": 22.5, "avg_tt_all": 23.25, "n_unreachable_categories": 4, "count_community": 0.0, "count_education": 0.0, "count_essential_services": 0.0, "count_food_and_drink": 3.0, "count_healthcare": 0.0, "count_shelter": 2.0, "gravity_community_per_100": 0.0, "gravity_education_per_100": 0.0, "gravity_essential_services_per_100": 0.0, "gravity_food_and_drink_per_100": 139.7155404684996, "gravity_healthcare_per_100": 0.0, "gravity_shelter_per_100": 73.860662402287673, "shannon": 0.67301167616230839, "kl_divergence": 0.4100043884931861, "jsd": 0.36330414767645242, "city_similarity": 0.63669585232354753 }, "geometry": { "type": "Polygon", "coordinates": [ [ [ 24.764334795298403, 59.400879931442596 ], [ 24.755536107651324, 59.400728869655133 ], [ 24.750879200584286, 59.404538611001144 ], [ 24.755021848638993, 59.408499879062539 ], [ 24.763822548166871, 59.408650987380923 ], [ 24.768478587399276, 59.404840781098528 ], [ 24.764334795298403, 59.400879931442596 ] ] ] } },
{ "type": "Feature", "properties": { "from_id": "268", "population": 4.6987592632669015, "gravity_community": 4.4147283842385754, "gravity_education": 24.655651204049942, "gravity_essential_services": 21.532174316605207, "gravity_food_and_drink": 119.51528812704851, "gravity_healthcare": 26.571276045528297, "gravity_shelter": 44.723363423773144, "avg_gravity": 40.235413583540613, "min_tt_community": 19.0, "min_tt_education": 6.0, "min_tt_essential_services": 5.0, "min_tt_food_and_drink": 2.0, "min_tt_healthcare": 3.0, "min_tt_shelter": 9.0, "avg_tt_community": 21.5, "avg_tt_education": 20.255813953488371, "avg_tt_essential_services": 19.891891891891891, "avg_tt_food_and_drink": 20.751196172248804, "avg_tt_healthcare": 16.390243902439025, "avg_tt_shelter": 19.818181818181817, "avg_tt_all": 19.767887956374985, "n_unreachable_categories": 0, "count_community": 8.0, "count_education": 43.0, "count_essential_services": 37.0, "count_food_and_drink": 210.0, "count_healthcare": 41.0, "count_shelter": 77.0, "gravity_community_per_100": 93.955194060509314, "gravity_education_per_100": 524.7268443139526, "gravity_essential_services_per_100": 458.25234088784867, "gravity_food_and_drink_per_100": 2543.5499337319366, "gravity_healthcare_per_100": 565.49558206253187, "gravity_shelter_per_100": 951.81218951571441, "shannon": 1.4114709491085486, "kl_divergence": 0.0072886546630747395, "jsd": 0.043376452643215657, "city_similarity": 0.95662354735678434 }, "geometry": { "type": "Polygon", "coordinates": [ [ [ 24.737939009364048, 59.400424967659085 ], [ 24.729140599443433, 59.400272127475652 ], [ 24.724480814490008, 59.404080909166389 ], [ 24.72862030520745, 59.408042996197317 ], [ 24.737420726799222, 59.408195883458177 ], [ 24.742079645642505, 59.40438663660214 ], [ 24.737939009364048, 59.400424967659085 ] ] ] } },
{ "type": "Feature", "properties": { "from_id": "269", "population": 1.4829438877863232, "gravity_community": 0.0, "gravity_education": 3.361051370868561, "gravity_essential_services": 2.9662756695350279, "gravity_food_and_drink": 18.913029166284041, "gravity_healthcare": 10.289950244589583, "gravity_shelter": 6.0718233380470696, "avg_gravity": 6.9336882982207131, "min_tt_community": null, "min_tt_education": 17.0, "min_tt_essential_services": 14.0, "min_tt_food_and_drink": 13.0, "min_tt_healthcare": 17.0, "min_tt_shelter": 11.0, "avg_tt_community": null, "avg_tt_education": 21.0, "avg_tt_essential_services": 19.0, "avg_tt_food_and_drink": 20.242424242424242, "avg_tt_healthcare": 20.277777777777779, "avg_tt_shelter": 18.3, "avg_tt_all": 19.764040404040404, "n_unreachable_categories": 1, "count_community": 0.0, "count_education": 6.0, "count_essential_services": 5.0, "count_food_and_drink": 33.0, "count_healthcare": 18.0, "count_shelter": 10.0, "gravity_community_per_100": 0.0, "gravity_education_per_100": 226.64723854695529, "gravity_essential_services_per_100": 200.02615702222965, "gravity_food_and_drink_per_100": 1275.3705195492341, "gravity_healthcare_per_100": 693.88668912820378, "gravity_shelter_per_100": 409.44390330984362, "shannon": 1.370623920664517, "kl_divergence": 0.11758287748093887, "jsd": 0.17387421241853615, "city_similarity": 0.82612578758146382 }, "geometry": { "type": "Polygon", "coordinates": [ [ [ 24.750879200584286, 59.404538611001144 ], [ 24.742079645642505, 59.40438663660214 ], [ 24.737420726799222, 59.408195883458177 ], [ 24.74156222972773, 59.412157569829155 ], [ 24.750363796985781, 59.412309591043041 ], [ 24.755021848638993, 59.408499879062539 ], [ 24.750879200584286, 59.404538611001144 ] ] ] } },
{ "type": "Feature", "properties": { "from_id": "270", "population": 0.0, "gravity_community": 7.5915101122888373, "gravity_education": 38.124356118078182, "gravity_essential_services": 31.846750983155385, "gravity_food_and_drink": 147.23228302915149, "gravity_healthcare": 34.020604466802347, "gravity_shelter": 70.72057343836704, "avg_gravity": 54.922679691307202, "min_tt_community": 18.0, "min_tt_education": 7.0, "min_tt_essential_services": 6.0, "min_tt_food_and_drink": 4.0, "min_tt_healthcare": 8.0, "min_tt_shelter": 7.0, "avg_tt_community": 22.142857142857142, "avg_tt_education": 20.045454545454547, "avg_tt_essential_services": 20.589285714285715, "avg_tt_food_and_drink": 20.885057471264368, "avg_tt_healthcare": 18.842105263157894, "avg_tt_shelter": 18.991596638655462, "avg_tt_all": 20.249392795945855, "n_unreachable_categories": 0, "count_community": 14.0, "count_education": 66.0, "count_essential_services": 56.0, "count_food_and_drink": 261.0, "count_healthcare": 57.0, "count_shelter": 119.0, "gravity_community_per_100": 0.0, "gravity_education_per_100": 0.0, "gravity_essential_services_per_100": 0.0, "gravity_food_and_drink_per_100": 0.0, "gravity_healthcare_per_100": 0.0, "gravity_shelter_per_100": 0.0, "shannon": 1.4810896362012116, "kl_divergence": 0.003182019359707149, "jsd": 0.028182907010040146, "city_similarity": 0.97181709298995989 }, "geometry": { "type": "Polygon", "coordinates": [ [ [ 24.737420726799222, 59.408195883458177 ], [ 24.72862030520745, 59.408042996197317 ], [ 24.723959374153115, 59.411851748217053 ], [ 24.728099730875087, 59.415813852801634 ], [ 24.736902165218087, 59.41596678716143 ], [ 24.74156222972773, 59.412157569829155 ], [ 24.737420726799222, 59.408195883458177 ] ] ] } },
{ "type": "Feature", "properties": { "from_id": "271", "population": 13.653172814739177, "gravity_community": 1.6798098553286787, "gravity_education": 4.9757401409604434, "gravity_essential_services": 11.121167353327307, "gravity_food_and_drink": 37.092498038939056, "gravity_healthcare": 12.399796902993959, "gravity_shelter": 17.081667649102222, "avg_gravity": 14.058446656775279, "min_tt_community": 19.0, "min_tt_education": 19.0, "min_tt_essential_services": 17.0, "min_tt_food_and_drink": 6.0, "min_tt_healthcare": 13.0, "min_tt_shelter": 4.0, "avg_tt_community": 21.0, "avg_tt_education": 21.444444444444443, "avg_tt_essential_services": 21.25, "avg_tt_food_and_drink": 19.953125, "avg_tt_healthcare": 20.55, "avg_tt_shelter": 18.178571428571427, "avg_tt_all": 20.396023478835978, "n_unreachable_categories": 0, "count_community": 3.0, "count_education": 9.0, "count_essential_services": 20.0, "count_food_and_drink": 64.0, "count_healthcare": 21.0, "count_shelter": 28.0, "gravity_community_per_100": 12.303439487085763, "gravity_education_per_100": 36.443837696018335, "gravity_essential_services_per_100": 81.454820093696739, "gravity_food_and_drink_per_100": 271.67676365230017, "gravity_healthcare_per_100": 90.819892718327381, "gravity_shelter_per_100": 125.11134137745505, "shannon": 1.4843839614326781, "kl_divergence": 0.028795593994513227, "jsd": 0.084140002276089532, "city_similarity": 0.91585999772391047 }, "geometry": { "type": "Polygon", "coordinates": [ [ [ 24.763822548166871, 59.408650987380923 ], [ 24.755021848638993, 59.408499879062539 ], [ 24.750363796985781, 59.412309591043041 ], [ 24.754507312770727, 59.416270876416959 ], [ 24.763310025259699, 59.416422031287503 ], [ 24.767967208642396, 59.412611854223506 ], [ 24.763822548166871, 59.408650987380923 ] ] ] } },
{ "type": "Feature", "properties": { "from_id": "272", "population": 198.53230602092108, "gravity_community": 3.3112579721667821, "gravity_education": 20.58800480523481, "gravity_essential_services": 12.239218078897942, "gravity_food_and_drink": 101.52260773489279, "gravity_healthcare": 20.558997988248603, "gravity_shelter": 22.486043214818572, "avg_gravity": 30.117688299043248, "min_tt_community": 19.0, "min_tt_education": 7.0, "min_tt_essential_services": 12.0, "min_tt_food_and_drink": 6.0, "min_tt_healthcare": 9.0, "min_tt_shelter": 14.0, "avg_tt_community": 21.5, "avg_tt_education": 19.4, "avg_tt_essential_services": 21.318181818181817, "avg_tt_food_and_drink": 21.453551912568305, "avg_tt_healthcare": 18.441176470588236, "avg_tt_shelter": 20.9, "avg_tt_all": 20.502151700223056, "n_unreachable_categories": 0, "count_community": 6.0, "count_education": 35.0, "count_essential_services": 22.0, "count_food_and_drink": 183.0, "count_healthcare": 34.0, "count_shelter": 40.0, "gravity_community_per_100": 1.667868589517036, "gravity_education_per_100": 10.370103091969964, "gravity_essential_services_per_100": 6.1648496026677835, "gravity_food_and_drink_per_100": 51.136568032506744, "gravity_healthcare_per_100": 10.355492463822046, "gravity_shelter_per_100": 11.326138131115558, "shannon": 1.3183895124657656, "kl_divergence": 0.039795380710779649, "jsd": 0.10183492940080241, "city_similarity": 0.89816507059919759 }, "geometry": { "type": "Polygon", "coordinates": [ [ [ 24.750363796985781, 59.412309591043041 ], [ 24.74156222972773, 59.412157569829155 ], [ 24.736902165218087, 59.41596678716143 ], [ 24.741044535231609, 59.419928490970776 ], [ 24.749848115886529, 59.420080559020924 ], [ 24.754507312770727, 59.416270876416959 ], [ 24.750363796985781, 59.412309591043041 ] ] ] } },
{ "type": "Feature", "properties": { "from_id": "273", "population": 5.5770058333655506, "gravity_community": 0.51437639269832958, "gravity_education": 17.686825922765561, "gravity_essential_services": 9.1189890818745845, "gravity_food_and_drink": 36.674869117487731, "gravity_healthcare": 16.375517842685539, "gravity_shelter": 19.664067062456461, "avg_gravity": 16.672440903328035, "min_tt_community": 24.0, "min_tt_education": 8.0, "min_tt_essential_services": 16.0, "min_tt_food_and_drink": 3.0, "min_tt_healthcare": 9.0, "min_tt_shelter": 9.0, "avg_tt_community": 24.0, "avg_tt_education": 19.366666666666667, "avg_tt_essential_services": 19.714285714285715, "avg_tt_food_and_drink": 19.258064516129032, "avg_tt_healthcare": 19.714285714285715, "avg_tt_shelter": 20.0, "avg_tt_all": 20.342217101894523, "n_unreachable_categories": 0, "count_community": 1.0, "count_education": 30.0, "count_essential_services": 15.0, "count_food_and_drink": 62.0, "count_healthcare": 28.0, "count_shelter": 34.0, "gravity_community_per_100": 9.2231639712651923, "gravity_education_per_100": 317.13837946789647, "gravity_essential_services_per_100": 163.5104813288595, "gravity_food_and_drink_per_100": 657.60858448583656, "gravity_healthcare_per_100": 293.62561797435706, "gravity_shelter_per_100": 352.59183242757712, "shannon": 1.5373455527572537, "kl_divergence": 0.064995165558329945, "jsd": 0.12793791892261056, "city_similarity": 0.87206208107738947 }, "geometry": { "type": "Polygon", "coordinates": [ [ [ 24.736902165218087, 59.41596678716143 ], [ 24.728099730875087, 59.415813852801634 ], [ 24.723437653073912, 59.419622575139208 ], [ 24.727578876234855, 59.423584697287858 ], [ 24.736383324409982, 59.423737678768163 ], [ 24.741044535231609, 59.419928490970776 ], [ 24.736902165218087, 59.41596678716143 ] ] ] } },
{ "type": "Feature", "properties": { "from_id": "274", "population": 118.73193343537341, "gravity_community": 2.024666420602208, "gravity_education": 14.215848135955465, "gravity_essential_services": 4.3238705361120235, "gravity_food_and_drink": 44.162690907000467, "gravity_healthcare": 23.386655851766104, "gravity_shelter": 11.644748936218667, "avg_gravity": 16.626413464609154, "min_tt_community": 7.0, "min_tt_education": 9.0, "min_tt_essential_services": 20.0, "min_tt_food_and_drink": 8.0, "min_tt_healthcare": 8.0, "min_tt_shelter": 6.0, "avg_tt_community": 14.666666666666666, "avg_tt_education": 20.56, "avg_tt_essential_services": 22.25, "avg_tt_food_and_drink": 20.717948717948719, "avg_tt_healthcare": 20.585365853658537, "avg_tt_shelter": 18.05263157894737, "avg_tt_all": 19.472102136203549, "n_unreachable_categories": 0, "count_community": 3.0, "count_education": 25.0, "count_essential_services": 8.0, "count_food_and_drink": 78.0, "count_healthcare": 41.0, "count_shelter": 19.0, "gravity_community_per_100": 1.7052416835309496, "gravity_education_per_100": 11.973062111123834, "gravity_essential_services_per_100": 3.6417081833048188, "gravity_food_and_drink_per_100": 37.195293321015882, "gravity_healthcare_per_100": 19.697022675450341, "gravity_shelter_per_100": 9.8075964900857802, "shannon": 1.4324613422562964, "kl_divergence": 0.11272609183068447, "jsd": 0.16530178345365576, "city_similarity": 0.83469821654634424 }, "geometry": { "type": "Polygon", "coordinates": [ [ [ 24.763310025259699, 59.416422031287503 ], [ 24.754507312770727, 59.416270876416959 ], [ 24.749848115886529, 59.420080559020924 ], [ 24.753992499837484, 59.424041861717683 ], [ 24.762797226368651, 59.424193063161717 ], [ 24.76745555454616, 59.420382915327025 ], [ 24.763310025259699, 59.416422031287503 ] ] ] } },
{ "type": "Feature", "properties": { "from_id": "275", "population": 72.351348616543163, "gravity_community": 0.0, "gravity_education": 1.0287527853966592, "gravity_essential_services": 1.0, "gravity_food_and_drink": 0.51437639269832958, "gravity_healthcare": 0.0, "gravity_shelter": 3.3375701013757308, "avg_gravity": 0.98011654657845337, "min_tt_community": null, "min_tt_education": 24.0, "min_tt_essential_services": null, "min_tt_food_and_drink": 24.0, "min_tt_healthcare": null, "min_tt_shelter": 9.0, "avg_tt_community": null, "avg_tt_education": 24.0, "avg_tt_essential_services": null, "avg_tt_food_and_drink": 24.0, "avg_tt_healthcare": null, "avg_tt_shelter": 21.666666666666668, "avg_tt_all": 23.222222222222225, "n_unreachable_categories": 3, "count_community": 0.0, "count_education": 2.0, "count_essential_services": 1.0, "count_food_and_drink": 1.0, "count_healthcare": 0.0, "count_shelter": 6.0, "gravity_community_per_100": 0.0, "gravity_education_per_100": 1.4218847403231878, "gravity_essential_services_per_100": 1.3821442435025317, "gravity_food_and_drink_per_100": 0.7109423701615939, "gravity_healthcare_per_100": 0.0, "gravity_shelter_per_100": 4.6130033029026274, "shannon": 1.0888999802229371, "kl_divergence": 0.62292417277993473, "jsd": 0.41017027263242717, "city_similarity": 0.58982972736757278 }, "geometry": { "type": "Polygon", "coordinates": [ [ [ 24.791237346680806, 59.393558353407428 ], [ 24.78244039555403, 59.393409116091661 ], [ 24.777787510732995, 59.397219845379148 ], [ 24.781932445800301, 59.401180276533957 ], [ 24.789810366220362, 59.401313961263263 ], [ 24.789949417114261, 59.400943756103516 ], [ 24.790063858032227, 59.400730133056655 ], [ 24.790355682373047, 59.400348663330092 ], [ 24.791959762573242, 59.398872375488281 ], [ 24.792181015014648, 59.398590087890639 ], [ 24.792575836181641, 59.398059844970717 ], [ 24.792642593383789, 59.397674560546868 ], [ 24.792524337768555, 59.395896911621094 ], [ 24.79240608215332, 59.395553588867188 ], [ 24.792375564575199, 59.395332336425788 ], [ 24.792453765869141, 59.395084381103501 ], [ 24.792583465576172, 59.394935607910156 ], [ 24.792638929313284, 59.394897153862978 ], [ 24.791237346680806, 59.393558353407428 ] ] ] } },
{ "type": "Feature", "properties": { "from_id": "276", "population": 6.0112622538549934, "gravity_community": 0.0, "gravity_education": 0.0, "gravity_essential_services": 0.0, "gravity_food_and_drink": 1.0, "gravity_healthcare": 0.0, "gravity_shelter": 0.59078684204088361, "avg_gravity": 0.26513114034014729, "min_tt_community": null, "min_tt_education": null, "min_tt_essential_services": null, "min_tt_food_and_drink": null, "min_tt_healthcare": null, "min_tt_shelter": 19.0, "avg_tt_community": null, "avg_tt_education": null, "avg_tt_essential_services": null, "avg_tt_food_and_drink": null, "avg_tt_healthcare": null, "avg_tt_shelter": 19.0, "avg_tt_all": 19.0, "n_unreachable_categories": 5, "count_community": 0.0, "count_education": 0.0, "count_essential_services": 0.0, "count_food_and_drink": 1.0, "count_healthcare": 0.0, "count_shelter": 1.0, "gravity_community_per_100": 0.0, "gravity_education_per_100": 0.0, "gravity_essential_services_per_100": 0.0, "gravity_food_and_drink_per_100": 16.635441239628246, "gravity_healthcare_per_100": 0.0, "gravity_shelter_per_100": 9.8279997959166554, "shannon": 0.69314718970891498, "kl_divergence": 0.46701601283472211, "jsd": 0.37819908931780277, "city_similarity": 0.62180091068219723 }, "geometry": { "type": "Polygon", "coordinates": [ [ [ 24.777787510732995, 59.397219845379148 ], [ 24.768989691024526, 59.397069695952787 ], [ 24.764334795298403, 59.400879931442596 ], [ 24.768478587399276, 59.404840781098528 ], [ 24.777278418552566, 59.40499097677192 ], [ 24.781932445800301, 59.401180276533957 ], [ 24.777787510732995, 59.397219845379148 ] ] ] } },
{ "type": "Feature", "properties": { "from_id": "277", "population": 0.0, "gravity_community": 0.0, "gravity_education": 0.0, "gravity_essential_services": 0.0, "gravity_food_and_drink": 0.0, "gravity_healthcare": 1.0, "gravity_shelter": 4.3654994398921101, "avg_gravity": 0.89424990664868498, "min_tt_community": null, "min_tt_education": null, "min_tt_essential_services": null, "min_tt_food_and_drink": null, "min_tt_healthcare": null, "min_tt_shelter": 11.0, "avg_tt_community": null, "avg_tt_education": null, "avg_tt_essential_services": null, "avg_tt_food_and_drink": null, "avg_tt_healthcare": null, "avg_tt_shelter": 17.142857142857142, "avg_tt_all": 17.142857142857142, "n_unreachable_categories": 5, "count_community": 0.0, "count_education": 0.0, "count_essential_services": 0.0, "count_food_and_drink": 0.0, "count_healthcare": 1.0, "count_shelter": 7.0, "gravity_community_per_100": 0.0, "gravity_education_per_100": 0.0, "gravity_essential_services_per_100": 0.0, "gravity_food_and_drink_per_100": 0.0, "gravity_healthcare_per_100": 0.0, "gravity_shelter_per_100": 0.0, "shannon": 0.37677017048807443, "kl_divergence": 1.2541917494259536, "jsd": 0.58620844079706524, "city_similarity": 0.41379155920293476 }, "geometry": { "type": "Polygon", "coordinates": [ [ [ 24.781932445800301, 59.401180276533957 ], [ 24.777278418552566, 59.40499097677192 ], [ 24.781424222638119, 59.408951424987507 ], [ 24.790225196861225, 59.409100754250844 ], [ 24.794009537064671, 59.406001272168403 ], [ 24.793386459350586, 59.405231475830071 ], [ 24.792331695556641, 59.404201507568366 ], [ 24.791494369506836, 59.403526306152351 ], [ 24.790206909179688, 59.402782440185554 ], [ 24.789955139160156, 59.40260314941407 ], [ 24.789724349975586, 59.402347564697266 ], [ 24.789628982543945, 59.402172088623047 ], [ 24.789628982543945, 59.401905059814446 ], [ 24.789655685424805, 59.401725769042969 ], [ 24.789810366220362, 59.401313961263263 ], [ 24.781932445800301, 59.401180276533957 ] ] ] } },
{ "type": "Feature", "properties": { "from_id": "278", "population": 0.0, "gravity_community": 0.5436769774186645, "gravity_education": 1.6310309322559935, "gravity_essential_services": 5.2500973406291331, "gravity_food_and_drink": 8.9112861294847114, "gravity_healthcare": 4.4781438450023394, "gravity_shelter": 12.340878565275132, "avg_gravity": 5.5258522983443292, "min_tt_community": 22.0, "min_tt_education": 22.0, "min_tt_essential_services": 13.0, "min_tt_food_and_drink": 13.0, "min_tt_healthcare": 16.0, "min_tt_shelter": 6.0, "avg_tt_community": 22.0, "avg_tt_education": 22.0, "avg_tt_essential_services": 15.25, "avg_tt_food_and_drink": 19.0, "avg_tt_healthcare": 19.833333333333332, "avg_tt_shelter": 19.571428571428573, "avg_tt_all": 19.609126984126984, "n_unreachable_categories": 0, "count_community": 1.0, "count_education": 3.0, "count_essential_services": 8.0, "count_food_and_drink": 15.0, "count_healthcare": 7.0, "count_shelter": 21.0, "gravity_community_per_100": 0.0, "gravity_education_per_100": 0.0, "gravity_essential_services_per_100": 0.0, "gravity_food_and_drink_per_100": 0.0, "gravity_healthcare_per_100": 0.0, "gravity_shelter_per_100": 0.0, "shannon": 1.4962701959209399, "kl_divergence": 0.13108691304416736, "jsd": 0.17984207618328793, "city_similarity": 0.82015792381671204 }, "geometry": { "type": "Polygon", "coordinates": [ [ [ 24.790225196861225, 59.409100754250844 ], [ 24.794373013574919, 59.413060800688761 ], [ 24.803175130430645, 59.413209263246152 ], [ 24.807827417481572, 59.409397633635891 ], [ 24.806129167601977, 59.407777007177792 ], [ 24.801889419555664, 59.407638549804695 ], [ 24.799060821533203, 59.407585144042955 ], [ 24.795747756958008, 59.407554626464851 ], [ 24.794658660888672, 59.40667724609375 ], [ 24.794010162353516, 59.40600204467772 ], [ 24.794009537064671, 59.406001272168403 ], [ 24.790225196861225, 59.409100754250844 ] ] ] } },
{ "type": "Feature", "properties": { "from_id": "279", "population": 379.1197507665463, "gravity_community": 0.0, "gravity_education": 1.0, "gravity_essential_services": 0.0, "gravity_food_and_drink": 2.2638043001784371, "gravity_healthcare": 0.0, "gravity_shelter": 1.2166254190771313, "avg_gravity": 0.74673828654259466, "min_tt_community": null, "min_tt_education": null, "min_tt_essential_services": null, "min_tt_food_and_drink": 15.0, "min_tt_healthcare": null, "min_tt_shelter": 16.0, "avg_tt_community": null, "avg_tt_education": null, "avg_tt_essential_services": null, "avg_tt_food_and_drink": 20.75, "avg_tt_healthcare": null, "avg_tt_shelter": 18.0, "avg_tt_all": 19.375, "n_unreachable_categories": 4, "count_community": 0.0, "count_education": 1.0, "count_essential_services": 0.0, "count_food_and_drink": 4.0, "count_healthcare": 0.0, "count_shelter": 2.0, "gravity_community_per_100": 0.0, "gravity_education_per_100": 0.26376890098130978, "gravity_essential_services_per_100": 0.0, "gravity_food_and_drink_per_100": 0.59712117229482942, "gravity_healthcare_per_100": 0.0, "gravity_shelter_per_100": 0.32090794969590036, "shannon": 0.95569989809611844, "kl_divergence": 0.26000003740792854, "jsd": 0.2942692062853921, "city_similarity": 0.7057307937146079 }, "geometry": { "type": "Polygon", "coordinates": [ [ [ 24.777278418552566, 59.40499097677192 ], [ 24.768478587399276, 59.404840781098528 ], [ 24.763822548166871, 59.408650987380923 ], [ 24.767967208642396, 59.412611854223506 ], [ 24.776769052320493, 59.412762096165103 ], [ 24.781424222638119, 59.408951424987507 ], [ 24.777278418552566, 59.40499097677192 ] ] ] } },
{ "type": "Feature", "properties": { "from_id": "280", "population": 0.0, "gravity_community": 0.0, "gravity_education": 0.0, "gravity_essential_services": 0.0, "gravity_food_and_drink": 2.629671558627638, "gravity_healthcare": 0.0, "gravity_shelter": 1.7108508093855543, "avg_gravity": 0.72342039466886543, "min_tt_community": null, "min_tt_education": null, "min_tt_essential_services": null, "min_tt_food_and_drink": 23.0, "min_tt_healthcare": null, "min_tt_shelter": 18.0, "avg_tt_community": null, "avg_tt_education": null, "avg_tt_essential_services": null, "avg_tt_food_and_drink": 23.2, "avg_tt_healthcare": null, "avg_tt_shelter": 20.333333333333332, "avg_tt_all": 21.766666666666666, "n_unreachable_categories": 4, "count_community": 0.0, "count_education": 0.0, "count_essential_services": 0.0, "count_food_and_drink": 5.0, "count_healthcare": 0.0, "count_shelter": 3.0, "gravity_community_per_100": 0.0, "gravity_education_per_100": 0.0, "gravity_essential_services_per_100": 0.0, "gravity_food_and_drink_per_100": 0.0, "gravity_healthcare_per_100": 0.0, "gravity_shelter_per_100": 0.0, "shannon": 0.66156324731340566, "kl_divergence": 0.40216603286620434, "jsd": 0.36118543064389375, "city_similarity": 0.63881456935610625 }, "geometry": { "type": "Polygon", "coordinates": [ [ [ 24.790225196861225, 59.409100754250844 ], [ 24.781424222638119, 59.408951424987507 ], [ 24.776769052320493, 59.412762096165103 ], [ 24.780915725861096, 59.416722561451607 ], [ 24.789718713252721, 59.416871936720298 ], [ 24.794373013574919, 59.413060800688761 ], [ 24.790225196861225, 59.409100754250844 ] ] ] } },
{ "type": "Feature", "properties": { "from_id": "281", "population": 0.0, "gravity_community": 1.4657190726650962, "gravity_education": 2.8492077178765944, "gravity_essential_services": 12.576095448171834, "gravity_food_and_drink": 29.044472309735184, "gravity_healthcare": 6.7324481878408999, "gravity_shelter": 20.819885427137997, "avg_gravity": 12.247971360571269, "min_tt_community": 7.0, "min_tt_education": 12.0, "min_tt_essential_services": 2.0, "min_tt_food_and_drink": 3.0, "min_tt_healthcare": 5.0, "min_tt_shelter": 2.0, "avg_tt_community": 11.5, "avg_tt_education": 12.25, "avg_tt_essential_services": 15.736842105263158, "avg_tt_food_and_drink": 15.790697674418604, "avg_tt_healthcare": 14.7, "avg_tt_shelter": 17.030303030303031, "avg_tt_all": 14.501307134997466, "n_unreachable_categories": 0, "count_community": 2.0, "count_education": 4.0, "count_essential_services": 19.0, "count_food_and_drink": 44.0, "count_healthcare": 10.0, "count_shelter": 33.0, "gravity_community_per_100": 0.0, "gravity_education_per_100": 0.0, "gravity_essential_services_per_100": 0.0, "gravity_food_and_drink_per_100": 0.0, "gravity_healthcare_per_100": 0.0, "gravity_shelter_per_100": 0.0, "shannon": 1.4346528295610168, "kl_divergence": 0.08029978625996112, "jsd": 0.1420016614520882, "city_similarity": 0.85799833854791174 }, "geometry": { "type": "Polygon", "coordinates": [ [ [ 24.803175130430645, 59.413209263246152 ], [ 24.794373013574919, 59.413060800688761 ], [ 24.789718713252721, 59.416871936720298 ], [ 24.793867400502371, 59.420832000113343 ], [ 24.802671531170017, 59.420980508413066 ], [ 24.80732496041562, 59.417168907569078 ], [ 24.803175130430645, 59.413209263246152 ] ] ] } },
{ "type": "Feature", "properties": { "from_id": "282", "population": 72.406610685548799, "gravity_community": 0.5436769774186645, "gravity_education": 0.51437639269832958, "gravity_essential_services": 3.7054759320182251, "gravity_food_and_drink": 11.712722572418928, "gravity_healthcare": 1.0580533701169941, "gravity_shelter": 12.411344269097754, "avg_gravity": 4.9909415856281489, "min_tt_community": 22.0, "min_tt_education": 24.0, "min_tt_essential_services": 20.0, "min_tt_food_and_drink": 8.0, "min_tt_healthcare": 22.0, "min_tt_shelter": 10.0, "avg_tt_community": 22.0, "avg_tt_education": 24.0, "avg_tt_essential_services": 23.0, "avg_tt_food_and_drink": 21.285714285714285, "avg_tt_healthcare": 23.0, "avg_tt_shelter": 20.863636363636363, "avg_tt_all": 22.35822510822511, "n_unreachable_categories": 0, "count_community": 1.0, "count_education": 1.0, "count_essential_services": 7.0, "count_food_and_drink": 21.0, "count_healthcare": 2.0, "count_shelter": 22.0, "gravity_community_per_100": 0.75086649170719122, "gravity_education_per_100": 0.71039976575093422, "gravity_essential_services_per_100": 5.1175934033296473, "gravity_food_and_drink_per_100": 16.176316584248845, "gravity_healthcare_per_100": 1.4612662574581254, "gravity_shelter_per_100": 17.141175579945848, "shannon": 1.2677697776546117, "kl_divergence": 0.16735371690717005, "jsd": 0.20930270651264871, "city_similarity": 0.79069729348735129 }, "geometry": { "type": "Polygon", "coordinates": [ [ [ 24.776769052320493, 59.412762096165103 ], [ 24.767967208642396, 59.412611854223506 ], [ 24.763310025259699, 59.416422031287503 ], [ 24.76745555454616, 59.420382915327025 ], [ 24.776259411829869, 59.420533203557973 ], [ 24.780915725861096, 59.416722561451607 ], [ 24.776769052320493, 59.412762096165103 ] ] ] } },
{ "type": "Feature", "properties": { "from_id": "283", "population": 0.0, "gravity_community": 2.9472004457358505, "gravity_education": 6.7095302409441118, "gravity_essential_services": 16.970113114231335, "gravity_food_and_drink": 60.460114787409076, "gravity_healthcare": 14.624623481953343, "gravity_shelter": 25.839224005829614, "avg_gravity": 21.258467679350556, "min_tt_community": 15.0, "min_tt_education": 16.0, "min_tt_essential_services": 7.0, "min_tt_food_and_drink": 10.0, "min_tt_healthcare": 13.0, "min_tt_shelter": 7.0, "avg_tt_community": 19.2, "avg_tt_education": 21.166666666666668, "avg_tt_essential_services": 17.0, "avg_tt_food_and_drink": 18.732673267326732, "avg_tt_healthcare": 19.48, "avg_tt_shelter": 17.88095238095238, "avg_tt_all": 18.910048719157633, "n_unreachable_categories": 0, "count_community": 5.0, "count_education": 12.0, "count_essential_services": 27.0, "count_food_and_drink": 101.0, "count_healthcare": 25.0, "count_shelter": 42.0, "gravity_community_per_100": 0.0, "gravity_education_per_100": 0.0, "gravity_essential_services_per_100": 0.0, "gravity_food_and_drink_per_100": 0.0, "gravity_healthcare_per_100": 0.0, "gravity_shelter_per_100": 0.0, "shannon": 1.4394407257090385, "kl_divergence": 0.020380970697428939, "jsd": 0.072213316299893165, "city_similarity": 0.92778668370010686 }, "geometry": { "type": "Polygon", "coordinates": [ [ [ 24.789718713252721, 59.416871936720298 ], [ 24.780915725861096, 59.416722561451607 ], [ 24.776259411829869, 59.420533203557973 ], [ 24.780406955262624, 59.424493685925675 ], [ 24.789211956904076, 59.424643107220739 ], [ 24.793867400502371, 59.420832000113343 ], [ 24.789718713252721, 59.416871936720298 ] ] ] } },
{ "type": "Feature", "properties": { "from_id": "284", "population": 0.0022633779383416574, "gravity_community": 0.5436769774186645, "gravity_education": 1.7779048889676339, "gravity_essential_services": 5.2076763421467609, "gravity_food_and_drink": 8.541547629211161, "gravity_healthcare": 2.4743149726083917, "gravity_shelter": 12.828875218281292, "avg_gravity": 5.228999338105651, "min_tt_community": 22.0, "min_tt_education": 15.0, "min_tt_essential_services": 11.0, "min_tt_food_and_drink": 6.0, "min_tt_healthcare": 12.0, "min_tt_shelter": 6.0, "avg_tt_community": 22.0, "avg_tt_education": 19.0, "avg_tt_essential_services": 15.75, "avg_tt_food_and_drink": 15.538461538461538, "avg_tt_healthcare": 17.5, "avg_tt_shelter": 18.38095238095238, "avg_tt_all": 18.028235653235651, "n_unreachable_categories": 0, "count_community": 1.0, "count_education": 3.0, "count_essential_services": 8.0, "count_food_and_drink": 13.0, "count_healthcare": 4.0, "count_shelter": 21.0, "gravity_community_per_100": 24020.600722873896, "gravity_education_per_100": 78550.950720597626, "gravity_essential_services_per_100": 230084.25830828527, "gravity_food_and_drink_per_100": 377380.52865662478, "gravity_healthcare_per_100": 109319.56747891979, "gravity_shelter_per_100": 566802.16772285115, "shannon": 1.456905816495689, "kl_divergence": 0.16862571572579627, "jsd": 0.20171477003046559, "city_similarity": 0.79828522996953444 }, "geometry": { "type": "Polygon", "coordinates": [ [ [ 24.807827417481572, 59.409397633635891 ], [ 24.816628663158401, 59.409545183733037 ], [ 24.817136589383093, 59.409128854972188 ], [ 24.814657211303711, 59.407855987548828 ], [ 24.814775466918945, 59.407791137695298 ], [ 24.816072463989258, 59.407135009765625 ], [ 24.815860748291016, 59.406799316406257 ], [ 24.814985275268555, 59.404926300048828 ], [ 24.813625335693359, 59.402336120605455 ], [ 24.812911987304688, 59.402488708496094 ], [ 24.812784194946293, 59.402439117431648 ], [ 24.810943603515625, 59.403907775878906 ], [ 24.810319900512695, 59.404438018798835 ], [ 24.809902191162109, 59.404777526855462 ], [ 24.80946159362793, 59.404350280761726 ], [ 24.8079833984375, 59.405540466308594 ], [ 24.806686401367188, 59.406646728515632 ], [ 24.80706787109375, 59.407100677490234 ], [ 24.806211471557617, 59.407779693603509 ], [ 24.806129167601977, 59.407777007177792 ], [ 24.807827417481572, 59.409397633635891 ] ] ] } },
{ "type": "Feature", "properties": { "from_id": "285", "population": 1429.7030871359293, "gravity_community": 0.0, "gravity_education": 0.0, "gravity_essential_services": 0.0, "gravity_food_and_drink": 0.5746466205894657, "gravity_healthcare": 0.0, "gravity_shelter": 1.6463013027744409, "avg_gravity": 0.37015798722731774, "min_tt_community": null, "min_tt_education": null, "min_tt_essential_services": null, "min_tt_food_and_drink": 20.0, "min_tt_healthcare": null, "min_tt_shelter": 21.0, "avg_tt_community": null, "avg_tt_education": null, "avg_tt_essential_services": null, "avg_tt_food_and_drink": 20.0, "avg_tt_healthcare": null, "avg_tt_shelter": 21.666666666666668, "avg_tt_all": 20.833333333333336, "n_unreachable_categories": 4, "count_community": 0.0, "count_education": 0.0, "count_essential_services": 0.0, "count_food_and_drink": 1.0, "count_healthcare": 0.0, "count_shelter": 3.0, "gravity_community_per_100": 0.0, "gravity_education_per_100": 0.0, "gravity_essential_services_per_100": 0.0, "gravity_food_and_drink_per_100": 0.040193423778683568, "gravity_healthcare_per_100": 0.0, "gravity_shelter_per_100": 0.11514987395546686, "shannon": 0.56233515379654631, "kl_divergence": 0.79069589335875712, "jsd": 0.45619807841010579, "city_similarity": 0.54380192158989415 }, "geometry": { "type": "Polygon", "coordinates": [ [ [ 24.816628663158401, 59.409545183733037 ], [ 24.820779634797432, 59.413504408890567 ], [ 24.829582021587743, 59.413651091953156 ], [ 24.832828160680663, 59.410989312742949 ], [ 24.831462860107422, 59.411170959472656 ], [ 24.824789047241214, 59.411994934082017 ], [ 24.820379257202148, 59.410263061523445 ], [ 24.820232391357422, 59.41017913818358 ], [ 24.819282531738285, 59.409648895263679 ], [ 24.819051742553711, 59.409515380859361 ], [ 24.818349838256836, 59.40911483764647 ], [ 24.817651748657227, 59.409393310546889 ], [ 24.817136589383093, 59.409128854972188 ], [ 24.816628663158401, 59.409545183733037 ] ] ] } },
{ "type": "Feature", "properties": { "from_id": "286", "population": 1041.611366242804, "gravity_community": 0.0, "gravity_education": 0.0, "gravity_essential_services": 0.0, "gravity_food_and_drink": 0.5746466205894657, "gravity_healthcare": 0.0, "gravity_shelter": 1.6615716732928882, "avg_gravity": 0.37270304898039236, "min_tt_community": null, "min_tt_education": null, "min_tt_essential_services": null, "min_tt_food_and_drink": 20.0, "min_tt_healthcare": null, "min_tt_shelter": 21.0, "avg_tt_community": null, "avg_tt_education": null, "avg_tt_essential_services": null, "avg_tt_food_and_drink": 20.0, "avg_tt_healthcare": null, "avg_tt_shelter": 21.333333333333332, "avg_tt_all": 20.666666666666664, "n_unreachable_categories": 4, "count_community": 0.0, "count_education": 0.0, "count_essential_services": 0.0, "count_food_and_drink": 1.0, "count_healthcare": 0.0, "count_shelter": 3.0, "gravity_community_per_100": 0.0, "gravity_education_per_100": 0.0, "gravity_essential_services_per_100": 0.0, "gravity_food_and_drink_per_100": 0.055169004411143606, "gravity_healthcare_per_100": 0.0, "gravity_shelter_per_100": 0.15951934926424072, "shannon": 0.56233515379654631, "kl_divergence": 0.79069589335875712, "jsd": 0.45619807841010579, "city_similarity": 0.54380192158989415 }, "geometry": { "type": "Polygon", "coordinates": [ [ [ 24.816628663158401, 59.409545183733037 ], [ 24.807827417481572, 59.409397633635891 ], [ 24.803175130430645, 59.413209263246152 ], [ 24.80732496041562, 59.417168907569078 ], [ 24.816128219465948, 59.41731650312461 ], [ 24.820779634797432, 59.413504408890567 ], [ 24.816628663158401, 59.409545183733037 ] ] ] } },
{ "type": "Feature", "properties": { "from_id": "287", "population": 2980.4145620567379, "gravity_community": 0.0, "gravity_education": 0.0, "gravity_essential_services": 0.0, "gravity_food_and_drink": 0.0, "gravity_healthcare": 0.0, "gravity_shelter": 0.0, "avg_gravity": 0.0, "min_tt_community": null, "min_tt_education": null, "min_tt_essential_services": null, "min_tt_food_and_drink": null, "min_tt_healthcare": null, "min_tt_shelter": null, "avg_tt_community": null, "avg_tt_education": null, "avg_tt_essential_services": null, "avg_tt_food_and_drink": null, "avg_tt_healthcare": null, "avg_tt_shelter": null, "avg_tt_all": null, "n_unreachable_categories": 6, "count_community": 0.0, "count_education": 0.0, "count_essential_services": 0.0, "count_food_and_drink": 0.0, "count_healthcare": 0.0, "count_shelter": 0.0, "gravity_community_per_100": 0.0, "gravity_education_per_100": 0.0, "gravity_essential_services_per_100": 0.0, "gravity_food_and_drink_per_100": 0.0, "gravity_healthcare_per_100": 0.0, "gravity_shelter_per_100": 0.0, "shannon": 1.3815510557964275e-08, "kl_divergence": 0.333576385971945, "jsd": 0.27633281748366462, "city_similarity": 0.72366718251633544 }, "geometry": { "type": "Polygon", "coordinates": [ [ [ 24.829582021587743, 59.413651091953156 ], [ 24.833735006701822, 59.417609914436831 ], [ 24.84253853416628, 59.417755730169262 ], [ 24.847187062580183, 59.413942678498429 ], [ 24.843252064473869, 59.410193104560257 ], [ 24.839782714843754, 59.410125732421868 ], [ 24.83610725402832, 59.410552978515611 ], [ 24.832828160680663, 59.410989312742949 ], [ 24.829582021587743, 59.413651091953156 ] ] ] } },
{ "type": "Feature", "properties": { "from_id": "288", "population": 785.31294030448339, "gravity_community": 0.52882379148232717, "gravity_education": 0.0, "gravity_essential_services": 0.84687684188235712, "gravity_food_and_drink": 0.52882379148232717, "gravity_healthcare": 0.0, "gravity_shelter": 6.3326156719502169, "avg_gravity": 1.3728566827995381, "min_tt_community": 23.0, "min_tt_education": null, "min_tt_essential_services": 6.0, "min_tt_food_and_drink": 23.0, "min_tt_healthcare": null, "min_tt_shelter": 13.0, "avg_tt_community": 23.0, "avg_tt_education": null, "avg_tt_essential_services": 6.0, "avg_tt_food_and_drink": 23.0, "avg_tt_healthcare": null, "avg_tt_shelter": 20.09090909090909, "avg_tt_all": 18.022727272727273, "n_unreachable_categories": 2, "count_community": 1.0, "count_education": 0.0, "count_essential_services": 1.0, "count_food_and_drink": 1.0, "count_healthcare": 0.0, "count_shelter": 11.0, "gravity_community_per_100": 0.067339243292908219, "gravity_education_per_100": 0.0, "gravity_essential_services_per_100": 0.10783941005148903, "gravity_food_and_drink_per_100": 0.067339243292908219, "gravity_healthcare_per_100": 0.0, "gravity_shelter_per_100": 0.80638116946028171, "shannon": 0.75499676315182818, "kl_divergence": 0.93530389553150628, "jsd": 0.49265872747370115, "city_similarity": 0.5073412725262989 }, "geometry": { "type": "Polygon", "coordinates": [ [ [ 24.829582021587743, 59.413651091953156 ], [ 24.820779634797432, 59.413504408890567 ], [ 24.816128219465948, 59.41731650312461 ], [ 24.82028006336505, 59.42127574499505 ], [ 24.829084464171153, 59.421422473252889 ], [ 24.833735006701822, 59.417609914436831 ], [ 24.829582021587743, 59.413651091953156 ] ] ] } },
{ "type": "Feature", "properties": { "from_id": "289", "population": 3040.6389985927572, "gravity_community": 0.55894734793711187, "gravity_education": 0.0, "gravity_essential_services": 0.5436769774186645, "gravity_food_and_drink": 2.6937807656750747, "gravity_healthcare": 1.5720239756629839, "gravity_shelter": 7.4362598177588248, "avg_gravity": 2.1341148140754433, "min_tt_community": 21.0, "min_tt_education": null, "min_tt_essential_services": 22.0, "min_tt_food_and_drink": 18.0, "min_tt_healthcare": 23.0, "min_tt_shelter": 10.0, "avg_tt_community": 21.0, "avg_tt_education": null, "avg_tt_essential_services": 22.0, "avg_tt_food_and_drink": 22.4, "avg_tt_healthcare": 23.333333333333332, "avg_tt_shelter": 17.416666666666668, "avg_tt_all": 21.23, "n_unreachable_categories": 1, "count_community": 1.0, "count_education": 0.0, "count_essential_services": 1.0, "count_food_and_drink": 5.0, "count_healthcare": 3.0, "count_shelter": 12.0, "gravity_community_per_100": 0.018382561961344281, "gravity_education_per_100": 0.0, "gravity_essential_services_per_100": 0.017880352704490225, "gravity_food_and_drink_per_100": 0.088592587509460599, "gravity_healthcare_per_100": 0.051700447714790695, "gravity_shelter_per_100": 0.24456240353427067, "shannon": 1.2200467186584523, "kl_divergence": 0.37027271428105513, "jsd": 0.31128202823102785, "city_similarity": 0.6887179717689722 }, "geometry": { "type": "Polygon", "coordinates": [ [ [ 24.84253853416628, 59.417755730169262 ], [ 24.833735006701822, 59.417609914436831 ], [ 24.829084464171153, 59.421422473252889 ], [ 24.833238322626933, 59.425381312333229 ], [ 24.842043864749169, 59.425527172997576 ], [ 24.846693533397136, 59.421714149641502 ], [ 24.84253853416628, 59.417755730169262 ] ] ] } },
{ "type": "Feature", "properties": { "from_id": "290", "population": 3066.235017603964, "gravity_community": 1.5927243165054743, "gravity_education": 2.6956543109991351, "gravity_essential_services": 11.708434460711162, "gravity_food_and_drink": 24.313448067950127, "gravity_healthcare": 6.4505408450177963, "gravity_shelter": 24.599931299281117, "avg_gravity": 11.893455550077469, "min_tt_community": 4.0, "min_tt_education": 14.0, "min_tt_essential_services": 13.0, "min_tt_food_and_drink": 6.0, "min_tt_healthcare": 5.0, "min_tt_shelter": 4.0, "avg_tt_community": 8.5, "avg_tt_education": 14.25, "avg_tt_essential_services": 19.45, "avg_tt_food_and_drink": 17.435897435897434, "avg_tt_healthcare": 12.555555555555555, "avg_tt_shelter": 17.051282051282051, "avg_tt_all": 14.873789173789172, "n_unreachable_categories": 0, "count_community": 2.0, "count_education": 4.0, "count_essential_services": 20.0, "count_food_and_drink": 39.0, "count_healthcare": 9.0, "count_shelter": 39.0, "gravity_community_per_100": 0.05194397387549473, "gravity_education_per_100": 0.087914145377727432, "gravity_essential_services_per_100": 0.38185052331247715, "gravity_food_and_drink_per_100": 0.7929414388773528, "gravity_healthcare_per_100": 0.21037333433294417, "gravity_shelter_per_100": 0.80228459847491218, "shannon": 1.4319989091276026, "kl_divergence": 0.11914430221466869, "jsd": 0.17135256272929683, "city_similarity": 0.82864743727070311 }, "geometry": { "type": "Polygon", "coordinates": [ [ [ 24.816128219465948, 59.41731650312461 ], [ 24.80732496041562, 59.417168907569078 ], [ 24.802671531170017, 59.420980508413066 ], [ 24.806822232772369, 59.424940169575123 ], [ 24.815627506277721, 59.425087810609845 ], [ 24.82028006336505, 59.42127574499505 ], [ 24.816128219465948, 59.41731650312461 ] ] ] } },
{ "type": "Feature", "properties": { "from_id": "291", "population": 1891.2507620807453, "gravity_community": 9.8020546551366206, "gravity_education": 38.118305807591348, "gravity_essential_services": 28.212986244572843, "gravity_food_and_drink": 227.07600692654273, "gravity_healthcare": 48.705977168185271, "gravity_shelter": 35.669872885938986, "avg_gravity": 64.597533947994634, "min_tt_community": 8.0, "min_tt_education": 5.0, "min_tt_essential_services": 16.0, "min_tt_food_and_drink": 2.0, "min_tt_healthcare": 8.0, "min_tt_shelter": 7.0, "avg_tt_community": 20.117647058823529, "avg_tt_education": 17.887096774193548, "avg_tt_essential_services": 20.0, "avg_tt_food_and_drink": 20.086294416243653, "avg_tt_healthcare": 18.075, "avg_tt_shelter": 18.966666666666665, "avg_tt_all": 19.188784152654566, "n_unreachable_categories": 0, "count_community": 17.0, "count_education": 62.0, "count_essential_services": 49.0, "count_food_and_drink": 394.0, "count_healthcare": 80.0, "count_shelter": 60.0, "gravity_community_per_100": 0.51828424086673974, "gravity_education_per_100": 2.0155077566580206, "gravity_essential_services_per_100": 1.491763377455724, "gravity_food_and_drink_per_100": 12.006657788558655, "gravity_healthcare_per_100": 2.5753315289929706, "gravity_shelter_per_100": 1.8860467158091272, "shannon": 1.2903543541360132, "kl_divergence": 0.065510445508649484, "jsd": 0.13286216978466378, "city_similarity": 0.86713783021533619 }, "geometry": { "type": "Polygon", "coordinates": [ [ [ 24.749848115886529, 59.420080559020924 ], [ 24.741044535231609, 59.419928490970776 ], [ 24.736383324409982, 59.423737678768163 ], [ 24.740526561943771, 59.427699400026228 ], [ 24.749332157076957, 59.427851514934098 ], [ 24.753992499837484, 59.424041861717683 ], [ 24.749848115886529, 59.420080559020924 ] ] ] } },
{ "type": "Feature", "properties": { "from_id": "292", "population": 12.010784836007756, "gravity_community": 18.384998318696404, "gravity_education": 54.384439935194848, "gravity_essential_services": 44.869461890859675, "gravity_food_and_drink": 323.83660344975635, "gravity_healthcare": 62.383305379858442, "gravity_shelter": 84.210443568799249, "avg_gravity": 98.011542090527485, "min_tt_community": 12.0, "min_tt_education": 2.0, "min_tt_essential_services": 6.0, "min_tt_food_and_drink": 3.0, "min_tt_healthcare": 5.0, "min_tt_shelter": 4.0, "avg_tt_community": 19.032258064516128, "avg_tt_education": 18.157303370786519, "avg_tt_essential_services": 18.283783783783782, "avg_tt_food_and_drink": 19.112132352941178, "avg_tt_healthcare": 19.009523809523809, "avg_tt_shelter": 18.453237410071942, "avg_tt_all": 18.67470646527056, "n_unreachable_categories": 0, "count_community": 31.0, "count_education": 89.0, "count_essential_services": 74.0, "count_food_and_drink": 546.0, "count_healthcare": 105.0, "count_shelter": 139.0, "gravity_community_per_100": 153.0707490786036, "gravity_education_per_100": 452.79672126131931, "gravity_essential_services_per_100": 373.57643570754163, "gravity_food_and_drink_per_100": 2696.2151755388186, "gravity_healthcare_per_100": 519.394079834286, "gravity_shelter_per_100": 701.12357117863257, "shannon": 1.3629361301222709, "kl_divergence": 0.024080811260884377, "jsd": 0.078640287656343413, "city_similarity": 0.92135971234365655 }, "geometry": { "type": "Polygon", "coordinates": [ [ [ 24.736383324409982, 59.423737678768163 ], [ 24.727578876234855, 59.423584697287858 ], [ 24.722915651040392, 59.427393389932114 ], [ 24.727057741075051, 59.43135552965532 ], [ 24.735864204164006, 59.431508558277692 ], [ 24.740526561943771, 59.427699400026228 ], [ 24.736383324409982, 59.423737678768163 ] ] ] } },
{ "type": "Feature", "properties": { "from_id": "293", "population": 0.0, "gravity_community": 14.40804118689292, "gravity_education": 40.456620133610855, "gravity_essential_services": 36.527621310785108, "gravity_food_and_drink": 283.90724019869339, "gravity_healthcare": 54.082101060987938, "gravity_shelter": 49.916830607141485, "avg_gravity": 79.88307574968529, "min_tt_community": 6.0, "min_tt_education": 6.0, "min_tt_essential_services": 5.0, "min_tt_food_and_drink": 3.0, "min_tt_healthcare": 5.0, "min_tt_shelter": 2.0, "avg_tt_community": 20.16, "avg_tt_education": 17.492307692307691, "avg_tt_essential_services": 17.610169491525422, "avg_tt_food_and_drink": 19.21875, "avg_tt_healthcare": 16.428571428571427, "avg_tt_shelter": 17.790123456790123, "avg_tt_all": 18.116653678199111, "n_unreachable_categories": 0, "count_community": 25.0, "count_education": 65.0, "count_essential_services": 59.0, "count_food_and_drink": 480.0, "count_healthcare": 84.0, "count_shelter": 81.0, "gravity_community_per_100": 0.0, "gravity_education_per_100": 0.0, "gravity_essential_services_per_100": 0.0, "gravity_food_and_drink_per_100": 0.0, "gravity_healthcare_per_100": 0.0, "gravity_shelter_per_100": 0.0, "shannon": 1.2816954269187502, "kl_divergence": 0.058919627903133737, "jsd": 0.12463683693268275, "city_similarity": 0.87536316306731721 }, "geometry": { "type": "Polygon", "coordinates": [ [ [ 24.762797226368651, 59.424193063161717 ], [ 24.753992499837484, 59.424041861717683 ], [ 24.749332157076957, 59.427851514934098 ], [ 24.753477409630001, 59.43181283496407 ], [ 24.762284151285282, 59.431964083002882 ], [ 24.766943624902638, 59.428153964408473 ], [ 24.762797226368651, 59.424193063161717 ] ] ] } },
{ "type": "Feature", "properties": { "from_id": "294", "population": 14.865090441367711, "gravity_community": 26.622350250338872, "gravity_education": 69.177809611071467, "gravity_essential_services": 53.241847630070616, "gravity_food_and_drink": 472.3766889992969, "gravity_healthcare": 79.938311853060426, "gravity_shelter": 93.415882205586527, "avg_gravity": 132.46214842490414, "min_tt_community": 4.0, "min_tt_education": 4.0, "min_tt_essential_services": 4.0, "min_tt_food_and_drink": 1.0, "min_tt_healthcare": 3.0, "min_tt_shelter": 3.0, "avg_tt_community": 15.975609756097562, "avg_tt_education": 16.981481481481481, "avg_tt_essential_services": 16.373493975903614, "avg_tt_food_and_drink": 15.506276150627615, "avg_tt_healthcare": 17.876923076923077, "avg_tt_shelter": 17.288590604026847, "avg_tt_all": 16.667062507510035, "n_unreachable_categories": 0, "count_community": 41.0, "count_education": 109.0, "count_essential_services": 83.0, "count_food_and_drink": 718.0, "count_healthcare": 130.0, "count_shelter": 149.0, "gravity_community_per_100": 179.09309301107353, "gravity_education_per_100": 465.37092985696313, "gravity_essential_services_per_100": 358.16699427475481, "gravity_food_and_drink_per_100": 3177.7585939519809, "gravity_healthcare_per_100": 537.75866462676868, "gravity_shelter_per_100": 628.42458022066023, "shannon": 1.3174932108425479, "kl_divergence": 0.041835574074814225, "jsd": 0.10422250800073575, "city_similarity": 0.89577749199926426 }, "geometry": { "type": "Polygon", "coordinates": [ [ [ 24.749332157076957, 59.427851514934098 ], [ 24.740526561943771, 59.427699400026228 ], [ 24.735864204164006, 59.431508558277692 ], [ 24.740008309653625, 59.435470296994843 ], [ 24.748815920347305, 59.435622458781864 ], [ 24.753477409630001, 59.43181283496407 ], [ 24.749332157076957, 59.427851514934098 ] ] ] } },
{ "type": "Feature", "properties": { "from_id": "295", "population": 86.494482171300476, "gravity_community": 24.516647974251839, "gravity_education": 46.387270357178103, "gravity_essential_services": 40.746363437497635, "gravity_food_and_drink": 392.85685317916699, "gravity_healthcare": 52.323514204347553, "gravity_shelter": 64.08733510640036, "avg_gravity": 103.48633070980708, "min_tt_community": 10.0, "min_tt_education": 3.0, "min_tt_essential_services": 6.0, "min_tt_food_and_drink": 1.0, "min_tt_healthcare": 2.0, "min_tt_shelter": 5.0, "avg_tt_community": 18.756097560975611, "avg_tt_education": 18.157894736842106, "avg_tt_essential_services": 18.735294117647058, "avg_tt_food_and_drink": 18.196261682242991, "avg_tt_healthcare": 19.822222222222223, "avg_tt_shelter": 17.427184466019419, "avg_tt_all": 18.515825797658234, "n_unreachable_categories": 0, "count_community": 41.0, "count_education": 76.0, "count_essential_services": 68.0, "count_food_and_drink": 645.0, "count_healthcare": 90.0, "count_shelter": 103.0, "gravity_community_per_100": 28.34475374475003, "gravity_education_per_100": 53.63032322143868, "gravity_essential_services_per_100": 47.108627527014193, "gravity_food_and_drink_per_100": 454.19874576637432, "gravity_healthcare_per_100": 60.493470671021477, "gravity_shelter_per_100": 74.094131206516451, "shannon": 1.2380752916505702, "kl_divergence": 0.074032467939977517, "jsd": 0.13883642950434358, "city_similarity": 0.86116357049565639 }, "geometry": { "type": "Polygon", "coordinates": [ [ [ 24.735864204164006, 59.431508558277692 ], [ 24.727057741075051, 59.43135552965532 ], [ 24.722393367840343, 59.435164192595032 ], [ 24.726536325183766, 59.439126349903198 ], [ 24.735344804269069, 59.439279425689193 ], [ 24.740008309653625, 59.435470296994843 ], [ 24.735864204164006, 59.431508558277692 ] ] ] } },
{ "type": "Feature", "properties": { "from_id": "296", "population": 0.0, "gravity_community": 26.960214991799518, "gravity_education": 73.360596667974463, "gravity_essential_services": 63.677210578879745, "gravity_food_and_drink": 521.50718428016194, "gravity_healthcare": 80.874139305611294, "gravity_shelter": 99.947426891211123, "avg_gravity": 144.38779545260633, "min_tt_community": 6.0, "min_tt_education": 1.0, "min_tt_essential_services": 2.0, "min_tt_food_and_drink": 1.0, "min_tt_healthcare": 2.0, "min_tt_shelter": 1.0, "avg_tt_community": 15.439024390243903, "avg_tt_education": 16.905172413793103, "avg_tt_essential_services": 14.702127659574469, "avg_tt_food_and_drink": 14.2911227154047, "avg_tt_healthcare": 16.113821138211382, "avg_tt_shelter": 16.103896103896105, "avg_tt_all": 15.592527403520608, "n_unreachable_categories": 0, "count_community": 41.0, "count_education": 116.0, "count_essential_services": 94.0, "count_food_and_drink": 766.0, "count_healthcare": 124.0, "count_shelter": 154.0, "gravity_community_per_100": 0.0, "gravity_education_per_100": 0.0, "gravity_essential_services_per_100": 0.0, "gravity_food_and_drink_per_100": 0.0, "gravity_healthcare_per_100": 0.0, "gravity_shelter_per_100": 0.0, "shannon": 1.3042630533654356, "kl_divergence": 0.044358377891907233, "jsd": 0.1072168833129228, "city_similarity": 0.89278311668707722 }, "geometry": { "type": "Polygon", "coordinates": [ [ [ 24.762284151285282, 59.431964083002882 ], [ 24.753477409630001, 59.43181283496407 ], [ 24.748815920347305, 59.435622458781864 ], [ 24.752962041938801, 59.439583796155354 ], [ 24.761770799800939, 59.439735090810295 ], [ 24.766431419503675, 59.435925001467147 ], [ 24.762284151285282, 59.431964083002882 ] ] ] } },
{ "type": "Feature", "properties": { "from_id": "297", "population": 0.0, "gravity_community": 23.466478495513897, "gravity_education": 38.168999101846524, "gravity_essential_services": 33.841723785475672, "gravity_food_and_drink": 423.07910564542681, "gravity_healthcare": 38.262929245944648, "gravity_shelter": 49.297331746037202, "avg_gravity": 101.01942800337412, "min_tt_community": 1.0, "min_tt_education": 1.0, "min_tt_essential_services": 5.0, "min_tt_food_and_drink": 1.0, "min_tt_healthcare": 5.0, "min_tt_shelter": 6.0, "avg_tt_community": 13.882352941176471, "avg_tt_education": 18.080645161290324, "avg_tt_essential_services": 17.25925925925926, "avg_tt_food_and_drink": 13.546204620462046, "avg_tt_healthcare": 19.415384615384614, "avg_tt_shelter": 17.7875, "avg_tt_all": 16.661891099595451, "n_unreachable_categories": 0, "count_community": 34.0, "count_education": 62.0, "count_essential_services": 54.0, "count_food_and_drink": 607.0, "count_healthcare": 65.0, "count_shelter": 80.0, "gravity_community_per_100": 0.0, "gravity_education_per_100": 0.0, "gravity_essential_services_per_100": 0.0, "gravity_food_and_drink_per_100": 0.0, "gravity_healthcare_per_100": 0.0, "gravity_shelter_per_100": 0.0, "shannon": 1.1471222728641863, "kl_divergence": 0.10672366738651576, "jsd": 0.16671555817328051, "city_similarity": 0.83328444182671946 }, "geometry": { "type": "Polygon", "coordinates": [ [ [ 24.748815920347305, 59.435622458781864 ], [ 24.740008309653625, 59.435470296994843 ], [ 24.735344804269069, 59.439279425689193 ], [ 24.739489778150375, 59.443241181875905 ], [ 24.748299405487579, 59.443393390563536 ], [ 24.752962041938801, 59.439583796155354 ], [ 24.748815920347305, 59.435622458781864 ] ] ] } },
{ "type": "Feature", "properties": { "from_id": "298", "population": 2043.0132942181356, "gravity_community": 18.670436164229326, "gravity_education": 25.033414892669231, "gravity_essential_services": 26.138449596522456, "gravity_food_and_drink": 341.45736838579023, "gravity_healthcare": 23.759008040070558, "gravity_shelter": 37.799353504471135, "avg_gravity": 78.809671763958832, "min_tt_community": 11.0, "min_tt_education": 3.0, "min_tt_essential_services": 5.0, "min_tt_food_and_drink": 2.0, "min_tt_healthcare": 6.0, "min_tt_shelter": 9.0, "avg_tt_community": 19.625, "avg_tt_education": 19.047619047619047, "avg_tt_essential_services": 19.977777777777778, "avg_tt_food_and_drink": 18.693805309734515, "avg_tt_healthcare": 19.2, "avg_tt_shelter": 19.375, "avg_tt_all": 19.31986702252189, "n_unreachable_categories": 0, "count_community": 32.0, "count_education": 42.0, "count_essential_services": 45.0, "count_food_and_drink": 566.0, "count_healthcare": 40.0, "count_shelter": 64.0, "gravity_community_per_100": 0.91386758065000895, "gravity_education_per_100": 1.225318257277888, "gravity_essential_services_per_100": 1.2794067307587287, "gravity_food_and_drink_per_100": 16.713418818768211, "gravity_healthcare_per_100": 1.1629394731453848, "gravity_shelter_per_100": 1.8501765804190231, "shannon": 1.0426884653792174, "kl_divergence": 0.15332163231626666, "jsd": 0.20013216947412216, "city_similarity": 0.79986783052587784 }, "geometry": { "type": "Polygon", "coordinates": [ [ [ 24.735344804269069, 59.439279425689193 ], [ 24.726536325183766, 59.439126349903198 ], [ 24.721870803261336, 59.44293498312723 ], [ 24.726014628348864, 59.446897158030836 ], [ 24.734825124513847, 59.447050281002078 ], [ 24.739489778150375, 59.443241181875905 ], [ 24.735344804269069, 59.439279425689193 ] ] ] } },
{ "type": "Feature", "properties": { "from_id": "299", "population": 342.71596130177875, "gravity_community": 19.989801049215725, "gravity_education": 31.863008775734297, "gravity_essential_services": 36.324407447153398, "gravity_food_and_drink": 412.51919448168047, "gravity_healthcare": 36.587618761921547, "gravity_shelter": 56.951251578629233, "avg_gravity": 99.039213682389118, "min_tt_community": 7.0, "min_tt_education": 9.0, "min_tt_essential_services": 5.0, "min_tt_food_and_drink": 1.0, "min_tt_healthcare": 9.0, "min_tt_shelter": 10.0, "avg_tt_community": 17.3125, "avg_tt_education": 19.872727272727271, "avg_tt_essential_services": 17.745762711864408, "avg_tt_food_and_drink": 17.57593984962406, "avg_tt_healthcare": 18.655737704918032, "avg_tt_shelter": 19.73469387755102, "avg_tt_all": 18.482893569447466, "n_unreachable_categories": 0, "count_community": 32.0, "count_education": 55.0, "count_essential_services": 59.0, "count_food_and_drink": 666.0, "count_healthcare": 61.0, "count_shelter": 98.0, "gravity_community_per_100": 5.8327604507493875, "gravity_education_per_100": 9.2972059587494105, "gravity_essential_services_per_100": 10.598983283176565, "gravity_food_and_drink_per_100": 120.36766333110364, "gravity_healthcare_per_100": 10.675784875307953, "gravity_shelter_per_100": 16.617624508150868, "shannon": 1.1091909156193436, "kl_divergence": 0.11074910485688852, "jsd": 0.16872349781886503, "city_similarity": 0.83127650218113502 }, "geometry": { "type": "Polygon", "coordinates": [ [ [ 24.765918938140921, 59.443696026502394 ], [ 24.761770799800939, 59.439735090810295 ], [ 24.752962041938801, 59.439583796155354 ], [ 24.748299405487579, 59.443393390563536 ], [ 24.752446396554205, 59.447354745290959 ], [ 24.760795866770216, 59.447498177594362 ], [ 24.760799407958988, 59.447471618652344 ], [ 24.760725021362305, 59.447429656982415 ], [ 24.760601043701172, 59.4473876953125 ], [ 24.760641098022461, 59.447345733642585 ], [ 24.760683059692386, 59.447303771972628 ], [ 24.760829925537109, 59.447303771972656 ], [ 24.760923385620121, 59.447307586669929 ], [ 24.761028289794922, 59.44731140136718 ], [ 24.761093139648438, 59.447299957275398 ], [ 24.761186599731449, 59.447303771972656 ], [ 24.761278152465824, 59.447311401367195 ], [ 24.761383056640625, 59.447319030761705 ], [ 24.761421203613281, 59.447326660156236 ], [ 24.761451721191406, 59.447338104248047 ], [ 24.761458200860464, 59.447341806917827 ], [ 24.76328770809657, 59.445846657358381 ], [ 24.763174057006836, 59.44580078125 ], [ 24.763145446777344, 59.445789337158217 ], [ 24.763141632080078, 59.445789337158203 ], [ 24.762418746948246, 59.445499420166009 ], [ 24.76220703125, 59.445415496826179 ], [ 24.762414932250977, 59.445281982421889 ], [ 24.762554168701172, 59.4451904296875 ], [ 24.762718200683594, 59.444953918457017 ], [ 24.762771606445312, 59.444957733154304 ], [ 24.762844085693359, 59.444862365722649 ], [ 24.762912750244141, 59.44476318359375 ], [ 24.762868881225586, 59.444755554199212 ], [ 24.762876510620117, 59.444740295410142 ], [ 24.762882232666016, 59.444732666015632 ], [ 24.764317370205784, 59.445005104341327 ], [ 24.764826237096329, 59.444589183725107 ], [ 24.763652801513672, 59.444377899169943 ], [ 24.763673782348633, 59.444351196289062 ], [ 24.763675689697266, 59.444343566894538 ], [ 24.763679504394531, 59.444343566894538 ], [ 24.763814926147461, 59.444152832031229 ], [ 24.763816833496094, 59.444149017333999 ], [ 24.763832092285156, 59.444129943847649 ], [ 24.763828277587891, 59.444122314453139 ], [ 24.763280868530273, 59.444019317626953 ], [ 24.763265609741211, 59.444019317626953 ], [ 24.763294219970703, 59.443977355957038 ], [ 24.763397216796875, 59.443836212158196 ], [ 24.763412475585938, 59.443813323974616 ], [ 24.763416290283203, 59.443805694580078 ], [ 24.763412475585938, 59.443805694580064 ], [ 24.763219833374023, 59.443767547607422 ], [ 24.762937545776367, 59.443698883056641 ], [ 24.762821197509766, 59.443668365478523 ], [ 24.760662078857422, 59.443260192871094 ], [ 24.760614395141602, 59.443252563476548 ], [ 24.759904861450195, 59.443119049072266 ], [ 24.757949829101562, 59.442749023437507 ], [ 24.758052825927734, 59.442611694335938 ], [ 24.75800895690918, 59.442562103271484 ], [ 24.75799560546875, 59.442546844482443 ], [ 24.757961273193359, 59.442508697509759 ], [ 24.757875442504883, 59.442493438720717 ], [ 24.757820129394531, 59.442485809326165 ], [ 24.757675170898438, 59.44245529174804 ], [ 24.757701873779297, 59.442417144775384 ], [ 24.758335113525391, 59.441509246826151 ], [ 24.758432388305664, 59.441375732421868 ], [ 24.758474349975586, 59.441318511962898 ], [ 24.75873947143555, 59.441394805908203 ], [ 24.75954627990723, 59.441627502441406 ], [ 24.76070594787598, 59.441959381103501 ], [ 24.760766983032227, 59.441978454589851 ], [ 24.760665893554691, 59.442104339599567 ], [ 24.76054573059082, 59.442249298095689 ], [ 24.760421752929688, 59.442401885986314 ], [ 24.760276794433597, 59.442604064941378 ], [ 24.760135650634766, 59.442802429199219 ], [ 24.760141372680664, 59.44281005859375 ], [ 24.761007308959961, 59.442993164062486 ], [ 24.761707305908203, 59.44311904907228 ], [ 24.762157440185547, 59.443206787109368 ], [ 24.762542724609375, 59.44328308105468 ], [ 24.762601852416992, 59.44328308105468 ], [ 24.762601852416992, 59.443275451660156 ], [ 24.762750625610352, 59.443294525146477 ], [ 24.762842178344727, 59.443305969238281 ], [ 24.762903213500977, 59.443313598632805 ], [ 24.763095855712891, 59.443340301513665 ], [ 24.763490676879883, 59.443386077880866 ], [ 24.763690948486328, 59.443416595458984 ], [ 24.765157699584961, 59.443687438964844 ], [ 24.765701293945312, 59.443786621093757 ], [ 24.76578872231703, 59.443802465927625 ], [ 24.765918938140921, 59.443696026502394 ] ] ] } },
{ "type": "Feature", "properties": { "from_id": "300", "population": 921.39660844071398, "gravity_community": 14.241635337185377, "gravity_education": 13.30696296044451, "gravity_essential_services": 18.356698943327999, "gravity_food_and_drink": 274.18912157339804, "gravity_healthcare": 15.021529744180379, "gravity_shelter": 23.098402170163215, "avg_gravity": 59.702391788116593, "min_tt_community": 5.0, "min_tt_education": 7.0, "min_tt_essential_services": 8.0, "min_tt_food_and_drink": 5.0, "min_tt_healthcare": 9.0, "min_tt_shelter": 12.0, "avg_tt_community": 19.25, "avg_tt_education": 18.5, "avg_tt_essential_services": 20.21875, "avg_tt_food_and_drink": 19.949152542372882, "avg_tt_healthcare": 20.0, "avg_tt_shelter": 19.975, "avg_tt_all": 19.648817090395482, "n_unreachable_categories": 0, "count_community": 24.0, "count_education": 22.0, "count_essential_services": 32.0, "count_food_and_drink": 473.0, "count_healthcare": 26.0, "count_shelter": 40.0, "gravity_community_per_100": 1.545657451603452, "gravity_education_per_100": 1.4442166205673341, "gravity_essential_services_per_100": 1.9922689941732228, "gravity_food_and_drink_per_100": 29.757991190938966, "gravity_healthcare_per_100": 1.6303000908155525, "gravity_shelter_per_100": 2.5068902965958171, "shannon": 0.91320357641329308, "kl_divergence": 0.21764540191172466, "jsd": 0.2402433106417064, "city_similarity": 0.75975668935829366 }, "geometry": { "type": "Polygon", "coordinates": [ [ [ 24.752446396554205, 59.447354745290959 ], [ 24.748299405487579, 59.443393390563536 ], [ 24.739489778150375, 59.443241181875905 ], [ 24.734825124513847, 59.447050281002078 ], [ 24.738970967223008, 59.451012054668666 ], [ 24.742353289324818, 59.451070567934451 ], [ 24.742427825927734, 59.451038360595689 ], [ 24.742742538452148, 59.450885772705064 ], [ 24.743049621582031, 59.450717926025384 ], [ 24.743219375610352, 59.450626373291016 ], [ 24.743337631225586, 59.450538635253899 ], [ 24.743474960327148, 59.450416564941399 ], [ 24.743537902832031, 59.450286865234368 ], [ 24.743432998657227, 59.450256347656243 ], [ 24.743808746337891, 59.449829101562507 ], [ 24.743984222412113, 59.449718475341797 ], [ 24.744026184082031, 59.449649810791009 ], [ 24.744026184082031, 59.449592590332024 ], [ 24.7440185546875, 59.449554443359361 ], [ 24.744020462036133, 59.449527740478516 ], [ 24.744054794311523, 59.449447631835923 ], [ 24.744096755981445, 59.44939041137696 ], [ 24.744142532348633, 59.449333190917976 ], [ 24.744216918945312, 59.449268341064439 ], [ 24.744312286376957, 59.449222564697251 ], [ 24.744522094726566, 59.449077606201143 ], [ 24.744585037231445, 59.449039459228516 ], [ 24.74464225769043, 59.448993682861314 ], [ 24.744701385498047, 59.448898315429688 ], [ 24.744844436645508, 59.448749542236314 ], [ 24.744985580444336, 59.448642730712891 ], [ 24.745195388793945, 59.448558807373047 ], [ 24.745256423950195, 59.448539733886712 ], [ 24.745344161987305, 59.448516845703132 ], [ 24.745460510253906, 59.448486328124986 ], [ 24.745588302612305, 59.448448181152344 ], [ 24.745613098144531, 59.448440551757798 ], [ 24.745784759521484, 59.448387145996087 ], [ 24.745851516723633, 59.448371887207017 ], [ 24.74643707275391, 59.448223114013665 ], [ 24.746463775634769, 59.448215484619126 ], [ 24.746879577636719, 59.448112487792962 ], [ 24.747026443481445, 59.448074340820298 ], [ 24.747232437133789, 59.448024749755859 ], [ 24.747398376464844, 59.447982788085945 ], [ 24.747455596923832, 59.447975158691399 ], [ 24.747587203979492, 59.447971343994148 ], [ 24.7478141784668, 59.447963714599609 ], [ 24.748134613037109, 59.447944641113281 ], [ 24.748552322387695, 59.447910308837876 ], [ 24.748977661132812, 59.447891235351555 ], [ 24.749116897583008, 59.447879791259773 ], [ 24.749160766601562, 59.447868347167983 ], [ 24.74920654296875, 59.447856903076172 ], [ 24.749235153198242, 59.447845458984375 ], [ 24.749238967895511, 59.447822570800767 ], [ 24.749225616455078, 59.447792053222656 ], [ 24.749204635620117, 59.447765350341783 ], [ 24.74921989440918, 59.447708129882812 ], [ 24.749290466308594, 59.447658538818345 ], [ 24.749372482299805, 59.447616577148445 ], [ 24.749423980712891, 59.447597503662109 ], [ 24.749494552612308, 59.447574615478501 ], [ 24.749525070190433, 59.44756698608397 ], [ 24.749557495117188, 59.447555541992173 ], [ 24.74958610534668, 59.447544097900376 ], [ 24.749612808227539, 59.447536468505866 ], [ 24.749639511108398, 59.447536468505866 ], [ 24.749765396118164, 59.447673797607422 ], [ 24.749944686889648, 59.447837829589844 ], [ 24.749959945678714, 59.44783782958983 ], [ 24.750057220458988, 59.447917938232422 ], [ 24.750104904174805, 59.447906494140639 ], [ 24.749671936035156, 59.447513580322266 ], [ 24.749683380126953, 59.447494506835923 ], [ 24.749723434448242, 59.447467803955092 ], [ 24.749845504760742, 59.447414398193352 ], [ 24.749980926513672, 59.44737243652343 ], [ 24.750019073486328, 59.447357177734382 ], [ 24.750120162963867, 59.44732666015625 ], [ 24.750242233276367, 59.447292327880859 ], [ 24.750322341918949, 59.447307586669908 ], [ 24.750391006469727, 59.44732666015625 ], [ 24.750429153442383, 59.447326660156236 ], [ 24.750476837158207, 59.447315216064439 ], [ 24.750492095947266, 59.447307586669915 ], [ 24.750499725341797, 59.447299957275398 ], [ 24.750608444213867, 59.447334289550788 ], [ 24.750717163085941, 59.447238922119134 ], [ 24.750566482543945, 59.447196960449219 ], [ 24.750551223754883, 59.447208404541016 ], [ 24.750387191772461, 59.447162628173814 ], [ 24.75010871887207, 59.447078704833984 ], [ 24.7494010925293, 59.446872711181634 ], [ 24.748939514160156, 59.446735382080092 ], [ 24.748485565185547, 59.446594238281229 ], [ 24.747459411621094, 59.446201324462884 ], [ 24.747468948364258, 59.446155548095703 ], [ 24.747480392456058, 59.446125030517585 ], [ 24.747804641723636, 59.445976257324212 ], [ 24.748332977294922, 59.445732116699219 ], [ 24.748899459838867, 59.445785522460945 ], [ 24.748743057250977, 59.446128845214822 ], [ 24.748695373535156, 59.446231842041009 ], [ 24.748645782470703, 59.446342468261712 ], [ 24.748662948608398, 59.446353912353523 ], [ 24.7489013671875, 59.446414947509766 ], [ 24.749635696411133, 59.446605682373033 ], [ 24.749725341796875, 59.446628570556641 ], [ 24.749834060668945, 59.446632385253906 ], [ 24.750598907470703, 59.44682693481446 ], [ 24.750734329223633, 59.446865081787095 ], [ 24.750797271728516, 59.446887969970703 ], [ 24.750852584838867, 59.446918487548814 ], [ 24.750875473022461, 59.446937561035142 ], [ 24.750879287719727, 59.446949005126953 ], [ 24.750873565673828, 59.446975708007812 ], [ 24.750860214233398, 59.446994781494134 ], [ 24.750865936279297, 59.447013854980476 ], [ 24.750907897949219, 59.447025299072259 ], [ 24.750942230224609, 59.447029113769531 ], [ 24.751520156860355, 59.44719314575196 ], [ 24.751529693603516, 59.447200775146484 ], [ 24.751535415649414, 59.447212219238281 ], [ 24.751529693603516, 59.447227478027351 ], [ 24.751525878906254, 59.447269439697237 ], [ 24.751523971557617, 59.44732666015625 ], [ 24.751527786254883, 59.447353363037109 ], [ 24.751544952392578, 59.44738006591799 ], [ 24.751596450805664, 59.447399139404297 ], [ 24.751680374145508, 59.447410583496094 ], [ 24.751745223999023, 59.447414398193352 ], [ 24.752162933349609, 59.447429656982415 ], [ 24.752350226104287, 59.447433311621609 ], [ 24.752446396554205, 59.447354745290959 ] ] ] } },
{ "type": "Feature", "properties": { "from_id": "301", "population": 970.29533553914916, "gravity_community": 0.0, "gravity_education": 0.0, "gravity_essential_services": 0.0, "gravity_food_and_drink": 1.0, "gravity_healthcare": 0.0, "gravity_shelter": 0.0, "avg_gravity": 0.16666666666666666, "min_tt_community": null, "min_tt_education": null, "min_tt_essential_services": null, "min_tt_food_and_drink": null, "min_tt_healthcare": null, "min_tt_shelter": null, "avg_tt_community": null, "avg_tt_education": null, "avg_tt_essential_services": null, "avg_tt_food_and_drink": null, "avg_tt_healthcare": null, "avg_tt_shelter": null, "avg_tt_all": null, "n_unreachable_categories": 6, "count_community": 0.0, "count_education": 0.0, "count_essential_services": 0.0, "count_food_and_drink": 1.0, "count_healthcare": 0.0, "count_shelter": 0.0, "gravity_community_per_100": 0.0, "gravity_education_per_100": 0.0, "gravity_essential_services_per_100": 0.0, "gravity_food_and_drink_per_100": 0.10306140443768548, "gravity_healthcare_per_100": 0.0, "gravity_shelter_per_100": 0.0, "shannon": 1.1412925456691193e-08, "kl_divergence": 0.77442750133451621, "jsd": 0.48757412718494225, "city_similarity": 0.51242587281505769 }, "geometry": { "type": "Polygon", "coordinates": [ [ [ 24.847187062580183, 59.413942678498429 ], [ 24.855989716061426, 59.414087581956977 ], [ 24.860310259888177, 59.410541606382985 ], [ 24.858760833740234, 59.410511016845724 ], [ 24.855039596557617, 59.410423278808594 ], [ 24.851709365844727, 59.410366058349609 ], [ 24.849039077758789, 59.410305023193359 ], [ 24.847358703613281, 59.4102783203125 ], [ 24.843711853027344, 59.410202026367173 ], [ 24.843252064473869, 59.410193104560257 ], [ 24.847187062580183, 59.413942678498429 ] ] ] } },
{ "type": "Feature", "properties": { "from_id": "302", "population": 153.79319089637937, "gravity_community": 0.0, "gravity_education": 0.0, "gravity_essential_services": 0.0, "gravity_food_and_drink": 1.0, "gravity_healthcare": 0.0, "gravity_shelter": 0.0, "avg_gravity": 0.16666666666666666, "min_tt_community": null, "min_tt_education": null, "min_tt_essential_services": null, "min_tt_food_and_drink": null, "min_tt_healthcare": null, "min_tt_shelter": null, "avg_tt_community": null, "avg_tt_education": null, "avg_tt_essential_services": null, "avg_tt_food_and_drink": null, "avg_tt_healthcare": null, "avg_tt_shelter": null, "avg_tt_all": null, "n_unreachable_categories": 6, "count_community": 0.0, "count_education": 0.0, "count_essential_services": 0.0, "count_food_and_drink": 1.0, "count_healthcare": 0.0, "count_shelter": 0.0, "gravity_community_per_100": 0.0, "gravity_education_per_100": 0.0, "gravity_essential_services_per_100": 0.0, "gravity_food_and_drink_per_100": 0.65022384552367207, "gravity_healthcare_per_100": 0.0, "gravity_shelter_per_100": 0.0, "shannon": 1.1412925456691193e-08, "kl_divergence": 0.77442750133451621, "jsd": 0.48757412718494225, "city_similarity": 0.51242587281505769 }, "geometry": { "type": "Polygon", "coordinates": [ [ [ 24.870312479804969, 59.411250580477642 ], [ 24.870256423950195, 59.410964965820305 ], [ 24.870185852050785, 59.410736083984382 ], [ 24.86976460676301, 59.410728975870676 ], [ 24.870312479804969, 59.411250580477642 ] ] ] } },
{ "type": "Feature", "properties": { "from_id": "303", "population": 759.43934923634106, "gravity_community": 1.0890230132877954, "gravity_education": 0.0, "gravity_essential_services": 0.0, "gravity_food_and_drink": 5.909949945465204, "gravity_healthcare": 2.7035317011569848, "gravity_shelter": 11.44005089978714, "avg_gravity": 3.5237592599495202, "min_tt_community": 20.0, "min_tt_education": null, "min_tt_essential_services": null, "min_tt_food_and_drink": 14.0, "min_tt_healthcare": 22.0, "min_tt_shelter": 7.0, "avg_tt_community": 22.0, "avg_tt_education": null, "avg_tt_essential_services": null, "avg_tt_food_and_drink": 22.0, "avg_tt_healthcare": 22.2, "avg_tt_shelter": 16.777777777777779, "avg_tt_all": 20.744444444444447, "n_unreachable_categories": 2, "count_community": 2.0, "count_education": 0.0, "count_essential_services": 0.0, "count_food_and_drink": 10.0, "count_healthcare": 5.0, "count_shelter": 18.0, "gravity_community_per_100": 0.14339828643101904, "gravity_education_per_100": 0.0, "gravity_essential_services_per_100": 0.0, "gravity_food_and_drink_per_100": 0.77819906901163216, "gravity_healthcare_per_100": 0.35599046900526526, "gravity_shelter_per_100": 1.5063811101295652, "shannon": 1.1414615950711171, "kl_divergence": 0.3904522361785705, "jsd": 0.33202302097563979, "city_similarity": 0.66797697902436015 }, "geometry": { "type": "Polygon", "coordinates": [ [ [ 24.855989716061426, 59.414087581956977 ], [ 24.860145854985372, 59.41804558172629 ], [ 24.868949647618773, 59.418189617526963 ], [ 24.870581878984041, 59.416849695334065 ], [ 24.870574951171875, 59.415985107421882 ], [ 24.87043380737305, 59.415973663330071 ], [ 24.870487213134769, 59.415813446044908 ], [ 24.870922088623047, 59.414398193359375 ], [ 24.870771408081055, 59.413612365722656 ], [ 24.870597839355469, 59.412704467773438 ], [ 24.870312479804969, 59.411250580477642 ], [ 24.86976460676301, 59.410728975870676 ], [ 24.868829727172852, 59.410713195800774 ], [ 24.867755889892578, 59.410694122314439 ], [ 24.862627029418945, 59.410587310790994 ], [ 24.860310259888177, 59.410541606382985 ], [ 24.855989716061426, 59.414087581956977 ] ] ] } },
{ "type": "Feature", "properties": { "from_id": "304", "population": 1086.178750035041, "gravity_community": 0.5436769774186645, "gravity_education": 0.0, "gravity_essential_services": 0.0, "gravity_food_and_drink": 1.6707315838843249, "gravity_healthcare": 1.0287527853966592, "gravity_shelter": 8.1536300059004176, "avg_gravity": 1.8994652254333444, "min_tt_community": 22.0, "min_tt_education": null, "min_tt_essential_services": null, "min_tt_food_and_drink": 16.0, "min_tt_healthcare": 24.0, "min_tt_shelter": 12.0, "avg_tt_community": 22.0, "avg_tt_education": null, "avg_tt_essential_services": null, "avg_tt_food_and_drink": 21.333333333333332, "avg_tt_healthcare": 24.0, "avg_tt_shelter": 15.636363636363637, "avg_tt_all": 20.742424242424242, "n_unreachable_categories": 2, "count_community": 1.0, "count_education": 0.0, "count_essential_services": 0.0, "count_food_and_drink": 3.0, "count_healthcare": 2.0, "count_shelter": 12.0, "gravity_community_per_100": 0.050054098130821012, "gravity_education_per_100": 0.0, "gravity_essential_services_per_100": 0.0, "gravity_food_and_drink_per_100": 0.15381736973131041, "gravity_healthcare_per_100": 0.094713028160739732, "gravity_shelter_per_100": 0.75067110322655217, "shannon": 0.97364892813091564, "kl_divergence": 0.62546952386659616, "jsd": 0.40444596901324747, "city_similarity": 0.59555403098675253 }, "geometry": { "type": "Polygon", "coordinates": [ [ [ 24.868949647618773, 59.418189617526963 ], [ 24.869564385386777, 59.4187747710209 ], [ 24.869688034057617, 59.418388366699219 ], [ 24.870691299438477, 59.41833114624022 ], [ 24.870752334594727, 59.418327331542962 ], [ 24.870584487915039, 59.41717529296875 ], [ 24.870581878984041, 59.416849695334065 ], [ 24.868949647618773, 59.418189617526963 ] ] ] } },
{ "type": "Feature", "properties": { "from_id": "305", "population": 3022.2443888193266, "gravity_community": 1.134463819459548, "gravity_education": 1.5864713744469814, "gravity_essential_services": 1.0287527853966592, "gravity_food_and_drink": 7.6508272542924436, "gravity_healthcare": 2.8108649144718196, "gravity_shelter": 12.897192916373104, "avg_gravity": 4.5180955107400926, "min_tt_community": 19.0, "min_tt_education": 23.0, "min_tt_essential_services": 24.0, "min_tt_food_and_drink": 13.0, "min_tt_healthcare": 20.0, "min_tt_shelter": 5.0, "avg_tt_community": 20.5, "avg_tt_education": 23.0, "avg_tt_essential_services": 24.0, "avg_tt_food_and_drink": 21.416666666666668, "avg_tt_healthcare": 20.8, "avg_tt_shelter": 16.25, "avg_tt_all": 20.994444444444444, "n_unreachable_categories": 0, "count_community": 2.0, "count_education": 3.0, "count_essential_services": 2.0, "count_food_and_drink": 13.0, "count_healthcare": 5.0, "count_shelter": 20.0, "gravity_community_per_100": 0.03753713047351339, "gravity_education_per_100": 0.052493153112172841, "gravity_essential_services_per_100": 0.034039364559745378, "gravity_food_and_drink_per_100": 0.25315051564315499, "gravity_healthcare_per_100": 0.093005877515084587, "gravity_shelter_per_100": 0.42674222389445932, "shannon": 1.4205602178556056, "kl_divergence": 0.15385120530600582, "jsd": 0.19108893927514697, "city_similarity": 0.80891106072485308 }, "geometry": { "type": "Polygon", "coordinates": [ [ [ 24.855989716061426, 59.414087581956977 ], [ 24.847187062580183, 59.413942678498429 ], [ 24.84253853416628, 59.417755730169262 ], [ 24.846693533397136, 59.421714149641502 ], [ 24.855498201095592, 59.421859097748104 ], [ 24.860145854985372, 59.41804558172629 ], [ 24.855989716061426, 59.414087581956977 ] ] ] } },
{ "type": "Feature", "properties": { "from_id": "306", "population": 3049.0702013165655, "gravity_community": 0.0, "gravity_education": 0.0, "gravity_essential_services": 0.0, "gravity_food_and_drink": 1.5288237914823273, "gravity_healthcare": 0.0, "gravity_shelter": 1.7366014094189024, "avg_gravity": 0.54423753348353821, "min_tt_community": null, "min_tt_education": null, "min_tt_essential_services": null, "min_tt_food_and_drink": 23.0, "min_tt_healthcare": null, "min_tt_shelter": 14.0, "avg_tt_community": null, "avg_tt_education": null, "avg_tt_essential_services": null, "avg_tt_food_and_drink": 23.0, "avg_tt_healthcare": null, "avg_tt_shelter": 20.0, "avg_tt_all": 21.5, "n_unreachable_categories": 4, "count_community": 0.0, "count_education": 0.0, "count_essential_services": 0.0, "count_food_and_drink": 2.0, "count_healthcare": 0.0, "count_shelter": 3.0, "gravity_community_per_100": 0.0, "gravity_education_per_100": 0.0, "gravity_essential_services_per_100": 0.0, "gravity_food_and_drink_per_100": 0.05014065569307629, "gravity_healthcare_per_100": 0.0, "gravity_shelter_per_100": 0.056955114010462958, "shannon": 0.67301167616230839, "kl_divergence": 0.56429866424530883, "jsd": 0.40245197154573281, "city_similarity": 0.59754802845426713 }, "geometry": { "type": "Polygon", "coordinates": [ [ [ 24.868949647618773, 59.418189617526963 ], [ 24.860145854985372, 59.41804558172629 ], [ 24.855498201095592, 59.421859097748104 ], [ 24.859655215084647, 59.425817113871204 ], [ 24.868461022576131, 59.425961194056455 ], [ 24.87188503582831, 59.423150934671973 ], [ 24.86988639831543, 59.422664642333977 ], [ 24.868780136108398, 59.42139816284179 ], [ 24.86897087097168, 59.420764923095703 ], [ 24.869235992431641, 59.419834136962876 ], [ 24.869504928588867, 59.418960571289048 ], [ 24.869564385386777, 59.4187747710209 ], [ 24.868949647618773, 59.418189617526963 ] ] ] } },
{ "type": "Feature", "properties": { "from_id": "307", "population": 4412.2953007881315, "gravity_community": 0.0, "gravity_education": 0.0, "gravity_essential_services": 0.0, "gravity_food_and_drink": 1.5288237914823273, "gravity_healthcare": 0.0, "gravity_shelter": 0.5436769774186645, "avg_gravity": 0.34541679481683191, "min_tt_community": null, "min_tt_education": null, "min_tt_essential_services": null, "min_tt_food_and_drink": 23.0, "min_tt_healthcare": null, "min_tt_shelter": 22.0, "avg_tt_community": null, "avg_tt_education": null, "avg_tt_essential_services": null, "avg_tt_food_and_drink": 23.0, "avg_tt_healthcare": null, "avg_tt_shelter": 22.0, "avg_tt_all": 22.5, "n_unreachable_categories": 4, "count_community": 0.0, "count_education": 0.0, "count_essential_services": 0.0, "count_food_and_drink": 2.0, "count_healthcare": 0.0, "count_shelter": 1.0, "gravity_community_per_100": 0.0, "gravity_education_per_100": 0.0, "gravity_essential_services_per_100": 0.0, "gravity_food_and_drink_per_100": 0.034649172080781769, "gravity_healthcare_per_100": 0.0, "gravity_shelter_per_100": 0.012321862893482039, "shannon": 0.63651417745556094, "kl_divergence": 0.39507046192732737, "jsd": 0.35923772996494657, "city_similarity": 0.64076227003505348 }, "geometry": { "type": "Polygon", "coordinates": [ [ [ 24.868461022576131, 59.425961194056455 ], [ 24.872620051964514, 59.429918806492587 ], [ 24.881426998807243, 59.430062018460966 ], [ 24.885843173327167, 59.426436212036812 ], [ 24.884712219238281, 59.426185607910163 ], [ 24.881389617919922, 59.425441741943366 ], [ 24.879541397094727, 59.424873352050803 ], [ 24.874794006347656, 59.423858642578118 ], [ 24.87188503582831, 59.423150934671973 ], [ 24.868461022576131, 59.425961194056455 ] ] ] } },
{ "type": "Feature", "properties": { "from_id": "308", "population": 3316.9946450065395, "gravity_community": 0.60738039731376148, "gravity_education": 1.0287527853966592, "gravity_essential_services": 3.0715003877427116, "gravity_food_and_drink": 8.8849708603725048, "gravity_healthcare": 1.1362041887960888, "gravity_shelter": 8.6178448254259088, "avg_gravity": 3.8911089075079395, "min_tt_community": 18.0, "min_tt_education": 24.0, "min_tt_essential_services": 16.0, "min_tt_food_and_drink": 17.0, "min_tt_healthcare": 18.0, "min_tt_shelter": 1.0, "avg_tt_community": 18.0, "avg_tt_education": 24.0, "avg_tt_essential_services": 17.6, "avg_tt_food_and_drink": 20.785714285714285, "avg_tt_healthcare": 20.5, "avg_tt_shelter": 15.615384615384615, "avg_tt_all": 19.416849816849815, "n_unreachable_categories": 0, "count_community": 1.0, "count_education": 2.0, "count_essential_services": 5.0, "count_food_and_drink": 15.0, "count_healthcare": 2.0, "count_shelter": 13.0, "gravity_community_per_100": 0.01831116604990974, "gravity_education_per_100": 0.031014604951061987, "gravity_essential_services_per_100": 0.092598894977614782, "gravity_food_and_drink_per_100": 0.26786208032467257, "gravity_healthcare_per_100": 0.034254025417452809, "gravity_shelter_per_100": 0.25980882538955435, "shannon": 1.4064052934309219, "kl_divergence": 0.077861307264152441, "jsd": 0.13952922746046581, "city_similarity": 0.86047077253953419 }, "geometry": { "type": "Polygon", "coordinates": [ [ [ 24.855498201095592, 59.421859097748104 ], [ 24.846693533397136, 59.421714149641502 ], [ 24.842043864749169, 59.425527172997576 ], [ 24.846199738403858, 59.429485608950095 ], [ 24.855006421401768, 59.429630601725215 ], [ 24.859655215084647, 59.425817113871204 ], [ 24.855498201095592, 59.421859097748104 ] ] ] } },
{ "type": "Feature", "properties": { "from_id": "309", "population": 3563.3216054433965, "gravity_community": 0.51437639269832958, "gravity_education": 0.0, "gravity_essential_services": 0.6419787984876657, "gravity_food_and_drink": 4.3269838049675515, "gravity_healthcare": 2.6361331827104202, "gravity_shelter": 2.1157009530816486, "avg_gravity": 1.7058621886576024, "min_tt_community": 24.0, "min_tt_education": null, "min_tt_essential_services": 16.0, "min_tt_food_and_drink": 13.0, "min_tt_healthcare": 18.0, "min_tt_shelter": 22.0, "avg_tt_community": 24.0, "avg_tt_education": null, "avg_tt_essential_services": 16.0, "avg_tt_food_and_drink": 17.571428571428573, "avg_tt_healthcare": 22.0, "avg_tt_shelter": 23.0, "avg_tt_all": 20.514285714285712, "n_unreachable_categories": 1, "count_community": 1.0, "count_education": 0.0, "count_essential_services": 1.0, "count_food_and_drink": 7.0, "count_healthcare": 4.0, "count_shelter": 4.0, "gravity_community_per_100": 0.014435306426244509, "gravity_education_per_100": 0.0, "gravity_essential_services_per_100": 0.01801630247202405, "gravity_food_and_drink_per_100": 0.12143118932508282, "gravity_healthcare_per_100": 0.073979659278674545, "gravity_shelter_per_100": 0.059374403642086765, "shannon": 1.3795824096067157, "kl_divergence": 0.17307020998234651, "jsd": 0.22516139002617255, "city_similarity": 0.77483860997382747 }, "geometry": { "type": "Polygon", "coordinates": [ [ [ 24.868461022576131, 59.425961194056455 ], [ 24.859655215084647, 59.425817113871204 ], [ 24.855006421401768, 59.429630601725215 ], [ 24.859164310897309, 59.433588634212022 ], [ 24.867972134329623, 59.433732758802201 ], [ 24.872620051964514, 59.429918806492587 ], [ 24.868461022576131, 59.425961194056455 ] ] ] } },
{ "type": "Feature", "properties": { "from_id": "310", "population": 3255.9036473183201, "gravity_community": 0.0, "gravity_education": 0.0, "gravity_essential_services": 1.5143763926983296, "gravity_food_and_drink": 4.564447063995047, "gravity_healthcare": 1.1183235980081303, "gravity_shelter": 0.0, "avg_gravity": 1.1995245091169178, "min_tt_community": null, "min_tt_education": null, "min_tt_essential_services": 24.0, "min_tt_food_and_drink": 16.0, "min_tt_healthcare": 20.0, "min_tt_shelter": null, "avg_tt_community": null, "avg_tt_education": null, "avg_tt_essential_services": 24.0, "avg_tt_food_and_drink": 20.375, "avg_tt_healthcare": 21.0, "avg_tt_shelter": null, "avg_tt_all": 21.791666666666668, "n_unreachable_categories": 3, "count_community": 0.0, "count_education": 0.0, "count_essential_services": 2.0, "count_food_and_drink": 8.0, "count_healthcare": 2.0, "count_shelter": 0.0, "gravity_community_per_100": 0.0, "gravity_education_per_100": 0.0, "gravity_essential_services_per_100": 0.046511707861675355, "gravity_food_and_drink_per_100": 0.1401898691859168, "gravity_healthcare_per_100": 0.034347564275411593, "gravity_shelter_per_100": 0.0, "shannon": 0.86756323548811498, "kl_divergence": 0.42439516646902692, "jsd": 0.37089226711969631, "city_similarity": 0.62910773288030364 }, "geometry": { "type": "Polygon", "coordinates": [ [ [ 24.881426998807243, 59.430062018460966 ], [ 24.872620051964514, 59.429918806492587 ], [ 24.867972134329623, 59.433732758802201 ], [ 24.872132040307648, 59.437690387485326 ], [ 24.880941003732275, 59.437833643594921 ], [ 24.88558804423576, 59.434019226872152 ], [ 24.881426998807243, 59.430062018460966 ] ] ] } },
{ "type": "Feature", "properties": { "from_id": "311", "population": 3706.1226589885318, "gravity_community": 3.0534255471738403, "gravity_education": 15.205242958488027, "gravity_essential_services": 19.414751245108668, "gravity_food_and_drink": 46.474013140022123, "gravity_healthcare": 17.577281833187062, "gravity_shelter": 25.485382413562164, "avg_gravity": 21.20168285625698, "min_tt_community": 13.0, "min_tt_education": 11.0, "min_tt_essential_services": 13.0, "min_tt_food_and_drink": 5.0, "min_tt_healthcare": 8.0, "min_tt_shelter": 6.0, "avg_tt_community": 18.0, "avg_tt_education": 20.6, "avg_tt_essential_services": 19.272727272727273, "avg_tt_food_and_drink": 18.013157894736842, "avg_tt_healthcare": 18.344827586206897, "avg_tt_shelter": 18.333333333333332, "avg_tt_all": 18.760674347834058, "n_unreachable_categories": 0, "count_community": 5.0, "count_education": 26.0, "count_essential_services": 33.0, "count_food_and_drink": 76.0, "count_healthcare": 29.0, "count_shelter": 42.0, "gravity_community_per_100": 0.08238868024964871, "gravity_education_per_100": 0.41027360283423031, "gravity_essential_services_per_100": 0.52385614377931322, "gravity_food_and_drink_per_100": 1.2539793583816712, "gravity_healthcare_per_100": 0.47427685078248921, "gravity_shelter_per_100": 0.68765620457142629, "shannon": 1.5987212337356755, "kl_divergence": 0.041460907012144305, "jsd": 0.099520621143732918, "city_similarity": 0.90047937885626705 }, "geometry": { "type": "Polygon", "coordinates": [ [ [ 24.855006421401768, 59.429630601725215 ], [ 24.846199738403858, 59.429485608950095 ], [ 24.84154892888014, 59.433298603980951 ], [ 24.845705677399536, 59.437257056423711 ], [ 24.854514376779953, 59.437402093887783 ], [ 24.859164310897309, 59.433588634212022 ], [ 24.855006421401768, 59.429630601725215 ] ] ] } },
{ "type": "Feature", "properties": { "from_id": "312", "population": 3851.4030219458696, "gravity_community": 2.517505214630634, "gravity_education": 15.058266610946248, "gravity_essential_services": 17.326686056050921, "gravity_food_and_drink": 48.060980088747044, "gravity_healthcare": 16.437832181751382, "gravity_shelter": 19.767224854180853, "avg_gravity": 19.861415834384516, "min_tt_community": 12.0, "min_tt_education": 16.0, "min_tt_essential_services": 7.0, "min_tt_food_and_drink": 6.0, "min_tt_healthcare": 4.0, "min_tt_shelter": 8.0, "avg_tt_community": 17.0, "avg_tt_education": 21.148148148148149, "avg_tt_essential_services": 16.518518518518519, "avg_tt_food_and_drink": 17.133333333333333, "avg_tt_healthcare": 16.807692307692307, "avg_tt_shelter": 17.59375, "avg_tt_all": 17.700240384615388, "n_unreachable_categories": 0, "count_community": 4.0, "count_education": 27.0, "count_essential_services": 27.0, "count_food_and_drink": 76.0, "count_healthcare": 26.0, "count_shelter": 32.0, "gravity_community_per_100": 0.065365925100165145, "gravity_education_per_100": 0.39098132615937614, "gravity_essential_services_per_100": 0.4498798478715646, "gravity_food_and_drink_per_100": 1.2478823902585214, "gravity_healthcare_per_100": 0.42680114462408009, "gravity_shelter_per_100": 0.51324737352970473, "shannon": 1.5685882844049408, "kl_divergence": 0.036815595914735773, "jsd": 0.09436653230194747, "city_similarity": 0.90563346769805253 }, "geometry": { "type": "Polygon", "coordinates": [ [ [ 24.867972134329623, 59.433732758802201 ], [ 24.859164310897309, 59.433588634212022 ], [ 24.854514376779953, 59.437402093887783 ], [ 24.858673142223665, 59.441360142748231 ], [ 24.867482982680368, 59.441504311763666 ], [ 24.872132040307648, 59.437690387485326 ], [ 24.867972134329623, 59.433732758802201 ] ] ] } },
{ "type": "Feature", "properties": { "from_id": "313", "population": 3379.5657140465028, "gravity_community": 2.2121401526250155, "gravity_education": 16.094484562711237, "gravity_essential_services": 15.668551793034467, "gravity_food_and_drink": 45.751435922966081, "gravity_healthcare": 17.104664491209348, "gravity_shelter": 22.508037197276327, "avg_gravity": 19.889885686637079, "min_tt_community": 17.0, "min_tt_education": 4.0, "min_tt_essential_services": 2.0, "min_tt_food_and_drink": 2.0, "min_tt_healthcare": 2.0, "min_tt_shelter": 3.0, "avg_tt_community": 21.5, "avg_tt_education": 16.4, "avg_tt_essential_services": 14.478260869565217, "avg_tt_food_and_drink": 16.571428571428573, "avg_tt_healthcare": 15.615384615384615, "avg_tt_shelter": 15.617647058823529, "avg_tt_all": 16.697120185866989, "n_unreachable_categories": 0, "count_community": 4.0, "count_education": 25.0, "count_essential_services": 23.0, "count_food_and_drink": 71.0, "count_healthcare": 26.0, "count_shelter": 34.0, "gravity_community_per_100": 0.065456343796798752, "gravity_education_per_100": 0.47622937159699735, "gravity_essential_services_per_100": 0.4636261910194911, "gravity_food_and_drink_per_100": 1.3537667201678962, "gravity_healthcare_per_100": 0.5061201923110169, "gravity_shelter_per_100": 0.66600383308796396, "shannon": 1.5734726063408109, "kl_divergence": 0.028198829992389006, "jsd": 0.082888041044653679, "city_similarity": 0.91711195895534636 }, "geometry": { "type": "Polygon", "coordinates": [ [ [ 24.880941003732275, 59.437833643594921 ], [ 24.872132040307648, 59.437690387485326 ], [ 24.867482982680368, 59.441504311763666 ], [ 24.871643765690525, 59.44546195670371 ], [ 24.880454746781126, 59.44560525697473 ], [ 24.885102926834097, 59.441790868136238 ], [ 24.880941003732275, 59.437833643594921 ] ] ] } },
{ "type": "Feature", "properties": { "from_id": "314", "population": 3806.367178783587, "gravity_community": 3.4052413857902346, "gravity_education": 25.036265241332334, "gravity_essential_services": 21.475509495922893, "gravity_food_and_drink": 71.943158684186614, "gravity_healthcare": 25.850986290583712, "gravity_shelter": 43.669918951231097, "avg_gravity": 31.896846674841147, "min_tt_community": 8.0, "min_tt_education": 9.0, "min_tt_essential_services": 14.0, "min_tt_food_and_drink": 2.0, "min_tt_healthcare": 4.0, "min_tt_shelter": 4.0, "avg_tt_community": 14.4, "avg_tt_education": 19.720930232558139, "avg_tt_essential_services": 18.805555555555557, "avg_tt_food_and_drink": 18.841666666666665, "avg_tt_healthcare": 17.952380952380953, "avg_tt_shelter": 18.361111111111111, "avg_tt_all": 18.01360741971207, "n_unreachable_categories": 0, "count_community": 5.0, "count_education": 43.0, "count_essential_services": 36.0, "count_food_and_drink": 120.0, "count_healthcare": 42.0, "count_shelter": 72.0, "gravity_community_per_100": 0.089461715747519099, "gravity_education_per_100": 0.65774698197490378, "gravity_essential_services_per_100": 0.56419962886465114, "gravity_food_and_drink_per_100": 1.8900740602533705, "gravity_healthcare_per_100": 0.67915114534076548, "gravity_shelter_per_100": 1.1472860315379987, "shannon": 1.5539175155614426, "kl_divergence": 0.025337265630431857, "jsd": 0.079935848188780093, "city_similarity": 0.92006415181121992 }, "geometry": { "type": "Polygon", "coordinates": [ [ [ 24.854514376779953, 59.437402093887783 ], [ 24.845705677399536, 59.437257056423711 ], [ 24.841053726357881, 59.441070023118804 ], [ 24.845211350183153, 59.445028492061823 ], [ 24.854022067029945, 59.445173574235305 ], [ 24.858673142223665, 59.441360142748231 ], [ 24.854514376779953, 59.437402093887783 ] ] ] } },
{ "type": "Feature", "properties": { "from_id": "315", "population": 4316.5166969726642, "gravity_community": 2.9633596059711462, "gravity_education": 22.737394109572453, "gravity_essential_services": 18.887455945346222, "gravity_food_and_drink": 53.215987340477753, "gravity_healthcare": 22.199074271227012, "gravity_shelter": 37.426030444061773, "avg_gravity": 26.23821695277606, "min_tt_community": 16.0, "min_tt_education": 10.0, "min_tt_essential_services": 5.0, "min_tt_food_and_drink": 6.0, "min_tt_healthcare": 6.0, "min_tt_shelter": 4.0, "avg_tt_community": 19.0, "avg_tt_education": 19.405405405405407, "avg_tt_essential_services": 17.033333333333335, "avg_tt_food_and_drink": 15.963414634146341, "avg_tt_healthcare": 16.857142857142858, "avg_tt_shelter": 16.779661016949152, "avg_tt_all": 17.506492874496182, "n_unreachable_categories": 0, "count_community": 5.0, "count_education": 38.0, "count_essential_services": 30.0, "count_food_and_drink": 82.0, "count_healthcare": 35.0, "count_shelter": 59.0, "gravity_community_per_100": 0.068651642377509203, "gravity_education_per_100": 0.5267532991478765, "gravity_essential_services_per_100": 0.43756244377770404, "gravity_food_and_drink_per_100": 1.2328456270724062, "gravity_healthcare_per_100": 0.51428213602871176, "gravity_shelter_per_100": 0.867042411079055, "shannon": 1.6030984605607201, "kl_divergence": 0.047204693948335874, "jsd": 0.10843539763175426, "city_similarity": 0.89156460236824575 }, "geometry": { "type": "Polygon", "coordinates": [ [ [ 24.867482982680368, 59.441504311763666 ], [ 24.858673142223665, 59.441360142748231 ], [ 24.854022067029945, 59.445173574235305 ], [ 24.858181708863803, 59.449131639479361 ], [ 24.866993567429279, 59.449275852940417 ], [ 24.871643765690525, 59.44546195670371 ], [ 24.867482982680368, 59.441504311763666 ] ] ] } },
{ "type": "Feature", "properties": { "from_id": "316", "population": 2232.9050921725739, "gravity_community": 0.71720038531663488, "gravity_education": 9.2318382849475746, "gravity_essential_services": 4.0534354893322542, "gravity_food_and_drink": 23.919330442822559, "gravity_healthcare": 11.016221882271715, "gravity_shelter": 22.540576448224215, "avg_gravity": 11.913100488819159, "min_tt_community": 12.0, "min_tt_education": 8.0, "min_tt_essential_services": 13.0, "min_tt_food_and_drink": 8.0, "min_tt_healthcare": 4.0, "min_tt_shelter": 6.0, "avg_tt_community": 12.0, "avg_tt_education": 20.0625, "avg_tt_essential_services": 19.857142857142858, "avg_tt_food_and_drink": 18.578947368421051, "avg_tt_healthcare": 18.166666666666668, "avg_tt_shelter": 16.285714285714285, "avg_tt_all": 17.491828529657479, "n_unreachable_categories": 0, "count_community": 1.0, "count_education": 16.0, "count_essential_services": 7.0, "count_food_and_drink": 39.0, "count_healthcare": 18.0, "count_shelter": 35.0, "gravity_community_per_100": 0.032119609016557554, "gravity_education_per_100": 0.41344517137381659, "gravity_essential_services_per_100": 0.18153192016720868, "gravity_food_and_drink_per_100": 1.0712202021783876, "gravity_healthcare_per_100": 0.49335826770644969, "gravity_shelter_per_100": 1.009473108697722, "shannon": 1.5007835660779791, "kl_divergence": 0.067848978038906577, "jsd": 0.13164390892460376, "city_similarity": 0.86835609107539624 }, "geometry": { "type": "Polygon", "coordinates": [ [ [ 24.854022067029945, 59.445173574235305 ], [ 24.845211350183153, 59.445028492061823 ], [ 24.840558256980856, 59.448841430410639 ], [ 24.844716756553474, 59.452799915863892 ], [ 24.853529491951331, 59.452945042767276 ], [ 24.858181708863803, 59.449131639479361 ], [ 24.854022067029945, 59.445173574235305 ] ] ] } },
{ "type": "Feature", "properties": { "from_id": "317", "population": 2826.7542668979004, "gravity_community": 0.0, "gravity_education": 0.0, "gravity_essential_services": 0.0, "gravity_food_and_drink": 1.0, "gravity_healthcare": 0.0, "gravity_shelter": 0.0, "avg_gravity": 0.16666666666666666, "min_tt_community": null, "min_tt_education": null, "min_tt_essential_services": null, "min_tt_food_and_drink": null, "min_tt_healthcare": null, "min_tt_shelter": null, "avg_tt_community": null, "avg_tt_education": null, "avg_tt_essential_services": null, "avg_tt_food_and_drink": null, "avg_tt_healthcare": null, "avg_tt_shelter": null, "avg_tt_all": null, "n_unreachable_categories": 6, "count_community": 0.0, "count_education": 0.0, "count_essential_services": 0.0, "count_food_and_drink": 1.0, "count_healthcare": 0.0, "count_shelter": 0.0, "gravity_community_per_100": 0.0, "gravity_education_per_100": 0.0, "gravity_essential_services_per_100": 0.0, "gravity_food_and_drink_per_100": 0.035376262157283553, "gravity_healthcare_per_100": 0.0, "gravity_shelter_per_100": 0.0, "shannon": 1.1412925456691193e-08, "kl_divergence": 0.77442750133451621, "jsd": 0.48757412718494225, "city_similarity": 0.51242587281505769 }, "geometry": { "type": "Polygon", "coordinates": [ [ [ 24.89904115381, 59.430346661507791 ], [ 24.90784836124778, 59.430488092562669 ], [ 24.908874009616667, 59.429645353218142 ], [ 24.907608032226562, 59.429412841796868 ], [ 24.904428482055668, 59.428825378417947 ], [ 24.901395797729496, 59.428470611572259 ], [ 24.899038314819336, 59.428199768066406 ], [ 24.897356033325195, 59.428009033203118 ], [ 24.896476568180322, 59.427908756995208 ], [ 24.89904115381, 59.430346661507791 ] ] ] } },
{ "type": "Feature", "properties": { "from_id": "318", "population": 254.54642640565916, "gravity_community": 0.0, "gravity_education": 0.0, "gravity_essential_services": 0.0, "gravity_food_and_drink": 0.0, "gravity_healthcare": 0.0, "gravity_shelter": 0.0, "avg_gravity": 0.0, "min_tt_community": null, "min_tt_education": null, "min_tt_essential_services": null, "min_tt_food_and_drink": null, "min_tt_healthcare": null, "min_tt_shelter": null, "avg_tt_community": null, "avg_tt_education": null, "avg_tt_essential_services": null, "avg_tt_food_and_drink": null, "avg_tt_healthcare": null, "avg_tt_shelter": null, "avg_tt_all": null, "n_unreachable_categories": 6, "count_community": 0.0, "count_education": 0.0, "count_essential_services": 0.0, "count_food_and_drink": 0.0, "count_healthcare": 0.0, "count_shelter": 0.0, "gravity_community_per_100": 0.0, "gravity_education_per_100": 0.0, "gravity_essential_services_per_100": 0.0, "gravity_food_and_drink_per_100": 0.0, "gravity_healthcare_per_100": 0.0, "gravity_shelter_per_100": 0.0, "shannon": 1.3815510557964275e-08, "kl_divergence": 0.333576385971945, "jsd": 0.27633281748366462, "city_similarity": 0.72366718251633544 }, "geometry": { "type": "Polygon", "coordinates": [ [ [ 24.90784836124778, 59.430488092562669 ], [ 24.91201256128026, 59.434444476023387 ], [ 24.920820906099422, 59.434585038239113 ], [ 24.92295538804175, 59.432830606643719 ], [ 24.922859191894535, 59.432750701904297 ], [ 24.92194938659668, 59.432174682617188 ], [ 24.918863296508789, 59.431495666503899 ], [ 24.91578483581543, 59.430934906005859 ], [ 24.911970138549805, 59.430213928222642 ], [ 24.908874009616667, 59.429645353218142 ], [ 24.90784836124778, 59.430488092562669 ] ] ] } },
{ "type": "Feature", "properties": { "from_id": "319", "population": 0.0056407632511358916, "gravity_community": 0.0, "gravity_education": 0.0, "gravity_essential_services": 0.0, "gravity_food_and_drink": 1.0, "gravity_healthcare": 0.0, "gravity_shelter": 0.52882379148232717, "avg_gravity": 0.25480396524705456, "min_tt_community": null, "min_tt_education": null, "min_tt_essential_services": null, "min_tt_food_and_drink": null, "min_tt_healthcare": null, "min_tt_shelter": 23.0, "avg_tt_community": null, "avg_tt_education": null, "avg_tt_essential_services": null, "avg_tt_food_and_drink": null, "avg_tt_healthcare": null, "avg_tt_shelter": 23.0, "avg_tt_all": 23.0, "n_unreachable_categories": 5, "count_community": 0.0, "count_education": 0.0, "count_essential_services": 0.0, "count_food_and_drink": 1.0, "count_healthcare": 0.0, "count_shelter": 1.0, "gravity_community_per_100": 0.0, "gravity_education_per_100": 0.0, "gravity_essential_services_per_100": 0.0, "gravity_food_and_drink_per_100": 17728.09734212171, "gravity_healthcare_per_100": 0.0, "gravity_shelter_per_100": 9375.0396522285682, "shannon": 0.69314718970891498, "kl_divergence": 0.46701601283472211, "jsd": 0.37819908931780277, "city_similarity": 0.62180091068219723 }, "geometry": { "type": "Polygon", "coordinates": [ [ [ 24.881426998807243, 59.430062018460966 ], [ 24.88558804423576, 59.434019226872152 ], [ 24.894396129987143, 59.434161570328193 ], [ 24.89904115381, 59.430346661507791 ], [ 24.896476568180322, 59.427908756995208 ], [ 24.893943786621094, 59.427619934082024 ], [ 24.88909912109375, 59.427059173583991 ], [ 24.888462066650391, 59.426986694335945 ], [ 24.887346267700195, 59.42676925659179 ], [ 24.885843173327167, 59.426436212036812 ], [ 24.881426998807243, 59.430062018460966 ] ] ] } },
{ "type": "Feature", "properties": { "from_id": "320", "population": 881.8369228542806, "gravity_community": 0.0, "gravity_education": 0.52882379148232717, "gravity_essential_services": 0.0, "gravity_food_and_drink": 1.0, "gravity_healthcare": 0.60738039731376148, "gravity_shelter": 1.1217567900120911, "avg_gravity": 0.54299349646802997, "min_tt_community": null, "min_tt_education": 23.0, "min_tt_essential_services": null, "min_tt_food_and_drink": null, "min_tt_healthcare": 18.0, "min_tt_shelter": 18.0, "avg_tt_community": null, "avg_tt_education": 23.0, "avg_tt_essential_services": null, "avg_tt_food_and_drink": null, "avg_tt_healthcare": 18.0, "avg_tt_shelter": 21.0, "avg_tt_all": 20.666666666666668, "n_unreachable_categories": 3, "count_community": 0.0, "count_education": 1.0, "count_essential_services": 0.0, "count_food_and_drink": 1.0, "count_healthcare": 1.0, "count_shelter": 2.0, "gravity_community_per_100": 0.0, "gravity_education_per_100": 0.059968433820015134, "gravity_essential_services_per_100": 0.0, "gravity_food_and_drink_per_100": 0.11339965180446922, "gravity_healthcare_per_100": 0.068876725568240718, "gravity_shelter_per_100": 0.12720682939667022, "shannon": 1.3321790449897528, "kl_divergence": 0.35042498045343501, "jsd": 0.31352610676482906, "city_similarity": 0.68647389323517094 }, "geometry": { "type": "Polygon", "coordinates": [ [ [ 24.90784836124778, 59.430488092562669 ], [ 24.89904115381, 59.430346661507791 ], [ 24.894396129987143, 59.434161570328193 ], [ 24.898559192096307, 59.438118374376351 ], [ 24.907368416312927, 59.438259849024625 ], [ 24.91201256128026, 59.434444476023387 ], [ 24.90784836124778, 59.430488092562669 ] ] ] } },
{ "type": "Feature", "properties": { "from_id": "321", "population": 7.5687195494648485, "gravity_community": 0.0, "gravity_education": 0.50032369501323448, "gravity_essential_services": 1.0, "gravity_food_and_drink": 0.0, "gravity_healthcare": 0.0, "gravity_shelter": 1.0147000877115642, "avg_gravity": 0.41917063045413311, "min_tt_community": null, "min_tt_education": 25.0, "min_tt_essential_services": null, "min_tt_food_and_drink": null, "min_tt_healthcare": null, "min_tt_shelter": 24.0, "avg_tt_community": null, "avg_tt_education": 25.0, "avg_tt_essential_services": null, "avg_tt_food_and_drink": null, "avg_tt_healthcare": null, "avg_tt_shelter": 24.5, "avg_tt_all": 24.75, "n_unreachable_categories": 4, "count_community": 0.0, "count_education": 1.0, "count_essential_services": 1.0, "count_food_and_drink": 0.0, "count_healthcare": 0.0, "count_shelter": 2.0, "gravity_community_per_100": 0.0, "gravity_education_per_100": 6.6104139774687543, "gravity_essential_services_per_100": 13.212274460224988, "gravity_food_and_drink_per_100": 0.0, "gravity_healthcare_per_100": 0.0, "gravity_shelter_per_100": 13.406496053659556, "shannon": 1.0397207777942468, "kl_divergence": 0.92023590638137143, "jsd": 0.52442721807902193, "city_similarity": 0.47557278192097807 }, "geometry": { "type": "Polygon", "coordinates": [ [ [ 24.920820906099422, 59.434585038239113 ], [ 24.91201256128026, 59.434444476023387 ], [ 24.907368416312927, 59.438259849024625 ], [ 24.911533495742937, 59.442216248371565 ], [ 24.917261609464401, 59.442307731675122 ], [ 24.917264938354496, 59.442226409912116 ], [ 24.917291641235352, 59.44182205200196 ], [ 24.917045593261719, 59.441238403320312 ], [ 24.917154312133789, 59.440700531005845 ], [ 24.917106628417969, 59.439746856689467 ], [ 24.917367935180664, 59.439468383789077 ], [ 24.917961120605469, 59.439231872558594 ], [ 24.918416976928711, 59.439167022705085 ], [ 24.919134140014648, 59.438938140869148 ], [ 24.919366836547852, 59.43901443481446 ], [ 24.919792175292969, 59.439453124999964 ], [ 24.920368194580078, 59.43953704833983 ], [ 24.921390533447266, 59.439342498779304 ], [ 24.922082901000977, 59.439098358154297 ], [ 24.922689437866211, 59.438694000244148 ], [ 24.922977447509766, 59.438369750976534 ], [ 24.923257827758789, 59.437633514404311 ], [ 24.923521305448741, 59.437149287629559 ], [ 24.920820906099422, 59.434585038239113 ] ] ] } },
{ "type": "Feature", "properties": { "from_id": "322", "population": 2698.025504044856, "gravity_community": 0.0, "gravity_education": 4.005176325845107, "gravity_essential_services": 3.3410356549255313, "gravity_food_and_drink": 9.3955820581455551, "gravity_healthcare": 5.1048315229775536, "gravity_shelter": 8.3193023456501987, "avg_gravity": 5.0276546512573246, "min_tt_community": null, "min_tt_education": 16.0, "min_tt_essential_services": 18.0, "min_tt_food_and_drink": 14.0, "min_tt_healthcare": 16.0, "min_tt_shelter": 6.0, "avg_tt_community": null, "avg_tt_education": 20.285714285714285, "avg_tt_essential_services": 21.166666666666668, "avg_tt_food_and_drink": 21.470588235294116, "avg_tt_healthcare": 20.555555555555557, "avg_tt_shelter": 19.142857142857142, "avg_tt_all": 20.524276377217554, "n_unreachable_categories": 1, "count_community": 0.0, "count_education": 7.0, "count_essential_services": 6.0, "count_food_and_drink": 17.0, "count_healthcare": 9.0, "count_shelter": 14.0, "gravity_community_per_100": 0.0, "gravity_education_per_100": 0.14844842348008133, "gravity_essential_services_per_100": 0.12383261944398526, "gravity_food_and_drink_per_100": 0.34823918617743904, "gravity_healthcare_per_100": 0.18920619969397751, "gravity_shelter_per_100": 0.30834780224197189, "shannon": 1.5314545856642157, "kl_divergence": 0.084659484462204615, "jsd": 0.15527825900981035, "city_similarity": 0.84472174099018971 }, "geometry": { "type": "Polygon", "coordinates": [ [ [ 24.894396129987143, 59.434161570328193 ], [ 24.88558804423576, 59.434019226872152 ], [ 24.880941003732275, 59.437833643594921 ], [ 24.885102926834097, 59.441790868136238 ], [ 24.893913029808139, 59.441933255469621 ], [ 24.898559192096307, 59.438118374376351 ], [ 24.894396129987143, 59.434161570328193 ] ] ] } },
{ "type": "Feature", "properties": { "from_id": "323", "population": 1653.3715607187105, "gravity_community": 0.0, "gravity_education": 1.9654263278947437, "gravity_essential_services": 1.6707315838843249, "gravity_food_and_drink": 4.3243015427526741, "gravity_healthcare": 1.8798112871225994, "gravity_shelter": 5.4340626593265089, "avg_gravity": 2.5457222334968086, "min_tt_community": null, "min_tt_education": 10.0, "min_tt_essential_services": 16.0, "min_tt_food_and_drink": 14.0, "min_tt_healthcare": 10.0, "min_tt_shelter": 7.0, "avg_tt_community": null, "avg_tt_education": 15.666666666666666, "avg_tt_essential_services": 21.333333333333332, "avg_tt_food_and_drink": 21.5, "avg_tt_healthcare": 17.333333333333332, "avg_tt_shelter": 18.666666666666668, "avg_tt_all": 18.9, "n_unreachable_categories": 1, "count_community": 0.0, "count_education": 3.0, "count_essential_services": 3.0, "count_food_and_drink": 7.0, "count_healthcare": 3.0, "count_shelter": 9.0, "gravity_community_per_100": 0.0, "gravity_education_per_100": 0.11887384388300382, "gravity_essential_services_per_100": 0.10104997712420238, "gravity_food_and_drink_per_100": 0.26154444926299125, "gravity_healthcare_per_100": 0.11369563453150584, "gravity_shelter_per_100": 0.32866554550898136, "shannon": 1.4875197140392804, "kl_divergence": 0.1227754395420195, "jsd": 0.18308537748247053, "city_similarity": 0.81691462251752944 }, "geometry": { "type": "Polygon", "coordinates": [ [ [ 24.907368416312927, 59.438259849024625 ], [ 24.898559192096307, 59.438118374376351 ], [ 24.893913029808139, 59.441933255469621 ], [ 24.898076970674783, 59.445890075530947 ], [ 24.906888212754517, 59.446031593792547 ], [ 24.911533495742937, 59.442216248371565 ], [ 24.907368416312927, 59.438259849024625 ] ] ] } },
{ "type": "Feature", "properties": { "from_id": "324", "population": 700.57981303744464, "gravity_community": 1.1362041887960888, "gravity_education": 17.080962090994653, "gravity_essential_services": 16.400546879123432, "gravity_food_and_drink": 48.284658809290598, "gravity_healthcare": 17.176066334238087, "gravity_shelter": 30.061490214889073, "avg_gravity": 21.689988086221987, "min_tt_community": 18.0, "min_tt_education": 5.0, "min_tt_essential_services": 7.0, "min_tt_food_and_drink": 4.0, "min_tt_healthcare": 6.0, "min_tt_shelter": 4.0, "avg_tt_community": 20.5, "avg_tt_education": 18.25, "avg_tt_essential_services": 16.375, "avg_tt_food_and_drink": 17.692307692307693, "avg_tt_healthcare": 17.892857142857142, "avg_tt_shelter": 17.959183673469386, "avg_tt_all": 18.111558084772369, "n_unreachable_categories": 0, "count_community": 2.0, "count_education": 28.0, "count_essential_services": 25.0, "count_food_and_drink": 78.0, "count_healthcare": 28.0, "count_shelter": 49.0, "gravity_community_per_100": 0.16218054926103914, "gravity_education_per_100": 2.4381179379032019, "gravity_essential_services_per_100": 2.3409962111264622, "gravity_food_and_drink_per_100": 6.8920996452847936, "gravity_healthcare_per_100": 2.4516930140720539, "gravity_shelter_per_100": 4.2909443942659458, "shannon": 1.542421218863022, "kl_divergence": 0.034103025750212797, "jsd": 0.094351835678699786, "city_similarity": 0.90564816432130024 }, "geometry": { "type": "Polygon", "coordinates": [ [ [ 24.893913029808139, 59.441933255469621 ], [ 24.885102926834097, 59.441790868136238 ], [ 24.880454746781126, 59.44560525697473 ], [ 24.884617547999568, 59.449562497656061 ], [ 24.893429669280845, 59.449704928886888 ], [ 24.898076970674783, 59.445890075530947 ], [ 24.893913029808139, 59.441933255469621 ] ] ] } },
{ "type": "Feature", "properties": { "from_id": "325", "population": 3291.2714876824371, "gravity_community": 0.0, "gravity_education": 6.6570865191860165, "gravity_essential_services": 8.8306170691507884, "gravity_food_and_drink": 19.652976168588552, "gravity_healthcare": 7.2414424254010319, "gravity_shelter": 17.677615092887716, "avg_gravity": 10.009956212535684, "min_tt_community": null, "min_tt_education": 17.0, "min_tt_essential_services": 14.0, "min_tt_food_and_drink": 10.0, "min_tt_healthcare": 11.0, "min_tt_shelter": 11.0, "avg_tt_community": null, "avg_tt_education": 21.333333333333332, "avg_tt_essential_services": 21.142857142857142, "avg_tt_food_and_drink": 19.970588235294116, "avg_tt_healthcare": 21.307692307692307, "avg_tt_shelter": 20.451612903225808, "avg_tt_all": 20.84121678448054, "n_unreachable_categories": 1, "count_community": 0.0, "count_education": 12.0, "count_essential_services": 15.0, "count_food_and_drink": 34.0, "count_healthcare": 13.0, "count_shelter": 31.0, "gravity_community_per_100": 0.0, "gravity_education_per_100": 0.20226488589896399, "gravity_essential_services_per_100": 0.26830412204521314, "gravity_food_and_drink_per_100": 0.59712412792866498, "gravity_healthcare_per_100": 0.22001960192290687, "gravity_shelter_per_100": 0.53710595309581965, "shannon": 1.5098285848440427, "kl_divergence": 0.084989518222026481, "jsd": 0.15527526521712315, "city_similarity": 0.8447247347828768 }, "geometry": { "type": "Polygon", "coordinates": [ [ [ 24.906888212754517, 59.446031593792547 ], [ 24.898076970674783, 59.445890075530947 ], [ 24.893429669280845, 59.449704928886888 ], [ 24.8975944893491, 59.453661764971123 ], [ 24.906407750377035, 59.45380332686608 ], [ 24.910366805856274, 59.450552491659785 ], [ 24.910581588745117, 59.45015716552733 ], [ 24.910851773321816, 59.449795815009793 ], [ 24.906888212754517, 59.446031593792547 ] ] ] } },
{ "type": "Feature", "properties": { "from_id": "326", "population": 1831.2784695640876, "gravity_community": 0.51437639269832958, "gravity_education": 9.5640232318194904, "gravity_essential_services": 9.3638438476825669, "gravity_food_and_drink": 26.207999886972708, "gravity_healthcare": 10.295181643215564, "gravity_shelter": 24.214159301090039, "avg_gravity": 13.359930717246449, "min_tt_community": 24.0, "min_tt_education": 9.0, "min_tt_essential_services": 9.0, "min_tt_food_and_drink": 6.0, "min_tt_healthcare": 4.0, "min_tt_shelter": 3.0, "avg_tt_community": 24.0, "avg_tt_education": 18.875, "avg_tt_essential_services": 18.928571428571427, "avg_tt_food_and_drink": 19.022727272727273, "avg_tt_healthcare": 20.5, "avg_tt_shelter": 18.425, "avg_tt_all": 19.958549783549781, "n_unreachable_categories": 0, "count_community": 1.0, "count_education": 16.0, "count_essential_services": 15.0, "count_food_and_drink": 44.0, "count_healthcare": 18.0, "count_shelter": 40.0, "gravity_community_per_100": 0.02808837657665305, "gravity_education_per_100": 0.52225936092046588, "gravity_essential_services_per_100": 0.51132823343418166, "gravity_food_and_drink_per_100": 1.4311313283343077, "gravity_healthcare_per_100": 0.56218547939714492, "gravity_shelter_per_100": 1.3222543541864449, "shannon": 1.5316578136047481, "kl_divergence": 0.057775806417544137, "jsd": 0.12291114410216508, "city_similarity": 0.87708885589783492 }, "geometry": { "type": "Polygon", "coordinates": [ [ [ 24.893429669280845, 59.449704928886888 ], [ 24.884617547999568, 59.449562497656061 ], [ 24.879968227755835, 59.453376858599889 ], [ 24.88413190753452, 59.457334115431088 ], [ 24.89294604820844, 59.457476590579489 ], [ 24.8975944893491, 59.453661764971123 ], [ 24.893429669280845, 59.449704928886888 ] ] ] } },
{ "type": "Feature", "properties": { "from_id": "327", "population": 592.31210615382145, "gravity_community": 2.3844919340682718, "gravity_education": 14.825734049585419, "gravity_essential_services": 15.101437325638079, "gravity_food_and_drink": 65.100763282765186, "gravity_healthcare": 25.073883884663644, "gravity_shelter": 27.361149938859526, "avg_gravity": 24.974576735930025, "min_tt_community": 11.0, "min_tt_education": 11.0, "min_tt_essential_services": 16.0, "min_tt_food_and_drink": 9.0, "min_tt_healthcare": 12.0, "min_tt_shelter": 7.0, "avg_tt_community": 19.0, "avg_tt_education": 20.46153846153846, "avg_tt_essential_services": 21.037037037037038, "avg_tt_food_and_drink": 20.13274336283186, "avg_tt_healthcare": 21.222222222222221, "avg_tt_shelter": 19.130434782608695, "avg_tt_all": 20.163995977706378, "n_unreachable_categories": 0, "count_community": 4.0, "count_education": 26.0, "count_essential_services": 27.0, "count_food_and_drink": 113.0, "count_healthcare": 45.0, "count_shelter": 46.0, "gravity_community_per_100": 0.40257356033999869, "gravity_education_per_100": 2.5030273559418394, "gravity_essential_services_per_100": 2.5495743154228703, "gravity_food_and_drink_per_100": 10.990956052797397, "gravity_healthcare_per_100": 4.2332215776376589, "gravity_shelter_per_100": 4.6193805013591822, "shannon": 1.499940244782791, "kl_divergence": 0.026937973760604222, "jsd": 0.081054028581779278, "city_similarity": 0.91894597141822076 }, "geometry": { "type": "Polygon", "coordinates": [ [ [ 24.776259411829869, 59.420533203557973 ], [ 24.76745555454616, 59.420382915327025 ], [ 24.762797226368651, 59.424193063161717 ], [ 24.766943624902638, 59.428153964408473 ], [ 24.775749496873576, 59.428304298949932 ], [ 24.780406955262624, 59.424493685925675 ], [ 24.776259411829869, 59.420533203557973 ] ] ] } },
{ "type": "Feature", "properties": { "from_id": "328", "population": 4003.7125198509184, "gravity_community": 4.4580003168570208, "gravity_education": 18.847705802247948, "gravity_essential_services": 27.839463486515243, "gravity_food_and_drink": 97.08085560890656, "gravity_healthcare": 25.334155193177704, "gravity_shelter": 27.577924384906304, "avg_gravity": 33.523017465435132, "min_tt_community": 7.0, "min_tt_education": 5.0, "min_tt_essential_services": 6.0, "min_tt_food_and_drink": 4.0, "min_tt_healthcare": 8.0, "min_tt_shelter": 10.0, "avg_tt_community": 17.0, "avg_tt_education": 19.5, "avg_tt_essential_services": 19.23404255319149, "avg_tt_food_and_drink": 18.44375, "avg_tt_healthcare": 19.418604651162791, "avg_tt_shelter": 18.695652173913043, "avg_tt_all": 18.715341563044557, "n_unreachable_categories": 0, "count_community": 7.0, "count_education": 32.0, "count_essential_services": 47.0, "count_food_and_drink": 160.0, "count_healthcare": 43.0, "count_shelter": 46.0, "gravity_community_per_100": 0.11134666374655237, "gravity_education_per_100": 0.47075572256495973, "gravity_essential_services_per_100": 0.69534122014214617, "gravity_food_and_drink_per_100": 2.4247708877090268, "gravity_healthcare_per_100": 0.6327665901976659, "gravity_shelter_per_100": 0.68880880553165169, "shannon": 1.4697759747176247, "kl_divergence": 0.032634076052271956, "jsd": 0.09049955722483527, "city_similarity": 0.90950044277516473 }, "geometry": { "type": "Polygon", "coordinates": [ [ [ 24.802671531170017, 59.420980508413066 ], [ 24.793867400502371, 59.420832000113343 ], [ 24.789211956904076, 59.424643107220739 ], [ 24.793361515127597, 59.428603187579107 ], [ 24.802167660688987, 59.428751741642088 ], [ 24.806822232772369, 59.424940169575123 ], [ 24.802671531170017, 59.420980508413066 ] ] ] } },
{ "type": "Feature", "properties": { "from_id": "329", "population": 2630.6862321467584, "gravity_community": 4.0558158112629021, "gravity_education": 20.137786121169974, "gravity_essential_services": 28.139615854345902, "gravity_food_and_drink": 136.55834675274522, "gravity_healthcare": 29.344662341636781, "gravity_shelter": 37.804841920067574, "avg_gravity": 42.673511466871389, "min_tt_community": 16.0, "min_tt_education": 4.0, "min_tt_essential_services": 9.0, "min_tt_food_and_drink": 4.0, "min_tt_healthcare": 2.0, "min_tt_shelter": 9.0, "avg_tt_community": 19.857142857142858, "avg_tt_education": 18.272727272727273, "avg_tt_essential_services": 18.829787234042552, "avg_tt_food_and_drink": 19.596566523605151, "avg_tt_healthcare": 18.229166666666668, "avg_tt_shelter": 19.3125, "avg_tt_all": 19.016315092364085, "n_unreachable_categories": 0, "count_community": 7.0, "count_education": 33.0, "count_essential_services": 47.0, "count_food_and_drink": 233.0, "count_healthcare": 48.0, "count_shelter": 64.0, "gravity_community_per_100": 0.15417330131207529, "gravity_education_per_100": 0.76549555302673378, "gravity_essential_services_per_100": 1.0696682679402139, "gravity_food_and_drink_per_100": 5.1909781213743411, "gravity_healthcare_per_100": 1.1154755737513482, "gravity_shelter_per_100": 1.4370714932893052, "shannon": 1.3646265533791861, "kl_divergence": 0.026852990229969106, "jsd": 0.083415797817316811, "city_similarity": 0.91658420218268322 }, "geometry": { "type": "Polygon", "coordinates": [ [ [ 24.789211956904076, 59.424643107220739 ], [ 24.780406955262624, 59.424493685925675 ], [ 24.775749496873576, 59.428304298949932 ], [ 24.779897910635874, 59.432264798409093 ], [ 24.788704927609288, 59.432414265751596 ], [ 24.793361515127597, 59.428603187579107 ], [ 24.789211956904076, 59.424643107220739 ] ] ] } },
{ "type": "Feature", "properties": { "from_id": "330", "population": 4698.4006384831691, "gravity_community": 12.452901625561635, "gravity_education": 41.873567804755844, "gravity_essential_services": 39.689598539499414, "gravity_food_and_drink": 271.76088307733295, "gravity_healthcare": 50.603659067309358, "gravity_shelter": 55.684795519572255, "avg_gravity": 78.677567605671911, "min_tt_community": 12.0, "min_tt_education": 4.0, "min_tt_essential_services": 5.0, "min_tt_food_and_drink": 3.0, "min_tt_healthcare": 7.0, "min_tt_shelter": 5.0, "avg_tt_community": 20.681818181818183, "avg_tt_education": 18.362318840579711, "avg_tt_essential_services": 18.046153846153846, "avg_tt_food_and_drink": 19.087336244541486, "avg_tt_healthcare": 18.475609756097562, "avg_tt_shelter": 18.043956043956044, "avg_tt_all": 18.782865485524471, "n_unreachable_categories": 0, "count_community": 22.0, "count_education": 69.0, "count_essential_services": 65.0, "count_food_and_drink": 458.0, "count_healthcare": 83.0, "count_shelter": 91.0, "gravity_community_per_100": 0.26504554600056257, "gravity_education_per_100": 0.89123025103015274, "gravity_essential_services_per_100": 0.84474700208436881, "gravity_food_and_drink_per_100": 5.7841147230277103, "gravity_healthcare_per_100": 1.0770401028135019, "gravity_shelter_per_100": 1.1851861900297529, "shannon": 1.3207042743618889, "kl_divergence": 0.042391099217559527, "jsd": 0.10537617595450176, "city_similarity": 0.89462382404549823 }, "geometry": { "type": "Polygon", "coordinates": [ [ [ 24.775749496873576, 59.428304298949932 ], [ 24.766943624902638, 59.428153964408473 ], [ 24.762284151285282, 59.431964083002882 ], [ 24.766431419503675, 59.435925001467147 ], [ 24.775239307244274, 59.436075382340327 ], [ 24.779897910635874, 59.432264798409093 ], [ 24.775749496873576, 59.428304298949932 ] ] ] } },
{ "type": "Feature", "properties": { "from_id": "331", "population": 3470.2733330644783, "gravity_community": 4.8949152483069076, "gravity_education": 26.98776181662587, "gravity_essential_services": 34.100625072473726, "gravity_food_and_drink": 127.66546648097912, "gravity_healthcare": 33.527495140248334, "gravity_shelter": 42.384244630328929, "avg_gravity": 44.926751398160484, "min_tt_community": 16.0, "min_tt_education": 4.0, "min_tt_essential_services": 8.0, "min_tt_food_and_drink": 7.0, "min_tt_healthcare": 13.0, "min_tt_shelter": 7.0, "avg_tt_community": 22.111111111111111, "avg_tt_education": 17.954545454545453, "avg_tt_essential_services": 21.147540983606557, "avg_tt_food_and_drink": 21.378260869565217, "avg_tt_healthcare": 20.385964912280702, "avg_tt_shelter": 20.8, "avg_tt_all": 20.629570555184841, "n_unreachable_categories": 0, "count_community": 9.0, "count_education": 44.0, "count_essential_services": 61.0, "count_food_and_drink": 230.0, "count_healthcare": 58.0, "count_shelter": 75.0, "gravity_community_per_100": 0.14105272923802739, "gravity_education_per_100": 0.77768403887638193, "gravity_essential_services_per_100": 0.98264954369921764, "gravity_food_and_drink_per_100": 3.6788302888015498, "gravity_healthcare_per_100": 0.96613413187950137, "gravity_shelter_per_100": 1.2213517657671324, "shannon": 1.4565768375471786, "kl_divergence": 0.020342539466861438, "jsd": 0.071531967368625896, "city_similarity": 0.92846803263137412 }, "geometry": { "type": "Polygon", "coordinates": [ [ [ 24.802167660688987, 59.428751741642088 ], [ 24.793361515127597, 59.428603187579107 ], [ 24.788704927609288, 59.432414265751596 ], [ 24.792855357244889, 59.436374363085477 ], [ 24.801663518782672, 59.436522962932656 ], [ 24.806319234347445, 59.432711419653437 ], [ 24.802167660688987, 59.428751741642088 ] ] ] } },
{ "type": "Feature", "properties": { "from_id": "332", "population": 2706.3083255482024, "gravity_community": 5.2404426558151327, "gravity_education": 22.64400142127684, "gravity_essential_services": 22.113948365885104, "gravity_food_and_drink": 147.05142661267496, "gravity_healthcare": 26.9774926737187, "gravity_shelter": 46.434471396069945, "avg_gravity": 45.07696385424012, "min_tt_community": 8.0, "min_tt_education": 6.0, "min_tt_essential_services": 10.0, "min_tt_food_and_drink": 2.0, "min_tt_healthcare": 6.0, "min_tt_shelter": 4.0, "avg_tt_community": 19.888888888888889, "avg_tt_education": 18.054054054054053, "avg_tt_essential_services": 20.692307692307693, "avg_tt_food_and_drink": 20.16600790513834, "avg_tt_healthcare": 19.543478260869566, "avg_tt_shelter": 18.623376623376622, "avg_tt_all": 19.494685570772528, "n_unreachable_categories": 0, "count_community": 9.0, "count_education": 37.0, "count_essential_services": 39.0, "count_food_and_drink": 254.0, "count_healthcare": 46.0, "count_shelter": 77.0, "gravity_community_per_100": 0.19363804952835906, "gravity_education_per_100": 0.83671181171457865, "gravity_essential_services_per_100": 0.81712597774333784, "gravity_food_and_drink_per_100": 5.4336538532758469, "gravity_healthcare_per_100": 0.99683736768071374, "gravity_shelter_per_100": 1.7157864444977446, "shannon": 1.344804472566014, "kl_divergence": 0.01840115992016822, "jsd": 0.068281288543270549, "city_similarity": 0.93171871145672946 }, "geometry": { "type": "Polygon", "coordinates": [ [ [ 24.788704927609288, 59.432414265751596 ], [ 24.779897910635874, 59.432264798409093 ], [ 24.775239307244274, 59.436075382340327 ], [ 24.77938859177382, 59.440035898901165 ], [ 24.788197625162141, 59.440185412312182 ], [ 24.792855357244889, 59.436374363085477 ], [ 24.788704927609288, 59.432414265751596 ] ] ] } },
{ "type": "Feature", "properties": { "from_id": "333", "population": 2003.1129510077583, "gravity_community": 17.049914297279926, "gravity_education": 32.779087273124858, "gravity_essential_services": 36.269223592049087, "gravity_food_and_drink": 318.23041698976482, "gravity_healthcare": 40.565004768882574, "gravity_shelter": 53.920388859222705, "avg_gravity": 83.135672630053989, "min_tt_community": 6.0, "min_tt_education": 1.0, "min_tt_essential_services": 4.0, "min_tt_food_and_drink": 2.0, "min_tt_healthcare": 3.0, "min_tt_shelter": 4.0, "avg_tt_community": 18.214285714285715, "avg_tt_education": 17.90566037735849, "avg_tt_essential_services": 17.258620689655171, "avg_tt_food_and_drink": 18.044315992292869, "avg_tt_healthcare": 17.46153846153846, "avg_tt_shelter": 16.788235294117648, "avg_tt_all": 17.61210942154139, "n_unreachable_categories": 0, "count_community": 28.0, "count_education": 53.0, "count_essential_services": 58.0, "count_food_and_drink": 520.0, "count_healthcare": 65.0, "count_shelter": 85.0, "gravity_community_per_100": 0.85117088822685616, "gravity_education_per_100": 1.6364073357238207, "gravity_essential_services_per_100": 1.8106429581917576, "gravity_food_and_drink_per_100": 15.886793444656448, "gravity_healthcare_per_100": 2.0250982226675975, "gravity_shelter_per_100": 2.691829676009811, "shannon": 1.207313870041713, "kl_divergence": 0.077490607778769593, "jsd": 0.14143114864858564, "city_similarity": 0.85856885135141436 }, "geometry": { "type": "Polygon", "coordinates": [ [ [ 24.774728842734429, 59.443846453728511 ], [ 24.77938859177382, 59.440035898901165 ], [ 24.775239307244274, 59.436075382340327 ], [ 24.766431419503675, 59.435925001467147 ], [ 24.761770799800939, 59.439735090810295 ], [ 24.765918938140921, 59.443696026502394 ], [ 24.770623221972787, 59.443776425219362 ], [ 24.770864486694336, 59.443695068359382 ], [ 24.770906448364258, 59.44372177124022 ], [ 24.770952224731445, 59.443714141845696 ], [ 24.771108627319336, 59.443656921386712 ], [ 24.771316528320312, 59.443592071533203 ], [ 24.77131462097168, 59.443584442138679 ], [ 24.77134895324707, 59.443572998046868 ], [ 24.771560668945312, 59.44374084472657 ], [ 24.77163013386992, 59.443793611822343 ], [ 24.774728842734429, 59.443846453728511 ] ] ] } },
{ "type": "Feature", "properties": { "from_id": "334", "population": 24.258350160152993, "gravity_community": 3.7986115270719969, "gravity_education": 15.368484376202167, "gravity_essential_services": 12.145543077523786, "gravity_food_and_drink": 84.102290940616442, "gravity_healthcare": 17.535395466676114, "gravity_shelter": 35.85599274969141, "avg_gravity": 28.134386356296986, "min_tt_community": 17.0, "min_tt_education": 13.0, "min_tt_essential_services": 18.0, "min_tt_food_and_drink": 8.0, "min_tt_healthcare": 17.0, "min_tt_shelter": 8.0, "avg_tt_community": 22.142857142857142, "avg_tt_education": 20.444444444444443, "avg_tt_essential_services": 21.5, "avg_tt_food_and_drink": 21.513157894736842, "avg_tt_healthcare": 21.566666666666666, "avg_tt_shelter": 18.271186440677965, "avg_tt_all": 20.906385431563841, "n_unreachable_categories": 0, "count_community": 7.0, "count_education": 27.0, "count_essential_services": 22.0, "count_food_and_drink": 152.0, "count_healthcare": 31.0, "count_shelter": 59.0, "gravity_community_per_100": 15.658985470956033, "gravity_education_per_100": 63.353378423263884, "gravity_essential_services_per_100": 50.067473663044801, "gravity_food_and_drink_per_100": 346.69419142429439, "gravity_healthcare_per_100": 72.286018426265159, "gravity_shelter_per_100": 147.80886792783139, "shannon": 1.3975295540237604, "kl_divergence": 0.0058224777783212559, "jsd": 0.038342957713856589, "city_similarity": 0.96165704228614346 }, "geometry": { "type": "Polygon", "coordinates": [ [ [ 24.801159105245969, 59.444294172284145 ], [ 24.805815964936262, 59.4404826578034 ], [ 24.801663518782672, 59.436522962932656 ], [ 24.792855357244889, 59.436374363085477 ], [ 24.788197625162141, 59.440185412312182 ], [ 24.792123777476352, 59.443930773506708 ], [ 24.792215347290039, 59.443946838378892 ], [ 24.792285919189453, 59.443962097167955 ], [ 24.792324066162109, 59.443973541259751 ], [ 24.792430877685547, 59.443996429443359 ], [ 24.792577743530273, 59.444049835205085 ], [ 24.792669296264648, 59.444072723388679 ], [ 24.792882919311523, 59.44414138793946 ], [ 24.792925796555945, 59.444155277818432 ], [ 24.801159105245969, 59.444294172284145 ] ] ] } },
{ "type": "Feature", "properties": { "from_id": "335", "population": 225.4600537744135, "gravity_community": 12.627904487853638, "gravity_education": 17.72496471565751, "gravity_essential_services": 29.52541071359359, "gravity_food_and_drink": 207.97225017870971, "gravity_healthcare": 27.577817753880741, "gravity_shelter": 55.170268271065318, "avg_gravity": 58.433102686793426, "min_tt_community": 11.0, "min_tt_education": 12.0, "min_tt_essential_services": 6.0, "min_tt_food_and_drink": 2.0, "min_tt_healthcare": 11.0, "min_tt_shelter": 2.0, "avg_tt_community": 20.227272727272727, "avg_tt_education": 19.266666666666666, "avg_tt_essential_services": 19.96078431372549, "avg_tt_food_and_drink": 20.055710306406684, "avg_tt_healthcare": 19.446808510638299, "avg_tt_shelter": 18.516483516483518, "avg_tt_all": 19.578954340198898, "n_unreachable_categories": 0, "count_community": 22.0, "count_education": 30.0, "count_essential_services": 51.0, "count_food_and_drink": 360.0, "count_healthcare": 47.0, "count_shelter": 91.0, "gravity_community_per_100": 5.6009498252353938, "gravity_education_per_100": 7.8616874337271367, "gravity_essential_services_per_100": 13.095628347155261, "gravity_food_and_drink_per_100": 92.243502428504968, "gravity_healthcare_per_100": 12.231797736318303, "gravity_shelter_per_100": 24.470085652630299, "shannon": 1.2721314305016722, "kl_divergence": 0.048322059808088735, "jsd": 0.11156101708818536, "city_similarity": 0.88843898291181467 }, "geometry": { "type": "Polygon", "coordinates": [ [ [ 24.788197625162141, 59.440185412312182 ], [ 24.77938859177382, 59.440035898901165 ], [ 24.774728842734429, 59.443846453728511 ], [ 24.777086234992211, 59.446096264413427 ], [ 24.777124404907227, 59.446098327636719 ], [ 24.777219772338867, 59.44609451293946 ], [ 24.777324676513675, 59.446086883544936 ], [ 24.777400970458984, 59.446063995361328 ], [ 24.777463912963867, 59.446037292480469 ], [ 24.777509689331058, 59.445964813232401 ], [ 24.777559280395508, 59.445957183837876 ], [ 24.777589797973633, 59.445945739746065 ], [ 24.777664184570312, 59.445949554443352 ], [ 24.777706146240234, 59.445930480957031 ], [ 24.7777214050293, 59.445919036865234 ], [ 24.777776718139648, 59.445907592773438 ], [ 24.777820587158203, 59.445899963378906 ], [ 24.777860641479492, 59.445877075195284 ], [ 24.777873992919922, 59.445854187011712 ], [ 24.777935028076172, 59.445816040039062 ], [ 24.777973175048828, 59.445804595947266 ], [ 24.778020858764648, 59.445789337158189 ], [ 24.778059005737305, 59.445762634277351 ], [ 24.778091430664062, 59.44575119018554 ], [ 24.778131484985355, 59.445739746093729 ], [ 24.778165817260742, 59.445709228515625 ], [ 24.778205871582031, 59.44569015502929 ], [ 24.778255462646484, 59.445678710937507 ], [ 24.778367996215824, 59.445667266845696 ], [ 24.778528213500977, 59.445583343505866 ], [ 24.778554916381836, 59.445564270019531 ], [ 24.779062271118164, 59.445281982421875 ], [ 24.779088973999027, 59.445270538330064 ], [ 24.77912712097168, 59.445251464843736 ], [ 24.779165267944336, 59.445259094238281 ], [ 24.779209136962891, 59.44526672363282 ], [ 24.779296875, 59.445255279540994 ], [ 24.779394149780273, 59.445224761962891 ], [ 24.779434204101562, 59.445213317871094 ], [ 24.779510498046875, 59.445205688476555 ], [ 24.779537200927734, 59.445201873779297 ], [ 24.779605865478516, 59.4451904296875 ], [ 24.779699325561523, 59.445167541503892 ], [ 24.779760360717773, 59.445156097412102 ], [ 24.779836654663089, 59.445148468017585 ], [ 24.779844284057621, 59.445144653320284 ], [ 24.779916763305664, 59.445121765136705 ], [ 24.779972076416016, 59.445110321044915 ], [ 24.780025482177734, 59.445102691650405 ], [ 24.780088424682617, 59.445087432861335 ], [ 24.780147552490234, 59.445068359374986 ], [ 24.780193328857422, 59.445064544677727 ], [ 24.780239105224609, 59.445049285888672 ], [ 24.780340194702152, 59.444992065429659 ], [ 24.780391693115234, 59.444980621337898 ], [ 24.780439376831055, 59.444972991943359 ], [ 24.780496597290039, 59.444950103759766 ], [ 24.780590057373047, 59.444915771484389 ], [ 24.78065299987793, 59.444892883300767 ], [ 24.780717849731445, 59.444892883300767 ], [ 24.780763626098633, 59.444877624511697 ], [ 24.780801773071289, 59.444850921630866 ], [ 24.780820846557621, 59.444843292236328 ], [ 24.780878067016602, 59.444873809814432 ], [ 24.780948638916016, 59.444839477539055 ], [ 24.780986785888672, 59.444828033447259 ], [ 24.78108024597168, 59.444808959960938 ], [ 24.781194686889648, 59.444770812988288 ], [ 24.781358718872074, 59.444694519042969 ], [ 24.781463623046875, 59.444580078125007 ], [ 24.781568527221683, 59.444541931152337 ], [ 24.781578063964844, 59.444526672363281 ], [ 24.781541824340824, 59.444484710693352 ], [ 24.781585693359375, 59.444396972656222 ], [ 24.781675338745117, 59.444259643554695 ], [ 24.781694412231445, 59.444225311279304 ], [ 24.781715393066406, 59.444190979003913 ], [ 24.781763076782227, 59.44416809082032 ], [ 24.781808853149414, 59.444152832031243 ], [ 24.781854629516602, 59.444133758544922 ], [ 24.781948089599613, 59.444091796875 ], [ 24.781997680664062, 59.44405364990233 ], [ 24.782413482666016, 59.444004058837891 ], [ 24.782608032226562, 59.443977355957024 ], [ 24.782747268676758, 59.443958282470703 ], [ 24.783082962036133, 59.443847656249993 ], [ 24.783657073974609, 59.443790435791016 ], [ 24.784379959106445, 59.443721771240234 ], [ 24.784523010253906, 59.443721771240234 ], [ 24.785160064697266, 59.443798065185526 ], [ 24.785804748535156, 59.443756103515625 ], [ 24.78590202331543, 59.443767547607415 ], [ 24.785991668701172, 59.443763732910163 ], [ 24.786092758178714, 59.443733215332031 ], [ 24.78678131103516, 59.443687438964844 ], [ 24.788311004638672, 59.443561553955064 ], [ 24.788291931152344, 59.443504333496087 ], [ 24.788347244262695, 59.443500518798828 ], [ 24.78836822509766, 59.443500518798828 ], [ 24.788402557373047, 59.443496704101577 ], [ 24.7884521484375, 59.443492889404304 ], [ 24.788455963134766, 59.44349288940429 ], [ 24.788475036621094, 59.443550109863288 ], [ 24.789266586303711, 59.443485260009766 ], [ 24.789699554443359, 59.443462371826172 ], [ 24.789764404296875, 59.443481445312493 ], [ 24.789838790893555, 59.443481445312507 ], [ 24.789863586425785, 59.44347000122071 ], [ 24.790433883666992, 59.443611145019538 ], [ 24.790830612182621, 59.443698883056641 ], [ 24.791223526000977, 59.443782806396499 ], [ 24.791406631469727, 59.443828582763658 ], [ 24.791830062866214, 59.443885803222649 ], [ 24.791976928710938, 59.44390869140625 ], [ 24.792106628417972, 59.443927764892571 ], [ 24.792123777476352, 59.443930773506708 ], [ 24.788197625162141, 59.440185412312182 ] ] ] } },
{ "type": "Feature", "properties": { "from_id": "336", "population": 299.7086490701389, "gravity_community": 1.1026243253557764, "gravity_education": 0.0, "gravity_essential_services": 1.231820416605006, "gravity_food_and_drink": 14.360238767391872, "gravity_healthcare": 0.50032369501323448, "gravity_shelter": 1.0147000877115642, "avg_gravity": 3.0349512153462421, "min_tt_community": 21.0, "min_tt_education": null, "min_tt_essential_services": 17.0, "min_tt_food_and_drink": 17.0, "min_tt_healthcare": 25.0, "min_tt_shelter": 24.0, "avg_tt_community": 21.5, "avg_tt_education": null, "avg_tt_essential_services": 17.5, "avg_tt_food_and_drink": 22.888888888888889, "avg_tt_healthcare": 25.0, "avg_tt_shelter": 24.5, "avg_tt_all": 22.277777777777779, "n_unreachable_categories": 1, "count_community": 2.0, "count_education": 0.0, "count_essential_services": 2.0, "count_food_and_drink": 27.0, "count_healthcare": 1.0, "count_shelter": 2.0, "gravity_community_per_100": 0.36789873391265937, "gravity_education_per_100": 0.0, "gravity_essential_services_per_100": 0.4110059620991221, "gravity_food_and_drink_per_100": 4.7913995181471183, "gravity_healthcare_per_100": 0.16693668886951171, "gravity_shelter_per_100": 0.33856216390808941, "shannon": 0.78675821983626493, "kl_divergence": 0.33081623757466322, "jsd": 0.30849807538974877, "city_similarity": 0.69150192461025117 }, "geometry": { "type": "MultiPolygon", "coordinates": [ [ [ [ 24.761458200860464, 59.447341806917827 ], [ 24.761478424072266, 59.447353363037095 ], [ 24.761468887329105, 59.44737243652343 ], [ 24.761508941650391, 59.447387695312486 ], [ 24.761577606201172, 59.447410583496094 ], [ 24.76161003112793, 59.447429656982429 ], [ 24.761680603027347, 59.447456359863267 ], [ 24.76171875, 59.44746398925782 ], [ 24.761751174926758, 59.447467803955078 ], [ 24.761795043945312, 59.447479248046875 ], [ 24.761829376220703, 59.447502136230469 ], [ 24.761899948120117, 59.44752120971679 ], [ 24.761943817138672, 59.447528839111328 ], [ 24.762062072753906, 59.447551727294922 ], [ 24.762166976928711, 59.447574615478516 ], [ 24.762176513671879, 59.447578430175788 ], [ 24.76222038269043, 59.44760894775392 ], [ 24.762268066406254, 59.447620391845696 ], [ 24.762472152709961, 59.447719573974609 ], [ 24.762571334838867, 59.447761535644524 ], [ 24.762660980224609, 59.447788238525391 ], [ 24.762872695922852, 59.44783782958983 ], [ 24.762931823730469, 59.44786453247071 ], [ 24.763103485107422, 59.44789886474608 ], [ 24.763175964355469, 59.447929382324219 ], [ 24.763238906860352, 59.447937011718743 ], [ 24.763437271118168, 59.447982788085916 ], [ 24.763553619384769, 59.448028564453118 ], [ 24.763662338256839, 59.448066711425774 ], [ 24.764020919799805, 59.448177337646499 ], [ 24.764566421508789, 59.448375701904304 ], [ 24.764841079711914, 59.448478698730462 ], [ 24.764875411987305, 59.448490142822259 ], [ 24.76502799987793, 59.448543548583984 ], [ 24.765096664428711, 59.44856262207032 ], [ 24.765287399291992, 59.448627471923828 ], [ 24.765537261962891, 59.448688507080078 ], [ 24.765613555908203, 59.448711395263672 ], [ 24.765832901000977, 59.448783874511719 ], [ 24.765903472900391, 59.44880294799804 ], [ 24.766036987304688, 59.448844909667962 ], [ 24.766241073608398, 59.448898315429673 ], [ 24.766353607177734, 59.448917388916023 ], [ 24.766452789306641, 59.448944091796875 ], [ 24.766616821289062, 59.448978424072273 ], [ 24.766881942749023, 59.449028015136719 ], [ 24.767118453979492, 59.44907379150392 ], [ 24.767345428466797, 59.449127197265611 ], [ 24.767557144165039, 59.44916152954103 ], [ 24.767723083496094, 59.449180603027337 ], [ 24.767934799194336, 59.449211120605462 ], [ 24.768203735351562, 59.449230194091797 ], [ 24.76841926574707, 59.449272155761726 ], [ 24.768642425537113, 59.449310302734382 ], [ 24.768861770629883, 59.449352264404297 ], [ 24.769084930419922, 59.44939804077147 ], [ 24.769227981567383, 59.449405670166016 ], [ 24.769296646118164, 59.449417114257812 ], [ 24.769367218017578, 59.449432373046875 ], [ 24.769493103027344, 59.449455261230455 ], [ 24.769630432128906, 59.449470520019538 ], [ 24.769765853881836, 59.449481964111328 ], [ 24.769865036010742, 59.449508666992195 ], [ 24.770069122314453, 59.449527740478516 ], [ 24.770208358764648, 59.449554443359361 ], [ 24.770309448242188, 59.449581146240241 ], [ 24.770479202270508, 59.449619293212876 ], [ 24.770601272583008, 59.449649810791023 ], [ 24.770748138427734, 59.449661254882805 ], [ 24.77088737487793, 59.449684143066399 ], [ 24.771022796630859, 59.449726104736328 ], [ 24.771133422851562, 59.449760437011719 ], [ 24.771200180053711, 59.449775695800781 ], [ 24.771337509155277, 59.449787139892564 ], [ 24.771398544311523, 59.449802398681634 ], [ 24.771446228027344, 59.449802398681634 ], [ 24.77149772644043, 59.449802398681634 ], [ 24.771562576293945, 59.449806213378899 ], [ 24.771635055541992, 59.449810028076158 ], [ 24.77227783203125, 59.449806213378913 ], [ 24.772708892822269, 59.449798583984361 ], [ 24.772851943969727, 59.449798583984361 ], [ 24.772872924804688, 59.449798583984375 ], [ 24.773469924926758, 59.449779510498026 ], [ 24.773487091064453, 59.44977951049804 ], [ 24.773595809936523, 59.449775695800795 ], [ 24.773838043212891, 59.449771881103516 ], [ 24.773960113525391, 59.449768066406257 ], [ 24.774003982543945, 59.44976425170897 ], [ 24.774032592773441, 59.449760437011719 ], [ 24.774080276489258, 59.449764251708999 ], [ 24.774097442626953, 59.449764251708999 ], [ 24.774135589599609, 59.449764251708984 ], [ 24.774169921875, 59.449768066406257 ], [ 24.77427864074707, 59.449768066406257 ], [ 24.774311065673828, 59.449764251708984 ], [ 24.774438858032227, 59.449752807617173 ], [ 24.774473190307617, 59.449745178222649 ], [ 24.774528503417969, 59.449745178222649 ], [ 24.774560928344727, 59.449748992919922 ], [ 24.774599075317383, 59.449760437011719 ], [ 24.774642944335938, 59.449764251708984 ], [ 24.774702072143555, 59.449764251708984 ], [ 24.774738311767578, 59.449756622314446 ], [ 24.774858474731445, 59.449722290039084 ], [ 24.774936676025391, 59.44969558715821 ], [ 24.774982452392578, 59.449684143066399 ], [ 24.775032043457031, 59.449672698974602 ], [ 24.775100708007812, 59.449649810791023 ], [ 24.775161743164062, 59.449623107910156 ], [ 24.775190353393555, 59.449607849121094 ], [ 24.775213241577148, 59.449596405029297 ], [ 24.775224685668945, 59.449588775634751 ], [ 24.775274276733402, 59.44957733154294 ], [ 24.775318145751957, 59.449554443359382 ], [ 24.775341033935547, 59.449527740478516 ], [ 24.775369644165039, 59.449485778808615 ], [ 24.775405883789062, 59.449424743652322 ], [ 24.775459289550781, 59.44935607910157 ], [ 24.775472640991211, 59.449340820312493 ], [ 24.775634765625, 59.449153900146491 ], [ 24.775644302368164, 59.44914245605468 ], [ 24.775634765625, 59.449127197265611 ], [ 24.775129318237305, 59.448986053466768 ], [ 24.775045394897461, 59.44899749755858 ], [ 24.773456573486328, 59.44915771484375 ], [ 24.77195930480957, 59.449306488037095 ], [ 24.771595001220703, 59.449165344238288 ], [ 24.771100997924805, 59.448966979980476 ], [ 24.771419525146484, 59.448760986328111 ], [ 24.770990371704102, 59.448589324951165 ], [ 24.770849227905273, 59.448680877685554 ], [ 24.770702362060547, 59.448776245117195 ], [ 24.770828247070312, 59.448825836181641 ], [ 24.770797729492188, 59.448844909667962 ], [ 24.769628524780273, 59.44837570190429 ], [ 24.764638900756836, 59.446392059326172 ], [ 24.76328770809657, 59.445846657358381 ], [ 24.761458200860464, 59.447341806917827 ] ] ], [ [ [ 24.764317370205784, 59.445005104341327 ], [ 24.765956878662109, 59.445316314697266 ], [ 24.767086029052738, 59.445529937744126 ], [ 24.76719856262207, 59.445526123046868 ], [ 24.767213821411133, 59.445495605468736 ], [ 24.767248153686523, 59.445449829101562 ], [ 24.767328262329102, 59.445343017578139 ], [ 24.767271041870117, 59.445308685302734 ], [ 24.767124176025391, 59.445228576660163 ], [ 24.767059326171875, 59.4451904296875 ], [ 24.766872406005859, 59.445091247558594 ], [ 24.766811370849609, 59.445056915283203 ], [ 24.766654968261719, 59.444969177246087 ], [ 24.766597747802734, 59.444938659667969 ], [ 24.766613006591797, 59.444919586181641 ], [ 24.766025543212891, 59.444808959960938 ], [ 24.765029907226566, 59.44462585449218 ], [ 24.764826237096329, 59.444589183725107 ], [ 24.764317370205784, 59.445005104341327 ] ] ], [ [ [ 24.765918938140921, 59.443696026502394 ], [ 24.76578872231703, 59.443802465927625 ], [ 24.766290664672852, 59.443893432617195 ], [ 24.766666412353516, 59.443962097167969 ], [ 24.767305374145508, 59.444080352783189 ], [ 24.767436981201175, 59.444107055664055 ], [ 24.767633438110352, 59.444171905517578 ], [ 24.767877578735352, 59.444248199462898 ], [ 24.768083572387695, 59.444313049316392 ], [ 24.769123077392578, 59.444869995117188 ], [ 24.769403457641602, 59.44501876831054 ], [ 24.769893646240234, 59.445281982421875 ], [ 24.771062850952152, 59.445915222167962 ], [ 24.771080017089844, 59.445915222167962 ], [ 24.771451950073242, 59.445838928222656 ], [ 24.771490097045898, 59.445831298828118 ], [ 24.771503448486328, 59.445808410644538 ], [ 24.771492004394531, 59.445789337158203 ], [ 24.769771575927734, 59.444000244140632 ], [ 24.769773483276367, 59.443996429443359 ], [ 24.769809722900394, 59.443988800048821 ], [ 24.769859313964844, 59.444000244140632 ], [ 24.770046234130863, 59.44395446777343 ], [ 24.770210266113281, 59.443912506103516 ], [ 24.770217895507812, 59.443885803222649 ], [ 24.770536422729492, 59.443805694580078 ], [ 24.770623221972787, 59.443776425219362 ], [ 24.765918938140921, 59.443696026502394 ] ] ], [ [ [ 24.774728842734429, 59.443846453728511 ], [ 24.77163013386992, 59.443793611822343 ], [ 24.771957397460938, 59.444042205810547 ], [ 24.772758483886719, 59.444641113281257 ], [ 24.772983551025394, 59.444812774658203 ], [ 24.773769378662113, 59.445423126220703 ], [ 24.773830413818359, 59.445430755615256 ], [ 24.774196624755859, 59.44524765014647 ], [ 24.776130676269531, 59.446269989013679 ], [ 24.776172637939453, 59.446273803710923 ], [ 24.776235580444336, 59.446243286132798 ], [ 24.77653694152832, 59.446090698242173 ], [ 24.776592254638675, 59.446113586425767 ], [ 24.776649475097656, 59.446113586425774 ], [ 24.776689529418949, 59.446102142333977 ], [ 24.77672004699707, 59.44609069824218 ], [ 24.776744842529297, 59.446086883544922 ], [ 24.776784896850586, 59.446079254150376 ], [ 24.776838302612305, 59.446083068847663 ], [ 24.776893615722656, 59.446083068847663 ], [ 24.776948928833008, 59.446083068847649 ], [ 24.776983261108398, 59.44609069824218 ], [ 24.777086234992211, 59.446096264413427 ], [ 24.774728842734429, 59.443846453728511 ] ] ] ] } },
{ "type": "Feature", "properties": { "from_id": "337", "population": 480.76195376609559, "gravity_community": 1.1888339845757372, "gravity_education": 2.630077345779978, "gravity_essential_services": 6.0652024932001947, "gravity_food_and_drink": 12.595191539067519, "gravity_healthcare": 2.6911705454055639, "gravity_shelter": 16.039409277824412, "avg_gravity": 6.8683141976422339, "min_tt_community": 15.0, "min_tt_education": 22.0, "min_tt_essential_services": 19.0, "min_tt_food_and_drink": 14.0, "min_tt_healthcare": 20.0, "min_tt_shelter": 6.0, "avg_tt_community": 19.0, "avg_tt_education": 23.2, "avg_tt_essential_services": 21.545454545454547, "avg_tt_food_and_drink": 21.869565217391305, "avg_tt_healthcare": 22.4, "avg_tt_shelter": 19.185185185185187, "avg_tt_all": 21.200034158005177, "n_unreachable_categories": 0, "count_community": 2.0, "count_education": 5.0, "count_essential_services": 11.0, "count_food_and_drink": 23.0, "count_healthcare": 5.0, "count_shelter": 27.0, "gravity_community_per_100": 0.24728121168135089, "gravity_education_per_100": 0.54706436837961303, "gravity_essential_services_per_100": 1.2615812140889768, "gravity_food_and_drink_per_100": 2.6198394944528909, "gravity_healthcare_per_100": 0.55977194624574955, "gravity_shelter_per_100": 3.3362476277871278, "shannon": 1.4827678824686747, "kl_divergence": 0.10495266580602582, "jsd": 0.15911838369097975, "city_similarity": 0.84088161630902025 }, "geometry": { "type": "Polygon", "coordinates": [ [ [ 24.829084464171153, 59.421422473252889 ], [ 24.82028006336505, 59.42127574499505 ], [ 24.815627506277721, 59.425087810609845 ], [ 24.819780222876137, 59.429047069203286 ], [ 24.82858663878006, 59.429193842677044 ], [ 24.833238322626933, 59.425381312333229 ], [ 24.829084464171153, 59.421422473252889 ] ] ] } },
{ "type": "Feature", "properties": { "from_id": "338", "population": 49.207567752148705, "gravity_community": 3.3673209599503924, "gravity_education": 8.1525560700457103, "gravity_essential_services": 12.400832418630243, "gravity_food_and_drink": 28.746689971556865, "gravity_healthcare": 10.836421286569358, "gravity_shelter": 29.420578638753966, "avg_gravity": 15.487399890917757, "min_tt_community": 15.0, "min_tt_education": 18.0, "min_tt_essential_services": 4.0, "min_tt_food_and_drink": 4.0, "min_tt_healthcare": 5.0, "min_tt_shelter": 5.0, "avg_tt_community": 21.0, "avg_tt_education": 22.066666666666666, "avg_tt_essential_services": 16.157894736842106, "avg_tt_food_and_drink": 20.041666666666668, "avg_tt_healthcare": 20.526315789473685, "avg_tt_shelter": 20.117647058823529, "avg_tt_all": 19.985031819745444, "n_unreachable_categories": 0, "count_community": 6.0, "count_education": 15.0, "count_essential_services": 19.0, "count_food_and_drink": 49.0, "count_healthcare": 19.0, "count_shelter": 51.0, "gravity_community_per_100": 6.8430957142834075, "gravity_education_per_100": 16.567687537634328, "gravity_essential_services_per_100": 25.201067610355004, "gravity_food_and_drink_per_100": 58.41924582891339, "gravity_healthcare_per_100": 22.021859200907514, "gravity_shelter_per_100": 59.788727593570769, "shannon": 1.5815941844970227, "kl_divergence": 0.058430810007702741, "jsd": 0.12078099697491612, "city_similarity": 0.87921900302508393 }, "geometry": { "type": "Polygon", "coordinates": [ [ [ 24.842043864749169, 59.425527172997576 ], [ 24.833238322626933, 59.425381312333229 ], [ 24.82858663878006, 59.429193842677044 ], [ 24.83274137101759, 59.433152698364097 ], [ 24.84154892888014, 59.433298603980951 ], [ 24.846199738403858, 59.429485608950095 ], [ 24.842043864749169, 59.425527172997576 ] ] ] } },
{ "type": "Feature", "properties": { "from_id": "339", "population": 1565.8823749887317, "gravity_community": 1.7263593473233485, "gravity_education": 6.6771955877551745, "gravity_essential_services": 8.1346165533940731, "gravity_food_and_drink": 23.193629432626594, "gravity_healthcare": 6.3229182303697549, "gravity_shelter": 7.9462111978402712, "avg_gravity": 9.0001550582182031, "min_tt_community": 13.0, "min_tt_education": 13.0, "min_tt_essential_services": 20.0, "min_tt_food_and_drink": 9.0, "min_tt_healthcare": 19.0, "min_tt_shelter": 8.0, "avg_tt_community": 20.333333333333332, "avg_tt_education": 21.333333333333332, "avg_tt_essential_services": 22.133333333333333, "avg_tt_food_and_drink": 20.853658536585368, "avg_tt_healthcare": 22.8, "avg_tt_shelter": 18.076923076923077, "avg_tt_all": 20.921763602251406, "n_unreachable_categories": 0, "count_community": 3.0, "count_education": 12.0, "count_essential_services": 15.0, "count_food_and_drink": 41.0, "count_healthcare": 11.0, "count_shelter": 13.0, "gravity_community_per_100": 0.1102483414398078, "gravity_education_per_100": 0.42641744325165071, "gravity_essential_services_per_100": 0.5194909070646262, "gravity_food_and_drink_per_100": 1.4811859308904667, "gravity_healthcare_per_100": 0.40379266868082958, "gravity_shelter_per_100": 0.50745900999731564, "shannon": 1.5463704284186774, "kl_divergence": 0.042784067252606875, "jsd": 0.10186528277358416, "city_similarity": 0.8981347172264158 }, "geometry": { "type": "Polygon", "coordinates": [ [ [ 24.815627506277721, 59.425087810609845 ], [ 24.806822232772369, 59.424940169575123 ], [ 24.802167660688987, 59.428751741642088 ], [ 24.806319234347445, 59.432711419653437 ], [ 24.815126523390155, 59.432859106188175 ], [ 24.819780222876137, 59.429047069203286 ], [ 24.815627506277721, 59.425087810609845 ] ] ] } },
{ "type": "Feature", "properties": { "from_id": "340", "population": 1307.4427406722739, "gravity_community": 2.9894392790212421, "gravity_education": 17.14662625404133, "gravity_essential_services": 19.661607292612111, "gravity_food_and_drink": 45.191057649487107, "gravity_healthcare": 18.958724662763469, "gravity_shelter": 28.439156513788014, "avg_gravity": 22.064435275285547, "min_tt_community": 16.0, "min_tt_education": 5.0, "min_tt_essential_services": 3.0, "min_tt_food_and_drink": 3.0, "min_tt_healthcare": 7.0, "min_tt_shelter": 8.0, "avg_tt_community": 18.6, "avg_tt_education": 18.107142857142858, "avg_tt_essential_services": 16.903225806451612, "avg_tt_food_and_drink": 18.216216216216218, "avg_tt_healthcare": 18.833333333333332, "avg_tt_shelter": 19.918367346938776, "avg_tt_all": 18.4297142600138, "n_unreachable_categories": 0, "count_community": 5.0, "count_education": 28.0, "count_essential_services": 31.0, "count_food_and_drink": 74.0, "count_healthcare": 31.0, "count_shelter": 49.0, "gravity_community_per_100": 0.22864781653719707, "gravity_education_per_100": 1.3114628825140524, "gravity_essential_services_per_100": 1.5038216727183256, "gravity_food_and_drink_per_100": 3.4564464082190183, "gravity_healthcare_per_100": 1.4500615646858144, "gravity_shelter_per_100": 2.1751741494365469, "shannon": 1.607173347686738, "kl_divergence": 0.042318322470226585, "jsd": 0.10209192316542194, "city_similarity": 0.89790807683457807 }, "geometry": { "type": "Polygon", "coordinates": [ [ [ 24.82858663878006, 59.429193842677044 ], [ 24.819780222876137, 59.429047069203286 ], [ 24.815126523390155, 59.432859106188175 ], [ 24.819280113127419, 59.436818381514691 ], [ 24.828088545212019, 59.436965200225082 ], [ 24.83274137101759, 59.433152698364097 ], [ 24.82858663878006, 59.429193842677044 ] ] ] } },
{ "type": "Feature", "properties": { "from_id": "341", "population": 4455.6627513180083, "gravity_community": 3.3217358699713051, "gravity_education": 19.432445131972642, "gravity_essential_services": 22.407689253394345, "gravity_food_and_drink": 52.177697417352128, "gravity_healthcare": 20.01047129797492, "gravity_shelter": 37.327660082738682, "avg_gravity": 25.77961650890067, "min_tt_community": 7.0, "min_tt_education": 1.0, "min_tt_essential_services": 3.0, "min_tt_food_and_drink": 1.0, "min_tt_healthcare": 1.0, "min_tt_shelter": 10.0, "avg_tt_community": 15.2, "avg_tt_education": 16.96551724137931, "avg_tt_essential_services": 17.5, "avg_tt_food_and_drink": 18.406976744186046, "avg_tt_healthcare": 17.34375, "avg_tt_shelter": 20.215384615384615, "avg_tt_all": 17.605271433491662, "n_unreachable_categories": 0, "count_community": 5.0, "count_education": 30.0, "count_essential_services": 36.0, "count_food_and_drink": 86.0, "count_healthcare": 32.0, "count_shelter": 65.0, "gravity_community_per_100": 0.07455088177373205, "gravity_education_per_100": 0.43612917351575642, "gravity_essential_services_per_100": 0.50290361959656926, "gravity_food_and_drink_per_100": 1.1710423416116422, "gravity_healthcare_per_100": 0.44910201724885307, "gravity_shelter_per_100": 0.83775775156449994, "shannon": 1.5829941822111908, "kl_divergence": 0.041502153551499721, "jsd": 0.10155551429178979, "city_similarity": 0.89844448570821023 }, "geometry": { "type": "Polygon", "coordinates": [ [ [ 24.84154892888014, 59.433298603980951 ], [ 24.83274137101759, 59.433152698364097 ], [ 24.828088545212019, 59.436965200225082 ], [ 24.832244151671656, 59.440924072528851 ], [ 24.841053726357881, 59.441070023118804 ], [ 24.845705677399536, 59.437257056423711 ], [ 24.84154892888014, 59.433298603980951 ] ] ] } },
{ "type": "Feature", "properties": { "from_id": "342", "population": 663.87764152638522, "gravity_community": 4.2767958331365286, "gravity_education": 25.186644877396219, "gravity_essential_services": 23.365388013120221, "gravity_food_and_drink": 104.38784694459954, "gravity_healthcare": 25.968248377662185, "gravity_shelter": 36.811468499366278, "avg_gravity": 36.666065424213492, "min_tt_community": 21.0, "min_tt_education": 6.0, "min_tt_essential_services": 2.0, "min_tt_food_and_drink": 12.0, "min_tt_healthcare": 3.0, "min_tt_shelter": 9.0, "avg_tt_community": 22.625, "avg_tt_education": 19.604651162790699, "avg_tt_essential_services": 20.560975609756099, "avg_tt_food_and_drink": 21.102702702702704, "avg_tt_healthcare": 20.066666666666666, "avg_tt_shelter": 20.28125, "avg_tt_all": 20.706874356986027, "n_unreachable_categories": 0, "count_community": 8.0, "count_education": 43.0, "count_essential_services": 41.0, "count_food_and_drink": 186.0, "count_healthcare": 45.0, "count_shelter": 64.0, "gravity_community_per_100": 0.64421447050142167, "gravity_education_per_100": 3.7938685236464917, "gravity_essential_services_per_100": 3.5195322980600157, "gravity_food_and_drink_per_100": 15.72395881635528, "gravity_healthcare_per_100": 3.9116015894067582, "gravity_shelter_per_100": 5.5449176469822774, "shannon": 1.4620918701424892, "kl_divergence": 0.011130896501350462, "jsd": 0.053476074388321741, "city_similarity": 0.94652392561167831 }, "geometry": { "type": "Polygon", "coordinates": [ [ [ 24.815126523390155, 59.432859106188175 ], [ 24.806319234347445, 59.432711419653437 ], [ 24.801663518782672, 59.436522962932656 ], [ 24.805815964936262, 59.4404826578034 ], [ 24.814625270599485, 59.440630389858995 ], [ 24.819280113127419, 59.436818381514691 ], [ 24.815126523390155, 59.432859106188175 ] ] ] } },
{ "type": "Feature", "properties": { "from_id": "343", "population": 1914.5943262589756, "gravity_community": 4.2009369848336888, "gravity_education": 23.316873300488204, "gravity_essential_services": 26.104880475387993, "gravity_food_and_drink": 89.151819803119665, "gravity_healthcare": 30.089659816446019, "gravity_shelter": 53.574322551970532, "avg_gravity": 37.739748822041015, "min_tt_community": 11.0, "min_tt_education": 8.0, "min_tt_essential_services": 12.0, "min_tt_food_and_drink": 7.0, "min_tt_healthcare": 6.0, "min_tt_shelter": 10.0, "avg_tt_community": 18.714285714285715, "avg_tt_education": 18.820512820512821, "avg_tt_essential_services": 19.068181818181817, "avg_tt_food_and_drink": 20.794871794871796, "avg_tt_healthcare": 19.98076923076923, "avg_tt_shelter": 19.706521739130434, "avg_tt_all": 19.514190519625302, "n_unreachable_categories": 0, "count_community": 7.0, "count_education": 39.0, "count_essential_services": 44.0, "count_food_and_drink": 157.0, "count_healthcare": 52.0, "count_shelter": 92.0, "gravity_community_per_100": 0.21941655875697261, "gravity_education_per_100": 1.217849284346739, "gravity_essential_services_per_100": 1.3634679742520528, "gravity_food_and_drink_per_100": 4.6564339286076333, "gravity_healthcare_per_100": 1.571594535916115, "gravity_shelter_per_100": 2.7982075271607099, "shannon": 1.5229161718526156, "kl_divergence": 0.014405802175345886, "jsd": 0.060344960093609644, "city_similarity": 0.93965503990639032 }, "geometry": { "type": "Polygon", "coordinates": [ [ [ 24.828088545212019, 59.436965200225082 ], [ 24.819280113127419, 59.436818381514691 ], [ 24.814625270599485, 59.440630389858995 ], [ 24.818779733915445, 59.444589681928704 ], [ 24.827590183264373, 59.444736545896426 ], [ 24.832244151671656, 59.440924072528851 ], [ 24.828088545212019, 59.436965200225082 ] ] ] } },
{ "type": "Feature", "properties": { "from_id": "344", "population": 2673.5715316033929, "gravity_community": 3.0013983947541787, "gravity_education": 12.173379481283876, "gravity_essential_services": 13.567862652819628, "gravity_food_and_drink": 38.26232471792067, "gravity_healthcare": 14.690330515454617, "gravity_shelter": 35.160626082472888, "avg_gravity": 19.475986974117642, "min_tt_community": 12.0, "min_tt_education": 9.0, "min_tt_essential_services": 16.0, "min_tt_food_and_drink": 11.0, "min_tt_healthcare": 11.0, "min_tt_shelter": 14.0, "avg_tt_community": 18.6, "avg_tt_education": 20.0, "avg_tt_essential_services": 22.12, "avg_tt_food_and_drink": 20.772727272727273, "avg_tt_healthcare": 19.4, "avg_tt_shelter": 20.580645161290324, "avg_tt_all": 20.245562072336266, "n_unreachable_categories": 0, "count_community": 5.0, "count_education": 21.0, "count_essential_services": 25.0, "count_food_and_drink": 67.0, "count_healthcare": 25.0, "count_shelter": 62.0, "gravity_community_per_100": 0.11226175770035154, "gravity_education_per_100": 0.4553227522580352, "gravity_essential_services_per_100": 0.50748081704336201, "gravity_food_and_drink_per_100": 1.4311315132449069, "gravity_healthcare_per_100": 0.54946465212563578, "gravity_shelter_per_100": 1.3151182104855215, "shannon": 1.5643627145715049, "kl_divergence": 0.045870909611180302, "jsd": 0.10699139784445973, "city_similarity": 0.89300860215554023 }, "geometry": { "type": "Polygon", "coordinates": [ [ [ 24.841053726357881, 59.441070023118804 ], [ 24.832244151671656, 59.440924072528851 ], [ 24.827590183264373, 59.444736545896426 ], [ 24.831746664386777, 59.448695434827009 ], [ 24.840558256980856, 59.448841430410639 ], [ 24.845211350183153, 59.445028492061823 ], [ 24.841053726357881, 59.441070023118804 ] ] ] } },
{ "type": "Feature", "properties": { "from_id": "345", "population": 4835.8604998335777, "gravity_community": 5.8971463856433628, "gravity_education": 11.582729612598929, "gravity_essential_services": 11.84684372337005, "gravity_food_and_drink": 70.255064853148937, "gravity_healthcare": 17.451788033831516, "gravity_shelter": 34.609526098820979, "avg_gravity": 25.273849784568966, "min_tt_community": 20.0, "min_tt_education": 16.0, "min_tt_essential_services": 16.0, "min_tt_food_and_drink": 10.0, "min_tt_healthcare": 9.0, "min_tt_shelter": 7.0, "avg_tt_community": 22.545454545454547, "avg_tt_education": 21.571428571428573, "avg_tt_essential_services": 22.40909090909091, "avg_tt_food_and_drink": 21.722222222222221, "avg_tt_healthcare": 22.03125, "avg_tt_shelter": 18.245614035087719, "avg_tt_all": 21.420843380547328, "n_unreachable_categories": 0, "count_community": 11.0, "count_education": 21.0, "count_essential_services": 22.0, "count_food_and_drink": 127.0, "count_healthcare": 32.0, "count_shelter": 57.0, "gravity_community_per_100": 0.12194616420068999, "gravity_education_per_100": 0.23951744706030165, "gravity_essential_services_per_100": 0.24497902128851212, "gravity_food_and_drink_per_100": 1.4527934553853799, "gravity_healthcare_per_100": 0.36088278465501861, "gravity_shelter_per_100": 0.7156849561729921, "shannon": 1.4692220178048636, "kl_divergence": 0.004405757521709415, "jsd": 0.033296505762830761, "city_similarity": 0.96670349423716928 }, "geometry": { "type": "Polygon", "coordinates": [ [ [ 24.814625270599485, 59.440630389858995 ], [ 24.805815964936262, 59.4404826578034 ], [ 24.801159105245969, 59.444294172284145 ], [ 24.805312424334023, 59.448253884024489 ], [ 24.814123747701728, 59.448401661621752 ], [ 24.818779733915445, 59.444589681928704 ], [ 24.814625270599485, 59.440630389858995 ] ] ] } },
{ "type": "Feature", "properties": { "from_id": "346", "population": 4330.5706108412642, "gravity_community": 2.8974497500349035, "gravity_education": 13.632097911875269, "gravity_essential_services": 10.539115617450653, "gravity_food_and_drink": 41.971910094877472, "gravity_healthcare": 14.864452430633424, "gravity_shelter": 38.423442489722895, "avg_gravity": 20.388078049099104, "min_tt_community": 16.0, "min_tt_education": 15.0, "min_tt_essential_services": 18.0, "min_tt_food_and_drink": 12.0, "min_tt_healthcare": 13.0, "min_tt_shelter": 11.0, "avg_tt_community": 19.8, "avg_tt_education": 21.96, "avg_tt_essential_services": 21.315789473684209, "avg_tt_food_and_drink": 21.893333333333334, "avg_tt_healthcare": 21.62962962962963, "avg_tt_shelter": 19.742424242424242, "avg_tt_all": 21.056862779845236, "n_unreachable_categories": 0, "count_community": 5.0, "count_education": 25.0, "count_essential_services": 19.0, "count_food_and_drink": 76.0, "count_healthcare": 27.0, "count_shelter": 66.0, "gravity_community_per_100": 0.066906881573096905, "gravity_education_per_100": 0.31478756812666481, "gravity_essential_services_per_100": 0.24336551841613563, "gravity_food_and_drink_per_100": 0.969200455704472, "gravity_healthcare_per_100": 0.34324466141762849, "gravity_shelter_per_100": 0.8872605008109703, "shannon": 1.5353942927927231, "kl_divergence": 0.035339128209369908, "jsd": 0.093575064493096619, "city_similarity": 0.9064249355069034 }, "geometry": { "type": "Polygon", "coordinates": [ [ [ 24.827590183264373, 59.444736545896426 ], [ 24.818779733915445, 59.444589681928704 ], [ 24.814123747701728, 59.448401661621752 ], [ 24.818279085036529, 59.452360970444751 ], [ 24.827091552734277, 59.452507879690515 ], [ 24.831746664386777, 59.448695434827009 ], [ 24.827590183264373, 59.444736545896426 ] ] ] } },
{ "type": "Feature", "properties": { "from_id": "347", "population": 3554.9365084667797, "gravity_community": 9.6614020258927393, "gravity_education": 14.945217536640991, "gravity_essential_services": 16.383090794307851, "gravity_food_and_drink": 118.89622326840882, "gravity_healthcare": 19.961090319253586, "gravity_shelter": 58.252601709063633, "avg_gravity": 39.683270942261267, "min_tt_community": 14.0, "min_tt_education": 15.0, "min_tt_essential_services": 12.0, "min_tt_food_and_drink": 1.0, "min_tt_healthcare": 8.0, "min_tt_shelter": 4.0, "avg_tt_community": 20.588235294117649, "avg_tt_education": 20.076923076923077, "avg_tt_essential_services": 19.571428571428573, "avg_tt_food_and_drink": 20.229268292682928, "avg_tt_healthcare": 19.441176470588236, "avg_tt_shelter": 18.287234042553191, "avg_tt_all": 19.699044291382275, "n_unreachable_categories": 0, "count_community": 17.0, "count_education": 26.0, "count_essential_services": 28.0, "count_food_and_drink": 206.0, "count_healthcare": 34.0, "count_shelter": 95.0, "gravity_community_per_100": 0.27177424977583176, "gravity_education_per_100": 0.42040743909338518, "gravity_essential_services_per_100": 0.46085466661045282, "gravity_food_and_drink_per_100": 3.3445385869827522, "gravity_healthcare_per_100": 0.56150342690262756, "gravity_shelter_per_100": 1.6386397217031476, "shannon": 1.3850873563024939, "kl_divergence": 0.016803183066203684, "jsd": 0.065867739738341119, "city_similarity": 0.93413226026165885 }, "geometry": { "type": "Polygon", "coordinates": [ [ [ 24.805312424334023, 59.448253884024489 ], [ 24.801159105245969, 59.444294172284145 ], [ 24.792925796555945, 59.444155277818432 ], [ 24.793153762817383, 59.444229125976562 ], [ 24.793231964111328, 59.444259643554695 ], [ 24.793333053588871, 59.444290161132812 ], [ 24.793497085571289, 59.444351196289062 ], [ 24.793924331665039, 59.444488525390618 ], [ 24.793958663940426, 59.444503784179702 ], [ 24.793996810913086, 59.444522857666023 ], [ 24.794034957885742, 59.44453430175782 ], [ 24.794162750244141, 59.44456863403321 ], [ 24.794235229492188, 59.444587707519531 ], [ 24.794511795043945, 59.444648742675788 ], [ 24.794797897338867, 59.444713592529283 ], [ 24.794887542724613, 59.444744110107443 ], [ 24.795122146606445, 59.444808959960938 ], [ 24.795280456542972, 59.444869995117202 ], [ 24.795486450195312, 59.444946289062507 ], [ 24.795618057250977, 59.444984436035156 ], [ 24.795686721801758, 59.444999694824205 ], [ 24.795700073242191, 59.445007324218757 ], [ 24.795745849609375, 59.445030212402351 ], [ 24.795818328857425, 59.445049285888679 ], [ 24.795927047729492, 59.445102691650391 ], [ 24.795997619628906, 59.445137023925788 ], [ 24.796169281005859, 59.445209503173821 ], [ 24.796268463134766, 59.445243835449212 ], [ 24.796430587768555, 59.4453125 ], [ 24.796558380126953, 59.445377349853501 ], [ 24.796651840209964, 59.445415496826158 ], [ 24.797197341918945, 59.445644378662116 ], [ 24.797332763671875, 59.445690155029318 ], [ 24.797574996948242, 59.44577789306642 ], [ 24.797628402709961, 59.445804595947251 ], [ 24.797677993774414, 59.445838928222656 ], [ 24.797960281372074, 59.445976257324212 ], [ 24.798194885253906, 59.446079254150384 ], [ 24.798271179199222, 59.446109771728516 ], [ 24.798389434814457, 59.446159362792969 ], [ 24.798576354980469, 59.446231842041023 ], [ 24.798650741577148, 59.446258544921896 ], [ 24.798830032348633, 59.446338653564446 ], [ 24.79890060424805, 59.446380615234375 ], [ 24.798913955688477, 59.446388244628899 ], [ 24.798940658569339, 59.446422576904304 ], [ 24.799009323120117, 59.446525573730469 ], [ 24.799062728881836, 59.446567535400405 ], [ 24.799188613891602, 59.446620941162109 ], [ 24.799276351928714, 59.446590423583963 ], [ 24.79937744140625, 59.446598052978501 ], [ 24.799602508544922, 59.44671249389647 ], [ 24.799898147583008, 59.446846008300781 ], [ 24.800088882446289, 59.446945190429695 ], [ 24.800163269042969, 59.446998596191406 ], [ 24.800256729125977, 59.447052001953132 ], [ 24.800277709960941, 59.447063446044929 ], [ 24.800323486328125, 59.447090148925781 ], [ 24.800369262695316, 59.447109222412102 ], [ 24.800640106201172, 59.447265625 ], [ 24.800691604614258, 59.447299957275398 ], [ 24.800725936889652, 59.447326660156236 ], [ 24.800779342651367, 59.447357177734382 ], [ 24.800863265991211, 59.447406768798821 ], [ 24.800886154174805, 59.447422027587891 ], [ 24.800928115844727, 59.447444915771484 ], [ 24.800975799560547, 59.447475433349602 ], [ 24.801013946533203, 59.447502136230462 ], [ 24.801063537597656, 59.44752502441407 ], [ 24.801115036010742, 59.447559356689446 ], [ 24.801164627075195, 59.447582244873054 ], [ 24.801206588745117, 59.447612762451186 ], [ 24.801305770874023, 59.447666168212869 ], [ 24.801380157470707, 59.447711944580085 ], [ 24.801412582397464, 59.447742462158189 ], [ 24.801454544067383, 59.447765350341783 ], [ 24.801509857177734, 59.447795867919929 ], [ 24.801536560058597, 59.44781112670897 ], [ 24.801563262939457, 59.44783020019532 ], [ 24.8016357421875, 59.447883605957031 ], [ 24.801788330078125, 59.447975158691406 ], [ 24.801836013793945, 59.447998046874993 ], [ 24.801881790161133, 59.448036193847656 ], [ 24.801961898803711, 59.448089599609368 ], [ 24.802042007446293, 59.448146820068345 ], [ 24.802085876464847, 59.448181152343736 ], [ 24.802215576171875, 59.44826507568358 ], [ 24.802299499511719, 59.448326110839851 ], [ 24.802335739135742, 59.448348999023423 ], [ 24.802373886108398, 59.448368072509766 ], [ 24.802574157714844, 59.448505401611342 ], [ 24.802614212036133, 59.448524475097656 ], [ 24.802663803100586, 59.448558807373047 ], [ 24.802717208862305, 59.448593139648423 ], [ 24.802753448486328, 59.44861984252929 ], [ 24.802837371826172, 59.44866561889647 ], [ 24.802898406982425, 59.448707580566385 ], [ 24.802936553955078, 59.448738098144524 ], [ 24.80305290222168, 59.448822021484368 ], [ 24.803092956542969, 59.4488525390625 ], [ 24.80311393737793, 59.448875427246094 ], [ 24.803133010864258, 59.448902130126953 ], [ 24.80314826965332, 59.448921203613281 ], [ 24.80317497253418, 59.448970794677734 ], [ 24.803201675415039, 59.448993682861328 ], [ 24.803239822387695, 59.449020385742188 ], [ 24.803285598754883, 59.449054718017578 ], [ 24.803325653076172, 59.449081420898445 ], [ 24.803564071655273, 59.449268341064453 ], [ 24.803644180297852, 59.449321746826179 ], [ 24.803680419921875, 59.449340820312493 ], [ 24.803714752197269, 59.449367523193366 ], [ 24.803749084472656, 59.449398040771484 ], [ 24.803787231445312, 59.449428558349609 ], [ 24.80381965637207, 59.449462890624993 ], [ 24.803827169154257, 59.449469330156234 ], [ 24.805312424334023, 59.448253884024489 ] ] ] } },
{ "type": "Feature", "properties": { "from_id": "348", "population": 2902.5023505667391, "gravity_community": 1.6161777463196563, "gravity_education": 1.0432001841806566, "gravity_essential_services": 4.3535883054144691, "gravity_food_and_drink": 18.818959218764455, "gravity_healthcare": 4.4358205484475262, "gravity_shelter": 17.441668930512645, "avg_gravity": 7.9515691556065677, "min_tt_community": 22.0, "min_tt_education": 23.0, "min_tt_essential_services": 20.0, "min_tt_food_and_drink": 6.0, "min_tt_healthcare": 16.0, "min_tt_shelter": 11.0, "avg_tt_community": 22.333333333333332, "avg_tt_education": 23.5, "avg_tt_essential_services": 22.0, "avg_tt_food_and_drink": 20.29032258064516, "avg_tt_healthcare": 21.375, "avg_tt_shelter": 19.8, "avg_tt_all": 21.549775985663086, "n_unreachable_categories": 0, "count_community": 3.0, "count_education": 2.0, "count_essential_services": 8.0, "count_food_and_drink": 32.0, "count_healthcare": 8.0, "count_shelter": 30.0, "gravity_community_per_100": 0.055682220067938396, "gravity_education_per_100": 0.035941407040616609, "gravity_essential_services_per_100": 0.14999430765540611, "gravity_food_and_drink_per_100": 0.64837016290753002, "gravity_healthcare_per_100": 0.15282745757574989, "gravity_shelter_per_100": 0.60091833955300689, "shannon": 1.3960374009341265, "kl_divergence": 0.0907520384677621, "jsd": 0.15408945180485825, "city_similarity": 0.84591054819514178 }, "geometry": { "type": "Polygon", "coordinates": [ [ [ 24.813621954492703, 59.45617292147584 ], [ 24.818279085036529, 59.452360970444751 ], [ 24.814123747701728, 59.448401661621752 ], [ 24.805312424334023, 59.448253884024489 ], [ 24.803827169154257, 59.449469330156234 ], [ 24.80384635925293, 59.449485778808601 ], [ 24.803888320922852, 59.449516296386705 ], [ 24.804128646850586, 59.449691772460938 ], [ 24.804176330566406, 59.44972229003907 ], [ 24.804279327392578, 59.449790954589837 ], [ 24.804342269897461, 59.449836730957038 ], [ 24.804443359375, 59.449920654296868 ], [ 24.804534912109375, 59.449977874755866 ], [ 24.804613113403324, 59.450031280517585 ], [ 24.804758071899414, 59.45012283325196 ], [ 24.804889678955078, 59.450195312500007 ], [ 24.804973602294925, 59.45025634765625 ], [ 24.8050651550293, 59.450313568115241 ], [ 24.805133819580078, 59.450370788574226 ], [ 24.805187225341797, 59.450424194335916 ], [ 24.805252075195312, 59.450466156005852 ], [ 24.805416107177734, 59.450603485107422 ], [ 24.805501937866211, 59.450660705566392 ], [ 24.805559158325195, 59.450706481933594 ], [ 24.805583953857422, 59.450736999511712 ], [ 24.805658340454102, 59.4508056640625 ], [ 24.80573844909668, 59.450889587402337 ], [ 24.805770874023438, 59.450923919677734 ], [ 24.805803298950195, 59.450939178466804 ], [ 24.80584716796875, 59.450954437255859 ], [ 24.805879592895508, 59.450973510742195 ], [ 24.805904388427738, 59.450988769531243 ], [ 24.805919647216797, 59.451004028320312 ], [ 24.805952072143555, 59.451042175292969 ], [ 24.806039810180664, 59.451171875 ], [ 24.806066513061523, 59.451221466064446 ], [ 24.806121826171875, 59.451316833496101 ], [ 24.806146621704102, 59.451358795166016 ], [ 24.806224822998047, 59.451461791992188 ], [ 24.806283950805664, 59.451526641845675 ], [ 24.806341171264648, 59.451606750488295 ], [ 24.806385040283203, 59.451683044433601 ], [ 24.806415557861328, 59.45173263549804 ], [ 24.806463241577148, 59.451797485351548 ], [ 24.806488037109375, 59.451835632324212 ], [ 24.806568145751953, 59.451930999755866 ], [ 24.806598663330078, 59.451969146728523 ], [ 24.806617736816406, 59.452003479003928 ], [ 24.806644439697266, 59.452041625976562 ], [ 24.806665420532227, 59.452083587646477 ], [ 24.806690216064453, 59.452110290527351 ], [ 24.806734085083008, 59.452178955078118 ], [ 24.806758880615234, 59.452220916748047 ], [ 24.806789398193359, 59.452262878417976 ], [ 24.806802749633793, 59.452297210693352 ], [ 24.80682373046875, 59.452331542968736 ], [ 24.806852340698242, 59.452365875244141 ], [ 24.806894302368164, 59.452423095703139 ], [ 24.806911468505859, 59.452465057373026 ], [ 24.806934356689453, 59.452495574951172 ], [ 24.806953430175785, 59.452529907226562 ], [ 24.806953430175785, 59.452548980712898 ], [ 24.806978225708008, 59.452606201171882 ], [ 24.807033538818359, 59.452690124511733 ], [ 24.807069778442383, 59.452739715576172 ], [ 24.807090759277344, 59.452785491943366 ], [ 24.807138442993164, 59.452850341796875 ], [ 24.807151794433594, 59.452869415283217 ], [ 24.807195663452148, 59.45292663574218 ], [ 24.807256698608398, 59.452999114990234 ], [ 24.807285308837891, 59.453029632568352 ], [ 24.807327270507812, 59.453083038330064 ], [ 24.807344436645508, 59.453117370605469 ], [ 24.807361602783203, 59.453147888183587 ], [ 24.807392120361328, 59.453186035156257 ], [ 24.80743408203125, 59.453266143798821 ], [ 24.807468414306641, 59.453304290771506 ], [ 24.807561874389648, 59.453495025634759 ], [ 24.807622909545898, 59.453567504882798 ], [ 24.807701110839847, 59.453678131103501 ], [ 24.807790756225586, 59.453784942626939 ], [ 24.807830810546875, 59.453865051269545 ], [ 24.807844161987305, 59.45391464233397 ], [ 24.807962417602539, 59.454078674316406 ], [ 24.808094024658203, 59.454280853271484 ], [ 24.808149337768555, 59.454383850097642 ], [ 24.808206558227543, 59.454479217529297 ], [ 24.808252334594727, 59.454536437988281 ], [ 24.808296203613281, 59.454616546630852 ], [ 24.808374404907227, 59.454734802246101 ], [ 24.808460235595703, 59.454822540283217 ], [ 24.808506011962891, 59.454860687255859 ], [ 24.808547973632812, 59.454902648925795 ], [ 24.808591842651367, 59.454959869384759 ], [ 24.808631896972656, 59.454994201660163 ], [ 24.808759689331055, 59.455142974853516 ], [ 24.808858871459961, 59.455265045166037 ], [ 24.808925628662109, 59.455352783203139 ], [ 24.80900764465332, 59.455451965332024 ], [ 24.809051513671875, 59.455516815185547 ], [ 24.809082031250004, 59.455554962158189 ], [ 24.809120178222656, 59.455593109130859 ], [ 24.809169769287109, 59.455654144287116 ], [ 24.809225082397461, 59.455707550048828 ], [ 24.809261322021484, 59.45573806762696 ], [ 24.809297561645508, 59.455780029296889 ], [ 24.809322357177734, 59.455814361572266 ], [ 24.809366226196289, 59.455867767334006 ], [ 24.809391021728516, 59.455909729003906 ], [ 24.809427261352539, 59.455951690673835 ], [ 24.809474945068359, 59.455993652343736 ], [ 24.809526443481445, 59.4560546875 ], [ 24.809576905163517, 59.456105149212384 ], [ 24.813621954492703, 59.45617292147584 ] ] ] } },
{ "type": "Feature", "properties": { "from_id": "349", "population": 2894.1350242148974, "gravity_community": 0.82374027417743045, "gravity_education": 10.521089329203498, "gravity_essential_services": 4.031109491017423, "gravity_food_and_drink": 22.67831089467796, "gravity_healthcare": 9.7440445839054561, "gravity_shelter": 29.686015240117985, "avg_gravity": 12.914051635516627, "min_tt_community": 7.0, "min_tt_education": 12.0, "min_tt_essential_services": 15.0, "min_tt_food_and_drink": 16.0, "min_tt_healthcare": 14.0, "min_tt_shelter": 4.0, "avg_tt_community": 7.0, "avg_tt_education": 21.473684210526315, "avg_tt_essential_services": 20.0, "avg_tt_food_and_drink": 21.256410256410255, "avg_tt_healthcare": 20.235294117647058, "avg_tt_shelter": 17.729166666666668, "avg_tt_all": 17.94909254187505, "n_unreachable_categories": 0, "count_community": 1.0, "count_education": 19.0, "count_essential_services": 7.0, "count_food_and_drink": 40.0, "count_healthcare": 17.0, "count_shelter": 48.0, "gravity_community_per_100": 0.028462399552380578, "gravity_education_per_100": 0.36353139163082387, "gravity_essential_services_per_100": 0.13928546723942006, "gravity_food_and_drink_per_100": 0.78359546824633675, "gravity_healthcare_per_100": 0.33668244578701917, "gravity_shelter_per_100": 1.0257301401537415, "shannon": 1.4653537022919192, "kl_divergence": 0.10712554199664594, "jsd": 0.16414003035185548, "city_similarity": 0.83585996964814457 }, "geometry": { "type": "Polygon", "coordinates": [ [ [ 24.840558256980856, 59.448841430410639 ], [ 24.831746664386777, 59.448695434827009 ], [ 24.827091552734277, 59.452507879690515 ], [ 24.831248908960408, 59.456466785257959 ], [ 24.840062520547331, 59.456612825855885 ], [ 24.844716756553474, 59.452799915863892 ], [ 24.840558256980856, 59.448841430410639 ] ] ] } },
{ "type": "Feature", "properties": { "from_id": "350", "population": 3019.2412052060481, "gravity_community": 2.1759480659912178, "gravity_education": 2.3071575825838675, "gravity_essential_services": 3.735169834907631, "gravity_food_and_drink": 11.552035937409746, "gravity_healthcare": 4.6339618924331623, "gravity_shelter": 17.763501520868306, "avg_gravity": 7.0279624723656555, "min_tt_community": 21.0, "min_tt_education": 15.0, "min_tt_essential_services": 14.0, "min_tt_food_and_drink": 10.0, "min_tt_healthcare": 15.0, "min_tt_shelter": 15.0, "avg_tt_community": 22.0, "avg_tt_education": 20.0, "avg_tt_essential_services": 17.333333333333332, "avg_tt_food_and_drink": 20.0, "avg_tt_healthcare": 19.875, "avg_tt_shelter": 21.34375, "avg_tt_all": 20.092013888888889, "n_unreachable_categories": 0, "count_community": 4.0, "count_education": 4.0, "count_essential_services": 6.0, "count_food_and_drink": 20.0, "count_healthcare": 8.0, "count_shelter": 32.0, "gravity_community_per_100": 0.072069368364450381, "gravity_education_per_100": 0.07641514624951655, "gravity_essential_services_per_100": 0.12371220386324597, "gravity_food_and_drink_per_100": 0.38261388051708767, "gravity_healthcare_per_100": 0.15348100987900096, "gravity_shelter_per_100": 0.58834323969343272, "shannon": 1.4757591695728776, "kl_divergence": 0.15187538030905137, "jsd": 0.19081078746780072, "city_similarity": 0.80918921253219933 }, "geometry": { "type": "Polygon", "coordinates": [ [ [ 24.827091552734277, 59.452507879690515 ], [ 24.818279085036529, 59.452360970444751 ], [ 24.813621954492703, 59.45617292147584 ], [ 24.817778166286793, 59.460132247062276 ], [ 24.826592653418654, 59.460279201606838 ], [ 24.831248908960408, 59.456466785257959 ], [ 24.827091552734277, 59.452507879690515 ] ] ] } },
{ "type": "Feature", "properties": { "from_id": "351", "population": 951.81373608291972, "gravity_community": 4.6916778836670474, "gravity_education": 11.136831125975696, "gravity_essential_services": 10.583809565501976, "gravity_food_and_drink": 70.8704302646168, "gravity_healthcare": 14.355882140517934, "gravity_shelter": 36.460449462133347, "avg_gravity": 24.683180073735468, "min_tt_community": 16.0, "min_tt_education": 17.0, "min_tt_essential_services": 14.0, "min_tt_food_and_drink": 12.0, "min_tt_healthcare": 13.0, "min_tt_shelter": 5.0, "avg_tt_community": 19.375, "avg_tt_education": 21.2, "avg_tt_essential_services": 19.333333333333332, "avg_tt_food_and_drink": 20.838709677419356, "avg_tt_healthcare": 20.16, "avg_tt_shelter": 18.283333333333335, "avg_tt_all": 19.865062724014336, "n_unreachable_categories": 0, "count_community": 8.0, "count_education": 20.0, "count_essential_services": 18.0, "count_food_and_drink": 125.0, "count_healthcare": 25.0, "count_shelter": 60.0, "gravity_community_per_100": 0.49291974950635925, "gravity_education_per_100": 1.1700641316449212, "gravity_essential_services_per_100": 1.1119622636523856, "gravity_food_and_drink_per_100": 7.4458297435668381, "gravity_healthcare_per_100": 1.5082659134126306, "gravity_shelter_per_100": 3.8306286282631463, "shannon": 1.4113936328347572, "kl_divergence": 0.0065001504015385694, "jsd": 0.040742923511234957, "city_similarity": 0.95925707648876501 }, "geometry": { "type": "Polygon", "coordinates": [ [ [ 24.817778166286793, 59.460132247062276 ], [ 24.813621954492703, 59.45617292147584 ], [ 24.809576905163517, 59.456105149212384 ], [ 24.809595108032227, 59.456123352050781 ], [ 24.80961799621582, 59.456153869628899 ], [ 24.809684753417969, 59.456222534179695 ], [ 24.809808731079102, 59.456378936767585 ], [ 24.809885025024418, 59.456462860107422 ], [ 24.809972763061523, 59.456596374511719 ], [ 24.809986114501953, 59.456619262695312 ], [ 24.810039520263672, 59.456676483154297 ], [ 24.810070037841797, 59.456707000732415 ], [ 24.810087203979492, 59.456737518310547 ], [ 24.810102462768555, 59.456752777099602 ], [ 24.810134887695312, 59.456771850585952 ], [ 24.810159683227539, 59.456790924072259 ], [ 24.810192108154297, 59.456829071044922 ], [ 24.810243606567383, 59.456874847412102 ], [ 24.810293197631836, 59.456928253173828 ], [ 24.81035041809082, 59.456993103027337 ], [ 24.810354232788086, 59.456996917724609 ], [ 24.81041145324707, 59.457107543945305 ], [ 24.810573577880863, 59.457283020019531 ], [ 24.810909271240234, 59.457675933837898 ], [ 24.810943603515625, 59.457710266113288 ], [ 24.810981750488281, 59.457748413085945 ], [ 24.811029434204102, 59.457809448242195 ], [ 24.811054229736328, 59.457847595214844 ], [ 24.811092376708988, 59.45789337158201 ], [ 24.811134338378906, 59.457935333251946 ], [ 24.811223983764648, 59.458000183105469 ], [ 24.81126594543457, 59.458042144775369 ], [ 24.811313629150391, 59.458095550537109 ], [ 24.811370849609375, 59.458148956298835 ], [ 24.811403274536133, 59.458202362060533 ], [ 24.811498641967777, 59.458297729492173 ], [ 24.811532974243164, 59.458324432373033 ], [ 24.811687469482425, 59.458454132080064 ], [ 24.811737060546875, 59.458484649658203 ], [ 24.811769485473633, 59.458511352539048 ], [ 24.811811447143555, 59.458534240722642 ], [ 24.811853408813477, 59.458549499511712 ], [ 24.811885833740238, 59.458564758300788 ], [ 24.811944961547855, 59.458606719970703 ], [ 24.811952590942383, 59.458614349365234 ], [ 24.812009811401371, 59.458648681640632 ], [ 24.812143325805664, 59.458744049072259 ], [ 24.812200546264648, 59.458793640136719 ], [ 24.812265396118164, 59.45884704589843 ], [ 24.812362670898438, 59.458911895751953 ], [ 24.812402725219727, 59.458942413330085 ], [ 24.812442779541016, 59.458969116210916 ], [ 24.812496185302734, 59.458992004394531 ], [ 24.812522888183594, 59.459011077880845 ], [ 24.81256103515625, 59.459030151367202 ], [ 24.812620162963867, 59.459064483642578 ], [ 24.812744140625, 59.459125518798828 ], [ 24.812942504882812, 59.459239959716797 ], [ 24.812994003295902, 59.45926666259767 ], [ 24.813053131103519, 59.459304809570298 ], [ 24.813127517700195, 59.459354400634773 ], [ 24.813180923461914, 59.459384918212891 ], [ 24.813285827636719, 59.459434509277344 ], [ 24.813398361206055, 59.459499359130852 ], [ 24.813444137573242, 59.459526062011733 ], [ 24.813535690307617, 59.4595947265625 ], [ 24.813583374023438, 59.459632873535142 ], [ 24.813776016235352, 59.459758758544929 ], [ 24.813877105712891, 59.459815979003913 ], [ 24.814035415649414, 59.459899902343757 ], [ 24.814113616943359, 59.459934234619148 ], [ 24.814189910888672, 59.459968566894524 ], [ 24.81437873840332, 59.460060119628906 ], [ 24.814556121826172, 59.46014404296875 ], [ 24.814668655395508, 59.460205078124986 ], [ 24.814821243286133, 59.460281372070312 ], [ 24.814865112304688, 59.460308074951172 ], [ 24.814891815185547, 59.460327148437507 ], [ 24.814945220947266, 59.460361480712884 ], [ 24.815057754516602, 59.460418701171854 ], [ 24.815141677856445, 59.460468292236335 ], [ 24.815206527709961, 59.46051025390625 ], [ 24.815282821655273, 59.460552215576172 ], [ 24.815420150756839, 59.460659027099602 ], [ 24.815464019775391, 59.460697174072266 ], [ 24.815500259399414, 59.460731506347642 ], [ 24.815528869628906, 59.460731506347642 ], [ 24.815553665161133, 59.460727691650398 ], [ 24.815584182739258, 59.460700988769517 ], [ 24.815593719482422, 59.460697174072251 ], [ 24.815616607666016, 59.460700988769524 ], [ 24.815628051757812, 59.460708618164048 ], [ 24.815616607666016, 59.460716247558601 ], [ 24.815582275390625, 59.460754394531236 ], [ 24.815568923950195, 59.460773468017571 ], [ 24.81556510925293, 59.460781097412109 ], [ 24.815605163574219, 59.460803985595689 ], [ 24.815650939941406, 59.460826873779297 ], [ 24.8158073425293, 59.460891723632805 ], [ 24.81590461730957, 59.460941314697273 ], [ 24.815946578979492, 59.460964202880866 ], [ 24.81599044799805, 59.460990905761705 ], [ 24.81610107421875, 59.461078643798814 ], [ 24.816141128540043, 59.46112060546875 ], [ 24.816162109375, 59.461154937744141 ], [ 24.816171646118164, 59.461185455322259 ], [ 24.81617546081543, 59.461223602294929 ], [ 24.816169738769531, 59.461250305175781 ], [ 24.816158294677738, 59.461269378662116 ], [ 24.816156387329102, 59.46129226684571 ], [ 24.816143035888672, 59.46131515502929 ], [ 24.816137313842773, 59.461341857910163 ], [ 24.816123962402344, 59.461383819580078 ], [ 24.816120147705078, 59.461399078369148 ], [ 24.816108703613285, 59.461418151855469 ], [ 24.816080093383789, 59.461441040039048 ], [ 24.816049575805668, 59.461463928222656 ], [ 24.81601715087891, 59.461479187011719 ], [ 24.815963745117188, 59.46152496337892 ], [ 24.815902709960938, 59.461578369140632 ], [ 24.815883636474609, 59.461589813232415 ], [ 24.815872192382816, 59.46160888671875 ], [ 24.815887451171875, 59.46162414550782 ], [ 24.815924203013271, 59.461649491617408 ], [ 24.817778166286793, 59.460132247062276 ] ] ] } },
{ "type": "Feature", "properties": { "from_id": "352", "population": 864.66677411468777, "gravity_community": 2.430907056485716, "gravity_education": 4.6836735380970484, "gravity_essential_services": 4.3593310974195294, "gravity_food_and_drink": 15.808044855188939, "gravity_healthcare": 5.5351225019862182, "gravity_shelter": 25.596437768787922, "avg_gravity": 9.7355861363275622, "min_tt_community": 17.0, "min_tt_education": 13.0, "min_tt_essential_services": 8.0, "min_tt_food_and_drink": 8.0, "min_tt_healthcare": 10.0, "min_tt_shelter": 11.0, "avg_tt_community": 18.0, "avg_tt_education": 19.5, "avg_tt_essential_services": 11.833333333333334, "avg_tt_food_and_drink": 17.791666666666668, "avg_tt_healthcare": 17.777777777777779, "avg_tt_shelter": 20.488888888888887, "avg_tt_all": 17.565277777777776, "n_unreachable_categories": 0, "count_community": 4.0, "count_education": 8.0, "count_essential_services": 6.0, "count_food_and_drink": 25.0, "count_healthcare": 9.0, "count_shelter": 45.0, "gravity_community_per_100": 0.28113802094161244, "gravity_education_per_100": 0.54167381913021384, "gravity_essential_services_per_100": 0.50416313288815184, "gravity_food_and_drink_per_100": 1.8282239272319014, "gravity_healthcare_per_100": 0.64014515969501684, "gravity_shelter_per_100": 2.9602661435667539, "shannon": 1.4357625724921221, "kl_divergence": 0.17167814731843159, "jsd": 0.20118547247359525, "city_similarity": 0.79881452752640469 }, "geometry": { "type": "Polygon", "coordinates": [ [ [ 24.840062520547331, 59.456612825855885 ], [ 24.831248908960408, 59.456466785257959 ], [ 24.826592653418654, 59.460279201606838 ], [ 24.830750885189783, 59.464238123821211 ], [ 24.83956651685536, 59.464384209454067 ], [ 24.844221896309083, 59.460571327829427 ], [ 24.840062520547331, 59.456612825855885 ] ] ] } },
{ "type": "Feature", "properties": { "from_id": "353", "population": 113.03700330837415, "gravity_community": 4.2135702666514545, "gravity_education": 7.7255691718232482, "gravity_essential_services": 8.2763921562895888, "gravity_food_and_drink": 46.427196906702896, "gravity_healthcare": 9.9925723471351162, "gravity_shelter": 33.433705032486777, "avg_gravity": 18.344834313514848, "min_tt_community": 14.0, "min_tt_education": 19.0, "min_tt_essential_services": 7.0, "min_tt_food_and_drink": 7.0, "min_tt_healthcare": 6.0, "min_tt_shelter": 4.0, "avg_tt_community": 18.571428571428573, "avg_tt_education": 21.5, "avg_tt_essential_services": 16.923076923076923, "avg_tt_food_and_drink": 20.303797468354432, "avg_tt_healthcare": 19.529411764705884, "avg_tt_shelter": 17.555555555555557, "avg_tt_all": 19.063878380520226, "n_unreachable_categories": 0, "count_community": 7.0, "count_education": 14.0, "count_essential_services": 13.0, "count_food_and_drink": 80.0, "count_healthcare": 17.0, "count_shelter": 54.0, "gravity_community_per_100": 3.7276025932468251, "gravity_education_per_100": 6.8345488165032702, "gravity_essential_services_per_100": 7.321843214218017, "gravity_food_and_drink_per_100": 41.072565220121518, "gravity_healthcare_per_100": 8.8400895765739342, "gravity_shelter_per_100": 29.577663998466864, "shannon": 1.4471427909516765, "kl_divergence": 0.020571581872122352, "jsd": 0.070868617422642985, "city_similarity": 0.92913138257735706 }, "geometry": { "type": "MultiPolygon", "coordinates": [ [ [ [ 24.826093485114239, 59.468050511644826 ], [ 24.830750885189783, 59.464238123821211 ], [ 24.826592653418654, 59.460279201606838 ], [ 24.817778166286793, 59.460132247062276 ], [ 24.815924203013271, 59.461649491617408 ], [ 24.815942764282227, 59.461662292480476 ], [ 24.816059112548828, 59.461723327636719 ], [ 24.816099166870117, 59.461742401123054 ], [ 24.816125869750977, 59.461750030517578 ], [ 24.816156387329102, 59.461769104003913 ], [ 24.81620979309082, 59.461799621582031 ], [ 24.816289901733398, 59.461849212646477 ], [ 24.816354751586914, 59.461883544921868 ], [ 24.816442489624023, 59.461940765380859 ], [ 24.816555023193363, 59.462017059326186 ], [ 24.81660270690918, 59.462043762207031 ], [ 24.816867828369141, 59.462215423583977 ], [ 24.817028045654297, 59.462306976318345 ], [ 24.817174911499023, 59.462387084960938 ], [ 24.817346572875977, 59.462497711181648 ], [ 24.817588806152344, 59.462654113769524 ], [ 24.817876815795898, 59.462825775146484 ], [ 24.818016052246094, 59.462913513183601 ], [ 24.818111419677734, 59.462955474853516 ], [ 24.818151473999023, 59.462985992431648 ], [ 24.818197250366211, 59.4630126953125 ], [ 24.818241119384766, 59.463043212890632 ], [ 24.818338394165039, 59.463092803955085 ], [ 24.818496704101562, 59.463195800781243 ], [ 24.818595886230469, 59.463256835937493 ], [ 24.818635940551758, 59.463275909423828 ], [ 24.818664550781254, 59.463298797607408 ], [ 24.818717956542969, 59.463325500488253 ], [ 24.818771362304691, 59.463352203369148 ], [ 24.818826675415039, 59.463386535644538 ], [ 24.818958282470703, 59.463481903076179 ], [ 24.819005966186527, 59.463508605957017 ], [ 24.819114685058594, 59.463588714599616 ], [ 24.81927490234375, 59.463703155517571 ], [ 24.819530487060547, 59.463855743408203 ], [ 24.819721221923828, 59.463970184326172 ], [ 24.819883346557617, 59.464076995849609 ], [ 24.820095062255859, 59.464206695556626 ], [ 24.820272445678711, 59.464328765869141 ], [ 24.820693969726562, 59.464553833007812 ], [ 24.820762634277344, 59.466728210449219 ], [ 24.820524215698242, 59.466819763183594 ], [ 24.81987190246582, 59.46710205078125 ], [ 24.819524765014648, 59.467243194580078 ], [ 24.819229125976566, 59.467369079589837 ], [ 24.818902969360352, 59.467510223388658 ], [ 24.818578720092773, 59.467643737792976 ], [ 24.818256378173828, 59.467781066894538 ], [ 24.817939298229476, 59.467914575526066 ], [ 24.818194489054566, 59.46791883746674 ], [ 24.818460464477539, 59.467807769775398 ], [ 24.818784713745117, 59.467670440673842 ], [ 24.818992614746094, 59.467582702636726 ], [ 24.819639205932617, 59.467315673828125 ], [ 24.819913864135742, 59.467197418212891 ], [ 24.820199966430664, 59.467079162597656 ], [ 24.820833206176758, 59.466808319091797 ], [ 24.821146011352539, 59.466678619384766 ], [ 24.821165084838871, 59.466670989990227 ], [ 24.821256637573246, 59.46665191650392 ], [ 24.821693420410156, 59.466728210449219 ], [ 24.822015762329102, 59.466785430908203 ], [ 24.822612762451172, 59.466892242431626 ], [ 24.822824478149414, 59.466930389404304 ], [ 24.822896957397461, 59.467140197753906 ], [ 24.822931289672852, 59.467231750488281 ], [ 24.822992324829102, 59.467227935790994 ], [ 24.822998046875, 59.467243194580078 ], [ 24.823003768920898, 59.467262268066399 ], [ 24.82301139831543, 59.467277526855476 ], [ 24.822946548461914, 59.46728134155272 ], [ 24.82307243347168, 59.467658996582017 ], [ 24.823078155517578, 59.467678070068366 ], [ 24.823101043701172, 59.467739105224609 ], [ 24.822906494140625, 59.467819213867195 ], [ 24.822877883911133, 59.467830657959006 ], [ 24.822494810108275, 59.467990582007886 ], [ 24.826093485114239, 59.468050511644826 ] ] ], [ [ [ 24.822477805839565, 59.467990298595865 ], [ 24.821514129638672, 59.467399597167969 ], [ 24.821413040161133, 59.467338562011733 ], [ 24.821313858032227, 59.467273712158196 ], [ 24.821210861206055, 59.467212677001953 ], [ 24.821321487426758, 59.4671630859375 ], [ 24.821298599243164, 59.467151641845689 ], [ 24.821048736572266, 59.467258453369141 ], [ 24.821067810058594, 59.467269897460938 ], [ 24.821168899536133, 59.467227935791023 ], [ 24.821273803710938, 59.467292785644531 ], [ 24.821369171142578, 59.467350006103516 ], [ 24.821472167968754, 59.467414855957017 ], [ 24.822404827575614, 59.467989082233828 ], [ 24.822477805839565, 59.467990298595865 ] ] ], [ [ [ 24.820974123315509, 59.467965227786117 ], [ 24.820638656616214, 59.467758178710923 ], [ 24.820539474487305, 59.467697143554695 ], [ 24.820440292358398, 59.467636108398452 ], [ 24.820335388183594, 59.467571258544915 ], [ 24.820446014404297, 59.467525482177741 ], [ 24.820426940917969, 59.46751403808593 ], [ 24.820175170898441, 59.467617034912088 ], [ 24.820196151733398, 59.467628479003878 ], [ 24.820299148559574, 59.467586517333984 ], [ 24.820404052734375, 59.467651367187493 ], [ 24.820503234863281, 59.467712402343757 ], [ 24.820606231689453, 59.467777252197251 ], [ 24.820904782612285, 59.467964071254542 ], [ 24.820974123315509, 59.467965227786117 ] ] ] ] } },
{ "type": "Feature", "properties": { "from_id": "354", "population": 0.8159387912732976, "gravity_community": 4.8086424589743331, "gravity_education": 7.8127937032198824, "gravity_essential_services": 8.9868335945359288, "gravity_food_and_drink": 33.185417326666226, "gravity_healthcare": 12.107279786014537, "gravity_shelter": 47.507913536661121, "avg_gravity": 19.068146734345337, "min_tt_community": 2.0, "min_tt_education": 9.0, "min_tt_essential_services": 2.0, "min_tt_food_and_drink": 1.0, "min_tt_healthcare": 2.0, "min_tt_shelter": 3.0, "avg_tt_community": 8.8333333333333339, "avg_tt_education": 18.923076923076923, "avg_tt_essential_services": 16.642857142857142, "avg_tt_food_and_drink": 17.509433962264151, "avg_tt_healthcare": 17.157894736842106, "avg_tt_shelter": 16.027397260273972, "avg_tt_all": 15.84899889310794, "n_unreachable_categories": 0, "count_community": 6.0, "count_education": 13.0, "count_essential_services": 14.0, "count_food_and_drink": 53.0, "count_healthcare": 19.0, "count_shelter": 73.0, "gravity_community_per_100": 589.3386256915544, "gravity_education_per_100": 957.52203312061897, "gravity_essential_services_per_100": 1101.4102639380214, "gravity_food_and_drink_per_100": 4067.1454380639702, "gravity_healthcare_per_100": 1483.8465722558374, "gravity_shelter_per_100": 5822.4849761737105, "shannon": 1.4704630324235355, "kl_divergence": 0.10870826067843131, "jsd": 0.16053518223302884, "city_similarity": 0.83946481776697113 }, "geometry": { "type": "Polygon", "coordinates": [ [ [ 24.839070245702803, 59.472155581204625 ], [ 24.843726769248331, 59.468342727957896 ], [ 24.83956651685536, 59.464384209454067 ], [ 24.830750885189783, 59.464238123821211 ], [ 24.826093485114239, 59.468050511644826 ], [ 24.828587653695219, 59.470424767107943 ], [ 24.82866096496582, 59.470481872558587 ], [ 24.828868865966797, 59.470657348632805 ], [ 24.828939437866211, 59.470718383789055 ], [ 24.8291015625, 59.470855712890618 ], [ 24.829183578491211, 59.470920562744126 ], [ 24.829364776611328, 59.471084594726562 ], [ 24.829610824584961, 59.471290588378913 ], [ 24.829744338989258, 59.471408843994112 ], [ 24.829875946044922, 59.471519470214851 ], [ 24.829952239990234, 59.471588134765618 ], [ 24.830137252807617, 59.471736907958984 ], [ 24.830224990844727, 59.471824645996087 ], [ 24.830343246459961, 59.471942901611314 ], [ 24.830415158203333, 59.472012150025904 ], [ 24.839070245702803, 59.472155581204625 ] ] ] } },
{ "type": "Feature", "properties": { "from_id": "355", "population": 30.32799158312071, "gravity_community": 2.2998972820898977, "gravity_education": 0.0, "gravity_essential_services": 4.5990240531956248, "gravity_food_and_drink": 10.936777869923691, "gravity_healthcare": 2.8933438939933867, "gravity_shelter": 14.363816750516989, "avg_gravity": 5.8488099749532649, "min_tt_community": 19.0, "min_tt_education": null, "min_tt_essential_services": 17.0, "min_tt_food_and_drink": 7.0, "min_tt_healthcare": 17.0, "min_tt_shelter": 13.0, "avg_tt_community": 20.0, "avg_tt_education": null, "avg_tt_essential_services": 18.5, "avg_tt_food_and_drink": 18.388888888888889, "avg_tt_healthcare": 19.8, "avg_tt_shelter": 20.08, "avg_tt_all": 19.353777777777776, "n_unreachable_categories": 1, "count_community": 4.0, "count_education": 0.0, "count_essential_services": 7.0, "count_food_and_drink": 18.0, "count_healthcare": 5.0, "count_shelter": 25.0, "gravity_community_per_100": 7.5834144037745137, "gravity_education_per_100": 0.0, "gravity_essential_services_per_100": 15.164288214044641, "gravity_food_and_drink_per_100": 36.061662177493623, "gravity_healthcare_per_100": 9.540176394679893, "gravity_shelter_per_100": 47.361582487748009, "shannon": 1.3705488820000649, "kl_divergence": 0.23185231216962382, "jsd": 0.25492409293189366, "city_similarity": 0.74507590706810634 }, "geometry": { "type": "MultiPolygon", "coordinates": [ [ [ [ 24.817939298229476, 59.467914575526066 ], [ 24.817495346069336, 59.468101501464837 ], [ 24.817478179931641, 59.468097686767564 ], [ 24.817388534545898, 59.468128204345696 ], [ 24.817348480224609, 59.468147277832031 ], [ 24.817300796508789, 59.468162536621101 ], [ 24.817272186279297, 59.468177795410142 ], [ 24.817230224609375, 59.468200683593743 ], [ 24.817180633544922, 59.468223571777337 ], [ 24.817110061645508, 59.468250274658217 ], [ 24.816999435424805, 59.468273162841797 ], [ 24.816896438598633, 59.468303680419915 ], [ 24.816869735717773, 59.46832275390625 ], [ 24.816858291625977, 59.468338012695291 ], [ 24.816850662231445, 59.468364715576179 ], [ 24.816854476928711, 59.468372344970696 ], [ 24.816877365112305, 59.468387603759773 ], [ 24.817096710205078, 59.469036102294915 ], [ 24.817310333251953, 59.469642639160156 ], [ 24.817480087280273, 59.470108032226562 ], [ 24.817497253417969, 59.470115661621094 ], [ 24.817636489868168, 59.470104217529297 ], [ 24.817647933959961, 59.4700927734375 ], [ 24.817621231079102, 59.470024108886705 ], [ 24.817605972290039, 59.47001647949218 ], [ 24.817556381225589, 59.470020294189446 ], [ 24.817308425903324, 59.469303131103501 ], [ 24.816989898681641, 59.468414306640625 ], [ 24.817012786865234, 59.468414306640611 ], [ 24.817108154296875, 59.468376159667976 ], [ 24.817316055297852, 59.468284606933608 ], [ 24.817329406738281, 59.468276977539048 ], [ 24.817766189575195, 59.468097686767564 ], [ 24.818194489054566, 59.46791883746674 ], [ 24.817939298229476, 59.467914575526066 ] ] ], [ [ [ 24.820904782612285, 59.467964071254542 ], [ 24.821569442749023, 59.46837997436522 ], [ 24.820470809936523, 59.468841552734375 ], [ 24.81956672668457, 59.468280792236335 ], [ 24.819517135620117, 59.468303680419915 ], [ 24.821496963500977, 59.469516754150391 ], [ 24.821540832519531, 59.46949768066407 ], [ 24.820638656616211, 59.468944549560554 ], [ 24.820978164672852, 59.468799591064446 ], [ 24.820991516113281, 59.468795776367188 ], [ 24.821168899536133, 59.468719482421882 ], [ 24.821737289428711, 59.468482971191413 ], [ 24.822639465332031, 59.469036102294943 ], [ 24.822681427001953, 59.469020843505866 ], [ 24.822240829467777, 59.46874618530272 ], [ 24.821786880493164, 59.468460083007812 ], [ 24.822649002075199, 59.468101501464815 ], [ 24.823234558105469, 59.468227386474609 ], [ 24.823272705078125, 59.468238830566406 ], [ 24.82330322265625, 59.468254089355462 ], [ 24.823396682739258, 59.468502044677706 ], [ 24.823451995849609, 59.468643188476562 ], [ 24.823453903198242, 59.468669891357429 ], [ 24.823469161987305, 59.468696594238274 ], [ 24.8234977722168, 59.46871185302733 ], [ 24.823545455932617, 59.468719482421882 ], [ 24.823579788208008, 59.468719482421882 ], [ 24.823640823364258, 59.468704223632805 ], [ 24.824367523193359, 59.469112396240234 ], [ 24.825103759765625, 59.469528198242188 ], [ 24.824960708618164, 59.469581604003913 ], [ 24.824859619140625, 59.469627380371087 ], [ 24.82484245300293, 59.469638824462898 ], [ 24.824794769287109, 59.469657897949205 ], [ 24.824769973754883, 59.469661712646477 ], [ 24.824657440185547, 59.469707489013672 ], [ 24.824552536010742, 59.469749450683594 ], [ 24.824380874633789, 59.469818115234389 ], [ 24.824146270751953, 59.469913482666023 ], [ 24.823940277099609, 59.469997406005859 ], [ 24.823760986328125, 59.470073699951158 ], [ 24.823532104492191, 59.470161437988288 ], [ 24.823335647583008, 59.470245361328125 ], [ 24.823123931884766, 59.470329284667969 ], [ 24.822914123535156, 59.470417022705071 ], [ 24.822786331176758, 59.470466613769538 ], [ 24.822723388671875, 59.470493316650384 ], [ 24.822641372680664, 59.470527648925788 ], [ 24.822530746459961, 59.470573425292976 ], [ 24.822256088256839, 59.470684051513658 ], [ 24.822168350219727, 59.470722198486328 ], [ 24.82210731506348, 59.470748901367159 ], [ 24.821887969970703, 59.470836639404297 ], [ 24.821647644042969, 59.470932006835938 ], [ 24.821620941162109, 59.47093963623049 ], [ 24.821578979492191, 59.470947265624972 ], [ 24.821516036987305, 59.470947265624986 ], [ 24.821460723876953, 59.470943450927727 ], [ 24.821455001831055, 59.470943450927749 ], [ 24.821399688720703, 59.470939636230476 ], [ 24.821262359619141, 59.470932006835938 ], [ 24.821191787719727, 59.470928192138665 ], [ 24.821128845214844, 59.470924377441406 ], [ 24.821067810058594, 59.470920562744126 ], [ 24.821041107177734, 59.470916748046868 ], [ 24.820932388305664, 59.470912933349609 ], [ 24.820907592773438, 59.47090911865233 ], [ 24.820760726928711, 59.470901489257798 ], [ 24.820676803588867, 59.47090148925782 ], [ 24.820640563964844, 59.470893859863288 ], [ 24.820528030395508, 59.470886230468764 ], [ 24.82036018371582, 59.470878601074212 ], [ 24.820257186889648, 59.470874786376953 ], [ 24.820138931274414, 59.470867156982415 ], [ 24.820028305053711, 59.470859527587898 ], [ 24.819982528686523, 59.470855712890618 ], [ 24.819940567016602, 59.470855712890618 ], [ 24.819866180419922, 59.470851898193374 ], [ 24.819814682006836, 59.470848083496087 ], [ 24.819690704345707, 59.470851898193359 ], [ 24.819633483886719, 59.470851898193359 ], [ 24.81962776184082, 59.470851898193359 ], [ 24.819456100463867, 59.470859527587898 ], [ 24.819421768188477, 59.470859527587898 ], [ 24.819385528564453, 59.470859527587898 ], [ 24.819334030151367, 59.470844268798835 ], [ 24.819215774536133, 59.470836639404297 ], [ 24.819009780883789, 59.470771789550774 ], [ 24.819015502929688, 59.470764160156257 ], [ 24.819025039672852, 59.470760345458977 ], [ 24.81837272644043, 59.470550537109382 ], [ 24.818397521972656, 59.470527648925788 ], [ 24.818393707275391, 59.470516204833991 ], [ 24.818273544311523, 59.470478057861335 ], [ 24.818246841430664, 59.470481872558594 ], [ 24.81817626953125, 59.470542907714844 ], [ 24.818180084228519, 59.470550537109368 ], [ 24.81831169128418, 59.470592498779297 ], [ 24.818321228027344, 59.47059631347657 ], [ 24.818319320678714, 59.470596313476555 ], [ 24.818874359130859, 59.470775604248026 ], [ 24.818967819213867, 59.470806121826158 ], [ 24.818933486938477, 59.470817565917969 ], [ 24.818920135498047, 59.470832824707024 ], [ 24.818939208984375, 59.470840454101562 ], [ 24.819025039672852, 59.470863342285142 ], [ 24.819084167480469, 59.470874786376925 ], [ 24.819131851196293, 59.470897674560561 ], [ 24.819173812866211, 59.470909118652344 ], [ 24.819192886352539, 59.470920562744141 ], [ 24.819238662719727, 59.470928192138665 ], [ 24.819276809692383, 59.470939636230476 ], [ 24.819318771362305, 59.470947265624986 ], [ 24.819372177124023, 59.470951080322273 ], [ 24.819416046142578, 59.470947265625 ], [ 24.819459915161136, 59.470943450927713 ], [ 24.819507598876953, 59.470947265624986 ], [ 24.819543838500977, 59.470951080322273 ], [ 24.819568634033203, 59.470943450927727 ], [ 24.819599151611328, 59.470935821533189 ], [ 24.819660186767578, 59.470928192138679 ], [ 24.819772720336914, 59.470928192138679 ], [ 24.820018768310547, 59.470943450927734 ], [ 24.820140838623047, 59.470947265625 ], [ 24.8201904296875, 59.470947265624986 ], [ 24.820220947265625, 59.470947265625 ], [ 24.820261001586914, 59.470947265624986 ], [ 24.820491790771484, 59.470966339111328 ], [ 24.820781707763672, 59.470977783203132 ], [ 24.820856094360352, 59.470985412597649 ], [ 24.820913314819336, 59.470985412597649 ], [ 24.820993423461914, 59.470989227294929 ], [ 24.820995330810547, 59.470989227294929 ], [ 24.821014404296879, 59.470989227294936 ], [ 24.821029663085938, 59.470996856689446 ], [ 24.821052551269531, 59.471000671386697 ], [ 24.821159362792969, 59.47100448608397 ], [ 24.821187973022461, 59.471012115478523 ], [ 24.821235656738281, 59.471012115478523 ], [ 24.821271896362305, 59.471015930175781 ], [ 24.821298599243164, 59.471019744873047 ], [ 24.821340560913086, 59.471027374267578 ], [ 24.821386337280273, 59.471027374267578 ], [ 24.821428298950195, 59.471035003662131 ], [ 24.821489334106445, 59.471031188964844 ], [ 24.821533203125, 59.471031188964844 ], [ 24.821567535400391, 59.471027374267578 ], [ 24.821592330932617, 59.47102355957032 ], [ 24.821632385253906, 59.471019744873047 ], [ 24.821660995483398, 59.471012115478523 ], [ 24.82172966003418, 59.470996856689439 ], [ 24.821834564208984, 59.470954895019531 ], [ 24.822027206420898, 59.470874786376953 ], [ 24.822294235229492, 59.470764160156264 ], [ 24.822324752807617, 59.470756530761733 ], [ 24.822538375854492, 59.470668792724631 ], [ 24.822893142700195, 59.47052001953125 ], [ 24.822944641113281, 59.470500946044908 ], [ 24.822975158691406, 59.470493316650384 ], [ 24.822994232177738, 59.470481872558594 ], [ 24.823261260986328, 59.470375061035156 ], [ 24.823482513427734, 59.470279693603509 ], [ 24.823598861694336, 59.470237731933565 ], [ 24.823657989501953, 59.470211029052734 ], [ 24.823740005493164, 59.470176696777344 ], [ 24.824434280395511, 59.469894409179659 ], [ 24.824752807617188, 59.469768524169929 ], [ 24.825038909912109, 59.46965026855468 ], [ 24.825099945068359, 59.469631195068359 ], [ 24.82512092590332, 59.469623565673842 ], [ 24.82514572143555, 59.469623565673828 ], [ 24.825162887573242, 59.469627380371072 ], [ 24.825189590454102, 59.469638824462898 ], [ 24.825204849243168, 59.46965026855468 ], [ 24.825267791748047, 59.469692230224609 ], [ 24.825302124023438, 59.469707489013658 ], [ 24.8253173828125, 59.469707489013679 ], [ 24.825334548950195, 59.469711303710945 ], [ 24.82535552978516, 59.469707489013672 ], [ 24.825395584106445, 59.469696044921868 ], [ 24.825593948364258, 59.469612121582017 ], [ 24.825740814208984, 59.469551086425767 ], [ 24.825748443603519, 59.469547271728509 ], [ 24.825906753540039, 59.469478607177734 ], [ 24.825931549072266, 59.469455718994155 ], [ 24.825950622558594, 59.469436645507805 ], [ 24.82597541809082, 59.469417572021484 ], [ 24.826026916503906, 59.469352722167955 ], [ 24.826066970825195, 59.469303131103516 ], [ 24.826093673706055, 59.469264984130859 ], [ 24.826114654541016, 59.469253540039048 ], [ 24.826128005981445, 59.469238281250007 ], [ 24.826148986816406, 59.469226837158224 ], [ 24.826227188110355, 59.469234466552734 ], [ 24.82630729675293, 59.469257354736328 ], [ 24.826457977294922, 59.469276428222656 ], [ 24.826610565185547, 59.469306945800774 ], [ 24.826747894287109, 59.469364166259766 ], [ 24.826885223388672, 59.469425201416009 ], [ 24.826921463012695, 59.469448089599595 ], [ 24.82703971862793, 59.46949768066407 ], [ 24.827249526977539, 59.469596862792969 ], [ 24.827508926391602, 59.469730377197251 ], [ 24.827581405639648, 59.469768524169929 ], [ 24.827667236328125, 59.46981048583983 ], [ 24.827774047851562, 59.469875335693352 ], [ 24.827848434448242, 59.46992111206054 ], [ 24.828117370605469, 59.470100402832024 ], [ 24.828235626220703, 59.470165252685547 ], [ 24.828334808349609, 59.470241546630866 ], [ 24.828479766845703, 59.470340728759759 ], [ 24.828587653695219, 59.470424767107943 ], [ 24.826093485114239, 59.468050511644826 ], [ 24.822494810108275, 59.467990582007886 ], [ 24.822484970092773, 59.467994689941399 ], [ 24.822477805839565, 59.467990298595865 ], [ 24.822404827575614, 59.467989082233828 ], [ 24.822444915771484, 59.468013763427734 ], [ 24.821615219116211, 59.468360900878913 ], [ 24.820974123315509, 59.467965227786117 ], [ 24.820904782612285, 59.467964071254542 ] ] ] ] } },
{ "type": "Feature", "properties": { "from_id": "356", "population": 62.144649779773339, "gravity_community": 2.9173052425676991, "gravity_education": 7.0638925962100929, "gravity_essential_services": 7.9898858675345554, "gravity_food_and_drink": 21.526037030819044, "gravity_healthcare": 7.1235009390812642, "gravity_shelter": 28.238519296199247, "avg_gravity": 12.476523495401985, "min_tt_community": 14.0, "min_tt_education": 18.0, "min_tt_essential_services": 8.0, "min_tt_food_and_drink": 1.0, "min_tt_healthcare": 4.0, "min_tt_shelter": 3.0, "avg_tt_community": 19.6, "avg_tt_education": 22.076923076923077, "avg_tt_essential_services": 17.846153846153847, "avg_tt_food_and_drink": 17.545454545454547, "avg_tt_healthcare": 16.0, "avg_tt_shelter": 18.086956521739129, "avg_tt_all": 18.525914665045097, "n_unreachable_categories": 0, "count_community": 5.0, "count_education": 13.0, "count_essential_services": 13.0, "count_food_and_drink": 34.0, "count_healthcare": 11.0, "count_shelter": 46.0, "gravity_community_per_100": 4.6943787645533002, "gravity_education_per_100": 11.36685558812052, "gravity_essential_services_per_100": 12.856916719056127, "gravity_food_and_drink_per_100": 34.638600598929237, "gravity_healthcare_per_100": 11.462774292437643, "gravity_shelter_per_100": 45.439984610533983, "shannon": 1.548885939363164, "kl_divergence": 0.098187654768777152, "jsd": 0.15525784183684446, "city_similarity": 0.84474215816315557 }, "geometry": { "type": "Polygon", "coordinates": [ [ [ 24.828756102602359, 59.495323359386056 ], [ 24.827059143864123, 59.493709198931541 ], [ 24.827058792114258, 59.493709564208984 ], [ 24.826990127563477, 59.493793487548814 ], [ 24.826936721801761, 59.493854522705064 ], [ 24.826902389526367, 59.493888854980483 ], [ 24.826871871948242, 59.493942260742195 ], [ 24.826831817626953, 59.494003295898445 ], [ 24.826808929443359, 59.494026184082038 ], [ 24.826747894287109, 59.494056701660156 ], [ 24.826702117919922, 59.494091033935561 ], [ 24.826679229736328, 59.494129180908203 ], [ 24.826662063598633, 59.494152069091783 ], [ 24.826627731323242, 59.494174957275376 ], [ 24.826576232910156, 59.494201660156243 ], [ 24.82655143737793, 59.494235992431634 ], [ 24.826522827148441, 59.494262695312507 ], [ 24.826467514038086, 59.494316101074219 ], [ 24.826414108276367, 59.494342803955064 ], [ 24.826358795166016, 59.494380950927741 ], [ 24.826309204101562, 59.494419097900384 ], [ 24.826263427734375, 59.494441986083991 ], [ 24.826202392578125, 59.494472503662102 ], [ 24.826156616210938, 59.4945068359375 ], [ 24.826122283935547, 59.494525909423828 ], [ 24.82603645324707, 59.494564056396484 ], [ 24.825939178466797, 59.494594573974602 ], [ 24.825908660888672, 59.494606018066413 ], [ 24.825868606567383, 59.494628906249993 ], [ 24.825836181640625, 59.494636535644517 ], [ 24.825788497924805, 59.494636535644517 ], [ 24.825752258300781, 59.494644165039055 ], [ 24.825746536254883, 59.494659423828125 ], [ 24.825719833374027, 59.494697570800767 ], [ 24.825691223144531, 59.494724273681648 ], [ 24.825605392456055, 59.494789123535156 ], [ 24.82545280456543, 59.494930267333984 ], [ 24.825708389282227, 59.495002746582031 ], [ 24.82635498046875, 59.495182037353509 ], [ 24.826835632324219, 59.494983673095682 ], [ 24.827721189537655, 59.496169735002695 ], [ 24.828756102602359, 59.495323359386056 ] ] ] } },
{ "type": "Feature", "properties": { "from_id": "357", "population": 3933.3821749223293, "gravity_community": 2.8924244934673218, "gravity_education": 3.7954766073753237, "gravity_essential_services": 5.6134460354416831, "gravity_food_and_drink": 13.67852383097113, "gravity_healthcare": 6.8783692174485864, "gravity_shelter": 24.055681700518466, "avg_gravity": 9.4856536475370845, "min_tt_community": 18.0, "min_tt_education": 19.0, "min_tt_essential_services": 17.0, "min_tt_food_and_drink": 15.0, "min_tt_healthcare": 17.0, "min_tt_shelter": 5.0, "avg_tt_community": 19.8, "avg_tt_education": 22.142857142857142, "avg_tt_essential_services": 20.9, "avg_tt_food_and_drink": 20.0, "avg_tt_healthcare": 20.166666666666668, "avg_tt_shelter": 17.820512820512821, "avg_tt_all": 20.13833943833944, "n_unreachable_categories": 0, "count_community": 5.0, "count_education": 7.0, "count_essential_services": 10.0, "count_food_and_drink": 23.0, "count_healthcare": 12.0, "count_shelter": 39.0, "gravity_community_per_100": 0.073535302821786885, "gravity_education_per_100": 0.096493969784420236, "gravity_essential_services_per_100": 0.14271295759742769, "gravity_food_and_drink_per_100": 0.3477547622547314, "gravity_healthcare_per_100": 0.17487162222126076, "gravity_shelter_per_100": 0.61157753380507662, "shannon": 1.5486339994007887, "kl_divergence": 0.14536729967202527, "jsd": 0.18964166756170872, "city_similarity": 0.81035833243829125 }, "geometry": { "type": "Polygon", "coordinates": [ [ [ 24.8380769002063, 59.487698289160733 ], [ 24.842735713870194, 59.483885492701539 ], [ 24.838573706887306, 59.47992694110701 ], [ 24.83607242795712, 59.479885545913234 ], [ 24.836208343505859, 59.480148315429709 ], [ 24.836246490478516, 59.480232238769524 ], [ 24.836271286010742, 59.480304718017557 ], [ 24.83631706237793, 59.480407714843771 ], [ 24.836423873901367, 59.480705261230476 ], [ 24.836477279663086, 59.480831146240241 ], [ 24.836542129516602, 59.481010437011726 ], [ 24.836624145507812, 59.481193542480469 ], [ 24.836650848388672, 59.481269836425774 ], [ 24.836704254150391, 59.48139953613282 ], [ 24.836755752563477, 59.481475830078125 ], [ 24.836807250976562, 59.481620788574219 ], [ 24.836807250976562, 59.481639862060554 ], [ 24.836868286132812, 59.48188781738282 ], [ 24.836896896362305, 59.481956481933601 ], [ 24.836921691894531, 59.482067108154297 ], [ 24.836954116821289, 59.48217391967772 ], [ 24.836997985839844, 59.482280731201158 ], [ 24.837032318115234, 59.482395172119148 ], [ 24.837114334106449, 59.482604980468743 ], [ 24.837154388427734, 59.482727050781257 ], [ 24.837200164794922, 59.482822418212884 ], [ 24.837326049804688, 59.483169555664048 ], [ 24.837371826171875, 59.483280181884773 ], [ 24.837396621704102, 59.483398437500007 ], [ 24.837436676025391, 59.483520507812493 ], [ 24.837480545043949, 59.48366546630858 ], [ 24.837564468383789, 59.483863830566406 ], [ 24.837589263916016, 59.484012603759773 ], [ 24.837636947631836, 59.484165191650384 ], [ 24.837701797485352, 59.484416961669929 ], [ 24.837722778320312, 59.484558105468757 ], [ 24.837759017944336, 59.484767913818352 ], [ 24.837774276733398, 59.485050201416016 ], [ 24.837778091430664, 59.485195159912116 ], [ 24.837776184082035, 59.485317230224609 ], [ 24.83778190612793, 59.48552322387696 ], [ 24.837789535522464, 59.48586273193358 ], [ 24.837785720825195, 59.485950469970689 ], [ 24.837766647338867, 59.486125946044929 ], [ 24.837759017944336, 59.48635101318358 ], [ 24.837739944458008, 59.486579895019524 ], [ 24.837671279907227, 59.486759185791009 ], [ 24.837615966796875, 59.486930847167962 ], [ 24.837533950805668, 59.487110137939446 ], [ 24.837491989135742, 59.487178802490234 ], [ 24.837459564208984, 59.487216949462884 ], [ 24.837427139282227, 59.487255096435547 ], [ 24.837404251098633, 59.487289428710945 ], [ 24.837404251098633, 59.487316131591797 ], [ 24.837356567382816, 59.487373352050781 ], [ 24.837322235107422, 59.487400054931626 ], [ 24.837289810180664, 59.48744201660157 ], [ 24.837282180786133, 59.487457275390625 ], [ 24.837274551391602, 59.487472534179673 ], [ 24.83726692199707, 59.48753738403321 ], [ 24.837236404418945, 59.48759460449218 ], [ 24.837230682373047, 59.487613677978516 ], [ 24.837211608886719, 59.487640380859368 ], [ 24.837190628051758, 59.487659454345703 ], [ 24.837150573730469, 59.487682342529297 ], [ 24.837149547465874, 59.487682946214839 ], [ 24.8380769002063, 59.487698289160733 ] ] ] } },
{ "type": "Feature", "properties": { "from_id": "358", "population": 3390.6051552816157, "gravity_community": 3.214822414839893, "gravity_education": 4.5865033978878333, "gravity_essential_services": 3.6655387522630507, "gravity_food_and_drink": 14.427650661110475, "gravity_healthcare": 4.758803274135202, "gravity_shelter": 31.029502822825943, "avg_gravity": 10.2804702205104, "min_tt_community": 13.0, "min_tt_education": 13.0, "min_tt_essential_services": 15.0, "min_tt_food_and_drink": 1.0, "min_tt_healthcare": 15.0, "min_tt_shelter": 1.0, "avg_tt_community": 16.0, "avg_tt_education": 20.25, "avg_tt_essential_services": 17.833333333333332, "avg_tt_food_and_drink": 16.476190476190474, "avg_tt_healthcare": 18.875, "avg_tt_shelter": 16.125, "avg_tt_all": 17.593253968253965, "n_unreachable_categories": 0, "count_community": 5.0, "count_education": 8.0, "count_essential_services": 6.0, "count_food_and_drink": 22.0, "count_healthcare": 8.0, "count_shelter": 48.0, "gravity_community_per_100": 0.094815593901640169, "gravity_education_per_100": 0.13527093801362694, "gravity_essential_services_per_100": 0.10810868810699369, "gravity_food_and_drink_per_100": 0.42551845468164362, "gravity_healthcare_per_100": 0.14035262309214377, "gravity_shelter_per_100": 0.91516119989644462, "shannon": 1.4212120767023904, "kl_divergence": 0.22277779438335743, "jsd": 0.22964217340102314, "city_similarity": 0.77035782659897689 }, "geometry": { "type": "Polygon", "coordinates": [ [ [ 24.865033266417893, 59.48036189979026 ], [ 24.856213324557181, 59.480217508343024 ], [ 24.851556534335526, 59.484030798729599 ], [ 24.855720564760666, 59.487988946041256 ], [ 24.864542530164318, 59.488133382036061 ], [ 24.869198441236922, 59.48431962616354 ], [ 24.865033266417893, 59.48036189979026 ] ] ] } },
{ "type": "Feature", "properties": { "from_id": "359", "population": 4269.8735237211613, "gravity_community": 1.0890230132877954, "gravity_education": 2.0843330937107267, "gravity_essential_services": 3.1313771107524353, "gravity_food_and_drink": 4.9771822379896964, "gravity_healthcare": 2.6982998093750377, "gravity_shelter": 13.014847058896523, "avg_gravity": 4.4991770540020362, "min_tt_community": 20.0, "min_tt_education": 9.0, "min_tt_essential_services": 21.0, "min_tt_food_and_drink": 17.0, "min_tt_healthcare": 7.0, "min_tt_shelter": 8.0, "avg_tt_community": 22.0, "avg_tt_education": 13.333333333333334, "avg_tt_essential_services": 22.75, "avg_tt_food_and_drink": 21.444444444444443, "avg_tt_healthcare": 15.0, "avg_tt_shelter": 19.227272727272727, "avg_tt_all": 18.959175084175083, "n_unreachable_categories": 0, "count_community": 2.0, "count_education": 3.0, "count_essential_services": 5.0, "count_food_and_drink": 9.0, "count_healthcare": 4.0, "count_shelter": 22.0, "gravity_community_per_100": 0.025504807279132718, "gravity_education_per_100": 0.048814867281929394, "gravity_essential_services_per_100": 0.073336530774416583, "gravity_food_and_drink_per_100": 0.11656509754537463, "gravity_healthcare_per_100": 0.063193904793308497, "gravity_shelter_per_100": 0.3048063832943273, "shannon": 1.4499413036982256, "kl_divergence": 0.23670559363938251, "jsd": 0.23977212957596242, "city_similarity": 0.76022787042403761 }, "geometry": { "type": "Polygon", "coordinates": [ [ [ 24.851556534335526, 59.484030798729599 ], [ 24.842735713870194, 59.483885492701539 ], [ 24.8380769002063, 59.487698289160733 ], [ 24.842239785148514, 59.491656857315647 ], [ 24.851062629600616, 59.491802208176253 ], [ 24.855720564760666, 59.487988946041256 ], [ 24.851556534335526, 59.484030798729599 ] ] ] } },
{ "type": "Feature", "properties": { "from_id": "360", "population": 4621.2749339138436, "gravity_community": 2.2734269153257696, "gravity_education": 2.9146726554828031, "gravity_essential_services": 5.0658705270408282, "gravity_food_and_drink": 14.525758436787859, "gravity_healthcare": 6.823218212150544, "gravity_shelter": 19.258128225613937, "avg_gravity": 8.476845828733623, "min_tt_community": 16.0, "min_tt_education": 14.0, "min_tt_essential_services": 15.0, "min_tt_food_and_drink": 12.0, "min_tt_healthcare": 12.0, "min_tt_shelter": 7.0, "avg_tt_community": 20.5, "avg_tt_education": 19.8, "avg_tt_essential_services": 20.888888888888889, "avg_tt_food_and_drink": 20.875, "avg_tt_healthcare": 20.5, "avg_tt_shelter": 18.71875, "avg_tt_all": 20.213773148148146, "n_unreachable_categories": 0, "count_community": 4.0, "count_education": 5.0, "count_essential_services": 9.0, "count_food_and_drink": 25.0, "count_healthcare": 12.0, "count_shelter": 32.0, "gravity_community_per_100": 0.049194799007562226, "gravity_education_per_100": 0.063070747730092594, "gravity_essential_services_per_100": 0.10962062633115076, "gravity_food_and_drink_per_100": 0.31432361511730539, "gravity_healthcare_per_100": 0.14764796100049027, "gravity_shelter_per_100": 0.41672760225291056, "shannon": 1.5399114237642224, "kl_divergence": 0.10176685405422614, "jsd": 0.15869336573926188, "city_similarity": 0.84130663426073815 }, "geometry": { "type": "Polygon", "coordinates": [ [ [ 24.828756102602359, 59.495323359386056 ], [ 24.837579825457034, 59.495469625365217 ], [ 24.842239785148514, 59.491656857315647 ], [ 24.8380769002063, 59.487698289160733 ], [ 24.837149547465874, 59.487682946214839 ], [ 24.837118148803714, 59.487701416015618 ], [ 24.837102890014648, 59.487735748291009 ], [ 24.837085723876953, 59.487758636474602 ], [ 24.837068557739258, 59.487789154052734 ], [ 24.837011337280273, 59.48786926269532 ], [ 24.836980819702152, 59.487918853759744 ], [ 24.836965560913086, 59.48797607421875 ], [ 24.836925506591797, 59.488021850585945 ], [ 24.836883544921875, 59.488071441650405 ], [ 24.836822509765625, 59.488124847412102 ], [ 24.836803436279297, 59.488155364990249 ], [ 24.836750030517578, 59.488224029541023 ], [ 24.836736679077148, 59.488296508789055 ], [ 24.83665657043457, 59.488441467285156 ], [ 24.836565017700195, 59.488563537597663 ], [ 24.836456298828125, 59.488670349121101 ], [ 24.836349487304688, 59.488712310791001 ], [ 24.836261749267578, 59.488750457763679 ], [ 24.836261749267578, 59.488800048828132 ], [ 24.836212158203129, 59.488849639892543 ], [ 24.836210250854492, 59.488868713378913 ], [ 24.836183547973633, 59.488899230957024 ], [ 24.83616828918457, 59.488914489746108 ], [ 24.836082458496094, 59.488952636718736 ], [ 24.836048126220703, 59.488979339599616 ], [ 24.835931777954102, 59.489055633544936 ], [ 24.835872650146484, 59.489089965820312 ], [ 24.835823059082031, 59.489101409912088 ], [ 24.835775375366211, 59.489105224609375 ], [ 24.835725784301758, 59.48912048339843 ], [ 24.835699081420898, 59.4891357421875 ], [ 24.835664749145508, 59.489154815673835 ], [ 24.835617065429688, 59.489158630371094 ], [ 24.835531234741211, 59.489166259765618 ], [ 24.835456848144531, 59.489173889160156 ], [ 24.835405349731445, 59.489170074462884 ], [ 24.835367202758789, 59.489170074462905 ], [ 24.83531379699707, 59.489173889160156 ], [ 24.835285186767578, 59.489185333251953 ], [ 24.835262298583984, 59.489204406738295 ], [ 24.835227966308594, 59.489215850830085 ], [ 24.835176467895508, 59.489227294921882 ], [ 24.835138320922852, 59.489227294921882 ], [ 24.8350830078125, 59.489227294921882 ], [ 24.835046768188477, 59.489231109619141 ], [ 24.834972381591797, 59.489242553710952 ], [ 24.834924697875977, 59.489253997802727 ], [ 24.834869384765625, 59.489261627197273 ], [ 24.83482551574707, 59.489273071289084 ], [ 24.834762573242188, 59.489299774169929 ], [ 24.834722518920898, 59.489307403564446 ], [ 24.834640502929688, 59.489326477050767 ], [ 24.834617614746094, 59.489345550537131 ], [ 24.834562301635742, 59.489360809326151 ], [ 24.834478378295898, 59.489372253417969 ], [ 24.834451675415043, 59.489379882812507 ], [ 24.834377288818359, 59.489410400390611 ], [ 24.834321975708008, 59.489421844482408 ], [ 24.834287643432617, 59.489437103271477 ], [ 24.834255218505859, 59.489448547363267 ], [ 24.834203720092773, 59.489463806152351 ], [ 24.834173202514648, 59.489479064941406 ], [ 24.834110260009766, 59.489517211914062 ], [ 24.834104537963867, 59.489536285400398 ], [ 24.8341064453125, 59.489559173583991 ], [ 24.834083557128906, 59.489582061767599 ], [ 24.833995819091797, 59.489616394042976 ], [ 24.833951950073242, 59.489631652832031 ], [ 24.833906173706058, 59.489650726318345 ], [ 24.833860397338867, 59.489665985107429 ], [ 24.833723068237305, 59.489704132080078 ], [ 24.833656311035156, 59.489719390869126 ], [ 24.833627700805664, 59.489727020263672 ], [ 24.833608627319336, 59.489742279052734 ], [ 24.833599090576172, 59.489768981933587 ], [ 24.833574295043945, 59.48979187011718 ], [ 24.833507537841797, 59.489830017089851 ], [ 24.833383560180664, 59.489887237548821 ], [ 24.833337783813477, 59.489902496337898 ], [ 24.833272933959961, 59.48992919921875 ], [ 24.833244323730469, 59.489948272705071 ], [ 24.833194732666016, 59.489971160888679 ], [ 24.833091735839844, 59.490009307861328 ], [ 24.832992553710938, 59.490032196044929 ], [ 24.832830429077148, 59.490058898925781 ], [ 24.83271598815918, 59.490085601806641 ], [ 24.83270263671875, 59.490089416503928 ], [ 24.832635879516602, 59.490127563476541 ], [ 24.832595825195316, 59.490150451660163 ], [ 24.832540512084964, 59.490173339843743 ], [ 24.832496643066406, 59.490192413330064 ], [ 24.832389831542969, 59.490257263183601 ], [ 24.832342147827148, 59.490291595458991 ], [ 24.832309722900391, 59.490306854248061 ], [ 24.832275390625, 59.490314483642599 ], [ 24.832237243652344, 59.490322113037109 ], [ 24.832180023193359, 59.490333557128906 ], [ 24.832149505615238, 59.490348815917962 ], [ 24.83207893371582, 59.490398406982429 ], [ 24.831996917724609, 59.490428924560547 ], [ 24.831962585449219, 59.490447998046875 ], [ 24.831937789916992, 59.490470886230469 ], [ 24.831914901733398, 59.49049377441407 ], [ 24.831874847412109, 59.490520477294922 ], [ 24.831827163696289, 59.490543365478516 ], [ 24.831792831420898, 59.490562438964837 ], [ 24.831779479980469, 59.490592956542955 ], [ 24.831686019897461, 59.49070739746093 ], [ 24.831670761108402, 59.490726470947237 ], [ 24.831634521484375, 59.490764617919915 ], [ 24.831605911254883, 59.490791320800781 ], [ 24.831567764282227, 59.490818023681641 ], [ 24.831510543823242, 59.490852355957045 ], [ 24.831470489501953, 59.490871429443352 ], [ 24.831401824951175, 59.490909576416016 ], [ 24.831369400024418, 59.490928649902351 ], [ 24.831315994262695, 59.490970611572266 ], [ 24.831272125244141, 59.491001129150398 ], [ 24.831243515014648, 59.491016387939439 ], [ 24.831205368041992, 59.491035461425788 ], [ 24.831165313720707, 59.491050720214858 ], [ 24.831142425537109, 59.491058349609382 ], [ 24.831098556518555, 59.491058349609368 ], [ 24.831071853637695, 59.491054534912095 ], [ 24.831027984619141, 59.491054534912095 ], [ 24.83100700378418, 59.491054534912109 ], [ 24.830982208251957, 59.491062164306641 ], [ 24.830953598022461, 59.491073608398438 ], [ 24.830921173095703, 59.491092681884759 ], [ 24.830875396728516, 59.49111175537108 ], [ 24.830827713012695, 59.491134643554688 ], [ 24.830810546875, 59.491146087646484 ], [ 24.830751419067383, 59.491168975830071 ], [ 24.830703735351562, 59.491184234619126 ], [ 24.83064079284668, 59.49122238159179 ], [ 24.830560684204102, 59.491256713867188 ], [ 24.830516815185547, 59.491275787353501 ], [ 24.830465316772461, 59.491313934326172 ], [ 24.830438613891602, 59.491325378417969 ], [ 24.830411911010746, 59.491333007812514 ], [ 24.83038330078125, 59.491352081298821 ], [ 24.830142974853519, 59.491428375244141 ], [ 24.829992294311527, 59.491481781005852 ], [ 24.82990837097168, 59.49151611328125 ], [ 24.829835891723633, 59.49153137207032 ], [ 24.829767227172852, 59.491542816162116 ], [ 24.829662322998047, 59.491565704345696 ], [ 24.829504013061523, 59.491603851318366 ], [ 24.829458236694336, 59.491607666015611 ], [ 24.829410552978516, 59.491607666015639 ], [ 24.82935905456543, 59.491607666015639 ], [ 24.829324722290039, 59.491619110107422 ], [ 24.82930946350098, 59.49162673950196 ], [ 24.829263687133789, 59.491638183593757 ], [ 24.829225540161133, 59.491638183593757 ], [ 24.829183578491214, 59.49163436889647 ], [ 24.829107284545898, 59.491611480712876 ], [ 24.829067230224613, 59.49158859252929 ], [ 24.828960418701175, 59.491542816162102 ], [ 24.828924179077148, 59.491523742675767 ], [ 24.82880973815918, 59.491455078124972 ], [ 24.828752517700195, 59.491428375244134 ], [ 24.828710556030273, 59.491413116455099 ], [ 24.828639984130859, 59.49138641357419 ], [ 24.828601837158203, 59.491374969482408 ], [ 24.828561782836918, 59.491359710693345 ], [ 24.828384399414062, 59.491260528564446 ], [ 24.828342437744141, 59.491233825683587 ], [ 24.828273773193359, 59.491207122802734 ], [ 24.828187942504883, 59.491180419921868 ], [ 24.828126907348633, 59.491157531738267 ], [ 24.828077316284183, 59.491134643554702 ], [ 24.827960968017578, 59.491088867187486 ], [ 24.827911376953125, 59.491054534912095 ], [ 24.827857971191406, 59.491031646728523 ], [ 24.827766418457031, 59.491001129150398 ], [ 24.827783584594727, 59.490989685058587 ], [ 24.827701568603516, 59.490955352783203 ], [ 24.827617645263672, 59.491004943847656 ], [ 24.827363967895508, 59.490886688232422 ], [ 24.82696533203125, 59.490699768066406 ], [ 24.826892852783203, 59.490737915039048 ], [ 24.827365875244141, 59.490959167480455 ], [ 24.827556610107422, 59.491046905517585 ], [ 24.827482223510742, 59.491096496582038 ], [ 24.827566146850586, 59.491127014160149 ], [ 24.827583312988281, 59.491142272949226 ], [ 24.827611923217773, 59.491153717041023 ], [ 24.827707290649414, 59.491203308105469 ], [ 24.827848434448242, 59.491268157958984 ], [ 24.827901840209961, 59.491294860839837 ], [ 24.827953338623047, 59.491317749023445 ], [ 24.828006744384766, 59.491344451904304 ], [ 24.828083038330082, 59.491374969482408 ], [ 24.828142166137699, 59.491405487060533 ], [ 24.828176498413086, 59.491432189941406 ], [ 24.828281402587891, 59.491481781005852 ], [ 24.828353881835938, 59.491500854492188 ], [ 24.82841682434082, 59.491527557373054 ], [ 24.828493118286133, 59.491577148437486 ], [ 24.828540802001953, 59.491603851318366 ], [ 24.828563690185547, 59.491619110107436 ], [ 24.82856559753418, 59.491630554199219 ], [ 24.828556060791019, 59.491657257080064 ], [ 24.828554153442383, 59.491683959960916 ], [ 24.82852935791016, 59.49171066284179 ], [ 24.828481674194336, 59.49180603027343 ], [ 24.828464508056641, 59.491825103759759 ], [ 24.82841682434082, 59.491874694824226 ], [ 24.828353881835938, 59.49195861816407 ], [ 24.828208923339844, 59.492130279541001 ], [ 24.82817268371582, 59.492172241210945 ], [ 24.828115463256836, 59.492225646972656 ], [ 24.828060150146484, 59.492282867431641 ], [ 24.828023910522461, 59.492309570312493 ], [ 24.827751159667969, 59.492565155029297 ], [ 24.827709197998047, 59.492630004882805 ], [ 24.827693939208984, 59.492664337158196 ], [ 24.827676773071289, 59.492691040039084 ], [ 24.827621459960938, 59.492744445800781 ], [ 24.827604293823242, 59.492778778076172 ], [ 24.827579498291016, 59.492805480957031 ], [ 24.827524185180664, 59.492847442626953 ], [ 24.827505111694336, 59.492874145507812 ], [ 24.827486038208008, 59.492897033691406 ], [ 24.827470779418945, 59.492908477783189 ], [ 24.827468872070312, 59.492931365966797 ], [ 24.827461242675781, 59.492958068847656 ], [ 24.827415466308594, 59.493041992187507 ], [ 24.827419281005859, 59.493053436279297 ], [ 24.827415466308594, 59.493064880371094 ], [ 24.827339172363281, 59.493144989013672 ], [ 24.827316284179688, 59.493179321289062 ], [ 24.827297210693359, 59.493213653564467 ], [ 24.827278137207031, 59.493251800537109 ], [ 24.827270507812504, 59.493286132812486 ], [ 24.827251434326172, 59.493339538574226 ], [ 24.827234268188477, 59.493400573730476 ], [ 24.827219009399414, 59.493446350097663 ], [ 24.827213287353516, 59.493488311767564 ], [ 24.827182769775391, 59.49356842041017 ], [ 24.827157974243164, 59.493606567382812 ], [ 24.827059143864123, 59.493709198931541 ], [ 24.828756102602359, 59.495323359386056 ] ] ] } },
{ "type": "Feature", "properties": { "from_id": "361", "population": 5242.1659183677621, "gravity_community": 0.66001019309341014, "gravity_education": 1.1654334626303493, "gravity_essential_services": 0.0, "gravity_food_and_drink": 3.7612637473910615, "gravity_healthcare": 1.2488800385824887, "gravity_shelter": 9.1818502424976423, "avg_gravity": 2.6695729473658254, "min_tt_community": 15.0, "min_tt_education": 19.0, "min_tt_essential_services": null, "min_tt_food_and_drink": 15.0, "min_tt_healthcare": 17.0, "min_tt_shelter": 12.0, "avg_tt_community": 15.0, "avg_tt_education": 19.5, "avg_tt_essential_services": null, "avg_tt_food_and_drink": 21.6, "avg_tt_healthcare": 17.0, "avg_tt_shelter": 20.25, "avg_tt_all": 18.67, "n_unreachable_categories": 1, "count_community": 1.0, "count_education": 2.0, "count_essential_services": 0.0, "count_food_and_drink": 6.0, "count_healthcare": 2.0, "count_shelter": 16.0, "gravity_community_per_100": 0.012590410211566054, "gravity_education_per_100": 0.022231907207416798, "gravity_essential_services_per_100": 0.0, "gravity_food_and_drink_per_100": 0.071750185056374469, "gravity_healthcare_per_100": 0.023823741141168399, "gravity_shelter_per_100": 0.17515375105404082, "shannon": 1.151964087621079, "kl_divergence": 0.40106530754163172, "jsd": 0.31769610046304009, "city_similarity": 0.68230389953695991 }, "geometry": { "type": "Polygon", "coordinates": [ [ [ 24.868708584676916, 59.492091124725761 ], [ 24.864542530164318, 59.488133382036061 ], [ 24.855720564760666, 59.487988946041256 ], [ 24.851062629600616, 59.491802208176253 ], [ 24.853845780727312, 59.494447320257727 ], [ 24.855825424194336, 59.494194030761719 ], [ 24.856622695922852, 59.494083404540987 ], [ 24.857831954956055, 59.493991851806648 ], [ 24.860134124755859, 59.493900299072266 ], [ 24.866821492166554, 59.493636616339757 ], [ 24.868708584676916, 59.492091124725761 ] ] ] } },
{ "type": "Feature", "properties": { "from_id": "362", "population": 4244.6599864059444, "gravity_community": 0.6419787984876657, "gravity_education": 3.3009298115605996, "gravity_essential_services": 1.2166254190771313, "gravity_food_and_drink": 3.663134512717102, "gravity_healthcare": 1.8132740038669817, "gravity_shelter": 6.445230692564869, "avg_gravity": 2.8468622063790581, "min_tt_community": 16.0, "min_tt_education": 3.0, "min_tt_essential_services": 16.0, "min_tt_food_and_drink": 19.0, "min_tt_healthcare": 15.0, "min_tt_shelter": 14.0, "avg_tt_community": 16.0, "avg_tt_education": 16.0, "avg_tt_essential_services": 18.0, "avg_tt_food_and_drink": 22.8, "avg_tt_healthcare": 18.333333333333332, "avg_tt_shelter": 19.454545454545453, "avg_tt_all": 18.431313131313129, "n_unreachable_categories": 0, "count_community": 1.0, "count_education": 5.0, "count_essential_services": 2.0, "count_food_and_drink": 6.0, "count_healthcare": 3.0, "count_shelter": 11.0, "gravity_community_per_100": 0.015124386889496055, "gravity_education_per_100": 0.077766648497930135, "gravity_essential_services_per_100": 0.028662494121402579, "gravity_food_and_drink_per_100": 0.086299833778176571, "gravity_healthcare_per_100": 0.042718945914966548, "gravity_shelter_per_100": 0.15184327397733924, "shannon": 1.5516071677638297, "kl_divergence": 0.17143397327531334, "jsd": 0.20739622243294439, "city_similarity": 0.79260377756705558 }, "geometry": { "type": "Polygon", "coordinates": [ [ [ 24.851062629600616, 59.491802208176253 ], [ 24.842239785148514, 59.491656857315647 ], [ 24.837579825457034, 59.495469625365217 ], [ 24.838559151529982, 59.49640078738522 ], [ 24.841522216796875, 59.496009826660149 ], [ 24.844673156738281, 59.495597839355462 ], [ 24.84561920166016, 59.4954833984375 ], [ 24.848947525024418, 59.495071411132798 ], [ 24.849142074584961, 59.49504852294919 ], [ 24.851114273071289, 59.494796752929688 ], [ 24.853845780727312, 59.494447320257727 ], [ 24.851062629600616, 59.491802208176253 ] ] ] } },
{ "type": "Feature", "properties": { "from_id": "363", "population": 3854.6039068566179, "gravity_community": 0.8012357945621662, "gravity_education": 5.0113614516575167, "gravity_essential_services": 5.2866354306128756, "gravity_food_and_drink": 13.435804652470274, "gravity_healthcare": 5.4420994309584767, "gravity_shelter": 15.311294053530411, "avg_gravity": 7.5480718022986197, "min_tt_community": 8.0, "min_tt_education": 16.0, "min_tt_essential_services": 6.0, "min_tt_food_and_drink": 5.0, "min_tt_healthcare": 9.0, "min_tt_shelter": 6.0, "avg_tt_community": 8.0, "avg_tt_education": 21.222222222222221, "avg_tt_essential_services": 15.25, "avg_tt_food_and_drink": 18.181818181818183, "avg_tt_healthcare": 16.571428571428573, "avg_tt_shelter": 18.04, "avg_tt_all": 16.210911495911493, "n_unreachable_categories": 0, "count_community": 1.0, "count_education": 9.0, "count_essential_services": 8.0, "count_food_and_drink": 22.0, "count_healthcare": 8.0, "count_shelter": 25.0, "gravity_community_per_100": 0.020786462472497314, "gravity_education_per_100": 0.13000976423915422, "gravity_essential_services_per_100": 0.13715119784964006, "gravity_food_and_drink_per_100": 0.34856511789889738, "gravity_healthcare_per_100": 0.14118440084798342, "gravity_shelter_per_100": 0.39722094470704206, "shannon": 1.5298989561233063, "kl_divergence": 0.076374777383217921, "jsd": 0.13822660352529484, "city_similarity": 0.86177339647470519 }, "geometry": { "type": "Polygon", "coordinates": [ [ [ 24.837579825457034, 59.495469625365217 ], [ 24.828756102602359, 59.495323359386056 ], [ 24.827721189537655, 59.496169735002695 ], [ 24.829196929931641, 59.49814605712892 ], [ 24.832351684570312, 59.497306823730469 ], [ 24.834293365478516, 59.496963500976548 ], [ 24.838559151529982, 59.49640078738522 ], [ 24.837579825457034, 59.495469625365217 ] ] ] } },
{ "type": "Feature", "properties": { "from_id": "364", "population": 2190.172962418244, "gravity_community": 0.0, "gravity_education": 0.0, "gravity_essential_services": 1.0, "gravity_food_and_drink": 0.0, "gravity_healthcare": 0.0, "gravity_shelter": 0.0, "avg_gravity": 0.16666666666666666, "min_tt_community": null, "min_tt_education": null, "min_tt_essential_services": null, "min_tt_food_and_drink": null, "min_tt_healthcare": null, "min_tt_shelter": null, "avg_tt_community": null, "avg_tt_education": null, "avg_tt_essential_services": null, "avg_tt_food_and_drink": null, "avg_tt_healthcare": null, "avg_tt_shelter": null, "avg_tt_all": null, "n_unreachable_categories": 6, "count_community": 0.0, "count_education": 0.0, "count_essential_services": 1.0, "count_food_and_drink": 0.0, "count_healthcare": 0.0, "count_shelter": 0.0, "gravity_community_per_100": 0.0, "gravity_education_per_100": 0.0, "gravity_essential_services_per_100": 0.045658494427575538, "gravity_food_and_drink_per_100": 0.0, "gravity_healthcare_per_100": 0.0, "gravity_shelter_per_100": 0.0, "shannon": 1.1412925456691193e-08, "kl_divergence": 2.4276372292695942, "jsd": 0.73485996320676417, "city_similarity": 0.26514003679323583 }, "geometry": { "type": "Polygon", "coordinates": [ [ [ 24.744157248658137, 59.505560410353375 ], [ 24.748311211282246, 59.509521904285641 ], [ 24.74853507528578, 59.509525759374867 ], [ 24.748612335768389, 59.501927809919088 ], [ 24.744157248658137, 59.505560410353375 ] ] ] } },
{ "type": "Feature", "properties": { "from_id": "365", "population": 1257.3014305392549, "gravity_community": 0.0, "gravity_education": 0.0, "gravity_essential_services": 0.0, "gravity_food_and_drink": 0.0, "gravity_healthcare": 0.0, "gravity_shelter": 0.0, "avg_gravity": 0.0, "min_tt_community": null, "min_tt_education": null, "min_tt_essential_services": null, "min_tt_food_and_drink": null, "min_tt_healthcare": null, "min_tt_shelter": null, "avg_tt_community": null, "avg_tt_education": null, "avg_tt_essential_services": null, "avg_tt_food_and_drink": null, "avg_tt_healthcare": null, "avg_tt_shelter": null, "avg_tt_all": null, "n_unreachable_categories": 6, "count_community": 0.0, "count_education": 0.0, "count_essential_services": 0.0, "count_food_and_drink": 0.0, "count_healthcare": 0.0, "count_shelter": 0.0, "gravity_community_per_100": 0.0, "gravity_education_per_100": 0.0, "gravity_essential_services_per_100": 0.0, "gravity_food_and_drink_per_100": 0.0, "gravity_healthcare_per_100": 0.0, "gravity_shelter_per_100": 0.0, "shannon": 1.3815510557964275e-08, "kl_divergence": 0.333576385971945, "jsd": 0.27633281748366462, "city_similarity": 0.72366718251633544 }, "geometry": { "type": "Polygon", "coordinates": [ [ [ 24.748311211282246, 59.509521904285641 ], [ 24.743638221143023, 59.513331233508609 ], [ 24.747793057185902, 59.517292744888316 ], [ 24.748455902850822, 59.517304159325462 ], [ 24.74853507528578, 59.509525759374867 ], [ 24.748311211282246, 59.509521904285641 ] ] ] } },
{ "type": "Feature", "properties": { "from_id": "366", "population": 747.67786114478622, "gravity_community": 0.0, "gravity_education": 0.0, "gravity_essential_services": 0.0, "gravity_food_and_drink": 1.0, "gravity_healthcare": 0.0, "gravity_shelter": 0.0, "avg_gravity": 0.16666666666666666, "min_tt_community": null, "min_tt_education": null, "min_tt_essential_services": null, "min_tt_food_and_drink": null, "min_tt_healthcare": null, "min_tt_shelter": null, "avg_tt_community": null, "avg_tt_education": null, "avg_tt_essential_services": null, "avg_tt_food_and_drink": null, "avg_tt_healthcare": null, "avg_tt_shelter": null, "avg_tt_all": null, "n_unreachable_categories": 6, "count_community": 0.0, "count_education": 0.0, "count_essential_services": 0.0, "count_food_and_drink": 1.0, "count_healthcare": 0.0, "count_shelter": 0.0, "gravity_community_per_100": 0.0, "gravity_education_per_100": 0.0, "gravity_essential_services_per_100": 0.0, "gravity_food_and_drink_per_100": 0.13374744017013929, "gravity_healthcare_per_100": 0.0, "gravity_shelter_per_100": 0.0, "shannon": 1.1412925456691193e-08, "kl_divergence": 0.77442750133451621, "jsd": 0.48757412718494225, "city_similarity": 0.51242587281505769 }, "geometry": { "type": "Polygon", "coordinates": [ [ [ 24.747793057185902, 59.517292744888316 ], [ 24.743118913386173, 59.521102044590705 ], [ 24.747274623287524, 59.525063573428277 ], [ 24.748376652529835, 59.525082550408136 ], [ 24.748455902850822, 59.517304159325462 ], [ 24.747793057185902, 59.517292744888316 ] ] ] } },
{ "type": "Feature", "properties": { "from_id": "367", "population": 162.92486183542601, "gravity_community": 0.0, "gravity_education": 0.0, "gravity_essential_services": 0.0, "gravity_food_and_drink": 1.0, "gravity_healthcare": 0.0, "gravity_shelter": 0.0, "avg_gravity": 0.16666666666666666, "min_tt_community": null, "min_tt_education": null, "min_tt_essential_services": null, "min_tt_food_and_drink": null, "min_tt_healthcare": null, "min_tt_shelter": null, "avg_tt_community": null, "avg_tt_education": null, "avg_tt_essential_services": null, "avg_tt_food_and_drink": null, "avg_tt_healthcare": null, "avg_tt_shelter": null, "avg_tt_all": null, "n_unreachable_categories": 6, "count_community": 0.0, "count_education": 0.0, "count_essential_services": 0.0, "count_food_and_drink": 1.0, "count_healthcare": 0.0, "count_shelter": 0.0, "gravity_community_per_100": 0.0, "gravity_education_per_100": 0.0, "gravity_essential_services_per_100": 0.0, "gravity_food_and_drink_per_100": 0.61377986682604768, "gravity_healthcare_per_100": 0.0, "gravity_shelter_per_100": 0.0, "shannon": 1.1412925456691193e-08, "kl_divergence": 0.77442750133451621, "jsd": 0.48757412718494225, "city_similarity": 0.51242587281505769 }, "geometry": { "type": "Polygon", "coordinates": [ [ [ 24.747274623287524, 59.525063573428277 ], [ 24.742599325175238, 59.528872843598954 ], [ 24.746755909375061, 59.532834389904828 ], [ 24.748297324274215, 59.532860932624075 ], [ 24.748376652529835, 59.525082550408136 ], [ 24.747274623287524, 59.525063573428277 ] ] ] } },
{ "type": "Feature", "properties": { "from_id": "368", "population": 582.36094571049102, "gravity_community": 0.0, "gravity_education": 0.0, "gravity_essential_services": 0.0, "gravity_food_and_drink": 1.0, "gravity_healthcare": 0.0, "gravity_shelter": 0.0, "avg_gravity": 0.16666666666666666, "min_tt_community": null, "min_tt_education": null, "min_tt_essential_services": null, "min_tt_food_and_drink": null, "min_tt_healthcare": null, "min_tt_shelter": null, "avg_tt_community": null, "avg_tt_education": null, "avg_tt_essential_services": null, "avg_tt_food_and_drink": null, "avg_tt_healthcare": null, "avg_tt_shelter": null, "avg_tt_all": null, "n_unreachable_categories": 6, "count_community": 0.0, "count_education": 0.0, "count_essential_services": 0.0, "count_food_and_drink": 1.0, "count_healthcare": 0.0, "count_shelter": 0.0, "gravity_community_per_100": 0.0, "gravity_education_per_100": 0.0, "gravity_essential_services_per_100": 0.0, "gravity_food_and_drink_per_100": 0.17171481146971174, "gravity_healthcare_per_100": 0.0, "gravity_shelter_per_100": 0.0, "shannon": 1.1412925456691193e-08, "kl_divergence": 0.77442750133451621, "jsd": 0.48757412718494225, "city_similarity": 0.51242587281505769 }, "geometry": { "type": "Polygon", "coordinates": [ [ [ 24.920820906099422, 59.434585038239113 ], [ 24.923521305448741, 59.437149287629559 ], [ 24.923610687255859, 59.436985015869126 ], [ 24.924160003662109, 59.436511993408203 ], [ 24.924816131591797, 59.435932159423828 ], [ 24.925670623779297, 59.435630798339851 ], [ 24.92628288269043, 59.43550109863282 ], [ 24.926002502441406, 59.435295104980469 ], [ 24.923681259155273, 59.433433532714851 ], [ 24.92295538804175, 59.432830606643719 ], [ 24.920820906099422, 59.434585038239113 ] ] ] } },
{ "type": "Feature", "properties": { "from_id": "369", "population": 1310.1457092935832, "gravity_community": 0.0, "gravity_education": 1.0911105370541181, "gravity_essential_services": 0.51437639269832958, "gravity_food_and_drink": 0.62444001929124437, "gravity_healthcare": 1.6566788861992299, "gravity_shelter": 4.4694149756608654, "avg_gravity": 1.3926701351506312, "min_tt_community": null, "min_tt_education": 19.0, "min_tt_essential_services": 24.0, "min_tt_food_and_drink": 17.0, "min_tt_healthcare": 16.0, "min_tt_shelter": 2.0, "avg_tt_community": null, "avg_tt_education": 22.0, "avg_tt_essential_services": 24.0, "avg_tt_food_and_drink": 17.0, "avg_tt_healthcare": 21.666666666666668, "avg_tt_shelter": 17.0, "avg_tt_all": 20.333333333333336, "n_unreachable_categories": 1, "count_community": 0.0, "count_education": 2.0, "count_essential_services": 1.0, "count_food_and_drink": 1.0, "count_healthcare": 3.0, "count_shelter": 7.0, "gravity_community_per_100": 0.0, "gravity_education_per_100": 0.083281617404405608, "gravity_essential_services_per_100": 0.039261006546796685, "gravity_food_and_drink_per_100": 0.047661875687700098, "gravity_healthcare_per_100": 0.12644997227770136, "gravity_shelter_per_100": 0.34113877135625831, "shannon": 1.3316643130413617, "kl_divergence": 0.47857495674659323, "jsd": 0.36283104293986662, "city_similarity": 0.63716895706013332 }, "geometry": { "type": "Polygon", "coordinates": [ [ [ 24.911533495742937, 59.442216248371565 ], [ 24.906888212754517, 59.446031593792547 ], [ 24.910851773321816, 59.449795815009793 ], [ 24.910892486572266, 59.449741363525391 ], [ 24.911394119262695, 59.449333190917983 ], [ 24.911649703979492, 59.449050903320305 ], [ 24.911796569824219, 59.448612213134773 ], [ 24.911361694335938, 59.447933197021456 ], [ 24.911151885986328, 59.447402954101548 ], [ 24.911081314086914, 59.446903228759766 ], [ 24.911544799804688, 59.446666717529297 ], [ 24.91290283203125, 59.446323394775405 ], [ 24.914411544799805, 59.445938110351555 ], [ 24.914840698242188, 59.445762634277351 ], [ 24.914926528930664, 59.44561386108397 ], [ 24.915109634399414, 59.445301055908196 ], [ 24.915121078491211, 59.445247650146484 ], [ 24.91519927978516, 59.444801330566406 ], [ 24.915290832519535, 59.444599151611328 ], [ 24.9154052734375, 59.444435119628899 ], [ 24.915500640869144, 59.4443359375 ], [ 24.91578483581543, 59.444042205810547 ], [ 24.915960311889648, 59.443832397460945 ], [ 24.916439056396484, 59.443553924560547 ], [ 24.916547775268555, 59.443466186523409 ], [ 24.916751861572266, 59.443344116210938 ], [ 24.917238235473636, 59.442878723144538 ], [ 24.917261609464401, 59.442307731675122 ], [ 24.911533495742937, 59.442216248371565 ] ] ] } },
{ "type": "Feature", "properties": { "from_id": "370", "population": 673.65610374031871, "gravity_community": 0.0, "gravity_education": 0.0, "gravity_essential_services": 1.0576475829646543, "gravity_food_and_drink": 2.754050993566211, "gravity_healthcare": 0.920259116707005, "gravity_shelter": 1.7571145872917571, "avg_gravity": 1.081512046754938, "min_tt_community": null, "min_tt_education": null, "min_tt_essential_services": 23.0, "min_tt_food_and_drink": 18.0, "min_tt_healthcare": 3.0, "min_tt_shelter": 18.0, "avg_tt_community": null, "avg_tt_education": null, "avg_tt_essential_services": 23.0, "avg_tt_food_and_drink": 21.6, "avg_tt_healthcare": 3.0, "avg_tt_shelter": 19.333333333333332, "avg_tt_all": 16.733333333333334, "n_unreachable_categories": 2, "count_community": 0.0, "count_education": 0.0, "count_essential_services": 2.0, "count_food_and_drink": 5.0, "count_healthcare": 1.0, "count_shelter": 3.0, "gravity_community_per_100": 0.0, "gravity_education_per_100": 0.0, "gravity_essential_services_per_100": 0.15700111334140851, "gravity_food_and_drink_per_100": 0.40882150080359758, "gravity_healthcare_per_100": 0.13660666200417104, "gravity_shelter_per_100": 0.26083257874986771, "shannon": 1.2406842967776044, "kl_divergence": 0.17672587092805647, "jsd": 0.23548361158327283, "city_similarity": 0.7645163884167272 }, "geometry": { "type": "Polygon", "coordinates": [ [ [ 24.906407750377035, 59.45380332686608 ], [ 24.909292092551642, 59.456542133124366 ], [ 24.90904426574707, 59.455547332763665 ], [ 24.908935546875, 59.455059051513672 ], [ 24.908964157104492, 59.454715728759737 ], [ 24.909006118774414, 59.454669952392578 ], [ 24.909120559692383, 59.454544067382834 ], [ 24.909727096557617, 59.454219818115234 ], [ 24.911188125610352, 59.453712463378878 ], [ 24.911373138427734, 59.453456878662116 ], [ 24.911495208740234, 59.453227996826186 ], [ 24.911396026611332, 59.452316284179688 ], [ 24.911027908325195, 59.451885223388665 ], [ 24.910520553588867, 59.45161437988282 ], [ 24.910427093505859, 59.451564788818352 ], [ 24.910158157348633, 59.451267242431641 ], [ 24.910131454467777, 59.451049804687486 ], [ 24.910318374633789, 59.450641632080071 ], [ 24.910366805856274, 59.450552491659785 ], [ 24.906407750377035, 59.45380332686608 ] ] ] } },
{ "type": "Feature", "properties": { "from_id": "371", "population": 25.130355201395638, "gravity_community": 1.087353954837329, "gravity_education": 15.756379336883244, "gravity_essential_services": 12.515377817745062, "gravity_food_and_drink": 41.325183652208111, "gravity_healthcare": 16.179474491888808, "gravity_shelter": 27.79476842923248, "avg_gravity": 19.109756280465838, "min_tt_community": 22.0, "min_tt_education": 3.0, "min_tt_essential_services": 5.0, "min_tt_food_and_drink": 1.0, "min_tt_healthcare": 6.0, "min_tt_shelter": 9.0, "avg_tt_community": 22.0, "avg_tt_education": 15.75, "avg_tt_essential_services": 17.3, "avg_tt_food_and_drink": 17.1875, "avg_tt_healthcare": 17.46153846153846, "avg_tt_shelter": 16.795454545454547, "avg_tt_all": 17.749082167832167, "n_unreachable_categories": 0, "count_community": 2.0, "count_education": 24.0, "count_essential_services": 20.0, "count_food_and_drink": 65.0, "count_healthcare": 26.0, "count_shelter": 44.0, "gravity_community_per_100": 4.3268546987228493, "gravity_education_per_100": 62.698593834472341, "gravity_essential_services_per_100": 49.801834146180347, "gravity_food_and_drink_per_100": 164.44329306540433, "gravity_healthcare_per_100": 64.382195803544647, "gravity_shelter_per_100": 110.60236994855079, "shannon": 1.5514016828896635, "kl_divergence": 0.036446272581707045, "jsd": 0.096999922805818789, "city_similarity": 0.90300007719418118 }, "geometry": { "type": "Polygon", "coordinates": [ [ [ 24.880454746781126, 59.44560525697473 ], [ 24.871643765690525, 59.44546195670371 ], [ 24.866993567429279, 59.449275852940417 ], [ 24.871155227914379, 59.453233514147236 ], [ 24.879968227755835, 59.453376858599889 ], [ 24.884617547999568, 59.449562497656061 ], [ 24.880454746781126, 59.44560525697473 ] ] ] } },
{ "type": "Feature", "properties": { "from_id": "372", "population": 339.53322896499094, "gravity_community": 1.0580533701169941, "gravity_education": 12.171921952444634, "gravity_essential_services": 5.7015335444672255, "gravity_food_and_drink": 29.86194210992279, "gravity_healthcare": 11.54035853004093, "gravity_shelter": 28.061327035495143, "avg_gravity": 14.732522757081286, "min_tt_community": 22.0, "min_tt_education": 3.0, "min_tt_essential_services": 5.0, "min_tt_food_and_drink": 9.0, "min_tt_healthcare": 10.0, "min_tt_shelter": 3.0, "avg_tt_community": 23.0, "avg_tt_education": 16.526315789473685, "avg_tt_essential_services": 16.777777777777779, "avg_tt_food_and_drink": 18.625, "avg_tt_healthcare": 16.388888888888889, "avg_tt_shelter": 16.704545454545453, "avg_tt_all": 18.003754651780969, "n_unreachable_categories": 0, "count_community": 2.0, "count_education": 19.0, "count_essential_services": 9.0, "count_food_and_drink": 49.0, "count_healthcare": 18.0, "count_shelter": 44.0, "gravity_community_per_100": 0.31161997703208283, "gravity_education_per_100": 3.5848985943286489, "gravity_essential_services_per_100": 1.6792269675187248, "gravity_food_and_drink_per_100": 8.7949984161938506, "gravity_healthcare_per_100": 3.3988892825658747, "gravity_shelter_per_100": 8.2646776932659307, "shannon": 1.499569208105437, "kl_divergence": 0.052859490895353051, "jsd": 0.11489505557348768, "city_similarity": 0.88510494442651233 }, "geometry": { "type": "Polygon", "coordinates": [ [ [ 24.866993567429279, 59.449275852940417 ], [ 24.858181708863803, 59.449131639479361 ], [ 24.853529491951331, 59.452945042767276 ], [ 24.857690010617638, 59.456903124404903 ], [ 24.866503888377078, 59.457047382331915 ], [ 24.871155227914379, 59.453233514147236 ], [ 24.866993567429279, 59.449275852940417 ] ] ] } },
{ "type": "Feature", "properties": { "from_id": "373", "population": 407.49698322519919, "gravity_community": 0.50032369501323448, "gravity_education": 3.7183859976532805, "gravity_essential_services": 2.7035317011569848, "gravity_food_and_drink": 3.8630651010123875, "gravity_healthcare": 3.5258176359199567, "gravity_shelter": 13.586202424817515, "avg_gravity": 4.6495544259288932, "min_tt_community": 25.0, "min_tt_education": 8.0, "min_tt_essential_services": 22.0, "min_tt_food_and_drink": 15.0, "min_tt_healthcare": 15.0, "min_tt_shelter": 7.0, "avg_tt_community": 25.0, "avg_tt_education": 17.666666666666668, "avg_tt_essential_services": 22.2, "avg_tt_food_and_drink": 21.571428571428573, "avg_tt_healthcare": 19.333333333333332, "avg_tt_shelter": 20.75, "avg_tt_all": 21.086904761904762, "n_unreachable_categories": 0, "count_community": 1.0, "count_education": 6.0, "count_essential_services": 5.0, "count_food_and_drink": 7.0, "count_healthcare": 6.0, "count_shelter": 24.0, "gravity_community_per_100": 0.1227797298162415, "gravity_education_per_100": 0.91249411669836866, "gravity_essential_services_per_100": 0.66344827383983473, "gravity_food_and_drink_per_100": 0.94799845398548699, "gravity_healthcare_per_100": 0.86523772716409242, "gravity_shelter_per_100": 3.3340620873527382, "shannon": 1.4542087444335157, "kl_divergence": 0.28862345661817812, "jsd": 0.27167877963484544, "city_similarity": 0.72832122036515456 }, "geometry": { "type": "Polygon", "coordinates": [ [ [ 24.853529491951331, 59.452945042767276 ], [ 24.844716756553474, 59.452799915863892 ], [ 24.840062520547331, 59.456612825855885 ], [ 24.844221896309083, 59.460571327829427 ], [ 24.853036651343505, 59.460716499483198 ], [ 24.857690010617638, 59.456903124404903 ], [ 24.853529491951331, 59.452945042767276 ] ] ] } },
{ "type": "Feature", "properties": { "from_id": "374", "population": 0.0, "gravity_community": 0.0, "gravity_education": 0.5436769774186645, "gravity_essential_services": 0.0, "gravity_food_and_drink": 1.6600101930934101, "gravity_healthcare": 0.55894734793711187, "gravity_shelter": 0.52882379148232717, "avg_gravity": 0.54857638498858563, "min_tt_community": null, "min_tt_education": 22.0, "min_tt_essential_services": null, "min_tt_food_and_drink": 15.0, "min_tt_healthcare": 21.0, "min_tt_shelter": 23.0, "avg_tt_community": null, "avg_tt_education": 22.0, "avg_tt_essential_services": null, "avg_tt_food_and_drink": 15.0, "avg_tt_healthcare": 21.0, "avg_tt_shelter": 23.0, "avg_tt_all": 20.25, "n_unreachable_categories": 2, "count_community": 0.0, "count_education": 1.0, "count_essential_services": 0.0, "count_food_and_drink": 2.0, "count_healthcare": 1.0, "count_shelter": 1.0, "gravity_community_per_100": 0.0, "gravity_education_per_100": 0.0, "gravity_essential_services_per_100": 0.0, "gravity_food_and_drink_per_100": 0.0, "gravity_healthcare_per_100": 0.0, "gravity_shelter_per_100": 0.0, "shannon": 1.3321790449897528, "kl_divergence": 0.19613070470131211, "jsd": 0.24194941758087343, "city_similarity": 0.7580505824191266 }, "geometry": { "type": "Polygon", "coordinates": [ [ [ 24.866503888377078, 59.457047382331915 ], [ 24.857690010617638, 59.456903124404903 ], [ 24.853036651343505, 59.460716499483198 ], [ 24.857198047284854, 59.464674597524372 ], [ 24.86601394532428, 59.464818899937711 ], [ 24.870666426780232, 59.461005059815477 ], [ 24.866503888377078, 59.457047382331915 ] ] ] } },
{ "type": "Feature", "properties": { "from_id": "375", "population": 0.0, "gravity_community": 2.5352472475189485, "gravity_education": 2.5273922169710556, "gravity_essential_services": 1.8560167973062087, "gravity_food_and_drink": 5.5939705631171499, "gravity_healthcare": 3.1549144084748613, "gravity_shelter": 9.7256069812170107, "avg_gravity": 4.2321913691008719, "min_tt_community": 15.0, "min_tt_education": 14.0, "min_tt_essential_services": 12.0, "min_tt_food_and_drink": 17.0, "min_tt_healthcare": 12.0, "min_tt_shelter": 18.0, "avg_tt_community": 16.5, "avg_tt_education": 16.75, "avg_tt_essential_services": 17.666666666666668, "avg_tt_food_and_drink": 21.1, "avg_tt_healthcare": 16.8, "avg_tt_shelter": 22.277777777777779, "avg_tt_all": 18.515740740740743, "n_unreachable_categories": 0, "count_community": 4.0, "count_education": 4.0, "count_essential_services": 3.0, "count_food_and_drink": 10.0, "count_healthcare": 5.0, "count_shelter": 18.0, "gravity_community_per_100": 0.0, "gravity_education_per_100": 0.0, "gravity_essential_services_per_100": 0.0, "gravity_food_and_drink_per_100": 0.0, "gravity_healthcare_per_100": 0.0, "gravity_shelter_per_100": 0.0, "shannon": 1.5686004552212931, "kl_divergence": 0.1835808171803727, "jsd": 0.21024743131139653, "city_similarity": 0.78975256868860344 }, "geometry": { "type": "Polygon", "coordinates": [ [ [ 24.853036651343505, 59.460716499483198 ], [ 24.844221896309083, 59.460571327829427 ], [ 24.83956651685536, 59.464384209454067 ], [ 24.843726769248331, 59.468342727957896 ], [ 24.852543545005641, 59.468487944382559 ], [ 24.857198047284854, 59.464674597524372 ], [ 24.853036651343505, 59.460716499483198 ] ] ] } },
{ "type": "Feature", "properties": { "from_id": "376", "population": 632.48024764415072, "gravity_community": 2.1458245095364332, "gravity_education": 1.6463013027744409, "gravity_essential_services": 2.1942575589130824, "gravity_food_and_drink": 10.189401480668197, "gravity_healthcare": 3.2959876016483349, "gravity_shelter": 10.716008414376384, "avg_gravity": 5.0312968113194785, "min_tt_community": 21.0, "min_tt_education": 21.0, "min_tt_essential_services": 18.0, "min_tt_food_and_drink": 19.0, "min_tt_healthcare": 19.0, "min_tt_shelter": 19.0, "avg_tt_community": 22.5, "avg_tt_education": 21.666666666666668, "avg_tt_essential_services": 21.75, "avg_tt_food_and_drink": 22.235294117647058, "avg_tt_healthcare": 21.666666666666668, "avg_tt_shelter": 22.55, "avg_tt_all": 22.061437908496732, "n_unreachable_categories": 0, "count_community": 4.0, "count_education": 3.0, "count_essential_services": 4.0, "count_food_and_drink": 18.0, "count_healthcare": 6.0, "count_shelter": 20.0, "gravity_community_per_100": 0.33927138713487981, "gravity_education_per_100": 0.260292919645562, "gravity_essential_services_per_100": 0.34692902538635906, "gravity_food_and_drink_per_100": 1.6110228767809696, "gravity_healthcare_per_100": 0.52112103325363301, "gravity_shelter_per_100": 1.6942834901629182, "shannon": 1.5150043552720993, "kl_divergence": 0.098029145207434693, "jsd": 0.15284379294248329, "city_similarity": 0.84715620705751671 }, "geometry": { "type": "Polygon", "coordinates": [ [ [ 24.86601394532428, 59.464818899937711 ], [ 24.857198047284854, 59.464674597524372 ], [ 24.852543545005641, 59.468487944382559 ], [ 24.856705818664938, 59.472446058837242 ], [ 24.865523738071179, 59.47259040575733 ], [ 24.870177362088892, 59.468776593707922 ], [ 24.86601394532428, 59.464818899937711 ] ] ] } },
{ "type": "Feature", "properties": { "from_id": "377", "population": 0.0, "gravity_community": 2.4479925018606772, "gravity_education": 2.8235304283070208, "gravity_essential_services": 1.8539617531126846, "gravity_food_and_drink": 6.3620128385766614, "gravity_healthcare": 4.1544217930655378, "gravity_shelter": 16.064952686670388, "avg_gravity": 5.617812000265495, "min_tt_community": 16.0, "min_tt_education": 10.0, "min_tt_essential_services": 13.0, "min_tt_food_and_drink": 13.0, "min_tt_healthcare": 12.0, "min_tt_shelter": 13.0, "avg_tt_community": 17.75, "avg_tt_education": 12.75, "avg_tt_essential_services": 17.666666666666668, "avg_tt_food_and_drink": 19.90909090909091, "avg_tt_healthcare": 16.8, "avg_tt_shelter": 21.482758620689655, "avg_tt_all": 17.726419366074538, "n_unreachable_categories": 0, "count_community": 4.0, "count_education": 4.0, "count_essential_services": 3.0, "count_food_and_drink": 11.0, "count_healthcare": 6.0, "count_shelter": 29.0, "gravity_community_per_100": 0.0, "gravity_education_per_100": 0.0, "gravity_essential_services_per_100": 0.0, "gravity_food_and_drink_per_100": 0.0, "gravity_healthcare_per_100": 0.0, "gravity_shelter_per_100": 0.0, "shannon": 1.4261183625399938, "kl_divergence": 0.27742013621998685, "jsd": 0.25823618330040665, "city_similarity": 0.74176381669959335 }, "geometry": { "type": "Polygon", "coordinates": [ [ [ 24.852543545005641, 59.468487944382559 ], [ 24.843726769248331, 59.468342727957896 ], [ 24.839070245702803, 59.472155581204625 ], [ 24.843231375169385, 59.476114116248773 ], [ 24.852050172736725, 59.476259377464864 ], [ 24.856705818664938, 59.472446058837242 ], [ 24.852543545005641, 59.468487944382559 ] ] ] } },
{ "type": "Feature", "properties": { "from_id": "378", "population": 1.2635192332115837, "gravity_community": 3.9169074691146659, "gravity_education": 4.2680684668954765, "gravity_essential_services": 6.3333405803963698, "gravity_food_and_drink": 22.220235398317044, "gravity_healthcare": 10.606927415798276, "gravity_shelter": 39.664938531208911, "avg_gravity": 14.501736310288457, "min_tt_community": 12.0, "min_tt_education": 13.0, "min_tt_essential_services": 12.0, "min_tt_food_and_drink": 4.0, "min_tt_healthcare": 12.0, "min_tt_shelter": 4.0, "avg_tt_community": 15.5, "avg_tt_education": 18.0, "avg_tt_essential_services": 16.6, "avg_tt_food_and_drink": 17.75, "avg_tt_healthcare": 18.625, "avg_tt_shelter": 16.5, "avg_tt_all": 17.1625, "n_unreachable_categories": 0, "count_community": 6.0, "count_education": 7.0, "count_essential_services": 10.0, "count_food_and_drink": 36.0, "count_healthcare": 17.0, "count_shelter": 62.0, "gravity_community_per_100": 309.99982953633099, "gravity_education_per_100": 337.79212494035409, "gravity_essential_services_per_100": 501.24607634965975, "gravity_food_and_drink_per_100": 1758.5989048887025, "gravity_healthcare_per_100": 839.47494719473605, "gravity_shelter_per_100": 3139.2429563885225, "shannon": 1.4457216619792947, "kl_divergence": 0.16903652028041116, "jsd": 0.20135522607302592, "city_similarity": 0.79864477392697408 }, "geometry": { "type": "Polygon", "coordinates": [ [ [ 24.838573706887306, 59.47992694110701 ], [ 24.843231375169385, 59.476114116248773 ], [ 24.839070245702803, 59.472155581204625 ], [ 24.830415158203333, 59.472012150025904 ], [ 24.830446243286133, 59.472042083740234 ], [ 24.83049201965332, 59.472087860107429 ], [ 24.830595016479496, 59.47217941284179 ], [ 24.830703735351562, 59.472270965576172 ], [ 24.830810546875, 59.472373962402358 ], [ 24.830909729003906, 59.472457885742188 ], [ 24.831029891967773, 59.472576141357408 ], [ 24.831159591674808, 59.472705841064439 ], [ 24.831319808959961, 59.472885131835952 ], [ 24.831455230712891, 59.473091125488288 ], [ 24.831859588623047, 59.473560333251953 ], [ 24.832189559936523, 59.473934173583984 ], [ 24.832504272460938, 59.474296569824226 ], [ 24.832963943481445, 59.474811553955078 ], [ 24.833261489868164, 59.47519683837892 ], [ 24.833335876464844, 59.475284576416001 ], [ 24.833377838134766, 59.475334167480469 ], [ 24.83349609375, 59.475494384765618 ], [ 24.833536148071289, 59.475555419921861 ], [ 24.833566665649414, 59.475616455078111 ], [ 24.833595275878906, 59.475700378417969 ], [ 24.83363151550293, 59.475753784179688 ], [ 24.83372688293457, 59.475875854492173 ], [ 24.833780288696289, 59.475959777832038 ], [ 24.833906173706055, 59.47607421875 ], [ 24.83405876159668, 59.476295471191399 ], [ 24.834211349487305, 59.476501464843736 ], [ 24.834264755249023, 59.476581573486328 ], [ 24.834314346313477, 59.476680755615234 ], [ 24.834535598754883, 59.477035522460938 ], [ 24.834640502929688, 59.477218627929695 ], [ 24.834743499755859, 59.477390289306641 ], [ 24.834835052490234, 59.477611541748047 ], [ 24.834873199462891, 59.477676391601555 ], [ 24.834909439086914, 59.477752685546861 ], [ 24.834980010986328, 59.477874755859361 ], [ 24.835037231445312, 59.477989196777344 ], [ 24.835067749023438, 59.478042602539055 ], [ 24.835208892822266, 59.478290557861321 ], [ 24.835348129272461, 59.478576660156271 ], [ 24.83546257019043, 59.478752136230462 ], [ 24.835489273071289, 59.478813171386726 ], [ 24.835542678833008, 59.478912353515597 ], [ 24.835657119750977, 59.479080200195327 ], [ 24.835691452026371, 59.479141235351548 ], [ 24.835758209228516, 59.479282379150391 ], [ 24.835826873779297, 59.479412078857422 ], [ 24.835853576660156, 59.479450225830071 ], [ 24.835960388183594, 59.47966384887696 ], [ 24.835990905761719, 59.479732513427741 ], [ 24.836036682128906, 59.479816436767585 ], [ 24.83607242795712, 59.479885545913234 ], [ 24.838573706887306, 59.47992694110701 ] ] ] } },
{ "type": "Feature", "properties": { "from_id": "379", "population": 16.574475668718133, "gravity_community": 0.0, "gravity_education": 0.55894734793711187, "gravity_essential_services": 0.0, "gravity_food_and_drink": 2.6021475321177689, "gravity_healthcare": 0.0, "gravity_shelter": 6.2071680355917671, "avg_gravity": 1.5613771526077747, "min_tt_community": null, "min_tt_education": 21.0, "min_tt_essential_services": null, "min_tt_food_and_drink": 21.0, "min_tt_healthcare": null, "min_tt_shelter": 13.0, "avg_tt_community": null, "avg_tt_education": 21.0, "avg_tt_essential_services": null, "avg_tt_food_and_drink": 22.666666666666668, "avg_tt_healthcare": null, "avg_tt_shelter": 20.818181818181817, "avg_tt_all": 21.494949494949495, "n_unreachable_categories": 3, "count_community": 0.0, "count_education": 1.0, "count_essential_services": 0.0, "count_food_and_drink": 4.0, "count_healthcare": 0.0, "count_shelter": 11.0, "gravity_community_per_100": 0.0, "gravity_education_per_100": 3.3723380401833292, "gravity_essential_services_per_100": 0.0, "gravity_food_and_drink_per_100": 15.699727606037861, "gravity_healthcare_per_100": 0.0, "gravity_shelter_per_100": 37.450162283606211, "shannon": 0.77746213897204175, "kl_divergence": 0.62397470949986644, "jsd": 0.40315259604499187, "city_similarity": 0.59684740395500813 }, "geometry": { "type": "Polygon", "coordinates": [ [ [ 24.865523738071179, 59.47259040575733 ], [ 24.856705818664938, 59.472446058837242 ], [ 24.852050172736725, 59.476259377464864 ], [ 24.856213324557181, 59.480217508343024 ], [ 24.865033266417893, 59.48036189979026 ], [ 24.869688033640987, 59.476548115824087 ], [ 24.865523738071179, 59.47259040575733 ] ] ] } },
{ "type": "Feature", "properties": { "from_id": "380", "population": 93.682737643015557, "gravity_community": 3.5177587953790899, "gravity_education": 3.4176605074704787, "gravity_essential_services": 3.982366907281182, "gravity_food_and_drink": 12.356007241141683, "gravity_healthcare": 4.6386213027706562, "gravity_shelter": 28.723543285015122, "avg_gravity": 9.4393263398430349, "min_tt_community": 17.0, "min_tt_education": 13.0, "min_tt_essential_services": 17.0, "min_tt_food_and_drink": 14.0, "min_tt_healthcare": 17.0, "min_tt_shelter": 5.0, "avg_tt_community": 19.333333333333332, "avg_tt_education": 20.5, "avg_tt_essential_services": 20.428571428571427, "avg_tt_food_and_drink": 19.285714285714285, "avg_tt_healthcare": 19.75, "avg_tt_shelter": 17.239130434782609, "avg_tt_all": 19.422791580400276, "n_unreachable_categories": 0, "count_community": 6.0, "count_education": 6.0, "count_essential_services": 7.0, "count_food_and_drink": 21.0, "count_healthcare": 8.0, "count_shelter": 46.0, "gravity_community_per_100": 3.7549701085633824, "gravity_education_per_100": 3.6481219416256887, "gravity_essential_services_per_100": 4.2509079126789207, "gravity_food_and_drink_per_100": 13.189203851220796, "gravity_healthcare_per_100": 4.9514151907541795, "gravity_shelter_per_100": 30.660443970444305, "shannon": 1.4389278421153007, "kl_divergence": 0.2296349522768969, "jsd": 0.23357210833884634, "city_similarity": 0.76642789166115366 }, "geometry": { "type": "Polygon", "coordinates": [ [ [ 24.852050172736725, 59.476259377464864 ], [ 24.843231375169385, 59.476114116248773 ], [ 24.838573706887306, 59.47992694110701 ], [ 24.842735713870194, 59.483885492701539 ], [ 24.851556534335526, 59.484030798729599 ], [ 24.856213324557181, 59.480217508343024 ], [ 24.852050172736725, 59.476259377464864 ] ] ] } },
{ "type": "Feature", "properties": { "from_id": "381", "population": 675.8539529948481, "gravity_community": 0.60738039731376148, "gravity_education": 1.587700133333771, "gravity_essential_services": 2.433294621357911, "gravity_food_and_drink": 10.244463240962418, "gravity_healthcare": 1.3245807826303964, "gravity_shelter": 9.1323690696843443, "avg_gravity": 4.221631374213767, "min_tt_community": 18.0, "min_tt_education": 21.0, "min_tt_essential_services": 11.0, "min_tt_food_and_drink": 10.0, "min_tt_healthcare": 12.0, "min_tt_shelter": 6.0, "avg_tt_community": 18.0, "avg_tt_education": 23.0, "avg_tt_essential_services": 18.25, "avg_tt_food_and_drink": 16.4375, "avg_tt_healthcare": 15.0, "avg_tt_shelter": 18.4, "avg_tt_all": 18.18125, "n_unreachable_categories": 0, "count_community": 1.0, "count_education": 3.0, "count_essential_services": 4.0, "count_food_and_drink": 16.0, "count_healthcare": 2.0, "count_shelter": 15.0, "gravity_community_per_100": 0.089868586936916448, "gravity_education_per_100": 0.23491763661340512, "gravity_essential_services_per_100": 0.36003260920136387, "gravity_food_and_drink_per_100": 1.5157806202903883, "gravity_healthcare_per_100": 0.19598624477387547, "gravity_shelter_per_100": 1.3512340986121241, "shannon": 1.3913895981013762, "kl_divergence": 0.075954562731904762, "jsd": 0.13655644025858402, "city_similarity": 0.86344355974141596 }, "geometry": { "type": "Polygon", "coordinates": [ [ [ 24.906407750377035, 59.45380332686608 ], [ 24.8975944893491, 59.453661764971123 ], [ 24.89294604820844, 59.457476590579489 ], [ 24.897111747922736, 59.461433442696517 ], [ 24.904825955112315, 59.461557393544929 ], [ 24.904834747314453, 59.461544036865241 ], [ 24.905443191528324, 59.460617065429673 ], [ 24.905479431152344, 59.460563659667976 ], [ 24.905494689941406, 59.460323333740227 ], [ 24.90550422668457, 59.460147857666023 ], [ 24.905519485473633, 59.459884643554688 ], [ 24.90553092956543, 59.459678649902358 ], [ 24.90557861328125, 59.458858489990241 ], [ 24.90557861328125, 59.458854675292983 ], [ 24.905532836914066, 59.458789825439446 ], [ 24.905502319335938, 59.458747863769531 ], [ 24.905483245849609, 59.458721160888658 ], [ 24.904869079589844, 59.45787811279299 ], [ 24.90443229675293, 59.457279205322266 ], [ 24.904975891113285, 59.456912994384744 ], [ 24.905241012573242, 59.456733703613274 ], [ 24.905778884887695, 59.456939697265611 ], [ 24.906806945800781, 59.457145690917962 ], [ 24.907390594482422, 59.457187652587891 ], [ 24.908235549926758, 59.4571533203125 ], [ 24.908781051635742, 59.45706939697267 ], [ 24.909120559692383, 59.456855773925781 ], [ 24.909244537353519, 59.456775665283203 ], [ 24.90931510925293, 59.456634521484368 ], [ 24.909292092551642, 59.456542133124366 ], [ 24.906407750377035, 59.45380332686608 ] ] ] } },
{ "type": "Feature", "properties": { "from_id": "382", "population": 1118.156580148983, "gravity_community": 0.0, "gravity_education": 8.4003727738097513, "gravity_essential_services": 3.8431453573746555, "gravity_food_and_drink": 10.500371871732067, "gravity_healthcare": 4.6987338779021135, "gravity_shelter": 13.967956922602971, "avg_gravity": 6.9017634672369264, "min_tt_community": null, "min_tt_education": 12.0, "min_tt_essential_services": 19.0, "min_tt_food_and_drink": 6.0, "min_tt_healthcare": 13.0, "min_tt_shelter": 9.0, "avg_tt_community": null, "avg_tt_education": 18.714285714285715, "avg_tt_essential_services": 20.4, "avg_tt_food_and_drink": 19.777777777777779, "avg_tt_healthcare": 19.5, "avg_tt_shelter": 16.772727272727273, "avg_tt_all": 19.032958152958155, "n_unreachable_categories": 1, "count_community": 0.0, "count_education": 14.0, "count_essential_services": 6.0, "count_food_and_drink": 18.0, "count_healthcare": 8.0, "count_shelter": 22.0, "gravity_community_per_100": 0.0, "gravity_education_per_100": 0.75126980629944395, "gravity_essential_services_per_100": 0.34370368386711952, "gravity_food_and_drink_per_100": 0.93907884263695862, "gravity_healthcare_per_100": 0.42022145747029943, "gravity_shelter_per_100": 1.2491950743376103, "shannon": 1.5082942169652407, "kl_divergence": 0.1507058305489144, "jsd": 0.19979836705475701, "city_similarity": 0.80020163294524305 }, "geometry": { "type": "Polygon", "coordinates": [ [ [ 24.879968227755835, 59.453376858599889 ], [ 24.871155227914379, 59.453233514147236 ], [ 24.866503888377078, 59.457047382331915 ], [ 24.870666426780232, 59.461005059815477 ], [ 24.879481446458254, 59.461148448470027 ], [ 24.88413190753452, 59.457334115431088 ], [ 24.879968227755835, 59.453376858599889 ] ] ] } },
{ "type": "Feature", "properties": { "from_id": "383", "population": 674.68437361007921, "gravity_community": 0.0, "gravity_education": 2.2706680082556367, "gravity_essential_services": 0.0, "gravity_food_and_drink": 2.1743865857917397, "gravity_healthcare": 1.3416404046078791, "gravity_shelter": 3.3632960153295812, "avg_gravity": 1.5249985023308061, "min_tt_community": null, "min_tt_education": 18.0, "min_tt_essential_services": null, "min_tt_food_and_drink": 15.0, "min_tt_healthcare": 12.0, "min_tt_shelter": 16.0, "avg_tt_community": null, "avg_tt_education": 20.5, "avg_tt_essential_services": null, "avg_tt_food_and_drink": 19.5, "avg_tt_healthcare": 14.5, "avg_tt_shelter": 21.0, "avg_tt_all": 18.875, "n_unreachable_categories": 2, "count_community": 0.0, "count_education": 4.0, "count_essential_services": 0.0, "count_food_and_drink": 3.0, "count_healthcare": 2.0, "count_shelter": 6.0, "gravity_community_per_100": 0.0, "gravity_education_per_100": 0.33655263069245556, "gravity_essential_services_per_100": 0.0, "gravity_food_and_drink_per_100": 0.32228204340306604, "gravity_healthcare_per_100": 0.19885452473562909, "gravity_shelter_per_100": 0.49849917189179382, "shannon": 1.3095258400954781, "kl_divergence": 0.37934409157152926, "jsd": 0.32142375444685961, "city_similarity": 0.67857624555314033 }, "geometry": { "type": "Polygon", "coordinates": [ [ [ 24.89294604820844, 59.457476590579489 ], [ 24.88413190753452, 59.457334115431088 ], [ 24.879481446458254, 59.461148448470027 ], [ 24.883646005241101, 59.465105721460944 ], [ 24.892462166393873, 59.465248240547034 ], [ 24.897111747922736, 59.461433442696517 ], [ 24.89294604820844, 59.457476590579489 ] ] ] } },
{ "type": "Feature", "properties": { "from_id": "384", "population": 860.87469021202492, "gravity_community": 0.0, "gravity_education": 1.7905241259520763, "gravity_essential_services": 0.0, "gravity_food_and_drink": 2.1833873672283564, "gravity_healthcare": 1.7153025391231072, "gravity_shelter": 5.2509936134844821, "avg_gravity": 1.8233679409646701, "min_tt_community": null, "min_tt_education": 12.0, "min_tt_essential_services": null, "min_tt_food_and_drink": 17.0, "min_tt_healthcare": 16.0, "min_tt_shelter": 10.0, "avg_tt_community": null, "avg_tt_education": 19.0, "avg_tt_essential_services": null, "avg_tt_food_and_drink": 19.0, "avg_tt_healthcare": 20.333333333333332, "avg_tt_shelter": 19.666666666666668, "avg_tt_all": 19.5, "n_unreachable_categories": 2, "count_community": 0.0, "count_education": 3.0, "count_essential_services": 0.0, "count_food_and_drink": 3.0, "count_healthcare": 3.0, "count_shelter": 9.0, "gravity_community_per_100": 0.0, "gravity_education_per_100": 0.20798893803128166, "gravity_essential_services_per_100": 0.0, "gravity_food_and_drink_per_100": 0.25362429538852044, "gravity_healthcare_per_100": 0.19925112895358152, "gravity_shelter_per_100": 0.60996027333446345, "shannon": 1.2424533297060127, "kl_divergence": 0.41736650682736876, "jsd": 0.33870207248123246, "city_similarity": 0.66129792751876759 }, "geometry": { "type": "Polygon", "coordinates": [ [ [ 24.879481446458254, 59.461148448470027 ], [ 24.870666426780232, 59.461005059815477 ], [ 24.86601394532428, 59.464818899937711 ], [ 24.870177362088892, 59.468776593707922 ], [ 24.878994402690005, 59.46892002658462 ], [ 24.883646005241101, 59.465105721460944 ], [ 24.879481446458254, 59.461148448470027 ] ] ] } },
{ "type": "Feature", "properties": { "from_id": "385", "population": 511.49851777467876, "gravity_community": 0.50032369501323448, "gravity_education": 0.0, "gravity_essential_services": 0.69760656192668935, "gravity_food_and_drink": 6.4759976197449367, "gravity_healthcare": 0.69760656192668935, "gravity_shelter": 6.0303582551825299, "avg_gravity": 2.4003154489656797, "min_tt_community": 25.0, "min_tt_education": null, "min_tt_essential_services": 13.0, "min_tt_food_and_drink": 12.0, "min_tt_healthcare": 13.0, "min_tt_shelter": 9.0, "avg_tt_community": 25.0, "avg_tt_education": null, "avg_tt_essential_services": 13.0, "avg_tt_food_and_drink": 13.875, "avg_tt_healthcare": 13.0, "avg_tt_shelter": 14.666666666666666, "avg_tt_all": 15.908333333333335, "n_unreachable_categories": 1, "count_community": 1.0, "count_education": 0.0, "count_essential_services": 1.0, "count_food_and_drink": 9.0, "count_healthcare": 1.0, "count_shelter": 9.0, "gravity_community_per_100": 0.097815277586714933, "gravity_education_per_100": 0.0, "gravity_essential_services_per_100": 0.13638486480111237, "gravity_food_and_drink_per_100": 1.2660833599126267, "gravity_healthcare_per_100": 0.13638486480111237, "gravity_shelter_per_100": 1.1789590870014945, "shannon": 1.1611870886063507, "kl_divergence": 0.21949075262062223, "jsd": 0.25038022164097029, "city_similarity": 0.74961977835902971 }, "geometry": { "type": "Polygon", "coordinates": [ [ [ 24.897111747922736, 59.461433442696517 ], [ 24.892462166393873, 59.465248240547034 ], [ 24.89662874619896, 59.469205108706632 ], [ 24.905446048381844, 59.469346757928228 ], [ 24.907364773330762, 59.467772155735503 ], [ 24.907094955444336, 59.467720031738267 ], [ 24.904674530029297, 59.467258453369141 ], [ 24.904630661010742, 59.467144012451165 ], [ 24.904258728027344, 59.465675354003906 ], [ 24.90406608581543, 59.464340209960938 ], [ 24.903932571411133, 59.463401794433594 ], [ 24.903976440429691, 59.463111877441392 ], [ 24.904031753540039, 59.462764739990249 ], [ 24.904485702514648, 59.462074279785163 ], [ 24.904825955112315, 59.461557393544929 ], [ 24.897111747922736, 59.461433442696517 ] ] ] } },
{ "type": "Feature", "properties": { "from_id": "386", "population": 225.26958348026906, "gravity_community": 0.0, "gravity_education": 0.50032369501323448, "gravity_essential_services": 1.0432001841806566, "gravity_food_and_drink": 6.1593270178288586, "gravity_healthcare": 1.0733237406354414, "gravity_shelter": 3.251833830991663, "avg_gravity": 2.0046680781083088, "min_tt_community": null, "min_tt_education": 25.0, "min_tt_essential_services": 23.0, "min_tt_food_and_drink": 9.0, "min_tt_healthcare": 21.0, "min_tt_shelter": 19.0, "avg_tt_community": null, "avg_tt_education": 25.0, "avg_tt_essential_services": 23.5, "avg_tt_food_and_drink": 20.666666666666668, "avg_tt_healthcare": 22.5, "avg_tt_shelter": 22.166666666666668, "avg_tt_all": 22.766666666666669, "n_unreachable_categories": 1, "count_community": 0.0, "count_education": 1.0, "count_essential_services": 2.0, "count_food_and_drink": 10.0, "count_healthcare": 2.0, "count_shelter": 6.0, "gravity_community_per_100": 0.0, "gravity_education_per_100": 0.22209997785034166, "gravity_essential_services_per_100": 0.46308967596241352, "gravity_food_and_drink_per_100": 2.734202692911865, "gravity_healthcare_per_100": 0.47646190135982203, "gravity_shelter_per_100": 1.4435299168014333, "shannon": 1.304094037283607, "kl_divergence": 0.060103149322229377, "jsd": 0.13558603762838148, "city_similarity": 0.86441396237161849 }, "geometry": { "type": "Polygon", "coordinates": [ [ [ 24.892462166393873, 59.465248240547034 ], [ 24.883646005241101, 59.465105721460944 ], [ 24.878994402690005, 59.46892002658462 ], [ 24.883159840921252, 59.472877315745144 ], [ 24.891978023639918, 59.47301987878906 ], [ 24.89662874619896, 59.469205108706632 ], [ 24.892462166393873, 59.465248240547034 ] ] ] } },
{ "type": "Feature", "properties": { "from_id": "387", "population": 0.0, "gravity_community": 3.3972538792353548, "gravity_education": 2.911701582819759, "gravity_essential_services": 4.0810940784351359, "gravity_food_and_drink": 12.997214628368935, "gravity_healthcare": 3.63636041973181, "gravity_shelter": 16.421289763631286, "avg_gravity": 7.2408190587037131, "min_tt_community": 17.0, "min_tt_education": 17.0, "min_tt_essential_services": 14.0, "min_tt_food_and_drink": 15.0, "min_tt_healthcare": 15.0, "min_tt_shelter": 16.0, "avg_tt_community": 18.5, "avg_tt_education": 19.6, "avg_tt_essential_services": 19.571428571428573, "avg_tt_food_and_drink": 20.695652173913043, "avg_tt_healthcare": 18.166666666666668, "avg_tt_shelter": 20.586206896551722, "avg_tt_all": 19.519992384760002, "n_unreachable_categories": 0, "count_community": 5.0, "count_education": 5.0, "count_essential_services": 7.0, "count_food_and_drink": 23.0, "count_healthcare": 6.0, "count_shelter": 29.0, "gravity_community_per_100": 0.0, "gravity_education_per_100": 0.0, "gravity_essential_services_per_100": 0.0, "gravity_food_and_drink_per_100": 0.0, "gravity_healthcare_per_100": 0.0, "gravity_shelter_per_100": 0.0, "shannon": 1.5143647405932068, "kl_divergence": 0.11074221847487443, "jsd": 0.16234402053789304, "city_similarity": 0.83765597946210701 }, "geometry": { "type": "Polygon", "coordinates": [ [ [ 24.878994402690005, 59.46892002658462 ], [ 24.870177362088892, 59.468776593707922 ], [ 24.865523738071179, 59.47259040575733 ], [ 24.869688033640987, 59.476548115824087 ], [ 24.878507096252537, 59.47669159294324 ], [ 24.883159840921252, 59.472877315745144 ], [ 24.878994402690005, 59.46892002658462 ] ] ] } },
{ "type": "Feature", "properties": { "from_id": "388", "population": 0.0, "gravity_community": 2.2680577879861259, "gravity_education": 1.7400800832198149, "gravity_essential_services": 4.8475257365915585, "gravity_food_and_drink": 11.370666991735282, "gravity_healthcare": 4.0758480099350276, "gravity_shelter": 19.071030235571968, "avg_gravity": 7.2288681408399631, "min_tt_community": 19.0, "min_tt_education": 19.0, "min_tt_essential_services": 16.0, "min_tt_food_and_drink": 15.0, "min_tt_healthcare": 17.0, "min_tt_shelter": 7.0, "avg_tt_community": 20.5, "avg_tt_education": 19.666666666666668, "avg_tt_essential_services": 21.714285714285715, "avg_tt_food_and_drink": 20.45, "avg_tt_healthcare": 19.571428571428573, "avg_tt_shelter": 20.09090909090909, "avg_tt_all": 20.332215007215009, "n_unreachable_categories": 0, "count_community": 4.0, "count_education": 3.0, "count_essential_services": 8.0, "count_food_and_drink": 20.0, "count_healthcare": 7.0, "count_shelter": 33.0, "gravity_community_per_100": 0.0, "gravity_education_per_100": 0.0, "gravity_essential_services_per_100": 0.0, "gravity_food_and_drink_per_100": 0.0, "gravity_healthcare_per_100": 0.0, "gravity_shelter_per_100": 0.0, "shannon": 1.4588572784027742, "kl_divergence": 0.17180052475462365, "jsd": 0.20419945043070625, "city_similarity": 0.79580054956929369 }, "geometry": { "type": "Polygon", "coordinates": [ [ [ 24.909614649851409, 59.473303220917686 ], [ 24.905446048381844, 59.469346757928228 ], [ 24.89662874619896, 59.469205108706632 ], [ 24.891978023639918, 59.47301987878906 ], [ 24.896145483980852, 59.476976763001041 ], [ 24.903891489786961, 59.477101243639751 ], [ 24.905202865600586, 59.476253509521484 ], [ 24.905995973994326, 59.476272465257814 ], [ 24.909614649851409, 59.473303220917686 ] ] ] } },
{ "type": "Feature", "properties": { "from_id": "389", "population": 0.0, "gravity_community": 0.51437639269832958, "gravity_education": 1.2119829546250189, "gravity_essential_services": 2.1026243253557766, "gravity_food_and_drink": 5.7493695806563032, "gravity_healthcare": 1.6013245603833188, "gravity_shelter": 6.19066672706131, "avg_gravity": 2.8950574234633426, "min_tt_community": 24.0, "min_tt_education": 13.0, "min_tt_essential_services": 21.0, "min_tt_food_and_drink": 12.0, "min_tt_healthcare": 22.0, "min_tt_shelter": 17.0, "avg_tt_community": 24.0, "avg_tt_education": 18.5, "avg_tt_essential_services": 21.5, "avg_tt_food_and_drink": 20.2, "avg_tt_healthcare": 22.666666666666668, "avg_tt_shelter": 20.818181818181817, "avg_tt_all": 21.280808080808082, "n_unreachable_categories": 0, "count_community": 1.0, "count_education": 2.0, "count_essential_services": 3.0, "count_food_and_drink": 10.0, "count_healthcare": 3.0, "count_shelter": 11.0, "gravity_community_per_100": 0.0, "gravity_education_per_100": 0.0, "gravity_essential_services_per_100": 0.0, "gravity_food_and_drink_per_100": 0.0, "gravity_healthcare_per_100": 0.0, "gravity_shelter_per_100": 0.0, "shannon": 1.4885084815487524, "kl_divergence": 0.071802322116878065, "jsd": 0.1312625901818161, "city_similarity": 0.86873740981818393 }, "geometry": { "type": "Polygon", "coordinates": [ [ [ 24.891978023639918, 59.47301987878906 ], [ 24.883159840921252, 59.472877315745144 ], [ 24.878507096252537, 59.47669159294324 ], [ 24.882673414376729, 59.480648898283228 ], [ 24.891493619749141, 59.480791505305127 ], [ 24.896145483980852, 59.476976763001041 ], [ 24.891978023639918, 59.47301987878906 ] ] ] } },
{ "type": "Feature", "properties": { "from_id": "390", "population": 0.0, "gravity_community": 0.5746466205894657, "gravity_education": 0.6419787984876657, "gravity_essential_services": 0.0, "gravity_food_and_drink": 2.1388164119895738, "gravity_healthcare": 0.0, "gravity_shelter": 7.5204443361708257, "avg_gravity": 1.8126476945395886, "min_tt_community": 20.0, "min_tt_education": 16.0, "min_tt_essential_services": null, "min_tt_food_and_drink": 17.0, "min_tt_healthcare": null, "min_tt_shelter": 16.0, "avg_tt_community": 20.0, "avg_tt_education": 16.0, "avg_tt_essential_services": null, "avg_tt_food_and_drink": 20.5, "avg_tt_healthcare": null, "avg_tt_shelter": 19.923076923076923, "avg_tt_all": 19.10576923076923, "n_unreachable_categories": 2, "count_community": 1.0, "count_education": 1.0, "count_essential_services": 0.0, "count_food_and_drink": 3.0, "count_healthcare": 0.0, "count_shelter": 13.0, "gravity_community_per_100": 0.0, "gravity_education_per_100": 0.0, "gravity_essential_services_per_100": 0.0, "gravity_food_and_drink_per_100": 0.0, "gravity_healthcare_per_100": 0.0, "gravity_shelter_per_100": 0.0, "shannon": 0.8548062899464437, "kl_divergence": 0.7117279602087565, "jsd": 0.42630566757561161, "city_similarity": 0.57369433242438839 }, "geometry": { "type": "Polygon", "coordinates": [ [ [ 24.878507096252537, 59.47669159294324 ], [ 24.869688033640987, 59.476548115824087 ], [ 24.865033266417893, 59.48036189979026 ], [ 24.869198441236922, 59.48431962616354 ], [ 24.878019526947071, 59.484463147545426 ], [ 24.882673414376729, 59.480648898283228 ], [ 24.878507096252537, 59.47669159294324 ] ] ] } },
{ "type": "Feature", "properties": { "from_id": "391", "population": 0.3023124113036616, "gravity_community": 1.0432001841806566, "gravity_education": 2.1649569741927479, "gravity_essential_services": 2.6479703612249068, "gravity_food_and_drink": 9.7588667187211673, "gravity_healthcare": 3.4483789558000559, "gravity_shelter": 14.811950575038496, "avg_gravity": 5.6458872948596719, "min_tt_community": 23.0, "min_tt_education": 18.0, "min_tt_essential_services": 20.0, "min_tt_food_and_drink": 10.0, "min_tt_healthcare": 10.0, "min_tt_shelter": 3.0, "avg_tt_community": 23.5, "avg_tt_education": 22.25, "avg_tt_essential_services": 21.666666666666668, "avg_tt_food_and_drink": 20.235294117647058, "avg_tt_healthcare": 20.333333333333332, "avg_tt_shelter": 16.652173913043477, "avg_tt_all": 20.772911338448424, "n_unreachable_categories": 0, "count_community": 2.0, "count_education": 4.0, "count_essential_services": 4.0, "count_food_and_drink": 17.0, "count_healthcare": 6.0, "count_shelter": 23.0, "gravity_community_per_100": 345.07355476477636, "gravity_education_per_100": 716.13234959716192, "gravity_essential_services_per_100": 875.90527620287446, "gravity_food_and_drink_per_100": 3228.0734610391987, "gravity_healthcare_per_100": 1140.6673450585815, "gravity_shelter_per_100": 4899.5509351286419, "shannon": 1.4627052649853567, "kl_divergence": 0.10847312943248441, "jsd": 0.16016073840453321, "city_similarity": 0.83983926159546685 }, "geometry": { "type": "Polygon", "coordinates": [ [ [ 24.905446048381844, 59.469346757928228 ], [ 24.909614649851409, 59.473303220917686 ], [ 24.914565445446595, 59.473382329610125 ], [ 24.914936065673828, 59.472846984863267 ], [ 24.914867401123047, 59.471748352050781 ], [ 24.915260314941406, 59.470710754394531 ], [ 24.91526985168457, 59.469921112060533 ], [ 24.908739089965824, 59.469181060791016 ], [ 24.907821655273438, 59.467861175537095 ], [ 24.907430648803711, 59.46778488159179 ], [ 24.907364773330762, 59.467772155735503 ], [ 24.905446048381844, 59.469346757928228 ] ] ] } },
{ "type": "Feature", "properties": { "from_id": "392", "population": 165.00998616529526, "gravity_community": 0.0, "gravity_education": 0.55894734793711187, "gravity_essential_services": 0.0, "gravity_food_and_drink": 2.5598908632287465, "gravity_healthcare": 0.8012357945621662, "gravity_shelter": 10.040972323926901, "avg_gravity": 2.3268410549424878, "min_tt_community": null, "min_tt_education": 21.0, "min_tt_essential_services": null, "min_tt_food_and_drink": 9.0, "min_tt_healthcare": 8.0, "min_tt_shelter": 5.0, "avg_tt_community": null, "avg_tt_education": 21.0, "avg_tt_essential_services": null, "avg_tt_food_and_drink": 16.75, "avg_tt_healthcare": 8.0, "avg_tt_shelter": 17.375, "avg_tt_all": 15.78125, "n_unreachable_categories": 2, "count_community": 0.0, "count_education": 1.0, "count_essential_services": 0.0, "count_food_and_drink": 4.0, "count_healthcare": 1.0, "count_shelter": 16.0, "gravity_community_per_100": 0.0, "gravity_education_per_100": 0.33873546742631572, "gravity_essential_services_per_100": 0.0, "gravity_food_and_drink_per_100": 1.5513551165712056, "gravity_healthcare_per_100": 0.48556806359558458, "gravity_shelter_per_100": 6.0850694901995626, "shannon": 0.82256077655146642, "kl_divergence": 0.6492068213318205, "jsd": 0.39829182172309591, "city_similarity": 0.60170817827690404 }, "geometry": { "type": "Polygon", "coordinates": [ [ [ 24.909614649851409, 59.473303220917686 ], [ 24.905995973994326, 59.476272465257814 ], [ 24.907917022705078, 59.476318359375007 ], [ 24.908346176147464, 59.476615905761697 ], [ 24.909738540649414, 59.475929260253913 ], [ 24.914386749267578, 59.473640441894531 ], [ 24.914565445446595, 59.473382329610125 ], [ 24.909614649851409, 59.473303220917686 ] ] ] } },
{ "type": "Feature", "properties": { "from_id": "393", "population": 202.68638250820214, "gravity_community": 0.52882379148232717, "gravity_education": 0.6419787984876657, "gravity_essential_services": 1.0, "gravity_food_and_drink": 1.1492932411789314, "gravity_healthcare": 0.0, "gravity_shelter": 11.678837908270969, "avg_gravity": 2.4998222899033156, "min_tt_community": 23.0, "min_tt_education": 16.0, "min_tt_essential_services": null, "min_tt_food_and_drink": 20.0, "min_tt_healthcare": null, "min_tt_shelter": 8.0, "avg_tt_community": 23.0, "avg_tt_education": 16.0, "avg_tt_essential_services": null, "avg_tt_food_and_drink": 20.0, "avg_tt_healthcare": null, "avg_tt_shelter": 17.894736842105264, "avg_tt_all": 19.223684210526315, "n_unreachable_categories": 2, "count_community": 1.0, "count_education": 1.0, "count_essential_services": 1.0, "count_food_and_drink": 2.0, "count_healthcare": 0.0, "count_shelter": 19.0, "gravity_community_per_100": 0.26090741022571023, "gravity_education_per_100": 0.31673504186285761, "gravity_essential_services_per_100": 0.49337305625824807, "gravity_food_and_drink_per_100": 0.56703031893739719, "gravity_healthcare_per_100": 0.0, "gravity_shelter_per_100": 5.7620239523483328, "shannon": 0.78927737648903828, "kl_divergence": 0.84098177275724129, "jsd": 0.45681972357039446, "city_similarity": 0.54318027642960554 }, "geometry": { "type": "Polygon", "coordinates": [ [ [ 24.896145483980852, 59.476976763001041 ], [ 24.891493619749141, 59.480791505305127 ], [ 24.894006636214797, 59.483177173398403 ], [ 24.894329071044922, 59.483226776123047 ], [ 24.895511627197266, 59.482574462890625 ], [ 24.897615432739258, 59.481182098388672 ], [ 24.897768020629883, 59.481082916259773 ], [ 24.899675369262695, 59.479843139648445 ], [ 24.901628494262695, 59.47857284545897 ], [ 24.903568267822266, 59.47731018066407 ], [ 24.903891489786961, 59.477101243639751 ], [ 24.896145483980852, 59.476976763001041 ] ] ] } },
{ "type": "Feature", "properties": { "from_id": "394", "population": 4572.4367380387803, "gravity_community": 2.9385654932626517, "gravity_education": 2.9951426419258329, "gravity_essential_services": 4.2539799874805428, "gravity_food_and_drink": 10.203823616833523, "gravity_healthcare": 2.8427044085755915, "gravity_shelter": 25.282088520802514, "avg_gravity": 8.0860507781467756, "min_tt_community": 12.0, "min_tt_education": 10.0, "min_tt_essential_services": 18.0, "min_tt_food_and_drink": 9.0, "min_tt_healthcare": 19.0, "min_tt_shelter": 1.0, "avg_tt_community": 19.4, "avg_tt_education": 18.8, "avg_tt_essential_services": 22.166666666666668, "avg_tt_food_and_drink": 18.705882352941178, "avg_tt_healthcare": 20.4, "avg_tt_shelter": 16.23076923076923, "avg_tt_all": 19.283886375062846, "n_unreachable_categories": 0, "count_community": 5.0, "count_education": 5.0, "count_essential_services": 7.0, "count_food_and_drink": 17.0, "count_healthcare": 5.0, "count_shelter": 39.0, "gravity_community_per_100": 0.064266946961043528, "gravity_education_per_100": 0.065504299206783911, "gravity_essential_services_per_100": 0.093035294552925168, "gravity_food_and_drink_per_100": 0.22315942683135229, "gravity_healthcare_per_100": 0.062170448087924567, "gravity_shelter_per_100": 0.5529237465545902, "shannon": 1.4232925353520223, "kl_divergence": 0.24938749862513554, "jsd": 0.24369458294822696, "city_similarity": 0.75630541705177301 }, "geometry": { "type": "Polygon", "coordinates": [ [ [ 24.891493619749141, 59.480791505305127 ], [ 24.882673414376729, 59.480648898283228 ], [ 24.878019526947071, 59.484463147545426 ], [ 24.882186725409063, 59.488420469074768 ], [ 24.889071128616393, 59.488531837536691 ], [ 24.889188766479492, 59.487953186035156 ], [ 24.887832641601562, 59.485214233398438 ], [ 24.889533996582031, 59.484310150146491 ], [ 24.892196655273438, 59.482898712158203 ], [ 24.894006636214797, 59.483177173398403 ], [ 24.891493619749141, 59.480791505305127 ] ] ] } },
{ "type": "Feature", "properties": { "from_id": "395", "population": 2866.2771720412284, "gravity_community": 3.0856340451481481, "gravity_education": 3.3020330168457814, "gravity_essential_services": 2.7209351939065298, "gravity_food_and_drink": 9.6829129721947815, "gravity_healthcare": 2.283328158504573, "gravity_shelter": 24.860533166165947, "avg_gravity": 7.6558960921276267, "min_tt_community": 6.0, "min_tt_education": 17.0, "min_tt_essential_services": 19.0, "min_tt_food_and_drink": 8.0, "min_tt_healthcare": 19.0, "min_tt_shelter": 3.0, "avg_tt_community": 18.0, "avg_tt_education": 21.666666666666668, "avg_tt_essential_services": 22.0, "avg_tt_food_and_drink": 18.4375, "avg_tt_healthcare": 20.25, "avg_tt_shelter": 16.717948717948719, "avg_tt_all": 19.51201923076923, "n_unreachable_categories": 0, "count_community": 5.0, "count_education": 6.0, "count_essential_services": 5.0, "count_food_and_drink": 16.0, "count_healthcare": 4.0, "count_shelter": 39.0, "gravity_community_per_100": 0.10765302376359868, "gravity_education_per_100": 0.11520285089854825, "gravity_essential_services_per_100": 0.094929242030309557, "gravity_food_and_drink_per_100": 0.33782193385362885, "gravity_healthcare_per_100": 0.079661805940368757, "gravity_shelter_per_100": 0.86734574760128447, "shannon": 1.3890822857224072, "kl_divergence": 0.27669543755180137, "jsd": 0.25602959847674212, "city_similarity": 0.74397040152325788 }, "geometry": { "type": "Polygon", "coordinates": [ [ [ 24.878019526947071, 59.484463147545426 ], [ 24.869198441236922, 59.48431962616354 ], [ 24.864542530164318, 59.488133382036061 ], [ 24.868708584676916, 59.492091124725761 ], [ 24.87753169457465, 59.492234690390667 ], [ 24.882186725409063, 59.488420469074768 ], [ 24.878019526947071, 59.484463147545426 ] ] ] } },
{ "type": "Feature", "properties": { "from_id": "396", "population": 793.63720047958839, "gravity_community": 1.721748223482565, "gravity_education": 1.587700133333771, "gravity_essential_services": 0.52882379148232717, "gravity_food_and_drink": 6.6462695250428689, "gravity_healthcare": 1.0432001841806566, "gravity_shelter": 18.945690021149026, "avg_gravity": 5.0789053131118687, "min_tt_community": 14.0, "min_tt_education": 21.0, "min_tt_essential_services": 23.0, "min_tt_food_and_drink": 5.0, "min_tt_healthcare": 23.0, "min_tt_shelter": 3.0, "avg_tt_community": 20.333333333333332, "avg_tt_education": 23.0, "avg_tt_essential_services": 23.0, "avg_tt_food_and_drink": 18.818181818181817, "avg_tt_healthcare": 23.5, "avg_tt_shelter": 17.133333333333333, "avg_tt_all": 20.964141414141412, "n_unreachable_categories": 0, "count_community": 3.0, "count_education": 3.0, "count_essential_services": 1.0, "count_food_and_drink": 11.0, "count_healthcare": 2.0, "count_shelter": 30.0, "gravity_community_per_100": 0.21694399184440027, "gravity_education_per_100": 0.20005364319796715, "gravity_essential_services_per_100": 0.066632938975486958, "gravity_food_and_drink_per_100": 0.83744430339537812, "gravity_healthcare_per_100": 0.13144547452542035, "gravity_shelter_per_100": 2.3871978291466558, "shannon": 1.1842082554309077, "kl_divergence": 0.39797290442331057, "jsd": 0.30662361289587647, "city_similarity": 0.69337638710412353 }, "geometry": { "type": "Polygon", "coordinates": [ [ [ 24.882186725409063, 59.488420469074768 ], [ 24.87753169457465, 59.492234690390667 ], [ 24.878273428749676, 59.492938998631566 ], [ 24.879159927368164, 59.492797851562507 ], [ 24.879859924316406, 59.492652893066399 ], [ 24.884700775146484, 59.491653442382812 ], [ 24.885284423828125, 59.49153137207032 ], [ 24.888603210449219, 59.49083328247071 ], [ 24.889071128616393, 59.488531837536691 ], [ 24.882186725409063, 59.488420469074768 ] ] ] } },
{ "type": "Feature", "properties": { "from_id": "397", "population": 298.587405232565, "gravity_community": 0.8012357945621662, "gravity_education": 1.0580533701169941, "gravity_essential_services": 1.0, "gravity_food_and_drink": 3.1506777052696311, "gravity_healthcare": 0.0, "gravity_shelter": 12.375808830451719, "avg_gravity": 3.0642959500667519, "min_tt_community": 8.0, "min_tt_education": 22.0, "min_tt_essential_services": null, "min_tt_food_and_drink": 9.0, "min_tt_healthcare": null, "min_tt_shelter": 10.0, "avg_tt_community": 8.0, "avg_tt_education": 23.0, "avg_tt_essential_services": null, "avg_tt_food_and_drink": 17.2, "avg_tt_healthcare": null, "avg_tt_shelter": 17.55, "avg_tt_all": 16.4375, "n_unreachable_categories": 2, "count_community": 1.0, "count_education": 2.0, "count_essential_services": 1.0, "count_food_and_drink": 5.0, "count_healthcare": 0.0, "count_shelter": 20.0, "gravity_community_per_100": 0.26834212713630579, "gravity_education_per_100": 0.35435298059303372, "gravity_essential_services_per_100": 0.3349103084978135, "gravity_food_and_drink_per_100": 1.0551944422490351, "gravity_healthcare_per_100": 0.0, "gravity_shelter_per_100": 4.1447859533165499, "shannon": 0.97598102624045424, "kl_divergence": 0.58663251609699685, "jsd": 0.38093579733086969, "city_similarity": 0.61906420266913031 }, "geometry": { "type": "Polygon", "coordinates": [ [ [ 24.87753169457465, 59.492234690390667 ], [ 24.868708584676916, 59.492091124725761 ], [ 24.866821492166554, 59.493636616339757 ], [ 24.867389678955078, 59.493614196777337 ], [ 24.874465942382812, 59.493339538574212 ], [ 24.87702751159668, 59.493137359619134 ], [ 24.878273428749676, 59.492938998631566 ], [ 24.87753169457465, 59.492234690390667 ] ] ] } },
{ "type": "Feature", "properties": { "from_id": "398", "population": 80.81387508585847, "gravity_community": 0.0, "gravity_education": 0.0, "gravity_essential_services": 1.0, "gravity_food_and_drink": 0.0, "gravity_healthcare": 0.0, "gravity_shelter": 0.0, "avg_gravity": 0.16666666666666666, "min_tt_community": null, "min_tt_education": null, "min_tt_essential_services": null, "min_tt_food_and_drink": null, "min_tt_healthcare": null, "min_tt_shelter": null, "avg_tt_community": null, "avg_tt_education": null, "avg_tt_essential_services": null, "avg_tt_food_and_drink": null, "avg_tt_healthcare": null, "avg_tt_shelter": null, "avg_tt_all": null, "n_unreachable_categories": 6, "count_community": 0.0, "count_education": 0.0, "count_essential_services": 1.0, "count_food_and_drink": 0.0, "count_healthcare": 0.0, "count_shelter": 0.0, "gravity_community_per_100": 0.0, "gravity_education_per_100": 0.0, "gravity_essential_services_per_100": 1.2374112724301087, "gravity_food_and_drink_per_100": 0.0, "gravity_healthcare_per_100": 0.0, "gravity_shelter_per_100": 0.0, "shannon": 1.1412925456691193e-08, "kl_divergence": 2.4276372292695942, "jsd": 0.73485996320676417, "city_similarity": 0.26514003679323583 }, "geometry": { "type": "Polygon", "coordinates": [ [ [ 24.746755909375061, 59.532834389904828 ], [ 24.742079456297652, 59.536643630532659 ], [ 24.746236915236249, 59.540605194317273 ], [ 24.748217918035316, 59.54063930597443 ], [ 24.748297324274215, 59.532860932624075 ], [ 24.746755909375061, 59.532834389904828 ] ] ] } },
{ "type": "Feature", "properties": { "from_id": "399", "population": 48.021624447498141, "gravity_community": 0.0, "gravity_education": 0.0, "gravity_essential_services": 1.0, "gravity_food_and_drink": 0.0, "gravity_healthcare": 0.0, "gravity_shelter": 0.0, "avg_gravity": 0.16666666666666666, "min_tt_community": null, "min_tt_education": null, "min_tt_essential_services": null, "min_tt_food_and_drink": null, "min_tt_healthcare": null, "min_tt_shelter": null, "avg_tt_community": null, "avg_tt_education": null, "avg_tt_essential_services": null, "avg_tt_food_and_drink": null, "avg_tt_healthcare": null, "avg_tt_shelter": null, "avg_tt_all": null, "n_unreachable_categories": 6, "count_community": 0.0, "count_education": 0.0, "count_essential_services": 1.0, "count_food_and_drink": 0.0, "count_healthcare": 0.0, "count_shelter": 0.0, "gravity_community_per_100": 0.0, "gravity_education_per_100": 0.0, "gravity_essential_services_per_100": 2.0823951948841217, "gravity_food_and_drink_per_100": 0.0, "gravity_healthcare_per_100": 0.0, "gravity_shelter_per_100": 0.0, "shannon": 1.1412925456691193e-08, "kl_divergence": 2.4276372292695942, "jsd": 0.73485996320676417, "city_similarity": 0.26514003679323583 }, "geometry": { "type": "Polygon", "coordinates": [ [ [ 24.746236915236249, 59.540605194317273 ], [ 24.74155930654063, 59.544414405391038 ], [ 24.745717640658608, 59.548375986664887 ], [ 24.748138433764431, 59.548417670460339 ], [ 24.748217918035316, 59.54063930597443 ], [ 24.746236915236249, 59.540605194317273 ] ] ] } },
{ "type": "Feature", "properties": { "from_id": "400", "population": 214.90333052111421, "gravity_community": 0.0, "gravity_education": 0.0, "gravity_essential_services": 1.0, "gravity_food_and_drink": 0.0, "gravity_healthcare": 0.0, "gravity_shelter": 0.0, "avg_gravity": 0.16666666666666666, "min_tt_community": null, "min_tt_education": null, "min_tt_essential_services": null, "min_tt_food_and_drink": null, "min_tt_healthcare": null, "min_tt_shelter": null, "avg_tt_community": null, "avg_tt_education": null, "avg_tt_essential_services": null, "avg_tt_food_and_drink": null, "avg_tt_healthcare": null, "avg_tt_shelter": null, "avg_tt_all": null, "n_unreachable_categories": 6, "count_community": 0.0, "count_education": 0.0, "count_essential_services": 1.0, "count_food_and_drink": 0.0, "count_healthcare": 0.0, "count_shelter": 0.0, "gravity_community_per_100": 0.0, "gravity_education_per_100": 0.0, "gravity_essential_services_per_100": 0.46532550127311784, "gravity_food_and_drink_per_100": 0.0, "gravity_healthcare_per_100": 0.0, "gravity_shelter_per_100": 0.0, "shannon": 1.1412925456691193e-08, "kl_divergence": 2.4276372292695942, "jsd": 0.73485996320676417, "city_similarity": 0.26514003679323583 }, "geometry": { "type": "Polygon", "coordinates": [ [ [ 24.745717640658608, 59.548375986664887 ], [ 24.741038875691164, 59.552185168173459 ], [ 24.745198085429443, 59.556146766946959 ], [ 24.748058871412812, 59.556196026082944 ], [ 24.748138433764431, 59.548417670460339 ], [ 24.745717640658608, 59.548375986664887 ] ] ] } },
{ "type": "Feature", "properties": { "from_id": "401", "population": 226.35880458758152, "gravity_community": 0.0, "gravity_education": 0.0, "gravity_essential_services": 1.0, "gravity_food_and_drink": 0.0, "gravity_healthcare": 0.0, "gravity_shelter": 0.0, "avg_gravity": 0.16666666666666666, "min_tt_community": null, "min_tt_education": null, "min_tt_essential_services": null, "min_tt_food_and_drink": null, "min_tt_healthcare": null, "min_tt_shelter": null, "avg_tt_community": null, "avg_tt_education": null, "avg_tt_essential_services": null, "avg_tt_food_and_drink": null, "avg_tt_healthcare": null, "avg_tt_shelter": null, "avg_tt_all": null, "n_unreachable_categories": 6, "count_community": 0.0, "count_education": 0.0, "count_essential_services": 1.0, "count_food_and_drink": 0.0, "count_healthcare": 0.0, "count_shelter": 0.0, "gravity_community_per_100": 0.0, "gravity_education_per_100": 0.0, "gravity_essential_services_per_100": 0.44177649807877717, "gravity_food_and_drink_per_100": 0.0, "gravity_healthcare_per_100": 0.0, "gravity_shelter_per_100": 0.0, "shannon": 1.1412925456691193e-08, "kl_divergence": 2.4276372292695942, "jsd": 0.73485996320676417, "city_similarity": 0.26514003679323583 }, "geometry": { "type": "Polygon", "coordinates": [ [ [ 24.745198085429443, 59.556146766946959 ], [ 24.742825062138085, 59.558078383650724 ], [ 24.748006875488667, 59.561275243061147 ], [ 24.748058871412812, 59.556196026082944 ], [ 24.745198085429443, 59.556146766946959 ] ] ] } },
{ "type": "Feature", "properties": { "from_id": "402", "population": 56.13644034084831, "gravity_community": 0.0, "gravity_education": 0.0, "gravity_essential_services": 0.0, "gravity_food_and_drink": 1.2488800385824887, "gravity_healthcare": 0.0, "gravity_shelter": 0.62444001929124437, "avg_gravity": 0.31222000964562219, "min_tt_community": null, "min_tt_education": null, "min_tt_essential_services": null, "min_tt_food_and_drink": 17.0, "min_tt_healthcare": null, "min_tt_shelter": 17.0, "avg_tt_community": null, "avg_tt_education": null, "avg_tt_essential_services": null, "avg_tt_food_and_drink": 17.0, "avg_tt_healthcare": null, "avg_tt_shelter": 17.0, "avg_tt_all": 17.0, "n_unreachable_categories": 4, "count_community": 0.0, "count_education": 0.0, "count_essential_services": 0.0, "count_food_and_drink": 2.0, "count_healthcare": 0.0, "count_shelter": 1.0, "gravity_community_per_100": 0.0, "gravity_education_per_100": 0.0, "gravity_essential_services_per_100": 0.0, "gravity_food_and_drink_per_100": 2.2247225349515567, "gravity_healthcare_per_100": 0.0, "gravity_shelter_per_100": 1.1123612674757783, "shannon": 0.63651417745556094, "kl_divergence": 0.39507046192732737, "jsd": 0.35923772996494657, "city_similarity": 0.64076227003505348 }, "geometry": { "type": "Polygon", "coordinates": [ [ [ 24.743637733702549, 59.579459035392915 ], [ 24.747821243082367, 59.579531066061712 ], [ 24.747884414134916, 59.573316933150984 ], [ 24.74785041809082, 59.573314666748047 ], [ 24.747791290283203, 59.573295593261726 ], [ 24.747720718383789, 59.573261260986335 ], [ 24.747623443603516, 59.573234558105455 ], [ 24.747560501098633, 59.573200225830071 ], [ 24.747489929199219, 59.573165893554695 ], [ 24.747413635253906, 59.573112487792969 ], [ 24.747344970703125, 59.573074340820305 ], [ 24.747295379638675, 59.573040008544922 ], [ 24.747261047363281, 59.573032379150391 ], [ 24.747194290161133, 59.573024749755866 ], [ 24.747133255004883, 59.573024749755866 ], [ 24.747070312500004, 59.573043823242188 ], [ 24.747020721435547, 59.573066711425767 ], [ 24.747001647949222, 59.573093414306634 ], [ 24.74699592590332, 59.57311630249022 ], [ 24.746997833251953, 59.573146820068359 ], [ 24.747020721435547, 59.573173522949233 ], [ 24.7470703125, 59.573196411132812 ], [ 24.747125625610355, 59.573215484619155 ], [ 24.747175216674805, 59.573238372802741 ], [ 24.747194290161133, 59.573253631591783 ], [ 24.747220993041992, 59.573291778564453 ], [ 24.747236251831055, 59.573318481445305 ], [ 24.747226715087891, 59.573368072509759 ], [ 24.747196197509766, 59.573421478271499 ], [ 24.747163772583011, 59.573459625244126 ], [ 24.747123718261719, 59.573493957519531 ], [ 24.747072219848633, 59.573528289794929 ], [ 24.747055053710938, 59.57354736328125 ], [ 24.747020721435547, 59.573574066162109 ], [ 24.746955871582035, 59.573600769042955 ], [ 24.746891021728516, 59.573619842529297 ], [ 24.746847152709961, 59.573642730712876 ], [ 24.746828079223633, 59.573657989501939 ], [ 24.746809005737305, 59.573673248291009 ], [ 24.746786117553711, 59.573711395263679 ], [ 24.746753692626953, 59.573749542236314 ], [ 24.746734619140625, 59.573791503906257 ], [ 24.746715545654297, 59.573844909667969 ], [ 24.746692657470703, 59.573883056640625 ], [ 24.746671676635742, 59.57391357421875 ], [ 24.746648788452148, 59.573970794677741 ], [ 24.746614456176761, 59.574035644531264 ], [ 24.746559143066406, 59.574134826660149 ], [ 24.746538162231445, 59.574161529541016 ], [ 24.746509552001953, 59.574199676513686 ], [ 24.746477127075195, 59.574260711669922 ], [ 24.74638557434082, 59.574378967285156 ], [ 24.746332168579102, 59.574428558349595 ], [ 24.746294021606445, 59.574470520019531 ], [ 24.746261596679688, 59.574501037597663 ], [ 24.746131896972656, 59.574626922607436 ], [ 24.746095657348633, 59.574657440185561 ], [ 24.746049880981449, 59.574703216552741 ], [ 24.746007919311523, 59.574745178222656 ], [ 24.745965957641602, 59.574790954589844 ], [ 24.745695114135742, 59.575046539306648 ], [ 24.745584487915039, 59.575138092041009 ], [ 24.745529174804688, 59.575187683105476 ], [ 24.745292663574222, 59.575386047363267 ], [ 24.744474411010742, 59.576007843017578 ], [ 24.744138717651367, 59.576251983642585 ], [ 24.744083404541016, 59.576297760009744 ], [ 24.744028091430664, 59.576354980468743 ], [ 24.743513107299805, 59.576713562011726 ], [ 24.743217468261719, 59.576953887939453 ], [ 24.742912292480469, 59.577106475830078 ], [ 24.742788314819336, 59.577201843261719 ], [ 24.742828369140625, 59.577266693115241 ], [ 24.742889404296875, 59.577323913574219 ], [ 24.742834091186523, 59.577369689941392 ], [ 24.7428092956543, 59.577396392822244 ], [ 24.74273681640625, 59.577404022216811 ], [ 24.742649078369141, 59.577438354492173 ], [ 24.74267578125, 59.577602386474602 ], [ 24.742607116699222, 59.577713012695312 ], [ 24.742595672607422, 59.577735900878906 ], [ 24.7425537109375, 59.577796936035163 ], [ 24.742465972900391, 59.577861785888672 ], [ 24.742391586303714, 59.577915191650384 ], [ 24.74234771728516, 59.577972412109361 ], [ 24.742311477661133, 59.578006744384751 ], [ 24.742294311523438, 59.578022003173821 ], [ 24.742170356674563, 59.578062360601336 ], [ 24.743637733702549, 59.579459035392915 ] ] ] } },
{ "type": "Feature", "properties": { "from_id": "403", "population": 1054.1747752539004, "gravity_community": 0.0, "gravity_education": 0.0, "gravity_essential_services": 0.0, "gravity_food_and_drink": 1.0147000877115642, "gravity_healthcare": 0.0, "gravity_shelter": 0.50032369501323448, "avg_gravity": 0.25250396378746642, "min_tt_community": null, "min_tt_education": null, "min_tt_essential_services": null, "min_tt_food_and_drink": 24.0, "min_tt_healthcare": null, "min_tt_shelter": 25.0, "avg_tt_community": null, "avg_tt_education": null, "avg_tt_essential_services": null, "avg_tt_food_and_drink": 24.5, "avg_tt_healthcare": null, "avg_tt_shelter": 25.0, "avg_tt_all": 24.75, "n_unreachable_categories": 4, "count_community": 0.0, "count_education": 0.0, "count_essential_services": 0.0, "count_food_and_drink": 2.0, "count_healthcare": 0.0, "count_shelter": 1.0, "gravity_community_per_100": 0.0, "gravity_education_per_100": 0.0, "gravity_essential_services_per_100": 0.0, "gravity_food_and_drink_per_100": 0.096255394411915357, "gravity_healthcare_per_100": 0.0, "gravity_shelter_per_100": 0.047461171217337311, "shannon": 0.63651417745556094, "kl_divergence": 0.39507046192732737, "jsd": 0.35923772996494657, "city_similarity": 0.64076227003505348 }, "geometry": { "type": "Polygon", "coordinates": [ [ [ 24.741180364735335, 59.585386746190885 ], [ 24.741191864013672, 59.585388183593757 ], [ 24.741308212280273, 59.585407257080092 ], [ 24.741420745849613, 59.585430145263658 ], [ 24.741506576538086, 59.585453033447266 ], [ 24.741588592529297, 59.585472106933601 ], [ 24.741744995117188, 59.585506439208991 ], [ 24.741830825805664, 59.585533142089844 ], [ 24.741914749145508, 59.585559844970689 ], [ 24.742004394531254, 59.585582733154276 ], [ 24.742080688476562, 59.585601806640618 ], [ 24.742166519165039, 59.585617065429688 ], [ 24.742282867431641, 59.58564758300782 ], [ 24.742397308349613, 59.585685729980476 ], [ 24.742549896240234, 59.585735321044936 ], [ 24.742780685424805, 59.585834503173828 ], [ 24.742862701416016, 59.585861206054695 ], [ 24.742956161499023, 59.585884094238303 ], [ 24.742973327636719, 59.585891723632827 ], [ 24.743043899536133, 59.585929870605462 ], [ 24.743131637573242, 59.585956573486349 ], [ 24.743234634399414, 59.585971832275405 ], [ 24.743318557739258, 59.585971832275376 ], [ 24.743392944335938, 59.585968017578118 ], [ 24.74346923828125, 59.585968017578118 ], [ 24.743562698364258, 59.585968017578132 ], [ 24.743673324584961, 59.585979461669915 ], [ 24.743749618530273, 59.585987091064453 ], [ 24.743844985961914, 59.585994720458977 ], [ 24.743978500366214, 59.586009979248061 ], [ 24.744064331054688, 59.586025238037081 ], [ 24.744132995605469, 59.586032867431655 ], [ 24.744241714477539, 59.586048126220696 ], [ 24.744348526000977, 59.586063385009773 ], [ 24.744461059570312, 59.586071014404297 ], [ 24.744569778442383, 59.586078643798828 ], [ 24.744686126708984, 59.586078643798828 ], [ 24.744861602783203, 59.586082458496101 ], [ 24.744968414306644, 59.586078643798828 ], [ 24.745199203491211, 59.586086273193366 ], [ 24.745294570922852, 59.586078643798828 ], [ 24.745384216308594, 59.586059570312493 ], [ 24.745468139648438, 59.586051940917962 ], [ 24.74555778503418, 59.586044311523423 ], [ 24.745674133300781, 59.586025238037102 ], [ 24.745775222778324, 59.585998535156236 ], [ 24.745874404907227, 59.58596038818358 ], [ 24.745944976806641, 59.585926055908189 ], [ 24.746025085449219, 59.585891723632827 ], [ 24.74608039855957, 59.585865020751953 ], [ 24.746160507202148, 59.585830688476562 ], [ 24.746210098266602, 59.585796356201172 ], [ 24.746265411376953, 59.585762023925781 ], [ 24.746326446533203, 59.585746765136712 ], [ 24.746387481689453, 59.585731506347663 ], [ 24.7464599609375, 59.585727691650376 ], [ 24.746562957763672, 59.585731506347663 ], [ 24.746677398681641, 59.585739135742173 ], [ 24.746774673461914, 59.585739135742173 ], [ 24.746845245361328, 59.585746765136719 ], [ 24.746946334838867, 59.585758209228509 ], [ 24.747035980224609, 59.585773468017592 ], [ 24.747137069702148, 59.585800170898423 ], [ 24.747194290161133, 59.585815429687507 ], [ 24.747259140014648, 59.585826873779304 ], [ 24.747383117675781, 59.585838317871101 ], [ 24.747514724731445, 59.585845947265625 ], [ 24.747636795043949, 59.585857391357408 ], [ 24.747697830200199, 59.585853576660142 ], [ 24.747756958007812, 59.585849761962898 ], [ 24.747821243082367, 59.579531066061712 ], [ 24.743637733702549, 59.579459035392915 ], [ 24.739737106460392, 59.582631535275908 ], [ 24.739765167236328, 59.582668304443345 ], [ 24.73978424072266, 59.582702636718736 ], [ 24.73980712890625, 59.582771301269531 ], [ 24.739835739135742, 59.582866668701158 ], [ 24.739847183227539, 59.582931518554695 ], [ 24.739849090576172, 59.582977294921868 ], [ 24.739843368530273, 59.583019256591783 ], [ 24.739728927612308, 59.583518981933587 ], [ 24.73934547013123, 59.583640385750378 ], [ 24.739405911951305, 59.583697914496362 ], [ 24.739604949951172, 59.583652496337898 ], [ 24.739921569824219, 59.58367919921875 ], [ 24.740188598632812, 59.583827972412102 ], [ 24.740341186523438, 59.583923339843757 ], [ 24.740383148193359, 59.583950042724609 ], [ 24.740425109863281, 59.583984375 ], [ 24.740571975708008, 59.584117889404297 ], [ 24.740610122680664, 59.584163665771484 ], [ 24.740634918212891, 59.584194183349616 ], [ 24.74067497253418, 59.58425140380858 ], [ 24.740716934204105, 59.584308624267564 ], [ 24.740758895874023, 59.584369659423821 ], [ 24.740779876708984, 59.584426879882827 ], [ 24.74078369140625, 59.584472656249986 ], [ 24.740779876708984, 59.584510803222656 ], [ 24.740781784057617, 59.584526062011712 ], [ 24.740791320800781, 59.584655761718757 ], [ 24.740781784057617, 59.58470535278321 ], [ 24.740772247314453, 59.584743499755859 ], [ 24.740741729736328, 59.584831237792962 ], [ 24.740732192993164, 59.584873199462905 ], [ 24.740713119506836, 59.584922790527344 ], [ 24.740703683368121, 59.584933084509068 ], [ 24.741180364735335, 59.585386746190885 ] ] ] } }
]
}
