{
"type": "FeatureCollection",
"name": "edinburgh_scores",
"crs": { "type": "name", "properties": { "name": "urn:ogc:def:crs:OGC:1.3:CRS84" } },
"features": [
{ "type": "Feature", "properties": { "from_id": "0", "population": 0.0, "gravity_community": 0.0, "gravity_education": 0.0, "gravity_essential_services": 1.0, "gravity_food_and_drink": 0.0, "gravity_healthcare": 0.0, "gravity_shelter": 0.0, "avg_gravity": 0.16666666666666666, "min_tt_community": null, "min_tt_education": null, "min_tt_essential_services": null, "min_tt_food_and_drink": null, "min_tt_healthcare": null, "min_tt_shelter": null, "avg_tt_community": null, "avg_tt_education": null, "avg_tt_essential_services": null, "avg_tt_food_and_drink": null, "avg_tt_healthcare": null, "avg_tt_shelter": null, "avg_tt_all": null, "n_unreachable_categories": 6, "count_community": 0.0, "count_education": 0.0, "count_essential_services": 1.0, "count_food_and_drink": 0.0, "count_healthcare": 0.0, "count_shelter": 0.0, "gravity_community_per_100": 0.0, "gravity_education_per_100": 0.0, "gravity_essential_services_per_100": 0.0, "gravity_food_and_drink_per_100": 0.0, "gravity_healthcare_per_100": 0.0, "gravity_shelter_per_100": 0.0, "shannon": 1.1412925456691193e-08, "kl_divergence": 2.066342100298014, "jsd": 0.70364990877528588, "city_similarity": 0.29635009122471412 }, "geometry": { "type": "Polygon", "coordinates": [ [ [ -3.372238035203019, 55.822740158176643 ], [ -3.37193648232862, 55.822741070242778 ], [ -3.372108459472657, 55.822647094726555 ], [ -3.372684955596923, 55.822242736816392 ], [ -3.373174428939819, 55.821640014648438 ], [ -3.373419199549918, 55.821573984116093 ], [ -3.372238035203019, 55.822740158176643 ] ] ] } },
{ "type": "Feature", "properties": { "from_id": "1", "population": 0.066826173154836008, "gravity_community": 0.0, "gravity_education": 0.0, "gravity_essential_services": 0.0, "gravity_food_and_drink": 1.0, "gravity_healthcare": 0.0, "gravity_shelter": 0.0, "avg_gravity": 0.16666666666666666, "min_tt_community": null, "min_tt_education": null, "min_tt_essential_services": null, "min_tt_food_and_drink": null, "min_tt_healthcare": null, "min_tt_shelter": null, "avg_tt_community": null, "avg_tt_education": null, "avg_tt_essential_services": null, "avg_tt_food_and_drink": null, "avg_tt_healthcare": null, "avg_tt_shelter": null, "avg_tt_all": null, "n_unreachable_categories": 6, "count_community": 0.0, "count_education": 0.0, "count_essential_services": 0.0, "count_food_and_drink": 1.0, "count_healthcare": 0.0, "count_shelter": 0.0, "gravity_community_per_100": 0.0, "gravity_education_per_100": 0.0, "gravity_essential_services_per_100": 0.0, "gravity_food_and_drink_per_100": 1496.4196703034356, "gravity_healthcare_per_100": 0.0, "gravity_shelter_per_100": 0.0, "shannon": 1.1412925456691193e-08, "kl_divergence": 0.50370937095792179, "jsd": 0.4022436289892084, "city_similarity": 0.5977563710107916 }, "geometry": { "type": "Polygon", "coordinates": [ [ [ -3.388198608032345, 55.822690829438876 ], [ -3.384246815290944, 55.82659397484742 ], [ -3.37626573242033, 55.826618642799687 ], [ -3.372238035203019, 55.822740158176643 ], [ -3.373419199549918, 55.821573984116093 ], [ -3.374913692474365, 55.821170806884759 ], [ -3.376860141754151, 55.820693969726555 ], [ -3.378586530685425, 55.820320129394524 ], [ -3.379270792007447, 55.820484161376953 ], [ -3.381590604782104, 55.820186614990227 ], [ -3.384343862533569, 55.820186614990241 ], [ -3.38552218714364, 55.820114418357072 ], [ -3.388198608032345, 55.822690829438876 ] ] ] } },
{ "type": "Feature", "properties": { "from_id": "2", "population": 0.0, "gravity_community": 0.0, "gravity_education": 1.0, "gravity_essential_services": 0.0, "gravity_food_and_drink": 0.0, "gravity_healthcare": 0.0, "gravity_shelter": 0.0, "avg_gravity": 0.16666666666666666, "min_tt_community": null, "min_tt_education": null, "min_tt_essential_services": null, "min_tt_food_and_drink": null, "min_tt_healthcare": null, "min_tt_shelter": null, "avg_tt_community": null, "avg_tt_education": null, "avg_tt_essential_services": null, "avg_tt_food_and_drink": null, "avg_tt_healthcare": null, "avg_tt_shelter": null, "avg_tt_all": null, "n_unreachable_categories": 6, "count_community": 0.0, "count_education": 1.0, "count_essential_services": 0.0, "count_food_and_drink": 0.0, "count_healthcare": 0.0, "count_shelter": 0.0, "gravity_community_per_100": 0.0, "gravity_education_per_100": 0.0, "gravity_essential_services_per_100": 0.0, "gravity_food_and_drink_per_100": 0.0, "gravity_healthcare_per_100": 0.0, "gravity_shelter_per_100": 0.0, "shannon": 1.1412925456691193e-08, "kl_divergence": 2.6441403530287566, "jsd": 0.74995030098831073, "city_similarity": 0.25004969901168927 }, "geometry": { "type": "Polygon", "coordinates": [ [ [ -3.360303530030073, 55.826666425499667 ], [ -3.352322411032308, 55.82668954024404 ], [ -3.352149277810112, 55.826522707652039 ], [ -3.355160474777222, 55.825275421142585 ], [ -3.356004953384399, 55.824771881103516 ], [ -3.35788631439209, 55.825164794921868 ], [ -3.359161615371704, 55.825576782226555 ], [ -3.360013961791992, 55.825756072998047 ], [ -3.361242045609119, 55.825740291674116 ], [ -3.360303530030073, 55.826666425499667 ] ] ] } },
{ "type": "Feature", "properties": { "from_id": "3", "population": 0.0, "gravity_community": 0.0, "gravity_education": 0.0, "gravity_essential_services": 1.0, "gravity_food_and_drink": 0.0, "gravity_healthcare": 0.0, "gravity_shelter": 0.0, "avg_gravity": 0.16666666666666666, "min_tt_community": null, "min_tt_education": null, "min_tt_essential_services": null, "min_tt_food_and_drink": null, "min_tt_healthcare": null, "min_tt_shelter": null, "avg_tt_community": null, "avg_tt_education": null, "avg_tt_essential_services": null, "avg_tt_food_and_drink": null, "avg_tt_healthcare": null, "avg_tt_shelter": null, "avg_tt_all": null, "n_unreachable_categories": 6, "count_community": 0.0, "count_education": 0.0, "count_essential_services": 1.0, "count_food_and_drink": 0.0, "count_healthcare": 0.0, "count_shelter": 0.0, "gravity_community_per_100": 0.0, "gravity_education_per_100": 0.0, "gravity_essential_services_per_100": 0.0, "gravity_food_and_drink_per_100": 0.0, "gravity_healthcare_per_100": 0.0, "gravity_shelter_per_100": 0.0, "shannon": 1.1412925456691193e-08, "kl_divergence": 2.066342100298014, "jsd": 0.70364990877528588, "city_similarity": 0.29635009122471412 }, "geometry": { "type": "Polygon", "coordinates": [ [ [ -3.352322411032308, 55.82668954024404 ], [ -3.349990473263238, 55.828989874036786 ], [ -3.349791526794433, 55.828346252441399 ], [ -3.350675344467163, 55.82713317871093 ], [ -3.352149277810112, 55.826522707652039 ], [ -3.352322411032308, 55.82668954024404 ] ] ] } },
{ "type": "Feature", "properties": { "from_id": "4", "population": 0.0079287638653016794, "gravity_community": 0.0, "gravity_education": 0.0, "gravity_essential_services": 0.0, "gravity_food_and_drink": 1.0, "gravity_healthcare": 0.0, "gravity_shelter": 0.0, "avg_gravity": 0.16666666666666666, "min_tt_community": null, "min_tt_education": null, "min_tt_essential_services": null, "min_tt_food_and_drink": null, "min_tt_healthcare": null, "min_tt_shelter": null, "avg_tt_community": null, "avg_tt_education": null, "avg_tt_essential_services": null, "avg_tt_food_and_drink": null, "avg_tt_healthcare": null, "avg_tt_shelter": null, "avg_tt_all": null, "n_unreachable_categories": 6, "count_community": 0.0, "count_education": 0.0, "count_essential_services": 0.0, "count_food_and_drink": 1.0, "count_healthcare": 0.0, "count_shelter": 0.0, "gravity_community_per_100": 0.0, "gravity_education_per_100": 0.0, "gravity_essential_services_per_100": 0.0, "gravity_food_and_drink_per_100": 12612.306495546658, "gravity_healthcare_per_100": 0.0, "gravity_shelter_per_100": 0.0, "shannon": 1.1412925456691193e-08, "kl_divergence": 0.50370937095792179, "jsd": 0.4022436289892084, "city_similarity": 0.5977563710107916 }, "geometry": { "type": "Polygon", "coordinates": [ [ [ -3.372238035203019, 55.822740158176643 ], [ -3.37626573242033, 55.826618642799687 ], [ -3.37231234663656, 55.830521404581063 ], [ -3.364330448783586, 55.830545299402331 ], [ -3.360303530030073, 55.826666425499667 ], [ -3.361242045609119, 55.825740291674116 ], [ -3.361498117446899, 55.825736999511726 ], [ -3.363485813140869, 55.825290679931634 ], [ -3.367594957351684, 55.824115753173814 ], [ -3.369039297103882, 55.824108123779297 ], [ -3.369532346725464, 55.824054718017571 ], [ -3.37193648232862, 55.822741070242778 ], [ -3.372238035203019, 55.822740158176643 ] ] ] } },
{ "type": "Feature", "properties": { "from_id": "5", "population": 0.0, "gravity_community": 0.0, "gravity_education": 0.0, "gravity_essential_services": 0.0, "gravity_food_and_drink": 1.0, "gravity_healthcare": 0.0, "gravity_shelter": 0.0, "avg_gravity": 0.16666666666666666, "min_tt_community": null, "min_tt_education": null, "min_tt_essential_services": null, "min_tt_food_and_drink": null, "min_tt_healthcare": null, "min_tt_shelter": null, "avg_tt_community": null, "avg_tt_education": null, "avg_tt_essential_services": null, "avg_tt_food_and_drink": null, "avg_tt_healthcare": null, "avg_tt_shelter": null, "avg_tt_all": null, "n_unreachable_categories": 6, "count_community": 0.0, "count_education": 0.0, "count_essential_services": 0.0, "count_food_and_drink": 1.0, "count_healthcare": 0.0, "count_shelter": 0.0, "gravity_community_per_100": 0.0, "gravity_education_per_100": 0.0, "gravity_essential_services_per_100": 0.0, "gravity_food_and_drink_per_100": 0.0, "gravity_healthcare_per_100": 0.0, "gravity_shelter_per_100": 0.0, "shannon": 1.1412925456691193e-08, "kl_divergence": 0.50370937095792179, "jsd": 0.4022436289892084, "city_similarity": 0.5977563710107916 }, "geometry": { "type": "Polygon", "coordinates": [ [ [ -3.388198608032345, 55.822690829438876 ], [ -3.38552218714364, 55.820114418357072 ], [ -3.386398315429688, 55.820060729980462 ], [ -3.387996912002563, 55.819458007812493 ], [ -3.391245126724243, 55.818790435791001 ], [ -3.391724586486816, 55.818805694580071 ], [ -3.392059564590455, 55.818885803222649 ], [ -3.392881631851197, 55.819030761718743 ], [ -3.393324851989747, 55.819149017333991 ], [ -3.394766569137573, 55.819744110107422 ], [ -3.394198179244996, 55.820140838623047 ], [ -3.39336633682251, 55.820762634277337 ], [ -3.392785310745239, 55.821247100830078 ], [ -3.392688035964965, 55.821430206298821 ], [ -3.392386913299561, 55.822154998779304 ], [ -3.392259836196899, 55.822399139404304 ], [ -3.392077684402466, 55.822666168212884 ], [ -3.392068408279477, 55.822678557284476 ], [ -3.388198608032345, 55.822690829438876 ] ] ] } },
{ "type": "Feature", "properties": { "from_id": "6", "population": 0.02927990591148661, "gravity_community": 0.0, "gravity_education": 0.0, "gravity_essential_services": 0.0, "gravity_food_and_drink": 1.0, "gravity_healthcare": 0.0, "gravity_shelter": 0.0, "avg_gravity": 0.16666666666666666, "min_tt_community": null, "min_tt_education": null, "min_tt_essential_services": null, "min_tt_food_and_drink": null, "min_tt_healthcare": null, "min_tt_shelter": null, "avg_tt_community": null, "avg_tt_education": null, "avg_tt_essential_services": null, "avg_tt_food_and_drink": null, "avg_tt_healthcare": null, "avg_tt_shelter": null, "avg_tt_all": null, "n_unreachable_categories": 6, "count_community": 0.0, "count_education": 0.0, "count_essential_services": 0.0, "count_food_and_drink": 1.0, "count_healthcare": 0.0, "count_shelter": 0.0, "gravity_community_per_100": 0.0, "gravity_education_per_100": 0.0, "gravity_essential_services_per_100": 0.0, "gravity_food_and_drink_per_100": 3415.3115212289549, "gravity_healthcare_per_100": 0.0, "gravity_shelter_per_100": 0.0, "shannon": 1.1412925456691193e-08, "kl_divergence": 0.50370937095792179, "jsd": 0.4022436289892084, "city_similarity": 0.5977563710107916 }, "geometry": { "type": "Polygon", "coordinates": [ [ [ -3.388276105550624, 55.830472061509212 ], [ -3.384246815290944, 55.82659397484742 ], [ -3.388198608032345, 55.822690829438876 ], [ -3.392068408279477, 55.822678557284476 ], [ -3.391506433486938, 55.823429107666023 ], [ -3.390815496444702, 55.823974609375 ], [ -3.390788316726684, 55.824104309082031 ], [ -3.390852928161622, 55.825019836425788 ], [ -3.391000986099243, 55.825366973876953 ], [ -3.392176389694213, 55.826988220214844 ], [ -3.394382238388062, 55.829299926757812 ], [ -3.395092010498047, 55.830173492431634 ], [ -3.395298363526902, 55.830449700110776 ], [ -3.388276105550624, 55.830472061509212 ] ] ] } },
{ "type": "Feature", "properties": { "from_id": "7", "population": 0.0, "gravity_community": 0.0, "gravity_education": 0.0, "gravity_essential_services": 0.0, "gravity_food_and_drink": 0.0, "gravity_healthcare": 0.0, "gravity_shelter": 0.0, "avg_gravity": 0.0, "min_tt_community": null, "min_tt_education": null, "min_tt_essential_services": null, "min_tt_food_and_drink": null, "min_tt_healthcare": null, "min_tt_shelter": null, "avg_tt_community": null, "avg_tt_education": null, "avg_tt_essential_services": null, "avg_tt_food_and_drink": null, "avg_tt_healthcare": null, "avg_tt_shelter": null, "avg_tt_all": null, "n_unreachable_categories": 6, "count_community": 0.0, "count_education": 0.0, "count_essential_services": 0.0, "count_food_and_drink": 0.0, "count_healthcare": 0.0, "count_shelter": 0.0, "gravity_community_per_100": 0.0, "gravity_education_per_100": 0.0, "gravity_essential_services_per_100": 0.0, "gravity_food_and_drink_per_100": 0.0, "gravity_healthcare_per_100": 0.0, "gravity_shelter_per_100": 0.0, "shannon": 1.3815510557964275e-08, "kl_divergence": 0.57496298658424649, "jsd": 0.35510301691020779, "city_similarity": 0.64489698308979215 }, "geometry": { "type": "MultiPolygon", "coordinates": [ [ [ [ -3.40028884977042, 55.834324301680155 ], [ -3.398966367242136, 55.833052180737788 ], [ -3.399338960647583, 55.833065032958977 ], [ -3.399657011032104, 55.833034515380852 ], [ -3.399897098541259, 55.833045959472649 ], [ -3.400083303451538, 55.833122253417976 ], [ -3.400211572647095, 55.833137512207031 ], [ -3.400357007980347, 55.83318710327147 ], [ -3.400553703308105, 55.833328247070298 ], [ -3.400747776031494, 55.833396911621101 ], [ -3.400795936584473, 55.833400726318359 ], [ -3.400927066802979, 55.833496093750007 ], [ -3.401489973068237, 55.833606719970696 ], [ -3.402234315872192, 55.833881378173835 ], [ -3.402467250823974, 55.83392333984375 ], [ -3.40275001525879, 55.834018707275398 ], [ -3.402848243713378, 55.834087371826158 ], [ -3.403014659881592, 55.83427429199218 ], [ -3.403111934661865, 55.834312438964844 ], [ -3.403205122294063, 55.834314779649823 ], [ -3.40028884977042, 55.834324301680155 ] ] ], [ [ [ -3.403268924709987, 55.834314570553495 ], [ -3.403460979461669, 55.83425140380858 ], [ -3.403541088104248, 55.834259033203118 ], [ -3.403598546981812, 55.834304809570291 ], [ -3.403619761186658, 55.834313420184159 ], [ -3.403268924709987, 55.834314570553495 ] ] ] ] } },
{ "type": "Feature", "properties": { "from_id": "8", "population": 0.0, "gravity_community": 0.0, "gravity_education": 1.0, "gravity_essential_services": 0.0, "gravity_food_and_drink": 0.0, "gravity_healthcare": 0.0, "gravity_shelter": 0.0, "avg_gravity": 0.16666666666666666, "min_tt_community": null, "min_tt_education": null, "min_tt_essential_services": null, "min_tt_food_and_drink": null, "min_tt_healthcare": null, "min_tt_shelter": null, "avg_tt_community": null, "avg_tt_education": null, "avg_tt_essential_services": null, "avg_tt_food_and_drink": null, "avg_tt_healthcare": null, "avg_tt_shelter": null, "avg_tt_all": null, "n_unreachable_categories": 6, "count_community": 0.0, "count_education": 1.0, "count_essential_services": 0.0, "count_food_and_drink": 0.0, "count_healthcare": 0.0, "count_shelter": 0.0, "gravity_community_per_100": 0.0, "gravity_education_per_100": 0.0, "gravity_essential_services_per_100": 0.0, "gravity_food_and_drink_per_100": 0.0, "gravity_healthcare_per_100": 0.0, "gravity_shelter_per_100": 0.0, "shannon": 1.1412925456691193e-08, "kl_divergence": 2.6441403530287566, "jsd": 0.74995030098831073, "city_similarity": 0.25004969901168927 }, "geometry": { "type": "Polygon", "coordinates": [ [ [ -3.40028884977042, 55.834324301680155 ], [ -3.396337095517637, 55.838227827957979 ], [ -3.388353641165903, 55.838253283600729 ], [ -3.384323535140749, 55.834375205568861 ], [ -3.388276105550624, 55.830472061509212 ], [ -3.395298363526902, 55.830449700110776 ], [ -3.395955562591553, 55.831329345703118 ], [ -3.396045923233032, 55.831401824951172 ], [ -3.395794391632081, 55.831512451171868 ], [ -3.395893573760986, 55.831600189208991 ], [ -3.395978212356567, 55.831737518310547 ], [ -3.39621376991272, 55.831848144531257 ], [ -3.396371841430665, 55.83203125 ], [ -3.396697998046875, 55.83221435546875 ], [ -3.396740198135376, 55.832283020019524 ], [ -3.39675235748291, 55.832401275634759 ], [ -3.396818876266479, 55.832469940185547 ], [ -3.397296667098999, 55.832664489746094 ], [ -3.397814273834228, 55.832847595214837 ], [ -3.398482799530029, 55.833019256591804 ], [ -3.398675441741943, 55.833042144775391 ], [ -3.398966367242136, 55.833052180737788 ], [ -3.40028884977042, 55.834324301680155 ] ] ] } },
{ "type": "Feature", "properties": { "from_id": "9", "population": 0.040617913290578671, "gravity_community": 0.0, "gravity_education": 0.0, "gravity_essential_services": 1.0, "gravity_food_and_drink": 0.0, "gravity_healthcare": 0.0, "gravity_shelter": 0.0, "avg_gravity": 0.16666666666666666, "min_tt_community": null, "min_tt_education": null, "min_tt_essential_services": null, "min_tt_food_and_drink": null, "min_tt_healthcare": null, "min_tt_shelter": null, "avg_tt_community": null, "avg_tt_education": null, "avg_tt_essential_services": null, "avg_tt_food_and_drink": null, "avg_tt_healthcare": null, "avg_tt_shelter": null, "avg_tt_all": null, "n_unreachable_categories": 6, "count_community": 0.0, "count_education": 0.0, "count_essential_services": 1.0, "count_food_and_drink": 0.0, "count_healthcare": 0.0, "count_shelter": 0.0, "gravity_community_per_100": 0.0, "gravity_education_per_100": 0.0, "gravity_essential_services_per_100": 2461.9679323407049, "gravity_food_and_drink_per_100": 0.0, "gravity_healthcare_per_100": 0.0, "gravity_shelter_per_100": 0.0, "shannon": 1.1412925456691193e-08, "kl_divergence": 2.066342100298014, "jsd": 0.70364990877528588, "city_similarity": 0.29635009122471412 }, "geometry": { "type": "Polygon", "coordinates": [ [ [ -3.37626573242033, 55.826618642799687 ], [ -3.384246815290944, 55.82659397484742 ], [ -3.388276105550624, 55.830472061509212 ], [ -3.384323535140749, 55.834375205568861 ], [ -3.376340858836277, 55.834399880689595 ], [ -3.37231234663656, 55.830521404581063 ], [ -3.37626573242033, 55.826618642799687 ] ] ] } },
{ "type": "Feature", "properties": { "from_id": "10", "population": 0.30233860571570359, "gravity_community": 0.0, "gravity_education": 0.0, "gravity_essential_services": 0.0, "gravity_food_and_drink": 0.0, "gravity_healthcare": 0.0, "gravity_shelter": 0.0, "avg_gravity": 0.0, "min_tt_community": null, "min_tt_education": null, "min_tt_essential_services": null, "min_tt_food_and_drink": null, "min_tt_healthcare": null, "min_tt_shelter": null, "avg_tt_community": null, "avg_tt_education": null, "avg_tt_essential_services": null, "avg_tt_food_and_drink": null, "avg_tt_healthcare": null, "avg_tt_shelter": null, "avg_tt_all": null, "n_unreachable_categories": 6, "count_community": 0.0, "count_education": 0.0, "count_essential_services": 0.0, "count_food_and_drink": 0.0, "count_healthcare": 0.0, "count_shelter": 0.0, "gravity_community_per_100": 0.0, "gravity_education_per_100": 0.0, "gravity_essential_services_per_100": 0.0, "gravity_food_and_drink_per_100": 0.0, "gravity_healthcare_per_100": 0.0, "gravity_shelter_per_100": 0.0, "shannon": 1.3815510557964275e-08, "kl_divergence": 0.57496298658424649, "jsd": 0.35510301691020779, "city_similarity": 0.64489698308979215 }, "geometry": { "type": "Polygon", "coordinates": [ [ [ -3.352322411032308, 55.82668954024404 ], [ -3.360303530030073, 55.826666425499667 ], [ -3.364330448783586, 55.830545299402331 ], [ -3.36037546955361, 55.834447677275193 ], [ -3.352392757097646, 55.834470798736703 ], [ -3.348543281195987, 55.830761773459777 ], [ -3.349560976028442, 55.830219268798828 ], [ -3.350052118301391, 55.829189300537109 ], [ -3.349990473263238, 55.828989874036786 ], [ -3.352322411032308, 55.82668954024404 ] ] ] } },
{ "type": "Feature", "properties": { "from_id": "11", "population": 0.0, "gravity_community": 0.0, "gravity_education": 0.0, "gravity_essential_services": 0.0, "gravity_food_and_drink": 1.0, "gravity_healthcare": 0.0, "gravity_shelter": 0.0, "avg_gravity": 0.16666666666666666, "min_tt_community": null, "min_tt_education": null, "min_tt_essential_services": null, "min_tt_food_and_drink": null, "min_tt_healthcare": null, "min_tt_shelter": null, "avg_tt_community": null, "avg_tt_education": null, "avg_tt_essential_services": null, "avg_tt_food_and_drink": null, "avg_tt_healthcare": null, "avg_tt_shelter": null, "avg_tt_all": null, "n_unreachable_categories": 6, "count_community": 0.0, "count_education": 0.0, "count_essential_services": 0.0, "count_food_and_drink": 1.0, "count_healthcare": 0.0, "count_shelter": 0.0, "gravity_community_per_100": 0.0, "gravity_education_per_100": 0.0, "gravity_essential_services_per_100": 0.0, "gravity_food_and_drink_per_100": 0.0, "gravity_healthcare_per_100": 0.0, "gravity_shelter_per_100": 0.0, "shannon": 1.1412925456691193e-08, "kl_divergence": 0.50370937095792179, "jsd": 0.4022436289892084, "city_similarity": 0.5977563710107916 }, "geometry": { "type": "Polygon", "coordinates": [ [ [ -3.352392757097646, 55.834470798736703 ], [ -3.348436184017881, 55.838372792419584 ], [ -3.340452657338824, 55.838395140292633 ], [ -3.338986551671328, 55.836982208909376 ], [ -3.343573808670044, 55.833915710449212 ], [ -3.346482753753662, 55.831924438476548 ], [ -3.347256660461425, 55.831447601318352 ], [ -3.348543281195987, 55.830761773459777 ], [ -3.352392757097646, 55.834470798736703 ] ] ] } },
{ "type": "Feature", "properties": { "from_id": "12", "population": 0.0, "gravity_community": 0.0, "gravity_education": 0.0, "gravity_essential_services": 0.0, "gravity_food_and_drink": 1.0, "gravity_healthcare": 0.0, "gravity_shelter": 0.0, "avg_gravity": 0.16666666666666666, "min_tt_community": null, "min_tt_education": null, "min_tt_essential_services": null, "min_tt_food_and_drink": null, "min_tt_healthcare": null, "min_tt_shelter": null, "avg_tt_community": null, "avg_tt_education": null, "avg_tt_essential_services": null, "avg_tt_food_and_drink": null, "avg_tt_healthcare": null, "avg_tt_shelter": null, "avg_tt_all": null, "n_unreachable_categories": 6, "count_community": 0.0, "count_education": 0.0, "count_essential_services": 0.0, "count_food_and_drink": 1.0, "count_healthcare": 0.0, "count_shelter": 0.0, "gravity_community_per_100": 0.0, "gravity_education_per_100": 0.0, "gravity_essential_services_per_100": 0.0, "gravity_food_and_drink_per_100": 0.0, "gravity_healthcare_per_100": 0.0, "gravity_shelter_per_100": 0.0, "shannon": 1.1412925456691193e-08, "kl_divergence": 0.50370937095792179, "jsd": 0.4022436289892084, "city_similarity": 0.5977563710107916 }, "geometry": { "type": "Polygon", "coordinates": [ [ [ -3.364330448783586, 55.830545299402331 ], [ -3.37231234663656, 55.830521404581063 ], [ -3.376340858836277, 55.834399880689595 ], [ -3.372386694600964, 55.838302641012376 ], [ -3.364403202910157, 55.838326542777835 ], [ -3.36037546955361, 55.834447677275193 ], [ -3.364330448783586, 55.830545299402331 ] ] ] } },
{ "type": "Feature", "properties": { "from_id": "13", "population": 0.00013204840401496011, "gravity_community": 0.0, "gravity_education": 0.0, "gravity_essential_services": 1.0, "gravity_food_and_drink": 0.0, "gravity_healthcare": 0.0, "gravity_shelter": 0.0, "avg_gravity": 0.16666666666666666, "min_tt_community": null, "min_tt_education": null, "min_tt_essential_services": null, "min_tt_food_and_drink": null, "min_tt_healthcare": null, "min_tt_shelter": null, "avg_tt_community": null, "avg_tt_education": null, "avg_tt_essential_services": null, "avg_tt_food_and_drink": null, "avg_tt_healthcare": null, "avg_tt_shelter": null, "avg_tt_all": null, "n_unreachable_categories": 6, "count_community": 0.0, "count_education": 0.0, "count_essential_services": 1.0, "count_food_and_drink": 0.0, "count_healthcare": 0.0, "count_shelter": 0.0, "gravity_community_per_100": 0.0, "gravity_education_per_100": 0.0, "gravity_essential_services_per_100": 757298.05858668871, "gravity_food_and_drink_per_100": 0.0, "gravity_healthcare_per_100": 0.0, "gravity_shelter_per_100": 0.0, "shannon": 1.1412925456691193e-08, "kl_divergence": 2.066342100298014, "jsd": 0.70364990877528588, "city_similarity": 0.29635009122471412 }, "geometry": { "type": "Polygon", "coordinates": [ [ [ -3.376340858836277, 55.834399880689595 ], [ -3.384323535140749, 55.834375205568861 ], [ -3.388353641165903, 55.838253283600729 ], [ -3.384400292708723, 55.84215642631343 ], [ -3.376416022187059, 55.842181108605516 ], [ -3.372386694600964, 55.838302641012376 ], [ -3.376340858836277, 55.834399880689595 ] ] ] } },
{ "type": "Feature", "properties": { "from_id": "14", "population": 0.0719798832524048, "gravity_community": 0.0, "gravity_education": 0.0, "gravity_essential_services": 1.0, "gravity_food_and_drink": 0.0, "gravity_healthcare": 0.0, "gravity_shelter": 0.0, "avg_gravity": 0.16666666666666666, "min_tt_community": null, "min_tt_education": null, "min_tt_essential_services": null, "min_tt_food_and_drink": null, "min_tt_healthcare": null, "min_tt_shelter": null, "avg_tt_community": null, "avg_tt_education": null, "avg_tt_essential_services": null, "avg_tt_food_and_drink": null, "avg_tt_healthcare": null, "avg_tt_shelter": null, "avg_tt_all": null, "n_unreachable_categories": 6, "count_community": 0.0, "count_education": 0.0, "count_essential_services": 1.0, "count_food_and_drink": 0.0, "count_healthcare": 0.0, "count_shelter": 0.0, "gravity_community_per_100": 0.0, "gravity_education_per_100": 0.0, "gravity_essential_services_per_100": 1389.2770518860082, "gravity_food_and_drink_per_100": 0.0, "gravity_healthcare_per_100": 0.0, "gravity_shelter_per_100": 0.0, "shannon": 1.1412925456691193e-08, "kl_divergence": 2.066342100298014, "jsd": 0.70364990877528588, "city_similarity": 0.29635009122471412 }, "geometry": { "type": "Polygon", "coordinates": [ [ [ -3.352392757097646, 55.834470798736703 ], [ -3.36037546955361, 55.834447677275193 ], [ -3.364403202910157, 55.838326542777835 ], [ -3.360447444445296, 55.842228919082267 ], [ -3.352463137747778, 55.842252047263585 ], [ -3.348436184017881, 55.838372792419584 ], [ -3.352392757097646, 55.834470798736703 ] ] ] } },
{ "type": "Feature", "properties": { "from_id": "15", "population": 0.58149961190856758, "gravity_community": 0.0, "gravity_education": 0.0, "gravity_essential_services": 0.0, "gravity_food_and_drink": 0.0, "gravity_healthcare": 0.0, "gravity_shelter": 0.0, "avg_gravity": 0.0, "min_tt_community": null, "min_tt_education": null, "min_tt_essential_services": null, "min_tt_food_and_drink": null, "min_tt_healthcare": null, "min_tt_shelter": null, "avg_tt_community": null, "avg_tt_education": null, "avg_tt_essential_services": null, "avg_tt_food_and_drink": null, "avg_tt_healthcare": null, "avg_tt_shelter": null, "avg_tt_all": null, "n_unreachable_categories": 6, "count_community": 0.0, "count_education": 0.0, "count_essential_services": 0.0, "count_food_and_drink": 0.0, "count_healthcare": 0.0, "count_shelter": 0.0, "gravity_community_per_100": 0.0, "gravity_education_per_100": 0.0, "gravity_essential_services_per_100": 0.0, "gravity_food_and_drink_per_100": 0.0, "gravity_healthcare_per_100": 0.0, "gravity_shelter_per_100": 0.0, "shannon": 1.3815510557964275e-08, "kl_divergence": 0.57496298658424649, "jsd": 0.35510301691020779, "city_similarity": 0.64489698308979215 }, "geometry": { "type": "Polygon", "coordinates": [ [ [ -3.364403202910157, 55.838326542777835 ], [ -3.372386694600964, 55.838302641012376 ], [ -3.376416022187059, 55.842181108605516 ], [ -3.372461079120846, 55.846083867471613 ], [ -3.364475992808599, 55.846107776184027 ], [ -3.360447444445296, 55.842228919082267 ], [ -3.364403202910157, 55.838326542777835 ] ] ] } },
{ "type": "Feature", "properties": { "from_id": "16", "population": 4.2002087456822137, "gravity_community": 0.0, "gravity_education": 0.0, "gravity_essential_services": 0.0, "gravity_food_and_drink": 0.0, "gravity_healthcare": 0.0, "gravity_shelter": 0.0, "avg_gravity": 0.0, "min_tt_community": null, "min_tt_education": null, "min_tt_essential_services": null, "min_tt_food_and_drink": null, "min_tt_healthcare": null, "min_tt_shelter": null, "avg_tt_community": null, "avg_tt_education": null, "avg_tt_essential_services": null, "avg_tt_food_and_drink": null, "avg_tt_healthcare": null, "avg_tt_shelter": null, "avg_tt_all": null, "n_unreachable_categories": 6, "count_community": 0.0, "count_education": 0.0, "count_essential_services": 0.0, "count_food_and_drink": 0.0, "count_healthcare": 0.0, "count_shelter": 0.0, "gravity_community_per_100": 0.0, "gravity_education_per_100": 0.0, "gravity_essential_services_per_100": 0.0, "gravity_food_and_drink_per_100": 0.0, "gravity_healthcare_per_100": 0.0, "gravity_shelter_per_100": 0.0, "shannon": 1.3815510557964275e-08, "kl_divergence": 0.57496298658424649, "jsd": 0.35510301691020779, "city_similarity": 0.64489698308979215 }, "geometry": { "type": "Polygon", "coordinates": [ [ [ -3.340452657338824, 55.838395140292633 ], [ -3.348436184017881, 55.838372792419584 ], [ -3.352463137747778, 55.842252047263585 ], [ -3.348505784649509, 55.846154039268093 ], [ -3.340520663325432, 55.84617639363649 ], [ -3.33649449000594, 55.842296749503987 ], [ -3.340452657338824, 55.838395140292633 ] ] ] } },
{ "type": "Feature", "properties": { "from_id": "17", "population": 0.96387515619180797, "gravity_community": 0.0, "gravity_education": 0.0, "gravity_essential_services": 0.0, "gravity_food_and_drink": 0.0, "gravity_healthcare": 0.0, "gravity_shelter": 0.0, "avg_gravity": 0.0, "min_tt_community": null, "min_tt_education": null, "min_tt_essential_services": null, "min_tt_food_and_drink": null, "min_tt_healthcare": null, "min_tt_shelter": null, "avg_tt_community": null, "avg_tt_education": null, "avg_tt_essential_services": null, "avg_tt_food_and_drink": null, "avg_tt_healthcare": null, "avg_tt_shelter": null, "avg_tt_all": null, "n_unreachable_categories": 6, "count_community": 0.0, "count_education": 0.0, "count_essential_services": 0.0, "count_food_and_drink": 0.0, "count_healthcare": 0.0, "count_shelter": 0.0, "gravity_community_per_100": 0.0, "gravity_education_per_100": 0.0, "gravity_essential_services_per_100": 0.0, "gravity_food_and_drink_per_100": 0.0, "gravity_healthcare_per_100": 0.0, "gravity_shelter_per_100": 0.0, "shannon": 1.3815510557964275e-08, "kl_divergence": 0.57496298658424649, "jsd": 0.35510301691020779, "city_similarity": 0.64489698308979215 }, "geometry": { "type": "Polygon", "coordinates": [ [ [ -3.376416022187059, 55.842181108605516 ], [ -3.384400292708723, 55.84215642631343 ], [ -3.388431214903852, 55.846034495714434 ], [ -3.384477088020285, 55.849937637082213 ], [ -3.376491222497569, 55.849962326548471 ], [ -3.372461079120846, 55.846083867471613 ], [ -3.376416022187059, 55.842181108605516 ] ] ] } },
{ "type": "Feature", "properties": { "from_id": "18", "population": 1.5939704086426574, "gravity_community": 0.0, "gravity_education": 0.0, "gravity_essential_services": 0.0, "gravity_food_and_drink": 0.0, "gravity_healthcare": 0.0, "gravity_shelter": 0.0, "avg_gravity": 0.0, "min_tt_community": null, "min_tt_education": null, "min_tt_essential_services": null, "min_tt_food_and_drink": null, "min_tt_healthcare": null, "min_tt_shelter": null, "avg_tt_community": null, "avg_tt_education": null, "avg_tt_essential_services": null, "avg_tt_food_and_drink": null, "avg_tt_healthcare": null, "avg_tt_shelter": null, "avg_tt_all": null, "n_unreachable_categories": 6, "count_community": 0.0, "count_education": 0.0, "count_essential_services": 0.0, "count_food_and_drink": 0.0, "count_healthcare": 0.0, "count_shelter": 0.0, "gravity_community_per_100": 0.0, "gravity_education_per_100": 0.0, "gravity_essential_services_per_100": 0.0, "gravity_food_and_drink_per_100": 0.0, "gravity_healthcare_per_100": 0.0, "gravity_shelter_per_100": 0.0, "shannon": 1.3815510557964275e-08, "kl_divergence": 0.57496298658424649, "jsd": 0.35510301691020779, "city_similarity": 0.64489698308979215 }, "geometry": { "type": "Polygon", "coordinates": [ [ [ -3.352463137747778, 55.842252047263585 ], [ -3.360447444445296, 55.842228919082267 ], [ -3.364475992808599, 55.846107776184027 ], [ -3.360519454728965, 55.850010150921904 ], [ -3.352533553006011, 55.850033285825724 ], [ -3.348505784649509, 55.846154039268093 ], [ -3.352463137747778, 55.842252047263585 ] ] ] } },
{ "type": "Feature", "properties": { "from_id": "19", "population": 11.734611461406445, "gravity_community": 0.0, "gravity_education": 0.0, "gravity_essential_services": 0.0, "gravity_food_and_drink": 1.0, "gravity_healthcare": 0.0, "gravity_shelter": 0.0, "avg_gravity": 0.16666666666666666, "min_tt_community": null, "min_tt_education": null, "min_tt_essential_services": null, "min_tt_food_and_drink": null, "min_tt_healthcare": null, "min_tt_shelter": null, "avg_tt_community": null, "avg_tt_education": null, "avg_tt_essential_services": null, "avg_tt_food_and_drink": null, "avg_tt_healthcare": null, "avg_tt_shelter": null, "avg_tt_all": null, "n_unreachable_categories": 6, "count_community": 0.0, "count_education": 0.0, "count_essential_services": 0.0, "count_food_and_drink": 1.0, "count_healthcare": 0.0, "count_shelter": 0.0, "gravity_community_per_100": 0.0, "gravity_education_per_100": 0.0, "gravity_essential_services_per_100": 0.0, "gravity_food_and_drink_per_100": 8.521798981490484, "gravity_healthcare_per_100": 0.0, "gravity_shelter_per_100": 0.0, "shannon": 1.1412925456691193e-08, "kl_divergence": 0.50370937095792179, "jsd": 0.4022436289892084, "city_similarity": 0.5977563710107916 }, "geometry": { "type": "Polygon", "coordinates": [ [ [ -3.408353027741415, 55.842079271243371 ], [ -3.400368795747184, 55.842105507630571 ], [ -3.396337095517637, 55.838227827957979 ], [ -3.40028884977042, 55.834324301680155 ], [ -3.403205122294063, 55.834314779649823 ], [ -3.403263807296752, 55.834316253662116 ], [ -3.403268924709987, 55.834314570553495 ], [ -3.403619761186658, 55.834313420184159 ], [ -3.40406847000122, 55.834495544433594 ], [ -3.404255151748657, 55.835018157958991 ], [ -3.404242515563965, 55.835113525390625 ], [ -3.404260396957398, 55.835163116455064 ], [ -3.404292821884155, 55.835178375244134 ], [ -3.405038595199585, 55.835269927978509 ], [ -3.405193805694581, 55.835369110107422 ], [ -3.405444383621216, 55.835453033447266 ], [ -3.405551195144654, 55.835544586181634 ], [ -3.40563178062439, 55.835556030273438 ], [ -3.405729532241821, 55.835613250732429 ], [ -3.405828475952148, 55.835697174072259 ], [ -3.405867099761963, 55.835880279541016 ], [ -3.405856847763062, 55.836044311523438 ], [ -3.405874729156494, 55.836097717285149 ], [ -3.406276941299439, 55.836402893066406 ], [ -3.406674146652221, 55.836788177490227 ], [ -3.406821012496948, 55.836875915527344 ], [ -3.407020330429077, 55.837089538574205 ], [ -3.407151460647583, 55.837181091308594 ], [ -3.407256603240966, 55.837219238281236 ], [ -3.407520532608033, 55.83723068237304 ], [ -3.407642126083374, 55.8372802734375 ], [ -3.40788745880127, 55.837444305419915 ], [ -3.408010959625245, 55.837551116943352 ], [ -3.408004760742188, 55.837596893310547 ], [ -3.40805459022522, 55.837654113769524 ], [ -3.408267498016357, 55.837799072265625 ], [ -3.408478021621705, 55.837879180908196 ], [ -3.408605575561523, 55.837871551513672 ], [ -3.409159660339355, 55.837959289550774 ], [ -3.409329175949097, 55.8380126953125 ], [ -3.40937876701355, 55.838054656982429 ], [ -3.409480810165406, 55.838230133056641 ], [ -3.409501314163208, 55.838356018066406 ], [ -3.409729957580566, 55.838497161865234 ], [ -3.409888505935669, 55.83868408203125 ], [ -3.409917116165161, 55.838817596435547 ], [ -3.409880399703979, 55.838905334472656 ], [ -3.409870862960815, 55.839080810546868 ], [ -3.409906387329101, 55.839176177978501 ], [ -3.410004138946533, 55.839229583740227 ], [ -3.410325050354004, 55.839271545410142 ], [ -3.41061544418335, 55.839359283447266 ], [ -3.410681486129761, 55.839420318603516 ], [ -3.410710096359253, 55.839542388916009 ], [ -3.410808391283329, 55.839653241377512 ], [ -3.410082690764274, 55.840370308669101 ], [ -3.40971279144287, 55.840450286865227 ], [ -3.40947699546814, 55.840549468994141 ], [ -3.409074068069458, 55.840671539306641 ], [ -3.408836364746094, 55.840721130371094 ], [ -3.40876579284668, 55.840759277343736 ], [ -3.408735275268555, 55.840801239013672 ], [ -3.408754587173461, 55.840888977050774 ], [ -3.408839702606201, 55.841030120849602 ], [ -3.408931016921997, 55.841133117675774 ], [ -3.408941507339478, 55.841201782226555 ], [ -3.408902645111084, 55.841228485107429 ], [ -3.408912897109985, 55.841293334960945 ], [ -3.409100118618933, 55.841341142857267 ], [ -3.408353027741415, 55.842079271243371 ] ] ] } },
{ "type": "Feature", "properties": { "from_id": "20", "population": 3.1830469333132462e-05, "gravity_community": 0.0, "gravity_education": 0.0, "gravity_essential_services": 0.0, "gravity_food_and_drink": 0.0, "gravity_healthcare": 0.0, "gravity_shelter": 0.0, "avg_gravity": 0.0, "min_tt_community": null, "min_tt_education": null, "min_tt_essential_services": null, "min_tt_food_and_drink": null, "min_tt_healthcare": null, "min_tt_shelter": null, "avg_tt_community": null, "avg_tt_education": null, "avg_tt_essential_services": null, "avg_tt_food_and_drink": null, "avg_tt_healthcare": null, "avg_tt_shelter": null, "avg_tt_all": null, "n_unreachable_categories": 6, "count_community": 0.0, "count_education": 0.0, "count_essential_services": 0.0, "count_food_and_drink": 0.0, "count_healthcare": 0.0, "count_shelter": 0.0, "gravity_community_per_100": 0.0, "gravity_education_per_100": 0.0, "gravity_essential_services_per_100": 0.0, "gravity_food_and_drink_per_100": 0.0, "gravity_healthcare_per_100": 0.0, "gravity_shelter_per_100": 0.0, "shannon": 1.3815510557964275e-08, "kl_divergence": 0.57496298658424649, "jsd": 0.35510301691020779, "city_similarity": 0.64489698308979215 }, "geometry": { "type": "Polygon", "coordinates": [ [ [ -3.388353641165903, 55.838253283600729 ], [ -3.396337095517637, 55.838227827957979 ], [ -3.400368795747184, 55.842105507630571 ], [ -3.396416263851861, 55.846009032673123 ], [ -3.388431214903852, 55.846034495714434 ], [ -3.384400292708723, 55.84215642631343 ], [ -3.388353641165903, 55.838253283600729 ] ] ] } },
{ "type": "Feature", "properties": { "from_id": "21", "population": 1.6300689259210714, "gravity_community": 0.0, "gravity_education": 0.0, "gravity_essential_services": 0.0, "gravity_food_and_drink": 0.0, "gravity_healthcare": 1.0, "gravity_shelter": 0.0, "avg_gravity": 0.16666666666666666, "min_tt_community": null, "min_tt_education": null, "min_tt_essential_services": null, "min_tt_food_and_drink": null, "min_tt_healthcare": null, "min_tt_shelter": null, "avg_tt_community": null, "avg_tt_education": null, "avg_tt_essential_services": null, "avg_tt_food_and_drink": null, "avg_tt_healthcare": null, "avg_tt_shelter": null, "avg_tt_all": null, "n_unreachable_categories": 6, "count_community": 0.0, "count_education": 0.0, "count_essential_services": 0.0, "count_food_and_drink": 0.0, "count_healthcare": 1.0, "count_shelter": 0.0, "gravity_community_per_100": 0.0, "gravity_education_per_100": 0.0, "gravity_essential_services_per_100": 0.0, "gravity_food_and_drink_per_100": 0.0, "gravity_healthcare_per_100": 61.347099137844694, "gravity_shelter_per_100": 0.0, "shannon": 1.1412925456691193e-08, "kl_divergence": 2.2120549860735017, "jsd": 0.7172406152844808, "city_similarity": 0.2827593847155192 }, "geometry": { "type": "MultiPolygon", "coordinates": [ [ [ [ -3.412386322554039, 55.845956552274053 ], [ -3.408353027741415, 55.842079271243371 ], [ -3.409100118618933, 55.841341142857267 ], [ -3.409525394439697, 55.841449737548821 ], [ -3.410181999206543, 55.841720581054673 ], [ -3.410231828689575, 55.841770172119126 ], [ -3.410337448120117, 55.842044830322259 ], [ -3.410436630249023, 55.842136383056641 ], [ -3.410590648651123, 55.842201232910142 ], [ -3.41092824935913, 55.842262268066406 ], [ -3.411170482635498, 55.84233474731446 ], [ -3.411245107650757, 55.842411041259766 ], [ -3.411246776580811, 55.842456817626946 ], [ -3.411370754241943, 55.842571258544915 ], [ -3.411651372909546, 55.84260559082032 ], [ -3.412010192871094, 55.84259414672853 ], [ -3.412211179733276, 55.842624664306634 ], [ -3.412332057952881, 55.842658996582031 ], [ -3.41260838508606, 55.842796325683594 ], [ -3.412745237350463, 55.842819213867195 ], [ -3.413210391998291, 55.843143463134766 ], [ -3.413223505020142, 55.843151092529297 ], [ -3.413362741470337, 55.843204498291016 ], [ -3.413644790649415, 55.843185424804688 ], [ -3.413904428482055, 55.843257904052727 ], [ -3.414143323898316, 55.843238830566399 ], [ -3.414219141006469, 55.843215942382812 ], [ -3.414253711700439, 55.843242645263672 ], [ -3.414250373840332, 55.843368530273438 ], [ -3.414564847946167, 55.843452453613267 ], [ -3.414987325668335, 55.843433380126953 ], [ -3.415502548217773, 55.84346008300782 ], [ -3.415785074234008, 55.843502044677734 ], [ -3.415857076644897, 55.843547821044908 ], [ -3.415934085845947, 55.843643188476562 ], [ -3.41593861579895, 55.843811035156243 ], [ -3.416003942489623, 55.843894958496087 ], [ -3.416050672531128, 55.84403991699218 ], [ -3.416176557540894, 55.84416198730468 ], [ -3.416310548782349, 55.844242095947273 ], [ -3.416656970977784, 55.844329833984368 ], [ -3.416704893112183, 55.844375610351562 ], [ -3.4167320728302, 55.844505310058594 ], [ -3.416991710662842, 55.844577789306634 ], [ -3.417047262191772, 55.844608306884759 ], [ -3.417278051376343, 55.844802856445305 ], [ -3.417444944381713, 55.845050811767571 ], [ -3.417573690414429, 55.845165252685547 ], [ -3.417610645294189, 55.845172882080071 ], [ -3.417661190032959, 55.845153808593743 ], [ -3.41770601272583, 55.845066070556641 ], [ -3.417738437652588, 55.845039367675781 ], [ -3.417797088623046, 55.845020294189453 ], [ -3.417946100234985, 55.845039367675774 ], [ -3.418097972869873, 55.845127105712891 ], [ -3.418143033981323, 55.845184326171861 ], [ -3.418126821517945, 55.845222473144531 ], [ -3.418092489242554, 55.845241546630866 ], [ -3.417918682098388, 55.845252990722649 ], [ -3.417856216430664, 55.845283508300781 ], [ -3.417839527130127, 55.845317840576165 ], [ -3.417908191680908, 55.845447540283196 ], [ -3.417842149734497, 55.84552001953125 ], [ -3.4178466796875, 55.845554351806641 ], [ -3.417923688888549, 55.845649719238274 ], [ -3.41810131072998, 55.845790863037109 ], [ -3.418353319168091, 55.845870971679688 ], [ -3.418488575797757, 55.845935951925441 ], [ -3.412386322554039, 55.845956552274053 ] ] ], [ [ [ -3.419398640844723, 55.845932853743591 ], [ -3.419410467147827, 55.845909118652344 ], [ -3.419526100158692, 55.845790863037109 ], [ -3.419615507125854, 55.84574890136718 ], [ -3.419748067855835, 55.845748901367173 ], [ -3.419927597045898, 55.845851898193352 ], [ -3.420090198516846, 55.84588623046875 ], [ -3.420127242904584, 55.845930368474392 ], [ -3.419398640844723, 55.845932853743591 ] ] ], [ [ [ -3.410808391283329, 55.839653241377512 ], [ -3.410818338394165, 55.839664459228516 ], [ -3.410891056060791, 55.839691162109361 ], [ -3.410924196243286, 55.8397216796875 ], [ -3.410942316055298, 55.839786529541016 ], [ -3.410927772521973, 55.839824676513665 ], [ -3.410834789276123, 55.83990097045897 ], [ -3.410458564758301, 55.840095520019524 ], [ -3.410388946533204, 55.840160369873047 ], [ -3.410298347473144, 55.840305328369126 ], [ -3.410100936889648, 55.840366363525391 ], [ -3.410082690764274, 55.840370308669101 ], [ -3.410808391283329, 55.839653241377512 ] ] ] ] } },
{ "type": "Feature", "properties": { "from_id": "22", "population": 0.0, "gravity_community": 0.0, "gravity_education": 0.0, "gravity_essential_services": 0.0, "gravity_food_and_drink": 0.0, "gravity_healthcare": 0.0, "gravity_shelter": 0.0, "avg_gravity": 0.0, "min_tt_community": null, "min_tt_education": null, "min_tt_essential_services": null, "min_tt_food_and_drink": null, "min_tt_healthcare": null, "min_tt_shelter": null, "avg_tt_community": null, "avg_tt_education": null, "avg_tt_essential_services": null, "avg_tt_food_and_drink": null, "avg_tt_healthcare": null, "avg_tt_shelter": null, "avg_tt_all": null, "n_unreachable_categories": 6, "count_community": 0.0, "count_education": 0.0, "count_essential_services": 0.0, "count_food_and_drink": 0.0, "count_healthcare": 0.0, "count_shelter": 0.0, "gravity_community_per_100": 0.0, "gravity_education_per_100": 0.0, "gravity_essential_services_per_100": 0.0, "gravity_food_and_drink_per_100": 0.0, "gravity_healthcare_per_100": 0.0, "gravity_shelter_per_100": 0.0, "shannon": 1.3815510557964275e-08, "kl_divergence": 0.57496298658424649, "jsd": 0.35510301691020779, "city_similarity": 0.64489698308979215 }, "geometry": { "type": "Polygon", "coordinates": [ [ [ -3.400368795747184, 55.842105507630571 ], [ -3.408353027741415, 55.842079271243371 ], [ -3.412386322554039, 55.845956552274053 ], [ -3.408434608004546, 55.849860459586203 ], [ -3.400448781035232, 55.849886703599282 ], [ -3.396416263851861, 55.846009032673123 ], [ -3.400368795747184, 55.842105507630571 ] ] ] } },
{ "type": "Feature", "properties": { "from_id": "23", "population": 0.0, "gravity_community": 0.0, "gravity_education": 0.0, "gravity_essential_services": 0.0, "gravity_food_and_drink": 1.0, "gravity_healthcare": 0.0, "gravity_shelter": 0.0, "avg_gravity": 0.16666666666666666, "min_tt_community": null, "min_tt_education": null, "min_tt_essential_services": null, "min_tt_food_and_drink": null, "min_tt_healthcare": null, "min_tt_shelter": null, "avg_tt_community": null, "avg_tt_education": null, "avg_tt_essential_services": null, "avg_tt_food_and_drink": null, "avg_tt_healthcare": null, "avg_tt_shelter": null, "avg_tt_all": null, "n_unreachable_categories": 6, "count_community": 0.0, "count_education": 0.0, "count_essential_services": 0.0, "count_food_and_drink": 1.0, "count_healthcare": 0.0, "count_shelter": 0.0, "gravity_community_per_100": 0.0, "gravity_education_per_100": 0.0, "gravity_essential_services_per_100": 0.0, "gravity_food_and_drink_per_100": 0.0, "gravity_healthcare_per_100": 0.0, "gravity_shelter_per_100": 0.0, "shannon": 1.1412925456691193e-08, "kl_divergence": 0.50370937095792179, "jsd": 0.4022436289892084, "city_similarity": 0.5977563710107916 }, "geometry": { "type": "Polygon", "coordinates": [ [ [ -3.388431214903852, 55.846034495714434 ], [ -3.396416263851861, 55.846009032673123 ], [ -3.400448781035232, 55.849886703599282 ], [ -3.396495471118562, 55.853790227408609 ], [ -3.388508826790165, 55.853815697851417 ], [ -3.384477088020285, 55.849937637082213 ], [ -3.388431214903852, 55.846034495714434 ] ] ] } },
{ "type": "Feature", "properties": { "from_id": "24", "population": 0.0, "gravity_community": 0.0, "gravity_education": 0.0, "gravity_essential_services": 0.0, "gravity_food_and_drink": 1.0, "gravity_healthcare": 0.0, "gravity_shelter": 0.0, "avg_gravity": 0.16666666666666666, "min_tt_community": null, "min_tt_education": null, "min_tt_essential_services": null, "min_tt_food_and_drink": null, "min_tt_healthcare": null, "min_tt_shelter": null, "avg_tt_community": null, "avg_tt_education": null, "avg_tt_essential_services": null, "avg_tt_food_and_drink": null, "avg_tt_healthcare": null, "avg_tt_shelter": null, "avg_tt_all": null, "n_unreachable_categories": 6, "count_community": 0.0, "count_education": 0.0, "count_essential_services": 0.0, "count_food_and_drink": 1.0, "count_healthcare": 0.0, "count_shelter": 0.0, "gravity_community_per_100": 0.0, "gravity_education_per_100": 0.0, "gravity_essential_services_per_100": 0.0, "gravity_food_and_drink_per_100": 0.0, "gravity_healthcare_per_100": 0.0, "gravity_shelter_per_100": 0.0, "shannon": 1.1412925456691193e-08, "kl_divergence": 0.50370937095792179, "jsd": 0.4022436289892084, "city_similarity": 0.5977563710107916 }, "geometry": { "type": "Polygon", "coordinates": [ [ [ -3.412468720555094, 55.853737731754734 ], [ -3.408434608004546, 55.849860459586203 ], [ -3.412386322554039, 55.845956552274053 ], [ -3.418488575797757, 55.845935951925441 ], [ -3.418901205062866, 55.846134185791016 ], [ -3.419215202331543, 55.84620285034179 ], [ -3.419326782226563, 55.846199035644538 ], [ -3.419342041015625, 55.846046447753899 ], [ -3.419398640844723, 55.845932853743591 ], [ -3.420127242904584, 55.845930368474392 ], [ -3.420135021209717, 55.845939636230469 ], [ -3.420144081115723, 55.846008300781243 ], [ -3.420101642608642, 55.846118927001946 ], [ -3.420029640197754, 55.84620285034179 ], [ -3.419909000396729, 55.846267700195305 ], [ -3.419672012329102, 55.846332550048828 ], [ -3.419432163238525, 55.846458435058587 ], [ -3.418882131576539, 55.846923828124993 ], [ -3.418841600418091, 55.8470458984375 ], [ -3.418830871582031, 55.84718322753907 ], [ -3.418875217437744, 55.84748458862304 ], [ -3.418971538543702, 55.847759246826172 ], [ -3.418986797332763, 55.847866058349609 ], [ -3.418964624404908, 55.847965240478523 ], [ -3.41884446144104, 55.848125457763679 ], [ -3.418766498565674, 55.848182678222649 ], [ -3.418541669845581, 55.848281860351548 ], [ -3.418212175369263, 55.848529815673821 ], [ -3.417474985122681, 55.848945617675781 ], [ -3.417274713516235, 55.849105834960938 ], [ -3.417191982269287, 55.849201202392578 ], [ -3.417120456695556, 55.849342346191399 ], [ -3.417079210281372, 55.849704742431648 ], [ -3.417002677917481, 55.849792480468757 ], [ -3.416778564453125, 55.849956512451172 ], [ -3.416578531265258, 55.850032806396477 ], [ -3.416141033172607, 55.850078582763672 ], [ -3.415751695632935, 55.85005187988282 ], [ -3.41558837890625, 55.850128173828118 ], [ -3.415381669998169, 55.850326538085945 ], [ -3.415223121643066, 55.850711822509766 ], [ -3.415122509002686, 55.850841522216797 ], [ -3.414867639541626, 55.851081848144531 ], [ -3.414713859558106, 55.851337432861328 ], [ -3.414690256118775, 55.851474761962891 ], [ -3.414769172668457, 55.851627349853509 ], [ -3.414891958236694, 55.851707458496101 ], [ -3.41535758972168, 55.851860046386705 ], [ -3.415460348129272, 55.851921081542962 ], [ -3.415550708770752, 55.852031707763665 ], [ -3.415576696395874, 55.852268218994134 ], [ -3.415644645690918, 55.85246276855468 ], [ -3.415886640548706, 55.852836608886719 ], [ -3.415967702865601, 55.852909088134766 ], [ -3.416339397430419, 55.853160858154297 ], [ -3.416602849960326, 55.853378295898438 ], [ -3.416653633117676, 55.85345458984375 ], [ -3.41670274734497, 55.853622436523438 ], [ -3.416678842829823, 55.853723550068231 ], [ -3.412468720555094, 55.853737731754734 ] ] ] } },
{ "type": "Feature", "properties": { "from_id": "25", "population": 0.10675579971847138, "gravity_community": 0.0, "gravity_education": 0.0, "gravity_essential_services": 0.0, "gravity_food_and_drink": 0.0, "gravity_healthcare": 1.0, "gravity_shelter": 0.0, "avg_gravity": 0.16666666666666666, "min_tt_community": null, "min_tt_education": null, "min_tt_essential_services": null, "min_tt_food_and_drink": null, "min_tt_healthcare": null, "min_tt_shelter": null, "avg_tt_community": null, "avg_tt_education": null, "avg_tt_essential_services": null, "avg_tt_food_and_drink": null, "avg_tt_healthcare": null, "avg_tt_shelter": null, "avg_tt_all": null, "n_unreachable_categories": 6, "count_community": 0.0, "count_education": 0.0, "count_essential_services": 0.0, "count_food_and_drink": 0.0, "count_healthcare": 1.0, "count_shelter": 0.0, "gravity_community_per_100": 0.0, "gravity_education_per_100": 0.0, "gravity_essential_services_per_100": 0.0, "gravity_food_and_drink_per_100": 0.0, "gravity_healthcare_per_100": 936.71725811349575, "gravity_shelter_per_100": 0.0, "shannon": 1.1412925456691193e-08, "kl_divergence": 2.2120549860735017, "jsd": 0.7172406152844808, "city_similarity": 0.2827593847155192 }, "geometry": { "type": "Polygon", "coordinates": [ [ [ -3.400448781035232, 55.849886703599282 ], [ -3.408434608004546, 55.849860459586203 ], [ -3.412468720555094, 55.853737731754734 ], [ -3.408516228389823, 55.857641637945321 ], [ -3.400528805661061, 55.857667889587333 ], [ -3.396495471118562, 55.853790227408609 ], [ -3.400448781035232, 55.849886703599282 ] ] ] } },
{ "type": "Feature", "properties": { "from_id": "26", "population": 1.8722503735295222, "gravity_community": 0.0, "gravity_education": 0.0, "gravity_essential_services": 0.0, "gravity_food_and_drink": 1.0, "gravity_healthcare": 0.0, "gravity_shelter": 0.0, "avg_gravity": 0.16666666666666666, "min_tt_community": null, "min_tt_education": null, "min_tt_essential_services": null, "min_tt_food_and_drink": null, "min_tt_healthcare": null, "min_tt_shelter": null, "avg_tt_community": null, "avg_tt_education": null, "avg_tt_essential_services": null, "avg_tt_food_and_drink": null, "avg_tt_healthcare": null, "avg_tt_shelter": null, "avg_tt_all": null, "n_unreachable_categories": 6, "count_community": 0.0, "count_education": 0.0, "count_essential_services": 0.0, "count_food_and_drink": 1.0, "count_healthcare": 0.0, "count_shelter": 0.0, "gravity_community_per_100": 0.0, "gravity_education_per_100": 0.0, "gravity_essential_services_per_100": 0.0, "gravity_food_and_drink_per_100": 53.411659793920805, "gravity_healthcare_per_100": 0.0, "gravity_shelter_per_100": 0.0, "shannon": 1.1412925456691193e-08, "kl_divergence": 0.50370937095792179, "jsd": 0.4022436289892084, "city_similarity": 0.5977563710107916 }, "geometry": { "type": "Polygon", "coordinates": [ [ [ -3.388508826790165, 55.853815697851417 ], [ -3.396495471118562, 55.853790227408609 ], [ -3.400528805661061, 55.857667889587333 ], [ -3.396574717343984, 55.861571412165397 ], [ -3.388586476850557, 55.861596890012677 ], [ -3.384553921100873, 55.857718837876213 ], [ -3.388508826790165, 55.853815697851417 ] ] ] } },
{ "type": "Feature", "properties": { "from_id": "27", "population": 0.97177478872012579, "gravity_community": 0.0, "gravity_education": 0.0, "gravity_essential_services": 0.0, "gravity_food_and_drink": 0.0, "gravity_healthcare": 1.0, "gravity_shelter": 0.0, "avg_gravity": 0.16666666666666666, "min_tt_community": null, "min_tt_education": null, "min_tt_essential_services": null, "min_tt_food_and_drink": null, "min_tt_healthcare": null, "min_tt_shelter": null, "avg_tt_community": null, "avg_tt_education": null, "avg_tt_essential_services": null, "avg_tt_food_and_drink": null, "avg_tt_healthcare": null, "avg_tt_shelter": null, "avg_tt_all": null, "n_unreachable_categories": 6, "count_community": 0.0, "count_education": 0.0, "count_essential_services": 0.0, "count_food_and_drink": 0.0, "count_healthcare": 1.0, "count_shelter": 0.0, "gravity_community_per_100": 0.0, "gravity_education_per_100": 0.0, "gravity_essential_services_per_100": 0.0, "gravity_food_and_drink_per_100": 0.0, "gravity_healthcare_per_100": 102.90450129057662, "gravity_shelter_per_100": 0.0, "shannon": 1.1412925456691193e-08, "kl_divergence": 2.2120549860735017, "jsd": 0.7172406152844808, "city_similarity": 0.2827593847155192 }, "geometry": { "type": "Polygon", "coordinates": [ [ [ -3.412551159084128, 55.861518901250669 ], [ -3.408516228389823, 55.857641637945321 ], [ -3.412468720555094, 55.853737731754734 ], [ -3.416678842829823, 55.853723550068231 ], [ -3.416661262512207, 55.853797912597656 ], [ -3.416578769683838, 55.853900909423828 ], [ -3.416371583938599, 55.85404968261718 ], [ -3.416305303573608, 55.854114532470703 ], [ -3.416241168975831, 55.85423660278321 ], [ -3.416213035583496, 55.854385375976562 ], [ -3.416144609451294, 55.854438781738281 ], [ -3.41583776473999, 55.854526519775391 ], [ -3.415333271026612, 55.854576110839844 ], [ -3.41509222984314, 55.854625701904297 ], [ -3.414938688278198, 55.854621887207031 ], [ -3.414651155471802, 55.854579925537109 ], [ -3.414354085922241, 55.854488372802727 ], [ -3.414191484451294, 55.854412078857422 ], [ -3.414141416549683, 55.854309082031243 ], [ -3.413959264755249, 55.854225158691413 ], [ -3.413734197616577, 55.854179382324212 ], [ -3.413511037826538, 55.854194641113274 ], [ -3.413388013839722, 55.854240417480469 ], [ -3.413337230682373, 55.854293823242173 ], [ -3.413259744644165, 55.854492187499993 ], [ -3.413120031356812, 55.854736328125 ], [ -3.412782669067383, 55.855075836181648 ], [ -3.412719488143921, 55.855182647705085 ], [ -3.412663221359253, 55.855354309082031 ], [ -3.412643671035767, 55.855518341064439 ], [ -3.412667751312256, 55.855701446533203 ], [ -3.41274619102478, 55.855922698974602 ], [ -3.412839412689209, 55.856025695800781 ], [ -3.413004398345947, 55.856086730957031 ], [ -3.413318157196045, 55.856143951416009 ], [ -3.413729190826416, 55.856197357177741 ], [ -3.414067506790161, 55.85618591308593 ], [ -3.414142847061157, 55.856197357177727 ], [ -3.415115356445312, 55.85657882690429 ], [ -3.415313482284546, 55.856716156005852 ], [ -3.415389537811279, 55.856822967529304 ], [ -3.415526628494263, 55.857349395751953 ], [ -3.415707588195801, 55.857578277587876 ], [ -3.415835142135619, 55.857742309570312 ], [ -3.416076421737671, 55.857833862304688 ], [ -3.416505098342896, 55.857894897460945 ], [ -3.416975736618042, 55.858047485351562 ], [ -3.417545080184937, 55.858280181884766 ], [ -3.417731285095215, 55.8583984375 ], [ -3.417840003967285, 55.858570098876953 ], [ -3.417829990386963, 55.858642578124993 ], [ -3.417762279510498, 55.85871887207032 ], [ -3.417679071426391, 55.858757019042969 ], [ -3.417583703994751, 55.85877990722657 ], [ -3.416876792907715, 55.858890533447266 ], [ -3.416628837585449, 55.859050750732408 ], [ -3.416498422622681, 55.859199523925774 ], [ -3.416474342346192, 55.859283447265625 ], [ -3.416536331176758, 55.859413146972649 ], [ -3.416616439819336, 55.859458923339844 ], [ -3.416702032089234, 55.859477996826179 ], [ -3.416824102401733, 55.859504699707024 ], [ -3.416837215423584, 55.859519958496087 ], [ -3.416926383972168, 55.859630584716797 ], [ -3.416937351226807, 55.859756469726562 ], [ -3.417004108428956, 55.859928131103516 ], [ -3.417005538940429, 55.860050201416016 ], [ -3.416966199874877, 55.860202789306641 ], [ -3.416843891143799, 55.860355377197273 ], [ -3.416390895843506, 55.860675811767564 ], [ -3.416148662567139, 55.86074066162108 ], [ -3.415759801864624, 55.860771179199219 ], [ -3.415433406829834, 55.860752105712898 ], [ -3.415205001831055, 55.860713958740234 ], [ -3.41477370262146, 55.860584259033203 ], [ -3.414547443389892, 55.86055755615233 ], [ -3.414279460906983, 55.860572814941406 ], [ -3.414075851440429, 55.860637664794922 ], [ -3.414019107818604, 55.860752105712884 ], [ -3.41388750076294, 55.860820770263658 ], [ -3.413817882537842, 55.86088562011718 ], [ -3.413693904876708, 55.861118316650391 ], [ -3.413744211196899, 55.861450195312493 ], [ -3.413724983785042, 55.861514961376336 ], [ -3.412551159084128, 55.861518901250669 ] ] ] } },
{ "type": "Feature", "properties": { "from_id": "28", "population": 1.0694071039969753, "gravity_community": 0.0, "gravity_education": 0.0, "gravity_essential_services": 0.0, "gravity_food_and_drink": 0.0, "gravity_healthcare": 0.0, "gravity_shelter": 0.0, "avg_gravity": 0.0, "min_tt_community": null, "min_tt_education": null, "min_tt_essential_services": null, "min_tt_food_and_drink": null, "min_tt_healthcare": null, "min_tt_shelter": null, "avg_tt_community": null, "avg_tt_education": null, "avg_tt_essential_services": null, "avg_tt_food_and_drink": null, "avg_tt_healthcare": null, "avg_tt_shelter": null, "avg_tt_all": null, "n_unreachable_categories": 6, "count_community": 0.0, "count_education": 0.0, "count_essential_services": 0.0, "count_food_and_drink": 0.0, "count_healthcare": 0.0, "count_shelter": 0.0, "gravity_community_per_100": 0.0, "gravity_education_per_100": 0.0, "gravity_essential_services_per_100": 0.0, "gravity_food_and_drink_per_100": 0.0, "gravity_healthcare_per_100": 0.0, "gravity_shelter_per_100": 0.0, "shannon": 1.3815510557964275e-08, "kl_divergence": 0.57496298658424649, "jsd": 0.35510301691020779, "city_similarity": 0.64489698308979215 }, "geometry": { "type": "Polygon", "coordinates": [ [ [ -3.340520663325432, 55.84617639363649 ], [ -3.348505784649509, 55.846154039268093 ], [ -3.352533553006011, 55.850033285825724 ], [ -3.348575419508824, 55.853935276153699 ], [ -3.340588702755567, 55.853957637020038 ], [ -3.336561715190151, 55.850078001059423 ], [ -3.340520663325432, 55.84617639363649 ] ] ] } },
{ "type": "Feature", "properties": { "from_id": "29", "population": 9.0351474328347212, "gravity_community": 0.0, "gravity_education": 0.0, "gravity_essential_services": 0.0, "gravity_food_and_drink": 1.0, "gravity_healthcare": 0.0, "gravity_shelter": 0.0, "avg_gravity": 0.16666666666666666, "min_tt_community": null, "min_tt_education": null, "min_tt_essential_services": null, "min_tt_food_and_drink": null, "min_tt_healthcare": null, "min_tt_shelter": null, "avg_tt_community": null, "avg_tt_education": null, "avg_tt_essential_services": null, "avg_tt_food_and_drink": null, "avg_tt_healthcare": null, "avg_tt_shelter": null, "avg_tt_all": null, "n_unreachable_categories": 6, "count_community": 0.0, "count_education": 0.0, "count_essential_services": 0.0, "count_food_and_drink": 1.0, "count_healthcare": 0.0, "count_shelter": 0.0, "gravity_community_per_100": 0.0, "gravity_education_per_100": 0.0, "gravity_essential_services_per_100": 0.0, "gravity_food_and_drink_per_100": 11.067888016590519, "gravity_healthcare_per_100": 0.0, "gravity_shelter_per_100": 0.0, "shannon": 1.1412925456691193e-08, "kl_divergence": 0.50370937095792179, "jsd": 0.4022436289892084, "city_similarity": 0.5977563710107916 }, "geometry": { "type": "Polygon", "coordinates": [ [ [ -3.364475992808599, 55.846107776184027 ], [ -3.372461079120846, 55.846083867471613 ], [ -3.376491222497569, 55.849962326548471 ], [ -3.372535500220843, 55.853865083959825 ], [ -3.36454881850302, 55.853888999621972 ], [ -3.360519454728965, 55.850010150921904 ], [ -3.364475992808599, 55.846107776184027 ] ] ] } },
{ "type": "Feature", "properties": { "from_id": "30", "population": 1.0559976902703299, "gravity_community": 0.0, "gravity_education": 0.0, "gravity_essential_services": 0.0, "gravity_food_and_drink": 0.0, "gravity_healthcare": 1.0, "gravity_shelter": 0.0, "avg_gravity": 0.16666666666666666, "min_tt_community": null, "min_tt_education": null, "min_tt_essential_services": null, "min_tt_food_and_drink": null, "min_tt_healthcare": null, "min_tt_shelter": null, "avg_tt_community": null, "avg_tt_education": null, "avg_tt_essential_services": null, "avg_tt_food_and_drink": null, "avg_tt_healthcare": null, "avg_tt_shelter": null, "avg_tt_all": null, "n_unreachable_categories": 6, "count_community": 0.0, "count_education": 0.0, "count_essential_services": 0.0, "count_food_and_drink": 0.0, "count_healthcare": 1.0, "count_shelter": 0.0, "gravity_community_per_100": 0.0, "gravity_education_per_100": 0.0, "gravity_essential_services_per_100": 0.0, "gravity_food_and_drink_per_100": 0.0, "gravity_healthcare_per_100": 94.697176822802064, "gravity_shelter_per_100": 0.0, "shannon": 1.1412925456691193e-08, "kl_divergence": 2.2120549860735017, "jsd": 0.7172406152844808, "city_similarity": 0.2827593847155192 }, "geometry": { "type": "Polygon", "coordinates": [ [ [ -3.352533553006011, 55.850033285825724 ], [ -3.360519454728965, 55.850010150921904 ], [ -3.36454881850302, 55.853888999621972 ], [ -3.360591500428473, 55.857791372795184 ], [ -3.352604002895673, 55.85781451442417 ], [ -3.348575419508824, 55.853935276153699 ], [ -3.352533553006011, 55.850033285825724 ] ] ] } },
{ "type": "Feature", "properties": { "from_id": "31", "population": 2.8071434824890216, "gravity_community": 0.0, "gravity_education": 0.0, "gravity_essential_services": 1.0, "gravity_food_and_drink": 0.0, "gravity_healthcare": 0.0, "gravity_shelter": 0.0, "avg_gravity": 0.16666666666666666, "min_tt_community": null, "min_tt_education": null, "min_tt_essential_services": null, "min_tt_food_and_drink": null, "min_tt_healthcare": null, "min_tt_shelter": null, "avg_tt_community": null, "avg_tt_education": null, "avg_tt_essential_services": null, "avg_tt_food_and_drink": null, "avg_tt_healthcare": null, "avg_tt_shelter": null, "avg_tt_all": null, "n_unreachable_categories": 6, "count_community": 0.0, "count_education": 0.0, "count_essential_services": 1.0, "count_food_and_drink": 0.0, "count_healthcare": 0.0, "count_shelter": 0.0, "gravity_community_per_100": 0.0, "gravity_education_per_100": 0.0, "gravity_essential_services_per_100": 35.623401733399312, "gravity_food_and_drink_per_100": 0.0, "gravity_healthcare_per_100": 0.0, "gravity_shelter_per_100": 0.0, "shannon": 1.1412925456691193e-08, "kl_divergence": 2.066342100298014, "jsd": 0.70364990877528588, "city_similarity": 0.29635009122471412 }, "geometry": { "type": "Polygon", "coordinates": [ [ [ -3.376491222497569, 55.849962326548471 ], [ -3.384477088020285, 55.849937637082213 ], [ -3.388508826790165, 55.853815697851417 ], [ -3.384553921100873, 55.857718837876213 ], [ -3.376566459792716, 55.857743534519521 ], [ -3.372535500220843, 55.853865083959825 ], [ -3.376491222497569, 55.849962326548471 ] ] ] } },
{ "type": "Feature", "properties": { "from_id": "32", "population": 4.1968775839370647, "gravity_community": 0.0, "gravity_education": 0.0, "gravity_essential_services": 0.0, "gravity_food_and_drink": 0.0, "gravity_healthcare": 1.0, "gravity_shelter": 0.0, "avg_gravity": 0.16666666666666666, "min_tt_community": null, "min_tt_education": null, "min_tt_essential_services": null, "min_tt_food_and_drink": null, "min_tt_healthcare": null, "min_tt_shelter": null, "avg_tt_community": null, "avg_tt_education": null, "avg_tt_essential_services": null, "avg_tt_food_and_drink": null, "avg_tt_healthcare": null, "avg_tt_shelter": null, "avg_tt_all": null, "n_unreachable_categories": 6, "count_community": 0.0, "count_education": 0.0, "count_essential_services": 0.0, "count_food_and_drink": 0.0, "count_healthcare": 1.0, "count_shelter": 0.0, "gravity_community_per_100": 0.0, "gravity_education_per_100": 0.0, "gravity_essential_services_per_100": 0.0, "gravity_food_and_drink_per_100": 0.0, "gravity_healthcare_per_100": 23.827237749972831, "gravity_shelter_per_100": 0.0, "shannon": 1.1412925456691193e-08, "kl_divergence": 2.2120549860735017, "jsd": 0.7172406152844808, "city_similarity": 0.2827593847155192 }, "geometry": { "type": "Polygon", "coordinates": [ [ [ -3.36454881850302, 55.853888999621972 ], [ -3.372535500220843, 55.853865083959825 ], [ -3.376566459792716, 55.857743534519521 ], [ -3.372609957925613, 55.861646290478056 ], [ -3.364621680017549, 55.861670213092694 ], [ -3.360591500428473, 55.857791372795184 ], [ -3.36454881850302, 55.853888999621972 ] ] ] } },
{ "type": "Feature", "properties": { "from_id": "33", "population": 5.2875325472888157, "gravity_community": 0.69110644787977582, "gravity_education": 0.58177152113638142, "gravity_essential_services": 0.36856195340686149, "gravity_food_and_drink": 1.0638658465297859, "gravity_healthcare": 1.3413321275258261, "gravity_shelter": 0.0, "avg_gravity": 0.67443964941310508, "min_tt_community": 55.0, "min_tt_education": 51.0, "min_tt_essential_services": 53.0, "min_tt_food_and_drink": 54.0, "min_tt_healthcare": 55.0, "min_tt_shelter": null, "avg_tt_community": 56.333333333333336, "avg_tt_education": 56.2, "avg_tt_essential_services": 54.666666666666664, "avg_tt_food_and_drink": 55.666666666666664, "avg_tt_healthcare": 56.666666666666664, "avg_tt_shelter": null, "avg_tt_all": 55.906666666666659, "n_unreachable_categories": 1, "count_community": 6.0, "count_education": 5.0, "count_essential_services": 3.0, "count_food_and_drink": 9.0, "count_healthcare": 4.0, "count_shelter": 0.0, "gravity_community_per_100": 13.070490662684259, "gravity_education_per_100": 11.002703358009304, "gravity_essential_services_per_100": 6.9703959287369637, "gravity_food_and_drink_per_100": 20.120270409971916, "gravity_healthcare_per_100": 25.367827347249044, "gravity_shelter_per_100": 0.0, "shannon": 1.5397708729409922, "kl_divergence": 0.25722995231744011, "jsd": 0.24491594224447974, "city_similarity": 0.75508405775552023 }, "geometry": { "type": "Polygon", "coordinates": [ [ [ -3.340588702755567, 55.853957637020038 ], [ -3.348575419508824, 55.853935276153699 ], [ -3.352604002895673, 55.85781451442417 ], [ -3.348645088618897, 55.861716503077446 ], [ -3.340656775651776, 55.86173887044432 ], [ -3.336628973436946, 55.857859242656339 ], [ -3.340588702755567, 55.853957637020038 ] ] ] } },
{ "type": "Feature", "properties": { "from_id": "34", "population": 0.0052198006427746713, "gravity_community": 0.0, "gravity_education": 0.0, "gravity_essential_services": 1.0, "gravity_food_and_drink": 0.0, "gravity_healthcare": 0.0, "gravity_shelter": 0.0, "avg_gravity": 0.16666666666666666, "min_tt_community": null, "min_tt_education": null, "min_tt_essential_services": null, "min_tt_food_and_drink": null, "min_tt_healthcare": null, "min_tt_shelter": null, "avg_tt_community": null, "avg_tt_education": null, "avg_tt_essential_services": null, "avg_tt_food_and_drink": null, "avg_tt_healthcare": null, "avg_tt_shelter": null, "avg_tt_all": null, "n_unreachable_categories": 6, "count_community": 0.0, "count_education": 0.0, "count_essential_services": 1.0, "count_food_and_drink": 0.0, "count_healthcare": 0.0, "count_shelter": 0.0, "gravity_community_per_100": 0.0, "gravity_education_per_100": 0.0, "gravity_essential_services_per_100": 19157.819779654143, "gravity_food_and_drink_per_100": 0.0, "gravity_healthcare_per_100": 0.0, "gravity_shelter_per_100": 0.0, "shannon": 1.1412925456691193e-08, "kl_divergence": 2.066342100298014, "jsd": 0.70364990877528588, "city_similarity": 0.29635009122471412 }, "geometry": { "type": "Polygon", "coordinates": [ [ [ -3.376566459792716, 55.857743534519521 ], [ -3.384553921100873, 55.857718837876213 ], [ -3.388586476850557, 55.861596890012677 ], [ -3.384630791975952, 55.865500028696474 ], [ -3.376641734097437, 55.865524732519688 ], [ -3.372609957925613, 55.861646290478056 ], [ -3.376566459792716, 55.857743534519521 ] ] ] } },
{ "type": "Feature", "properties": { "from_id": "35", "population": 12.151617199123624, "gravity_community": 0.85914229942448539, "gravity_education": 0.85995697729661591, "gravity_essential_services": 1.495698237679457, "gravity_food_and_drink": 1.473721071642498, "gravity_healthcare": 0.47653946963963251, "gravity_shelter": 0.0, "avg_gravity": 0.8608430092804481, "min_tt_community": 53.0, "min_tt_education": 50.0, "min_tt_essential_services": 52.0, "min_tt_food_and_drink": 52.0, "min_tt_healthcare": 53.0, "min_tt_shelter": null, "avg_tt_community": 54.714285714285715, "avg_tt_education": 54.857142857142854, "avg_tt_essential_services": 54.5, "avg_tt_food_and_drink": 54.75, "avg_tt_healthcare": 55.5, "avg_tt_shelter": null, "avg_tt_all": 54.864285714285714, "n_unreachable_categories": 1, "count_community": 7.0, "count_education": 7.0, "count_essential_services": 5.0, "count_food_and_drink": 12.0, "count_healthcare": 4.0, "count_shelter": 0.0, "gravity_community_per_100": 7.0701889744061956, "gravity_education_per_100": 7.0768932497201771, "gravity_essential_services_per_100": 12.308635247227233, "gravity_food_and_drink_per_100": 12.127777294933081, "gravity_healthcare_per_100": 3.9216135748087968, "gravity_shelter_per_100": 0.0, "shannon": 1.5366626672501282, "kl_divergence": 0.23678677084861185, "jsd": 0.23529304452511698, "city_similarity": 0.76470695547488299 }, "geometry": { "type": "Polygon", "coordinates": [ [ [ -3.352604002895673, 55.85781451442417 ], [ -3.360591500428473, 55.857791372795184 ], [ -3.364621680017549, 55.861670213092694 ], [ -3.360663581567697, 55.865572584703131 ], [ -3.35267448744011, 55.865595733059976 ], [ -3.348645088618897, 55.861716503077446 ], [ -3.352604002895673, 55.85781451442417 ] ] ] } },
{ "type": "Feature", "properties": { "from_id": "36", "population": 13.383560118058865, "gravity_community": 0.66948900542156453, "gravity_education": 0.46636576047193284, "gravity_essential_services": 0.22440369086039272, "gravity_food_and_drink": 1.8937209652248685, "gravity_healthcare": 0.22456895635075419, "gravity_shelter": 0.0, "avg_gravity": 0.57975806305491884, "min_tt_community": 55.0, "min_tt_education": 56.0, "min_tt_essential_services": 57.0, "min_tt_food_and_drink": 56.0, "min_tt_healthcare": 56.0, "min_tt_shelter": null, "avg_tt_community": 57.166666666666664, "avg_tt_education": 56.0, "avg_tt_essential_services": 57.0, "avg_tt_food_and_drink": 57.125, "avg_tt_healthcare": 57.0, "avg_tt_shelter": null, "avg_tt_all": 56.858333333333327, "n_unreachable_categories": 1, "count_community": 6.0, "count_education": 4.0, "count_essential_services": 2.0, "count_food_and_drink": 9.0, "count_healthcare": 2.0, "count_shelter": 0.0, "gravity_community_per_100": 5.0023237428298444, "gravity_education_per_100": 3.4846166218706682, "gravity_essential_services_per_100": 1.6767114944072143, "gravity_food_and_drink_per_100": 14.149605549793961, "gravity_healthcare_per_100": 1.6779463339334961, "gravity_shelter_per_100": 0.0, "shannon": 1.4466531674009919, "kl_divergence": 0.26571334589777879, "jsd": 0.24220471259966753, "city_similarity": 0.75779528740033242 }, "geometry": { "type": "Polygon", "coordinates": [ [ [ -3.364621680017549, 55.861670213092694 ], [ -3.372609957925613, 55.861646290478056 ], [ -3.376641734097437, 55.865524732519688 ], [ -3.372684452259839, 55.869427487027338 ], [ -3.364694577376342, 55.869451416597251 ], [ -3.360663581567697, 55.865572584703131 ], [ -3.364621680017549, 55.861670213092694 ] ] ] } },
{ "type": "Feature", "properties": { "from_id": "37", "population": 25.071335283019241, "gravity_community": 1.030237087135069, "gravity_education": 0.96495537854284841, "gravity_essential_services": 1.5329336709577646, "gravity_food_and_drink": 1.6883734127630263, "gravity_healthcare": 0.54178103855294291, "gravity_shelter": 0.0, "avg_gravity": 0.9597134313252752, "min_tt_community": 46.0, "min_tt_education": 48.0, "min_tt_essential_services": 48.0, "min_tt_food_and_drink": 47.0, "min_tt_healthcare": 47.0, "min_tt_shelter": null, "avg_tt_community": 50.142857142857146, "avg_tt_education": 52.0, "avg_tt_essential_services": 53.0, "avg_tt_food_and_drink": 51.416666666666664, "avg_tt_healthcare": 52.5, "avg_tt_shelter": null, "avg_tt_all": 51.811904761904756, "n_unreachable_categories": 1, "count_community": 7.0, "count_education": 7.0, "count_essential_services": 5.0, "count_food_and_drink": 12.0, "count_healthcare": 4.0, "count_shelter": 0.0, "gravity_community_per_100": 4.1092230449841507, "gravity_education_per_100": 3.848839192846703, "gravity_essential_services_per_100": 6.1142881049339923, "gravity_food_and_drink_per_100": 6.7342779860096149, "gravity_healthcare_per_100": 2.1609580520423655, "gravity_shelter_per_100": 0.0, "shannon": 1.5366626672501282, "kl_divergence": 0.23678677084861185, "jsd": 0.23529304452511698, "city_similarity": 0.76470695547488299 }, "geometry": { "type": "Polygon", "coordinates": [ [ [ -3.35267448744011, 55.865595733059976 ], [ -3.360663581567697, 55.865572584703131 ], [ -3.364694577376342, 55.869451416597251 ], [ -3.360735698170537, 55.873353786646796 ], [ -3.352745006662695, 55.873376941734193 ], [ -3.348714792002824, 55.869497720040414 ], [ -3.35267448744011, 55.865595733059976 ] ] ] } },
{ "type": "Feature", "properties": { "from_id": "38", "population": 13.847990638050332, "gravity_community": 0.0, "gravity_education": 1.0, "gravity_essential_services": 0.12589254117941673, "gravity_food_and_drink": 0.0, "gravity_healthcare": 0.0, "gravity_shelter": 0.0, "avg_gravity": 0.18764875686323612, "min_tt_community": null, "min_tt_education": null, "min_tt_essential_services": 54.0, "min_tt_food_and_drink": null, "min_tt_healthcare": null, "min_tt_shelter": null, "avg_tt_community": null, "avg_tt_education": null, "avg_tt_essential_services": 54.0, "avg_tt_food_and_drink": null, "avg_tt_healthcare": null, "avg_tt_shelter": null, "avg_tt_all": 54.0, "n_unreachable_categories": 5, "count_community": 0.0, "count_education": 1.0, "count_essential_services": 1.0, "count_food_and_drink": 0.0, "count_healthcare": 0.0, "count_shelter": 0.0, "gravity_community_per_100": 0.0, "gravity_education_per_100": 7.2212642695777456, "gravity_essential_services_per_100": 0.90910330942526718, "gravity_food_and_drink_per_100": 0.0, "gravity_healthcare_per_100": 0.0, "gravity_shelter_per_100": 0.0, "shannon": 0.69314718970891509, "kl_divergence": 1.6620940487832843, "jsd": 0.65435290726743289, "city_similarity": 0.34564709273256711 }, "geometry": { "type": "Polygon", "coordinates": [ [ [ -3.31266634719081, 55.85792244741674 ], [ -3.316691770820105, 55.861802862024106 ], [ -3.312728848647994, 55.865703697431499 ], [ -3.304739689091544, 55.865723734812619 ], [ -3.301149572141695, 55.862261968862491 ], [ -3.30148458480835, 55.86207199096679 ], [ -3.307620300314604, 55.857935162411088 ], [ -3.31266634719081, 55.85792244741674 ] ] ] } },
{ "type": "Feature", "properties": { "from_id": "39", "population": 25.725511541537522, "gravity_community": 0.21611407581371328, "gravity_education": 0.11220184543019636, "gravity_essential_services": 0.30421603929407653, "gravity_food_and_drink": 0.6442831637340759, "gravity_healthcare": 1.1039122303835169, "gravity_shelter": 0.0, "avg_gravity": 0.39678789244259649, "min_tt_community": 57.0, "min_tt_education": 57.0, "min_tt_essential_services": 43.0, "min_tt_food_and_drink": 56.0, "min_tt_healthcare": 59.0, "min_tt_shelter": null, "avg_tt_community": 58.0, "avg_tt_education": 57.0, "avg_tt_essential_services": 50.0, "avg_tt_food_and_drink": 58.166666666666664, "avg_tt_healthcare": 59.0, "avg_tt_shelter": null, "avg_tt_all": 56.433333333333323, "n_unreachable_categories": 1, "count_community": 2.0, "count_education": 1.0, "count_essential_services": 2.0, "count_food_and_drink": 6.0, "count_healthcare": 2.0, "count_shelter": 0.0, "gravity_community_per_100": 0.84007688424296711, "gravity_education_per_100": 0.43615010433915147, "gravity_essential_services_per_100": 1.1825461227578553, "gravity_food_and_drink_per_100": 2.5044522931790434, "gravity_healthcare_per_100": 4.2911186764978124, "gravity_shelter_per_100": 0.0, "shannon": 1.4180693679496301, "kl_divergence": 0.07903992263437383, "jsd": 0.14223518162099183, "city_similarity": 0.8577648183790082 }, "geometry": { "type": "Polygon", "coordinates": [ [ [ -3.316691770820105, 55.861802862024106 ], [ -3.324680116490639, 55.861782049919157 ], [ -3.328707136748364, 55.865662067171627 ], [ -3.32474502885492, 55.869563285939336 ], [ -3.31675508616325, 55.869584104095246 ], [ -3.312728848647994, 55.865703697431499 ], [ -3.316691770820105, 55.861802862024106 ] ] ] } },
{ "type": "Feature", "properties": { "from_id": "40", "population": 27.782656539595763, "gravity_community": 1.334822494330729, "gravity_education": 2.1321393755427209, "gravity_essential_services": 0.78542190579520443, "gravity_food_and_drink": 2.294665646275611, "gravity_healthcare": 0.89817386111092379, "gravity_shelter": 0.0, "avg_gravity": 1.240870547175865, "min_tt_community": 44.0, "min_tt_education": 38.0, "min_tt_essential_services": 40.0, "min_tt_food_and_drink": 43.0, "min_tt_healthcare": 46.0, "min_tt_shelter": null, "avg_tt_community": 50.222222222222221, "avg_tt_education": 48.428571428571431, "avg_tt_essential_services": 49.2, "avg_tt_food_and_drink": 51.25, "avg_tt_healthcare": 54.0, "avg_tt_shelter": null, "avg_tt_all": 50.620158730158735, "n_unreachable_categories": 1, "count_community": 9.0, "count_education": 8.0, "count_essential_services": 5.0, "count_food_and_drink": 16.0, "count_healthcare": 7.0, "count_shelter": 0.0, "gravity_community_per_100": 4.8045171361793422, "gravity_education_per_100": 7.6743538635479362, "gravity_essential_services_per_100": 2.8270223355920749, "gravity_food_and_drink_per_100": 8.2593456928975097, "gravity_healthcare_per_100": 3.2328580955922948, "gravity_shelter_per_100": 0.0, "shannon": 1.530206188174468, "kl_divergence": 0.21657388112232134, "jsd": 0.22634724417957977, "city_similarity": 0.77365275582042026 }, "geometry": { "type": "Polygon", "coordinates": [ [ [ -3.340656775651776, 55.86173887044432 ], [ -3.348645088618897, 55.861716503077446 ], [ -3.35267448744011, 55.865595733059976 ], [ -3.348714792002824, 55.869497720040414 ], [ -3.340724882036625, 55.86952009391041 ], [ -3.336696264768617, 55.865640474295802 ], [ -3.340656775651776, 55.86173887044432 ] ] ] } },
{ "type": "Feature", "properties": { "from_id": "41", "population": 3.1608536231775179, "gravity_community": 4.5853925313066757, "gravity_education": 3.8413981230011918, "gravity_essential_services": 3.6833149445839366, "gravity_food_and_drink": 9.8321450118186071, "gravity_healthcare": 4.0163383011561438, "gravity_shelter": 0.26675338651387204, "avg_gravity": 4.3708903830634043, "min_tt_community": 29.0, "min_tt_education": 21.0, "min_tt_essential_services": 23.0, "min_tt_food_and_drink": 28.0, "min_tt_healthcare": 31.0, "min_tt_shelter": 52.0, "avg_tt_community": 44.916666666666664, "avg_tt_education": 43.789473684210527, "avg_tt_essential_services": 49.045454545454547, "avg_tt_food_and_drink": 47.16, "avg_tt_healthcare": 48.25, "avg_tt_shelter": 52.5, "avg_tt_all": 47.610265816055289, "n_unreachable_categories": 0, "count_community": 24.0, "count_education": 19.0, "count_essential_services": 22.0, "count_food_and_drink": 51.0, "count_healthcare": 24.0, "count_shelter": 2.0, "gravity_community_per_100": 145.06817075246619, "gravity_education_per_100": 121.53040225695555, "gravity_essential_services_per_100": 116.52912104424509, "gravity_food_and_drink_per_100": 311.05980168529999, "gravity_healthcare_per_100": 127.06498876460566, "gravity_shelter_per_100": 8.4392831277556066, "shannon": 1.5867900155631907, "kl_divergence": 0.14318460762348617, "jsd": 0.18552253129195581, "city_similarity": 0.81447746870804416 }, "geometry": { "type": "Polygon", "coordinates": [ [ [ -3.328707136748364, 55.865662067171627 ], [ -3.336696264768617, 55.865640474295802 ], [ -3.340724882036625, 55.86952009391041 ], [ -3.336763589207476, 55.873421695978841 ], [ -3.328772863784106, 55.873443295132958 ], [ -3.32474502885492, 55.869563285939336 ], [ -3.328707136748364, 55.865662067171627 ] ] ] } },
{ "type": "Feature", "properties": { "from_id": "42", "population": 18.084374173470177, "gravity_community": 0.72380434605141519, "gravity_education": 0.4803999183353308, "gravity_essential_services": 0.50413806840554465, "gravity_food_and_drink": 2.1459966745377743, "gravity_healthcare": 0.24704530704227556, "gravity_shelter": 0.0, "avg_gravity": 0.6835640523953902, "min_tt_community": 52.0, "min_tt_education": 54.0, "min_tt_essential_services": 37.0, "min_tt_food_and_drink": 51.0, "min_tt_healthcare": 54.0, "min_tt_shelter": null, "avg_tt_community": 55.166666666666664, "avg_tt_education": 55.25, "avg_tt_essential_services": 47.666666666666664, "avg_tt_food_and_drink": 53.777777777777779, "avg_tt_healthcare": 54.5, "avg_tt_shelter": null, "avg_tt_all": 53.272222222222219, "n_unreachable_categories": 1, "count_community": 6.0, "count_education": 4.0, "count_essential_services": 3.0, "count_food_and_drink": 10.0, "count_healthcare": 2.0, "count_shelter": 0.0, "gravity_community_per_100": 4.0023743100451776, "gravity_education_per_100": 2.6564365110299404, "gravity_essential_services_per_100": 2.7876998317426791, "gravity_food_and_drink_per_100": 11.866579699981859, "gravity_healthcare_per_100": 1.3660705351069966, "gravity_shelter_per_100": 0.0, "shannon": 1.4587271708764811, "kl_divergence": 0.21945208119834325, "jsd": 0.22230214714249369, "city_similarity": 0.77769785285750626 }, "geometry": { "type": "Polygon", "coordinates": [ [ [ -3.304739689091544, 55.865723734812619 ], [ -3.312728848647994, 55.865703697431499 ], [ -3.31675508616325, 55.869584104095246 ], [ -3.312791380855876, 55.873484937497182 ], [ -3.304800623875037, 55.873504980704354 ], [ -3.300775169887886, 55.869624184682607 ], [ -3.304739689091544, 55.865723734812619 ] ] ] } },
{ "type": "Feature", "properties": { "from_id": "43", "population": 41.78928393850191, "gravity_community": 6.2925522490951842, "gravity_education": 5.1695183318416165, "gravity_essential_services": 5.4264675836593197, "gravity_food_and_drink": 17.425586095657845, "gravity_healthcare": 5.2322992279722573, "gravity_shelter": 0.29930222241610893, "avg_gravity": 6.6409542851070542, "min_tt_community": 23.0, "min_tt_education": 17.0, "min_tt_essential_services": 22.0, "min_tt_food_and_drink": 22.0, "min_tt_healthcare": 25.0, "min_tt_shelter": 49.0, "avg_tt_community": 45.1875, "avg_tt_education": 44.32, "avg_tt_essential_services": 50.294117647058826, "avg_tt_food_and_drink": 51.317757009345797, "avg_tt_healthcare": 47.7, "avg_tt_shelter": 49.5, "avg_tt_all": 48.053229109400775, "n_unreachable_categories": 0, "count_community": 32.0, "count_education": 25.0, "count_essential_services": 34.0, "count_food_and_drink": 108.0, "count_healthcare": 30.0, "count_shelter": 2.0, "gravity_community_per_100": 15.057813046893676, "gravity_education_per_100": 12.370440085666939, "gravity_essential_services_per_100": 12.98530884531316, "gravity_food_and_drink_per_100": 41.698695103993039, "gravity_healthcare_per_100": 12.520672131334509, "gravity_shelter_per_100": 0.71621763813079242, "shannon": 1.4581575784372176, "kl_divergence": 0.053781938552093581, "jsd": 0.11331394940496822, "city_similarity": 0.8866860505950318 }, "geometry": { "type": "Polygon", "coordinates": [ [ [ -3.340724882036625, 55.86952009391041 ], [ -3.348714792002824, 55.869497720040414 ], [ -3.352745006662695, 55.873376941734193 ], [ -3.348784529683722, 55.877278927043619 ], [ -3.3407930219327, 55.87730130741933 ], [ -3.336763589207476, 55.873421695978841 ], [ -3.340724882036625, 55.86952009391041 ] ] ] } },
{ "type": "Feature", "properties": { "from_id": "44", "population": 79.560745537895315, "gravity_community": 3.3541238241218592, "gravity_education": 2.7815667783564955, "gravity_essential_services": 2.3508882170797367, "gravity_food_and_drink": 6.7349402889444363, "gravity_healthcare": 2.3646402657206016, "gravity_shelter": 0.22017936166296731, "avg_gravity": 2.967723122647683, "min_tt_community": 32.0, "min_tt_education": 34.0, "min_tt_essential_services": 17.0, "min_tt_food_and_drink": 31.0, "min_tt_healthcare": 34.0, "min_tt_shelter": 57.0, "avg_tt_community": 45.055555555555557, "avg_tt_education": 46.875, "avg_tt_essential_services": 45.75, "avg_tt_food_and_drink": 45.483870967741936, "avg_tt_healthcare": 45.0, "avg_tt_shelter": 57.5, "avg_tt_all": 47.610737753882916, "n_unreachable_categories": 0, "count_community": 18.0, "count_education": 16.0, "count_essential_services": 12.0, "count_food_and_drink": 32.0, "count_healthcare": 13.0, "count_shelter": 2.0, "gravity_community_per_100": 4.2158024053762384, "gravity_education_per_100": 3.4961547425817128, "gravity_essential_services_per_100": 2.9548343233661543, "gravity_food_and_drink_per_100": 8.4651548240413845, "gravity_healthcare_per_100": 2.9721192904034659, "gravity_shelter_per_100": 0.27674371346620225, "shannon": 1.6095760970852737, "kl_divergence": 0.19085165916083269, "jsd": 0.21031690527564606, "city_similarity": 0.78968309472435394 }, "geometry": { "type": "Polygon", "coordinates": [ [ [ -3.31675508616325, 55.869584104095246 ], [ -3.32474502885492, 55.869563285939336 ], [ -3.328772863784106, 55.873443295132958 ], [ -3.324809973158918, 55.877344512007369 ], [ -3.316818432660348, 55.877365336216648 ], [ -3.312791380855876, 55.873484937497182 ], [ -3.31675508616325, 55.869584104095246 ] ] ] } },
{ "type": "Feature", "properties": { "from_id": "45", "population": 2.7713940753634416, "gravity_community": 17.608539331824158, "gravity_education": 17.212573755240967, "gravity_essential_services": 32.474684887061208, "gravity_food_and_drink": 126.56149020451873, "gravity_healthcare": 22.625839351681606, "gravity_shelter": 3.0022361244883107, "avg_gravity": 36.580893942469167, "min_tt_community": 14.0, "min_tt_education": 1.0, "min_tt_essential_services": 14.0, "min_tt_food_and_drink": 13.0, "min_tt_healthcare": 14.0, "min_tt_shelter": 33.0, "avg_tt_community": 44.108433734939759, "avg_tt_education": 46.30681818181818, "avg_tt_essential_services": 49.874396135265698, "avg_tt_food_and_drink": 51.157832744405184, "avg_tt_healthcare": 48.107692307692311, "avg_tt_shelter": 53.045454545454547, "avg_tt_all": 48.766771274929276, "n_unreachable_categories": 0, "count_community": 83.0, "count_education": 88.0, "count_essential_services": 207.0, "count_food_and_drink": 850.0, "count_healthcare": 130.0, "count_shelter": 22.0, "gravity_community_per_100": 635.36757505390017, "gravity_education_per_100": 621.07997950395065, "gravity_essential_services_per_100": 1171.7815656657369, "gravity_food_and_drink_per_100": 4566.7085503861954, "gravity_healthcare_per_100": 816.40642710526276, "gravity_shelter_per_100": 108.32945596503076, "shannon": 1.2161608732553408, "kl_divergence": 0.0048273439729913433, "jsd": 0.034786374116352957, "city_similarity": 0.96521362588364701 }, "geometry": { "type": "Polygon", "coordinates": [ [ [ -3.328772863784106, 55.873443295132958 ], [ -3.336763589207476, 55.873421695978841 ], [ -3.3407930219327, 55.87730130741933 ], [ -3.336830946775855, 55.881202907706545 ], [ -3.328838623163348, 55.881224513141461 ], [ -3.324809973158918, 55.877344512007369 ], [ -3.328772863784106, 55.873443295132958 ] ] ] } },
{ "type": "Feature", "properties": { "from_id": "46", "population": 667.95760079172885, "gravity_community": 2.0233909464300095, "gravity_education": 1.8174069092447558, "gravity_essential_services": 1.2512639629680302, "gravity_food_and_drink": 4.0304547328446851, "gravity_healthcare": 1.1694338072581665, "gravity_shelter": 0.20391223038351691, "avg_gravity": 1.7493104315215273, "min_tt_community": 41.0, "min_tt_education": 45.0, "min_tt_essential_services": 29.0, "min_tt_food_and_drink": 42.0, "min_tt_healthcare": 40.0, "min_tt_shelter": 59.0, "avg_tt_community": 46.666666666666664, "avg_tt_education": 49.5, "avg_tt_essential_services": 46.285714285714285, "avg_tt_food_and_drink": 48.157894736842103, "avg_tt_healthcare": 46.857142857142854, "avg_tt_shelter": 59.5, "avg_tt_all": 49.494569757727653, "n_unreachable_categories": 0, "count_community": 12.0, "count_education": 12.0, "count_essential_services": 7.0, "count_food_and_drink": 20.0, "count_healthcare": 7.0, "count_shelter": 2.0, "gravity_community_per_100": 0.30292206332133781, "gravity_education_per_100": 0.27208417227239978, "gravity_essential_services_per_100": 0.18732685450167935, "gravity_food_and_drink_per_100": 0.60339978586476073, "gravity_healthcare_per_100": 0.17507605361059428, "gravity_shelter_per_100": 0.030527720643019878, "shannon": 1.6246538709255542, "kl_divergence": 0.23362907976548081, "jsd": 0.23025425842878533, "city_similarity": 0.76974574157121467 }, "geometry": { "type": "Polygon", "coordinates": [ [ [ -3.304800623875037, 55.873504980704354 ], [ -3.312791380855876, 55.873484937497182 ], [ -3.316818432660348, 55.877365336216648 ], [ -3.3128539438352, 55.881266167614861 ], [ -3.304861588643933, 55.881286216650402 ], [ -3.300835320750342, 55.877405428458424 ], [ -3.304800623875037, 55.873504980704354 ] ] ] } },
{ "type": "Feature", "properties": { "from_id": "47", "population": 40.647697618705074, "gravity_community": 15.502241968129166, "gravity_education": 13.875327000189245, "gravity_essential_services": 26.069680192195079, "gravity_food_and_drink": 96.752007499571874, "gravity_healthcare": 18.19935761903465, "gravity_shelter": 1.6981936390771124, "avg_gravity": 28.682801319699525, "min_tt_community": 9.0, "min_tt_education": 9.0, "min_tt_essential_services": 9.0, "min_tt_food_and_drink": 10.0, "min_tt_healthcare": 10.0, "min_tt_shelter": 36.0, "avg_tt_community": 43.871428571428574, "avg_tt_education": 46.638888888888886, "avg_tt_essential_services": 51.281609195402297, "avg_tt_food_and_drink": 52.19640179910045, "avg_tt_healthcare": 48.698113207547166, "avg_tt_shelter": 52.25, "avg_tt_all": 49.156073610394564, "n_unreachable_categories": 0, "count_community": 70.0, "count_education": 72.0, "count_essential_services": 174.0, "count_food_and_drink": 668.0, "count_healthcare": 106.0, "count_shelter": 12.0, "gravity_community_per_100": 38.138056707535171, "gravity_education_per_100": 34.135579166983767, "gravity_essential_services_per_100": 64.13568718391187, "gravity_food_and_drink_per_100": 238.02580015023773, "gravity_healthcare_per_100": 44.773403378841685, "gravity_shelter_per_100": 4.1778347571047796, "shannon": 1.2226694921503856, "kl_divergence": 0.006100065872306399, "jsd": 0.038891996966029296, "city_similarity": 0.9611080030339707 }, "geometry": { "type": "Polygon", "coordinates": [ [ [ -3.3407930219327, 55.87730130741933 ], [ -3.348784529683722, 55.877278927043619 ], [ -3.352815560586818, 55.881158140447852 ], [ -3.348854301684728, 55.88506012408812 ], [ -3.340861195362607, 55.88508251097214 ], [ -3.336830946775855, 55.881202907706545 ], [ -3.3407930219327, 55.87730130741933 ] ] ] } },
{ "type": "Feature", "properties": { "from_id": "48", "population": 851.53659569903971, "gravity_community": 0.0, "gravity_education": 0.0, "gravity_essential_services": 0.0, "gravity_food_and_drink": 0.0, "gravity_healthcare": 0.0, "gravity_shelter": 0.0, "avg_gravity": 0.0, "min_tt_community": null, "min_tt_education": null, "min_tt_essential_services": null, "min_tt_food_and_drink": null, "min_tt_healthcare": null, "min_tt_shelter": null, "avg_tt_community": null, "avg_tt_education": null, "avg_tt_essential_services": null, "avg_tt_food_and_drink": null, "avg_tt_healthcare": null, "avg_tt_shelter": null, "avg_tt_all": null, "n_unreachable_categories": 6, "count_community": 0.0, "count_education": 0.0, "count_essential_services": 0.0, "count_food_and_drink": 0.0, "count_healthcare": 0.0, "count_shelter": 0.0, "gravity_community_per_100": 0.0, "gravity_education_per_100": 0.0, "gravity_essential_services_per_100": 0.0, "gravity_food_and_drink_per_100": 0.0, "gravity_healthcare_per_100": 0.0, "gravity_shelter_per_100": 0.0, "shannon": 1.3815510557964275e-08, "kl_divergence": 0.57496298658424649, "jsd": 0.35510301691020779, "city_similarity": 0.64489698308979215 }, "geometry": { "type": "Polygon", "coordinates": [ [ [ -3.400608869651192, 55.865449065595705 ], [ -3.396574717343984, 55.861571412165397 ], [ -3.400528805661061, 55.857667889587333 ], [ -3.408516228389823, 55.857641637945321 ], [ -3.412551159084128, 55.861518901250669 ], [ -3.408597888924295, 55.865422806321746 ], [ -3.408455321563256, 55.865423279473454 ], [ -3.4080650806427, 55.865322113037109 ], [ -3.407955884933471, 55.865306854248047 ], [ -3.407680749893189, 55.865303039550781 ], [ -3.407273292541504, 55.865257263183594 ], [ -3.406851530075073, 55.865169525146484 ], [ -3.405648469924927, 55.865047454833977 ], [ -3.405538082122802, 55.865089416503906 ], [ -3.405382394790649, 55.865238189697251 ], [ -3.405167579650879, 55.865356445312486 ], [ -3.404596286005155, 55.865436024089135 ], [ -3.400608869651192, 55.865449065595705 ] ] ] } },
{ "type": "Feature", "properties": { "from_id": "49", "population": 5.3005430579088175, "gravity_community": 0.34116039646873741, "gravity_education": 0.0, "gravity_essential_services": 0.11659144011798321, "gravity_food_and_drink": 1.2331828802359666, "gravity_healthcare": 0.11659144011798321, "gravity_shelter": 0.0, "avg_gravity": 0.30125435949011176, "min_tt_community": 56.0, "min_tt_education": null, "min_tt_essential_services": 56.0, "min_tt_food_and_drink": 56.0, "min_tt_healthcare": 56.0, "min_tt_shelter": null, "avg_tt_community": 56.666666666666664, "avg_tt_education": null, "avg_tt_essential_services": 56.0, "avg_tt_food_and_drink": 56.0, "avg_tt_healthcare": 56.0, "avg_tt_shelter": null, "avg_tt_all": 56.166666666666664, "n_unreachable_categories": 2, "count_community": 3.0, "count_education": 0.0, "count_essential_services": 1.0, "count_food_and_drink": 3.0, "count_healthcare": 1.0, "count_shelter": 0.0, "gravity_community_per_100": 6.4363291221585284, "gravity_education_per_100": 0.0, "gravity_essential_services_per_100": 2.1996131121700788, "gravity_food_and_drink_per_100": 23.265217672290444, "gravity_healthcare_per_100": 2.1996131121700788, "gravity_shelter_per_100": 0.0, "shannon": 1.2554823299959779, "kl_divergence": 0.45056393207160167, "jsd": 0.31569227417285645, "city_similarity": 0.6843077258271435 }, "geometry": { "type": "Polygon", "coordinates": [ [ [ -3.408597888924295, 55.865422806321746 ], [ -3.412551159084128, 55.861518901250669 ], [ -3.413724983785042, 55.861514961376336 ], [ -3.413717031478881, 55.861541748046875 ], [ -3.413626194000245, 55.861675262451172 ], [ -3.413442134857177, 55.861801147460938 ], [ -3.413231372833252, 55.861892700195312 ], [ -3.412495851516724, 55.862052917480462 ], [ -3.412381172180176, 55.862110137939453 ], [ -3.412324190139771, 55.862216949462891 ], [ -3.41219449043274, 55.862289428710923 ], [ -3.412059783935547, 55.862365722656257 ], [ -3.411988496780396, 55.862430572509751 ], [ -3.411863803863525, 55.862819671630859 ], [ -3.411095142364502, 55.863307952880866 ], [ -3.41065263748169, 55.863700866699219 ], [ -3.410465717315673, 55.864009857177727 ], [ -3.410439252853394, 55.864124298095696 ], [ -3.410472631454468, 55.864337921142571 ], [ -3.410643100738525, 55.864585876464851 ], [ -3.410631895065308, 55.864677429199212 ], [ -3.410499811172485, 55.864822387695312 ], [ -3.410020112991333, 55.865165710449226 ], [ -3.4098060131073, 55.86529541015625 ], [ -3.409650087356567, 55.86536788940429 ], [ -3.409438848495483, 55.865440368652344 ], [ -3.409288167953491, 55.865474700927734 ], [ -3.409017324447632, 55.865497589111314 ], [ -3.408812761306762, 55.865493774414055 ], [ -3.408639430735487, 55.865462721307303 ], [ -3.408597888924295, 55.865422806321746 ] ] ] } },
{ "type": "Feature", "properties": { "from_id": "50", "population": 2110.643978121469, "gravity_community": 0.0, "gravity_education": 0.0, "gravity_essential_services": 0.0, "gravity_food_and_drink": 1.0, "gravity_healthcare": 0.0, "gravity_shelter": 0.0, "avg_gravity": 0.16666666666666666, "min_tt_community": null, "min_tt_education": null, "min_tt_essential_services": null, "min_tt_food_and_drink": null, "min_tt_healthcare": null, "min_tt_shelter": null, "avg_tt_community": null, "avg_tt_education": null, "avg_tt_essential_services": null, "avg_tt_food_and_drink": null, "avg_tt_healthcare": null, "avg_tt_shelter": null, "avg_tt_all": null, "n_unreachable_categories": 6, "count_community": 0.0, "count_education": 0.0, "count_essential_services": 0.0, "count_food_and_drink": 1.0, "count_healthcare": 0.0, "count_shelter": 0.0, "gravity_community_per_100": 0.0, "gravity_education_per_100": 0.0, "gravity_essential_services_per_100": 0.0, "gravity_food_and_drink_per_100": 0.047378904749726072, "gravity_healthcare_per_100": 0.0, "gravity_shelter_per_100": 0.0, "shannon": 1.1412925456691193e-08, "kl_divergence": 0.50370937095792179, "jsd": 0.4022436289892084, "city_similarity": 0.5977563710107916 }, "geometry": { "type": "Polygon", "coordinates": [ [ [ -3.396654002554395, 55.869352586944579 ], [ -3.388664165110769, 55.869378072199268 ], [ -3.384630791975952, 55.865500028696474 ], [ -3.388586476850557, 55.861596890012677 ], [ -3.396574717343984, 55.861571412165397 ], [ -3.400608869651192, 55.865449065595705 ], [ -3.397276284599602, 55.868738444274904 ], [ -3.397074699401856, 55.868717193603523 ], [ -3.396992206573486, 55.868694305419922 ], [ -3.396770715713501, 55.868705749511726 ], [ -3.396592855453491, 55.868736267089844 ], [ -3.396857738494873, 55.86912918090821 ], [ -3.396874715040572, 55.869134763929971 ], [ -3.396654002554395, 55.869352586944579 ] ] ] } },
{ "type": "Feature", "properties": { "from_id": "51", "population": 4.8475334917933877, "gravity_community": 0.92467415462045666, "gravity_education": 0.14677992676220697, "gravity_essential_services": 0.18478497974222913, "gravity_food_and_drink": 1.4920059039605313, "gravity_healthcare": 0.18478497974222913, "gravity_shelter": 0.11220184543019636, "avg_gravity": 0.50753863170964164, "min_tt_community": 43.0, "min_tt_education": 50.0, "min_tt_essential_services": 44.0, "min_tt_food_and_drink": 43.0, "min_tt_healthcare": 44.0, "min_tt_shelter": 57.0, "avg_tt_community": 49.333333333333336, "avg_tt_education": 50.0, "avg_tt_essential_services": 44.0, "avg_tt_food_and_drink": 48.0, "avg_tt_healthcare": 44.0, "avg_tt_shelter": 57.0, "avg_tt_all": 48.722222222222229, "n_unreachable_categories": 0, "count_community": 6.0, "count_education": 1.0, "count_essential_services": 1.0, "count_food_and_drink": 4.0, "count_healthcare": 1.0, "count_shelter": 1.0, "gravity_community_per_100": 19.075147313285822, "gravity_education_per_100": 3.0279301217969397, "gravity_essential_services_per_100": 3.8119381754671755, "gravity_food_and_drink_per_100": 30.77866107550194, "gravity_healthcare_per_100": 3.8119381754671755, "gravity_shelter_per_100": 2.3146172299819696, "shannon": 1.4750763117203238, "kl_divergence": 0.58274780359760558, "jsd": 0.33852863172664949, "city_similarity": 0.66147136827335051 }, "geometry": { "type": "MultiPolygon", "coordinates": [ [ [ [ -3.400688973032172, 55.873230231625485 ], [ -3.396654002554395, 55.869352586944579 ], [ -3.396874715040572, 55.869134763929971 ], [ -3.397124528884888, 55.869216918945312 ], [ -3.397157192230224, 55.869235992431634 ], [ -3.397289752960205, 55.86931991577147 ], [ -3.397396564483643, 55.869354248046868 ], [ -3.39750075340271, 55.869411468505852 ], [ -3.397500991821289, 55.869461059570312 ], [ -3.397616863250732, 55.869483947753913 ], [ -3.397623538970947, 55.869537353515625 ], [ -3.397782802581788, 55.869613647460938 ], [ -3.397850275039673, 55.869709014892571 ], [ -3.397977590560913, 55.869739532470696 ], [ -3.398193836212158, 55.869930267333977 ], [ -3.398446798324585, 55.870212554931648 ], [ -3.398566722869873, 55.870346069335945 ], [ -3.398711442947387, 55.870460510253899 ], [ -3.399076223373413, 55.870693206787095 ], [ -3.399600982666016, 55.870979309082038 ], [ -3.399890661239624, 55.870803833007812 ], [ -3.399974584579468, 55.870784759521484 ], [ -3.400128841400146, 55.870807647705078 ], [ -3.400176048278809, 55.870788574218736 ], [ -3.40028190612793, 55.870796203613274 ], [ -3.400546550750732, 55.870914459228509 ], [ -3.401565551757812, 55.870452880859368 ], [ -3.402148485183716, 55.870399475097649 ], [ -3.403157949447632, 55.870159149169922 ], [ -3.403777599334717, 55.87010574340821 ], [ -3.405229091644287, 55.870025634765618 ], [ -3.405336856842041, 55.870132446289055 ], [ -3.407948493957519, 55.872699737548821 ], [ -3.408486651187893, 55.87320460505817 ], [ -3.400688973032172, 55.873230231625485 ] ] ], [ [ [ -3.408597888924295, 55.865422806321746 ], [ -3.408639430735487, 55.865462721307303 ], [ -3.408535957336426, 55.865444183349602 ], [ -3.408455321563256, 55.865423279473454 ], [ -3.408597888924295, 55.865422806321746 ] ] ], [ [ [ -3.400608869651192, 55.865449065595705 ], [ -3.404596286005155, 55.865436024089135 ], [ -3.404565095901489, 55.865440368652337 ], [ -3.404460906982422, 55.865478515625 ], [ -3.404281377792358, 55.865592956542962 ], [ -3.404211044311523, 55.865684509277337 ], [ -3.404260396957398, 55.865947723388672 ], [ -3.404081583023071, 55.866218566894524 ], [ -3.403892278671265, 55.866420745849616 ], [ -3.403613090515137, 55.866611480712876 ], [ -3.403453588485718, 55.866836547851548 ], [ -3.40323543548584, 55.867034912109368 ], [ -3.402664184570313, 55.867328643798835 ], [ -3.402055740356446, 55.867469787597656 ], [ -3.40184760093689, 55.867546081542962 ], [ -3.401647806167603, 55.867679595947266 ], [ -3.401379585266113, 55.867912292480462 ], [ -3.401044607162476, 55.868106842041016 ], [ -3.4007887840271, 55.868274688720703 ], [ -3.400600910186768, 55.868427276611328 ], [ -3.400383472442627, 55.868556976318352 ], [ -3.400298833847046, 55.868648529052727 ], [ -3.400224924087525, 55.868728637695305 ], [ -3.40006160736084, 55.868808746337891 ], [ -3.39996337890625, 55.86883544921875 ], [ -3.399826288223266, 55.868846893310533 ], [ -3.399415493011474, 55.868839263916001 ], [ -3.398759126663208, 55.868942260742195 ], [ -3.398713111877441, 55.868946075439446 ], [ -3.398593187332153, 55.868949890136726 ], [ -3.397905349731446, 55.868885040283196 ], [ -3.397400379180908, 55.868751525878899 ], [ -3.397276284599602, 55.868738444274904 ], [ -3.400608869651192, 55.865449065595705 ] ] ] ] } },
{ "type": "Feature", "properties": { "from_id": "52", "population": 0.0, "gravity_community": 0.37293784822169229, "gravity_education": 0.0, "gravity_essential_services": 0.12589254117941673, "gravity_food_and_drink": 1.2517850823588335, "gravity_healthcare": 0.12589254117941673, "gravity_shelter": 0.0, "avg_gravity": 0.3127513354898932, "min_tt_community": 54.0, "min_tt_education": null, "min_tt_essential_services": 54.0, "min_tt_food_and_drink": 54.0, "min_tt_healthcare": 54.0, "min_tt_shelter": null, "avg_tt_community": 54.333333333333336, "avg_tt_education": null, "avg_tt_essential_services": 54.0, "avg_tt_food_and_drink": 54.0, "avg_tt_healthcare": 54.0, "avg_tt_shelter": null, "avg_tt_all": 54.083333333333336, "n_unreachable_categories": 2, "count_community": 3.0, "count_education": 0.0, "count_essential_services": 1.0, "count_food_and_drink": 3.0, "count_healthcare": 1.0, "count_shelter": 0.0, "gravity_community_per_100": 0.0, "gravity_education_per_100": 0.0, "gravity_essential_services_per_100": 0.0, "gravity_food_and_drink_per_100": 0.0, "gravity_healthcare_per_100": 0.0, "gravity_shelter_per_100": 0.0, "shannon": 1.2554823299959779, "kl_divergence": 0.45056393207160167, "jsd": 0.31569227417285645, "city_similarity": 0.6843077258271435 }, "geometry": { "type": "Polygon", "coordinates": [ [ [ -3.388664165110769, 55.869378072199268 ], [ -3.396654002554395, 55.869352586944579 ], [ -3.400688973032172, 55.873230231625485 ], [ -3.396733326776089, 55.877133751747166 ], [ -3.388741891596564, 55.877159244412226 ], [ -3.384707700671009, 55.873281209544032 ], [ -3.388664165110769, 55.869378072199268 ] ] ] } },
{ "type": "Feature", "properties": { "from_id": "53", "population": 21.037631574468868, "gravity_community": 1.2104905237651953, "gravity_education": 0.19952623149688797, "gravity_essential_services": 0.25118864315095801, "gravity_food_and_drink": 1.6342332885667035, "gravity_healthcare": 0.2610157215682537, "gravity_shelter": 0.15848931924611137, "avg_gravity": 0.61915728796568492, "min_tt_community": 35.0, "min_tt_education": 42.0, "min_tt_essential_services": 36.0, "min_tt_food_and_drink": 35.0, "min_tt_healthcare": 35.0, "min_tt_shelter": 48.0, "avg_tt_community": 43.166666666666664, "avg_tt_education": 42.0, "avg_tt_essential_services": 36.0, "avg_tt_food_and_drink": 42.333333333333336, "avg_tt_healthcare": 35.0, "avg_tt_shelter": 48.0, "avg_tt_all": 41.083333333333336, "n_unreachable_categories": 0, "count_community": 6.0, "count_education": 1.0, "count_essential_services": 1.0, "count_food_and_drink": 4.0, "count_healthcare": 1.0, "count_shelter": 1.0, "gravity_community_per_100": 5.7539296639942998, "gravity_education_per_100": 0.94842535287589924, "gravity_essential_services_per_100": 1.1939967779253198, "gravity_food_and_drink_per_100": 7.7681429241778259, "gravity_healthcare_per_100": 1.2407086826495273, "gravity_shelter_per_100": 0.75336103631766693, "shannon": 1.4750763117203238, "kl_divergence": 0.58274780359760558, "jsd": 0.33852863172664949, "city_similarity": 0.66147136827335051 }, "geometry": { "type": "Polygon", "coordinates": [ [ [ -3.400769115830569, 55.881011387677695 ], [ -3.396733326776089, 55.877133751747166 ], [ -3.400688973032172, 55.873230231625485 ], [ -3.408486651187893, 55.87320460505817 ], [ -3.410063028335571, 55.874683380126953 ], [ -3.412382125854492, 55.876926422119134 ], [ -3.412629535151769, 55.877166727330149 ], [ -3.41053870822059, 55.879230734563762 ], [ -3.408413410186768, 55.879451751708984 ], [ -3.407409906387329, 55.879543304443352 ], [ -3.40717887878418, 55.879524230957024 ], [ -3.405495643615722, 55.879699707031243 ], [ -3.40542984008789, 55.879737854003906 ], [ -3.405062675476074, 55.88037109375 ], [ -3.405002355575562, 55.880516052246094 ], [ -3.40488600730896, 55.880569458007812 ], [ -3.404847383499146, 55.880657196044915 ], [ -3.404703855514526, 55.88074874877929 ], [ -3.403996466334321, 55.881000840159039 ], [ -3.400769115830569, 55.881011387677695 ] ] ] } },
{ "type": "Feature", "properties": { "from_id": "54", "population": 1.2469354792950154, "gravity_community": 1.1497994546798274, "gravity_education": 0.2584893192461114, "gravity_essential_services": 0.25118864315095801, "gravity_food_and_drink": 1.6145791317321123, "gravity_healthcare": 0.25118864315095801, "gravity_shelter": 0.23335461129305521, "avg_gravity": 0.62643330054217039, "min_tt_community": 36.0, "min_tt_education": 48.0, "min_tt_essential_services": 36.0, "min_tt_food_and_drink": 36.0, "min_tt_healthcare": 36.0, "min_tt_shelter": 55.0, "avg_tt_community": 44.5, "avg_tt_education": 54.0, "avg_tt_essential_services": 36.0, "avg_tt_food_and_drink": 43.0, "avg_tt_healthcare": 36.0, "avg_tt_shelter": 56.0, "avg_tt_all": 44.916666666666664, "n_unreachable_categories": 0, "count_community": 6.0, "count_education": 2.0, "count_essential_services": 1.0, "count_food_and_drink": 4.0, "count_healthcare": 1.0, "count_shelter": 2.0, "gravity_community_per_100": 92.210019986751348, "gravity_education_per_100": 20.729967471312509, "gravity_essential_services_per_100": 20.144477987984871, "gravity_food_and_drink_per_100": 129.48377510638747, "gravity_healthcare_per_100": 20.144477987984871, "gravity_shelter_per_100": 18.714249066438288, "shannon": 1.58081853646642, "kl_divergence": 0.64469089554651859, "jsd": 0.36105881774454657, "city_similarity": 0.63894118225545338 }, "geometry": { "type": "Polygon", "coordinates": [ [ [ -3.388741891596564, 55.877159244412226 ], [ -3.396733326776089, 55.877133751747166 ], [ -3.400769115830569, 55.881011387677695 ], [ -3.396812690035384, 55.88491490657421 ], [ -3.38881965633373, 55.884940406652589 ], [ -3.384784647211555, 55.881062380419948 ], [ -3.388741891596564, 55.877159244412226 ] ] ] } },
{ "type": "Feature", "properties": { "from_id": "55", "population": 0.0, "gravity_community": 1.7225499119359198, "gravity_education": 1.3043219887107722, "gravity_essential_services": 0.39810717055349726, "gravity_food_and_drink": 0.90841618653719092, "gravity_healthcare": 0.39810717055349726, "gravity_shelter": 0.24173154808041039, "avg_gravity": 0.8288723293952146, "min_tt_community": 23.0, "min_tt_education": 31.0, "min_tt_essential_services": 24.0, "min_tt_food_and_drink": 24.0, "min_tt_healthcare": 24.0, "min_tt_shelter": 37.0, "avg_tt_community": 35.833333333333336, "avg_tt_education": 31.0, "avg_tt_essential_services": 24.0, "avg_tt_food_and_drink": 35.0, "avg_tt_healthcare": 24.0, "avg_tt_shelter": 37.0, "avg_tt_all": 31.138888888888889, "n_unreachable_categories": 0, "count_community": 6.0, "count_education": 2.0, "count_essential_services": 1.0, "count_food_and_drink": 3.0, "count_healthcare": 1.0, "count_shelter": 1.0, "gravity_community_per_100": 0.0, "gravity_education_per_100": 0.0, "gravity_essential_services_per_100": 0.0, "gravity_food_and_drink_per_100": 0.0, "gravity_healthcare_per_100": 0.0, "gravity_shelter_per_100": 0.0, "shannon": 1.5367224700623017, "kl_divergence": 0.67398957258338921, "jsd": 0.37414618947136818, "city_similarity": 0.62585381052863176 }, "geometry": { "type": "Polygon", "coordinates": [ [ [ -3.412629535151769, 55.877166727330149 ], [ -3.41371750831604, 55.87822341918946 ], [ -3.413820505142211, 55.878326416015625 ], [ -3.413816690444946, 55.87835693359375 ], [ -3.413654088973999, 55.878452301025391 ], [ -3.413512945175171, 55.878482818603509 ], [ -3.413371801376343, 55.878555297851562 ], [ -3.413265228271484, 55.878574371337898 ], [ -3.413055181503296, 55.878643035888679 ], [ -3.413008689880372, 55.878684997558587 ], [ -3.412757396697998, 55.878810882568345 ], [ -3.412499904632569, 55.879020690917962 ], [ -3.412065505981446, 55.879127502441399 ], [ -3.411714553833008, 55.87910079956054 ], [ -3.411038398742676, 55.879188537597649 ], [ -3.410687685012817, 55.879215240478509 ], [ -3.41053870822059, 55.879230734563762 ], [ -3.412629535151769, 55.877166727330149 ] ] ] } },
{ "type": "Feature", "properties": { "from_id": "56", "population": 0.81476590808176774, "gravity_community": 1.791536986283619, "gravity_education": 0.42570550811654051, "gravity_essential_services": 0.41368204023885069, "gravity_food_and_drink": 1.9686178349399768, "gravity_healthcare": 0.57217135948496201, "gravity_shelter": 0.3843112112391171, "avg_gravity": 0.92600415671717773, "min_tt_community": 23.0, "min_tt_education": 35.0, "min_tt_essential_services": 23.0, "min_tt_food_and_drink": 23.0, "min_tt_healthcare": 23.0, "min_tt_shelter": 42.0, "avg_tt_community": 34.0, "avg_tt_education": 41.0, "avg_tt_essential_services": 23.0, "avg_tt_food_and_drink": 32.333333333333336, "avg_tt_healthcare": 35.5, "avg_tt_shelter": 43.0, "avg_tt_all": 34.805555555555557, "n_unreachable_categories": 0, "count_community": 6.0, "count_education": 2.0, "count_essential_services": 1.0, "count_food_and_drink": 4.0, "count_healthcare": 2.0, "count_shelter": 2.0, "gravity_community_per_100": 219.88364615076961, "gravity_education_per_100": 52.248812069075655, "gravity_essential_services_per_100": 50.773116073645866, "gravity_food_and_drink_per_100": 241.61760027180858, "gravity_healthcare_per_100": 70.225245534885644, "gravity_shelter_per_100": 47.168297964738684, "shannon": 1.6300005597358318, "kl_divergence": 0.59471743503732077, "jsd": 0.35141952839132024, "city_similarity": 0.64858047160867982 }, "geometry": { "type": "Polygon", "coordinates": [ [ [ -3.396812690035384, 55.88491490657421 ], [ -3.400769115830569, 55.881011387677695 ], [ -3.403996466334321, 55.881000840159039 ], [ -3.403868913650512, 55.881046295166016 ], [ -3.403765678405762, 55.881061553955078 ], [ -3.403724908828735, 55.881088256835938 ], [ -3.403361082077026, 55.881107330322259 ], [ -3.402692317962646, 55.881183624267578 ], [ -3.402580261230469, 55.88117599487304 ], [ -3.402451753616333, 55.881202697753892 ], [ -3.402218103408813, 55.881286621093743 ], [ -3.402035713195801, 55.881324768066406 ], [ -3.401937484741211, 55.881389617919922 ], [ -3.401856184005737, 55.881404876708984 ], [ -3.401888370513916, 55.881492614746087 ], [ -3.401649951934814, 55.881664276123047 ], [ -3.40161943435669, 55.881797790527344 ], [ -3.401551961898804, 55.881828308105469 ], [ -3.401386260986328, 55.881801605224616 ], [ -3.40135145187378, 55.881809234619141 ], [ -3.401320934295655, 55.88185119628907 ], [ -3.401360750198364, 55.881893157958977 ], [ -3.401525497436523, 55.881938934326172 ], [ -3.40153431892395, 55.881958007812493 ], [ -3.401430130004882, 55.881996154785149 ], [ -3.401395082473754, 55.88209152221679 ], [ -3.401312112808228, 55.882183074951172 ], [ -3.401316165924072, 55.88224792480468 ], [ -3.4012131690979, 55.88232421875 ], [ -3.401212692260743, 55.882350921630859 ], [ -3.401275873184204, 55.88237380981446 ], [ -3.401286363601685, 55.88239669799804 ], [ -3.401083469390869, 55.882537841796861 ], [ -3.401120901107787, 55.882595062255859 ], [ -3.401201009750366, 55.882606506347663 ], [ -3.401225328445434, 55.882656097412095 ], [ -3.401333332061768, 55.882686614990241 ], [ -3.401390314102173, 55.882713317871094 ], [ -3.401392459869385, 55.882728576660149 ], [ -3.40100884437561, 55.882904052734375 ], [ -3.400811195373536, 55.883060455322266 ], [ -3.400774717330932, 55.883110046386719 ], [ -3.400777816772461, 55.883327484130859 ], [ -3.400895357131958, 55.883483886718743 ], [ -3.40087628364563, 55.883621215820312 ], [ -3.400895833969117, 55.883720397949212 ], [ -3.40084981918335, 55.883945465087884 ], [ -3.40095067024231, 55.884040832519538 ], [ -3.401008129119873, 55.884044647216797 ], [ -3.401091337203979, 55.884002685546875 ], [ -3.401247262954712, 55.884017944335923 ], [ -3.40153169631958, 55.88410949707032 ], [ -3.401660680770874, 55.884181976318359 ], [ -3.40185284614563, 55.884231567382805 ], [ -3.402002811431885, 55.884311676025391 ], [ -3.40212059020996, 55.884300231933587 ], [ -3.402215957641602, 55.884239196777344 ], [ -3.402268409729004, 55.884231567382812 ], [ -3.402306318283081, 55.884262084960938 ], [ -3.402318000793457, 55.88441085815429 ], [ -3.402350425720215, 55.884468078613288 ], [ -3.402770280838012, 55.884586334228509 ], [ -3.402924776077271, 55.88469314575196 ], [ -3.402934789657592, 55.884799957275384 ], [ -3.402974843978881, 55.884849548339837 ], [ -3.403029918670654, 55.884864807128913 ], [ -3.403196096420288, 55.884864807128913 ], [ -3.40325903892517, 55.884880065917962 ], [ -3.403464794158935, 55.885002136230462 ], [ -3.403588056564331, 55.8851318359375 ], [ -3.403931856155396, 55.885185241699219 ], [ -3.404026269912719, 55.885227203369141 ], [ -3.404021024703979, 55.885261535644524 ], [ -3.403963088989258, 55.885295867919929 ], [ -3.40382981300354, 55.885364532470696 ], [ -3.403599500656127, 55.885448455810533 ], [ -3.40356421470642, 55.885490417480476 ], [ -3.40356469154358, 55.885551452636719 ], [ -3.40364408493042, 55.885623931884759 ], [ -3.403885602951049, 55.885711669921868 ], [ -3.403960704803467, 55.885757446289055 ], [ -3.404011011123657, 55.885826110839837 ], [ -3.404045343399048, 55.88593673706054 ], [ -3.404161930084229, 55.886020660400391 ], [ -3.404311895370483, 55.88623046875 ], [ -3.404276609420776, 55.886268615722649 ], [ -3.404186725616456, 55.886310577392571 ], [ -3.403832912445069, 55.886383056640625 ], [ -3.403666734695434, 55.886470794677741 ], [ -3.403627157211304, 55.886707305908189 ], [ -3.403525590896606, 55.886810302734375 ], [ -3.40340256690979, 55.886859893798828 ], [ -3.403379678726196, 55.886886596679688 ], [ -3.403446674346923, 55.887020111083984 ], [ -3.403449773788453, 55.887104034423835 ], [ -3.403348922729492, 55.887237548828125 ], [ -3.403369188308716, 55.88726806640625 ], [ -3.403452396392822, 55.887268066406236 ], [ -3.403453350067139, 55.887298583984368 ], [ -3.403270006179809, 55.887393951416016 ], [ -3.403142690658569, 55.887413024902344 ], [ -3.402892589569092, 55.887397766113288 ], [ -3.402848243713379, 55.887405395507805 ], [ -3.402682304382324, 55.887500762939446 ], [ -3.402561664581299, 55.887706756591776 ], [ -3.402502536773681, 55.887752532958984 ], [ -3.402422189712524, 55.887786865234375 ], [ -3.4021155834198, 55.887748718261726 ], [ -3.401829004287719, 55.887737274169922 ], [ -3.401661157608032, 55.887744903564446 ], [ -3.401335954666138, 55.887813568115241 ], [ -3.401192426681518, 55.887825012207031 ], [ -3.400623559951782, 55.887828826904297 ], [ -3.400328874588013, 55.887905120849609 ], [ -3.400270938873291, 55.888031005859375 ], [ -3.400126038934808, 55.888097826946279 ], [ -3.396812690035384, 55.88491490657421 ] ] ] } },
{ "type": "Feature", "properties": { "from_id": "57", "population": 17.176100973795194, "gravity_community": 10.61227963793098, "gravity_education": 10.119797802446282, "gravity_essential_services": 20.328712084255407, "gravity_food_and_drink": 85.124826354723865, "gravity_healthcare": 19.441628726742017, "gravity_shelter": 0.50038770691047763, "avg_gravity": 24.354605385501504, "min_tt_community": 37.0, "min_tt_education": 34.0, "min_tt_essential_services": 35.0, "min_tt_food_and_drink": 5.0, "min_tt_healthcare": 34.0, "min_tt_shelter": 44.0, "avg_tt_community": 51.973684210526315, "avg_tt_education": 51.352112676056336, "avg_tt_essential_services": 52.506756756756758, "avg_tt_food_and_drink": 53.330696202531648, "avg_tt_healthcare": 51.884892086330936, "avg_tt_shelter": 47.0, "avg_tt_all": 51.341356988700333, "n_unreachable_categories": 0, "count_community": 76.0, "count_education": 71.0, "count_essential_services": 148.0, "count_food_and_drink": 633.0, "count_healthcare": 139.0, "count_shelter": 3.0, "gravity_community_per_100": 61.785149342808701, "gravity_education_per_100": 58.91789887521972, "gravity_essential_services_per_100": 118.35463773338321, "gravity_food_and_drink_per_100": 495.60040712729273, "gravity_healthcare_per_100": 113.19000020087933, "gravity_shelter_per_100": 2.9132787916995637, "shannon": 1.2336298981186256, "kl_divergence": 0.010697613548067225, "jsd": 0.055864764793160708, "city_similarity": 0.94413523520683929 }, "geometry": { "type": "Polygon", "coordinates": [ [ [ -3.22096340514785, 55.885356048862448 ], [ -3.216988484500244, 55.889253794962407 ], [ -3.208994427525208, 55.889267622303464 ], [ -3.208574507716503, 55.888861710688509 ], [ -3.209878206253052, 55.888420104980469 ], [ -3.210998058319092, 55.888069152832024 ], [ -3.211274385452271, 55.887931823730476 ], [ -3.211813688278198, 55.887668609619141 ], [ -3.212025880813598, 55.887546539306626 ], [ -3.212150573730469, 55.887477874755852 ], [ -3.212330341339111, 55.887363433837891 ], [ -3.212670803070069, 55.887134552001953 ], [ -3.213914394378662, 55.886402130126953 ], [ -3.214186191558838, 55.885776519775391 ], [ -3.21405553817749, 55.885311126708984 ], [ -3.213449716567994, 55.884483337402337 ], [ -3.21256709098816, 55.884311676025398 ], [ -3.211710691452026, 55.884140014648438 ], [ -3.210972547531128, 55.8837890625 ], [ -3.209343910217285, 55.883396148681648 ], [ -3.209088563919067, 55.883255004882805 ], [ -3.211740970611572, 55.881980895996094 ], [ -3.214792966842651, 55.882244110107422 ], [ -3.2177484092434, 55.882248970578409 ], [ -3.22096340514785, 55.885356048862448 ] ] ] } },
{ "type": "Feature", "properties": { "from_id": "58", "population": 4.6673251013419934, "gravity_community": 0.0, "gravity_education": 0.0, "gravity_essential_services": 0.0, "gravity_food_and_drink": 1.0, "gravity_healthcare": 0.0, "gravity_shelter": 0.0, "avg_gravity": 0.16666666666666666, "min_tt_community": null, "min_tt_education": null, "min_tt_essential_services": null, "min_tt_food_and_drink": null, "min_tt_healthcare": null, "min_tt_shelter": null, "avg_tt_community": null, "avg_tt_education": null, "avg_tt_essential_services": null, "avg_tt_food_and_drink": null, "avg_tt_healthcare": null, "avg_tt_shelter": null, "avg_tt_all": null, "n_unreachable_categories": 6, "count_community": 0.0, "count_education": 0.0, "count_essential_services": 0.0, "count_food_and_drink": 1.0, "count_healthcare": 0.0, "count_shelter": 0.0, "gravity_community_per_100": 0.0, "gravity_education_per_100": 0.0, "gravity_essential_services_per_100": 0.0, "gravity_food_and_drink_per_100": 21.425548430566163, "gravity_healthcare_per_100": 0.0, "gravity_shelter_per_100": 0.0, "shannon": 1.1412925456691193e-08, "kl_divergence": 0.50370937095792179, "jsd": 0.4022436289892084, "city_similarity": 0.5977563710107916 }, "geometry": { "type": "Polygon", "coordinates": [ [ [ -3.340452657338824, 55.838395140292633 ], [ -3.33649449000594, 55.842296749503987 ], [ -3.331004474927184, 55.842311639420593 ], [ -3.334714412689209, 55.83979797363282 ], [ -3.335738182067872, 55.839153289794922 ], [ -3.338986551671328, 55.836982208909376 ], [ -3.340452657338824, 55.838395140292633 ] ] ] } },
{ "type": "Feature", "properties": { "from_id": "59", "population": 6.4370243271351812, "gravity_community": 0.0, "gravity_education": 0.0, "gravity_essential_services": 1.0, "gravity_food_and_drink": 0.0, "gravity_healthcare": 0.0, "gravity_shelter": 0.0, "avg_gravity": 0.16666666666666666, "min_tt_community": null, "min_tt_education": null, "min_tt_essential_services": null, "min_tt_food_and_drink": null, "min_tt_healthcare": null, "min_tt_shelter": null, "avg_tt_community": null, "avg_tt_education": null, "avg_tt_essential_services": null, "avg_tt_food_and_drink": null, "avg_tt_healthcare": null, "avg_tt_shelter": null, "avg_tt_all": null, "n_unreachable_categories": 6, "count_community": 0.0, "count_education": 0.0, "count_essential_services": 1.0, "count_food_and_drink": 0.0, "count_healthcare": 0.0, "count_shelter": 0.0, "gravity_community_per_100": 0.0, "gravity_education_per_100": 0.0, "gravity_essential_services_per_100": 15.535128487622995, "gravity_food_and_drink_per_100": 0.0, "gravity_healthcare_per_100": 0.0, "gravity_shelter_per_100": 0.0, "shannon": 1.1412925456691193e-08, "kl_divergence": 2.066342100298014, "jsd": 0.70364990877528588, "city_similarity": 0.29635009122471412 }, "geometry": { "type": "Polygon", "coordinates": [ [ [ -3.33649449000594, 55.842296749503987 ], [ -3.340520663325432, 55.84617639363649 ], [ -3.336561715190151, 55.850078001059423 ], [ -3.328575779620191, 55.850099581386154 ], [ -3.32479916395792, 55.846459367405096 ], [ -3.325940370559693, 55.845695495605469 ], [ -3.327451705932618, 55.844623565673828 ], [ -3.330328464508056, 55.842769622802727 ], [ -3.331004474927184, 55.842311639420593 ], [ -3.33649449000594, 55.842296749503987 ] ] ] } },
{ "type": "Feature", "properties": { "from_id": "60", "population": 0.0, "gravity_community": 0.0, "gravity_education": 0.0, "gravity_essential_services": 1.0, "gravity_food_and_drink": 0.14677992676220697, "gravity_healthcare": 0.0, "gravity_shelter": 0.0, "avg_gravity": 0.19112998779370116, "min_tt_community": null, "min_tt_education": null, "min_tt_essential_services": null, "min_tt_food_and_drink": 50.0, "min_tt_healthcare": null, "min_tt_shelter": null, "avg_tt_community": null, "avg_tt_education": null, "avg_tt_essential_services": null, "avg_tt_food_and_drink": 50.0, "avg_tt_healthcare": null, "avg_tt_shelter": null, "avg_tt_all": 50.0, "n_unreachable_categories": 5, "count_community": 0.0, "count_education": 0.0, "count_essential_services": 1.0, "count_food_and_drink": 1.0, "count_healthcare": 0.0, "count_shelter": 0.0, "gravity_community_per_100": 0.0, "gravity_education_per_100": 0.0, "gravity_essential_services_per_100": 0.0, "gravity_food_and_drink_per_100": 0.0, "gravity_healthcare_per_100": 0.0, "gravity_shelter_per_100": 0.0, "shannon": 0.6931471897089152, "kl_divergence": 0.59187855774786657, "jsd": 0.3939532337260972, "city_similarity": 0.60604676627390286 }, "geometry": { "type": "Polygon", "coordinates": [ [ [ -3.328575779620191, 55.850099581386154 ], [ -3.324615236044547, 55.854000803945802 ], [ -3.316628486609914, 55.854021610002199 ], [ -3.315337048409705, 55.85277653854731 ], [ -3.315702676773071, 55.852546691894538 ], [ -3.32479916395792, 55.846459367405096 ], [ -3.328575779620191, 55.850099581386154 ] ] ] } },
{ "type": "Feature", "properties": { "from_id": "61", "population": 0.90938727082319004, "gravity_community": 0.0, "gravity_education": 0.0, "gravity_essential_services": 1.0, "gravity_food_and_drink": 0.0, "gravity_healthcare": 0.0, "gravity_shelter": 0.0, "avg_gravity": 0.16666666666666666, "min_tt_community": null, "min_tt_education": null, "min_tt_essential_services": null, "min_tt_food_and_drink": null, "min_tt_healthcare": null, "min_tt_shelter": null, "avg_tt_community": null, "avg_tt_education": null, "avg_tt_essential_services": null, "avg_tt_food_and_drink": null, "avg_tt_healthcare": null, "avg_tt_shelter": null, "avg_tt_all": null, "n_unreachable_categories": 6, "count_community": 0.0, "count_education": 0.0, "count_essential_services": 1.0, "count_food_and_drink": 0.0, "count_healthcare": 0.0, "count_shelter": 0.0, "gravity_community_per_100": 0.0, "gravity_education_per_100": 0.0, "gravity_essential_services_per_100": 109.96415191679405, "gravity_food_and_drink_per_100": 0.0, "gravity_healthcare_per_100": 0.0, "gravity_shelter_per_100": 0.0, "shannon": 1.1412925456691193e-08, "kl_divergence": 2.066342100298014, "jsd": 0.70364990877528588, "city_similarity": 0.29635009122471412 }, "geometry": { "type": "Polygon", "coordinates": [ [ [ -3.316628486609914, 55.854021610002199 ], [ -3.31266634719081, 55.85792244741674 ], [ -3.307620300314604, 55.857935162411088 ], [ -3.308788776397705, 55.857147216796875 ], [ -3.309805393218994, 55.85649490356446 ], [ -3.314294815063477, 55.853431701660149 ], [ -3.315337048409705, 55.85277653854731 ], [ -3.316628486609914, 55.854021610002199 ] ] ] } },
{ "type": "Feature", "properties": { "from_id": "62", "population": 26.091507189302341, "gravity_community": 0.0, "gravity_education": 0.22589254117941676, "gravity_essential_services": 1.1165914401179833, "gravity_food_and_drink": 0.0, "gravity_healthcare": 0.0, "gravity_shelter": 0.0, "avg_gravity": 0.22374733021623336, "min_tt_community": null, "min_tt_education": 54.0, "min_tt_essential_services": 56.0, "min_tt_food_and_drink": null, "min_tt_healthcare": null, "min_tt_shelter": null, "avg_tt_community": null, "avg_tt_education": 57.0, "avg_tt_essential_services": 56.0, "avg_tt_food_and_drink": null, "avg_tt_healthcare": null, "avg_tt_shelter": null, "avg_tt_all": 56.5, "n_unreachable_categories": 4, "count_community": 0.0, "count_education": 2.0, "count_essential_services": 2.0, "count_food_and_drink": 0.0, "count_healthcare": 0.0, "count_shelter": 0.0, "gravity_community_per_100": 0.0, "gravity_education_per_100": 0.86577038091549541, "gravity_essential_services_per_100": 4.279520657878253, "gravity_food_and_drink_per_100": 0.0, "gravity_healthcare_per_100": 0.0, "gravity_shelter_per_100": 0.0, "shannon": 0.69314718970891509, "kl_divergence": 1.6620940487832843, "jsd": 0.65435290726743289, "city_similarity": 0.34564709273256711 }, "geometry": { "type": "Polygon", "coordinates": [ [ [ -3.328575779620191, 55.850099581386154 ], [ -3.336561715190151, 55.850078001059423 ], [ -3.340588702755567, 55.853957637020038 ], [ -3.336628973436946, 55.857859242656339 ], [ -3.32864144203432, 55.857880829256366 ], [ -3.324615236044547, 55.854000803945802 ], [ -3.328575779620191, 55.850099581386154 ] ] ] } },
{ "type": "Feature", "properties": { "from_id": "63", "population": 0.0056926317113956959, "gravity_community": 0.0, "gravity_education": 0.0, "gravity_essential_services": 1.0, "gravity_food_and_drink": 0.0, "gravity_healthcare": 0.0, "gravity_shelter": 0.0, "avg_gravity": 0.16666666666666666, "min_tt_community": null, "min_tt_education": null, "min_tt_essential_services": null, "min_tt_food_and_drink": null, "min_tt_healthcare": null, "min_tt_shelter": null, "avg_tt_community": null, "avg_tt_education": null, "avg_tt_essential_services": null, "avg_tt_food_and_drink": null, "avg_tt_healthcare": null, "avg_tt_shelter": null, "avg_tt_all": null, "n_unreachable_categories": 6, "count_community": 0.0, "count_education": 0.0, "count_essential_services": 1.0, "count_food_and_drink": 0.0, "count_healthcare": 0.0, "count_shelter": 0.0, "gravity_community_per_100": 0.0, "gravity_education_per_100": 0.0, "gravity_essential_services_per_100": 17566.567638622528, "gravity_food_and_drink_per_100": 0.0, "gravity_healthcare_per_100": 0.0, "gravity_shelter_per_100": 0.0, "shannon": 1.1412925456691193e-08, "kl_divergence": 2.066342100298014, "jsd": 0.70364990877528588, "city_similarity": 0.29635009122471412 }, "geometry": { "type": "Polygon", "coordinates": [ [ [ -3.316628486609914, 55.854021610002199 ], [ -3.324615236044547, 55.854000803945802 ], [ -3.32864144203432, 55.857880829256366 ], [ -3.324680116490639, 55.861782049919157 ], [ -3.316691770820105, 55.861802862024106 ], [ -3.31266634719081, 55.85792244741674 ], [ -3.316628486609914, 55.854021610002199 ] ] ] } },
{ "type": "Feature", "properties": { "from_id": "64", "population": 0.33927247545568889, "gravity_community": 1.4718695008655129, "gravity_education": 1.2830877235395839, "gravity_essential_services": 1.0493453528561403, "gravity_food_and_drink": 2.8279255766094376, "gravity_healthcare": 1.0372247221856292, "gravity_shelter": 0.0, "avg_gravity": 1.2782421460093838, "min_tt_community": 43.0, "min_tt_education": 35.0, "min_tt_essential_services": 37.0, "min_tt_food_and_drink": 42.0, "min_tt_healthcare": 45.0, "min_tt_shelter": null, "avg_tt_community": 50.5, "avg_tt_education": 48.875, "avg_tt_essential_services": 50.857142857142854, "avg_tt_food_and_drink": 51.8, "avg_tt_healthcare": 53.75, "avg_tt_shelter": null, "avg_tt_all": 51.15642857142857, "n_unreachable_categories": 1, "count_community": 10.0, "count_education": 8.0, "count_essential_services": 7.0, "count_food_and_drink": 20.0, "count_healthcare": 8.0, "count_shelter": 0.0, "gravity_community_per_100": 433.83109663953519, "gravity_education_per_100": 378.18798056524429, "gravity_essential_services_per_100": 309.2928040940331, "gravity_food_and_drink_per_100": 833.52637811574618, "gravity_healthcare_per_100": 305.72026828657289, "gravity_shelter_per_100": 0.0, "shannon": 1.5206139518356767, "kl_divergence": 0.16965576175907732, "jsd": 0.20247105808816807, "city_similarity": 0.79752894191183188 }, "geometry": { "type": "Polygon", "coordinates": [ [ [ -3.32864144203432, 55.857880829256366 ], [ -3.336628973436946, 55.857859242656339 ], [ -3.340656775651776, 55.86173887044432 ], [ -3.336696264768617, 55.865640474295802 ], [ -3.328707136748364, 55.865662067171627 ], [ -3.324680116490639, 55.861782049919157 ], [ -3.32864144203432, 55.857880829256366 ] ] ] } },
{ "type": "Feature", "properties": { "from_id": "65", "population": 3.6027409025772443, "gravity_community": 0.0, "gravity_education": 0.0, "gravity_essential_services": 0.0, "gravity_food_and_drink": 1.4316326423028511, "gravity_healthcare": 0.0, "gravity_shelter": 0.0, "avg_gravity": 0.23860544038380851, "min_tt_community": null, "min_tt_education": null, "min_tt_essential_services": null, "min_tt_food_and_drink": 46.0, "min_tt_healthcare": null, "min_tt_shelter": null, "avg_tt_community": null, "avg_tt_education": null, "avg_tt_essential_services": null, "avg_tt_food_and_drink": 51.0, "avg_tt_healthcare": null, "avg_tt_shelter": null, "avg_tt_all": 51.0, "n_unreachable_categories": 5, "count_community": 0.0, "count_education": 0.0, "count_essential_services": 0.0, "count_food_and_drink": 4.0, "count_healthcare": 0.0, "count_shelter": 0.0, "gravity_community_per_100": 0.0, "gravity_education_per_100": 0.0, "gravity_essential_services_per_100": 0.0, "gravity_food_and_drink_per_100": 39.737318919568246, "gravity_healthcare_per_100": 0.0, "gravity_shelter_per_100": 0.0, "shannon": 1.1412925456691193e-08, "kl_divergence": 0.50370937095792179, "jsd": 0.4022436289892084, "city_similarity": 0.5977563710107916 }, "geometry": { "type": "Polygon", "coordinates": [ [ [ -3.253892466789597, 55.868693554779284 ], [ -3.253918170928956, 55.868576049804688 ], [ -3.253978060357765, 55.868609484279666 ], [ -3.253892466789597, 55.868693554779284 ] ] ] } },
{ "type": "Feature", "properties": { "from_id": "66", "population": 0.0, "gravity_community": 0.0, "gravity_education": 0.0, "gravity_essential_services": 0.0, "gravity_food_and_drink": 1.3502830479584886, "gravity_healthcare": 0.0, "gravity_shelter": 0.0, "avg_gravity": 0.22504717465974811, "min_tt_community": null, "min_tt_education": null, "min_tt_essential_services": null, "min_tt_food_and_drink": 55.0, "min_tt_healthcare": null, "min_tt_shelter": null, "avg_tt_community": null, "avg_tt_education": null, "avg_tt_essential_services": null, "avg_tt_food_and_drink": 56.0, "avg_tt_healthcare": null, "avg_tt_shelter": null, "avg_tt_all": 56.0, "n_unreachable_categories": 5, "count_community": 0.0, "count_education": 0.0, "count_essential_services": 0.0, "count_food_and_drink": 4.0, "count_healthcare": 0.0, "count_shelter": 0.0, "gravity_community_per_100": 0.0, "gravity_education_per_100": 0.0, "gravity_essential_services_per_100": 0.0, "gravity_food_and_drink_per_100": 0.0, "gravity_healthcare_per_100": 0.0, "gravity_shelter_per_100": 0.0, "shannon": 1.1412925456691193e-08, "kl_divergence": 0.50370937095792179, "jsd": 0.4022436289892084, "city_similarity": 0.5977563710107916 }, "geometry": { "type": "Polygon", "coordinates": [ [ [ -3.256855881262797, 55.87361434821171 ], [ -3.253016307064736, 55.869906883660342 ], [ -3.253186702728271, 55.869781494140632 ], [ -3.253531694412231, 55.869377136230462 ], [ -3.253645181655884, 55.869174957275384 ], [ -3.253690958023071, 55.868961334228509 ], [ -3.253868103027344, 55.868804931640625 ], [ -3.253892466789597, 55.868693554779284 ], [ -3.253978060357765, 55.868609484279666 ], [ -3.254642486572265, 55.868980407714837 ], [ -3.254904747009277, 55.869186401367173 ], [ -3.254942178726196, 55.869556427001953 ], [ -3.255128383636475, 55.869976043701172 ], [ -3.255312204360962, 55.870128631591804 ], [ -3.255294561386109, 55.870174407958977 ], [ -3.256854057312012, 55.870758056640618 ], [ -3.257248401641845, 55.870994567871087 ], [ -3.257438898086548, 55.871051788330071 ], [ -3.257864713668823, 55.871269226074219 ], [ -3.258124351501465, 55.871345520019524 ], [ -3.258316516876221, 55.871456146240227 ], [ -3.25898551940918, 55.871585845947266 ], [ -3.259175062179565, 55.871711730957038 ], [ -3.259423971176147, 55.871994018554688 ], [ -3.25956416130066, 55.872077941894531 ], [ -3.259696006774903, 55.872100830078125 ], [ -3.259844303131104, 55.872245788574219 ], [ -3.25999927520752, 55.872287750244126 ], [ -3.260337591171265, 55.872467041015618 ], [ -3.260591268539428, 55.872558593749993 ], [ -3.260780334472656, 55.872570037841797 ], [ -3.260923862457275, 55.872707366943359 ], [ -3.261057615280152, 55.87274169921875 ], [ -3.261445999145508, 55.873134613037109 ], [ -3.261879920959472, 55.873355865478509 ], [ -3.262014389038085, 55.873565673828118 ], [ -3.262083898486791, 55.87360332952926 ], [ -3.256855881262797, 55.87361434821171 ] ] ] } },
{ "type": "Feature", "properties": { "from_id": "67", "population": 19.712375465545932, "gravity_community": 0.0, "gravity_education": 0.0, "gravity_essential_services": 0.0, "gravity_food_and_drink": 0.30627326036058955, "gravity_healthcare": 1.0, "gravity_shelter": 0.0, "avg_gravity": 0.21771221006009825, "min_tt_community": null, "min_tt_education": null, "min_tt_essential_services": null, "min_tt_food_and_drink": 56.0, "min_tt_healthcare": null, "min_tt_shelter": null, "avg_tt_community": null, "avg_tt_education": null, "avg_tt_essential_services": null, "avg_tt_food_and_drink": 59.666666666666664, "avg_tt_healthcare": null, "avg_tt_shelter": null, "avg_tt_all": 59.666666666666664, "n_unreachable_categories": 5, "count_community": 0.0, "count_education": 0.0, "count_essential_services": 0.0, "count_food_and_drink": 3.0, "count_healthcare": 1.0, "count_shelter": 0.0, "gravity_community_per_100": 0.0, "gravity_education_per_100": 0.0, "gravity_essential_services_per_100": 0.0, "gravity_food_and_drink_per_100": 1.5537105657098813, "gravity_healthcare_per_100": 5.0729553206199807, "gravity_shelter_per_100": 0.0, "shannon": 0.56233515379654631, "kl_divergence": 0.36846063269059698, "jsd": 0.34239837502495768, "city_similarity": 0.65760162497504226 }, "geometry": { "type": "Polygon", "coordinates": [ [ [ -3.256855881262797, 55.87361434821171 ], [ -3.25288575658887, 55.877513255671154 ], [ -3.24489413200118, 55.877529411305972 ], [ -3.244468802705275, 55.877118635837121 ], [ -3.244826555252075, 55.876956939697266 ], [ -3.245152950286865, 55.876720428466797 ], [ -3.245374917984008, 55.876613616943359 ], [ -3.245895147323608, 55.876438140869134 ], [ -3.246316194534302, 55.876354217529297 ], [ -3.246474504470825, 55.876365661621094 ], [ -3.2469642162323, 55.876125335693359 ], [ -3.247345447540283, 55.876056671142571 ], [ -3.247883319854737, 55.875835418701158 ], [ -3.248245716094971, 55.87566757202147 ], [ -3.248285531997681, 55.875614166259759 ], [ -3.249022722244263, 55.875476837158196 ], [ -3.249243497848511, 55.875232696533196 ], [ -3.249196290969849, 55.875110626220696 ], [ -3.249245882034301, 55.87501144409179 ], [ -3.249224662780762, 55.874942779541009 ], [ -3.249416589736938, 55.874652862548821 ], [ -3.24942970275879, 55.874408721923828 ], [ -3.249507188796998, 55.874290466308601 ], [ -3.249486684799194, 55.874195098876939 ], [ -3.249654769897461, 55.873805999755859 ], [ -3.249633550643921, 55.87364196777343 ], [ -3.249565601348877, 55.873569488525391 ], [ -3.249576807022094, 55.873321533203118 ], [ -3.249517202377319, 55.873310089111321 ], [ -3.249446868896484, 55.873207092285156 ], [ -3.24960708618164, 55.873165130615241 ], [ -3.250049114227295, 55.872695922851562 ], [ -3.25010085105896, 55.872467041015611 ], [ -3.250238656997681, 55.872230529785149 ], [ -3.25035548210144, 55.872138977050774 ], [ -3.2503662109375, 55.872070312499993 ], [ -3.250492811203003, 55.872028350830085 ], [ -3.250528573989869, 55.871948242187493 ], [ -3.250685930252075, 55.871829986572273 ], [ -3.250922203063965, 55.871471405029304 ], [ -3.251750707626343, 55.870941162109375 ], [ -3.251805305480957, 55.870853424072266 ], [ -3.252004623413086, 55.870738983154304 ], [ -3.252217292785645, 55.870494842529297 ], [ -3.253016307064736, 55.869906883660342 ], [ -3.256855881262797, 55.87361434821171 ] ] ] } },
{ "type": "Feature", "properties": { "from_id": "68", "population": 5.7162477640152636, "gravity_community": 0.0, "gravity_education": 0.0, "gravity_essential_services": 1.0, "gravity_food_and_drink": 0.12589254117941673, "gravity_healthcare": 0.0, "gravity_shelter": 0.0, "avg_gravity": 0.18764875686323612, "min_tt_community": null, "min_tt_education": null, "min_tt_essential_services": null, "min_tt_food_and_drink": 54.0, "min_tt_healthcare": null, "min_tt_shelter": null, "avg_tt_community": null, "avg_tt_education": null, "avg_tt_essential_services": null, "avg_tt_food_and_drink": 54.0, "avg_tt_healthcare": null, "avg_tt_shelter": null, "avg_tt_all": 54.0, "n_unreachable_categories": 5, "count_community": 0.0, "count_education": 0.0, "count_essential_services": 1.0, "count_food_and_drink": 1.0, "count_healthcare": 0.0, "count_shelter": 0.0, "gravity_community_per_100": 0.0, "gravity_education_per_100": 0.0, "gravity_essential_services_per_100": 17.493993285161068, "gravity_food_and_drink_per_100": 2.2023632700445797, "gravity_healthcare_per_100": 0.0, "gravity_shelter_per_100": 0.0, "shannon": 0.6931471897089152, "kl_divergence": 0.59187855774786657, "jsd": 0.3939532337260972, "city_similarity": 0.60604676627390286 }, "geometry": { "type": "Polygon", "coordinates": [ [ [ -3.286268277234869, 55.865768077081491 ], [ -3.286442041397094, 55.865722656249993 ], [ -3.286860466003418, 55.865711212158196 ], [ -3.287003040313721, 55.865676879882805 ], [ -3.287869215011597, 55.865627288818366 ], [ -3.288598299026489, 55.865692138671868 ], [ -3.288754341996812, 55.865762270486663 ], [ -3.286268277234869, 55.865768077081491 ] ] ] } },
{ "type": "Feature", "properties": { "from_id": "69", "population": 49.588828655543821, "gravity_community": 0.21611407581371328, "gravity_education": 0.10391223038351691, "gravity_essential_services": 1.3042160392940765, "gravity_food_and_drink": 0.74021787788482185, "gravity_healthcare": 0.10391223038351691, "gravity_shelter": 0.0, "avg_gravity": 0.41139540895994092, "min_tt_community": 57.0, "min_tt_education": 59.0, "min_tt_essential_services": 43.0, "min_tt_food_and_drink": 56.0, "min_tt_healthcare": 59.0, "min_tt_shelter": null, "avg_tt_community": 58.0, "avg_tt_education": 59.0, "avg_tt_essential_services": 50.0, "avg_tt_food_and_drink": 58.571428571428569, "avg_tt_healthcare": 59.0, "avg_tt_shelter": null, "avg_tt_all": 56.914285714285711, "n_unreachable_categories": 1, "count_community": 2.0, "count_education": 1.0, "count_essential_services": 3.0, "count_food_and_drink": 7.0, "count_healthcare": 1.0, "count_shelter": 0.0, "gravity_community_per_100": 0.43581201991056234, "gravity_education_per_100": 0.20954766063404476, "gravity_essential_services_per_100": 2.630060186243723, "gravity_food_and_drink_per_100": 1.4927109551761284, "gravity_healthcare_per_100": 0.20954766063404476, "gravity_shelter_per_100": 0.0, "shannon": 1.3316643130413615, "kl_divergence": 0.084079777980956089, "jsd": 0.14630185658703082, "city_similarity": 0.85369814341296912 }, "geometry": { "type": "Polygon", "coordinates": [ [ [ -3.304739689091544, 55.865723734812619 ], [ -3.300775169887886, 55.869624184682607 ], [ -3.292785196828039, 55.869643447111258 ], [ -3.28876747687711, 55.865768173795047 ], [ -3.28885293006897, 55.865806579589837 ], [ -3.289196491241455, 55.865898132324212 ], [ -3.289999723434448, 55.866176605224609 ], [ -3.290714025497437, 55.866558074951158 ], [ -3.290985345840455, 55.866645812988267 ], [ -3.291072130203248, 55.866706848144524 ], [ -3.291752338409424, 55.866977691650391 ], [ -3.292169570922851, 55.866939544677734 ], [ -3.29266357421875, 55.866943359375 ], [ -3.293171405792237, 55.866886138916009 ], [ -3.293181896209717, 55.866882324218743 ], [ -3.293754100799561, 55.866729736328111 ], [ -3.294119834899903, 55.866668701171882 ], [ -3.295028924942017, 55.86632919311522 ], [ -3.29535984992981, 55.866287231445298 ], [ -3.295543193817139, 55.866222381591804 ], [ -3.29620385169983, 55.865768432617188 ], [ -3.296583890914917, 55.865276336669915 ], [ -3.300858974456787, 55.862426757812493 ], [ -3.301149572141695, 55.862261968862491 ], [ -3.304739689091544, 55.865723734812619 ] ] ] } },
{ "type": "Feature", "properties": { "from_id": "70", "population": 0.0, "gravity_community": 0.22440369086039272, "gravity_education": 0.0, "gravity_essential_services": 0.11220184543019636, "gravity_food_and_drink": 0.0, "gravity_healthcare": 0.0, "gravity_shelter": 0.0, "avg_gravity": 0.05610092271509818, "min_tt_community": 57.0, "min_tt_education": null, "min_tt_essential_services": 57.0, "min_tt_food_and_drink": null, "min_tt_healthcare": null, "min_tt_shelter": null, "avg_tt_community": 57.0, "avg_tt_education": null, "avg_tt_essential_services": 57.0, "avg_tt_food_and_drink": null, "avg_tt_healthcare": null, "avg_tt_shelter": null, "avg_tt_all": 57.0, "n_unreachable_categories": 4, "count_community": 2.0, "count_education": 0.0, "count_essential_services": 1.0, "count_food_and_drink": 0.0, "count_healthcare": 0.0, "count_shelter": 0.0, "gravity_community_per_100": 0.0, "gravity_education_per_100": 0.0, "gravity_essential_services_per_100": 0.0, "gravity_food_and_drink_per_100": 0.0, "gravity_healthcare_per_100": 0.0, "gravity_shelter_per_100": 0.0, "shannon": 0.63651417745556105, "kl_divergence": 1.7986764899865304, "jsd": 0.66244579838217366, "city_similarity": 0.33755420161782634 }, "geometry": { "type": "Polygon", "coordinates": [ [ [ -3.292785196828039, 55.869643447111258 ], [ -3.288819080189973, 55.87354351116177 ], [ -3.280828294009781, 55.873561998409301 ], [ -3.276916525423543, 55.869787817234588 ], [ -3.279109001159668, 55.868488311767571 ], [ -3.283576726913452, 55.866104125976562 ], [ -3.284029960632324, 55.86589050292968 ], [ -3.28508448600769, 55.865932464599595 ], [ -3.2861647605896, 55.86579513549804 ], [ -3.286268277234869, 55.865768077081491 ], [ -3.288754341996812, 55.865762270486663 ], [ -3.28876747687711, 55.865768173795047 ], [ -3.292785196828039, 55.869643447111258 ] ] ] } },
{ "type": "Feature", "properties": { "from_id": "71", "population": 0.0, "gravity_community": 0.0, "gravity_education": 0.10797751623277096, "gravity_essential_services": 0.0, "gravity_food_and_drink": 0.16468978654828684, "gravity_healthcare": 0.12115276586285885, "gravity_shelter": 0.10797751623277096, "avg_gravity": 0.083632930812781267, "min_tt_community": null, "min_tt_education": 58.0, "min_tt_essential_services": null, "min_tt_food_and_drink": 47.0, "min_tt_healthcare": 55.0, "min_tt_shelter": 58.0, "avg_tt_community": null, "avg_tt_education": 58.0, "avg_tt_essential_services": null, "avg_tt_food_and_drink": 47.0, "avg_tt_healthcare": 55.0, "avg_tt_shelter": 58.0, "avg_tt_all": 54.5, "n_unreachable_categories": 2, "count_community": 0.0, "count_education": 1.0, "count_essential_services": 0.0, "count_food_and_drink": 1.0, "count_healthcare": 1.0, "count_shelter": 1.0, "gravity_community_per_100": 0.0, "gravity_education_per_100": 0.0, "gravity_essential_services_per_100": 0.0, "gravity_food_and_drink_per_100": 0.0, "gravity_healthcare_per_100": 0.0, "gravity_shelter_per_100": 0.0, "shannon": 1.3862943658795783, "kl_divergence": 0.99230005365921403, "jsd": 0.45803055173809498, "city_similarity": 0.54196944826190507 }, "geometry": { "type": "Polygon", "coordinates": [ [ [ -3.280828294009781, 55.873561998409301 ], [ -3.276860579534703, 55.877461676358223 ], [ -3.268868980617745, 55.877479388196086 ], [ -3.267282043476856, 55.875947919110196 ], [ -3.267393350601196, 55.875938415527337 ], [ -3.268399000167847, 55.875946044921875 ], [ -3.269159078598023, 55.875778198242188 ], [ -3.27116322517395, 55.873771667480469 ], [ -3.274076700210571, 55.871219635009751 ], [ -3.276663303375244, 55.869937896728509 ], [ -3.276916525423543, 55.869787817234588 ], [ -3.280828294009781, 55.873561998409301 ] ] ] } },
{ "type": "Feature", "properties": { "from_id": "72", "population": 0.0, "gravity_community": 1.192295566210277, "gravity_education": 0.75322187414211406, "gravity_essential_services": 1.6826681377084314, "gravity_food_and_drink": 1.840836824660903, "gravity_healthcare": 0.78237156246125483, "gravity_shelter": 0.0, "avg_gravity": 1.0418989941971633, "min_tt_community": 49.0, "min_tt_education": 55.0, "min_tt_essential_services": 40.0, "min_tt_food_and_drink": 54.0, "min_tt_healthcare": 54.0, "min_tt_shelter": null, "avg_tt_community": 55.7, "avg_tt_education": 58.142857142857146, "avg_tt_essential_services": 52.8, "avg_tt_food_and_drink": 56.375, "avg_tt_healthcare": 57.142857142857146, "avg_tt_shelter": null, "avg_tt_all": 56.032142857142865, "n_unreachable_categories": 1, "count_community": 10.0, "count_education": 7.0, "count_essential_services": 6.0, "count_food_and_drink": 16.0, "count_healthcare": 7.0, "count_shelter": 0.0, "gravity_community_per_100": 0.0, "gravity_education_per_100": 0.0, "gravity_essential_services_per_100": 0.0, "gravity_food_and_drink_per_100": 0.0, "gravity_healthcare_per_100": 0.0, "gravity_shelter_per_100": 0.0, "shannon": 1.5377594559144803, "kl_divergence": 0.21543445303087111, "jsd": 0.22595906596145904, "city_similarity": 0.77404093403854102 }, "geometry": { "type": "Polygon", "coordinates": [ [ [ -3.292785196828039, 55.869643447111258 ], [ -3.300775169887886, 55.869624184682607 ], [ -3.304800623875037, 55.873504980704354 ], [ -3.300835320750342, 55.877405428458424 ], [ -3.292843749863109, 55.877424696488092 ], [ -3.288819080189973, 55.87354351116177 ], [ -3.292785196828039, 55.869643447111258 ] ] ] } },
{ "type": "Feature", "properties": { "from_id": "73", "population": 0.0, "gravity_community": 0.2423055317257177, "gravity_education": 0.1, "gravity_essential_services": 1.0, "gravity_food_and_drink": 0.15848931924611137, "gravity_healthcare": 0.21659144011798323, "gravity_shelter": 0.10391223038351691, "avg_gravity": 0.30354975357888819, "min_tt_community": 55.0, "min_tt_education": 60.0, "min_tt_essential_services": null, "min_tt_food_and_drink": 48.0, "min_tt_healthcare": 56.0, "min_tt_shelter": 59.0, "avg_tt_community": 55.0, "avg_tt_education": 60.0, "avg_tt_essential_services": null, "avg_tt_food_and_drink": 48.0, "avg_tt_healthcare": 58.0, "avg_tt_shelter": 59.0, "avg_tt_all": 56.0, "n_unreachable_categories": 1, "count_community": 2.0, "count_education": 1.0, "count_essential_services": 1.0, "count_food_and_drink": 1.0, "count_healthcare": 2.0, "count_shelter": 1.0, "gravity_community_per_100": 0.0, "gravity_education_per_100": 0.0, "gravity_essential_services_per_100": 0.0, "gravity_food_and_drink_per_100": 0.0, "gravity_healthcare_per_100": 0.0, "gravity_shelter_per_100": 0.0, "shannon": 1.7328679519088985, "kl_divergence": 0.64613263331770199, "jsd": 0.39170932777265977, "city_similarity": 0.60829067222734023 }, "geometry": { "type": "Polygon", "coordinates": [ [ [ -3.280828294009781, 55.873561998409301 ], [ -3.288819080189973, 55.87354351116177 ], [ -3.292843749863109, 55.877424696488092 ], [ -3.288876848517958, 55.881324758312104 ], [ -3.280884464107636, 55.881343250935572 ], [ -3.276860579534703, 55.877461676358223 ], [ -3.280828294009781, 55.873561998409301 ] ] ] } },
{ "type": "Feature", "properties": { "from_id": "74", "population": 0.017758509236922373, "gravity_community": 0.0, "gravity_education": 0.14125375446227545, "gravity_essential_services": 0.0, "gravity_food_and_drink": 1.1778279410038923, "gravity_healthcare": 0.13081774742601945, "gravity_shelter": 0.11659144011798321, "avg_gravity": 0.26108181383502843, "min_tt_community": null, "min_tt_education": 51.0, "min_tt_essential_services": null, "min_tt_food_and_drink": 45.0, "min_tt_healthcare": 53.0, "min_tt_shelter": 56.0, "avg_tt_community": null, "avg_tt_education": 51.0, "avg_tt_essential_services": null, "avg_tt_food_and_drink": 45.0, "avg_tt_healthcare": 53.0, "avg_tt_shelter": 56.0, "avg_tt_all": 51.25, "n_unreachable_categories": 2, "count_community": 0.0, "count_education": 1.0, "count_essential_services": 0.0, "count_food_and_drink": 2.0, "count_healthcare": 1.0, "count_shelter": 1.0, "gravity_community_per_100": 0.0, "gravity_education_per_100": 795.41448315148853, "gravity_essential_services_per_100": 0.0, "gravity_food_and_drink_per_100": 6632.4708076003744, "gravity_healthcare_per_100": 736.64824947147838, "gravity_shelter_per_100": 656.53844341603656, "shannon": 1.3321790449897528, "kl_divergence": 0.67143836724933681, "jsd": 0.3858998973436622, "city_similarity": 0.61410010265633774 }, "geometry": { "type": "Polygon", "coordinates": [ [ [ -3.268868980617745, 55.877479388196086 ], [ -3.264899667903305, 55.881378679761191 ], [ -3.256907256633692, 55.881395615960862 ], [ -3.25288575658887, 55.877513255671154 ], [ -3.256855881262797, 55.87361434821171 ], [ -3.262083898486791, 55.87360332952926 ], [ -3.262317180633545, 55.873729705810554 ], [ -3.262413740158081, 55.873901367187507 ], [ -3.262725353240967, 55.87404632568358 ], [ -3.262823104858398, 55.874206542968743 ], [ -3.263032913208008, 55.874221801757805 ], [ -3.263138771057129, 55.874275207519531 ], [ -3.263356924057006, 55.874500274658203 ], [ -3.263422012329102, 55.874832153320312 ], [ -3.263668537139893, 55.874889373779297 ], [ -3.263911724090576, 55.875045776367173 ], [ -3.26397728919983, 55.875141143798835 ], [ -3.263923645019531, 55.875263214111314 ], [ -3.264328002929687, 55.875461578369141 ], [ -3.26445198059082, 55.875728607177727 ], [ -3.264920711517334, 55.875892639160163 ], [ -3.265130043029785, 55.876087188720696 ], [ -3.265385389328002, 55.876075744628913 ], [ -3.265733003616333, 55.876102447509751 ], [ -3.265963554382325, 55.876060485839844 ], [ -3.267282043476856, 55.875947919110196 ], [ -3.268868980617745, 55.877479388196086 ] ] ] } },
{ "type": "Feature", "properties": { "from_id": "75", "population": 0.49879240655162072, "gravity_community": 0.0, "gravity_education": 0.12115276586285885, "gravity_essential_services": 0.0, "gravity_food_and_drink": 1.8118831510676319, "gravity_healthcare": 0.10797751623277096, "gravity_shelter": 0.0, "avg_gravity": 0.3401689055272103, "min_tt_community": null, "min_tt_education": 55.0, "min_tt_essential_services": null, "min_tt_food_and_drink": 43.0, "min_tt_healthcare": 58.0, "min_tt_shelter": null, "avg_tt_community": null, "avg_tt_education": 55.0, "avg_tt_essential_services": null, "avg_tt_food_and_drink": 53.0, "avg_tt_healthcare": 58.0, "avg_tt_shelter": null, "avg_tt_all": 55.333333333333336, "n_unreachable_categories": 3, "count_community": 0.0, "count_education": 1.0, "count_essential_services": 0.0, "count_food_and_drink": 7.0, "count_healthcare": 1.0, "count_shelter": 0.0, "gravity_community_per_100": 0.0, "gravity_education_per_100": 24.289216169196148, "gravity_essential_services_per_100": 0.0, "gravity_food_and_drink_per_100": 363.25395640924165, "gravity_healthcare_per_100": 21.647786697329408, "gravity_shelter_per_100": 0.0, "shannon": 0.68373891292108513, "kl_divergence": 0.24761231399182931, "jsd": 0.28679977821868147, "city_similarity": 0.71320022178131848 }, "geometry": { "type": "Polygon", "coordinates": [ [ [ -3.24489413200118, 55.877529411305972 ], [ -3.240922409070577, 55.881427931927945 ], [ -3.239103610857432, 55.881431477422957 ], [ -3.239820718765259, 55.880485534667969 ], [ -3.239752292633057, 55.878036499023423 ], [ -3.242074012756348, 55.877201080322251 ], [ -3.242311477661133, 55.87718200683593 ], [ -3.242963314056396, 55.877223968505852 ], [ -3.243747472763062, 55.877155303955078 ], [ -3.243901014328002, 55.87720870971679 ], [ -3.244168043136597, 55.877208709716797 ], [ -3.244446754455566, 55.877128601074219 ], [ -3.244468802705275, 55.877118635837121 ], [ -3.24489413200118, 55.877529411305972 ] ] ] } },
{ "type": "Feature", "properties": { "from_id": "76", "population": 0.0, "gravity_community": 0.0, "gravity_education": 0.13081774742601945, "gravity_essential_services": 0.0, "gravity_food_and_drink": 1.708615139409901, "gravity_healthcare": 0.11659144011798321, "gravity_shelter": 0.10391223038351691, "avg_gravity": 0.34332275955623676, "min_tt_community": null, "min_tt_education": 53.0, "min_tt_essential_services": null, "min_tt_food_and_drink": 46.0, "min_tt_healthcare": 56.0, "min_tt_shelter": 59.0, "avg_tt_community": null, "avg_tt_education": 53.0, "avg_tt_essential_services": null, "avg_tt_food_and_drink": 51.4, "avg_tt_healthcare": 56.0, "avg_tt_shelter": 59.0, "avg_tt_all": 54.85, "n_unreachable_categories": 2, "count_community": 0.0, "count_education": 1.0, "count_essential_services": 0.0, "count_food_and_drink": 6.0, "count_healthcare": 1.0, "count_shelter": 1.0, "gravity_community_per_100": 0.0, "gravity_education_per_100": 0.0, "gravity_essential_services_per_100": 0.0, "gravity_food_and_drink_per_100": 0.0, "gravity_healthcare_per_100": 0.0, "gravity_shelter_per_100": 0.0, "shannon": 1.0027182694224002, "kl_divergence": 0.33427335192170882, "jsd": 0.3038643586887253, "city_similarity": 0.6961356413112747 }, "geometry": { "type": "Polygon", "coordinates": [ [ [ -3.24489413200118, 55.877529411305972 ], [ -3.25288575658887, 55.877513255671154 ], [ -3.256907256633692, 55.881395615960862 ], [ -3.252936345277798, 55.885294520859844 ], [ -3.244943122040171, 55.885310681192863 ], [ -3.240922409070577, 55.881427931927945 ], [ -3.24489413200118, 55.877529411305972 ] ] ] } },
{ "type": "Feature", "properties": { "from_id": "77", "population": 0.092431979905530079, "gravity_community": 10.61227963793098, "gravity_education": 10.007595957016086, "gravity_essential_services": 20.328712084255407, "gravity_food_and_drink": 84.509524322818194, "gravity_healthcare": 19.441628726742017, "gravity_shelter": 0.50038770691047763, "avg_gravity": 24.233354739278862, "min_tt_community": 37.0, "min_tt_education": 34.0, "min_tt_essential_services": 35.0, "min_tt_food_and_drink": 15.0, "min_tt_healthcare": 34.0, "min_tt_shelter": 44.0, "avg_tt_community": 51.973684210526315, "avg_tt_education": 51.271428571428572, "avg_tt_essential_services": 52.506756756756758, "avg_tt_food_and_drink": 53.370839936608554, "avg_tt_healthcare": 51.884892086330936, "avg_tt_shelter": 47.0, "avg_tt_all": 51.334600260275188, "n_unreachable_categories": 0, "count_community": 76.0, "count_education": 70.0, "count_essential_services": 148.0, "count_food_and_drink": 632.0, "count_healthcare": 139.0, "count_shelter": 3.0, "gravity_community_per_100": 11481.177454791339, "gravity_education_per_100": 10826.984304830785, "gravity_essential_services_per_100": 21993.158758507961, "gravity_food_and_drink_per_100": 91428.880360661962, "gravity_healthcare_per_100": 21033.443994829817, "gravity_shelter_per_100": 541.35777186845701, "shannon": 1.2329029193801755, "kl_divergence": 0.010807368760837897, "jsd": 0.056099336389926389, "city_similarity": 0.94390066361007363 }, "geometry": { "type": "Polygon", "coordinates": [ [ [ -3.228956651712902, 55.885341445195245 ], [ -3.22096340514785, 55.885356048862448 ], [ -3.2177484092434, 55.882248970578409 ], [ -3.219451665878296, 55.882251739501939 ], [ -3.221309661865234, 55.882995605468743 ], [ -3.223583459854126, 55.882591247558594 ], [ -3.224575042724609, 55.882350921630859 ], [ -3.227094173431396, 55.883705139160149 ], [ -3.227887153625488, 55.883857727050788 ], [ -3.229607343673706, 55.883403778076165 ], [ -3.230655262024743, 55.883675089511769 ], [ -3.228956651712902, 55.885341445195245 ] ] ] } },
{ "type": "Feature", "properties": { "from_id": "78", "population": 0.087716334116488034, "gravity_community": 0.47583859259045513, "gravity_education": 0.44169451817922151, "gravity_essential_services": 0.91504179526493135, "gravity_food_and_drink": 1.8315488981249612, "gravity_healthcare": 0.40553462628838693, "gravity_shelter": 0.0, "avg_gravity": 0.67827640507465936, "min_tt_community": 54.0, "min_tt_education": 54.0, "min_tt_essential_services": 50.0, "min_tt_food_and_drink": 35.0, "min_tt_healthcare": 48.0, "min_tt_shelter": null, "avg_tt_community": 55.5, "avg_tt_education": 57.5, "avg_tt_essential_services": 53.142857142857146, "avg_tt_food_and_drink": 50.25, "avg_tt_healthcare": 52.333333333333336, "avg_tt_shelter": null, "avg_tt_all": 53.745238095238093, "n_unreachable_categories": 1, "count_community": 4.0, "count_education": 4.0, "count_essential_services": 7.0, "count_food_and_drink": 12.0, "count_healthcare": 3.0, "count_shelter": 0.0, "gravity_community_per_100": 542.47432634215818, "gravity_education_per_100": 503.54876617694424, "gravity_essential_services_per_100": 1043.1828968704369, "gravity_food_and_drink_per_100": 2088.0363008475124, "gravity_healthcare_per_100": 462.32509642939885, "gravity_shelter_per_100": 0.0, "shannon": 1.4736492978082489, "kl_divergence": 0.13302048972900643, "jsd": 0.18263447791564322, "city_similarity": 0.81736552208435675 }, "geometry": { "type": "Polygon", "coordinates": [ [ [ -3.240922409070577, 55.881427931927945 ], [ -3.244943122040171, 55.885310681192863 ], [ -3.240970611640991, 55.889209199143401 ], [ -3.232976576820521, 55.889224583381349 ], [ -3.228956651712902, 55.885341445195245 ], [ -3.230655262024743, 55.883675089511769 ], [ -3.23159646987915, 55.883918762207024 ], [ -3.232157707214356, 55.883972167968757 ], [ -3.232747793197631, 55.883777618408203 ], [ -3.233592748641968, 55.883251190185554 ], [ -3.234352111816406, 55.882995605468743 ], [ -3.234719038009644, 55.883033752441399 ], [ -3.234753608703613, 55.883010864257805 ], [ -3.237201929092407, 55.882480621337884 ], [ -3.238412618637085, 55.882740020751939 ], [ -3.238547563552856, 55.88256454467772 ], [ -3.238860607147217, 55.881752014160149 ], [ -3.239103610857432, 55.881431477422957 ], [ -3.240922409070577, 55.881427931927945 ] ] ] } },
{ "type": "Feature", "properties": { "from_id": "79", "population": 0.0, "gravity_community": 1.0194884293663076, "gravity_education": 0.67110220118605224, "gravity_essential_services": 1.3813924816667336, "gravity_food_and_drink": 3.5361503732016288, "gravity_healthcare": 1.9933407185488488, "gravity_shelter": 0.22387211385683395, "avg_gravity": 1.4708910529710675, "min_tt_community": 48.0, "min_tt_education": 33.0, "min_tt_essential_services": 48.0, "min_tt_food_and_drink": 28.0, "min_tt_healthcare": 36.0, "min_tt_shelter": 39.0, "avg_tt_community": 54.0, "avg_tt_education": 48.25, "avg_tt_essential_services": 54.454545454545453, "avg_tt_food_and_drink": 53.736842105263158, "avg_tt_healthcare": 53.4, "avg_tt_shelter": 39.0, "avg_tt_all": 50.473564593301433, "n_unreachable_categories": 0, "count_community": 8.0, "count_education": 4.0, "count_essential_services": 11.0, "count_food_and_drink": 20.0, "count_healthcare": 15.0, "count_shelter": 1.0, "gravity_community_per_100": 0.0, "gravity_education_per_100": 0.0, "gravity_essential_services_per_100": 0.0, "gravity_food_and_drink_per_100": 0.0, "gravity_healthcare_per_100": 0.0, "gravity_shelter_per_100": 0.0, "shannon": 1.5505381858444276, "kl_divergence": 0.17272842160636909, "jsd": 0.20352449919431626, "city_similarity": 0.79647550080568374 }, "geometry": { "type": "Polygon", "coordinates": [ [ [ -3.256907256633692, 55.881395615960862 ], [ -3.264899667903305, 55.881378679761191 ], [ -3.268922766589578, 55.885260643535865 ], [ -3.264952667595135, 55.889159932652952 ], [ -3.256958657290679, 55.889176873778062 ], [ -3.252936345277798, 55.885294520859844 ], [ -3.256907256633692, 55.881395615960862 ] ] ] } },
{ "type": "Feature", "properties": { "from_id": "80", "population": 0.0, "gravity_community": 1.7012991814043517, "gravity_education": 1.4281892187108109, "gravity_essential_services": 3.4368723436818094, "gravity_food_and_drink": 3.5925295031268223, "gravity_healthcare": 2.2827801595774666, "gravity_shelter": 0.34994605141103841, "avg_gravity": 2.1319360763187167, "min_tt_community": 48.0, "min_tt_education": 38.0, "min_tt_essential_services": 45.0, "min_tt_food_and_drink": 37.0, "min_tt_healthcare": 42.0, "min_tt_shelter": 55.0, "avg_tt_community": 53.230769230769234, "avg_tt_education": 51.5, "avg_tt_essential_services": 50.941176470588232, "avg_tt_food_and_drink": 51.08, "avg_tt_healthcare": 50.9375, "avg_tt_shelter": 56.0, "avg_tt_all": 52.281574283559571, "n_unreachable_categories": 0, "count_community": 13.0, "count_education": 10.0, "count_essential_services": 18.0, "count_food_and_drink": 25.0, "count_healthcare": 16.0, "count_shelter": 3.0, "gravity_community_per_100": 0.0, "gravity_education_per_100": 0.0, "gravity_essential_services_per_100": 0.0, "gravity_food_and_drink_per_100": 0.0, "gravity_healthcare_per_100": 0.0, "gravity_shelter_per_100": 0.0, "shannon": 1.6599920069226708, "kl_divergence": 0.20047374992517791, "jsd": 0.22385712256108528, "city_similarity": 0.77614287743891475 }, "geometry": { "type": "Polygon", "coordinates": [ [ [ -3.244943122040171, 55.885310681192863 ], [ -3.252936345277798, 55.885294520859844 ], [ -3.256958657290679, 55.889176873778062 ], [ -3.252986958867914, 55.893075776118117 ], [ -3.244992136193472, 55.893091941151191 ], [ -3.240970611640991, 55.889209199143401 ], [ -3.244943122040171, 55.885310681192863 ] ] ] } },
{ "type": "Feature", "properties": { "from_id": "81", "population": 0.057867567838289044, "gravity_community": 10.61227963793098, "gravity_education": 10.107595957016086, "gravity_essential_services": 20.345569373962697, "gravity_food_and_drink": 84.433182390030893, "gravity_healthcare": 19.466934372092009, "gravity_shelter": 0.50038770691047763, "avg_gravity": 24.244324906323858, "min_tt_community": 37.0, "min_tt_education": 34.0, "min_tt_essential_services": 35.0, "min_tt_food_and_drink": 19.0, "min_tt_healthcare": 34.0, "min_tt_shelter": 44.0, "avg_tt_community": 51.973684210526315, "avg_tt_education": 51.394366197183096, "avg_tt_essential_services": 52.493243243243242, "avg_tt_food_and_drink": 53.378763866877975, "avg_tt_healthcare": 51.856115107913666, "avg_tt_shelter": 47.0, "avg_tt_all": 51.349362104290719, "n_unreachable_categories": 0, "count_community": 76.0, "count_education": 71.0, "count_essential_services": 148.0, "count_food_and_drink": 632.0, "count_healthcare": 139.0, "count_shelter": 3.0, "gravity_community_per_100": 18338.907326444067, "gravity_education_per_100": 17466.771690252768, "gravity_essential_services_per_100": 35158.846542191648, "gravity_food_and_drink_per_100": 145907.60514763551, "gravity_healthcare_per_100": 33640.491728445144, "gravity_shelter_per_100": 864.7118335935794, "shannon": 1.2342925393918383, "kl_divergence": 0.010727786240224463, "jsd": 0.055925693770795891, "city_similarity": 0.94407430622920407 }, "geometry": { "type": "Polygon", "coordinates": [ [ [ -3.22096340514785, 55.885356048862448 ], [ -3.228956651712902, 55.885341445195245 ], [ -3.232976576820521, 55.889224583381349 ], [ -3.229002466976477, 55.893122714100983 ], [ -3.221007620958866, 55.893137322015512 ], [ -3.216988484500244, 55.889253794962407 ], [ -3.22096340514785, 55.885356048862448 ] ] ] } },
{ "type": "Feature", "properties": { "from_id": "82", "population": 0.13529392682887745, "gravity_community": 9.8894450761157326, "gravity_education": 10.303807283130315, "gravity_essential_services": 18.367350942459474, "gravity_food_and_drink": 67.49425047018687, "gravity_healthcare": 16.228314984669229, "gravity_shelter": 0.97725217651076834, "avg_gravity": 20.543403488845399, "min_tt_community": 33.0, "min_tt_education": 19.0, "min_tt_essential_services": 33.0, "min_tt_food_and_drink": 24.0, "min_tt_healthcare": 24.0, "min_tt_shelter": 27.0, "avg_tt_community": 51.029411764705884, "avg_tt_education": 50.957142857142856, "avg_tt_essential_services": 52.488188976377955, "avg_tt_food_and_drink": 53.818702290076338, "avg_tt_healthcare": 51.144144144144143, "avg_tt_shelter": 44.8, "avg_tt_all": 50.706265005407865, "n_unreachable_categories": 0, "count_community": 68.0, "count_education": 70.0, "count_essential_services": 128.0, "count_food_and_drink": 524.0, "count_healthcare": 111.0, "count_shelter": 5.0, "gravity_community_per_100": 7309.6001482935053, "gravity_education_per_100": 7615.8682984808192, "gravity_essential_services_per_100": 13575.88723527175, "gravity_food_and_drink_per_100": 49887.125055919911, "gravity_healthcare_per_100": 11994.858427899086, "gravity_shelter_per_100": 722.31784487031496, "shannon": 1.2712824094005974, "kl_divergence": 0.0068297522759113213, "jsd": 0.043246793640002827, "city_similarity": 0.95675320635999717 }, "geometry": { "type": "Polygon", "coordinates": [ [ [ -3.256958657290679, 55.889176873778062 ], [ -3.264952667595135, 55.889159932652952 ], [ -3.268976579036337, 55.893041888941276 ], [ -3.265005693377257, 55.896941175611893 ], [ -3.257010083250824, 55.896958121664412 ], [ -3.252986958867914, 55.893075776118117 ], [ -3.256958657290679, 55.889176873778062 ] ] ] } },
{ "type": "Feature", "properties": { "from_id": "83", "population": 0.046868679262018993, "gravity_community": 43.117769851844059, "gravity_education": 42.730891082536097, "gravity_essential_services": 70.400799135937845, "gravity_food_and_drink": 335.4943162130707, "gravity_healthcare": 59.192636538570532, "gravity_shelter": 4.6303802784782455, "avg_gravity": 92.594465516739589, "min_tt_community": 21.0, "min_tt_education": 18.0, "min_tt_essential_services": 15.0, "min_tt_food_and_drink": 7.0, "min_tt_healthcare": 19.0, "min_tt_shelter": 38.0, "avg_tt_community": 44.719457013574662, "avg_tt_education": 45.134529147982065, "avg_tt_essential_services": 45.409836065573771, "avg_tt_food_and_drink": 47.065002600104002, "avg_tt_healthcare": 46.458715596330272, "avg_tt_shelter": 51.757575757575758, "avg_tt_all": 46.757519363523421, "n_unreachable_categories": 0, "count_community": 221.0, "count_education": 223.0, "count_essential_services": 367.0, "count_food_and_drink": 1923.0, "count_healthcare": 327.0, "count_shelter": 33.0, "gravity_community_per_100": 91996.980778558951, "gravity_education_per_100": 91171.528098006296, "gravity_essential_services_per_100": 150208.62598317038, "gravity_food_and_drink_per_100": 715817.73050930724, "gravity_healthcare_per_100": 126294.65449123188, "gravity_shelter_per_100": 9879.4767665462477, "shannon": 1.2124624810989857, "kl_divergence": 0.0014995403910848986, "jsd": 0.019735752993981514, "city_similarity": 0.98026424700601844 }, "geometry": { "type": "Polygon", "coordinates": [ [ [ -3.162172223728559, 55.889338188927368 ], [ -3.16243839263916, 55.889087677001946 ], [ -3.162747621536255, 55.889163970947266 ], [ -3.162715754025237, 55.889337471900646 ], [ -3.162172223728559, 55.889338188927368 ] ] ] } },
{ "type": "Feature", "properties": { "from_id": "84", "population": 0.0, "gravity_community": 49.807557004778126, "gravity_education": 50.420535531228033, "gravity_essential_services": 80.168807908825173, "gravity_food_and_drink": 382.78097891803901, "gravity_healthcare": 71.036677936720508, "gravity_shelter": 6.9837606097401963, "avg_gravity": 106.86638631822183, "min_tt_community": 17.0, "min_tt_education": 16.0, "min_tt_essential_services": 18.0, "min_tt_food_and_drink": 17.0, "min_tt_healthcare": 21.0, "min_tt_shelter": 35.0, "avg_tt_community": 45.259541984732827, "avg_tt_education": 44.626459143968873, "avg_tt_essential_services": 45.51748251748252, "avg_tt_food_and_drink": 45.940453686200378, "avg_tt_healthcare": 46.062015503875969, "avg_tt_shelter": 48.772727272727273, "avg_tt_all": 46.029780018164637, "n_unreachable_categories": 0, "count_community": 262.0, "count_education": 257.0, "count_essential_services": 429.0, "count_food_and_drink": 2116.0, "count_healthcare": 387.0, "count_shelter": 44.0, "gravity_community_per_100": 0.0, "gravity_education_per_100": 0.0, "gravity_essential_services_per_100": 0.0, "gravity_food_and_drink_per_100": 0.0, "gravity_healthcare_per_100": 0.0, "gravity_shelter_per_100": 0.0, "shannon": 1.2461819539145342, "kl_divergence": 0.00047186691136214334, "jsd": 0.010995992866007004, "city_similarity": 0.98900400713399295 }, "geometry": { "type": "Polygon", "coordinates": [ [ [ -3.133063893607186, 55.893263752128327 ], [ -3.13184592956429, 55.893265062173022 ], [ -3.132992744445801, 55.892856597900384 ], [ -3.13264012336731, 55.89250183105468 ], [ -3.132770061492919, 55.892456054687493 ], [ -3.132928133010864, 55.89250183105468 ], [ -3.133074998855591, 55.892490386962891 ], [ -3.134186518557942, 55.892166216976143 ], [ -3.133063893607186, 55.893263752128327 ] ] ] } },
{ "type": "Feature", "properties": { "from_id": "85", "population": 37.621399789256991, "gravity_community": 29.064024229684783, "gravity_education": 31.069572273467521, "gravity_essential_services": 49.546981570055095, "gravity_food_and_drink": 243.70580134337541, "gravity_healthcare": 40.438892303221991, "gravity_shelter": 3.836475105370674, "avg_gravity": 66.276957804195916, "min_tt_community": 20.0, "min_tt_education": 19.0, "min_tt_essential_services": 18.0, "min_tt_food_and_drink": 17.0, "min_tt_healthcare": 21.0, "min_tt_shelter": 42.0, "avg_tt_community": 46.06875, "avg_tt_education": 46.546511627906973, "avg_tt_essential_services": 48.629139072847686, "avg_tt_food_and_drink": 49.328358208955223, "avg_tt_healthcare": 47.258620689655174, "avg_tt_shelter": 51.111111111111114, "avg_tt_all": 48.157081785079356, "n_unreachable_categories": 0, "count_community": 160.0, "count_education": 172.0, "count_essential_services": 302.0, "count_food_and_drink": 1542.0, "count_healthcare": 232.0, "count_shelter": 27.0, "gravity_community_per_100": 77.253968200258683, "gravity_education_per_100": 82.584838542715829, "gravity_essential_services_per_100": 131.6989315857501, "gravity_food_and_drink_per_100": 647.7850444389021, "gravity_healthcare_per_100": 107.4890688005967, "gravity_shelter_per_100": 10.197587348852984, "shannon": 1.1881969399816168, "kl_divergence": 0.0027900207868353775, "jsd": 0.026716749498897033, "city_similarity": 0.97328325050110298 }, "geometry": { "type": "Polygon", "coordinates": [ [ [ -3.149053711772777, 55.893245436262063 ], [ -3.145070774738087, 55.897140859144294 ], [ -3.137075065579658, 55.89715001840927 ], [ -3.133063893607186, 55.893263752128327 ], [ -3.134186518557942, 55.892166216976143 ], [ -3.134853839874268, 55.891971588134751 ], [ -3.136555433273315, 55.891544342041016 ], [ -3.138286113739014, 55.891185760498047 ], [ -3.140550851821899, 55.890766143798814 ], [ -3.142091512680054, 55.890522003173821 ], [ -3.145761959521374, 55.890057203280143 ], [ -3.149053711772777, 55.893245436262063 ] ] ] } },
{ "type": "Feature", "properties": { "from_id": "86", "population": 55.918474380751761, "gravity_community": 9.0103123561880523, "gravity_education": 9.4797463074346062, "gravity_essential_services": 12.875804847712695, "gravity_food_and_drink": 45.45781356894819, "gravity_healthcare": 11.451694723604312, "gravity_shelter": 0.97447426633521061, "avg_gravity": 14.874974345037176, "min_tt_community": 37.0, "min_tt_education": 37.0, "min_tt_essential_services": 37.0, "min_tt_food_and_drink": 29.0, "min_tt_healthcare": 37.0, "min_tt_shelter": 40.0, "avg_tt_community": 51.507936507936506, "avg_tt_education": 52.842857142857142, "avg_tt_essential_services": 50.829545454545453, "avg_tt_food_and_drink": 52.890243902439025, "avg_tt_healthcare": 52.642857142857146, "avg_tt_shelter": 52.142857142857146, "avg_tt_all": 52.142716215582077, "n_unreachable_categories": 0, "count_community": 63.0, "count_education": 70.0, "count_essential_services": 88.0, "count_food_and_drink": 329.0, "count_healthcare": 84.0, "count_shelter": 7.0, "gravity_community_per_100": 16.113301473206107, "gravity_education_per_100": 16.952798538255045, "gravity_essential_services_per_100": 23.026030288381403, "gravity_food_and_drink_per_100": 81.293014647401876, "gravity_healthcare_per_100": 20.479268882818825, "gravity_shelter_per_100": 1.7426696223862714, "shannon": 1.4004229420496375, "kl_divergence": 0.023255670276334788, "jsd": 0.075131142976827853, "city_similarity": 0.92486885702317212 }, "geometry": { "type": "Polygon", "coordinates": [ [ [ -3.121083634020663, 55.897166779561537 ], [ -3.120079596976874, 55.897167762645118 ], [ -3.120964527130127, 55.896953582763665 ], [ -3.121449183150857, 55.896809587294229 ], [ -3.121083634020663, 55.897166779561537 ] ] ] } },
{ "type": "Feature", "properties": { "from_id": "87", "population": 259.58689032524057, "gravity_community": 43.594053457727576, "gravity_education": 45.421307393702151, "gravity_essential_services": 66.921113489968349, "gravity_food_and_drink": 282.71963644003625, "gravity_healthcare": 61.828803059373989, "gravity_shelter": 8.7797215972334968, "avg_gravity": 84.877439239673635, "min_tt_community": 14.0, "min_tt_education": 15.0, "min_tt_essential_services": 13.0, "min_tt_food_and_drink": 12.0, "min_tt_healthcare": 16.0, "min_tt_shelter": 26.0, "avg_tt_community": 44.481981981981981, "avg_tt_education": 45.25941422594142, "avg_tt_essential_services": 46.885333333333335, "avg_tt_food_and_drink": 49.320158102766797, "avg_tt_healthcare": 46.174698795180724, "avg_tt_shelter": 43.069767441860463, "avg_tt_all": 45.865225646844124, "n_unreachable_categories": 0, "count_community": 222.0, "count_education": 239.0, "count_essential_services": 375.0, "count_food_and_drink": 1772.0, "count_healthcare": 332.0, "count_shelter": 43.0, "gravity_community_per_100": 16.793626751762343, "gravity_education_per_100": 17.497535155489967, "gravity_essential_services_per_100": 25.779850980194652, "gravity_food_and_drink_per_100": 108.91136917038156, "gravity_healthcare_per_100": 23.818153136280376, "gravity_shelter_per_100": 3.3821899042102017, "shannon": 1.2711433563974133, "kl_divergence": 0.00073058920726974631, "jsd": 0.013419386257197984, "city_similarity": 0.98658061374280204 }, "geometry": { "type": "Polygon", "coordinates": [ [ [ -3.133063893607186, 55.893263752128327 ], [ -3.137075065579658, 55.89715001840927 ], [ -3.13309052826241, 55.901045052134265 ], [ -3.125094012208089, 55.901053433929256 ], [ -3.121083634020663, 55.897166779561537 ], [ -3.121449183150857, 55.896809587294229 ], [ -3.122941732406616, 55.896366119384773 ], [ -3.125075340270996, 55.895656585693359 ], [ -3.125408887863159, 55.895557403564453 ], [ -3.13184592956429, 55.893265062173022 ], [ -3.133063893607186, 55.893263752128327 ] ] ] } },
{ "type": "Feature", "properties": { "from_id": "88", "population": 0.0, "gravity_community": 15.674214640707865, "gravity_education": 16.738493864373687, "gravity_essential_services": 21.305290078537521, "gravity_food_and_drink": 70.447077259831445, "gravity_healthcare": 18.98391248266509, "gravity_shelter": 2.5164533763024401, "avg_gravity": 24.277573617069677, "min_tt_community": 24.0, "min_tt_education": 24.0, "min_tt_essential_services": 24.0, "min_tt_food_and_drink": 16.0, "min_tt_healthcare": 24.0, "min_tt_shelter": 37.0, "avg_tt_community": 50.24752475247525, "avg_tt_education": 50.445454545454545, "avg_tt_essential_services": 49.160305343511453, "avg_tt_food_and_drink": 51.336886993603414, "avg_tt_healthcare": 51.124031007751938, "avg_tt_shelter": 52.222222222222221, "avg_tt_all": 50.756070810836462, "n_unreachable_categories": 0, "count_community": 101.0, "count_education": 110.0, "count_essential_services": 131.0, "count_food_and_drink": 470.0, "count_healthcare": 129.0, "count_shelter": 18.0, "gravity_community_per_100": 0.0, "gravity_education_per_100": 0.0, "gravity_essential_services_per_100": 0.0, "gravity_food_and_drink_per_100": 0.0, "gravity_healthcare_per_100": 0.0, "gravity_shelter_per_100": 0.0, "shannon": 1.4513366229416726, "kl_divergence": 0.032507364665838978, "jsd": 0.088693618007369704, "city_similarity": 0.91130638199263025 }, "geometry": { "type": "MultiPolygon", "coordinates": [ [ [ [ -3.109100968034839, 55.901068639912431 ], [ -3.101104440441243, 55.901075464099534 ], [ -3.09920390203509, 55.899232201070824 ], [ -3.099327802658081, 55.899227142333984 ], [ -3.102792978286743, 55.899265289306634 ], [ -3.105371713638305, 55.899234771728501 ], [ -3.107793807983399, 55.899036407470703 ], [ -3.108590841293335, 55.89905929565429 ], [ -3.109080791473389, 55.899024963378906 ], [ -3.111447568886771, 55.89877670148276 ], [ -3.109100968034839, 55.901068639912431 ] ] ], [ [ [ -3.111935055092195, 55.898300531334307 ], [ -3.111885786056519, 55.89817810058593 ], [ -3.112083196640015, 55.898094177246087 ], [ -3.11212465623443, 55.898115327739639 ], [ -3.111935055092195, 55.898300531334307 ] ] ] ] } },
{ "type": "Feature", "properties": { "from_id": "89", "population": 1.4341587562110292, "gravity_community": 54.433917397630303, "gravity_education": 54.264998977643842, "gravity_essential_services": 86.038512065844685, "gravity_food_and_drink": 399.14992273799277, "gravity_healthcare": 76.279920742275664, "gravity_shelter": 7.1315208987613499, "avg_gravity": 112.88313213669143, "min_tt_community": 3.0, "min_tt_education": 10.0, "min_tt_essential_services": 10.0, "min_tt_food_and_drink": 10.0, "min_tt_healthcare": 12.0, "min_tt_shelter": 35.0, "avg_tt_community": 44.859205776173283, "avg_tt_education": 44.171641791044777, "avg_tt_essential_services": 45.067720090293456, "avg_tt_food_and_drink": 45.549399815327796, "avg_tt_healthcare": 45.558312655086851, "avg_tt_shelter": 48.18181818181818, "avg_tt_all": 45.564683051624058, "n_unreachable_categories": 0, "count_community": 277.0, "count_education": 268.0, "count_essential_services": 444.0, "count_food_and_drink": 2166.0, "count_healthcare": 403.0, "count_shelter": 44.0, "gravity_community_per_100": 3795.5294113632031, "gravity_education_per_100": 3783.7511881187461, "gravity_essential_services_per_100": 5999.2320719885874, "gravity_food_and_drink_per_100": 27831.64144202038, "gravity_healthcare_per_100": 5318.7919685964989, "gravity_shelter_per_100": 497.2616084430183, "shannon": 1.2533422744441116, "kl_divergence": 0.00068558586012450315, "jsd": 0.013239515790318604, "city_similarity": 0.98676048420968143 }, "geometry": { "type": "Polygon", "coordinates": [ [ [ -3.137075065579658, 55.89715001840927 ], [ -3.145070774738087, 55.897140859144294 ], [ -3.149083546993116, 55.901026730940401 ], [ -3.145099816965756, 55.904922150257001 ], [ -3.137102507130817, 55.904931312186307 ], [ -3.13309052826241, 55.901045052134265 ], [ -3.137075065579658, 55.89715001840927 ] ] ] } },
{ "type": "Feature", "properties": { "from_id": "90", "population": 568.99023587468639, "gravity_community": 41.38089684206733, "gravity_education": 41.555578717696235, "gravity_essential_services": 67.407556363942319, "gravity_food_and_drink": 331.40550793077085, "gravity_healthcare": 55.109136578210688, "gravity_shelter": 6.3791413892753628, "avg_gravity": 90.539636303660458, "min_tt_community": 18.0, "min_tt_education": 19.0, "min_tt_essential_services": 18.0, "min_tt_food_and_drink": 15.0, "min_tt_healthcare": 18.0, "min_tt_shelter": 24.0, "avg_tt_community": 45.568807339449542, "avg_tt_education": 44.88425925925926, "avg_tt_essential_services": 45.878787878787875, "avg_tt_food_and_drink": 47.966954753431622, "avg_tt_healthcare": 47.224358974358971, "avg_tt_shelter": 48.846153846153847, "avg_tt_all": 46.728220341906855, "n_unreachable_categories": 0, "count_community": 218.0, "count_education": 216.0, "count_essential_services": 363.0, "count_food_and_drink": 1967.0, "count_healthcare": 312.0, "count_shelter": 39.0, "gravity_community_per_100": 7.2726901505531281, "gravity_education_per_100": 7.3033904797706191, "gravity_essential_services_per_100": 11.84687400835962, "gravity_food_and_drink_per_100": 58.244498241927502, "gravity_healthcare_per_100": 9.6854274649359446, "gravity_shelter_per_100": 1.1211337184844583, "shannon": 1.1972771816330952, "kl_divergence": 0.0018478662289372642, "jsd": 0.021612186447598662, "city_similarity": 0.97838781355240134 }, "geometry": { "type": "Polygon", "coordinates": [ [ [ -3.121083634020663, 55.897166779561537 ], [ -3.125094012208089, 55.901053433929256 ], [ -3.121107874209862, 55.904948078214218 ], [ -3.113110551649354, 55.904955682311638 ], [ -3.109100968034839, 55.901068639912431 ], [ -3.111447568886771, 55.89877670148276 ], [ -3.112099170684814, 55.898708343505859 ], [ -3.111935055092195, 55.898300531334307 ], [ -3.11212465623443, 55.898115327739639 ], [ -3.112329959869385, 55.898220062255859 ], [ -3.112665414810181, 55.8983154296875 ], [ -3.112965106964111, 55.898342132568352 ], [ -3.113369464874268, 55.898330688476548 ], [ -3.11469292640686, 55.898193359375 ], [ -3.115834712982178, 55.898029327392585 ], [ -3.118663311004639, 55.897510528564446 ], [ -3.120079596976874, 55.897167762645118 ], [ -3.121083634020663, 55.897166779561537 ] ] ] } },
{ "type": "Feature", "properties": { "from_id": "91", "population": 0.0, "gravity_community": 22.433390180289443, "gravity_education": 22.33774411640146, "gravity_essential_services": 35.971542503593945, "gravity_food_and_drink": 155.14183270650986, "gravity_healthcare": 31.855909956972056, "gravity_shelter": 5.6025763786399114, "avg_gravity": 45.557165973734449, "min_tt_community": 24.0, "min_tt_education": 29.0, "min_tt_essential_services": 21.0, "min_tt_food_and_drink": 15.0, "min_tt_healthcare": 19.0, "min_tt_shelter": 13.0, "avg_tt_community": 48.095588235294116, "avg_tt_education": 50.222972972972975, "avg_tt_essential_services": 50.596566523605148, "avg_tt_food_and_drink": 51.71625344352617, "avg_tt_healthcare": 48.157894736842103, "avg_tt_shelter": 48.484848484848484, "avg_tt_all": 49.545687399514833, "n_unreachable_categories": 0, "count_community": 136.0, "count_education": 148.0, "count_essential_services": 234.0, "count_food_and_drink": 1089.0, "count_healthcare": 190.0, "count_shelter": 33.0, "gravity_community_per_100": 0.0, "gravity_education_per_100": 0.0, "gravity_essential_services_per_100": 0.0, "gravity_food_and_drink_per_100": 0.0, "gravity_healthcare_per_100": 0.0, "gravity_shelter_per_100": 0.0, "shannon": 1.2760240258217304, "kl_divergence": 0.001053589257215784, "jsd": 0.016101443805454148, "city_similarity": 0.9838985561945458 }, "geometry": { "type": "Polygon", "coordinates": [ [ [ -3.101104440441243, 55.901075464099534 ], [ -3.109100968034839, 55.901068639912431 ], [ -3.113110551649354, 55.904955682311638 ], [ -3.109122812571986, 55.908849936873736 ], [ -3.107483780153676, 55.908851378050606 ], [ -3.106412172317504, 55.908199310302734 ], [ -3.105549812316895, 55.907524108886712 ], [ -3.105812311172485, 55.907413482666016 ], [ -3.104917287826539, 55.90688323974608 ], [ -3.10479736328125, 55.906936645507812 ], [ -3.103876829147339, 55.906517028808587 ], [ -3.102057933807373, 55.905548095703125 ], [ -3.09881591796875, 55.90431976318358 ], [ -3.098100538845691, 55.904008146682969 ], [ -3.101104440441243, 55.901075464099534 ] ] ] } },
{ "type": "Feature", "properties": { "from_id": "92", "population": 262.11679117113272, "gravity_community": 55.585045006623915, "gravity_education": 56.918697188925414, "gravity_essential_services": 85.572445010776349, "gravity_food_and_drink": 374.70207668675482, "gravity_healthcare": 75.529085412729231, "gravity_shelter": 10.902120697010488, "avg_gravity": 109.86824500047004, "min_tt_community": 10.0, "min_tt_education": 12.0, "min_tt_essential_services": 11.0, "min_tt_food_and_drink": 9.0, "min_tt_healthcare": 13.0, "min_tt_shelter": 24.0, "avg_tt_community": 43.730627306273064, "avg_tt_education": 43.492805755395686, "avg_tt_essential_services": 44.586046511627906, "avg_tt_food_and_drink": 46.9422806194275, "avg_tt_healthcare": 44.464379947229553, "avg_tt_shelter": 42.692307692307693, "avg_tt_all": 44.318074638710236, "n_unreachable_categories": 0, "count_community": 271.0, "count_education": 278.0, "count_essential_services": 431.0, "count_food_and_drink": 2131.0, "count_healthcare": 379.0, "count_shelter": 52.0, "gravity_community_per_100": 21.206212985543967, "gravity_education_per_100": 21.715013729038031, "gravity_essential_services_per_100": 32.64668571152589, "gravity_food_and_drink_per_100": 142.95233625155919, "gravity_healthcare_per_100": 28.815050373257943, "gravity_shelter_per_100": 4.159260705237549, "shannon": 1.2594996071360141, "kl_divergence": 0.00063202878413509038, "jsd": 0.012511610292645912, "city_similarity": 0.98748838970735409 }, "geometry": { "type": "Polygon", "coordinates": [ [ [ -3.125094012208089, 55.901053433929256 ], [ -3.13309052826241, 55.901045052134265 ], [ -3.137102507130817, 55.904931312186307 ], [ -3.133117176032907, 55.908826342233752 ], [ -3.125119058903518, 55.908834726467063 ], [ -3.121107874209862, 55.904948078214218 ], [ -3.125094012208089, 55.901053433929256 ] ] ] } },
{ "type": "Feature", "properties": { "from_id": "93", "population": 9.2170358120357001, "gravity_community": 15.717527282684806, "gravity_education": 16.366815077945869, "gravity_essential_services": 31.408049209941751, "gravity_food_and_drink": 123.31909675465738, "gravity_healthcare": 27.060383414290598, "gravity_shelter": 1.204247595707149, "avg_gravity": 35.846019889204591, "min_tt_community": 25.0, "min_tt_education": 25.0, "min_tt_essential_services": 23.0, "min_tt_food_and_drink": 4.0, "min_tt_healthcare": 26.0, "min_tt_shelter": 40.0, "avg_tt_community": 50.773584905660378, "avg_tt_education": 50.654545454545456, "avg_tt_essential_services": 51.726415094339622, "avg_tt_food_and_drink": 52.737250554323722, "avg_tt_healthcare": 50.797814207650276, "avg_tt_shelter": 53.444444444444443, "avg_tt_all": 51.689009110160647, "n_unreachable_categories": 0, "count_community": 106.0, "count_education": 110.0, "count_essential_services": 213.0, "count_food_and_drink": 902.0, "count_healthcare": 183.0, "count_shelter": 9.0, "gravity_community_per_100": 170.52691996878971, "gravity_education_per_100": 177.57135169827498, "gravity_essential_services_per_100": 340.76084600787595, "gravity_food_and_drink_per_100": 1337.947462389438, "gravity_healthcare_per_100": 293.59095446884209, "gravity_shelter_per_100": 13.065454233503468, "shannon": 1.2455707091684687, "kl_divergence": 0.0053864011246299763, "jsd": 0.038577231346642878, "city_similarity": 0.96142276865335707 }, "geometry": { "type": "Polygon", "coordinates": [ [ [ -3.208994427525208, 55.889267622303464 ], [ -3.20501790741779, 55.893164980718744 ], [ -3.201496315561831, 55.893170793312734 ], [ -3.201466083526611, 55.893081665039062 ], [ -3.200862407684326, 55.891712188720689 ], [ -3.200707197189331, 55.890319824218757 ], [ -3.200965404510498, 55.890285491943366 ], [ -3.201673746109009, 55.890106201171868 ], [ -3.201915502548218, 55.890022277832031 ], [ -3.204166650772094, 55.889820098876946 ], [ -3.204842329025269, 55.889778137207024 ], [ -3.206127882003784, 55.889690399169908 ], [ -3.208574507716503, 55.888861710688509 ], [ -3.208994427525208, 55.889267622303464 ] ] ] } },
{ "type": "Feature", "properties": { "from_id": "94", "population": 0.0, "gravity_community": 32.610080376152332, "gravity_education": 34.33379722048825, "gravity_essential_services": 55.583841235623808, "gravity_food_and_drink": 251.09642288793495, "gravity_healthcare": 47.762598064527616, "gravity_shelter": 4.0013713845340968, "avg_gravity": 70.898018528210173, "min_tt_community": 25.0, "min_tt_education": 5.0, "min_tt_essential_services": 22.0, "min_tt_food_and_drink": 22.0, "min_tt_healthcare": 12.0, "min_tt_shelter": 37.0, "avg_tt_community": 48.020408163265309, "avg_tt_education": 47.638190954773869, "avg_tt_essential_services": 49.42285714285714, "avg_tt_food_and_drink": 50.799531066822979, "avg_tt_healthcare": 47.890845070422536, "avg_tt_shelter": 52.93333333333333, "avg_tt_all": 49.450860955245865, "n_unreachable_categories": 0, "count_community": 196.0, "count_education": 199.0, "count_essential_services": 350.0, "count_food_and_drink": 1706.0, "count_healthcare": 284.0, "count_shelter": 30.0, "gravity_community_per_100": 0.0, "gravity_education_per_100": 0.0, "gravity_essential_services_per_100": 0.0, "gravity_food_and_drink_per_100": 0.0, "gravity_healthcare_per_100": 0.0, "gravity_shelter_per_100": 0.0, "shannon": 1.2194099399395006, "kl_divergence": 0.0012172630769297747, "jsd": 0.017811506831661959, "city_similarity": 0.98218849316833801 }, "geometry": { "type": "Polygon", "coordinates": [ [ [ -3.193044920451519, 55.897075001953525 ], [ -3.185049243816565, 55.897087275957844 ], [ -3.181033287278693, 55.893202575944592 ], [ -3.182519332527201, 55.891747390908108 ], [ -3.18269944190979, 55.891765594482408 ], [ -3.185264110565186, 55.891971588134766 ], [ -3.188426017761231, 55.892307281494134 ], [ -3.190940618515015, 55.892646789550781 ], [ -3.193935871124268, 55.893177032470696 ], [ -3.196472853597932, 55.893717049371567 ], [ -3.193044920451519, 55.897075001953525 ] ] ] } },
{ "type": "Feature", "properties": { "from_id": "95", "population": 2735.7949389803239, "gravity_community": 13.737413310344014, "gravity_education": 13.782208624014139, "gravity_essential_services": 24.686663108910686, "gravity_food_and_drink": 91.25486633095808, "gravity_healthcare": 22.937168382849656, "gravity_shelter": 0.66579219860758543, "avg_gravity": 27.844018659280692, "min_tt_community": 30.0, "min_tt_education": 31.0, "min_tt_essential_services": 26.0, "min_tt_food_and_drink": 7.0, "min_tt_healthcare": 31.0, "min_tt_shelter": 41.0, "avg_tt_community": 51.0, "avg_tt_education": 50.413043478260867, "avg_tt_essential_services": 51.789473684210527, "avg_tt_food_and_drink": 53.099112426035504, "avg_tt_healthcare": 51.101910828025481, "avg_tt_shelter": 47.25, "avg_tt_all": 50.775590069422066, "n_unreachable_categories": 0, "count_community": 93.0, "count_education": 92.0, "count_essential_services": 171.0, "count_food_and_drink": 676.0, "count_healthcare": 157.0, "count_shelter": 4.0, "gravity_community_per_100": 0.5021360744041794, "gravity_education_per_100": 0.50377345274097907, "gravity_essential_services_per_100": 0.90235794931734958, "gravity_food_and_drink_per_100": 3.3355886814005982, "gravity_healthcare_per_100": 0.83840963575284333, "gravity_shelter_per_100": 0.024336334171878294, "shannon": 1.2828156448243171, "kl_divergence": 0.011943512107753386, "jsd": 0.057827570242235261, "city_similarity": 0.94217242975776472 }, "geometry": { "type": "Polygon", "coordinates": [ [ [ -3.208994427525208, 55.889267622303464 ], [ -3.216988484500244, 55.889253794962407 ], [ -3.221007620958866, 55.893137322015512 ], [ -3.21703191126864, 55.897035065221729 ], [ -3.209036254440123, 55.897048896584529 ], [ -3.20501790741779, 55.893164980718744 ], [ -3.208994427525208, 55.889267622303464 ] ] ] } },
{ "type": "Feature", "properties": { "from_id": "96", "population": 49.43080951640632, "gravity_community": 40.728428905693207, "gravity_education": 42.873092339067789, "gravity_essential_services": 72.420970875640933, "gravity_food_and_drink": 335.82172110019832, "gravity_healthcare": 64.443296300670056, "gravity_shelter": 6.0282731800791503, "avg_gravity": 93.719297116891582, "min_tt_community": 11.0, "min_tt_education": 12.0, "min_tt_essential_services": 10.0, "min_tt_food_and_drink": 4.0, "min_tt_healthcare": 13.0, "min_tt_shelter": 27.0, "avg_tt_community": 46.791304347826085, "avg_tt_education": 45.656521739130433, "avg_tt_essential_services": 45.972010178117046, "avg_tt_food_and_drink": 47.264437689969604, "avg_tt_healthcare": 45.886039886039889, "avg_tt_shelter": 52.0, "avg_tt_all": 47.261718973513844, "n_unreachable_categories": 0, "count_community": 230.0, "count_education": 230.0, "count_essential_services": 394.0, "count_food_and_drink": 1974.0, "count_healthcare": 351.0, "count_shelter": 43.0, "gravity_community_per_100": 82.394824815028059, "gravity_education_per_100": 86.733542821786088, "gravity_essential_services_per_100": 146.50978121570935, "gravity_food_and_drink_per_100": 679.37734458655279, "gravity_healthcare_per_100": 130.37070792717046, "gravity_shelter_per_100": 12.195376201715527, "shannon": 1.2331214683494027, "kl_divergence": 0.00033553861494007133, "jsd": 0.0092307725971658549, "city_similarity": 0.99076922740283413 }, "geometry": { "type": "Polygon", "coordinates": [ [ [ -3.20501790741779, 55.893164980718744 ], [ -3.209036254440123, 55.897048896584529 ], [ -3.205058944502657, 55.900946251994725 ], [ -3.197062477249998, 55.900959306577583 ], [ -3.193044920451519, 55.897075001953525 ], [ -3.196472853597932, 55.893717049371567 ], [ -3.199133396148682, 55.894283294677741 ], [ -3.201284646987915, 55.894817352294929 ], [ -3.201545476913452, 55.894824981689453 ], [ -3.201830863952637, 55.894641876220703 ], [ -3.201906919479371, 55.894515991210938 ], [ -3.201911211013794, 55.89439392089843 ], [ -3.201496315561831, 55.893170793312734 ], [ -3.20501790741779, 55.893164980718744 ] ] ] } },
{ "type": "Feature", "properties": { "from_id": "97", "population": 56.257281238712899, "gravity_community": 43.283548990663718, "gravity_education": 46.203965739867101, "gravity_essential_services": 74.863303212880183, "gravity_food_and_drink": 362.48390383090839, "gravity_healthcare": 68.255388575669329, "gravity_shelter": 5.9839650265491438, "avg_gravity": 100.17901256275633, "min_tt_community": 16.0, "min_tt_education": 14.0, "min_tt_essential_services": 15.0, "min_tt_food_and_drink": 15.0, "min_tt_healthcare": 5.0, "min_tt_shelter": 25.0, "avg_tt_community": 45.858974358974358, "avg_tt_education": 44.75, "avg_tt_essential_services": 45.485, "avg_tt_food_and_drink": 46.36542239685658, "avg_tt_healthcare": 45.254901960784316, "avg_tt_shelter": 51.61904761904762, "avg_tt_all": 46.55555772261048, "n_unreachable_categories": 0, "count_community": 234.0, "count_education": 236.0, "count_essential_services": 400.0, "count_food_and_drink": 2037.0, "count_healthcare": 357.0, "count_shelter": 42.0, "gravity_community_per_100": 76.938572283650572, "gravity_education_per_100": 82.129752313861005, "gravity_essential_services_per_100": 133.07309127722962, "gravity_food_and_drink_per_100": 644.33242390936698, "gravity_healthcare_per_100": 121.32720791473308, "gravity_shelter_per_100": 10.636783176843847, "shannon": 1.2256033134874105, "kl_divergence": 0.00058887624820843417, "jsd": 0.01224917052523667, "city_similarity": 0.98775082947476334 }, "geometry": { "type": "Polygon", "coordinates": [ [ [ -3.185049243816565, 55.897087275957844 ], [ -3.193044920451519, 55.897075001953525 ], [ -3.197062477249998, 55.900959306577583 ], [ -3.19308356666449, 55.90485627390909 ], [ -3.185086289374987, 55.904868551483773 ], [ -3.181069523588199, 55.900983858156017 ], [ -3.185049243816565, 55.897087275957844 ] ] ] } },
{ "type": "Feature", "properties": { "from_id": "98", "population": 1757.7159446836633, "gravity_community": 45.010974711992183, "gravity_education": 45.79714223412455, "gravity_essential_services": 80.47114623594743, "gravity_food_and_drink": 347.38252811105747, "gravity_healthcare": 69.976266632084929, "gravity_shelter": 6.7482705246068901, "avg_gravity": 99.231054741635589, "min_tt_community": 16.0, "min_tt_education": 16.0, "min_tt_essential_services": 13.0, "min_tt_food_and_drink": 12.0, "min_tt_healthcare": 15.0, "min_tt_shelter": 22.0, "avg_tt_community": 45.729166666666664, "avg_tt_education": 44.95, "avg_tt_essential_services": 44.621951219512198, "avg_tt_food_and_drink": 46.669350780070459, "avg_tt_healthcare": 45.173913043478258, "avg_tt_shelter": 48.390243902439025, "avg_tt_all": 45.92243760202777, "n_unreachable_categories": 0, "count_community": 240.0, "count_education": 240.0, "count_essential_services": 411.0, "count_food_and_drink": 1987.0, "count_healthcare": 368.0, "count_shelter": 41.0, "gravity_community_per_100": 2.5607650000633533, "gravity_education_per_100": 2.605491653679382, "gravity_essential_services_per_100": 4.5781655721641554, "gravity_food_and_drink_per_100": 19.763291626371178, "gravity_healthcare_per_100": 3.9810907356068035, "gravity_shelter_per_100": 0.38392270065123513, "shannon": 1.2462505017032635, "kl_divergence": 0.00042064419603083172, "jsd": 0.010413665664939014, "city_similarity": 0.98958633433506094 }, "geometry": { "type": "Polygon", "coordinates": [ [ [ -3.209036254440123, 55.897048896584529 ], [ -3.21703191126864, 55.897035065221729 ], [ -3.221051858538214, 55.900918585246359 ], [ -3.21707535941887, 55.904816325560169 ], [ -3.209078101949176, 55.904830160946354 ], [ -3.205058944502657, 55.900946251994725 ], [ -3.209036254440123, 55.897048896584529 ] ] ] } },
{ "type": "Feature", "properties": { "from_id": "99", "population": 67.465595636401886, "gravity_community": 41.272882787822894, "gravity_education": 45.309026006375596, "gravity_essential_services": 72.089365201014076, "gravity_food_and_drink": 346.09561134215926, "gravity_healthcare": 65.375788683542552, "gravity_shelter": 6.080782122107852, "avg_gravity": 96.037242690503703, "min_tt_community": 11.0, "min_tt_education": 10.0, "min_tt_essential_services": 10.0, "min_tt_food_and_drink": 18.0, "min_tt_healthcare": 11.0, "min_tt_shelter": 25.0, "avg_tt_community": 46.78448275862069, "avg_tt_education": 45.754237288135592, "avg_tt_essential_services": 45.837150127226465, "avg_tt_food_and_drink": 46.776269482151832, "avg_tt_healthcare": 45.459770114942529, "avg_tt_shelter": 51.837209302325583, "avg_tt_all": 47.074853178900447, "n_unreachable_categories": 0, "count_community": 232.0, "count_education": 237.0, "count_essential_services": 393.0, "count_food_and_drink": 1989.0, "count_healthcare": 348.0, "count_shelter": 43.0, "gravity_community_per_100": 61.176192692729458, "gravity_education_per_100": 67.158713384172003, "gravity_essential_services_per_100": 106.85352218563587, "gravity_food_and_drink_per_100": 512.99571000217941, "gravity_healthcare_per_100": 96.902410876023225, "gravity_shelter_per_100": 9.0131600629149293, "shannon": 1.2323714074184451, "kl_divergence": 0.00044778521709022689, "jsd": 0.010652728079337741, "city_similarity": 0.9893472719206623 }, "geometry": { "type": "Polygon", "coordinates": [ [ [ -3.197062477249998, 55.900959306577583 ], [ -3.205058944502657, 55.900946251994725 ], [ -3.209078101949176, 55.904830160946354 ], [ -3.20510000179463, 55.908727513352787 ], [ -3.197101933499858, 55.908740571733276 ], [ -3.19308356666449, 55.90485627390909 ], [ -3.197062477249998, 55.900959306577583 ] ] ] } },
{ "type": "Feature", "properties": { "from_id": "100", "population": 126.23980760042518, "gravity_community": 12.574018158249558, "gravity_education": 13.629177035067269, "gravity_essential_services": 19.245373804138662, "gravity_food_and_drink": 96.87022946340781, "gravity_healthcare": 20.330631616972163, "gravity_shelter": 0.44931352641537609, "avg_gravity": 27.183123934041806, "min_tt_community": 34.0, "min_tt_education": 32.0, "min_tt_essential_services": 26.0, "min_tt_food_and_drink": 20.0, "min_tt_healthcare": 26.0, "min_tt_shelter": 40.0, "avg_tt_community": 52.109890109890109, "avg_tt_education": 51.835051546391753, "avg_tt_essential_services": 51.380597014925371, "avg_tt_food_and_drink": 53.281632653061223, "avg_tt_healthcare": 51.847222222222221, "avg_tt_shelter": 50.666666666666664, "avg_tt_all": 51.853510035526227, "n_unreachable_categories": 0, "count_community": 91.0, "count_education": 97.0, "count_essential_services": 134.0, "count_food_and_drink": 735.0, "count_healthcare": 144.0, "count_shelter": 3.0, "gravity_community_per_100": 9.9604224667775938, "gravity_education_per_100": 10.796259352839321, "gravity_essential_services_per_100": 15.245091203762135, "gravity_food_and_drink_per_100": 76.735089592358946, "gravity_healthcare_per_100": 16.104770756085728, "gravity_shelter_per_100": 0.35592063625250864, "shannon": 1.2126741599761943, "kl_divergence": 0.010732944375315495, "jsd": 0.056561933738744144, "city_similarity": 0.94343806626125581 }, "geometry": { "type": "Polygon", "coordinates": [ [ [ -3.185086289374987, 55.904868551483773 ], [ -3.19308356666449, 55.90485627390909 ], [ -3.197101933499858, 55.908740571733276 ], [ -3.193122231909038, 55.912637535949514 ], [ -3.185123353176746, 55.912649817096003 ], [ -3.181105777740898, 55.908765130453872 ], [ -3.185086289374987, 55.904868551483773 ] ] ] } },
{ "type": "Feature", "properties": { "from_id": "101", "population": 635.57402741706505, "gravity_community": 50.127359958176022, "gravity_education": 51.661972200472384, "gravity_essential_services": 85.770320980208822, "gravity_food_and_drink": 405.65303624414952, "gravity_healthcare": 78.421105764721432, "gravity_shelter": 6.9032597838505181, "avg_gravity": 113.08950915526314, "min_tt_community": 9.0, "min_tt_education": 4.0, "min_tt_essential_services": 5.0, "min_tt_food_and_drink": 7.0, "min_tt_healthcare": 7.0, "min_tt_shelter": 16.0, "avg_tt_community": 44.921568627450981, "avg_tt_education": 44.129411764705885, "avg_tt_essential_services": 43.932084309133486, "avg_tt_food_and_drink": 44.54343720491029, "avg_tt_healthcare": 43.916010498687662, "avg_tt_shelter": 49.886363636363633, "avg_tt_all": 45.221479340208653, "n_unreachable_categories": 0, "count_community": 255.0, "count_education": 255.0, "count_essential_services": 427.0, "count_food_and_drink": 2118.0, "count_healthcare": 382.0, "count_shelter": 44.0, "gravity_community_per_100": 7.8869427943571937, "gravity_education_per_100": 8.1283957449336874, "gravity_essential_services_per_100": 13.494938005691374, "gravity_food_and_drink_per_100": 63.824671673998267, "gravity_healthcare_per_100": 12.338626561475479, "gravity_shelter_per_100": 1.0861456708520572, "shannon": 1.2403744869082245, "kl_divergence": 0.00043102242121300727, "jsd": 0.010517110766185989, "city_similarity": 0.989482889233814 }, "geometry": { "type": "Polygon", "coordinates": [ [ [ -3.209078101949176, 55.904830160946354 ], [ -3.21707535941887, 55.904816325560169 ], [ -3.22109611790059, 55.908699838556061 ], [ -3.217118828965369, 55.912597575978836 ], [ -3.209119970066272, 55.912611415390025 ], [ -3.20510000179463, 55.908727513352787 ], [ -3.209078101949176, 55.904830160946354 ] ] ] } },
{ "type": "Feature", "properties": { "from_id": "102", "population": 1044.8895099010851, "gravity_community": 22.802220307841061, "gravity_education": 24.759003624146573, "gravity_essential_services": 46.588065614316299, "gravity_food_and_drink": 232.55945620511986, "gravity_healthcare": 39.138270883576254, "gravity_shelter": 2.3201608707683024, "avg_gravity": 61.361196250961392, "min_tt_community": 17.0, "min_tt_education": 19.0, "min_tt_essential_services": 17.0, "min_tt_food_and_drink": 19.0, "min_tt_healthcare": 21.0, "min_tt_shelter": 23.0, "avg_tt_community": 49.405594405594407, "avg_tt_education": 47.554794520547944, "avg_tt_essential_services": 49.547945205479451, "avg_tt_food_and_drink": 50.796815286624202, "avg_tt_healthcare": 48.443037974683541, "avg_tt_shelter": 50.4, "avg_tt_all": 49.358031232154921, "n_unreachable_categories": 0, "count_community": 143.0, "count_education": 146.0, "count_essential_services": 293.0, "count_food_and_drink": 1570.0, "count_healthcare": 237.0, "count_shelter": 15.0, "gravity_community_per_100": 2.1822613866608389, "gravity_education_per_100": 2.3695331793014551, "gravity_essential_services_per_100": 4.4586595207302429, "gravity_food_and_drink_per_100": 22.256846681055798, "gravity_healthcare_per_100": 3.7456851191166893, "gravity_shelter_per_100": 0.22204844136945551, "shannon": 1.1328512599203415, "kl_divergence": 0.0083656824071720124, "jsd": 0.04724229270127564, "city_similarity": 0.95275770729872433 }, "geometry": { "type": "Polygon", "coordinates": [ [ [ -3.197101933499858, 55.908740571733276 ], [ -3.20510000179463, 55.908727513352787 ], [ -3.209119970066272, 55.912611415390025 ], [ -3.205141079307356, 55.916508764793981 ], [ -3.197141409181972, 55.916521826973607 ], [ -3.193122231909038, 55.912637535949514 ], [ -3.197101933499858, 55.908740571733276 ] ] ] } },
{ "type": "Feature", "properties": { "from_id": "103", "population": 546.29259446561002, "gravity_community": 25.530463244285446, "gravity_education": 25.507949037166572, "gravity_essential_services": 38.08759174813931, "gravity_food_and_drink": 171.09532163553271, "gravity_healthcare": 35.730263177430345, "gravity_shelter": 2.2932858432449104, "avg_gravity": 49.707479114299879, "min_tt_community": 31.0, "min_tt_education": 21.0, "min_tt_essential_services": 23.0, "min_tt_food_and_drink": 23.0, "min_tt_healthcare": 27.0, "min_tt_shelter": 44.0, "avg_tt_community": 49.062111801242239, "avg_tt_education": 48.783439490445858, "avg_tt_essential_services": 49.68312757201646, "avg_tt_food_and_drink": 51.637873754152821, "avg_tt_healthcare": 49.478070175438596, "avg_tt_shelter": 54.055555555555557, "avg_tt_all": 50.450029724808587, "n_unreachable_categories": 0, "count_community": 161.0, "count_education": 157.0, "count_essential_services": 243.0, "count_food_and_drink": 1204.0, "count_healthcare": 228.0, "count_shelter": 18.0, "gravity_community_per_100": 4.6734046009281256, "gravity_education_per_100": 4.6692833283084783, "gravity_essential_services_per_100": 6.972013191099002, "gravity_food_and_drink_per_100": 31.319355848654734, "gravity_healthcare_per_100": 6.5404992744560477, "gravity_shelter_per_100": 0.41979076166833823, "shannon": 1.252768648949518, "kl_divergence": 0.0026288281901767118, "jsd": 0.026317798758473898, "city_similarity": 0.97368220124152605 }, "geometry": { "type": "Polygon", "coordinates": [ [ [ -3.181033287278693, 55.893202575944592 ], [ -3.173038401661584, 55.893214069595267 ], [ -3.170178583175181, 55.890446430029414 ], [ -3.170945167541504, 55.890544891357415 ], [ -3.171486139297485, 55.890605926513658 ], [ -3.174057483673096, 55.890892028808601 ], [ -3.17790699005127, 55.89128112792968 ], [ -3.182519332527201, 55.891747390908108 ], [ -3.181033287278693, 55.893202575944592 ] ] ] } },
{ "type": "Feature", "properties": { "from_id": "104", "population": 3145.3373164344557, "gravity_community": 22.100257765329271, "gravity_education": 23.014023999057908, "gravity_essential_services": 36.743311817237277, "gravity_food_and_drink": 187.12685080778493, "gravity_healthcare": 29.396580182397816, "gravity_shelter": 1.3593757764306245, "avg_gravity": 49.956733391372978, "min_tt_community": 25.0, "min_tt_education": 23.0, "min_tt_essential_services": 26.0, "min_tt_food_and_drink": 18.0, "min_tt_healthcare": 25.0, "min_tt_shelter": 46.0, "avg_tt_community": 47.561538461538461, "avg_tt_education": 47.314960629921259, "avg_tt_essential_services": 49.876595744680849, "avg_tt_food_and_drink": 51.151681000781863, "avg_tt_healthcare": 48.85164835164835, "avg_tt_shelter": 54.727272727272727, "avg_tt_all": 49.913949485973923, "n_unreachable_categories": 0, "count_community": 130.0, "count_education": 128.0, "count_essential_services": 235.0, "count_food_and_drink": 1279.0, "count_healthcare": 182.0, "count_shelter": 11.0, "gravity_community_per_100": 0.70263553768478015, "gravity_education_per_100": 0.73168699200588549, "gravity_essential_services_per_100": 1.1681835084985219, "gravity_food_and_drink_per_100": 5.9493412623836273, "gravity_healthcare_per_100": 0.93460819063189338, "gravity_shelter_per_100": 0.043218759696387936, "shannon": 1.1404478074822579, "kl_divergence": 0.0082177492054686784, "jsd": 0.047180271492634485, "city_similarity": 0.95281972850736552 }, "geometry": { "type": "Polygon", "coordinates": [ [ [ -3.157048613646142, 55.893235499754752 ], [ -3.149053711772777, 55.893245436262063 ], [ -3.145761959521374, 55.890057203280143 ], [ -3.147754430770874, 55.889804840087891 ], [ -3.148332357406616, 55.889747619628899 ], [ -3.149061918258667, 55.889785766601562 ], [ -3.15120530128479, 55.889713287353509 ], [ -3.15519118309021, 55.889648437500007 ], [ -3.160877339264198, 55.889489037983033 ], [ -3.157048613646142, 55.893235499754752 ] ] ] } },
{ "type": "Feature", "properties": { "from_id": "105", "population": 3586.3814071027823, "gravity_community": 43.646311039820233, "gravity_education": 43.71287060112995, "gravity_essential_services": 71.104335159342355, "gravity_food_and_drink": 338.77845479391505, "gravity_healthcare": 60.836139498621058, "gravity_shelter": 4.962419314175766, "avg_gravity": 93.840088401167407, "min_tt_community": 17.0, "min_tt_education": 14.0, "min_tt_essential_services": 15.0, "min_tt_food_and_drink": 15.0, "min_tt_healthcare": 17.0, "min_tt_shelter": 38.0, "avg_tt_community": 45.278260869565216, "avg_tt_education": 45.568965517241381, "avg_tt_essential_services": 45.890625, "avg_tt_food_and_drink": 47.331480545730166, "avg_tt_healthcare": 46.377643504531719, "avg_tt_shelter": 51.457142857142856, "avg_tt_all": 46.984019715701891, "n_unreachable_categories": 0, "count_community": 230.0, "count_education": 232.0, "count_essential_services": 384.0, "count_food_and_drink": 1979.0, "count_healthcare": 332.0, "count_shelter": 35.0, "gravity_community_per_100": 1.2170013750734729, "gravity_education_per_100": 1.218857272529831, "gravity_essential_services_per_100": 1.9826205606163674, "gravity_food_and_drink_per_100": 9.4462472430558755, "gravity_healthcare_per_100": 1.6963098062614275, "gravity_shelter_per_100": 0.13836842072479402, "shannon": 1.2161201747665462, "kl_divergence": 0.001322511483926531, "jsd": 0.018508071380213403, "city_similarity": 0.98149192861978662 }, "geometry": { "type": "Polygon", "coordinates": [ [ [ -3.173038401661584, 55.893214069595267 ], [ -3.169057872578202, 55.897110266601821 ], [ -3.161062178499934, 55.897120983239873 ], [ -3.157048613646142, 55.893235499754752 ], [ -3.160877339264198, 55.889489037983033 ], [ -3.161722183227539, 55.889465332031257 ], [ -3.161953449249268, 55.889434814453125 ], [ -3.162170886993408, 55.889339447021484 ], [ -3.162172223728559, 55.889338188927368 ], [ -3.162715754025237, 55.889337471900646 ], [ -3.162713289260864, 55.889350891113281 ], [ -3.162797927856445, 55.889453887939446 ], [ -3.162921667098999, 55.889530181884766 ], [ -3.163100481033325, 55.889579772949212 ], [ -3.165659427642822, 55.889865875244148 ], [ -3.170178583175181, 55.890446430029414 ], [ -3.173038401661584, 55.893214069595267 ] ] ] } },
{ "type": "Feature", "properties": { "from_id": "106", "population": 324.75523409626288, "gravity_community": 25.26664920855249, "gravity_education": 25.743949937641148, "gravity_essential_services": 37.818162360700079, "gravity_food_and_drink": 167.21606116744988, "gravity_healthcare": 36.659994375398824, "gravity_shelter": 2.6780057063340901, "avg_gravity": 49.230470459346087, "min_tt_community": 30.0, "min_tt_education": 20.0, "min_tt_essential_services": 26.0, "min_tt_food_and_drink": 21.0, "min_tt_healthcare": 23.0, "min_tt_shelter": 42.0, "avg_tt_community": 49.285714285714285, "avg_tt_education": 49.204968944099377, "avg_tt_essential_services": 49.92622950819672, "avg_tt_food_and_drink": 52.302248126561196, "avg_tt_healthcare": 49.356223175965667, "avg_tt_shelter": 52.8, "avg_tt_all": 50.479230673422876, "n_unreachable_categories": 0, "count_community": 161.0, "count_education": 161.0, "count_essential_services": 244.0, "count_food_and_drink": 1202.0, "count_healthcare": 233.0, "count_shelter": 20.0, "gravity_community_per_100": 7.7802130822818487, "gravity_education_per_100": 7.9271855338319845, "gravity_essential_services_per_100": 11.645127896380615, "gravity_food_and_drink_per_100": 51.489874099422281, "gravity_healthcare_per_100": 11.288499930545289, "gravity_shelter_per_100": 0.82462280054900805, "shannon": 1.262113735077498, "kl_divergence": 0.002413247703304003, "jsd": 0.024948063262013126, "city_similarity": 0.97505193673798685 }, "geometry": { "type": "Polygon", "coordinates": [ [ [ -3.173038401661584, 55.893214069595267 ], [ -3.181033287278693, 55.893202575944592 ], [ -3.185049243816565, 55.897087275957844 ], [ -3.181069523588199, 55.900983858156017 ], [ -3.173073037704374, 55.900995355149867 ], [ -3.169057872578202, 55.897110266601821 ], [ -3.173038401661584, 55.893214069595267 ] ] ] } },
{ "type": "Feature", "properties": { "from_id": "107", "population": 3718.9842969377314, "gravity_community": 40.52356378928927, "gravity_education": 40.377529932546466, "gravity_essential_services": 65.970438651662036, "gravity_food_and_drink": 310.29033754811866, "gravity_healthcare": 55.82646519211611, "gravity_shelter": 4.6641532970938275, "avg_gravity": 86.275414735137716, "min_tt_community": 5.0, "min_tt_education": 2.0, "min_tt_essential_services": 6.0, "min_tt_food_and_drink": 6.0, "min_tt_healthcare": 7.0, "min_tt_shelter": 40.0, "avg_tt_community": 46.327272727272728, "avg_tt_education": 46.018604651162789, "avg_tt_essential_services": 47.421750663129977, "avg_tt_food_and_drink": 48.631937172774869, "avg_tt_healthcare": 47.139240506329116, "avg_tt_shelter": 51.424242424242422, "avg_tt_all": 47.827174690818651, "n_unreachable_categories": 0, "count_community": 220.0, "count_education": 215.0, "count_essential_services": 377.0, "count_food_and_drink": 1911.0, "count_healthcare": 316.0, "count_shelter": 33.0, "gravity_community_per_100": 1.0896406264112755, "gravity_education_per_100": 1.0857139129572002, "gravity_essential_services_per_100": 1.7738832268257521, "gravity_food_and_drink_per_100": 8.3434161796170123, "gravity_healthcare_per_100": 1.5011212937383058, "gravity_shelter_per_100": 0.12541470801407692, "shannon": 1.2103328398038555, "kl_divergence": 0.0014223881148908322, "jsd": 0.019217127876513296, "city_similarity": 0.98078287212348669 }, "geometry": { "type": "Polygon", "coordinates": [ [ [ -3.149053711772777, 55.893245436262063 ], [ -3.157048613646142, 55.893235499754752 ], [ -3.161062178499934, 55.897120983239873 ], [ -3.157080049144171, 55.901016791542816 ], [ -3.149083546993116, 55.901026730940401 ], [ -3.145070774738087, 55.897140859144294 ], [ -3.149053711772777, 55.893245436262063 ] ] ] } },
{ "type": "Feature", "properties": { "from_id": "108", "population": 785.68751426258837, "gravity_community": 56.8624122040857, "gravity_education": 57.392960610194066, "gravity_essential_services": 93.184519717767643, "gravity_food_and_drink": 431.51911888250947, "gravity_healthcare": 79.886410881405794, "gravity_shelter": 6.5020836048504211, "avg_gravity": 120.89125098346886, "min_tt_community": 10.0, "min_tt_education": 5.0, "min_tt_essential_services": 3.0, "min_tt_food_and_drink": 4.0, "min_tt_healthcare": 10.0, "min_tt_shelter": 27.0, "avg_tt_community": 43.333333333333336, "avg_tt_education": 42.520912547528518, "avg_tt_essential_services": 43.197278911564624, "avg_tt_food_and_drink": 43.609902822767239, "avg_tt_healthcare": 43.558139534883722, "avg_tt_shelter": 50.162790697674417, "avg_tt_all": 44.397059641291975, "n_unreachable_categories": 0, "count_community": 270.0, "count_education": 263.0, "count_essential_services": 442.0, "count_food_and_drink": 2161.0, "count_healthcare": 387.0, "count_shelter": 43.0, "gravity_community_per_100": 7.23728087463045, "gravity_education_per_100": 7.304807518044953, "gravity_essential_services_per_100": 11.860252075562958, "gravity_food_and_drink_per_100": 54.922486491021083, "gravity_healthcare_per_100": 10.167707826741228, "gravity_shelter_per_100": 0.82756611080335041, "shannon": 1.2442826302070265, "kl_divergence": 0.00060008496640658656, "jsd": 0.012441381132940365, "city_similarity": 0.98755861886705965 }, "geometry": { "type": "Polygon", "coordinates": [ [ [ -3.161062178499934, 55.897120983239873 ], [ -3.169057872578202, 55.897110266601821 ], [ -3.173073037704374, 55.900995355149867 ], [ -3.169091716815391, 55.904891548815485 ], [ -3.161094422070795, 55.904902268570879 ], [ -3.157080049144171, 55.901016791542816 ], [ -3.161062178499934, 55.897120983239873 ] ] ] } },
{ "type": "Feature", "properties": { "from_id": "109", "population": 15.310832570851186, "gravity_community": 58.333377373184952, "gravity_education": 58.378109180510734, "gravity_essential_services": 91.915161667336477, "gravity_food_and_drink": 437.9677578020993, "gravity_healthcare": 83.784309630337319, "gravity_shelter": 8.6973842431697008, "avg_gravity": 123.17934998277309, "min_tt_community": 4.0, "min_tt_education": 4.0, "min_tt_essential_services": 9.0, "min_tt_food_and_drink": 9.0, "min_tt_healthcare": 9.0, "min_tt_shelter": 32.0, "avg_tt_community": 44.531034482758621, "avg_tt_education": 43.354014598540147, "avg_tt_essential_services": 44.34924078091106, "avg_tt_food_and_drink": 44.148479427549198, "avg_tt_healthcare": 44.866822429906541, "avg_tt_shelter": 48.188679245283019, "avg_tt_all": 44.906378494158098, "n_unreachable_categories": 0, "count_community": 290.0, "count_education": 274.0, "count_essential_services": 461.0, "count_food_and_drink": 2237.0, "count_healthcare": 428.0, "count_shelter": 53.0, "gravity_community_per_100": 380.99415628278916, "gravity_education_per_100": 381.28631418549486, "gravity_essential_services_per_100": 600.32765195489674, "gravity_food_and_drink_per_100": 2860.5090923396533, "gravity_healthcare_per_100": 547.22242727574576, "gravity_shelter_per_100": 56.805429769559424, "shannon": 1.2633823970455202, "kl_divergence": 0.00044635068944632369, "jsd": 0.010553685192883617, "city_similarity": 0.98944631480711642 }, "geometry": { "type": "Polygon", "coordinates": [ [ [ -3.149083546993116, 55.901026730940401 ], [ -3.157080049144171, 55.901016791542816 ], [ -3.161094422070795, 55.904902268570879 ], [ -3.157111500121449, 55.908798073421153 ], [ -3.149113396904714, 55.908808015710157 ], [ -3.145099816965756, 55.904922150257001 ], [ -3.149083546993116, 55.901026730940401 ] ] ] } },
{ "type": "Feature", "properties": { "from_id": "110", "population": 261.32737959909281, "gravity_community": 29.795014417635056, "gravity_education": 28.818425624204163, "gravity_essential_services": 52.684950488450312, "gravity_food_and_drink": 288.49589590219557, "gravity_healthcare": 44.626110705066239, "gravity_shelter": 3.5390815556733917, "avg_gravity": 74.659913115537464, "min_tt_community": 21.0, "min_tt_education": 15.0, "min_tt_essential_services": 16.0, "min_tt_food_and_drink": 17.0, "min_tt_healthcare": 20.0, "min_tt_shelter": 39.0, "avg_tt_community": 47.182352941176468, "avg_tt_education": 46.65, "avg_tt_essential_services": 47.737864077669904, "avg_tt_food_and_drink": 48.889505830094393, "avg_tt_healthcare": 49.274368231046928, "avg_tt_shelter": 51.28, "avg_tt_all": 48.502348513331278, "n_unreachable_categories": 0, "count_community": 170.0, "count_education": 160.0, "count_essential_services": 309.0, "count_food_and_drink": 1802.0, "count_healthcare": 277.0, "count_shelter": 25.0, "gravity_community_per_100": 11.401413224800303, "gravity_education_per_100": 11.027710019675338, "gravity_essential_services_per_100": 20.160516884711917, "gravity_food_and_drink_per_100": 110.39635278354012, "gravity_healthcare_per_100": 17.076706915872339, "gravity_shelter_per_100": 1.3542712444072116, "shannon": 1.1344493300976524, "kl_divergence": 0.0070680151085370123, "jsd": 0.042597524739578813, "city_similarity": 0.95740247526042122 }, "geometry": { "type": "Polygon", "coordinates": [ [ [ -3.173073037704374, 55.900995355149867 ], [ -3.181069523588199, 55.900983858156017 ], [ -3.185086289374987, 55.904868551483773 ], [ -3.181105777740898, 55.908765130453872 ], [ -3.173107690802379, 55.908776630792254 ], [ -3.169091716815391, 55.904891548815485 ], [ -3.173073037704374, 55.900995355149867 ] ] ] } },
{ "type": "Feature", "properties": { "from_id": "111", "population": 903.79713618608901, "gravity_community": 67.454855001147124, "gravity_education": 66.586409609954373, "gravity_essential_services": 108.42786670046701, "gravity_food_and_drink": 515.31992642477201, "gravity_healthcare": 94.815913688589688, "gravity_shelter": 9.7939135636469548, "avg_gravity": 143.7331474980962, "min_tt_community": 14.0, "min_tt_education": 5.0, "min_tt_essential_services": 9.0, "min_tt_food_and_drink": 13.0, "min_tt_healthcare": 4.0, "min_tt_shelter": 25.0, "avg_tt_community": 43.111455108359131, "avg_tt_education": 42.847133757961785, "avg_tt_essential_services": 42.451292246520872, "avg_tt_food_and_drink": 41.325316455696203, "avg_tt_healthcare": 43.140043763676147, "avg_tt_shelter": 48.5, "avg_tt_all": 43.562540222035693, "n_unreachable_categories": 0, "count_community": 323.0, "count_education": 314.0, "count_essential_services": 504.0, "count_food_and_drink": 2370.0, "count_healthcare": 457.0, "count_shelter": 60.0, "gravity_community_per_100": 7.4634951030933987, "gravity_education_per_100": 7.367406572114259, "gravity_essential_services_per_100": 11.996925234574105, "gravity_food_and_drink_per_100": 57.017211694137217, "gravity_healthcare_per_100": 10.490840244161538, "gravity_shelter_per_100": 1.0836406945231147, "shannon": 1.2829667329613732, "kl_divergence": 0.00099574839139954241, "jsd": 0.015697257472320602, "city_similarity": 0.98430274252767935 }, "geometry": { "type": "Polygon", "coordinates": [ [ [ -3.161094422070795, 55.904902268570879 ], [ -3.169091716815391, 55.904891548815485 ], [ -3.173107690802379, 55.908776630792254 ], [ -3.169125577719429, 55.912672821118107 ], [ -3.161126681520256, 55.912683543992095 ], [ -3.157111500121449, 55.908798073421153 ], [ -3.161094422070795, 55.904902268570879 ] ] ] } },
{ "type": "Feature", "properties": { "from_id": "112", "population": 201.78116940455004, "gravity_community": 29.111326449602522, "gravity_education": 28.025994600266351, "gravity_essential_services": 51.2454661978459, "gravity_food_and_drink": 279.79947639749355, "gravity_healthcare": 42.698731048409606, "gravity_shelter": 3.2913911592010541, "avg_gravity": 72.36206430880317, "min_tt_community": 20.0, "min_tt_education": 17.0, "min_tt_essential_services": 18.0, "min_tt_food_and_drink": 1.0, "min_tt_healthcare": 8.0, "min_tt_shelter": 39.0, "avg_tt_community": 48.201149425287355, "avg_tt_education": 47.378881987577643, "avg_tt_essential_services": 48.464516129032255, "avg_tt_food_and_drink": 49.211418880723571, "avg_tt_healthcare": 49.152671755725194, "avg_tt_shelter": 52.25, "avg_tt_all": 49.10977302972433, "n_unreachable_categories": 0, "count_community": 174.0, "count_education": 161.0, "count_essential_services": 310.0, "count_food_and_drink": 1770.0, "count_healthcare": 262.0, "count_shelter": 24.0, "gravity_community_per_100": 14.427176993526771, "gravity_education_per_100": 13.889301307436263, "gravity_essential_services_per_100": 25.396555262847208, "gravity_food_and_drink_per_100": 138.66481060803301, "gravity_healthcare_per_100": 21.160909699558307, "gravity_shelter_per_100": 1.6311686412135717, "shannon": 1.1384527600396703, "kl_divergence": 0.0066479515504359174, "jsd": 0.041348847059616035, "city_similarity": 0.95865115294038394 }, "geometry": { "type": "Polygon", "coordinates": [ [ [ -3.173107690802379, 55.908776630792254 ], [ -3.181105777740898, 55.908765130453872 ], [ -3.185123353176746, 55.912649817096003 ], [ -3.18114204974884, 55.91654639283923 ], [ -3.173142360967117, 55.916557896523479 ], [ -3.169125577719429, 55.912672821118107 ], [ -3.173107690802379, 55.908776630792254 ] ] ] } },
{ "type": "Feature", "properties": { "from_id": "113", "population": 1859.4121475177167, "gravity_community": 9.2238853963375664, "gravity_education": 7.6445059708005285, "gravity_essential_services": 12.099439049105975, "gravity_food_and_drink": 38.573679775160656, "gravity_healthcare": 12.755139090270347, "gravity_shelter": 2.6237733974328248, "avg_gravity": 13.820070446517983, "min_tt_community": 32.0, "min_tt_education": 37.0, "min_tt_essential_services": 29.0, "min_tt_food_and_drink": 23.0, "min_tt_healthcare": 28.0, "min_tt_shelter": 22.0, "avg_tt_community": 51.723076923076924, "avg_tt_education": 52.145454545454548, "avg_tt_essential_services": 52.03448275862069, "avg_tt_food_and_drink": 53.609589041095887, "avg_tt_healthcare": 51.696629213483149, "avg_tt_shelter": 50.588235294117645, "avg_tt_all": 51.966244629308136, "n_unreachable_categories": 0, "count_community": 65.0, "count_education": 55.0, "count_essential_services": 87.0, "count_food_and_drink": 292.0, "count_healthcare": 89.0, "count_shelter": 17.0, "gravity_community_per_100": 0.49606459808554521, "gravity_education_per_100": 0.41112488057076602, "gravity_essential_services_per_100": 0.65071313346309578, "gravity_food_and_drink_per_100": 2.0745093994710024, "gravity_healthcare_per_100": 0.68597696897367477, "gravity_shelter_per_100": 0.14110768292739817, "shannon": 1.4704551065252141, "kl_divergence": 0.033770562817357873, "jsd": 0.090766336071782444, "city_similarity": 0.90923366392821758 }, "geometry": { "type": "Polygon", "coordinates": [ [ [ -3.101104440441243, 55.901075464099534 ], [ -3.098100538845691, 55.904008146682969 ], [ -3.09800148010254, 55.903964996337884 ], [ -3.095237016677857, 55.901561737060547 ], [ -3.09519100189209, 55.901580810546882 ], [ -3.094699144363403, 55.901264190673821 ], [ -3.093710899353028, 55.900760650634759 ], [ -3.09248161315918, 55.900260925292969 ], [ -3.092155694961548, 55.90021896362304 ], [ -3.092671632766724, 55.899803161621087 ], [ -3.09294605255127, 55.899837493896477 ], [ -3.09318733215332, 55.899829864501953 ], [ -3.095335483551025, 55.89949798583983 ], [ -3.097271919250489, 55.899311065673828 ], [ -3.09920390203509, 55.899232201070824 ], [ -3.101104440441243, 55.901075464099534 ] ] ] } },
{ "type": "Feature", "properties": { "from_id": "114", "population": 2726.182539662113, "gravity_community": 53.395861946839482, "gravity_education": 53.669058829160647, "gravity_essential_services": 83.954430096739486, "gravity_food_and_drink": 382.21531409163748, "gravity_healthcare": 71.980214924669497, "gravity_shelter": 6.2235799615732068, "avg_gravity": 108.57307664176999, "min_tt_community": 10.0, "min_tt_education": 7.0, "min_tt_essential_services": 3.0, "min_tt_food_and_drink": 2.0, "min_tt_healthcare": 1.0, "min_tt_shelter": 36.0, "avg_tt_community": 44.813432835820898, "avg_tt_education": 44.652985074626862, "avg_tt_essential_services": 45.224770642201833, "avg_tt_food_and_drink": 46.676388888888887, "avg_tt_healthcare": 45.753968253968253, "avg_tt_shelter": 48.512820512820511, "avg_tt_all": 45.939061034721199, "n_unreachable_categories": 0, "count_community": 268.0, "count_education": 268.0, "count_essential_services": 436.0, "count_food_and_drink": 2160.0, "count_healthcare": 378.0, "count_shelter": 39.0, "gravity_community_per_100": 1.9586312057246702, "gravity_education_per_100": 1.9686524305820134, "gravity_essential_services_per_100": 3.0795601129169037, "gravity_food_and_drink_per_100": 14.020165874109436, "gravity_healthcare_per_100": 2.6403299807499621, "gravity_shelter_per_100": 0.22828918720697866, "shannon": 1.238079899267577, "kl_divergence": 0.0010874959037866921, "jsd": 0.016819312489339482, "city_similarity": 0.98318068751066057 }, "geometry": { "type": "Polygon", "coordinates": [ [ [ -3.137102507130817, 55.904931312186307 ], [ -3.145099816965756, 55.904922150257001 ], [ -3.149113396904714, 55.908808015710157 ], [ -3.145128873495516, 55.912703431462212 ], [ -3.137129962195807, 55.912712596056927 ], [ -3.133117176032907, 55.908826342233752 ], [ -3.137102507130817, 55.904931312186307 ] ] ] } },
{ "type": "Feature", "properties": { "from_id": "115", "population": 4012.0760996858339, "gravity_community": 28.623424309881575, "gravity_education": 28.786258388711449, "gravity_essential_services": 46.286944163646467, "gravity_food_and_drink": 216.84436041632449, "gravity_healthcare": 42.26087055374613, "gravity_shelter": 7.0423245030932105, "avg_gravity": 61.640697055900553, "min_tt_community": 17.0, "min_tt_education": 23.0, "min_tt_essential_services": 15.0, "min_tt_food_and_drink": 13.0, "min_tt_healthcare": 15.0, "min_tt_shelter": 20.0, "avg_tt_community": 45.961783439490446, "avg_tt_education": 48.156069364161851, "avg_tt_essential_services": 49.100346020761243, "avg_tt_food_and_drink": 50.255094869992973, "avg_tt_healthcare": 46.60944206008584, "avg_tt_shelter": 46.641025641025642, "avg_tt_all": 47.787293565919668, "n_unreachable_categories": 0, "count_community": 157.0, "count_education": 173.0, "count_essential_services": 289.0, "count_food_and_drink": 1424.0, "count_healthcare": 233.0, "count_shelter": 39.0, "gravity_community_per_100": 0.71343173954559169, "gravity_education_per_100": 0.71749033850493416, "gravity_essential_services_per_100": 1.1536905834680198, "gravity_food_and_drink_per_100": 5.4047918092407201, "gravity_healthcare_per_100": 1.0533416990035502, "gravity_shelter_per_100": 0.1755281886015238, "shannon": 1.2348959630237255, "kl_divergence": 0.00078616249358217228, "jsd": 0.014069563952664333, "city_similarity": 0.98593043604733566 }, "geometry": { "type": "Polygon", "coordinates": [ [ [ -3.109122812571986, 55.908849936873736 ], [ -3.113110551649354, 55.904955682311638 ], [ -3.121107874209862, 55.904948078214218 ], [ -3.125119058903518, 55.908834726467063 ], [ -3.121132126336365, 55.912729366962438 ], [ -3.114084044056232, 55.91273609630376 ], [ -3.112727403640747, 55.912105560302741 ], [ -3.111946220817923, 55.911586596435384 ], [ -3.111707304021889, 55.911355037807475 ], [ -3.111752033233643, 55.911338806152344 ], [ -3.111564285600883, 55.91121642252542 ], [ -3.109122812571986, 55.908849936873736 ] ] ] } },
{ "type": "Feature", "properties": { "from_id": "116", "population": 1198.3235510745035, "gravity_community": 47.645750502758034, "gravity_education": 46.842152382190505, "gravity_essential_services": 71.650849212387413, "gravity_food_and_drink": 335.66046176180151, "gravity_healthcare": 67.795840094676805, "gravity_shelter": 10.230032240761549, "avg_gravity": 96.637514365762641, "min_tt_community": 6.0, "min_tt_education": 7.0, "min_tt_essential_services": 8.0, "min_tt_food_and_drink": 11.0, "min_tt_healthcare": 13.0, "min_tt_shelter": 21.0, "avg_tt_community": 44.321888412017167, "avg_tt_education": 44.633620689655174, "avg_tt_essential_services": 46.178756476683937, "avg_tt_food_and_drink": 48.327389796929175, "avg_tt_healthcare": 45.097058823529409, "avg_tt_shelter": 41.2, "avg_tt_all": 44.959785699802474, "n_unreachable_categories": 0, "count_community": 233.0, "count_education": 232.0, "count_essential_services": 386.0, "count_food_and_drink": 2020.0, "count_healthcare": 340.0, "count_shelter": 45.0, "gravity_community_per_100": 3.9760338900153811, "gravity_education_per_100": 3.9089736941403217, "gravity_essential_services_per_100": 5.9792573673562615, "gravity_food_and_drink_per_100": 28.010837428741521, "gravity_healthcare_per_100": 5.6575571792681663, "gravity_shelter_per_100": 0.8536953339178357, "shannon": 1.2210089622570355, "kl_divergence": 0.00072378884486006315, "jsd": 0.013501432361045014, "city_similarity": 0.98649856763895494 }, "geometry": { "type": "Polygon", "coordinates": [ [ [ -3.125119058903518, 55.908834726467063 ], [ -3.133117176032907, 55.908826342233752 ], [ -3.137129962195807, 55.912712596056927 ], [ -3.133143836927534, 55.916607622427868 ], [ -3.125144117934548, 55.916616009100458 ], [ -3.121132126336365, 55.912729366962438 ], [ -3.125119058903518, 55.908834726467063 ] ] ] } },
{ "type": "Feature", "properties": { "from_id": "117", "population": 3346.2769213245388, "gravity_community": 36.882197411024272, "gravity_education": 39.30979876608167, "gravity_essential_services": 59.332577395632022, "gravity_food_and_drink": 252.25340937206002, "gravity_healthcare": 53.136655183804173, "gravity_shelter": 10.474649388662618, "avg_gravity": 75.231547919544127, "min_tt_community": 10.0, "min_tt_education": 15.0, "min_tt_essential_services": 7.0, "min_tt_food_and_drink": 1.0, "min_tt_healthcare": 8.0, "min_tt_shelter": 12.0, "avg_tt_community": 42.417647058823526, "avg_tt_education": 44.311557788944725, "avg_tt_essential_services": 46.300319488817891, "avg_tt_food_and_drink": 48.332452081956376, "avg_tt_healthcare": 43.988235294117644, "avg_tt_shelter": 38.439024390243901, "avg_tt_all": 43.96487268381734, "n_unreachable_categories": 0, "count_community": 170.0, "count_education": 199.0, "count_essential_services": 314.0, "count_food_and_drink": 1513.0, "count_healthcare": 255.0, "count_shelter": 41.0, "gravity_community_per_100": 1.1021860496956537, "gravity_education_per_100": 1.1747323873758149, "gravity_essential_services_per_100": 1.7730922691283637, "gravity_food_and_drink_per_100": 7.5383303684326259, "gravity_healthcare_per_100": 1.587933588077683, "gravity_shelter_per_100": 0.31302398560955003, "shannon": 1.2498135662355792, "kl_divergence": 0.00093667779034076551, "jsd": 0.015252649119872222, "city_similarity": 0.98474735088012777 }, "geometry": { "type": "MultiPolygon", "coordinates": [ [ [ [ -3.111946220817923, 55.911586596435384 ], [ -3.111636400222778, 55.911380767822266 ], [ -3.111707304021889, 55.911355037807475 ], [ -3.111946220817923, 55.911586596435384 ] ] ], [ [ [ -3.109122812571986, 55.908849936873736 ], [ -3.111564285600883, 55.91121642252542 ], [ -3.11155891418457, 55.911212921142578 ], [ -3.111446619033813, 55.911140441894524 ], [ -3.111343860626221, 55.911075592041009 ], [ -3.111243247985839, 55.910999298095696 ], [ -3.111181497573852, 55.910961151123033 ], [ -3.111082553863525, 55.91102218627929 ], [ -3.10994839668274, 55.910305023193352 ], [ -3.109107971191406, 55.909839630126946 ], [ -3.107483780153676, 55.908851378050606 ], [ -3.109122812571986, 55.908849936873736 ] ] ] ] } },
{ "type": "Feature", "properties": { "from_id": "118", "population": 654.38494600590116, "gravity_community": 28.292897718144019, "gravity_education": 27.865379311273156, "gravity_essential_services": 45.944139024621215, "gravity_food_and_drink": 213.38572626644856, "gravity_healthcare": 42.034198252082852, "gravity_shelter": 7.4315620110019953, "avg_gravity": 60.825650430595296, "min_tt_community": 17.0, "min_tt_education": 18.0, "min_tt_essential_services": 23.0, "min_tt_food_and_drink": 12.0, "min_tt_healthcare": 20.0, "min_tt_shelter": 17.0, "avg_tt_community": 46.588607594936711, "avg_tt_education": 47.987878787878785, "avg_tt_essential_services": 49.501754385964915, "avg_tt_food_and_drink": 50.547935619314202, "avg_tt_healthcare": 46.525862068965516, "avg_tt_shelter": 45.0, "avg_tt_all": 47.692006409510022, "n_unreachable_categories": 0, "count_community": 158.0, "count_education": 165.0, "count_essential_services": 286.0, "count_food_and_drink": 1429.0, "count_healthcare": 232.0, "count_shelter": 38.0, "gravity_community_per_100": 4.3235862760646206, "gravity_education_per_100": 4.2582549432642152, "gravity_essential_services_per_100": 7.020965152857733, "gravity_food_and_drink_per_100": 32.608593392752695, "gravity_healthcare_per_100": 6.4234665709598699, "gravity_shelter_per_100": 1.1356560165940888, "shannon": 1.2263049799023902, "kl_divergence": 0.00074164281571653245, "jsd": 0.013670761496812543, "city_similarity": 0.98632923850318743 }, "geometry": { "type": "Polygon", "coordinates": [ [ [ -3.121132126336365, 55.912729366962438 ], [ -3.125144117934548, 55.916616009100458 ], [ -3.121156390408235, 55.920510645807269 ], [ -3.114362826400864, 55.920517139785225 ], [ -3.114382266998291, 55.920482635498033 ], [ -3.114665031433105, 55.919410705566413 ], [ -3.11478853225708, 55.91925048828125 ], [ -3.115039110183716, 55.919120788574212 ], [ -3.115182399749756, 55.918987274169915 ], [ -3.115397214889526, 55.918430328369134 ], [ -3.115587472915649, 55.917934417724602 ], [ -3.115666151046753, 55.917945861816406 ], [ -3.115891218185425, 55.917427062988281 ], [ -3.115839004516602, 55.917392730712884 ], [ -3.116559028625489, 55.915443420410163 ], [ -3.116835355758667, 55.914775848388658 ], [ -3.116880416870117, 55.914665222167969 ], [ -3.117239713668823, 55.913799285888672 ], [ -3.117502927780152, 55.913551330566392 ], [ -3.117674589157105, 55.913452148437493 ], [ -3.11764121055603, 55.91307067871093 ], [ -3.117213964462281, 55.913066864013672 ], [ -3.115782260894775, 55.912963867187493 ], [ -3.11530065536499, 55.912906646728509 ], [ -3.114845275878906, 55.912811279296875 ], [ -3.114598751068115, 55.912975311279297 ], [ -3.114084044056232, 55.91273609630376 ], [ -3.121132126336365, 55.912729366962438 ] ] ] } },
{ "type": "Feature", "properties": { "from_id": "119", "population": 1.2313886665759279, "gravity_community": 57.959308861151747, "gravity_education": 55.029795849645808, "gravity_essential_services": 88.738019178312939, "gravity_food_and_drink": 411.76976821606917, "gravity_healthcare": 83.581535359559695, "gravity_shelter": 10.549343886502859, "avg_gravity": 117.93796189187368, "min_tt_community": 5.0, "min_tt_education": 12.0, "min_tt_essential_services": 8.0, "min_tt_food_and_drink": 7.0, "min_tt_healthcare": 8.0, "min_tt_shelter": 22.0, "avg_tt_community": 44.92881355932203, "avg_tt_education": 44.828571428571429, "avg_tt_essential_services": 45.077922077922075, "avg_tt_food_and_drink": 45.401351351351352, "avg_tt_healthcare": 44.223844282238446, "avg_tt_shelter": 43.78846153846154, "avg_tt_all": 44.708160706311141, "n_unreachable_categories": 0, "count_community": 295.0, "count_education": 280.0, "count_essential_services": 462.0, "count_food_and_drink": 2221.0, "count_healthcare": 411.0, "count_shelter": 52.0, "gravity_community_per_100": 4706.8249395470584, "gravity_education_per_100": 4468.9217420414398, "gravity_essential_services_per_100": 7206.3371693247036, "gravity_food_and_drink_per_100": 33439.463866519131, "gravity_healthcare_per_100": 6787.5836141948139, "gravity_shelter_per_100": 856.70301935107034, "shannon": 1.2656809554278425, "kl_divergence": 0.00057045649818266331, "jsd": 0.011909990926668097, "city_similarity": 0.98809000907333189 }, "geometry": { "type": "Polygon", "coordinates": [ [ [ -3.137129962195807, 55.912712596056927 ], [ -3.145128873495516, 55.912703431462212 ], [ -3.149143261517492, 55.916589290572404 ], [ -3.145157944337024, 55.920484702761037 ], [ -3.137157430783756, 55.920493870022213 ], [ -3.133143836927534, 55.916607622427868 ], [ -3.137129962195807, 55.912712596056927 ] ] ] } },
{ "type": "Feature", "properties": { "from_id": "120", "population": 3771.0596659059433, "gravity_community": 50.947788048591548, "gravity_education": 47.89197757935387, "gravity_essential_services": 79.386477608260918, "gravity_food_and_drink": 389.24464347322788, "gravity_healthcare": 79.451520058009038, "gravity_shelter": 12.064151532265285, "avg_gravity": 109.83109304995143, "min_tt_community": 18.0, "min_tt_education": 2.0, "min_tt_essential_services": 14.0, "min_tt_food_and_drink": 10.0, "min_tt_healthcare": 8.0, "min_tt_shelter": 15.0, "avg_tt_community": 44.938461538461539, "avg_tt_education": 45.012145748987855, "avg_tt_essential_services": 46.17906976744186, "avg_tt_food_and_drink": 46.093358104969809, "avg_tt_healthcare": 44.248704663212436, "avg_tt_shelter": 40.666666666666664, "avg_tt_all": 44.523067748290032, "n_unreachable_categories": 0, "count_community": 260.0, "count_education": 247.0, "count_essential_services": 430.0, "count_food_and_drink": 2154.0, "count_healthcare": 386.0, "count_shelter": 51.0, "gravity_community_per_100": 1.3510204706971154, "gravity_education_per_100": 1.2699872667713017, "gravity_essential_services_per_100": 2.1051503991303053, "gravity_food_and_drink_per_100": 10.321890342716639, "gravity_healthcare_per_100": 2.1068751782510433, "gravity_shelter_per_100": 0.31991409845187491, "shannon": 1.2394539813509233, "kl_divergence": 0.00018633169359903723, "jsd": 0.0068473919439595299, "city_similarity": 0.99315260805604044 }, "geometry": { "type": "Polygon", "coordinates": [ [ [ -3.125144117934548, 55.916616009100458 ], [ -3.133143836927534, 55.916607622427868 ], [ -3.137157430783756, 55.920493870022213 ], [ -3.133170510955154, 55.924388892717701 ], [ -3.125169189309509, 55.924397281830558 ], [ -3.121156390408235, 55.920510645807269 ], [ -3.125144117934548, 55.916616009100458 ] ] ] } },
{ "type": "Feature", "properties": { "from_id": "121", "population": 56.350609347797047, "gravity_community": 42.250221693371643, "gravity_education": 37.589266329253682, "gravity_essential_services": 66.289533654024424, "gravity_food_and_drink": 336.83630992881569, "gravity_healthcare": 62.77811890877885, "gravity_shelter": 11.464638444570046, "avg_gravity": 92.86801482646905, "min_tt_community": 17.0, "min_tt_education": 15.0, "min_tt_essential_services": 16.0, "min_tt_food_and_drink": 17.0, "min_tt_healthcare": 15.0, "min_tt_shelter": 5.0, "avg_tt_community": 45.870535714285715, "avg_tt_education": 45.597989949748744, "avg_tt_essential_services": 47.060846560846564, "avg_tt_food_and_drink": 47.445789208270298, "avg_tt_healthcare": 45.900302114803623, "avg_tt_shelter": 39.68888888888889, "avg_tt_all": 45.260725406140637, "n_unreachable_categories": 0, "count_community": 224.0, "count_education": 199.0, "count_essential_services": 378.0, "count_food_and_drink": 1983.0, "count_healthcare": 331.0, "count_shelter": 45.0, "gravity_community_per_100": 74.977399858451321, "gravity_education_per_100": 66.706051211002887, "gravity_essential_services_per_100": 117.63765187503856, "gravity_food_and_drink_per_100": 597.75096281542494, "gravity_healthcare_per_100": 111.40628226628588, "gravity_shelter_per_100": 20.345189834257294, "shannon": 1.2050268616014326, "kl_divergence": 0.0013187687590624541, "jsd": 0.018230546059511903, "city_similarity": 0.98176945394048809 }, "geometry": { "type": "Polygon", "coordinates": [ [ [ -3.121156390408235, 55.920510645807269 ], [ -3.125169189309509, 55.924397281830558 ], [ -3.12118066643354, 55.928291914749799 ], [ -3.113178537086013, 55.928299525486452 ], [ -3.112475713130161, 55.927618661226013 ], [ -3.112991571426392, 55.926399230957031 ], [ -3.113236904144287, 55.925247192382805 ], [ -3.113279581069946, 55.924964904785156 ], [ -3.113618850708007, 55.922710418701179 ], [ -3.113621950149537, 55.922264099121087 ], [ -3.113699197769165, 55.922000885009766 ], [ -3.114094257354736, 55.920993804931634 ], [ -3.114362826400864, 55.920517139785225 ], [ -3.121156390408235, 55.920510645807269 ] ] ] } },
{ "type": "Feature", "properties": { "from_id": "122", "population": 2338.5367055032848, "gravity_community": 54.843388187347223, "gravity_education": 52.785914716104749, "gravity_essential_services": 87.666417064712675, "gravity_food_and_drink": 428.07849165664629, "gravity_healthcare": 82.921040836064847, "gravity_shelter": 11.204094353007241, "avg_gravity": 119.5832244689805, "min_tt_community": 16.0, "min_tt_education": 15.0, "min_tt_essential_services": 15.0, "min_tt_food_and_drink": 16.0, "min_tt_healthcare": 12.0, "min_tt_shelter": 22.0, "avg_tt_community": 45.00352112676056, "avg_tt_education": 44.963369963369964, "avg_tt_essential_services": 45.523605150214593, "avg_tt_food_and_drink": 44.404408457040034, "avg_tt_healthcare": 43.901960784313722, "avg_tt_shelter": 44.482142857142854, "avg_tt_all": 44.71316805647362, "n_unreachable_categories": 0, "count_community": 284.0, "count_education": 273.0, "count_essential_services": 466.0, "count_food_and_drink": 2223.0, "count_healthcare": 408.0, "count_shelter": 56.0, "gravity_community_per_100": 2.3452010848614915, "gravity_education_per_100": 2.2572198499978007, "gravity_essential_services_per_100": 3.7487723352131721, "gravity_food_and_drink_per_100": 18.305399724932606, "gravity_healthcare_per_100": 3.5458515849217394, "gravity_shelter_per_100": 0.47910705556344763, "shannon": 1.2622636526967914, "kl_divergence": 0.00017604292553921336, "jsd": 0.0066166177084269698, "city_similarity": 0.99338338229157308 }, "geometry": { "type": "Polygon", "coordinates": [ [ [ -3.137157430783756, 55.920493870022213 ], [ -3.145157944337024, 55.920484702761037 ], [ -3.14917314084138, 55.924370555528249 ], [ -3.14518702949995, 55.928265964154555 ], [ -3.137184912903796, 55.92827513408325 ], [ -3.133170510955154, 55.924388892717701 ], [ -3.137157430783756, 55.920493870022213 ] ] ] } },
{ "type": "Feature", "properties": { "from_id": "123", "population": 0.0, "gravity_community": 54.335517640499098, "gravity_education": 53.556616563548118, "gravity_essential_services": 87.786829054572991, "gravity_food_and_drink": 426.26129579400924, "gravity_healthcare": 77.600555280927281, "gravity_shelter": 8.5899631374761594, "avg_gravity": 118.02179624517215, "min_tt_community": 12.0, "min_tt_education": 10.0, "min_tt_essential_services": 7.0, "min_tt_food_and_drink": 14.0, "min_tt_healthcare": 10.0, "min_tt_shelter": 32.0, "avg_tt_community": 45.145907473309606, "avg_tt_education": 44.496268656716417, "avg_tt_essential_services": 44.594594594594597, "avg_tt_food_and_drink": 44.12306289881495, "avg_tt_healthcare": 45.195061728395061, "avg_tt_shelter": 48.547169811320757, "avg_tt_all": 45.350344193858568, "n_unreachable_categories": 0, "count_community": 281.0, "count_education": 268.0, "count_essential_services": 445.0, "count_food_and_drink": 2194.0, "count_healthcare": 405.0, "count_shelter": 53.0, "gravity_community_per_100": 0.0, "gravity_education_per_100": 0.0, "gravity_essential_services_per_100": 0.0, "gravity_food_and_drink_per_100": 0.0, "gravity_healthcare_per_100": 0.0, "gravity_shelter_per_100": 0.0, "shannon": 1.2573641014212995, "kl_divergence": 0.00030769885969709381, "jsd": 0.0087659531186368381, "city_similarity": 0.99123404688136318 }, "geometry": { "type": "Polygon", "coordinates": [ [ [ -3.149113396904714, 55.908808015710157 ], [ -3.157111500121449, 55.908798073421153 ], [ -3.161126681520256, 55.912683543992095 ], [ -3.157142966588427, 55.916579345390815 ], [ -3.149143261517492, 55.916589290572404 ], [ -3.145128873495516, 55.912703431462212 ], [ -3.149113396904714, 55.908808015710157 ] ] ] } },
{ "type": "Feature", "properties": { "from_id": "124", "population": 0.0, "gravity_community": 77.324865893073394, "gravity_education": 76.043928312793582, "gravity_essential_services": 126.29114347729364, "gravity_food_and_drink": 609.80761969488879, "gravity_healthcare": 111.78636760071194, "gravity_shelter": 12.484343372731487, "avg_gravity": 168.95637805858215, "min_tt_community": 11.0, "min_tt_education": 4.0, "min_tt_essential_services": 5.0, "min_tt_food_and_drink": 4.0, "min_tt_healthcare": 4.0, "min_tt_shelter": 22.0, "avg_tt_community": 42.034188034188034, "avg_tt_education": 41.394029850746271, "avg_tt_essential_services": 40.379888268156428, "avg_tt_food_and_drink": 38.246753246753244, "avg_tt_healthcare": 41.139959432048684, "avg_tt_shelter": 45.632352941176471, "avg_tt_all": 41.471195295511514, "n_unreachable_categories": 0, "count_community": 351.0, "count_education": 335.0, "count_essential_services": 538.0, "count_food_and_drink": 2464.0, "count_healthcare": 493.0, "count_shelter": 68.0, "gravity_community_per_100": 0.0, "gravity_education_per_100": 0.0, "gravity_essential_services_per_100": 0.0, "gravity_food_and_drink_per_100": 0.0, "gravity_healthcare_per_100": 0.0, "gravity_shelter_per_100": 0.0, "shannon": 1.3000202615328638, "kl_divergence": 0.001733355389516587, "jsd": 0.020702594576293681, "city_similarity": 0.97929740542370636 }, "geometry": { "type": "Polygon", "coordinates": [ [ [ -3.161126681520256, 55.912683543992095 ], [ -3.169125577719429, 55.912672821118107 ], [ -3.173142360967117, 55.916557896523479 ], [ -3.169159455301573, 55.920454083510776 ], [ -3.161158956859039, 55.920464809504622 ], [ -3.157142966588427, 55.916579345390815 ], [ -3.161126681520256, 55.912683543992095 ] ] ] } },
{ "type": "Feature", "properties": { "from_id": "125", "population": 306.00719856200652, "gravity_community": 63.914410210085762, "gravity_education": 62.973619172909729, "gravity_essential_services": 102.15427047477182, "gravity_food_and_drink": 496.70409882422337, "gravity_healthcare": 95.357935928615788, "gravity_shelter": 11.854018096615704, "avg_gravity": 138.82639211787037, "min_tt_community": 4.0, "min_tt_education": 11.0, "min_tt_essential_services": 4.0, "min_tt_food_and_drink": 4.0, "min_tt_healthcare": 4.0, "min_tt_shelter": 23.0, "avg_tt_community": 43.650641025641029, "avg_tt_education": 44.108280254777071, "avg_tt_essential_services": 43.562874251497007, "avg_tt_food_and_drink": 42.15758091993186, "avg_tt_healthcare": 43.245033112582782, "avg_tt_shelter": 46.761194029850749, "avg_tt_all": 43.914267265713413, "n_unreachable_categories": 0, "count_community": 312.0, "count_education": 314.0, "count_essential_services": 501.0, "count_food_and_drink": 2348.0, "count_healthcare": 454.0, "count_shelter": 67.0, "gravity_community_per_100": 20.886570809586601, "gravity_education_per_100": 20.579129990678741, "gravity_essential_services_per_100": 33.382963196557682, "gravity_food_and_drink_per_100": 162.31778244379299, "gravity_healthcare_per_100": 31.161991082799094, "gravity_shelter_per_100": 3.8737709937283435, "shannon": 1.2874049916432639, "kl_divergence": 0.00092073990249381607, "jsd": 0.015102381780786395, "city_similarity": 0.98489761821921362 }, "geometry": { "type": "Polygon", "coordinates": [ [ [ -3.149143261517492, 55.916589290572404 ], [ -3.157142966588427, 55.916579345390815 ], [ -3.161158956859039, 55.920464809504622 ], [ -3.157174448555567, 55.92436060745294 ], [ -3.14917314084138, 55.924370555528249 ], [ -3.145157944337024, 55.920484702761037 ], [ -3.149143261517492, 55.916589290572404 ] ] ] } },
{ "type": "Feature", "properties": { "from_id": "126", "population": 2383.1420885176581, "gravity_community": 53.497004791842016, "gravity_education": 53.785906536223273, "gravity_essential_services": 89.011695184185939, "gravity_food_and_drink": 434.59689807853471, "gravity_healthcare": 81.944860208688212, "gravity_shelter": 9.7006344412761187, "avg_gravity": 120.42283320679168, "min_tt_community": 17.0, "min_tt_education": 3.0, "min_tt_essential_services": 9.0, "min_tt_food_and_drink": 5.0, "min_tt_healthcare": 16.0, "min_tt_shelter": 7.0, "avg_tt_community": 45.357894736842105, "avg_tt_education": 44.026217228464418, "avg_tt_essential_services": 44.724137931034484, "avg_tt_food_and_drink": 43.977088948787063, "avg_tt_healthcare": 44.826603325415675, "avg_tt_shelter": 46.830188679245282, "avg_tt_all": 44.957021808298173, "n_unreachable_categories": 0, "count_community": 285.0, "count_education": 267.0, "count_essential_services": 464.0, "count_food_and_drink": 2226.0, "count_healthcare": 422.0, "count_shelter": 53.0, "gravity_community_per_100": 2.2448097010077053, "gravity_education_per_100": 2.2569324252788774, "gravity_essential_services_per_100": 3.7350561518365968, "gravity_food_and_drink_per_100": 18.236298212032292, "gravity_healthcare_per_100": 3.4385217987425527, "gravity_shelter_per_100": 0.40705228983262287, "shannon": 1.2604888716279294, "kl_divergence": 0.00028321301430575801, "jsd": 0.0084118566765704963, "city_similarity": 0.99158814332342948 }, "geometry": { "type": "Polygon", "coordinates": [ [ [ -3.173142360967117, 55.916557896523479 ], [ -3.18114204974884, 55.91654639283923 ], [ -3.185160435234164, 55.920431072795601 ], [ -3.181178339624085, 55.924327645313205 ], [ -3.173177048210114, 55.924339152344658 ], [ -3.169159455301573, 55.920454083510776 ], [ -3.173142360967117, 55.916557896523479 ] ] ] } },
{ "type": "Feature", "properties": { "from_id": "127", "population": 601.7219088194862, "gravity_community": 78.107281226291875, "gravity_education": 76.329881283709142, "gravity_essential_services": 128.65419823020667, "gravity_food_and_drink": 644.59218215837791, "gravity_healthcare": 117.12824130319694, "gravity_shelter": 13.677518529185329, "avg_gravity": 176.41488378849465, "min_tt_community": 5.0, "min_tt_education": 8.0, "min_tt_essential_services": 10.0, "min_tt_food_and_drink": 9.0, "min_tt_healthcare": 5.0, "min_tt_shelter": 18.0, "avg_tt_community": 41.318840579710148, "avg_tt_education": 42.002898550724638, "avg_tt_essential_services": 39.697026022304833, "avg_tt_food_and_drink": 36.753469387755104, "avg_tt_healthcare": 40.290909090909089, "avg_tt_shelter": 44.535211267605632, "avg_tt_all": 40.766392483168239, "n_unreachable_categories": 0, "count_community": 345.0, "count_education": 345.0, "count_essential_services": 538.0, "count_food_and_drink": 2450.0, "count_healthcare": 496.0, "count_shelter": 71.0, "gravity_community_per_100": 12.980627775300716, "gravity_education_per_100": 12.685242163354193, "gravity_essential_services_per_100": 21.381006133317033, "gravity_food_and_drink_per_100": 107.12459903994498, "gravity_healthcare_per_100": 19.465510493541775, "gravity_shelter_per_100": 2.2730630759347208, "shannon": 1.3062788244528427, "kl_divergence": 0.0020656949165037668, "jsd": 0.022599227842854844, "city_similarity": 0.97740077215714516 }, "geometry": { "type": "Polygon", "coordinates": [ [ [ -3.161158956859039, 55.920464809504622 ], [ -3.169159455301573, 55.920454083510776 ], [ -3.173177048210114, 55.924339152344658 ], [ -3.169193349573087, 55.928235335994565 ], [ -3.16119124809788, 55.928246065109498 ], [ -3.157174448555567, 55.92436060745294 ], [ -3.161158956859039, 55.920464809504622 ] ] ] } },
{ "type": "Feature", "properties": { "from_id": "128", "population": 957.27747879279286, "gravity_community": 61.43190073059214, "gravity_education": 58.632151429581604, "gravity_essential_services": 99.269055737252486, "gravity_food_and_drink": 479.90162462611687, "gravity_healthcare": 93.649067068673901, "gravity_shelter": 11.549519886821427, "avg_gravity": 134.07221991317306, "min_tt_community": 3.0, "min_tt_education": 15.0, "min_tt_essential_services": 13.0, "min_tt_food_and_drink": 3.0, "min_tt_healthcare": 14.0, "min_tt_shelter": 19.0, "avg_tt_community": 44.167213114754098, "avg_tt_education": 43.555944055944053, "avg_tt_essential_services": 43.97551020408163, "avg_tt_food_and_drink": 42.804888507718694, "avg_tt_healthcare": 43.481236203090511, "avg_tt_shelter": 44.423728813559322, "avg_tt_all": 43.734753483191383, "n_unreachable_categories": 0, "count_community": 305.0, "count_education": 286.0, "count_essential_services": 491.0, "count_food_and_drink": 2332.0, "count_healthcare": 453.0, "count_shelter": 59.0, "gravity_community_per_100": 6.4173556875131874, "gravity_education_per_100": 6.1248857022648924, "gravity_essential_services_per_100": 10.369935356929014, "gravity_food_and_drink_per_100": 50.131924677817871, "gravity_healthcare_per_100": 9.7828549342634936, "gravity_shelter_per_100": 1.2064965637117402, "shannon": 1.2709730065099756, "kl_divergence": 0.00044975932542844568, "jsd": 0.010570621235327501, "city_similarity": 0.98942937876467252 }, "geometry": { "type": "Polygon", "coordinates": [ [ [ -3.14917314084138, 55.924370555528249 ], [ -3.157174448555567, 55.92436060745294 ], [ -3.16119124809788, 55.928246065109498 ], [ -3.157205946033343, 55.932141859608571 ], [ -3.149203034886316, 55.932151810578766 ], [ -3.14518702949995, 55.928265964154555 ], [ -3.14917314084138, 55.924370555528249 ] ] ] } },
{ "type": "Feature", "properties": { "from_id": "129", "population": 909.24162635785103, "gravity_community": 76.782105118002818, "gravity_education": 76.009971286135368, "gravity_essential_services": 130.84744667745059, "gravity_food_and_drink": 652.145454991321, "gravity_healthcare": 118.22969157716958, "gravity_shelter": 14.279280549142308, "avg_gravity": 178.0489916998703, "min_tt_community": 9.0, "min_tt_education": 9.0, "min_tt_essential_services": 4.0, "min_tt_food_and_drink": 5.0, "min_tt_healthcare": 6.0, "min_tt_shelter": 10.0, "avg_tt_community": 41.448979591836732, "avg_tt_education": 41.812865497076025, "avg_tt_essential_services": 39.627306273062729, "avg_tt_food_and_drink": 36.500610004066694, "avg_tt_healthcare": 40.121756487025948, "avg_tt_shelter": 45.24, "avg_tt_all": 40.791919642178023, "n_unreachable_categories": 0, "count_community": 343.0, "count_education": 342.0, "count_essential_services": 543.0, "count_food_and_drink": 2459.0, "count_healthcare": 501.0, "count_shelter": 75.0, "gravity_community_per_100": 8.4446315360163258, "gravity_education_per_100": 8.3597108934187823, "gravity_essential_services_per_100": 14.390833292750374, "gravity_food_and_drink_per_100": 71.724108981197858, "gravity_healthcare_per_100": 13.003110300917726, "gravity_shelter_per_100": 1.5704604953405861, "shannon": 1.3077224041436517, "kl_divergence": 0.0019876815864259597, "jsd": 0.0221866919245257, "city_similarity": 0.97781330807547429 }, "geometry": { "type": "Polygon", "coordinates": [ [ [ -3.173177048210114, 55.924339152344658 ], [ -3.181178339624085, 55.924327645313205 ], [ -3.185197535559573, 55.928212318583661 ], [ -3.181214647378705, 55.932108887876858 ], [ -3.173211752542909, 55.932120398256856 ], [ -3.169193349573087, 55.928235335994565 ], [ -3.173177048210114, 55.924339152344658 ] ] ] } },
{ "type": "Feature", "properties": { "from_id": "130", "population": 3305.3308725292109, "gravity_community": 89.516295109415751, "gravity_education": 85.217806464901727, "gravity_essential_services": 148.66726631631209, "gravity_food_and_drink": 738.50034707645023, "gravity_healthcare": 132.14350086523987, "gravity_shelter": 19.129301540109541, "avg_gravity": 202.19575289540489, "min_tt_community": 8.0, "min_tt_education": 4.0, "min_tt_essential_services": 3.0, "min_tt_food_and_drink": 2.0, "min_tt_healthcare": 3.0, "min_tt_shelter": 13.0, "avg_tt_community": 40.586666666666666, "avg_tt_education": 41.297297297297298, "avg_tt_essential_services": 38.438687392055265, "avg_tt_food_and_drink": 34.770280811232446, "avg_tt_healthcare": 39.279850746268657, "avg_tt_shelter": 40.35, "avg_tt_all": 39.120463818920058, "n_unreachable_categories": 0, "count_community": 375.0, "count_education": 370.0, "count_essential_services": 580.0, "count_food_and_drink": 2564.0, "count_healthcare": 536.0, "count_shelter": 80.0, "gravity_community_per_100": 2.7082400691982356, "gravity_education_per_100": 2.5781929177847722, "gravity_essential_services_per_100": 4.4978028539258812, "gravity_food_and_drink_per_100": 22.342705633925117, "gravity_healthcare_per_100": 3.9978902555109346, "gravity_shelter_per_100": 0.57874089698838416, "shannon": 1.3217835742717192, "kl_divergence": 0.0031212286090812808, "jsd": 0.027781438625814253, "city_similarity": 0.97221856137418572 }, "geometry": { "type": "Polygon", "coordinates": [ [ [ -3.16119124809788, 55.928246065109498 ], [ -3.169193349573087, 55.928235335994565 ], [ -3.173211752542909, 55.932120398256856 ], [ -3.169227260545249, 55.936016578570566 ], [ -3.161223555247519, 55.936027310807845 ], [ -3.157205946033343, 55.932141859608571 ], [ -3.16119124809788, 55.928246065109498 ] ] ] } },
{ "type": "Feature", "properties": { "from_id": "131", "population": 2920.1491109761109, "gravity_community": 49.614613965594934, "gravity_education": 45.735936814083097, "gravity_essential_services": 83.336458265610943, "gravity_food_and_drink": 436.05009492831067, "gravity_healthcare": 75.944081000042473, "gravity_shelter": 11.123857341229758, "avg_gravity": 116.96750705247865, "min_tt_community": 11.0, "min_tt_education": 11.0, "min_tt_essential_services": 19.0, "min_tt_food_and_drink": 13.0, "min_tt_healthcare": 15.0, "min_tt_shelter": 19.0, "avg_tt_community": 45.530769230769231, "avg_tt_education": 45.435684647302907, "avg_tt_essential_services": 45.091116173120732, "avg_tt_food_and_drink": 43.740253853127832, "avg_tt_healthcare": 45.701492537313435, "avg_tt_shelter": 43.169811320754718, "avg_tt_all": 44.778187960398135, "n_unreachable_categories": 0, "count_community": 260.0, "count_education": 241.0, "count_essential_services": 439.0, "count_food_and_drink": 2206.0, "count_healthcare": 403.0, "count_shelter": 53.0, "gravity_community_per_100": 1.6990438529014151, "gravity_education_per_100": 1.5662192263461181, "gravity_essential_services_per_100": 2.8538425641474956, "gravity_food_and_drink_per_100": 14.932459896972633, "gravity_healthcare_per_100": 2.6006918864035966, "gravity_shelter_per_100": 0.38093456595822306, "shannon": 1.2346196820259006, "kl_divergence": 0.00033035406127843116, "jsd": 0.0091145060429508856, "city_similarity": 0.99088549395704917 }, "geometry": { "type": "Polygon", "coordinates": [ [ [ -3.149203034886316, 55.932151810578766 ], [ -3.157205946033343, 55.932141859608571 ], [ -3.161223555247519, 55.936027310807845 ], [ -3.157237459032235, 55.93992310185881 ], [ -3.149232943662249, 55.939933055725049 ], [ -3.145216128993968, 55.936047215643832 ], [ -3.149203034886316, 55.932151810578766 ] ] ] } },
{ "type": "Feature", "properties": { "from_id": "132", "population": 2489.6101517646216, "gravity_community": 95.637445499181482, "gravity_education": 90.093209437192712, "gravity_essential_services": 164.39132054153248, "gravity_food_and_drink": 847.50411736182343, "gravity_healthcare": 140.76110859875877, "gravity_shelter": 17.94298662317404, "avg_gravity": 226.05503134361047, "min_tt_community": 6.0, "min_tt_education": 3.0, "min_tt_essential_services": 2.0, "min_tt_food_and_drink": 3.0, "min_tt_healthcare": 3.0, "min_tt_shelter": 22.0, "avg_tt_community": 38.493224932249319, "avg_tt_education": 40.06989247311828, "avg_tt_essential_services": 36.327645051194537, "avg_tt_food_and_drink": 31.63129145532579, "avg_tt_healthcare": 37.77653631284916, "avg_tt_shelter": 40.9375, "avg_tt_all": 37.539348370789519, "n_unreachable_categories": 0, "count_community": 369.0, "count_education": 372.0, "count_essential_services": 586.0, "count_food_and_drink": 2564.0, "count_healthcare": 537.0, "count_shelter": 80.0, "gravity_community_per_100": 3.8414627057731994, "gravity_education_per_100": 3.6187677566037864, "gravity_essential_services_per_100": 6.603094883149188, "gravity_food_and_drink_per_100": 34.041639682466638, "gravity_healthcare_per_100": 5.6539417827722174, "gravity_shelter_per_100": 0.72071471151642563, "shannon": 1.3218858836745135, "kl_divergence": 0.0030646122680083486, "jsd": 0.027540650288824287, "city_similarity": 0.97245934971117576 }, "geometry": { "type": "Polygon", "coordinates": [ [ [ -3.173211752542909, 55.932120398256856 ], [ -3.181214647378705, 55.932108887876858 ], [ -3.185234654165316, 55.93599355446122 ], [ -3.18125097302478, 55.939890120531281 ], [ -3.173246473977051, 55.939901634261169 ], [ -3.169227260545249, 55.936016578570566 ], [ -3.173211752542909, 55.932120398256856 ] ] ] } },
{ "type": "Feature", "properties": { "from_id": "133", "population": 1204.3760919326699, "gravity_community": 40.403233711353543, "gravity_education": 37.129250508596257, "gravity_essential_services": 67.562186472733742, "gravity_food_and_drink": 329.42143121571877, "gravity_healthcare": 61.497203291909081, "gravity_shelter": 12.618450286838083, "avg_gravity": 91.438625914524906, "min_tt_community": 8.0, "min_tt_education": 8.0, "min_tt_essential_services": 1.0, "min_tt_food_and_drink": 4.0, "min_tt_healthcare": 17.0, "min_tt_shelter": 4.0, "avg_tt_community": 44.349753694581281, "avg_tt_education": 44.94240837696335, "avg_tt_essential_services": 46.295580110497241, "avg_tt_food_and_drink": 47.152711953659818, "avg_tt_healthcare": 45.296875, "avg_tt_shelter": 38.816326530612244, "avg_tt_all": 44.475609277718981, "n_unreachable_categories": 0, "count_community": 203.0, "count_education": 191.0, "count_essential_services": 363.0, "count_food_and_drink": 1899.0, "count_healthcare": 320.0, "count_shelter": 49.0, "gravity_community_per_100": 3.354702404173286, "gravity_education_per_100": 3.0828618034931861, "gravity_essential_services_per_100": 5.6097249792061445, "gravity_food_and_drink_per_100": 27.352040066412652, "gravity_healthcare_per_100": 5.1061461368951733, "gravity_shelter_per_100": 1.0477167698164098, "shannon": 1.2068305867003883, "kl_divergence": 0.0013894867028568505, "jsd": 0.018712366208155331, "city_similarity": 0.98128763379184469 }, "geometry": { "type": "Polygon", "coordinates": [ [ [ -3.10118547410532, 55.9322006004789 ], [ -3.097193743937965, 55.936094452995981 ], [ -3.089190000360282, 55.93610050629686 ], [ -3.085667792959277, 55.932686030417166 ], [ -3.089280128479004, 55.931831359863281 ], [ -3.089088916778565, 55.931739807128913 ], [ -3.088573217391968, 55.931388854980462 ], [ -3.09058666229248, 55.931671142578118 ], [ -3.09218430519104, 55.93202209472657 ], [ -3.09292459487915, 55.931869506835938 ], [ -3.093572616577149, 55.931758880615234 ], [ -3.094288110733032, 55.931640625 ], [ -3.094877004623413, 55.931632995605476 ], [ -3.095706224441529, 55.931526184082024 ], [ -3.097087383270264, 55.931434631347642 ], [ -3.09723162651062, 55.931373596191413 ], [ -3.098624229431153, 55.931362152099609 ], [ -3.099185705184937, 55.931312561035142 ], [ -3.099218130111695, 55.931308746337891 ], [ -3.09996509552002, 55.931171417236328 ], [ -3.100088619454744, 55.931137687564942 ], [ -3.10118547410532, 55.9322006004789 ] ] ] } },
{ "type": "Feature", "properties": { "from_id": "134", "population": 2674.9176127139754, "gravity_community": 11.978548386016865, "gravity_education": 11.828170003167342, "gravity_essential_services": 17.021396506904654, "gravity_food_and_drink": 66.15014105704094, "gravity_healthcare": 19.621268126552593, "gravity_shelter": 6.2312888090037948, "avg_gravity": 22.138468814781032, "min_tt_community": 25.0, "min_tt_education": 20.0, "min_tt_essential_services": 19.0, "min_tt_food_and_drink": 18.0, "min_tt_healthcare": 31.0, "min_tt_shelter": 14.0, "avg_tt_community": 47.732394366197184, "avg_tt_education": 47.205882352941174, "avg_tt_essential_services": 48.07, "avg_tt_food_and_drink": 49.825242718446603, "avg_tt_healthcare": 48.704918032786885, "avg_tt_shelter": 40.653846153846153, "avg_tt_all": 47.032047270703004, "n_unreachable_categories": 0, "count_community": 71.0, "count_education": 68.0, "count_essential_services": 100.0, "count_food_and_drink": 413.0, "count_healthcare": 122.0, "count_shelter": 26.0, "gravity_community_per_100": 0.44780999343988814, "gravity_education_per_100": 0.44218819850554059, "gravity_essential_services_per_100": 0.63633348653436539, "gravity_food_and_drink_per_100": 2.472978634655028, "gravity_healthcare_per_100": 0.73352794244174213, "gravity_shelter_per_100": 0.23295255073974108, "shannon": 1.4238882944118518, "kl_divergence": 0.024045953736931528, "jsd": 0.075555401231408192, "city_similarity": 0.92444459876859186 }, "geometry": { "type": "Polygon", "coordinates": [ [ [ -3.089190000360282, 55.93610050629686 ], [ -3.085196665949437, 55.939993968187906 ], [ -3.082013283927521, 55.939996128009867 ], [ -3.082143306732178, 55.939643859863274 ], [ -3.083975076675415, 55.938625335693359 ], [ -3.082532644271851, 55.937709808349609 ], [ -3.082229614257812, 55.937576293945312 ], [ -3.081396818161011, 55.937107086181641 ], [ -3.080808162689209, 55.936836242675774 ], [ -3.0814368724823, 55.936302185058587 ], [ -3.080379724502563, 55.935012817382805 ], [ -3.080347061157227, 55.934970855712891 ], [ -3.079620599746705, 55.934085845947251 ], [ -3.080572605133057, 55.933891296386719 ], [ -3.085667792959277, 55.932686030417166 ], [ -3.089190000360282, 55.93610050629686 ] ] ] } },
{ "type": "Feature", "properties": { "from_id": "135", "population": 874.27454887127078, "gravity_community": 39.48306961708078, "gravity_education": 36.442233209397266, "gravity_essential_services": 68.095615429614213, "gravity_food_and_drink": 348.74809792600132, "gravity_healthcare": 63.470504541850786, "gravity_shelter": 11.395021167378145, "avg_gravity": 94.605756981887069, "min_tt_community": 15.0, "min_tt_education": 14.0, "min_tt_essential_services": 18.0, "min_tt_food_and_drink": 13.0, "min_tt_healthcare": 19.0, "min_tt_shelter": 10.0, "avg_tt_community": 46.774774774774777, "avg_tt_education": 46.635467980295566, "avg_tt_essential_services": 46.753886010362692, "avg_tt_food_and_drink": 47.738380450407284, "avg_tt_healthcare": 46.605187319884728, "avg_tt_shelter": 40.96, "avg_tt_all": 45.911282755954169, "n_unreachable_categories": 0, "count_community": 222.0, "count_education": 203.0, "count_essential_services": 386.0, "count_food_and_drink": 2087.0, "count_healthcare": 348.0, "count_shelter": 50.0, "gravity_community_per_100": 4.5160950490958776, "gravity_education_per_100": 4.1682825213711059, "gravity_essential_services_per_100": 7.7888136532773169, "gravity_food_and_drink_per_100": 39.889997755996831, "gravity_healthcare_per_100": 7.2597909459670502, "gravity_shelter_per_100": 1.3033687394983244, "shannon": 1.1948080783387385, "kl_divergence": 0.0020011861806041764, "jsd": 0.022469075916681902, "city_similarity": 0.9775309240833181 }, "geometry": { "type": "Polygon", "coordinates": [ [ [ -3.089190000360282, 55.93610050629686 ], [ -3.097193743937965, 55.936094452995981 ], [ -3.101205757480027, 55.939981859824627 ], [ -3.097213229991722, 55.943875708330481 ], [ -3.089207881775257, 55.943881763393172 ], [ -3.085196665949437, 55.939993968187906 ], [ -3.089190000360282, 55.93610050629686 ] ] ] } },
{ "type": "Feature", "properties": { "from_id": "136", "population": 5067.1615324584673, "gravity_community": 48.65326009557127, "gravity_education": 44.694668463012484, "gravity_essential_services": 76.110391686688644, "gravity_food_and_drink": 383.555488009665, "gravity_healthcare": 74.367800644082678, "gravity_shelter": 14.240078324739819, "avg_gravity": 106.93694787062664, "min_tt_community": 7.0, "min_tt_education": 10.0, "min_tt_essential_services": 8.0, "min_tt_food_and_drink": 7.0, "min_tt_healthcare": 4.0, "min_tt_shelter": 5.0, "avg_tt_community": 45.22357723577236, "avg_tt_education": 45.14473684210526, "avg_tt_essential_services": 45.946472019464721, "avg_tt_food_and_drink": 45.663479923518167, "avg_tt_healthcare": 44.967032967032964, "avg_tt_shelter": 37.3125, "avg_tt_all": 44.042966497982242, "n_unreachable_categories": 0, "count_community": 246.0, "count_education": 228.0, "count_essential_services": 411.0, "count_food_and_drink": 2092.0, "count_healthcare": 365.0, "count_shelter": 48.0, "gravity_community_per_100": 0.96016793196576578, "gravity_education_per_100": 0.88204546424490404, "gravity_essential_services_per_100": 1.5020320784950718, "gravity_food_and_drink_per_100": 7.569434792096966, "gravity_healthcare_per_100": 1.4676421931234778, "gravity_shelter_per_100": 0.28102672933402362, "shannon": 1.2258428468586511, "kl_divergence": 0.00044939283803990728, "jsd": 0.010631089717331803, "city_similarity": 0.98936891028266816 }, "geometry": { "type": "Polygon", "coordinates": [ [ [ -3.125169189309509, 55.924397281830558 ], [ -3.133170510955154, 55.924388892717701 ], [ -3.137184912903796, 55.92827513408325 ], [ -3.133197198124641, 55.932170153104352 ], [ -3.125194273036743, 55.932178544658441 ], [ -3.12118066643354, 55.928291914749799 ], [ -3.125169189309509, 55.924397281830558 ] ] ] } },
{ "type": "Feature", "properties": { "from_id": "137", "population": 2859.1387886922867, "gravity_community": 40.831027949322461, "gravity_education": 37.246857565414402, "gravity_essential_services": 68.03514407197224, "gravity_food_and_drink": 337.28343428222911, "gravity_healthcare": 61.68295689110618, "gravity_shelter": 11.766432166299772, "avg_gravity": 92.807642154390692, "min_tt_community": 5.0, "min_tt_education": 14.0, "min_tt_essential_services": 5.0, "min_tt_food_and_drink": 4.0, "min_tt_healthcare": 5.0, "min_tt_shelter": 22.0, "avg_tt_community": 44.594202898550726, "avg_tt_education": 45.210256410256413, "avg_tt_essential_services": 46.325203252032523, "avg_tt_food_and_drink": 47.021829521829524, "avg_tt_healthcare": 45.150470219435739, "avg_tt_shelter": 38.425531914893618, "avg_tt_all": 44.454582369499754, "n_unreachable_categories": 0, "count_community": 207.0, "count_education": 195.0, "count_essential_services": 369.0, "count_food_and_drink": 1925.0, "count_healthcare": 319.0, "count_shelter": 47.0, "gravity_community_per_100": 1.4280883499187447, "gravity_education_per_100": 1.302729958850664, "gravity_essential_services_per_100": 2.3795677335093681, "gravity_food_and_drink_per_100": 11.796679322324744, "gravity_healthcare_per_100": 2.157396385759879, "gravity_shelter_per_100": 0.41153763548783528, "shannon": 1.204026070602747, "kl_divergence": 0.0013606828448445045, "jsd": 0.018502506991115938, "city_similarity": 0.98149749300888411 }, "geometry": { "type": "Polygon", "coordinates": [ [ [ -3.113178537086013, 55.928299525486452 ], [ -3.109188410763704, 55.932193768346252 ], [ -3.10118547410532, 55.9322006004789 ], [ -3.100088619454744, 55.931137687564942 ], [ -3.101543664932251, 55.930740356445305 ], [ -3.103134393692017, 55.930503845214844 ], [ -3.105335235595704, 55.930057525634759 ], [ -3.106789588928223, 55.92997741699218 ], [ -3.109767436981201, 55.929611206054688 ], [ -3.111669540405273, 55.929691314697251 ], [ -3.111845254898071, 55.929119110107422 ], [ -3.111918210983276, 55.929096221923821 ], [ -3.111982822418213, 55.928955078124993 ], [ -3.112030506134033, 55.928833007812493 ], [ -3.112053394317627, 55.928745269775376 ], [ -3.112146139144897, 55.92839431762696 ], [ -3.112468719482422, 55.92763519287108 ], [ -3.112475713130161, 55.927618661226013 ], [ -3.113178537086013, 55.928299525486452 ] ] ] } },
{ "type": "Feature", "properties": { "from_id": "138", "population": 537.72589640480987, "gravity_community": 64.572736627069844, "gravity_education": 59.997820731075812, "gravity_essential_services": 101.5359022757338, "gravity_food_and_drink": 508.10431364082763, "gravity_healthcare": 100.91655618859033, "gravity_shelter": 16.364125138685957, "avg_gravity": 141.91524243366391, "min_tt_community": 10.0, "min_tt_education": 13.0, "min_tt_essential_services": 8.0, "min_tt_food_and_drink": 9.0, "min_tt_healthcare": 11.0, "min_tt_shelter": 14.0, "avg_tt_community": 42.368965517241378, "avg_tt_education": 42.735714285714288, "avg_tt_essential_services": 42.059829059829063, "avg_tt_food_and_drink": 41.676445578231295, "avg_tt_healthcare": 42.070484581497794, "avg_tt_shelter": 39.19047619047619, "avg_tt_all": 41.683652535498339, "n_unreachable_categories": 0, "count_community": 291.0, "count_education": 280.0, "count_essential_services": 468.0, "count_food_and_drink": 2354.0, "count_healthcare": 454.0, "count_shelter": 63.0, "gravity_community_per_100": 12.008485560914535, "gravity_education_per_100": 11.157695980836371, "gravity_essential_services_per_100": 18.882464645016039, "gravity_food_and_drink_per_100": 94.491323002661829, "gravity_healthcare_per_100": 18.767285872469589, "gravity_shelter_per_100": 3.0432094210256788, "shannon": 1.2582624877259894, "kl_divergence": 0.00042089124517410899, "jsd": 0.010255277885963206, "city_similarity": 0.98974472211403675 }, "geometry": { "type": "Polygon", "coordinates": [ [ [ -3.113178537086013, 55.928299525486452 ], [ -3.12118066643354, 55.928291914749799 ], [ -3.125194273036743, 55.932178544658441 ], [ -3.121204954420358, 55.936073173791129 ], [ -3.11320122123147, 55.936080786742636 ], [ -3.109188410763704, 55.932193768346252 ], [ -3.113178537086013, 55.928299525486452 ] ] ] } },
{ "type": "Feature", "properties": { "from_id": "139", "population": 5280.2679002697714, "gravity_community": 61.853315749535675, "gravity_education": 57.963599676050116, "gravity_essential_services": 100.73027955145064, "gravity_food_and_drink": 509.30062080695001, "gravity_healthcare": 95.177626668562965, "gravity_shelter": 15.577787303800008, "avg_gravity": 140.10053829272491, "min_tt_community": 2.0, "min_tt_education": 4.0, "min_tt_essential_services": 2.0, "min_tt_food_and_drink": 1.0, "min_tt_healthcare": 2.0, "min_tt_shelter": 9.0, "avg_tt_community": 43.587628865979383, "avg_tt_education": 43.664259927797836, "avg_tt_essential_services": 43.24267782426778, "avg_tt_food_and_drink": 41.601800257179598, "avg_tt_healthcare": 43.189189189189186, "avg_tt_shelter": 38.413793103448278, "avg_tt_all": 42.283224861310352, "n_unreachable_categories": 0, "count_community": 291.0, "count_education": 277.0, "count_essential_services": 479.0, "count_food_and_drink": 2333.0, "count_healthcare": 444.0, "count_shelter": 58.0, "gravity_community_per_100": 1.1714048778921911, "gravity_education_per_100": 1.097739750535929, "gravity_essential_services_per_100": 1.9076736531929428, "gravity_food_and_drink_per_100": 9.6453556983525335, "gravity_healthcare_per_100": 1.8025151084417574, "gravity_shelter_per_100": 0.29501888157993145, "shannon": 1.2575905736482578, "kl_divergence": 0.00020915387176836031, "jsd": 0.0072207275350570114, "city_similarity": 0.99277927246494302 }, "geometry": { "type": "Polygon", "coordinates": [ [ [ -3.137184912903796, 55.92827513408325 ], [ -3.14518702949995, 55.928265964154555 ], [ -3.149203034886316, 55.932151810578766 ], [ -3.145216128993968, 55.936047215643832 ], [ -3.137212408565073, 55.936056388241134 ], [ -3.133197198124641, 55.932170153104352 ], [ -3.137184912903796, 55.92827513408325 ] ] ] } },
{ "type": "Feature", "properties": { "from_id": "140", "population": 506.67571483987842, "gravity_community": 52.597651983433956, "gravity_education": 49.389109741045424, "gravity_essential_services": 91.46868454913448, "gravity_food_and_drink": 459.1651253416955, "gravity_healthcare": 82.831613747831042, "gravity_shelter": 14.910863550762338, "avg_gravity": 125.06050815231713, "min_tt_community": 7.0, "min_tt_education": 3.0, "min_tt_essential_services": 4.0, "min_tt_food_and_drink": 2.0, "min_tt_healthcare": 8.0, "min_tt_shelter": 17.0, "avg_tt_community": 43.51383399209486, "avg_tt_education": 44.402439024390247, "avg_tt_essential_services": 43.060465116279069, "avg_tt_food_and_drink": 43.029004908522978, "avg_tt_healthcare": 44.088452088452087, "avg_tt_shelter": 39.383333333333333, "avg_tt_all": 42.912921410512098, "n_unreachable_categories": 0, "count_community": 253.0, "count_education": 246.0, "count_essential_services": 431.0, "count_food_and_drink": 2241.0, "count_healthcare": 407.0, "count_shelter": 60.0, "gravity_community_per_100": 10.380930137939622, "gravity_education_per_100": 9.7476765304714785, "gravity_essential_services_per_100": 18.052707455702858, "gravity_food_and_drink_per_100": 90.623077422765888, "gravity_healthcare_per_100": 16.348052871254705, "gravity_shelter_per_100": 2.9428810408792785, "shannon": 1.2314621624565849, "kl_divergence": 0.00058897806232675052, "jsd": 0.01217188350215148, "city_similarity": 0.98782811649784852 }, "geometry": { "type": "Polygon", "coordinates": [ [ [ -3.10118547410532, 55.9322006004789 ], [ -3.109188410763704, 55.932193768346252 ], [ -3.11320122123147, 55.936080786742636 ], [ -3.109210298378615, 55.939975025703603 ], [ -3.101205757480027, 55.939981859824627 ], [ -3.097193743937965, 55.936094452995981 ], [ -3.10118547410532, 55.9322006004789 ] ] ] } },
{ "type": "Feature", "properties": { "from_id": "141", "population": 351.60182519255267, "gravity_community": 52.031652096769548, "gravity_education": 47.774001679303922, "gravity_essential_services": 80.678668326620055, "gravity_food_and_drink": 408.34503955330365, "gravity_healthcare": 78.297732002075733, "gravity_shelter": 14.448860652670817, "avg_gravity": 113.59599238512396, "min_tt_community": 1.0, "min_tt_education": 2.0, "min_tt_essential_services": 8.0, "min_tt_food_and_drink": 7.0, "min_tt_healthcare": 4.0, "min_tt_shelter": 5.0, "avg_tt_community": 45.339694656488547, "avg_tt_education": 45.164609053497941, "avg_tt_essential_services": 45.754629629629626, "avg_tt_food_and_drink": 45.329246139872843, "avg_tt_healthcare": 45.225316455696202, "avg_tt_shelter": 38.117647058823529, "avg_tt_all": 44.155190499001442, "n_unreachable_categories": 0, "count_community": 262.0, "count_education": 243.0, "count_essential_services": 432.0, "count_food_and_drink": 2202.0, "count_healthcare": 396.0, "count_shelter": 51.0, "gravity_community_per_100": 14.798459043343909, "gravity_education_per_100": 13.587529488261548, "gravity_essential_services_per_100": 22.946032285935051, "gravity_food_and_drink_per_100": 116.13848686071977, "gravity_healthcare_per_100": 22.268863922761621, "gravity_shelter_per_100": 4.1094384662986272, "shannon": 1.2317797379855731, "kl_divergence": 0.00038562103045757488, "jsd": 0.0098546141898477203, "city_similarity": 0.99014538581015232 }, "geometry": { "type": "Polygon", "coordinates": [ [ [ -3.125194273036743, 55.932178544658441 ], [ -3.133197198124641, 55.932170153104352 ], [ -3.137212408565073, 55.936056388241134 ], [ -3.133223898444876, 55.9399514035889 ], [ -3.125219369124595, 55.93995979758521 ], [ -3.121204954420358, 55.936073173791129 ], [ -3.125194273036743, 55.932178544658441 ] ] ] } },
{ "type": "Feature", "properties": { "from_id": "142", "population": 1735.886513836243, "gravity_community": 38.309320192895541, "gravity_education": 37.404151131258118, "gravity_essential_services": 66.31911370030214, "gravity_food_and_drink": 348.98799166299324, "gravity_healthcare": 61.649583952391225, "gravity_shelter": 9.5804702411192846, "avg_gravity": 93.708438480159927, "min_tt_community": 11.0, "min_tt_education": 4.0, "min_tt_essential_services": 22.0, "min_tt_food_and_drink": 8.0, "min_tt_healthcare": 22.0, "min_tt_shelter": 5.0, "avg_tt_community": 47.37777777777778, "avg_tt_education": 47.223255813953486, "avg_tt_essential_services": 47.120822622107973, "avg_tt_food_and_drink": 47.454022988505749, "avg_tt_healthcare": 47.394957983193279, "avg_tt_shelter": 44.918367346938773, "avg_tt_all": 46.91486742207951, "n_unreachable_categories": 0, "count_community": 225.0, "count_education": 215.0, "count_essential_services": 389.0, "count_food_and_drink": 2088.0, "count_healthcare": 358.0, "count_shelter": 49.0, "gravity_community_per_100": 2.2069023457203665, "gravity_education_per_100": 2.154757861940892, "gravity_essential_services_per_100": 3.8204751964884749, "gravity_food_and_drink_per_100": 20.10430917466736, "gravity_healthcare_per_100": 3.5514754830457207, "gravity_shelter_per_100": 0.55190648494335093, "shannon": 1.2046929039759042, "kl_divergence": 0.0013662650568528293, "jsd": 0.018542912052907961, "city_similarity": 0.98145708794709208 }, "geometry": { "type": "Polygon", "coordinates": [ [ [ -3.137212408565073, 55.936056388241134 ], [ -3.145216128993968, 55.936047215643832 ], [ -3.149232943662249, 55.939933055725049 ], [ -3.145245242828767, 55.943828457229969 ], [ -3.137239917776737, 55.943837632496944 ], [ -3.133223898444876, 55.9399514035889 ], [ -3.137212408565073, 55.936056388241134 ] ] ] } },
{ "type": "Feature", "properties": { "from_id": "143", "population": 1968.6435435917224, "gravity_community": 63.619837818658773, "gravity_education": 58.386424526831583, "gravity_essential_services": 106.40835806599749, "gravity_food_and_drink": 526.34807939182394, "gravity_healthcare": 98.98906830298472, "gravity_shelter": 16.077782716425769, "avg_gravity": 144.97159180378705, "min_tt_community": 2.0, "min_tt_education": 16.0, "min_tt_essential_services": 3.0, "min_tt_food_and_drink": 5.0, "min_tt_healthcare": 3.0, "min_tt_shelter": 22.0, "avg_tt_community": 42.561643835616437, "avg_tt_education": 43.51418439716312, "avg_tt_essential_services": 41.395397489539747, "avg_tt_food_and_drink": 40.795435333896876, "avg_tt_healthcare": 41.904977375565608, "avg_tt_shelter": 39.454545454545453, "avg_tt_all": 41.60436398105454, "n_unreachable_categories": 0, "count_community": 292.0, "count_education": 282.0, "count_essential_services": 478.0, "count_food_and_drink": 2367.0, "count_healthcare": 442.0, "count_shelter": 66.0, "gravity_community_per_100": 3.2316585714946937, "gravity_education_per_100": 2.9658200295777042, "gravity_essential_services_per_100": 5.4051612549349137, "gravity_food_and_drink_per_100": 26.736586270540375, "gravity_healthcare_per_100": 5.0282880628751396, "gravity_shelter_per_100": 0.81669344197743432, "shannon": 1.2583916400675279, "kl_divergence": 0.00020023907015637903, "jsd": 0.0070741957317192582, "city_similarity": 0.9929258042682807 }, "geometry": { "type": "Polygon", "coordinates": [ [ [ -3.11320122123147, 55.936080786742636 ], [ -3.121204954420358, 55.936073173791129 ], [ -3.125219369124595, 55.93995979758521 ], [ -3.121229254376774, 55.94385442293234 ], [ -3.113223916556126, 55.943862038099589 ], [ -3.109210298378615, 55.939975025703603 ], [ -3.11320122123147, 55.936080786742636 ] ] ] } },
{ "type": "Feature", "properties": { "from_id": "144", "population": 34.15016982118064, "gravity_community": 55.743819160275251, "gravity_education": 51.725119554177994, "gravity_essential_services": 92.721566469612611, "gravity_food_and_drink": 463.20284003615615, "gravity_healthcare": 88.897454037391455, "gravity_shelter": 14.11272309447992, "avg_gravity": 127.73392039201558, "min_tt_community": 13.0, "min_tt_education": 5.0, "min_tt_essential_services": 13.0, "min_tt_food_and_drink": 7.0, "min_tt_healthcare": 2.0, "min_tt_shelter": 9.0, "avg_tt_community": 43.148288973384034, "avg_tt_education": 43.736842105263158, "avg_tt_essential_services": 43.155056179775279, "avg_tt_food_and_drink": 43.335811106252734, "avg_tt_healthcare": 43.284337349397589, "avg_tt_shelter": 38.964912280701753, "avg_tt_all": 42.604207999129088, "n_unreachable_categories": 0, "count_community": 263.0, "count_education": 247.0, "count_essential_services": 445.0, "count_food_and_drink": 2288.0, "count_healthcare": 415.0, "count_shelter": 57.0, "gravity_community_per_100": 163.23145522310634, "gravity_education_per_100": 151.46372572969463, "gravity_essential_services_per_100": 271.51128956349959, "gravity_food_and_drink_per_100": 1356.3705318644365, "gravity_healthcare_per_100": 260.31335862422395, "gravity_shelter_per_100": 41.325484377904672, "shannon": 1.2293400134750903, "kl_divergence": 0.00050614824642806577, "jsd": 0.011283692834823073, "city_similarity": 0.98871630716517689 }, "geometry": { "type": "Polygon", "coordinates": [ [ [ -3.101205757480027, 55.939981859824627 ], [ -3.109210298378615, 55.939975025703603 ], [ -3.113223916556126, 55.943862038099589 ], [ -3.109232196781167, 55.947756273162689 ], [ -3.101226050851706, 55.947763109272884 ], [ -3.097213229991722, 55.943875708330481 ], [ -3.101205757480027, 55.939981859824627 ] ] ] } },
{ "type": "Feature", "properties": { "from_id": "145", "population": 1958.7348103146958, "gravity_community": 60.769056863677903, "gravity_education": 58.280904264557066, "gravity_essential_services": 105.54222311312347, "gravity_food_and_drink": 525.05868799960172, "gravity_healthcare": 97.083025639444273, "gravity_shelter": 16.006478774830335, "avg_gravity": 143.79006277587246, "min_tt_community": 13.0, "min_tt_education": 10.0, "min_tt_essential_services": 12.0, "min_tt_food_and_drink": 11.0, "min_tt_healthcare": 8.0, "min_tt_shelter": 12.0, "avg_tt_community": 42.958762886597938, "avg_tt_education": 43.2491103202847, "avg_tt_essential_services": 41.612836438923395, "avg_tt_food_and_drink": 41.011671529804083, "avg_tt_healthcare": 42.582417582417584, "avg_tt_shelter": 39.439393939393938, "avg_tt_all": 41.809032116236942, "n_unreachable_categories": 0, "count_community": 291.0, "count_education": 281.0, "count_essential_services": 483.0, "count_food_and_drink": 2399.0, "count_healthcare": 455.0, "count_shelter": 66.0, "gravity_community_per_100": 3.1024647412027448, "gravity_education_per_100": 2.9754361824607329, "gravity_essential_services_per_100": 5.3882854665847679, "gravity_food_and_drink_per_100": 26.806011984605732, "gravity_healthcare_per_100": 4.9564149842135414, "gravity_shelter_per_100": 0.81718457703106262, "shannon": 1.2557121187975646, "kl_divergence": 0.00024603965680156613, "jsd": 0.0078372109988769454, "city_similarity": 0.99216278900112309 }, "geometry": { "type": "Polygon", "coordinates": [ [ [ -3.125219369124595, 55.93995979758521 ], [ -3.133223898444876, 55.9399514035889 ], [ -3.137239917776737, 55.943837632496944 ], [ -3.133250611924748, 55.94773264417244 ], [ -3.125244477581422, 55.947741040611938 ], [ -3.121229254376774, 55.94385442293234 ], [ -3.125219369124595, 55.93995979758521 ] ] ] } },
{ "type": "Feature", "properties": { "from_id": "146", "population": 805.84511519256307, "gravity_community": 0.0, "gravity_education": 0.0, "gravity_essential_services": 0.0, "gravity_food_and_drink": 0.0, "gravity_healthcare": 0.0, "gravity_shelter": 0.0, "avg_gravity": 0.0, "min_tt_community": null, "min_tt_education": null, "min_tt_essential_services": null, "min_tt_food_and_drink": null, "min_tt_healthcare": null, "min_tt_shelter": null, "avg_tt_community": null, "avg_tt_education": null, "avg_tt_essential_services": null, "avg_tt_food_and_drink": null, "avg_tt_healthcare": null, "avg_tt_shelter": null, "avg_tt_all": null, "n_unreachable_categories": 6, "count_community": 0.0, "count_education": 0.0, "count_essential_services": 0.0, "count_food_and_drink": 0.0, "count_healthcare": 0.0, "count_shelter": 0.0, "gravity_community_per_100": 0.0, "gravity_education_per_100": 0.0, "gravity_essential_services_per_100": 0.0, "gravity_food_and_drink_per_100": 0.0, "gravity_healthcare_per_100": 0.0, "gravity_shelter_per_100": 0.0, "shannon": 1.3815510557964275e-08, "kl_divergence": 0.57496298658424649, "jsd": 0.35510301691020779, "city_similarity": 0.64489698308979215 }, "geometry": { "type": "Polygon", "coordinates": [ [ [ -3.376641734097437, 55.865524732519688 ], [ -3.384630791975952, 55.865500028696474 ], [ -3.388664165110769, 55.869378072199268 ], [ -3.384707700671009, 55.873281209544032 ], [ -3.37671704543669, 55.873305920550038 ], [ -3.372684452259839, 55.869427487027338 ], [ -3.376641734097437, 55.865524732519688 ] ] ] } },
{ "type": "Feature", "properties": { "from_id": "147", "population": 1458.5397367190862, "gravity_community": 1.0744202113279322, "gravity_education": 0.85940343864357605, "gravity_essential_services": 0.53100356656143211, "gravity_food_and_drink": 1.6360701913804085, "gravity_healthcare": 1.5457362254760028, "gravity_shelter": 0.0, "avg_gravity": 0.94110560556489198, "min_tt_community": 45.0, "min_tt_education": 46.0, "min_tt_essential_services": 47.0, "min_tt_food_and_drink": 46.0, "min_tt_healthcare": 46.0, "min_tt_shelter": null, "avg_tt_community": 49.142857142857146, "avg_tt_education": 51.0, "avg_tt_essential_services": 53.25, "avg_tt_food_and_drink": 50.0, "avg_tt_healthcare": 52.5, "avg_tt_shelter": null, "avg_tt_all": 51.178571428571431, "n_unreachable_categories": 1, "count_community": 7.0, "count_education": 6.0, "count_essential_services": 4.0, "count_food_and_drink": 11.0, "count_healthcare": 5.0, "count_shelter": 0.0, "gravity_community_per_100": 0.073664102820043001, "gravity_education_per_100": 0.058922182029593657, "gravity_essential_services_per_100": 0.036406520384278232, "gravity_food_and_drink_per_100": 0.11217179417138598, "gravity_healthcare_per_100": 0.1059783416633585, "gravity_shelter_per_100": 0.0, "shannon": 1.5467759620985024, "kl_divergence": 0.24318141580377325, "jsd": 0.23947308538219361, "city_similarity": 0.76052691461780642 }, "geometry": { "type": "Polygon", "coordinates": [ [ [ -3.364694577376342, 55.869451416597251 ], [ -3.372684452259839, 55.869427487027338 ], [ -3.37671704543669, 55.873305920550038 ], [ -3.372758983248226, 55.87720867360872 ], [ -3.364767510603573, 55.877232610136673 ], [ -3.360735698170537, 55.873353786646796 ], [ -3.364694577376342, 55.869451416597251 ] ] ] } },
{ "type": "Feature", "properties": { "from_id": "148", "population": 1453.1210249114906, "gravity_community": 4.9661977079464741, "gravity_education": 4.0169910369696469, "gravity_essential_services": 4.6300487141179376, "gravity_food_and_drink": 9.2543124357944944, "gravity_healthcare": 4.1536859150044592, "gravity_shelter": 0.26675338651387204, "avg_gravity": 4.5479981993911469, "min_tt_community": 25.0, "min_tt_education": 25.0, "min_tt_essential_services": 26.0, "min_tt_food_and_drink": 25.0, "min_tt_healthcare": 26.0, "min_tt_shelter": 52.0, "avg_tt_community": 43.625, "avg_tt_education": 42.94736842105263, "avg_tt_essential_services": 49.227272727272727, "avg_tt_food_and_drink": 46.48, "avg_tt_healthcare": 47.791666666666664, "avg_tt_shelter": 52.5, "avg_tt_all": 47.095217969165333, "n_unreachable_categories": 0, "count_community": 24.0, "count_education": 19.0, "count_essential_services": 23.0, "count_food_and_drink": 50.0, "count_healthcare": 24.0, "count_shelter": 2.0, "gravity_community_per_100": 0.34176077716919445, "gravity_education_per_100": 0.27643884907757915, "gravity_essential_services_per_100": 0.31862787990421876, "gravity_food_and_drink_per_100": 0.63685765171267639, "gravity_healthcare_per_100": 0.28584583415944032, "gravity_shelter_per_100": 0.018357272514869842, "shannon": 1.5924838465821753, "kl_divergence": 0.14849523244834117, "jsd": 0.18933163417458718, "city_similarity": 0.8106683658254128 }, "geometry": { "type": "Polygon", "coordinates": [ [ [ -3.352745006662695, 55.873376941734193 ], [ -3.360735698170537, 55.873353786646796 ], [ -3.364767510603573, 55.877232610136673 ], [ -3.360807850260914, 55.881134978627223 ], [ -3.352815560586818, 55.881158140447852 ], [ -3.348784529683722, 55.877278927043619 ], [ -3.352745006662695, 55.873376941734193 ] ] ] } },
{ "type": "Feature", "properties": { "from_id": "149", "population": 869.99303708164132, "gravity_community": 1.1553969954063601, "gravity_education": 0.62713544496116636, "gravity_essential_services": 1.3833448266318553, "gravity_food_and_drink": 1.4166242096203006, "gravity_healthcare": 0.39322426775115371, "gravity_shelter": 0.0, "avg_gravity": 0.82928762406180601, "min_tt_community": 50.0, "min_tt_education": 51.0, "min_tt_essential_services": 52.0, "min_tt_food_and_drink": 51.0, "min_tt_healthcare": 51.0, "min_tt_shelter": null, "avg_tt_community": 53.555555555555557, "avg_tt_education": 54.2, "avg_tt_essential_services": 53.666666666666664, "avg_tt_food_and_drink": 53.454545454545453, "avg_tt_healthcare": 53.0, "avg_tt_shelter": null, "avg_tt_all": 53.575353535353528, "n_unreachable_categories": 1, "count_community": 9.0, "count_education": 5.0, "count_essential_services": 4.0, "count_food_and_drink": 11.0, "count_healthcare": 3.0, "count_shelter": 0.0, "gravity_community_per_100": 0.13280531523356734, "gravity_education_per_100": 0.072085110826273779, "gravity_essential_services_per_100": 0.15900642507119747, "gravity_food_and_drink_per_100": 0.16283167212145891, "gravity_healthcare_per_100": 0.045198553435578021, "gravity_shelter_per_100": 0.0, "shannon": 1.4957336220455317, "kl_divergence": 0.29300303417078383, "jsd": 0.25456219898185528, "city_similarity": 0.74543780101814472 }, "geometry": { "type": "Polygon", "coordinates": [ [ [ -3.37671704543669, 55.873305920550038 ], [ -3.384707700671009, 55.873281209544032 ], [ -3.388741891596564, 55.877159244412226 ], [ -3.384784647211555, 55.881062380419948 ], [ -3.376792393835455, 55.881087098611602 ], [ -3.372758983248226, 55.87720867360872 ], [ -3.37671704543669, 55.873305920550038 ] ] ] } },
{ "type": "Feature", "properties": { "from_id": "150", "population": 2785.0844735250739, "gravity_community": 1.4788564766727819, "gravity_education": 1.3176547006257806, "gravity_essential_services": 0.72610347382391727, "gravity_food_and_drink": 3.3457466251412527, "gravity_healthcare": 0.69017261828799847, "gravity_shelter": 0.0, "avg_gravity": 1.259755649091955, "min_tt_community": 36.0, "min_tt_education": 37.0, "min_tt_essential_services": 37.0, "min_tt_food_and_drink": 37.0, "min_tt_healthcare": 37.0, "min_tt_shelter": null, "avg_tt_community": 41.285714285714285, "avg_tt_education": 44.857142857142854, "avg_tt_essential_services": 45.75, "avg_tt_food_and_drink": 43.75, "avg_tt_healthcare": 47.5, "avg_tt_shelter": null, "avg_tt_all": 44.628571428571426, "n_unreachable_categories": 1, "count_community": 7.0, "count_education": 7.0, "count_essential_services": 4.0, "count_food_and_drink": 13.0, "count_healthcare": 4.0, "count_shelter": 0.0, "gravity_community_per_100": 0.053099160572354108, "gravity_education_per_100": 0.047311121553093451, "gravity_essential_services_per_100": 0.026071147239023963, "gravity_food_and_drink_per_100": 0.12013088496761286, "gravity_healthcare_per_100": 0.02478102997768139, "gravity_shelter_per_100": 0.0, "shannon": 1.5074212463543515, "kl_divergence": 0.22138154231712662, "jsd": 0.22589713185130933, "city_similarity": 0.77410286814869067 }, "geometry": { "type": "Polygon", "coordinates": [ [ [ -3.364767510603573, 55.877232610136673 ], [ -3.372758983248226, 55.87720867360872 ], [ -3.376792393835455, 55.881087098611602 ], [ -3.372833550915501, 55.884989850223249 ], [ -3.364840479723439, 55.885013793712034 ], [ -3.360807850260914, 55.881134978627223 ], [ -3.364767510603573, 55.877232610136673 ] ] ] } },
{ "type": "Feature", "properties": { "from_id": "151", "population": 2337.4411046021246, "gravity_community": 4.773903563953434, "gravity_education": 3.6758543226447604, "gravity_essential_services": 3.4589183775972261, "gravity_food_and_drink": 10.032483492008478, "gravity_healthcare": 4.1135907333125665, "gravity_shelter": 0.26675338651387204, "avg_gravity": 4.3869173126717227, "min_tt_community": 28.0, "min_tt_education": 27.0, "min_tt_essential_services": 28.0, "min_tt_food_and_drink": 27.0, "min_tt_healthcare": 27.0, "min_tt_shelter": 52.0, "avg_tt_community": 44.25, "avg_tt_education": 44.578947368421055, "avg_tt_essential_services": 50.0, "avg_tt_food_and_drink": 46.82, "avg_tt_healthcare": 47.916666666666664, "avg_tt_shelter": 52.5, "avg_tt_all": 47.677602339181284, "n_unreachable_categories": 0, "count_community": 24.0, "count_education": 19.0, "count_essential_services": 22.0, "count_food_and_drink": 51.0, "count_healthcare": 24.0, "count_shelter": 2.0, "gravity_community_per_100": 0.20423631442752607, "gravity_education_per_100": 0.15725976219924728, "gravity_essential_services_per_100": 0.14797884621721827, "gravity_food_and_drink_per_100": 0.42920796901602321, "gravity_healthcare_per_100": 0.17598692541229932, "gravity_shelter_per_100": 0.011412197123968964, "shannon": 1.5867900155631907, "kl_divergence": 0.14318460762348617, "jsd": 0.18552253129195581, "city_similarity": 0.81447746870804416 }, "geometry": { "type": "Polygon", "coordinates": [ [ [ -3.352815560586818, 55.881158140447852 ], [ -3.360807850260914, 55.881134978627223 ], [ -3.364840479723439, 55.885013793712034 ], [ -3.360880037862771, 55.888916160645465 ], [ -3.352886149235891, 55.888939329202003 ], [ -3.348854301684728, 55.88506012408812 ], [ -3.352815560586818, 55.881158140447852 ] ] ] } },
{ "type": "Feature", "properties": { "from_id": "152", "population": 2971.6835802763562, "gravity_community": 0.57151142678668621, "gravity_education": 0.10391223038351691, "gravity_essential_services": 0.15252229565390193, "gravity_food_and_drink": 0.31101161490001328, "gravity_healthcare": 0.15848931924611137, "gravity_shelter": 0.0, "avg_gravity": 0.21624114782837164, "min_tt_community": 48.0, "min_tt_education": 59.0, "min_tt_essential_services": 49.0, "min_tt_food_and_drink": 48.0, "min_tt_healthcare": 48.0, "min_tt_shelter": null, "avg_tt_community": 51.0, "avg_tt_education": 59.0, "avg_tt_essential_services": 49.0, "avg_tt_food_and_drink": 48.5, "avg_tt_healthcare": 48.0, "avg_tt_shelter": null, "avg_tt_all": 51.1, "n_unreachable_categories": 1, "count_community": 4.0, "count_education": 1.0, "count_essential_services": 1.0, "count_food_and_drink": 2.0, "count_healthcare": 1.0, "count_shelter": 0.0, "gravity_community_per_100": 0.019231907144486009, "gravity_education_per_100": 0.0034967461230799492, "gravity_essential_services_per_100": 0.0051325213985170624, "gravity_food_and_drink_per_100": 0.010465838858627414, "gravity_healthcare_per_100": 0.0053333174601103532, "gravity_shelter_per_100": 0.0, "shannon": 1.4270610460739779, "kl_divergence": 0.61831851226225476, "jsd": 0.3577070639047491, "city_similarity": 0.64229293609525095 }, "geometry": { "type": "Polygon", "coordinates": [ [ [ -3.376792393835455, 55.881087098611602 ], [ -3.384784647211555, 55.881062380419948 ], [ -3.38881965633373, 55.884940406652589 ], [ -3.384861631623124, 55.888843541325237 ], [ -3.376867779318737, 55.888868266705401 ], [ -3.372833550915501, 55.884989850223249 ], [ -3.376792393835455, 55.881087098611602 ] ] ] } },
{ "type": "Feature", "properties": { "from_id": "153", "population": 16.391782998657064, "gravity_community": 0.0, "gravity_education": 0.0, "gravity_essential_services": 0.0, "gravity_food_and_drink": 0.0, "gravity_healthcare": 0.0, "gravity_shelter": 0.0, "avg_gravity": 0.0, "min_tt_community": null, "min_tt_education": null, "min_tt_essential_services": null, "min_tt_food_and_drink": null, "min_tt_healthcare": null, "min_tt_shelter": null, "avg_tt_community": null, "avg_tt_education": null, "avg_tt_essential_services": null, "avg_tt_food_and_drink": null, "avg_tt_healthcare": null, "avg_tt_shelter": null, "avg_tt_all": null, "n_unreachable_categories": 6, "count_community": 0.0, "count_education": 0.0, "count_essential_services": 0.0, "count_food_and_drink": 0.0, "count_healthcare": 0.0, "count_shelter": 0.0, "gravity_community_per_100": 0.0, "gravity_education_per_100": 0.0, "gravity_essential_services_per_100": 0.0, "gravity_food_and_drink_per_100": 0.0, "gravity_healthcare_per_100": 0.0, "gravity_shelter_per_100": 0.0, "shannon": 1.3815510557964275e-08, "kl_divergence": 0.57496298658424649, "jsd": 0.35510301691020779, "city_similarity": 0.64489698308979215 }, "geometry": { "type": "Polygon", "coordinates": [ [ [ -3.364840479723439, 55.885013793712034 ], [ -3.372833550915501, 55.884989850223249 ], [ -3.376867779318737, 55.888868266705401 ], [ -3.372908155286412, 55.892771016871961 ], [ -3.364913484760159, 55.89279496732437 ], [ -3.360880037862771, 55.888916160645465 ], [ -3.364840479723439, 55.885013793712034 ] ] ] } },
{ "type": "Feature", "properties": { "from_id": "154", "population": 26.892060519142042, "gravity_community": 2.1113950978446749, "gravity_education": 2.1521159213821792, "gravity_essential_services": 2.6080951815888946, "gravity_food_and_drink": 5.7155511137555877, "gravity_healthcare": 2.0949047148565851, "gravity_shelter": 0.2817401713874092, "avg_gravity": 2.4939670334692217, "min_tt_community": 47.0, "min_tt_education": 38.0, "min_tt_essential_services": 47.0, "min_tt_food_and_drink": 45.0, "min_tt_healthcare": 43.0, "min_tt_shelter": 45.0, "avg_tt_community": 49.428571428571431, "avg_tt_education": 51.2, "avg_tt_essential_services": 55.0, "avg_tt_food_and_drink": 54.782608695652172, "avg_tt_healthcare": 49.928571428571431, "avg_tt_shelter": 52.0, "avg_tt_all": 52.05662525879918, "n_unreachable_categories": 0, "count_community": 14.0, "count_education": 15.0, "count_essential_services": 14.0, "count_food_and_drink": 46.0, "count_healthcare": 14.0, "count_shelter": 2.0, "gravity_community_per_100": 7.8513697243160765, "gravity_education_per_100": 8.0027929427359457, "gravity_essential_services_per_100": 9.6983835795417228, "gravity_food_and_drink_per_100": 21.253674889238034, "gravity_healthcare_per_100": 7.7900490866641121, "gravity_shelter_per_100": 1.0476704497480349, "shannon": 1.52096073693051, "kl_divergence": 0.076314041808664565, "jsd": 0.1342007990577179, "city_similarity": 0.86579920094228213 }, "geometry": { "type": "Polygon", "coordinates": [ [ [ -3.376867779318737, 55.888868266705401 ], [ -3.384861631623124, 55.888843541325237 ], [ -3.388897459348077, 55.892721558921423 ], [ -3.384938653931272, 55.896624692260971 ], [ -3.37694320191156, 55.896649424832518 ], [ -3.372908155286412, 55.892771016871961 ], [ -3.376867779318737, 55.888868266705401 ] ] ] } },
{ "type": "Feature", "properties": { "from_id": "155", "population": 115.0715135682084, "gravity_community": 4.1696927635991026, "gravity_education": 3.3098143973456149, "gravity_essential_services": 2.7326710509691678, "gravity_food_and_drink": 9.0634635245787791, "gravity_healthcare": 3.4757367151374927, "gravity_shelter": 0.25671028860543621, "avg_gravity": 3.8346814567059329, "min_tt_community": 32.0, "min_tt_education": 31.0, "min_tt_essential_services": 32.0, "min_tt_food_and_drink": 31.0, "min_tt_healthcare": 32.0, "min_tt_shelter": 53.0, "avg_tt_community": 44.81818181818182, "avg_tt_education": 45.388888888888886, "avg_tt_essential_services": 48.941176470588232, "avg_tt_food_and_drink": 47.659574468085104, "avg_tt_healthcare": 47.05, "avg_tt_shelter": 53.5, "avg_tt_all": 47.892970274290668, "n_unreachable_categories": 0, "count_community": 22.0, "count_education": 18.0, "count_essential_services": 17.0, "count_food_and_drink": 48.0, "count_healthcare": 20.0, "count_shelter": 2.0, "gravity_community_per_100": 3.6235664538535208, "gravity_education_per_100": 2.8763108216037581, "gravity_essential_services_per_100": 2.3747589357546626, "gravity_food_and_drink_per_100": 7.8763746504528509, "gravity_healthcare_per_100": 3.0205014319875585, "gravity_shelter_per_100": 0.22308760930069083, "shannon": 1.5740072381453645, "kl_divergence": 0.13529959278163345, "jsd": 0.17860973255782167, "city_similarity": 0.82139026744217836 }, "geometry": { "type": "Polygon", "coordinates": [ [ [ -3.352886149235891, 55.888939329202003 ], [ -3.360880037862771, 55.888916160645465 ], [ -3.364913484760159, 55.89279496732437 ], [ -3.360952261000073, 55.896697332702566 ], [ -3.352956772633351, 55.896720507997713 ], [ -3.348924108028999, 55.892841311174955 ], [ -3.352886149235891, 55.888939329202003 ] ] ] } },
{ "type": "Feature", "properties": { "from_id": "156", "population": 15.956134488753957, "gravity_community": 10.137219712134529, "gravity_education": 10.947248606617869, "gravity_essential_services": 23.096480638323303, "gravity_food_and_drink": 77.18048655791624, "gravity_healthcare": 14.907730040885241, "gravity_shelter": 2.8994347187165821, "avg_gravity": 23.194766712432294, "min_tt_community": 27.0, "min_tt_education": 18.0, "min_tt_essential_services": 16.0, "min_tt_food_and_drink": 24.0, "min_tt_healthcare": 30.0, "min_tt_shelter": 34.0, "avg_tt_community": 51.732394366197184, "avg_tt_education": 50.458333333333336, "avg_tt_essential_services": 53.53142857142857, "avg_tt_food_and_drink": 54.356321839080458, "avg_tt_healthcare": 53.348214285714285, "avg_tt_shelter": 52.19047619047619, "avg_tt_all": 52.602861431038342, "n_unreachable_categories": 0, "count_community": 71.0, "count_education": 72.0, "count_essential_services": 175.0, "count_food_and_drink": 609.0, "count_healthcare": 112.0, "count_shelter": 21.0, "gravity_community_per_100": 63.531801635786813, "gravity_education_per_100": 68.608400200772934, "gravity_essential_services_per_100": 144.74984937361825, "gravity_food_and_drink_per_100": 483.70416163334431, "gravity_healthcare_per_100": 93.429458440528677, "gravity_shelter_per_100": 18.171285286922924, "shannon": 1.2946921623428544, "kl_divergence": 0.0069434440837943881, "jsd": 0.040909953723575747, "city_similarity": 0.95909004627642425 }, "geometry": { "type": "Polygon", "coordinates": [ [ [ -3.437039983284889, 55.908122909881264 ], [ -3.434567792103052, 55.905752234573264 ], [ -3.435115814208984, 55.905776977539062 ], [ -3.43583869934082, 55.905651092529297 ], [ -3.435893058776855, 55.905517578125007 ], [ -3.436220407485961, 55.905479431152337 ], [ -3.436560392379761, 55.905437469482422 ], [ -3.437312364578248, 55.905361175537116 ], [ -3.438561201095581, 55.905227661132805 ], [ -3.440010070800782, 55.90507507324218 ], [ -3.440275907516479, 55.905082702636712 ], [ -3.440485954284668, 55.905181884765625 ], [ -3.441903114318848, 55.904705047607415 ], [ -3.442156314849854, 55.904720306396477 ], [ -3.443124294281006, 55.905632019042962 ], [ -3.442608356475831, 55.906425476074212 ], [ -3.444200992584228, 55.907745361328118 ], [ -3.443795962982377, 55.908098752268543 ], [ -3.437039983284889, 55.908122909881264 ] ] ] } },
{ "type": "Feature", "properties": { "from_id": "157", "population": 38.220608539109165, "gravity_community": 1.0393853097896049, "gravity_education": 0.25178508235883346, "gravity_essential_services": 1.199526231496888, "gravity_food_and_drink": 0.54811214330775893, "gravity_healthcare": 0.31124438773211249, "gravity_shelter": 0.21188974661628787, "avg_gravity": 0.59365715021691423, "min_tt_community": 41.0, "min_tt_education": 54.0, "min_tt_essential_services": 42.0, "min_tt_food_and_drink": 41.0, "min_tt_healthcare": 41.0, "min_tt_shelter": 58.0, "avg_tt_community": 46.166666666666664, "avg_tt_education": 54.0, "avg_tt_essential_services": 42.0, "avg_tt_food_and_drink": 44.666666666666664, "avg_tt_healthcare": 50.0, "avg_tt_shelter": 58.5, "avg_tt_all": 49.222222222222221, "n_unreachable_categories": 0, "count_community": 6.0, "count_education": 2.0, "count_essential_services": 2.0, "count_food_and_drink": 3.0, "count_healthcare": 2.0, "count_shelter": 2.0, "gravity_community_per_100": 2.7194368418442525, "gravity_education_per_100": 0.65876785321509168, "gravity_essential_services_per_100": 3.1384278726736521, "gravity_food_and_drink_per_100": 1.4340748728448534, "gravity_healthcare_per_100": 0.81433655723621523, "gravity_shelter_per_100": 0.55438611449493824, "shannon": 1.6807679842455996, "kl_divergence": 0.63586958287213646, "jsd": 0.37044775036645816, "city_similarity": 0.62955224963354184 }, "geometry": { "type": "Polygon", "coordinates": [ [ [ -3.388897459348077, 55.892721558921423 ], [ -3.384861631623124, 55.888843541325237 ], [ -3.38881965633373, 55.884940406652589 ], [ -3.396812690035384, 55.88491490657421 ], [ -3.400126038934808, 55.888097826946279 ], [ -3.400080680847168, 55.888118743896484 ], [ -3.399917840957641, 55.888126373291016 ], [ -3.399755954742431, 55.888156890869134 ], [ -3.399310350418091, 55.888172149658196 ], [ -3.399152994155884, 55.888248443603523 ], [ -3.398868799209595, 55.888347625732415 ], [ -3.398817777633667, 55.888347625732415 ], [ -3.39863657951355, 55.888282775878906 ], [ -3.398499011993408, 55.888286590576179 ], [ -3.398395776748658, 55.888309478759759 ], [ -3.398349046707154, 55.888343811035149 ], [ -3.398369312286377, 55.888412475585923 ], [ -3.398352146148682, 55.888431549072259 ], [ -3.398200273513794, 55.888427734375 ], [ -3.398155927658081, 55.888442993164055 ], [ -3.398046493530273, 55.888504028320312 ], [ -3.39793848991394, 55.888614654541016 ], [ -3.397799968719482, 55.888633728027344 ], [ -3.397588491439819, 55.888759613037102 ], [ -3.397270679473877, 55.888858795166001 ], [ -3.397151470184326, 55.888919830322266 ], [ -3.39699673652649, 55.888977050781236 ], [ -3.396925449371338, 55.8890380859375 ], [ -3.39680027961731, 55.889068603515618 ], [ -3.396645784378052, 55.88922119140625 ], [ -3.396559000015259, 55.889251708984375 ], [ -3.396444797515869, 55.889324188232415 ], [ -3.396251916885376, 55.889381408691399 ], [ -3.396113157272339, 55.889484405517571 ], [ -3.395947217941284, 55.88945007324218 ], [ -3.395703554153442, 55.889522552490234 ], [ -3.395614624023437, 55.889583587646477 ], [ -3.39557695388794, 55.889732360839837 ], [ -3.395479202270508, 55.88982009887696 ], [ -3.395291328430176, 55.88984298706054 ], [ -3.395172119140625, 55.889945983886712 ], [ -3.39508843421936, 55.889976501464844 ], [ -3.39493751525879, 55.889957427978523 ], [ -3.394895553588867, 55.889907836914062 ], [ -3.394845485687256, 55.889892578125 ], [ -3.394733667373657, 55.889896392822273 ], [ -3.39465308189392, 55.889923095703118 ], [ -3.394548892974853, 55.890003204345696 ], [ -3.394503116607666, 55.890106201171875 ], [ -3.394357681274414, 55.890113830566399 ], [ -3.394300937652587, 55.89013671875 ], [ -3.394326686859131, 55.890319824218743 ], [ -3.394282341003418, 55.890373229980469 ], [ -3.393922090530396, 55.890449523925774 ], [ -3.393773794174194, 55.8905029296875 ], [ -3.393669843673706, 55.89054870605468 ], [ -3.393587827682495, 55.890628814697259 ], [ -3.393439054489136, 55.89067077636718 ], [ -3.393104314804077, 55.890827178955078 ], [ -3.392640590667725, 55.891010284423828 ], [ -3.392447471618652, 55.891155242919908 ], [ -3.392255306243896, 55.891193389892578 ], [ -3.39204478263855, 55.891300201416016 ], [ -3.391137838363648, 55.891689300537102 ], [ -3.390976905822753, 55.891792297363274 ], [ -3.390644788742065, 55.891941070556634 ], [ -3.390599012374878, 55.892047882080071 ], [ -3.39042091369629, 55.892169952392585 ], [ -3.390419960021973, 55.892272949218743 ], [ -3.390350818634034, 55.892345428466797 ], [ -3.390247106552124, 55.89244079589843 ], [ -3.39022421836853, 55.892654418945312 ], [ -3.39014085435494, 55.892717625859575 ], [ -3.388897459348077, 55.892721558921423 ] ] ] } },
{ "type": "Feature", "properties": { "from_id": "158", "population": 175.42854827782364, "gravity_community": 9.9195873102838981, "gravity_education": 10.169658723670388, "gravity_essential_services": 22.520200485331294, "gravity_food_and_drink": 77.122559244419222, "gravity_healthcare": 14.634202565442864, "gravity_shelter": 2.7960232982434143, "avg_gravity": 22.860371937898517, "min_tt_community": 27.0, "min_tt_education": 32.0, "min_tt_essential_services": 38.0, "min_tt_food_and_drink": 29.0, "min_tt_healthcare": 38.0, "min_tt_shelter": 37.0, "avg_tt_community": 52.183098591549296, "avg_tt_education": 51.309859154929576, "avg_tt_essential_services": 53.868571428571428, "avg_tt_food_and_drink": 54.576354679802954, "avg_tt_healthcare": 53.633928571428569, "avg_tt_shelter": 53.0, "avg_tt_all": 53.095302071046973, "n_unreachable_categories": 0, "count_community": 71.0, "count_education": 71.0, "count_essential_services": 175.0, "count_food_and_drink": 610.0, "count_healthcare": 112.0, "count_shelter": 21.0, "gravity_community_per_100": 5.6544886266597798, "gravity_education_per_100": 5.7970374967504412, "gravity_essential_services_per_100": 12.837249527748687, "gravity_food_and_drink_per_100": 43.962376706373554, "gravity_healthcare_per_100": 8.3419732472886281, "gravity_shelter_per_100": 1.5938245660081465, "shannon": 1.2926705118369779, "kl_divergence": 0.0069458200770704387, "jsd": 0.040917409298640905, "city_similarity": 0.95908259070135915 }, "geometry": { "type": "Polygon", "coordinates": [ [ [ -3.38897530066544, 55.900502701219729 ], [ -3.384938653931272, 55.896624692260971 ], [ -3.388897459348077, 55.892721558921423 ], [ -3.39014085435494, 55.892717625859575 ], [ -3.39002799987793, 55.892803192138665 ], [ -3.390071868896484, 55.892906188964844 ], [ -3.389865875244141, 55.893230438232415 ], [ -3.389299392700195, 55.893447875976555 ], [ -3.389126539230347, 55.893932342529297 ], [ -3.388873100280762, 55.89404296875 ], [ -3.389013051986694, 55.894515991210945 ], [ -3.388689517974853, 55.895038604736321 ], [ -3.387550115585328, 55.895462036132812 ], [ -3.38731575012207, 55.895664215087884 ], [ -3.386956691741943, 55.896179199218757 ], [ -3.387256383895874, 55.896465301513665 ], [ -3.386956930160522, 55.896633148193359 ], [ -3.386628866195679, 55.896984100341797 ], [ -3.386916637420654, 55.897430419921875 ], [ -3.38680648803711, 55.897792816162102 ], [ -3.388103008270263, 55.898990631103509 ], [ -3.38840937614441, 55.89897155761718 ], [ -3.388912439346314, 55.899036407470703 ], [ -3.389251470565796, 55.898857116699212 ], [ -3.390217065811157, 55.898979187011719 ], [ -3.390487432479858, 55.898937225341797 ], [ -3.390981435775757, 55.899200439453118 ], [ -3.390930414199829, 55.899654388427727 ], [ -3.39104151725769, 55.899810791015625 ], [ -3.390731811523438, 55.899864196777351 ], [ -3.390634536743165, 55.899738311767578 ], [ -3.390480995178222, 55.900054931640625 ], [ -3.390619516372681, 55.900173187255866 ], [ -3.390627384185791, 55.900348663330078 ], [ -3.390896320343018, 55.900352478027337 ], [ -3.391012907028198, 55.900440216064453 ], [ -3.391020254731163, 55.900496225455697 ], [ -3.38897530066544, 55.900502701219729 ] ] ] } },
{ "type": "Feature", "properties": { "from_id": "159", "population": 38.924052652901636, "gravity_community": 10.020170743160843, "gravity_education": 10.935381332711847, "gravity_essential_services": 22.552433382896265, "gravity_food_and_drink": 77.262528109636577, "gravity_healthcare": 15.03644582623858, "gravity_shelter": 3.0954612767094676, "avg_gravity": 23.150403445225596, "min_tt_community": 27.0, "min_tt_education": 5.0, "min_tt_essential_services": 38.0, "min_tt_food_and_drink": 29.0, "min_tt_healthcare": 13.0, "min_tt_shelter": 16.0, "avg_tt_community": 51.929577464788736, "avg_tt_education": 51.06849315068493, "avg_tt_essential_services": 53.834285714285713, "avg_tt_food_and_drink": 54.538587848932679, "avg_tt_healthcare": 53.366071428571431, "avg_tt_shelter": 52.0, "avg_tt_all": 52.789502601210579, "n_unreachable_categories": 0, "count_community": 71.0, "count_education": 73.0, "count_essential_services": 175.0, "count_food_and_drink": 610.0, "count_healthcare": 112.0, "count_shelter": 21.0, "gravity_community_per_100": 25.74287634567229, "gravity_education_per_100": 28.094148957782423, "gravity_essential_services_per_100": 57.939581944366395, "gravity_food_and_drink_per_100": 198.49559037084737, "gravity_healthcare_per_100": 38.630216540716944, "gravity_shelter_per_100": 7.9525667697366895, "shannon": 1.2953026446273594, "kl_divergence": 0.006845747614639788, "jsd": 0.040628734336021315, "city_similarity": 0.95937126566397868 }, "geometry": { "type": "Polygon", "coordinates": [ [ [ -3.409006794783085, 55.904328498499808 ], [ -3.401009780996331, 55.90435479597928 ], [ -3.399687493256424, 55.903085207855284 ], [ -3.402573585510254, 55.902706146240249 ], [ -3.404394149780273, 55.902664184570298 ], [ -3.405439376831055, 55.902732849121094 ], [ -3.406419277191163, 55.902935028076158 ], [ -3.407305955886841, 55.903041839599616 ], [ -3.410515752061601, 55.902839960374919 ], [ -3.409006794783085, 55.904328498499808 ] ] ] } },
{ "type": "Feature", "properties": { "from_id": "160", "population": 51.268853455206404, "gravity_community": 0.0, "gravity_education": 0.0, "gravity_essential_services": 0.0, "gravity_food_and_drink": 2.3369339184759399, "gravity_healthcare": 0.0, "gravity_shelter": 0.0, "avg_gravity": 0.38948898641265667, "min_tt_community": null, "min_tt_education": null, "min_tt_essential_services": null, "min_tt_food_and_drink": 10.0, "min_tt_healthcare": null, "min_tt_shelter": null, "avg_tt_community": null, "avg_tt_education": null, "avg_tt_essential_services": null, "avg_tt_food_and_drink": 10.5, "avg_tt_healthcare": null, "avg_tt_shelter": null, "avg_tt_all": 10.5, "n_unreachable_categories": 5, "count_community": 0.0, "count_education": 0.0, "count_essential_services": 0.0, "count_food_and_drink": 3.0, "count_healthcare": 0.0, "count_shelter": 0.0, "gravity_community_per_100": 0.0, "gravity_education_per_100": 0.0, "gravity_essential_services_per_100": 0.0, "gravity_food_and_drink_per_100": 4.5581942270616977, "gravity_healthcare_per_100": 0.0, "gravity_shelter_per_100": 0.0, "shannon": 1.1412925456691193e-08, "kl_divergence": 0.50370937095792179, "jsd": 0.4022436289892084, "city_similarity": 0.5977563710107916 }, "geometry": { "type": "Polygon", "coordinates": [ [ [ -3.425000781781889, 55.904274345840037 ], [ -3.422728164336092, 55.902093973328334 ], [ -3.423353672027587, 55.902286529541009 ], [ -3.4260413646698, 55.903305053710938 ], [ -3.427381515502929, 55.903381347656243 ], [ -3.428601503372192, 55.903678894042969 ], [ -3.430070400238038, 55.903949737548828 ], [ -3.430827617645264, 55.904186248779297 ], [ -3.430957286154396, 55.904253647398427 ], [ -3.425000781781889, 55.904274345840037 ] ] ] } },
{ "type": "Feature", "properties": { "from_id": "161", "population": 34.214977916155227, "gravity_community": 0.0, "gravity_education": 0.0, "gravity_essential_services": 0.0, "gravity_food_and_drink": 0.94647673158520862, "gravity_healthcare": 0.0, "gravity_shelter": 0.0, "avg_gravity": 0.15774612193086809, "min_tt_community": null, "min_tt_education": null, "min_tt_essential_services": null, "min_tt_food_and_drink": 19.0, "min_tt_healthcare": null, "min_tt_shelter": null, "avg_tt_community": null, "avg_tt_education": null, "avg_tt_essential_services": null, "avg_tt_food_and_drink": 19.5, "avg_tt_healthcare": null, "avg_tt_shelter": null, "avg_tt_all": 19.5, "n_unreachable_categories": 5, "count_community": 0.0, "count_education": 0.0, "count_essential_services": 0.0, "count_food_and_drink": 2.0, "count_healthcare": 0.0, "count_shelter": 0.0, "gravity_community_per_100": 0.0, "gravity_education_per_100": 0.0, "gravity_essential_services_per_100": 0.0, "gravity_food_and_drink_per_100": 2.7662643357671506, "gravity_healthcare_per_100": 0.0, "gravity_shelter_per_100": 0.0, "shannon": 1.1412925456691193e-08, "kl_divergence": 0.50370937095792179, "jsd": 0.4022436289892084, "city_similarity": 0.5977563710107916 }, "geometry": { "type": "Polygon", "coordinates": [ [ [ -3.425000781781889, 55.904274345840037 ], [ -3.421044436937235, 55.908178628336294 ], [ -3.413046642877961, 55.908205708604441 ], [ -3.409006794783085, 55.904328498499808 ], [ -3.410515752061601, 55.902839960374919 ], [ -3.412763833999634, 55.902698516845696 ], [ -3.412961006164551, 55.902530670166016 ], [ -3.41310691833496, 55.902500152587891 ], [ -3.414446592330933, 55.902351379394524 ], [ -3.417351007461548, 55.902206420898438 ], [ -3.41891622543335, 55.901882171630852 ], [ -3.42144799232483, 55.90179061889647 ], [ -3.422374725341797, 55.901985168457024 ], [ -3.422728164336092, 55.902093973328334 ], [ -3.425000781781889, 55.904274345840037 ] ] ] } },
{ "type": "Feature", "properties": { "from_id": "162", "population": 109.99906558450034, "gravity_community": 9.9349485235667565, "gravity_education": 10.259912952163592, "gravity_essential_services": 22.520200485331294, "gravity_food_and_drink": 76.122559244419222, "gravity_healthcare": 14.717799824744338, "gravity_shelter": 2.8705195161798422, "avg_gravity": 22.737656757734175, "min_tt_community": 27.0, "min_tt_education": 25.0, "min_tt_essential_services": 38.0, "min_tt_food_and_drink": 29.0, "min_tt_healthcare": 30.0, "min_tt_shelter": 30.0, "avg_tt_community": 52.140845070422536, "avg_tt_education": 51.2112676056338, "avg_tt_essential_services": 53.868571428571428, "avg_tt_food_and_drink": 54.576354679802954, "avg_tt_healthcare": 53.5625, "avg_tt_shelter": 52.666666666666664, "avg_tt_all": 53.004367575182897, "n_unreachable_categories": 0, "count_community": 71.0, "count_education": 71.0, "count_essential_services": 175.0, "count_food_and_drink": 609.0, "count_healthcare": 112.0, "count_shelter": 21.0, "gravity_community_per_100": 9.0318481077776198, "gravity_education_per_100": 9.3272728251332406, "gravity_essential_services_per_100": 20.473083444542052, "gravity_food_and_drink_per_100": 69.202914442889082, "gravity_healthcare_per_100": 13.379931680818006, "gravity_shelter_per_100": 2.6095853641363287, "shannon": 1.2933690548084495, "kl_divergence": 0.0069988417413038096, "jsd": 0.041070098687281203, "city_similarity": 0.95892990131271882 }, "geometry": { "type": "Polygon", "coordinates": [ [ [ -3.401009780996331, 55.90435479597928 ], [ -3.3970510143024, 55.908258311212435 ], [ -3.389053180311675, 55.90828383354858 ], [ -3.38501571416158, 55.904405833228154 ], [ -3.38897530066544, 55.900502701219729 ], [ -3.391020254731163, 55.900496225455697 ], [ -3.391063451766968, 55.900825500488267 ], [ -3.390799760818482, 55.901142120361328 ], [ -3.39043140411377, 55.901260375976562 ], [ -3.389629602432251, 55.901874542236335 ], [ -3.3879075050354, 55.902751922607422 ], [ -3.388149738311767, 55.902782440185547 ], [ -3.388773679733276, 55.902740478515618 ], [ -3.389498472213745, 55.902671813964837 ], [ -3.393208980560302, 55.902851104736328 ], [ -3.394997358322144, 55.903121948242195 ], [ -3.395930290222168, 55.903038024902337 ], [ -3.397839069366455, 55.903327941894524 ], [ -3.399687493256424, 55.903085207855284 ], [ -3.401009780996331, 55.90435479597928 ] ] ] } },
{ "type": "Feature", "properties": { "from_id": "163", "population": 0.0, "gravity_community": 9.9557866372163151, "gravity_education": 10.859558828263634, "gravity_essential_services": 22.574741875629492, "gravity_food_and_drink": 77.333679013703261, "gravity_healthcare": 14.893078546210312, "gravity_shelter": 2.9091051393965794, "avg_gravity": 23.087658340069936, "min_tt_community": 27.0, "min_tt_education": 15.0, "min_tt_essential_services": 38.0, "min_tt_food_and_drink": 29.0, "min_tt_healthcare": 24.0, "min_tt_shelter": 27.0, "avg_tt_community": 52.112676056338032, "avg_tt_education": 50.794520547945204, "avg_tt_essential_services": 53.811428571428571, "avg_tt_food_and_drink": 54.532019704433495, "avg_tt_healthcare": 53.410714285714285, "avg_tt_shelter": 52.523809523809526, "avg_tt_all": 52.864194781611509, "n_unreachable_categories": 0, "count_community": 71.0, "count_education": 73.0, "count_essential_services": 175.0, "count_food_and_drink": 610.0, "count_healthcare": 112.0, "count_shelter": 21.0, "gravity_community_per_100": 0.0, "gravity_education_per_100": 0.0, "gravity_essential_services_per_100": 0.0, "gravity_food_and_drink_per_100": 0.0, "gravity_healthcare_per_100": 0.0, "gravity_shelter_per_100": 0.0, "shannon": 1.2953026446273594, "kl_divergence": 0.006845747614639788, "jsd": 0.040628734336021315, "city_similarity": 0.95937126566397868 }, "geometry": { "type": "Polygon", "coordinates": [ [ [ -3.401009780996331, 55.90435479597928 ], [ -3.409006794783085, 55.904328498499808 ], [ -3.413046642877961, 55.908205708604441 ], [ -3.409088696782173, 55.91210960700186 ], [ -3.401090081730585, 55.912135912131596 ], [ -3.3970510143024, 55.908258311212435 ], [ -3.401009780996331, 55.90435479597928 ] ] ] } },
{ "type": "Feature", "properties": { "from_id": "164", "population": 3.6353957497202374, "gravity_community": 2.637954757926166, "gravity_education": 1.6555144732765257, "gravity_essential_services": 1.6473920726327951, "gravity_food_and_drink": 6.4223644338656678, "gravity_healthcare": 1.3209447875614861, "gravity_shelter": 0.10391223038351691, "avg_gravity": 2.2980137926076929, "min_tt_community": 27.0, "min_tt_education": 53.0, "min_tt_essential_services": 53.0, "min_tt_food_and_drink": 31.0, "min_tt_healthcare": 51.0, "min_tt_shelter": 59.0, "avg_tt_community": 53.473684210526315, "avg_tt_education": 57.533333333333331, "avg_tt_essential_services": 55.857142857142854, "avg_tt_food_and_drink": 55.577777777777776, "avg_tt_healthcare": 55.363636363636367, "avg_tt_shelter": 59.0, "avg_tt_all": 56.134262423736111, "n_unreachable_categories": 0, "count_community": 19.0, "count_education": 15.0, "count_essential_services": 14.0, "count_food_and_drink": 46.0, "count_healthcare": 11.0, "count_shelter": 1.0, "gravity_community_per_100": 72.563069870155687, "gravity_education_per_100": 45.538769015833452, "gravity_essential_services_per_100": 45.315343529231185, "gravity_food_and_drink_per_100": 176.66204386028406, "gravity_healthcare_per_100": 36.335653076096044, "gravity_shelter_per_100": 2.8583471384515287, "shannon": 1.4935688262301188, "kl_divergence": 0.11040559421770627, "jsd": 0.15816400513011991, "city_similarity": 0.84183599486988014 }, "geometry": { "type": "Polygon", "coordinates": [ [ [ -3.364913484760159, 55.89279496732437 ], [ -3.372908155286412, 55.892771016871961 ], [ -3.37694320191156, 55.896649424832518 ], [ -3.372982796385734, 55.900552173555923 ], [ -3.364986525737974, 55.900576130974706 ], [ -3.360952261000073, 55.896697332702566 ], [ -3.364913484760159, 55.89279496732437 ] ] ] } },
{ "type": "Feature", "properties": { "from_id": "165", "population": 0.77443863196810681, "gravity_community": 2.2081189415500657, "gravity_education": 1.4940433478891562, "gravity_essential_services": 0.69347478219311753, "gravity_food_and_drink": 3.0697190784785491, "gravity_healthcare": 1.8301614155050432, "gravity_shelter": 0.277189393550128, "avg_gravity": 1.5954511598610097, "min_tt_community": 43.0, "min_tt_education": 42.0, "min_tt_essential_services": 43.0, "min_tt_food_and_drink": 43.0, "min_tt_healthcare": 43.0, "min_tt_shelter": 51.0, "avg_tt_community": 50.733333333333334, "avg_tt_education": 52.909090909090907, "avg_tt_essential_services": 52.2, "avg_tt_food_and_drink": 50.761904761904759, "avg_tt_healthcare": 52.333333333333336, "avg_tt_shelter": 51.5, "avg_tt_all": 51.739610389610391, "n_unreachable_categories": 0, "count_community": 15.0, "count_education": 11.0, "count_essential_services": 5.0, "count_food_and_drink": 21.0, "count_healthcare": 7.0, "count_shelter": 2.0, "gravity_community_per_100": 285.12510228712364, "gravity_education_per_100": 192.91952728291636, "gravity_essential_services_per_100": 89.545478953027796, "gravity_food_and_drink_per_100": 396.37990045478097, "gravity_healthcare_per_100": 236.32103822790876, "gravity_shelter_per_100": 35.792299364727882, "shannon": 1.5864898127313376, "kl_divergence": 0.26732505070721641, "jsd": 0.24314618930279783, "city_similarity": 0.75685381069720215 }, "geometry": { "type": "Polygon", "coordinates": [ [ [ -3.352956772633351, 55.896720507997713 ], [ -3.360952261000073, 55.896697332702566 ], [ -3.364986525737974, 55.900576130974706 ], [ -3.361024519696807, 55.904478494799577 ], [ -3.353027430802651, 55.904501676836027 ], [ -3.348993948739714, 55.90062248830521 ], [ -3.352956772633351, 55.896720507997713 ] ] ] } },
{ "type": "Feature", "properties": { "from_id": "166", "population": 14.963385364415521, "gravity_community": 6.7691622492725116, "gravity_education": 7.5475982220899445, "gravity_essential_services": 14.13331369935409, "gravity_food_and_drink": 41.705932143578643, "gravity_healthcare": 8.5718129972182027, "gravity_shelter": 1.9481992312237804, "avg_gravity": 13.446003090456195, "min_tt_community": 25.0, "min_tt_education": 34.0, "min_tt_essential_services": 42.0, "min_tt_food_and_drink": 28.0, "min_tt_healthcare": 39.0, "min_tt_shelter": 41.0, "avg_tt_community": 52.270833333333336, "avg_tt_education": 51.833333333333336, "avg_tt_essential_services": 54.542857142857144, "avg_tt_food_and_drink": 55.245614035087719, "avg_tt_healthcare": 53.46153846153846, "avg_tt_shelter": 55.25, "avg_tt_all": 53.767362717691668, "n_unreachable_categories": 0, "count_community": 48.0, "count_education": 54.0, "count_essential_services": 106.0, "count_food_and_drink": 342.0, "count_healthcare": 65.0, "count_shelter": 16.0, "gravity_community_per_100": 45.238173611235602, "gravity_education_per_100": 50.440445382359222, "gravity_essential_services_per_100": 94.452647948000944, "gravity_food_and_drink_per_100": 278.71989611896026, "gravity_healthcare_per_100": 57.285251889608226, "gravity_shelter_per_100": 13.019775831322233, "shannon": 1.365294460444836, "kl_divergence": 0.013597951411415739, "jsd": 0.057260433121997613, "city_similarity": 0.94273956687800242 }, "geometry": { "type": "Polygon", "coordinates": [ [ [ -3.37694320191156, 55.896649424832518 ], [ -3.384938653931272, 55.896624692260971 ], [ -3.38897530066544, 55.900502701219729 ], [ -3.38501571416158, 55.904405833228154 ], [ -3.377018661638975, 55.904430572993952 ], [ -3.372982796385734, 55.900552173555923 ], [ -3.37694320191156, 55.896649424832518 ] ] ] } },
{ "type": "Feature", "properties": { "from_id": "167", "population": 5.7193124935165258, "gravity_community": 11.481758489312121, "gravity_education": 11.249944206202557, "gravity_essential_services": 25.847590152758492, "gravity_food_and_drink": 88.304594978699313, "gravity_healthcare": 17.634673902711825, "gravity_shelter": 2.8576556568065143, "avg_gravity": 26.229369564415137, "min_tt_community": 10.0, "min_tt_education": 32.0, "min_tt_essential_services": 37.0, "min_tt_food_and_drink": 14.0, "min_tt_healthcare": 37.0, "min_tt_shelter": 39.0, "avg_tt_community": 51.210526315789473, "avg_tt_education": 50.870129870129873, "avg_tt_essential_services": 53.653266331658294, "avg_tt_food_and_drink": 54.227338129496403, "avg_tt_healthcare": 53.420634920634917, "avg_tt_shelter": 52.333333333333336, "avg_tt_all": 52.61920481684038, "n_unreachable_categories": 0, "count_community": 76.0, "count_education": 77.0, "count_essential_services": 199.0, "count_food_and_drink": 695.0, "count_healthcare": 127.0, "count_shelter": 21.0, "gravity_community_per_100": 200.7541728543066, "gravity_education_per_100": 196.70098843096289, "gravity_essential_services_per_100": 451.93526638139809, "gravity_food_and_drink_per_100": 1543.9722008336203, "gravity_healthcare_per_100": 308.33555471400939, "gravity_shelter_per_100": 49.965020446880345, "shannon": 1.2749040799849445, "kl_divergence": 0.0072252605807996721, "jsd": 0.041771112109978394, "city_similarity": 0.95822888789002159 }, "geometry": { "type": "Polygon", "coordinates": [ [ [ -3.364986525737974, 55.900576130974706 ], [ -3.372982796385734, 55.900552173555923 ], [ -3.377018661638975, 55.904430572993952 ], [ -3.373057474238261, 55.908333320276157 ], [ -3.365059602681148, 55.908357284664106 ], [ -3.361024519696807, 55.904478494799577 ], [ -3.364986525737974, 55.900576130974706 ] ] ] } },
{ "type": "Feature", "properties": { "from_id": "168", "population": 73.331443732249767, "gravity_community": 10.22643171475044, "gravity_education": 10.148021525141067, "gravity_essential_services": 22.520200485331294, "gravity_food_and_drink": 77.258118803020437, "gravity_healthcare": 14.625444172584334, "gravity_shelter": 2.7616239075115998, "avg_gravity": 22.923306768056531, "min_tt_community": 17.0, "min_tt_education": 34.0, "min_tt_essential_services": 38.0, "min_tt_food_and_drink": 20.0, "min_tt_healthcare": 39.0, "min_tt_shelter": 41.0, "avg_tt_community": 51.91549295774648, "avg_tt_education": 51.338028169014088, "avg_tt_essential_services": 53.868571428571428, "avg_tt_food_and_drink": 54.561576354679801, "avg_tt_healthcare": 53.642857142857146, "avg_tt_shelter": 53.19047619047619, "avg_tt_all": 53.086167040557534, "n_unreachable_categories": 0, "count_community": 71.0, "count_education": 71.0, "count_essential_services": 175.0, "count_food_and_drink": 610.0, "count_healthcare": 112.0, "count_shelter": 21.0, "gravity_community_per_100": 13.945493494018107, "gravity_education_per_100": 13.838567753000833, "gravity_essential_services_per_100": 30.710155615588054, "gravity_food_and_drink_per_100": 105.35469489065001, "gravity_healthcare_per_100": 19.944301418618252, "gravity_shelter_per_100": 3.7659478212305948, "shannon": 1.2926705118369779, "kl_divergence": 0.0069458200770704387, "jsd": 0.040917409298640905, "city_similarity": 0.95908259070135915 }, "geometry": { "type": "Polygon", "coordinates": [ [ [ -3.377018661638975, 55.904430572993952 ], [ -3.38501571416158, 55.904405833228154 ], [ -3.389053180311675, 55.90828383354858 ], [ -3.385092812339653, 55.912186964227871 ], [ -3.377094158526054, 55.912211711190807 ], [ -3.373057474238261, 55.908333320276157 ], [ -3.377018661638975, 55.904430572993952 ] ] ] } },
{ "type": "Feature", "properties": { "from_id": "169", "population": 49.38875839840334, "gravity_community": 10.245301100153782, "gravity_education": 10.148021525141067, "gravity_essential_services": 22.520200485331294, "gravity_food_and_drink": 77.25191205300176, "gravity_healthcare": 14.625444172584334, "gravity_shelter": 2.7616239075115998, "avg_gravity": 22.925417207287307, "min_tt_community": 17.0, "min_tt_education": 34.0, "min_tt_essential_services": 38.0, "min_tt_food_and_drink": 21.0, "min_tt_healthcare": 39.0, "min_tt_shelter": 41.0, "avg_tt_community": 51.901408450704224, "avg_tt_education": 51.338028169014088, "avg_tt_essential_services": 53.868571428571428, "avg_tt_food_and_drink": 54.559934318555008, "avg_tt_healthcare": 53.642857142857146, "avg_tt_shelter": 53.19047619047619, "avg_tt_all": 53.083545950029681, "n_unreachable_categories": 0, "count_community": 71.0, "count_education": 71.0, "count_essential_services": 175.0, "count_food_and_drink": 610.0, "count_healthcare": 112.0, "count_shelter": 21.0, "gravity_community_per_100": 20.7441965183822, "gravity_education_per_100": 20.547229479389255, "gravity_essential_services_per_100": 45.597826743624594, "gravity_food_and_drink_per_100": 156.41598322807644, "gravity_healthcare_per_100": 29.612901086934695, "gravity_shelter_per_100": 5.5916042376171147, "shannon": 1.2926705118369779, "kl_divergence": 0.0069458200770704387, "jsd": 0.040917409298640905, "city_similarity": 0.95908259070135915 }, "geometry": { "type": "Polygon", "coordinates": [ [ [ -3.353027430802651, 55.904501676836027 ], [ -3.361024519696807, 55.904478494799577 ], [ -3.365059602681148, 55.908357284664106 ], [ -3.361096813976981, 55.912259646937557 ], [ -3.353098123767269, 55.912282835717996 ], [ -3.349063823840077, 55.908403655479916 ], [ -3.353027430802651, 55.904501676836027 ] ] ] } },
{ "type": "Feature", "properties": { "from_id": "170", "population": 66.027589380019649, "gravity_community": 11.665062209014753, "gravity_education": 11.650712103503672, "gravity_essential_services": 25.847590152758492, "gravity_food_and_drink": 89.691363852320833, "gravity_healthcare": 16.829510278673173, "gravity_shelter": 2.8576556568065143, "avg_gravity": 26.423649042179573, "min_tt_community": 11.0, "min_tt_education": 27.0, "min_tt_essential_services": 37.0, "min_tt_food_and_drink": 10.0, "min_tt_healthcare": 27.0, "min_tt_shelter": 39.0, "avg_tt_community": 50.907894736842103, "avg_tt_education": 50.350649350649348, "avg_tt_essential_services": 53.653266331658294, "avg_tt_food_and_drink": 54.178417266187047, "avg_tt_healthcare": 53.269841269841272, "avg_tt_shelter": 52.333333333333336, "avg_tt_all": 52.448900381418561, "n_unreachable_categories": 0, "count_community": 76.0, "count_education": 77.0, "count_essential_services": 199.0, "count_food_and_drink": 696.0, "count_healthcare": 126.0, "count_shelter": 21.0, "gravity_community_per_100": 17.666951525182704, "gravity_education_per_100": 17.645218026132039, "gravity_essential_services_per_100": 39.146651264206426, "gravity_food_and_drink_per_100": 135.83922220165437, "gravity_healthcare_per_100": 25.488603228888866, "gravity_shelter_per_100": 4.3279721153522202, "shannon": 1.2734778111815155, "kl_divergence": 0.0072219514627741982, "jsd": 0.041761035347528438, "city_similarity": 0.9582389646524716 }, "geometry": { "type": "Polygon", "coordinates": [ [ [ -3.365059602681148, 55.908357284664106 ], [ -3.373057474238261, 55.908333320276157 ], [ -3.377094158526054, 55.912211711190807 ], [ -3.37313218886881, 55.916114457033707 ], [ -3.365132715613968, 55.916138428393623 ], [ -3.361096813976981, 55.912259646937557 ], [ -3.365059602681148, 55.908357284664106 ] ] ] } },
{ "type": "Feature", "properties": { "from_id": "171", "population": 62.376067794738503, "gravity_community": 7.1752201777048015, "gravity_education": 8.6289801012775165, "gravity_essential_services": 13.107508637684669, "gravity_food_and_drink": 43.222592705196845, "gravity_healthcare": 9.178188900424864, "gravity_shelter": 1.932881267739065, "avg_gravity": 13.874228631671293, "min_tt_community": 19.0, "min_tt_education": 19.0, "min_tt_essential_services": 42.0, "min_tt_food_and_drink": 18.0, "min_tt_healthcare": 14.0, "min_tt_shelter": 43.0, "avg_tt_community": 51.170212765957444, "avg_tt_education": 51.245614035087719, "avg_tt_essential_services": 54.580952380952382, "avg_tt_food_and_drink": 55.035294117647062, "avg_tt_healthcare": 52.846153846153847, "avg_tt_shelter": 55.375, "avg_tt_all": 53.375537857633077, "n_unreachable_categories": 0, "count_community": 47.0, "count_education": 57.0, "count_essential_services": 105.0, "count_food_and_drink": 341.0, "count_healthcare": 65.0, "count_shelter": 16.0, "gravity_community_per_100": 11.503162080233022, "gravity_education_per_100": 13.833799414341058, "gravity_essential_services_per_100": 21.013682171851016, "gravity_food_and_drink_per_100": 69.293551570820128, "gravity_healthcare_per_100": 14.714279410218056, "gravity_shelter_per_100": 3.0987545962333103, "shannon": 1.3689457790199202, "kl_divergence": 0.014293312164209379, "jsd": 0.058719587923628247, "city_similarity": 0.94128041207637181 }, "geometry": { "type": "Polygon", "coordinates": [ [ [ -3.377094158526054, 55.912211711190807 ], [ -3.385092812339653, 55.912186964227871 ], [ -3.389131098312666, 55.916064955908986 ], [ -3.385169948491116, 55.919968085261146 ], [ -3.377169692597892, 55.919992839424076 ], [ -3.37313218886881, 55.916114457033707 ], [ -3.377094158526054, 55.912211711190807 ] ] ] } },
{ "type": "Feature", "properties": { "from_id": "172", "population": 49.498155215106173, "gravity_community": 3.128418129595409, "gravity_education": 3.0412584669514331, "gravity_essential_services": 2.8119283645235793, "gravity_food_and_drink": 8.884021772453, "gravity_healthcare": 3.0922803306661693, "gravity_shelter": 0.37504506079969507, "avg_gravity": 3.5554920208315477, "min_tt_community": 34.0, "min_tt_education": 39.0, "min_tt_essential_services": 48.0, "min_tt_food_and_drink": 36.0, "min_tt_healthcare": 44.0, "min_tt_shelter": 46.0, "avg_tt_community": 51.727272727272727, "avg_tt_education": 53.173913043478258, "avg_tt_essential_services": 55.043478260869563, "avg_tt_food_and_drink": 54.171428571428571, "avg_tt_healthcare": 52.695652173913047, "avg_tt_shelter": 55.0, "avg_tt_all": 53.635290796160369, "n_unreachable_categories": 0, "count_community": 22.0, "count_education": 23.0, "count_essential_services": 23.0, "count_food_and_drink": 70.0, "count_healthcare": 23.0, "count_shelter": 3.0, "gravity_community_per_100": 6.3202721717609736, "gravity_education_per_100": 6.1441854827415501, "gravity_essential_services_per_100": 5.6808750796947205, "gravity_food_and_drink_per_100": 17.948187632135664, "gravity_healthcare_per_100": 6.2472637964544724, "gravity_shelter_per_100": 0.75769502756182794, "shannon": 1.5325338755578639, "kl_divergence": 0.080715919480012929, "jsd": 0.13864961869794643, "city_similarity": 0.86135038130205355 }, "geometry": { "type": "Polygon", "coordinates": [ [ [ -3.353098123767269, 55.912282835717996 ], [ -3.361096813976981, 55.912259646937557 ], [ -3.365132715613968, 55.916138428393623 ], [ -3.361169143864627, 55.920040789117536 ], [ -3.353168851550703, 55.920063984644656 ], [ -3.349133733353306, 55.916184812700095 ], [ -3.353098123767269, 55.912282835717996 ] ] ] } },
{ "type": "Feature", "properties": { "from_id": "173", "population": 59.385386925643168, "gravity_community": 3.1005478787589524, "gravity_education": 3.5628246779869839, "gravity_essential_services": 4.9244255231708864, "gravity_food_and_drink": 13.024149158541038, "gravity_healthcare": 3.4210071171497476, "gravity_shelter": 0.38519345704978691, "avg_gravity": 4.7363579687762325, "min_tt_community": 17.0, "min_tt_education": 16.0, "min_tt_essential_services": 44.0, "min_tt_food_and_drink": 14.0, "min_tt_healthcare": 16.0, "min_tt_shelter": 47.0, "avg_tt_community": 46.0625, "avg_tt_education": 47.055555555555557, "avg_tt_essential_services": 54.90625, "avg_tt_food_and_drink": 53.701030927835049, "avg_tt_healthcare": 48.9, "avg_tt_shelter": 54.0, "avg_tt_all": 50.770889413898431, "n_unreachable_categories": 0, "count_community": 16.0, "count_education": 18.0, "count_essential_services": 33.0, "count_food_and_drink": 97.0, "count_healthcare": 20.0, "count_shelter": 3.0, "gravity_community_per_100": 5.2210620141974804, "gravity_education_per_100": 5.9994972878563884, "gravity_essential_services_per_100": 8.292318663069068, "gravity_food_and_drink_per_100": 21.931572450388611, "gravity_healthcare_per_100": 5.7606884357480288, "gravity_shelter_per_100": 0.64863340459849184, "shannon": 1.3876310348388827, "kl_divergence": 0.020187063284905427, "jsd": 0.070030475560194608, "city_similarity": 0.92996952443980541 }, "geometry": { "type": "Polygon", "coordinates": [ [ [ -3.365132715613968, 55.916138428393623 ], [ -3.37313218886881, 55.916114457033707 ], [ -3.377169692597892, 55.919992839424076 ], [ -3.373206940302222, 55.923895583829648 ], [ -3.36520586456074, 55.923919562164308 ], [ -3.361169143864627, 55.920040789117536 ], [ -3.365132715613968, 55.916138428393623 ] ] ] } },
{ "type": "Feature", "properties": { "from_id": "174", "population": 136.69845948058881, "gravity_community": 0.0, "gravity_education": 0.0, "gravity_essential_services": 0.0, "gravity_food_and_drink": 1.5000645287122416, "gravity_healthcare": 0.0, "gravity_shelter": 0.0, "avg_gravity": 0.2500107547853736, "min_tt_community": null, "min_tt_education": null, "min_tt_essential_services": null, "min_tt_food_and_drink": 7.0, "min_tt_healthcare": null, "min_tt_shelter": null, "avg_tt_community": null, "avg_tt_education": null, "avg_tt_essential_services": null, "avg_tt_food_and_drink": 7.5, "avg_tt_healthcare": null, "avg_tt_shelter": null, "avg_tt_all": 7.5, "n_unreachable_categories": 5, "count_community": 0.0, "count_education": 0.0, "count_essential_services": 0.0, "count_food_and_drink": 2.0, "count_healthcare": 0.0, "count_shelter": 0.0, "gravity_community_per_100": 0.0, "gravity_education_per_100": 0.0, "gravity_essential_services_per_100": 0.0, "gravity_food_and_drink_per_100": 1.0973529141528116, "gravity_healthcare_per_100": 0.0, "gravity_shelter_per_100": 0.0, "shannon": 1.1412925456691193e-08, "kl_divergence": 0.50370937095792179, "jsd": 0.4022436289892084, "city_similarity": 0.5977563710107916 }, "geometry": { "type": "Polygon", "coordinates": [ [ [ -3.437039983284889, 55.908122909881264 ], [ -3.433084460206996, 55.912027575308585 ], [ -3.425085886283244, 55.912055438588446 ], [ -3.421044436937235, 55.908178628336294 ], [ -3.425000781781889, 55.904274345840037 ], [ -3.430957286154396, 55.904253647398427 ], [ -3.431165218353272, 55.904361724853523 ], [ -3.432016849517823, 55.904376983642571 ], [ -3.432247161865235, 55.904640197753913 ], [ -3.43281102180481, 55.904922485351548 ], [ -3.433286190032959, 55.905445098876953 ], [ -3.433933019638061, 55.905723571777337 ], [ -3.434567792103052, 55.905752234573264 ], [ -3.437039983284889, 55.908122909881264 ] ] ] } },
{ "type": "Feature", "properties": { "from_id": "175", "population": 46.852919757766337, "gravity_community": 0.80164254770087073, "gravity_education": 1.0779110813348243, "gravity_essential_services": 1.5060846867862683, "gravity_food_and_drink": 1.3300459463460343, "gravity_healthcare": 0.54059999540612358, "gravity_shelter": 0.13081774742601945, "avg_gravity": 0.89785033416669002, "min_tt_community": 53.0, "min_tt_education": 42.0, "min_tt_essential_services": 24.0, "min_tt_food_and_drink": 38.0, "min_tt_healthcare": 47.0, "min_tt_shelter": 53.0, "avg_tt_community": 56.571428571428569, "avg_tt_education": 49.142857142857146, "avg_tt_essential_services": 41.0, "avg_tt_food_and_drink": 53.3, "avg_tt_healthcare": 52.5, "avg_tt_shelter": 53.0, "avg_tt_all": 50.919047619047625, "n_unreachable_categories": 0, "count_community": 7.0, "count_education": 7.0, "count_essential_services": 3.0, "count_food_and_drink": 10.0, "count_healthcare": 4.0, "count_shelter": 1.0, "gravity_community_per_100": 1.7109767157424387, "gravity_education_per_100": 2.3006273395718306, "gravity_essential_services_per_100": 3.2144948374036386, "gravity_food_and_drink_per_100": 2.8387685404079135, "gravity_healthcare_per_100": 1.1538234931805158, "gravity_shelter_per_100": 0.2792093814053821, "shannon": 1.6185606744362764, "kl_divergence": 0.29034870914584487, "jsd": 0.25546338428036081, "city_similarity": 0.74453661571963914 }, "geometry": { "type": "Polygon", "coordinates": [ [ [ -3.413046642877961, 55.908205708604441 ], [ -3.421044436937235, 55.908178628336294 ], [ -3.425085886283244, 55.912055438588446 ], [ -3.421128761574068, 55.91595972008956 ], [ -3.413129365869407, 55.915986808236092 ], [ -3.409088696782173, 55.91210960700186 ], [ -3.413046642877961, 55.908205708604441 ] ] ] } },
{ "type": "Feature", "properties": { "from_id": "176", "population": 22.910471621064708, "gravity_community": 2.6526512063708561, "gravity_education": 3.0614432453263491, "gravity_essential_services": 3.8798807437497542, "gravity_food_and_drink": 13.64211518104193, "gravity_healthcare": 3.2483955060137988, "gravity_shelter": 0.38519345704978691, "avg_gravity": 4.478279889925413, "min_tt_community": 28.0, "min_tt_education": 28.0, "min_tt_essential_services": 44.0, "min_tt_food_and_drink": 20.0, "min_tt_healthcare": 21.0, "min_tt_shelter": 47.0, "avg_tt_community": 48.0, "avg_tt_education": 50.10526315789474, "avg_tt_essential_services": 55.1875, "avg_tt_food_and_drink": 53.989690721649481, "avg_tt_healthcare": 49.4, "avg_tt_shelter": 54.0, "avg_tt_all": 51.780408979924033, "n_unreachable_categories": 0, "count_community": 16.0, "count_education": 19.0, "count_essential_services": 32.0, "count_food_and_drink": 98.0, "count_healthcare": 20.0, "count_shelter": 3.0, "gravity_community_per_100": 11.578335226988139, "gravity_education_per_100": 13.362637382425374, "gravity_essential_services_per_100": 16.934966717064231, "gravity_food_and_drink_per_100": 59.54532672517697, "gravity_healthcare_per_100": 14.178649657421753, "gravity_shelter_per_100": 1.6812986804498002, "shannon": 1.3867259832856582, "kl_divergence": 0.019356420889769771, "jsd": 0.068555848761378574, "city_similarity": 0.93144415123862145 }, "geometry": { "type": "Polygon", "coordinates": [ [ [ -3.389053180311675, 55.90828383354858 ], [ -3.3970510143024, 55.908258311212435 ], [ -3.401090081730585, 55.912135912131596 ], [ -3.397130533975748, 55.916039426147663 ], [ -3.389131098312666, 55.916064955908986 ], [ -3.385092812339653, 55.912186964227871 ], [ -3.389053180311675, 55.90828383354858 ] ] ] } },
{ "type": "Feature", "properties": { "from_id": "177", "population": 19.944762977622641, "gravity_community": 2.1708887290051311, "gravity_education": 2.1981688706609943, "gravity_essential_services": 2.7052411240198047, "gravity_food_and_drink": 8.1486093525343879, "gravity_healthcare": 2.4306225636325434, "gravity_shelter": 0.39667472635851697, "avg_gravity": 3.0083675610352292, "min_tt_community": 41.0, "min_tt_education": 32.0, "min_tt_essential_services": 38.0, "min_tt_food_and_drink": 26.0, "min_tt_healthcare": 36.0, "min_tt_shelter": 44.0, "avg_tt_community": 50.8, "avg_tt_education": 45.75, "avg_tt_essential_services": 56.304347826086953, "avg_tt_food_and_drink": 55.64179104477612, "avg_tt_healthcare": 51.647058823529413, "avg_tt_shelter": 53.666666666666664, "avg_tt_all": 52.301644060176528, "n_unreachable_categories": 0, "count_community": 15.0, "count_education": 12.0, "count_essential_services": 23.0, "count_food_and_drink": 67.0, "count_healthcare": 17.0, "count_shelter": 3.0, "gravity_community_per_100": 10.884505027413942, "gravity_education_per_100": 11.021283497463804, "gravity_essential_services_per_100": 13.563666447452871, "gravity_food_and_drink_per_100": 40.855884633358919, "gravity_healthcare_per_100": 12.18677086491136, "gravity_shelter_per_100": 1.988866585196188, "shannon": 1.447492831683147, "kl_divergence": 0.029636070509270026, "jsd": 0.085218101788046272, "city_similarity": 0.91478189821195377 }, "geometry": { "type": "Polygon", "coordinates": [ [ [ -3.401090081730585, 55.912135912131596 ], [ -3.409088696782173, 55.91210960700186 ], [ -3.413129365869407, 55.915986808236092 ], [ -3.409170639120502, 55.919890705528488 ], [ -3.401170422015472, 55.919917018311537 ], [ -3.397130533975748, 55.916039426147663 ], [ -3.401090081730585, 55.912135912131596 ] ] ] } },
{ "type": "Feature", "properties": { "from_id": "178", "population": 317.21093012280608, "gravity_community": 1.716448255591122, "gravity_education": 2.2448444246421211, "gravity_essential_services": 1.4506971195844856, "gravity_food_and_drink": 4.5665723786127259, "gravity_healthcare": 1.5937882216118808, "gravity_shelter": 0.2205036705015001, "avg_gravity": 1.9654756784239726, "min_tt_community": 46.0, "min_tt_education": 35.0, "min_tt_essential_services": 18.0, "min_tt_food_and_drink": 44.0, "min_tt_healthcare": 46.0, "min_tt_shelter": 56.0, "avg_tt_community": 50.833333333333336, "avg_tt_education": 50.4, "avg_tt_essential_services": 48.375, "avg_tt_food_and_drink": 51.16, "avg_tt_healthcare": 50.636363636363633, "avg_tt_shelter": 57.5, "avg_tt_all": 51.484116161616157, "n_unreachable_categories": 0, "count_community": 12.0, "count_education": 15.0, "count_essential_services": 8.0, "count_food_and_drink": 26.0, "count_healthcare": 11.0, "count_shelter": 2.0, "gravity_community_per_100": 0.54110627743079676, "gravity_education_per_100": 0.70768192753416304, "gravity_essential_services_per_100": 0.45732885655070515, "gravity_food_and_drink_per_100": 1.4396012069460558, "gravity_healthcare_per_100": 0.50243799007646306, "gravity_shelter_per_100": 0.069513263750443158, "shannon": 1.6074594519610992, "kl_divergence": 0.19478671754636792, "jsd": 0.21156910053750105, "city_similarity": 0.78843089946249889 }, "geometry": { "type": "Polygon", "coordinates": [ [ [ -3.433171208650444, 55.919808649968644 ], [ -3.425171032701031, 55.919836521355123 ], [ -3.421128761574068, 55.91595972008956 ], [ -3.425085886283244, 55.912055438588446 ], [ -3.433084460206996, 55.912027575308585 ], [ -3.436408818879782, 55.915214981771982 ], [ -3.435957431793213, 55.915870666503913 ], [ -3.435684442520142, 55.916061401367188 ], [ -3.433969497680665, 55.916637420654297 ], [ -3.433528423309326, 55.916950225830071 ], [ -3.433985621594375, 55.919004941341555 ], [ -3.433171208650444, 55.919808649968644 ] ] ] } },
{ "type": "Feature", "properties": { "from_id": "179", "population": 17.948888784931345, "gravity_community": 0.25197051328887832, "gravity_education": 1.3964207471376118, "gravity_essential_services": 0.36288431394326925, "gravity_food_and_drink": 1.2065264825867812, "gravity_healthcare": 0.2750807593640946, "gravity_shelter": 0.0, "avg_gravity": 0.58214713605343926, "min_tt_community": 53.0, "min_tt_education": 19.0, "min_tt_essential_services": 37.0, "min_tt_food_and_drink": 41.0, "min_tt_healthcare": 48.0, "min_tt_shelter": null, "avg_tt_community": 54.0, "avg_tt_education": 46.857142857142854, "avg_tt_essential_services": 46.0, "avg_tt_food_and_drink": 52.888888888888886, "avg_tt_healthcare": 52.0, "avg_tt_shelter": null, "avg_tt_all": 50.349206349206348, "n_unreachable_categories": 1, "count_community": 2.0, "count_education": 7.0, "count_essential_services": 2.0, "count_food_and_drink": 9.0, "count_healthcare": 2.0, "count_shelter": 0.0, "gravity_community_per_100": 1.4038223552892894, "gravity_education_per_100": 7.7799843983096642, "gravity_essential_services_per_100": 2.0217647916339088, "gravity_food_and_drink_per_100": 6.7220121370393588, "gravity_healthcare_per_100": 1.5325782150649545, "gravity_shelter_per_100": 0.0, "shannon": 1.3839844868672173, "kl_divergence": 0.29048783670379813, "jsd": 0.24434852253445075, "city_similarity": 0.75565147746554928 }, "geometry": { "type": "Polygon", "coordinates": [ [ [ -3.413129365869407, 55.915986808236092 ], [ -3.421128761574068, 55.91595972008956 ], [ -3.425171032701031, 55.919836521355123 ], [ -3.421213127747059, 55.923740801863204 ], [ -3.413212129608149, 55.923767897891288 ], [ -3.409170639120502, 55.919890705528488 ], [ -3.413129365869407, 55.915986808236092 ] ] ] } },
{ "type": "Feature", "properties": { "from_id": "180", "population": 241.94625832566064, "gravity_community": 12.637546523615667, "gravity_education": 15.622029376851776, "gravity_essential_services": 29.519944516401871, "gravity_food_and_drink": 100.85639367520604, "gravity_healthcare": 22.335917463662589, "gravity_shelter": 5.9623754415283523, "avg_gravity": 31.155701166211049, "min_tt_community": 13.0, "min_tt_education": 13.0, "min_tt_essential_services": 19.0, "min_tt_food_and_drink": 12.0, "min_tt_healthcare": 6.0, "min_tt_shelter": 31.0, "avg_tt_community": 50.578313253012048, "avg_tt_education": 51.019607843137258, "avg_tt_essential_services": 51.371287128712872, "avg_tt_food_and_drink": 51.998581560283689, "avg_tt_healthcare": 49.904411764705884, "avg_tt_shelter": 46.852941176470587, "avg_tt_all": 50.287523787720396, "n_unreachable_categories": 0, "count_community": 83.0, "count_education": 102.0, "count_essential_services": 202.0, "count_food_and_drink": 705.0, "count_healthcare": 137.0, "count_shelter": 34.0, "gravity_community_per_100": 5.2232866137592744, "gravity_education_per_100": 6.456817925170995, "gravity_essential_services_per_100": 12.201033700908862, "gravity_food_and_drink_per_100": 41.68545294858535, "gravity_healthcare_per_100": 9.2317680869436529, "gravity_shelter_per_100": 2.4643387679519191, "shannon": 1.3389932086615646, "kl_divergence": 0.010136002764735252, "jsd": 0.04920664863567039, "city_similarity": 0.95079335136432963 }, "geometry": { "type": "Polygon", "coordinates": [ [ [ -3.389131098312666, 55.916064955908986 ], [ -3.397130533975748, 55.916039426147663 ], [ -3.401170422015472, 55.919917018311537 ], [ -3.397210092818642, 55.923820531112568 ], [ -3.389209054694317, 55.923846068302026 ], [ -3.385169948491116, 55.919968085261146 ], [ -3.389131098312666, 55.916064955908986 ] ] ] } },
{ "type": "Feature", "properties": { "from_id": "181", "population": 61.998374306015933, "gravity_community": 0.26163549485203891, "gravity_education": 1.7793341813788639, "gravity_essential_services": 0.29058232772770354, "gravity_food_and_drink": 0.89465315680833613, "gravity_healthcare": 0.2858425524111457, "gravity_shelter": 0.0, "avg_gravity": 0.58534128552968134, "min_tt_community": 53.0, "min_tt_education": 5.0, "min_tt_essential_services": 47.0, "min_tt_food_and_drink": 40.0, "min_tt_healthcare": 47.0, "min_tt_shelter": null, "avg_tt_community": 53.0, "avg_tt_education": 43.857142857142854, "avg_tt_essential_services": 50.5, "avg_tt_food_and_drink": 50.166666666666664, "avg_tt_healthcare": 51.0, "avg_tt_shelter": null, "avg_tt_all": 49.704761904761902, "n_unreachable_categories": 1, "count_community": 2.0, "count_education": 7.0, "count_essential_services": 2.0, "count_food_and_drink": 6.0, "count_healthcare": 2.0, "count_shelter": 0.0, "gravity_community_per_100": 0.42200379893937223, "gravity_education_per_100": 2.8699690940222098, "gravity_essential_services_per_100": 0.46869346330506484, "gravity_food_and_drink_per_100": 1.4430268000132458, "gravity_healthcare_per_100": 0.46104846394885124, "gravity_shelter_per_100": 0.0, "shannon": 1.4428173533271551, "kl_divergence": 0.41651227665333551, "jsd": 0.29243987537837224, "city_similarity": 0.70756012462162776 }, "geometry": { "type": "Polygon", "coordinates": [ [ [ -3.425256221063564, 55.927617594141097 ], [ -3.421213127747059, 55.923740801863204 ], [ -3.425171032701031, 55.919836521355123 ], [ -3.433171208650444, 55.919808649968644 ], [ -3.433909687003306, 55.920516613089376 ], [ -3.433619499206543, 55.921283721923821 ], [ -3.433288097381592, 55.921581268310547 ], [ -3.432276487350463, 55.921962738037102 ], [ -3.431721210479736, 55.922267913818352 ], [ -3.431270837783813, 55.922771453857422 ], [ -3.431008815765381, 55.923305511474609 ], [ -3.430685758590699, 55.923484802246087 ], [ -3.42970871925354, 55.924419403076172 ], [ -3.428234338760376, 55.925323486328118 ], [ -3.427884817123413, 55.925739288330078 ], [ -3.427800178527832, 55.926223754882812 ], [ -3.428326368331909, 55.926689147949219 ], [ -3.428757408135149, 55.927605459389959 ], [ -3.425256221063564, 55.927617594141097 ] ] ] } },
{ "type": "Feature", "properties": { "from_id": "182", "population": 31.692714479904261, "gravity_community": 2.8039418238782394, "gravity_education": 3.7552076801916683, "gravity_essential_services": 4.118835050756716, "gravity_food_and_drink": 13.972664845287438, "gravity_healthcare": 3.288071809697573, "gravity_shelter": 0.38519345704978691, "avg_gravity": 4.7206524444769036, "min_tt_community": 29.0, "min_tt_education": 26.0, "min_tt_essential_services": 44.0, "min_tt_food_and_drink": 16.0, "min_tt_healthcare": 23.0, "min_tt_shelter": 47.0, "avg_tt_community": 48.352941176470587, "avg_tt_education": 47.80952380952381, "avg_tt_essential_services": 55.205882352941174, "avg_tt_food_and_drink": 53.724489795918366, "avg_tt_healthcare": 50.095238095238095, "avg_tt_shelter": 54.0, "avg_tt_all": 51.531345871682014, "n_unreachable_categories": 0, "count_community": 17.0, "count_education": 21.0, "count_essential_services": 34.0, "count_food_and_drink": 99.0, "count_healthcare": 21.0, "count_shelter": 3.0, "gravity_community_per_100": 8.8472756906202061, "gravity_education_per_100": 11.848804186756464, "gravity_essential_services_per_100": 12.996157376700534, "gravity_food_and_drink_per_100": 44.08793968767565, "gravity_healthcare_per_100": 10.374850698833248, "gravity_shelter_per_100": 1.215400647659987, "shannon": 1.4055968459819388, "kl_divergence": 0.025684365658624943, "jsd": 0.078834187846197779, "city_similarity": 0.92116581215380222 }, "geometry": { "type": "Polygon", "coordinates": [ [ [ -3.401170422015472, 55.919917018311537 ], [ -3.409170639120502, 55.919890705528488 ], [ -3.413212129608149, 55.923767897891288 ], [ -3.409252621825321, 55.927671794080702 ], [ -3.401250801877707, 55.927698114520147 ], [ -3.397210092818642, 55.923820531112568 ], [ -3.401170422015472, 55.919917018311537 ] ] ] } },
{ "type": "Feature", "properties": { "from_id": "183", "population": 9.3855195641614007, "gravity_community": 0.66534726099883856, "gravity_education": 2.045417853333571, "gravity_essential_services": 2.3074220466620914, "gravity_food_and_drink": 4.4325707478951664, "gravity_healthcare": 0.89640558945598803, "gravity_shelter": 0.31986726284905886, "avg_gravity": 1.7778384601991188, "min_tt_community": 48.0, "min_tt_education": 16.0, "min_tt_essential_services": 43.0, "min_tt_food_and_drink": 36.0, "min_tt_healthcare": 43.0, "min_tt_shelter": 58.0, "avg_tt_community": 52.8, "avg_tt_education": 45.4, "avg_tt_essential_services": 55.909090909090907, "avg_tt_food_and_drink": 54.8, "avg_tt_healthcare": 54.142857142857146, "avg_tt_shelter": 58.333333333333336, "avg_tt_all": 53.56421356421356, "n_unreachable_categories": 0, "count_community": 5.0, "count_education": 10.0, "count_essential_services": 12.0, "count_food_and_drink": 35.0, "count_healthcare": 7.0, "count_shelter": 3.0, "gravity_community_per_100": 7.08908288401493, "gravity_education_per_100": 21.793336419477484, "gravity_essential_services_per_100": 24.584915420910537, "gravity_food_and_drink_per_100": 47.227760994936652, "gravity_healthcare_per_100": 9.5509426337878214, "gravity_shelter_per_100": 3.4080932937423278, "shannon": 1.4676895870283755, "kl_divergence": 0.058882856429933961, "jsd": 0.11578311828577509, "city_similarity": 0.88421688171422486 }, "geometry": { "type": "Polygon", "coordinates": [ [ [ -3.413212129608149, 55.923767897891288 ], [ -3.421213127747059, 55.923740801863204 ], [ -3.425256221063564, 55.927617594141097 ], [ -3.42129753548427, 55.931521873658269 ], [ -3.413294934121716, 55.931548977571062 ], [ -3.409252621825321, 55.927671794080702 ], [ -3.413212129608149, 55.923767897891288 ] ] ] } },
{ "type": "Feature", "properties": { "from_id": "184", "population": 39.831769596629485, "gravity_community": 1.7896352780161182, "gravity_education": 2.3617318046073601, "gravity_essential_services": 2.7030293193084809, "gravity_food_and_drink": 5.0480448424949698, "gravity_healthcare": 1.6996526409963499, "gravity_shelter": 0.2205036705015001, "avg_gravity": 2.3037662593207964, "min_tt_community": 44.0, "min_tt_education": 36.0, "min_tt_essential_services": 18.0, "min_tt_food_and_drink": 25.0, "min_tt_healthcare": 44.0, "min_tt_shelter": 56.0, "avg_tt_community": 49.833333333333336, "avg_tt_education": 50.625, "avg_tt_essential_services": 49.8, "avg_tt_food_and_drink": 50.15625, "avg_tt_healthcare": 49.0, "avg_tt_shelter": 57.5, "avg_tt_all": 51.152430555555554, "n_unreachable_categories": 0, "count_community": 12.0, "count_education": 16.0, "count_essential_services": 11.0, "count_food_and_drink": 32.0, "count_healthcare": 11.0, "count_shelter": 2.0, "gravity_community_per_100": 4.4929846103738136, "gravity_education_per_100": 5.9292665842473813, "gravity_essential_services_per_100": 6.7861140659369754, "gravity_food_and_drink_per_100": 12.67341344262578, "gravity_healthcare_per_100": 4.2670779084346089, "gravity_shelter_per_100": 0.55358743217915896, "shannon": 1.5829139589381132, "kl_divergence": 0.1460341308923607, "jsd": 0.18335881288273073, "city_similarity": 0.8166411871172693 }, "geometry": { "type": "Polygon", "coordinates": [ [ [ -3.433084460206996, 55.912027575308585 ], [ -3.437039983284889, 55.908122909881264 ], [ -3.443795962982377, 55.908098752268543 ], [ -3.441647529602051, 55.909973144531243 ], [ -3.442240715026856, 55.912853240966783 ], [ -3.441765308380127, 55.912673950195305 ], [ -3.440773487091064, 55.9127197265625 ], [ -3.439984083175659, 55.912876129150391 ], [ -3.439362287521362, 55.912929534912102 ], [ -3.437752723693848, 55.912799835205071 ], [ -3.437265872955322, 55.912960052490227 ], [ -3.436926841735839, 55.913181304931641 ], [ -3.436767339706421, 55.913539886474602 ], [ -3.436860799789429, 55.914558410644538 ], [ -3.436408818879782, 55.915214981771982 ], [ -3.433084460206996, 55.912027575308585 ] ] ] } },
{ "type": "Feature", "properties": { "from_id": "185", "population": 52.738082210490447, "gravity_community": 0.34607190284238404, "gravity_education": 0.8214945816427256, "gravity_essential_services": 1.7498196661848773, "gravity_food_and_drink": 3.9742470972269031, "gravity_healthcare": 0.33335461129305521, "gravity_shelter": 0.0, "avg_gravity": 1.2041646431983242, "min_tt_community": 54.0, "min_tt_education": 28.0, "min_tt_essential_services": 27.0, "min_tt_food_and_drink": 43.0, "min_tt_healthcare": 55.0, "min_tt_shelter": null, "avg_tt_community": 56.333333333333336, "avg_tt_education": 43.75, "avg_tt_essential_services": 46.5, "avg_tt_food_and_drink": 53.87096774193548, "avg_tt_healthcare": 57.333333333333336, "avg_tt_shelter": null, "avg_tt_all": 51.557526881720435, "n_unreachable_categories": 1, "count_community": 3.0, "count_education": 4.0, "count_essential_services": 5.0, "count_food_and_drink": 31.0, "count_healthcare": 3.0, "count_shelter": 0.0, "gravity_community_per_100": 0.65620873633805521, "gravity_education_per_100": 1.5576876276310958, "gravity_essential_services_per_100": 3.3179433017699123, "gravity_food_and_drink_per_100": 7.5358202851683558, "gravity_healthcare_per_100": 0.63209467868504643, "gravity_shelter_per_100": 0.0, "shannon": 1.0756491367846486, "kl_divergence": 0.033443748566857889, "jsd": 0.10034766647879403, "city_similarity": 0.89965233352120599 }, "geometry": { "type": "Polygon", "coordinates": [ [ [ -3.433171208650444, 55.919808649968644 ], [ -3.433985621594375, 55.919004941341555 ], [ -3.434169292449952, 55.919830322265625 ], [ -3.433909687003306, 55.920516613089376 ], [ -3.433171208650444, 55.919808649968644 ] ] ] } },
{ "type": "Feature", "properties": { "from_id": "186", "population": 51.590429641030489, "gravity_community": 2.7486465558169764, "gravity_education": 2.5433413234063673, "gravity_essential_services": 3.6068334546362806, "gravity_food_and_drink": 11.549579911693773, "gravity_healthcare": 3.5163073445362696, "gravity_shelter": 0.37302596615540207, "avg_gravity": 4.0562890927075115, "min_tt_community": 28.0, "min_tt_education": 30.0, "min_tt_essential_services": 46.0, "min_tt_food_and_drink": 27.0, "min_tt_healthcare": 34.0, "min_tt_shelter": 49.0, "avg_tt_community": 48.882352941176471, "avg_tt_education": 50.0, "avg_tt_essential_services": 56.225806451612904, "avg_tt_food_and_drink": 54.956989247311824, "avg_tt_healthcare": 51.944444444444443, "avg_tt_shelter": 54.666666666666664, "avg_tt_all": 52.779376625202055, "n_unreachable_categories": 0, "count_community": 17.0, "count_education": 16.0, "count_essential_services": 31.0, "count_food_and_drink": 93.0, "count_healthcare": 19.0, "count_shelter": 3.0, "gravity_community_per_100": 5.3278225727954487, "gravity_education_per_100": 4.9298704063972698, "gravity_essential_services_per_100": 6.9912840031239485, "gravity_food_and_drink_per_100": 22.387058979846628, "gravity_healthcare_per_100": 6.8158132603332851, "gravity_shelter_per_100": 0.72305264513387579, "shannon": 1.3898909458248758, "kl_divergence": 0.01923610338289098, "jsd": 0.068481735248994993, "city_similarity": 0.93151826475100497 }, "geometry": { "type": "Polygon", "coordinates": [ [ [ -3.353168851550703, 55.920063984644656 ], [ -3.361169143864627, 55.920040789117536 ], [ -3.36520586456074, 55.923919562164308 ], [ -3.361241509383797, 55.927821921340581 ], [ -3.353239614176475, 55.927845123617082 ], [ -3.349203677302646, 55.923965959966857 ], [ -3.353168851550703, 55.920063984644656 ] ] ] } },
{ "type": "Feature", "properties": { "from_id": "187", "population": 515.05055815752382, "gravity_community": 16.506879020541358, "gravity_education": 19.880302500376352, "gravity_essential_services": 40.172386829706575, "gravity_food_and_drink": 133.54520463764811, "gravity_healthcare": 25.984716990184207, "gravity_shelter": 7.0809003671757962, "avg_gravity": 40.528398390938733, "min_tt_community": 3.0, "min_tt_education": 7.0, "min_tt_essential_services": 16.0, "min_tt_food_and_drink": 5.0, "min_tt_healthcare": 9.0, "min_tt_shelter": 28.0, "avg_tt_community": 50.009615384615387, "avg_tt_education": 50.208, "avg_tt_essential_services": 50.78927203065134, "avg_tt_food_and_drink": 51.22099447513812, "avg_tt_healthcare": 49.012422360248451, "avg_tt_shelter": 45.55263157894737, "avg_tt_all": 49.465489304933442, "n_unreachable_categories": 0, "count_community": 104.0, "count_education": 125.0, "count_essential_services": 262.0, "count_food_and_drink": 905.0, "count_healthcare": 161.0, "count_shelter": 38.0, "gravity_community_per_100": 3.204904598024505, "gravity_education_per_100": 3.8598739843120664, "gravity_essential_services_per_100": 7.7996977565492109, "gravity_food_and_drink_per_100": 25.928562259086895, "gravity_healthcare_per_100": 5.0450808330620243, "gravity_shelter_per_100": 1.3747971446737397, "shannon": 1.3163358300687855, "kl_divergence": 0.0091857695153317077, "jsd": 0.047033329235203723, "city_similarity": 0.95296667076479624 }, "geometry": { "type": "Polygon", "coordinates": [ [ [ -3.377169692597892, 55.919992839424076 ], [ -3.385169948491116, 55.919968085261146 ], [ -3.389209054694317, 55.923846068302026 ], [ -3.385247122641622, 55.927749196329025 ], [ -3.377245263879607, 55.92777395769486 ], [ -3.373206940302222, 55.923895583829648 ], [ -3.377169692597892, 55.919992839424076 ] ] ] } },
{ "type": "Feature", "properties": { "from_id": "188", "population": 47.257969283376674, "gravity_community": 6.0151746667697914, "gravity_education": 4.8136013869754892, "gravity_essential_services": 8.2777798940883969, "gravity_food_and_drink": 26.047953015400438, "gravity_healthcare": 6.5219019413084922, "gravity_shelter": 2.1291654046066819, "avg_gravity": 8.9675960515248807, "min_tt_community": 14.0, "min_tt_education": 19.0, "min_tt_essential_services": 41.0, "min_tt_food_and_drink": 17.0, "min_tt_healthcare": 21.0, "min_tt_shelter": 38.0, "avg_tt_community": 50.78125, "avg_tt_education": 49.724137931034484, "avg_tt_essential_services": 54.030769230769231, "avg_tt_food_and_drink": 53.174358974358974, "avg_tt_healthcare": 52.108695652173914, "avg_tt_shelter": 50.0, "avg_tt_all": 51.636535298056096, "n_unreachable_categories": 0, "count_community": 33.0, "count_education": 29.0, "count_essential_services": 65.0, "count_food_and_drink": 195.0, "count_healthcare": 46.0, "count_shelter": 14.0, "gravity_community_per_100": 12.72838159993826, "gravity_education_per_100": 10.185798204978536, "gravity_essential_services_per_100": 17.5161565755221, "gravity_food_and_drink_per_100": 55.118646464064192, "gravity_healthcare_per_100": 13.800639426973044, "gravity_shelter_per_100": 4.505410276602027, "shannon": 1.427957986483738, "kl_divergence": 0.026440133431588471, "jsd": 0.078694461109323322, "city_similarity": 0.92130553889067668 }, "geometry": { "type": "Polygon", "coordinates": [ [ [ -3.36520586456074, 55.923919562164308 ], [ -3.373206940302222, 55.923895583829648 ], [ -3.377245263879607, 55.92777395769486 ], [ -3.37328172856336, 55.931676700665015 ], [ -3.365279049545796, 55.931700685977205 ], [ -3.361241509383797, 55.927821921340581 ], [ -3.36520586456074, 55.923919562164308 ] ] ] } },
{ "type": "Feature", "properties": { "from_id": "189", "population": 114.23306502270293, "gravity_community": 5.9077780542479674, "gravity_education": 7.2155588204518644, "gravity_essential_services": 11.022124639410681, "gravity_food_and_drink": 33.102605059010578, "gravity_healthcare": 8.6887071126192108, "gravity_shelter": 3.8074710072881843, "avg_gravity": 11.624040782171415, "min_tt_community": 30.0, "min_tt_education": 30.0, "min_tt_essential_services": 28.0, "min_tt_food_and_drink": 29.0, "min_tt_healthcare": 33.0, "min_tt_shelter": 27.0, "avg_tt_community": 52.023809523809526, "avg_tt_education": 51.883720930232556, "avg_tt_essential_services": 51.714285714285715, "avg_tt_food_and_drink": 50.271889400921658, "avg_tt_healthcare": 52.048387096774192, "avg_tt_shelter": 46.38095238095238, "avg_tt_all": 50.720507507829346, "n_unreachable_categories": 0, "count_community": 42.0, "count_education": 44.0, "count_essential_services": 77.0, "count_food_and_drink": 217.0, "count_healthcare": 62.0, "count_shelter": 21.0, "gravity_community_per_100": 5.171688296268548, "gravity_education_per_100": 6.3165238707530325, "gravity_essential_services_per_100": 9.6488040806925017, "gravity_food_and_drink_per_100": 28.978129101614925, "gravity_healthcare_per_100": 7.6061227201532216, "gravity_shelter_per_100": 3.3330726147735588, "shannon": 1.5044343676292955, "kl_divergence": 0.048849917670301987, "jsd": 0.1066482956150344, "city_similarity": 0.89335170438496558 }, "geometry": { "type": "Polygon", "coordinates": [ [ [ -3.353239614176475, 55.927845123617082 ], [ -3.361241509383797, 55.927821921340581 ], [ -3.365279049545796, 55.931700685977205 ], [ -3.361313910558566, 55.935603043607721 ], [ -3.353310411668125, 55.935626252636318 ], [ -3.349273655711361, 55.931747097281225 ], [ -3.353239614176475, 55.927845123617082 ] ] ] } },
{ "type": "Feature", "properties": { "from_id": "190", "population": 320.68775015636606, "gravity_community": 7.5171173597193013, "gravity_education": 8.6781400169389009, "gravity_essential_services": 15.649963597765394, "gravity_food_and_drink": 45.392595885086436, "gravity_healthcare": 11.637263710466435, "gravity_shelter": 3.5141486545690164, "avg_gravity": 15.39820487075758, "min_tt_community": 22.0, "min_tt_education": 23.0, "min_tt_essential_services": 25.0, "min_tt_food_and_drink": 25.0, "min_tt_healthcare": 30.0, "min_tt_shelter": 40.0, "avg_tt_community": 51.480769230769234, "avg_tt_education": 52.327868852459019, "avg_tt_essential_services": 52.542056074766357, "avg_tt_food_and_drink": 52.104615384615386, "avg_tt_healthcare": 51.5, "avg_tt_shelter": 50.75, "avg_tt_all": 51.784218257101664, "n_unreachable_categories": 0, "count_community": 52.0, "count_education": 61.0, "count_essential_services": 108.0, "count_food_and_drink": 325.0, "count_healthcare": 82.0, "count_shelter": 24.0, "gravity_community_per_100": 2.3440612733270867, "gravity_education_per_100": 2.7061027472073609, "gravity_essential_services_per_100": 4.8801251654091979, "gravity_food_and_drink_per_100": 14.154764521860653, "gravity_healthcare_per_100": 3.6288457244756467, "gravity_shelter_per_100": 1.0958163050679459, "shannon": 1.4504960870337538, "kl_divergence": 0.030299767853483952, "jsd": 0.084633703297457175, "city_similarity": 0.91536629670254288 }, "geometry": { "type": "Polygon", "coordinates": [ [ [ -3.377245263879607, 55.92777395769486 ], [ -3.385247122641622, 55.927749196329025 ], [ -3.389287049482557, 55.931627170728738 ], [ -3.385324334816845, 55.935530297432543 ], [ -3.377320872396341, 55.935555066004142 ], [ -3.37328172856336, 55.931676700665015 ], [ -3.377245263879607, 55.92777395769486 ] ] ] } },
{ "type": "Feature", "properties": { "from_id": "191", "population": 17.320994226965258, "gravity_community": 9.9858657772379917, "gravity_education": 10.154482967282874, "gravity_essential_services": 18.301200384430391, "gravity_food_and_drink": 61.294463146193628, "gravity_healthcare": 14.973979698050005, "gravity_shelter": 4.298352956292975, "avg_gravity": 19.834724154914642, "min_tt_community": 35.0, "min_tt_education": 25.0, "min_tt_essential_services": 22.0, "min_tt_food_and_drink": 22.0, "min_tt_healthcare": 32.0, "min_tt_shelter": 27.0, "avg_tt_community": 52.465753424657535, "avg_tt_education": 52.166666666666664, "avg_tt_essential_services": 52.023076923076921, "avg_tt_food_and_drink": 52.042154566744728, "avg_tt_healthcare": 51.735849056603776, "avg_tt_shelter": 46.291666666666664, "avg_tt_all": 51.120861217402727, "n_unreachable_categories": 0, "count_community": 73.0, "count_education": 72.0, "count_essential_services": 130.0, "count_food_and_drink": 428.0, "count_healthcare": 106.0, "count_shelter": 24.0, "gravity_community_per_100": 57.651804777418803, "gravity_education_per_100": 58.625289254322446, "gravity_essential_services_per_100": 105.65906405037163, "gravity_food_and_drink_per_100": 353.87381545783694, "gravity_healthcare_per_100": 86.449885623416307, "gravity_shelter_per_100": 24.815855833502418, "shannon": 1.4215455973155704, "kl_divergence": 0.019039358457940969, "jsd": 0.06805456035277388, "city_similarity": 0.93194543964722609 }, "geometry": { "type": "Polygon", "coordinates": [ [ [ -3.365279049545796, 55.931700685977205 ], [ -3.37328172856336, 55.931676700665015 ], [ -3.377320872396341, 55.935555066004142 ], [ -3.373356553677111, 55.939457807540862 ], [ -3.365352270593488, 55.939481799833366 ], [ -3.361313910558566, 55.935603043607721 ], [ -3.365279049545796, 55.931700685977205 ] ] ] } },
{ "type": "Feature", "properties": { "from_id": "192", "population": 0.021315505871818092, "gravity_community": 45.468173400932308, "gravity_education": 44.405082463352777, "gravity_essential_services": 91.407124941164113, "gravity_food_and_drink": 415.66322225738304, "gravity_healthcare": 67.073075589016739, "gravity_shelter": 15.869827185969784, "avg_gravity": 113.31441763963647, "min_tt_community": 20.0, "min_tt_education": 18.0, "min_tt_essential_services": 11.0, "min_tt_food_and_drink": 11.0, "min_tt_healthcare": 12.0, "min_tt_shelter": 3.0, "avg_tt_community": 48.886120996441278, "avg_tt_education": 47.864864864864863, "avg_tt_essential_services": 45.207983193277308, "avg_tt_food_and_drink": 46.395067070532235, "avg_tt_healthcare": 47.188976377952756, "avg_tt_shelter": 37.563636363636363, "avg_tt_all": 45.517774811117469, "n_unreachable_categories": 0, "count_community": 281.0, "count_education": 259.0, "count_essential_services": 476.0, "count_food_and_drink": 2312.0, "count_healthcare": 381.0, "count_shelter": 55.0, "gravity_community_per_100": 213310.3181991436, "gravity_education_per_100": 208322.91164181166, "gravity_essential_services_per_100": 428829.25458511582, "gravity_food_and_drink_per_100": 1950050.9383028278, "gravity_healthcare_per_100": 314667.99799340527, "gravity_shelter_per_100": 74452.031687185008, "shannon": 1.2323362626798551, "kl_divergence": 0.00049797193258386717, "jsd": 0.011207636859832946, "city_similarity": 0.98879236314016705 }, "geometry": { "type": "Polygon", "coordinates": [ [ [ -3.353310411668125, 55.935626252636318 ], [ -3.361313910558566, 55.935603043607721 ], [ -3.365352270593488, 55.939481799833366 ], [ -3.361386347413032, 55.943384155920036 ], [ -3.353381244049217, 55.943407371703415 ], [ -3.349343668602738, 55.939528224644263 ], [ -3.353310411668125, 55.935626252636318 ] ] ] } },
{ "type": "Feature", "properties": { "from_id": "193", "population": 24.911932398085533, "gravity_community": 31.567674014890216, "gravity_education": 31.805201400111901, "gravity_essential_services": 69.486717142842437, "gravity_food_and_drink": 332.75057253065944, "gravity_healthcare": 51.47000980657112, "gravity_shelter": 10.413455495791027, "avg_gravity": 87.915605065144362, "min_tt_community": 26.0, "min_tt_education": 17.0, "min_tt_essential_services": 21.0, "min_tt_food_and_drink": 21.0, "min_tt_healthcare": 22.0, "min_tt_shelter": 21.0, "avg_tt_community": 50.516746411483254, "avg_tt_education": 49.378109452736318, "avg_tt_essential_services": 47.238095238095241, "avg_tt_food_and_drink": 48.606283750613649, "avg_tt_healthcare": 48.24183006535948, "avg_tt_shelter": 42.208333333333336, "avg_tt_all": 47.698233041936874, "n_unreachable_categories": 0, "count_community": 209.0, "count_education": 201.0, "count_essential_services": 399.0, "count_food_and_drink": 2038.0, "count_healthcare": 306.0, "count_shelter": 48.0, "gravity_community_per_100": 126.71708284386712, "gravity_education_per_100": 127.67055117151855, "gravity_essential_services_per_100": 278.92945449780706, "gravity_food_and_drink_per_100": 1335.7075927045753, "gravity_healthcare_per_100": 206.60785756839383, "gravity_shelter_per_100": 41.80107479976661, "shannon": 1.1863886789315057, "kl_divergence": 0.0027101941461658754, "jsd": 0.026177106904427407, "city_similarity": 0.97382289309557257 }, "geometry": { "type": "Polygon", "coordinates": [ [ [ -3.377320872396341, 55.935555066004142 ], [ -3.385324334816845, 55.935530297432543 ], [ -3.38936508270334, 55.93940826319016 ], [ -3.385401585042481, 55.943311388572759 ], [ -3.377396518173257, 55.94333616435302 ], [ -3.373356553677111, 55.939457807540862 ], [ -3.377320872396341, 55.935555066004142 ] ] ] } },
{ "type": "Feature", "properties": { "from_id": "194", "population": 586.4330030699897, "gravity_community": 32.169649915551403, "gravity_education": 31.680506568350744, "gravity_essential_services": 71.642677511645672, "gravity_food_and_drink": 332.28092597727846, "gravity_healthcare": 51.890935137830859, "gravity_shelter": 10.322532670392075, "avg_gravity": 88.331204630174867, "min_tt_community": 27.0, "min_tt_education": 11.0, "min_tt_essential_services": 9.0, "min_tt_food_and_drink": 14.0, "min_tt_healthcare": 13.0, "min_tt_shelter": 15.0, "avg_tt_community": 50.535211267605632, "avg_tt_education": 49.025380710659896, "avg_tt_essential_services": 47.108641975308643, "avg_tt_food_and_drink": 48.665844027640674, "avg_tt_healthcare": 47.864686468646866, "avg_tt_shelter": 40.272727272727273, "avg_tt_all": 47.245415287098162, "n_unreachable_categories": 0, "count_community": 213.0, "count_education": 197.0, "count_essential_services": 405.0, "count_food_and_drink": 2027.0, "count_healthcare": 303.0, "count_shelter": 44.0, "gravity_community_per_100": 5.4856479337183579, "gravity_education_per_100": 5.4022380054503403, "gravity_essential_services_per_100": 12.216685816895481, "gravity_food_and_drink_per_100": 56.661361867047134, "gravity_healthcare_per_100": 8.8485700610607978, "gravity_shelter_per_100": 1.7602236941566027, "shannon": 1.185588496392634, "kl_divergence": 0.0028124392556370453, "jsd": 0.026692200812494002, "city_similarity": 0.97330779918750598 }, "geometry": { "type": "Polygon", "coordinates": [ [ [ -3.365352270593488, 55.939481799833366 ], [ -3.373356553677111, 55.939457807540862 ], [ -3.377396518173257, 55.94333616435302 ], [ -3.373431415668383, 55.947238904458217 ], [ -3.36542552772819, 55.947262903733844 ], [ -3.361386347413032, 55.943384155920036 ], [ -3.365352270593488, 55.939481799833366 ] ] ] } },
{ "type": "Feature", "properties": { "from_id": "195", "population": 192.08272830681921, "gravity_community": 32.475778076577697, "gravity_education": 33.453664728719595, "gravity_essential_services": 73.78318905081494, "gravity_food_and_drink": 345.15509289064227, "gravity_healthcare": 53.570646346051369, "gravity_shelter": 11.825867576812106, "avg_gravity": 91.710706444936321, "min_tt_community": 29.0, "min_tt_education": 23.0, "min_tt_essential_services": 9.0, "min_tt_food_and_drink": 5.0, "min_tt_healthcare": 10.0, "min_tt_shelter": 9.0, "avg_tt_community": 50.230046948356808, "avg_tt_education": 49.251184834123222, "avg_tt_essential_services": 46.776699029126213, "avg_tt_food_and_drink": 48.261731978713108, "avg_tt_healthcare": 48.148264984227133, "avg_tt_shelter": 39.170212765957444, "avg_tt_all": 46.973023423417317, "n_unreachable_categories": 0, "count_community": 213.0, "count_education": 211.0, "count_essential_services": 412.0, "count_food_and_drink": 2068.0, "count_healthcare": 317.0, "count_shelter": 47.0, "gravity_community_per_100": 16.907182838793926, "gravity_education_per_100": 17.416279445637144, "gravity_essential_services_per_100": 38.41219338209261, "gravity_food_and_drink_per_100": 179.69085296378975, "gravity_healthcare_per_100": 27.889361432060383, "gravity_shelter_per_100": 6.1566532717727291, "shannon": 1.192852330683565, "kl_divergence": 0.0021835374836743499, "jsd": 0.023486700330615107, "city_similarity": 0.97651329966938494 }, "geometry": { "type": "Polygon", "coordinates": [ [ [ -3.353381244049217, 55.943407371703415 ], [ -3.361386347413032, 55.943384155920036 ], [ -3.36542552772819, 55.947262903733844 ], [ -3.361458819971312, 55.951165258278564 ], [ -3.353452111343335, 55.951188480819432 ], [ -3.349413716000082, 55.947309342057018 ], [ -3.353381244049217, 55.943407371703415 ] ] ] } },
{ "type": "Feature", "properties": { "from_id": "196", "population": 60.071450229851358, "gravity_community": 8.1226084254944571, "gravity_education": 9.144320079432056, "gravity_essential_services": 15.840695591096889, "gravity_food_and_drink": 51.375233424441554, "gravity_healthcare": 13.249944183788818, "gravity_shelter": 3.5383256080927539, "avg_gravity": 16.878521218724419, "min_tt_community": 22.0, "min_tt_education": 23.0, "min_tt_essential_services": 25.0, "min_tt_food_and_drink": 25.0, "min_tt_healthcare": 30.0, "min_tt_shelter": 39.0, "avg_tt_community": 51.842105263157897, "avg_tt_education": 52.171875, "avg_tt_essential_services": 52.408695652173911, "avg_tt_food_and_drink": 52.289256198347104, "avg_tt_healthcare": 52.010526315789477, "avg_tt_shelter": 50.5, "avg_tt_all": 51.870409738244739, "n_unreachable_categories": 0, "count_community": 57.0, "count_education": 64.0, "count_essential_services": 115.0, "count_food_and_drink": 364.0, "count_healthcare": 95.0, "count_shelter": 24.0, "gravity_community_per_100": 13.521578710710202, "gravity_education_per_100": 15.222406058856826, "gravity_essential_services_per_100": 26.369757231572809, "gravity_food_and_drink_per_100": 85.523544425620699, "gravity_healthcare_per_100": 22.056974041896048, "gravity_shelter_per_100": 5.890195083611367, "shannon": 1.4349611653454426, "kl_divergence": 0.024531420074375646, "jsd": 0.076610647035181681, "city_similarity": 0.92338935296481828 }, "geometry": { "type": "Polygon", "coordinates": [ [ [ -3.389209054694317, 55.923846068302026 ], [ -3.397210092818642, 55.923820531112568 ], [ -3.401250801877707, 55.927698114520147 ], [ -3.397289690857546, 55.931601626108147 ], [ -3.389287049482557, 55.931627170728738 ], [ -3.385247122641622, 55.927749196329025 ], [ -3.389209054694317, 55.923846068302026 ] ] ] } },
{ "type": "Feature", "properties": { "from_id": "197", "population": 211.52269100057521, "gravity_community": 7.5669608550280323, "gravity_education": 8.4401102644834403, "gravity_essential_services": 14.837952641282996, "gravity_food_and_drink": 44.047637794871605, "gravity_healthcare": 11.133377549857594, "gravity_shelter": 3.5201076044896684, "avg_gravity": 14.924357785002224, "min_tt_community": 36.0, "min_tt_education": 11.0, "min_tt_essential_services": 23.0, "min_tt_food_and_drink": 17.0, "min_tt_healthcare": 35.0, "min_tt_shelter": 40.0, "avg_tt_community": 52.327272727272728, "avg_tt_education": 51.018181818181816, "avg_tt_essential_services": 52.48, "avg_tt_food_and_drink": 51.791530944625407, "avg_tt_healthcare": 51.670886075949369, "avg_tt_shelter": 50.75, "avg_tt_all": 51.672978594338218, "n_unreachable_categories": 0, "count_community": 55.0, "count_education": 55.0, "count_essential_services": 101.0, "count_food_and_drink": 307.0, "count_healthcare": 79.0, "count_shelter": 24.0, "gravity_community_per_100": 3.5773754670166595, "gravity_education_per_100": 3.9901677803732598, "gravity_essential_services_per_100": 7.0148278518462339, "gravity_food_and_drink_per_100": 20.824072153446565, "gravity_healthcare_per_100": 5.2634436037064782, "gravity_shelter_per_100": 1.6641749345369741, "shannon": 1.4610641689801989, "kl_divergence": 0.032181517579995385, "jsd": 0.087037314539932423, "city_similarity": 0.91296268546006754 }, "geometry": { "type": "Polygon", "coordinates": [ [ [ -3.401250801877707, 55.927698114520147 ], [ -3.409252621825321, 55.927671794080702 ], [ -3.413294934121716, 55.931548977571062 ], [ -3.409334644923903, 55.935452872659567 ], [ -3.401331221344031, 55.935479200758458 ], [ -3.397289690857546, 55.931601626108147 ], [ -3.401250801877707, 55.927698114520147 ] ] ] } },
{ "type": "Feature", "properties": { "from_id": "198", "population": 237.17733805657335, "gravity_community": 0.0, "gravity_education": 0.63617161880037698, "gravity_essential_services": 0.11220184543019636, "gravity_food_and_drink": 0.53617116574253132, "gravity_healthcare": 0.11220184543019636, "gravity_shelter": 0.0, "avg_gravity": 0.23279107923388351, "min_tt_community": null, "min_tt_education": 31.0, "min_tt_essential_services": 57.0, "min_tt_food_and_drink": 50.0, "min_tt_healthcare": 57.0, "min_tt_shelter": null, "avg_tt_community": null, "avg_tt_education": 42.666666666666664, "avg_tt_essential_services": 57.0, "avg_tt_food_and_drink": 52.5, "avg_tt_healthcare": 57.0, "avg_tt_shelter": null, "avg_tt_all": 52.291666666666664, "n_unreachable_categories": 2, "count_community": 0.0, "count_education": 3.0, "count_essential_services": 1.0, "count_food_and_drink": 4.0, "count_healthcare": 1.0, "count_shelter": 0.0, "gravity_community_per_100": 0.0, "gravity_education_per_100": 0.2682261399900831, "gravity_essential_services_per_100": 0.047307152677222949, "gravity_food_and_drink_per_100": 0.22606340476535736, "gravity_healthcare_per_100": 0.047307152677222949, "gravity_shelter_per_100": 0.0, "shannon": 1.2148896587846896, "kl_divergence": 0.36573875661155558, "jsd": 0.28846333374072936, "city_similarity": 0.71153666625927059 }, "geometry": { "type": "MultiPolygon", "coordinates": [ [ [ [ -3.42129753548427, 55.931521873658269 ], [ -3.425256221063564, 55.927617594141097 ], [ -3.428757408135149, 55.927605459389959 ], [ -3.428966999053955, 55.92805099487304 ], [ -3.429079055786133, 55.928791046142578 ], [ -3.428890705108642, 55.930068969726555 ], [ -3.429352998733521, 55.930576324462891 ], [ -3.431025505065918, 55.931358337402337 ], [ -3.431190729141235, 55.93162536621093 ], [ -3.431123018264771, 55.931831359863274 ], [ -3.430182456970215, 55.932193756103516 ], [ -3.429320812225342, 55.93235778808593 ], [ -3.425384998321533, 55.932456970214837 ], [ -3.42405652999878, 55.932239532470703 ], [ -3.42318320274353, 55.931861877441399 ], [ -3.422179937362671, 55.931613922119148 ], [ -3.421407563135981, 55.931627366001294 ], [ -3.42129753548427, 55.931521873658269 ] ] ], [ [ [ -3.425341451399185, 55.935398656947413 ], [ -3.4249366617829, 55.93501063811312 ], [ -3.426498179628097, 55.935394658492839 ], [ -3.425341451399185, 55.935398656947413 ] ] ] ] } },
{ "type": "Feature", "properties": { "from_id": "199", "population": 269.3474032112199, "gravity_community": 4.996821694586477, "gravity_education": 5.6174926818779136, "gravity_essential_services": 11.062732416533807, "gravity_food_and_drink": 35.786898203622378, "gravity_healthcare": 8.4489424036129837, "gravity_shelter": 3.2167438039824723, "avg_gravity": 11.521605200702671, "min_tt_community": 40.0, "min_tt_education": 36.0, "min_tt_essential_services": 33.0, "min_tt_food_and_drink": 21.0, "min_tt_healthcare": 37.0, "min_tt_shelter": 37.0, "avg_tt_community": 53.368421052631582, "avg_tt_education": 52.634146341463413, "avg_tt_essential_services": 51.782051282051285, "avg_tt_food_and_drink": 50.931914893617019, "avg_tt_healthcare": 52.049180327868854, "avg_tt_shelter": 49.80952380952381, "avg_tt_all": 51.762539617859325, "n_unreachable_categories": 0, "count_community": 38.0, "count_education": 41.0, "count_essential_services": 78.0, "count_food_and_drink": 236.0, "count_healthcare": 61.0, "count_shelter": 21.0, "gravity_community_per_100": 1.8551586668418754, "gravity_education_per_100": 2.0855937777401641, "gravity_essential_services_per_100": 4.1072355941217333, "gravity_food_and_drink_per_100": 13.286520596435306, "gravity_healthcare_per_100": 3.1368196993484267, "gravity_shelter_per_100": 1.1942731823777524, "shannon": 1.4591661727439726, "kl_divergence": 0.035959108516344152, "jsd": 0.090598190490926767, "city_similarity": 0.90940180950907323 }, "geometry": { "type": "Polygon", "coordinates": [ [ [ -3.425341451399185, 55.935398656947413 ], [ -3.421381984813786, 55.939302935475794 ], [ -3.41337777943766, 55.939330047276435 ], [ -3.409334644923903, 55.935452872659567 ], [ -3.413294934121716, 55.931548977571062 ], [ -3.42129753548427, 55.931521873658269 ], [ -3.421407563135981, 55.931627366001294 ], [ -3.421303272247314, 55.931629180908196 ], [ -3.420961856842041, 55.931705474853516 ], [ -3.420674800872803, 55.931865692138672 ], [ -3.420026302337646, 55.932426452636719 ], [ -3.418330907821655, 55.933425903320305 ], [ -3.418113708496094, 55.933620452880852 ], [ -3.418081283569336, 55.933872222900391 ], [ -3.421041011810303, 55.934257507324226 ], [ -3.424201011657714, 55.934829711914055 ], [ -3.4249366617829, 55.93501063811312 ], [ -3.425341451399185, 55.935398656947413 ] ] ] } },
{ "type": "Feature", "properties": { "from_id": "200", "population": 169.46056991334942, "gravity_community": 33.471590156290276, "gravity_education": 34.987794846144403, "gravity_essential_services": 68.231150960244435, "gravity_food_and_drink": 307.15208572993237, "gravity_healthcare": 50.935919354683705, "gravity_shelter": 10.214525952101781, "avg_gravity": 84.165511166566162, "min_tt_community": 22.0, "min_tt_education": 6.0, "min_tt_essential_services": 6.0, "min_tt_food_and_drink": 6.0, "min_tt_healthcare": 22.0, "min_tt_shelter": 22.0, "avg_tt_community": 49.081730769230766, "avg_tt_education": 48.428571428571431, "avg_tt_essential_services": 47.150895140664964, "avg_tt_food_and_drink": 49.274519979242349, "avg_tt_healthcare": 48.00333333333333, "avg_tt_shelter": 42.3125, "avg_tt_all": 47.375258441840479, "n_unreachable_categories": 0, "count_community": 208.0, "count_education": 210.0, "count_essential_services": 391.0, "count_food_and_drink": 1928.0, "count_healthcare": 300.0, "count_shelter": 48.0, "gravity_community_per_100": 19.75184562013769, "gravity_education_per_100": 20.646569797348597, "gravity_essential_services_per_100": 40.263732734484016, "gravity_food_and_drink_per_100": 181.25283414719365, "gravity_healthcare_per_100": 30.057682079511984, "gravity_shelter_per_100": 6.0276711906048668, "shannon": 1.2117236862790428, "kl_divergence": 0.0013304602628660038, "jsd": 0.018340266358954381, "city_similarity": 0.98165973364104564 }, "geometry": { "type": "Polygon", "coordinates": [ [ [ -3.389287049482557, 55.931627170728738 ], [ -3.397289690857546, 55.931601626108147 ], [ -3.401331221344031, 55.935479200758458 ], [ -3.397369328118945, 55.93938271113548 ], [ -3.38936508270334, 55.93940826319016 ], [ -3.385324334816845, 55.935530297432543 ], [ -3.389287049482557, 55.931627170728738 ] ] ] } },
{ "type": "Feature", "properties": { "from_id": "201", "population": 788.14842191564378, "gravity_community": 47.047095163081771, "gravity_education": 49.60004528940533, "gravity_essential_services": 88.781526924924691, "gravity_food_and_drink": 399.28010193528792, "gravity_healthcare": 66.859682494781282, "gravity_shelter": 12.491709929414272, "avg_gravity": 110.67669362281588, "min_tt_community": 16.0, "min_tt_education": 15.0, "min_tt_essential_services": 14.0, "min_tt_food_and_drink": 8.0, "min_tt_healthcare": 16.0, "min_tt_shelter": 19.0, "avg_tt_community": 47.572490706319705, "avg_tt_education": 46.594890510948908, "avg_tt_essential_services": 45.079569892473117, "avg_tt_food_and_drink": 46.685739830129641, "avg_tt_healthcare": 46.332417582417584, "avg_tt_shelter": 41.428571428571431, "avg_tt_all": 45.615613325143393, "n_unreachable_categories": 0, "count_community": 269.0, "count_education": 274.0, "count_essential_services": 465.0, "count_food_and_drink": 2238.0, "count_healthcare": 364.0, "count_shelter": 56.0, "gravity_community_per_100": 5.9693192113143967, "gravity_education_per_100": 6.2932366430233202, "gravity_essential_services_per_100": 11.264569522214568, "gravity_food_and_drink_per_100": 50.660521652103654, "gravity_healthcare_per_100": 8.4831334601006567, "gravity_shelter_per_100": 1.584943848400076, "shannon": 1.2419203262089524, "kl_divergence": 0.00062197210218891015, "jsd": 0.012540405069676784, "city_similarity": 0.9874595949303232 }, "geometry": { "type": "Polygon", "coordinates": [ [ [ -3.401331221344031, 55.935479200758458 ], [ -3.409334644923903, 55.935452872659567 ], [ -3.41337777943766, 55.939330047276435 ], [ -3.409416708443546, 55.943233941266115 ], [ -3.40141168044121, 55.943260277027512 ], [ -3.397369328118945, 55.93938271113548 ], [ -3.401331221344031, 55.935479200758458 ] ] ] } },
{ "type": "Feature", "properties": { "from_id": "202", "population": 755.01634438548251, "gravity_community": 3.0060830134716618, "gravity_education": 2.9533006104755453, "gravity_essential_services": 5.9635281002291425, "gravity_food_and_drink": 19.659623164412459, "gravity_healthcare": 5.3182114827437834, "gravity_shelter": 2.0080739882345151, "avg_gravity": 6.4848033932611848, "min_tt_community": 44.0, "min_tt_education": 42.0, "min_tt_essential_services": 22.0, "min_tt_food_and_drink": 23.0, "min_tt_healthcare": 42.0, "min_tt_shelter": 46.0, "avg_tt_community": 52.363636363636367, "avg_tt_education": 52.909090909090907, "avg_tt_essential_services": 51.785714285714285, "avg_tt_food_and_drink": 51.109375, "avg_tt_healthcare": 52.9, "avg_tt_shelter": 52.733333333333334, "avg_tt_all": 52.300191648629152, "n_unreachable_categories": 0, "count_community": 22.0, "count_education": 22.0, "count_essential_services": 42.0, "count_food_and_drink": 129.0, "count_healthcare": 40.0, "count_shelter": 15.0, "gravity_community_per_100": 0.39814807133987956, "gravity_education_per_100": 0.39115717592567806, "gravity_essential_services_per_100": 0.7898541726382009, "gravity_food_and_drink_per_100": 2.6038672289159086, "gravity_healthcare_per_100": 0.70438362325418846, "gravity_shelter_per_100": 0.26596430702025564, "shannon": 1.4944229846049126, "kl_divergence": 0.055083644724982353, "jsd": 0.11006266633855079, "city_similarity": 0.88993733366144923 }, "geometry": { "type": "Polygon", "coordinates": [ [ [ -3.43343171049948, 55.943151814049308 ], [ -3.425426723736257, 55.943179709775116 ], [ -3.421381984813786, 55.939302935475794 ], [ -3.425341451399185, 55.935398656947413 ], [ -3.426498179628097, 55.935394658492839 ], [ -3.428249597549438, 55.935825347900384 ], [ -3.430092096328735, 55.936393737792962 ], [ -3.432906866073609, 55.937397003173828 ], [ -3.435698747634888, 55.938602447509759 ], [ -3.437253445981344, 55.9393822081637 ], [ -3.43343171049948, 55.943151814049308 ] ] ] } },
{ "type": "Feature", "properties": { "from_id": "203", "population": 229.93554001144034, "gravity_community": 3.0918702179302726, "gravity_education": 3.2464007982357828, "gravity_essential_services": 5.8609682986846874, "gravity_food_and_drink": 20.240416113063961, "gravity_healthcare": 5.4410964053554389, "gravity_shelter": 2.0241738096493052, "avg_gravity": 6.6508209404865744, "min_tt_community": 39.0, "min_tt_education": 36.0, "min_tt_essential_services": 40.0, "min_tt_food_and_drink": 34.0, "min_tt_healthcare": 42.0, "min_tt_shelter": 45.0, "avg_tt_community": 51.68181818181818, "avg_tt_education": 52.875, "avg_tt_essential_services": 51.69047619047619, "avg_tt_food_and_drink": 51.392592592592592, "avg_tt_healthcare": 52.878048780487802, "avg_tt_shelter": 52.533333333333331, "avg_tt_all": 52.175211513118008, "n_unreachable_categories": 0, "count_community": 22.0, "count_education": 24.0, "count_essential_services": 42.0, "count_food_and_drink": 136.0, "count_healthcare": 41.0, "count_shelter": 15.0, "gravity_community_per_100": 1.3446682569281974, "gravity_education_per_100": 1.4118743009776824, "gravity_essential_services_per_100": 2.5489614604132438, "gravity_food_and_drink_per_100": 8.8026479560562532, "gravity_healthcare_per_100": 2.3663572865180909, "gravity_shelter_per_100": 0.88032228925923905, "shannon": 1.4838730963815621, "kl_divergence": 0.049673658365693533, "jsd": 0.1045627598270845, "city_similarity": 0.89543724017291548 }, "geometry": { "type": "Polygon", "coordinates": [ [ [ -3.41337777943766, 55.939330047276435 ], [ -3.421381984813786, 55.939302935475794 ], [ -3.425426723736257, 55.943179709775116 ], [ -3.421466475763719, 55.947083987316823 ], [ -3.413460665583559, 55.94711110700846 ], [ -3.409416708443546, 55.943233941266115 ], [ -3.41337777943766, 55.939330047276435 ] ] ] } },
{ "type": "Feature", "properties": { "from_id": "204", "population": 330.55043338060028, "gravity_community": 3.374929369655054, "gravity_education": 3.4887508436096093, "gravity_essential_services": 7.0901606371579291, "gravity_food_and_drink": 23.425843663046564, "gravity_healthcare": 5.8164901538501939, "gravity_shelter": 2.1598442170416803, "avg_gravity": 7.5593364807268388, "min_tt_community": 25.0, "min_tt_education": 24.0, "min_tt_essential_services": 33.0, "min_tt_food_and_drink": 32.0, "min_tt_healthcare": 34.0, "min_tt_shelter": 44.0, "avg_tt_community": 51.18181818181818, "avg_tt_education": 51.391304347826086, "avg_tt_essential_services": 52.137254901960787, "avg_tt_food_and_drink": 53.142857142857146, "avg_tt_healthcare": 52.333333333333336, "avg_tt_shelter": 52.625, "avg_tt_all": 52.13526131796592, "n_unreachable_categories": 0, "count_community": 22.0, "count_education": 23.0, "count_essential_services": 51.0, "count_food_and_drink": 169.0, "count_healthcare": 42.0, "count_shelter": 16.0, "gravity_community_per_100": 1.0210028573065322, "gravity_education_per_100": 1.0554367779613871, "gravity_essential_services_per_100": 2.1449557831903432, "gravity_food_and_drink_per_100": 7.086919664108783, "gravity_healthcare_per_100": 1.7596377334508009, "gravity_shelter_per_100": 0.6534083755245923, "shannon": 1.415612588445212, "kl_divergence": 0.03434087143558321, "jsd": 0.086082141659636971, "city_similarity": 0.91391785834036299 }, "geometry": { "type": "Polygon", "coordinates": [ [ [ -3.38936508270334, 55.93940826319016 ], [ -3.397369328118945, 55.93938271113548 ], [ -3.40141168044121, 55.943260277027512 ], [ -3.397449004629349, 55.947163786195574 ], [ -3.38944315438264, 55.947189345687335 ], [ -3.385401585042481, 55.943311388572759 ], [ -3.38936508270334, 55.93940826319016 ] ] ] } },
{ "type": "Feature", "properties": { "from_id": "205", "population": 22.352392058751054, "gravity_community": 20.080893310282129, "gravity_education": 23.045802969122271, "gravity_essential_services": 45.652281241595709, "gravity_food_and_drink": 197.48332861505315, "gravity_healthcare": 32.38556300367015, "gravity_shelter": 7.1708670756860631, "avg_gravity": 54.303122702568253, "min_tt_community": 10.0, "min_tt_education": 9.0, "min_tt_essential_services": 18.0, "min_tt_food_and_drink": 18.0, "min_tt_healthcare": 18.0, "min_tt_shelter": 29.0, "avg_tt_community": 49.92, "avg_tt_education": 49.164285714285711, "avg_tt_essential_services": 49.119718309859152, "avg_tt_food_and_drink": 51.293462109955421, "avg_tt_healthcare": 48.868020304568525, "avg_tt_shelter": 45.615384615384613, "avg_tt_all": 48.996811842342233, "n_unreachable_categories": 0, "count_community": 125.0, "count_education": 140.0, "count_essential_services": 284.0, "count_food_and_drink": 1347.0, "count_healthcare": 197.0, "count_shelter": 39.0, "gravity_community_per_100": 89.837782271810042, "gravity_education_per_100": 103.10217764858747, "gravity_essential_services_per_100": 204.23890705568871, "gravity_food_and_drink_per_100": 883.49975293913838, "gravity_healthcare_per_100": 144.88634110634734, "gravity_shelter_per_100": 32.080982907055976, "shannon": 1.1970210106344932, "kl_divergence": 0.0040899167669212113, "jsd": 0.032299971896187774, "city_similarity": 0.96770002810381217 }, "geometry": { "type": "Polygon", "coordinates": [ [ [ -3.40141168044121, 55.943260277027512 ], [ -3.409416708443546, 55.943233941266115 ], [ -3.413460665583559, 55.94711110700846 ], [ -3.409498812411576, 55.95101499990141 ], [ -3.401492179196033, 55.95104134332837 ], [ -3.397449004629349, 55.947163786195574 ], [ -3.40141168044121, 55.943260277027512 ] ] ] } },
{ "type": "Feature", "properties": { "from_id": "206", "population": 0.007320571337910942, "gravity_community": 3.273931981665068, "gravity_education": 3.0808791038287295, "gravity_essential_services": 5.5105570662428125, "gravity_food_and_drink": 17.113464812139021, "gravity_healthcare": 4.8322916906946594, "gravity_shelter": 1.8952281084058547, "avg_gravity": 5.9510587938293575, "min_tt_community": 39.0, "min_tt_education": 40.0, "min_tt_essential_services": 29.0, "min_tt_food_and_drink": 31.0, "min_tt_healthcare": 41.0, "min_tt_shelter": 25.0, "avg_tt_community": 50.272727272727273, "avg_tt_education": 51.727272727272727, "avg_tt_essential_services": 51.078947368421055, "avg_tt_food_and_drink": 50.736363636363635, "avg_tt_healthcare": 51.971428571428568, "avg_tt_shelter": 52.0, "avg_tt_all": 51.297789929368868, "n_unreachable_categories": 0, "count_community": 22.0, "count_education": 22.0, "count_essential_services": 38.0, "count_food_and_drink": 111.0, "count_healthcare": 35.0, "count_shelter": 13.0, "gravity_community_per_100": 44722.356091394147, "gravity_education_per_100": 42085.227526898394, "gravity_essential_services_per_100": 75274.95890526149, "gravity_food_and_drink_per_100": 233772.25659305794, "gravity_healthcare_per_100": 66009.761637998628, "gravity_shelter_per_100": 25889.07369280131, "shannon": 1.5230810911200394, "kl_divergence": 0.060592899416074111, "jsd": 0.11694212586264052, "city_similarity": 0.88305787413735948 }, "geometry": { "type": "Polygon", "coordinates": [ [ [ -3.44548382195245, 55.946999507872604 ], [ -3.437478054211827, 55.947028187746923 ], [ -3.43343171049948, 55.943151814049308 ], [ -3.437253445981344, 55.9393822081637 ], [ -3.437546968460083, 55.93952941894532 ], [ -3.440300703048706, 55.941257476806634 ], [ -3.441071033477783, 55.94181823730468 ], [ -3.442628383636475, 55.943183898925774 ], [ -3.445270299911499, 55.946617126464844 ], [ -3.445546301735785, 55.9469378682887 ], [ -3.44548382195245, 55.946999507872604 ] ] ] } },
{ "type": "Feature", "properties": { "from_id": "207", "population": 178.16543660909065, "gravity_community": 3.4625923388199844, "gravity_education": 3.653255510014207, "gravity_essential_services": 5.7809431823241955, "gravity_food_and_drink": 17.536865676150377, "gravity_healthcare": 5.0657444483895562, "gravity_shelter": 2.0532789499965896, "avg_gravity": 6.2587800176158188, "min_tt_community": 30.0, "min_tt_education": 38.0, "min_tt_essential_services": 32.0, "min_tt_food_and_drink": 33.0, "min_tt_healthcare": 33.0, "min_tt_shelter": 16.0, "avg_tt_community": 49.454545454545453, "avg_tt_education": 50.8, "avg_tt_essential_services": 50.210526315789473, "avg_tt_food_and_drink": 50.414414414414416, "avg_tt_healthcare": 51.114285714285714, "avg_tt_shelter": 51.307692307692307, "avg_tt_all": 50.550244034454558, "n_unreachable_categories": 0, "count_community": 22.0, "count_education": 25.0, "count_essential_services": 38.0, "count_food_and_drink": 112.0, "count_healthcare": 35.0, "count_shelter": 13.0, "gravity_community_per_100": 1.9434702963275596, "gravity_education_per_100": 2.0504849759550976, "gravity_essential_services_per_100": 3.2447051977921233, "gravity_food_and_drink_per_100": 9.8430234336796065, "gravity_healthcare_per_100": 2.8432812473634876, "gravity_shelter_per_100": 1.1524563849618314, "shannon": 1.5300071864755431, "kl_divergence": 0.06224408780842762, "jsd": 0.11891770002534928, "city_similarity": 0.88108229997465071 }, "geometry": { "type": "Polygon", "coordinates": [ [ [ -3.44548382195245, 55.946999507872604 ], [ -3.445546301735785, 55.9469378682887 ], [ -3.44614041697589, 55.947628269620509 ], [ -3.44548382195245, 55.946999507872604 ] ] ] } },
{ "type": "Feature", "properties": { "from_id": "208", "population": 621.24955611978737, "gravity_community": 1.6248900182912258, "gravity_education": 1.957465248985768, "gravity_essential_services": 1.6009227451582657, "gravity_food_and_drink": 5.3327049447175368, "gravity_healthcare": 1.506486140531563, "gravity_shelter": 0.54116952654646366, "avg_gravity": 2.0939397707051373, "min_tt_community": 30.0, "min_tt_education": 38.0, "min_tt_essential_services": 33.0, "min_tt_food_and_drink": 34.0, "min_tt_healthcare": 33.0, "min_tt_shelter": 16.0, "avg_tt_community": 46.666666666666664, "avg_tt_education": 50.230769230769234, "avg_tt_essential_services": 43.375, "avg_tt_food_and_drink": 51.466666666666669, "avg_tt_healthcare": 44.5, "avg_tt_shelter": 16.0, "avg_tt_all": 42.03985042735043, "n_unreachable_categories": 0, "count_community": 9.0, "count_education": 13.0, "count_essential_services": 8.0, "count_food_and_drink": 31.0, "count_healthcare": 8.0, "count_shelter": 1.0, "gravity_community_per_100": 0.26155190008343759, "gravity_education_per_100": 0.31508517466181268, "gravity_essential_services_per_100": 0.25769398615869282, "gravity_food_and_drink_per_100": 0.8583837030040955, "gravity_healthcare_per_100": 0.24249291217861044, "gravity_shelter_per_100": 0.087109845184680845, "shannon": 1.4935805163494824, "kl_divergence": 0.10566234023180056, "jsd": 0.1536722444116598, "city_similarity": 0.84632775558834017 }, "geometry": { "type": "Polygon", "coordinates": [ [ [ -3.43351863005172, 55.950932848779821 ], [ -3.437478054211827, 55.947028187746923 ], [ -3.44548382195245, 55.946999507872604 ], [ -3.44614041697589, 55.947628269620509 ], [ -3.446547269821167, 55.948101043701165 ], [ -3.448113918304443, 55.949699401855469 ], [ -3.449497880618647, 55.950908916282359 ], [ -3.449457849460769, 55.950948410357832 ], [ -3.448144197463989, 55.951110839843743 ], [ -3.446070909500123, 55.95112609863282 ], [ -3.443345785140991, 55.951026916503906 ], [ -3.441636800765991, 55.951114654541023 ], [ -3.441089153289795, 55.951152801513665 ], [ -3.440755367279053, 55.951175689697266 ], [ -3.439671993255615, 55.951282501220689 ], [ -3.437349319458007, 55.951221466064446 ], [ -3.434683561325073, 55.950942993164062 ], [ -3.433715568201529, 55.951121496637356 ], [ -3.43351863005172, 55.950932848779821 ] ] ] } },
{ "type": "Feature", "properties": { "from_id": "209", "population": 479.00035736081463, "gravity_community": 5.7129797489232281, "gravity_education": 6.2753355198333312, "gravity_essential_services": 8.257146256686438, "gravity_food_and_drink": 23.813794200202782, "gravity_healthcare": 6.874211795501858, "gravity_shelter": 2.2467677959800305, "avg_gravity": 8.8633725528546119, "min_tt_community": 18.0, "min_tt_education": 26.0, "min_tt_essential_services": 21.0, "min_tt_food_and_drink": 22.0, "min_tt_healthcare": 22.0, "min_tt_shelter": 5.0, "avg_tt_community": 43.629629629629626, "avg_tt_education": 41.793103448275865, "avg_tt_essential_services": 47.695652173913047, "avg_tt_food_and_drink": 45.991666666666667, "avg_tt_healthcare": 47.210526315789473, "avg_tt_shelter": 49.583333333333336, "avg_tt_all": 45.983985261268003, "n_unreachable_categories": 0, "count_community": 27.0, "count_education": 29.0, "count_essential_services": 46.0, "count_food_and_drink": 121.0, "count_healthcare": 38.0, "count_shelter": 12.0, "gravity_community_per_100": 1.1926879930529646, "gravity_education_per_100": 1.3100899453205073, "gravity_essential_services_per_100": 1.7238288301456552, "gravity_food_and_drink_per_100": 4.9715608421278619, "gravity_healthcare_per_100": 1.4351162143964225, "gravity_shelter_per_100": 0.46905346967990191, "shannon": 1.5395286142181084, "kl_divergence": 0.062383516936589639, "jsd": 0.1217705860161266, "city_similarity": 0.87822941398387344 }, "geometry": { "type": "Polygon", "coordinates": [ [ [ -3.449497880618647, 55.950908916282359 ], [ -3.449532508850097, 55.950939178466804 ], [ -3.449457849460769, 55.950948410357832 ], [ -3.449497880618647, 55.950908916282359 ] ] ] } },
{ "type": "Feature", "properties": { "from_id": "210", "population": 14.643449364407608, "gravity_community": 5.7860425174271555, "gravity_education": 6.5238858852047201, "gravity_essential_services": 8.1309341976927509, "gravity_food_and_drink": 23.905404919023216, "gravity_healthcare": 6.5555589108572248, "gravity_shelter": 1.6820490194255271, "avg_gravity": 8.7639792416050994, "min_tt_community": 21.0, "min_tt_education": 16.0, "min_tt_essential_services": 20.0, "min_tt_food_and_drink": 19.0, "min_tt_healthcare": 21.0, "min_tt_shelter": 42.0, "avg_tt_community": 44.142857142857146, "avg_tt_education": 40.214285714285715, "avg_tt_essential_services": 47.711111111111109, "avg_tt_food_and_drink": 46.208333333333336, "avg_tt_healthcare": 47.25, "avg_tt_shelter": 53.846153846153847, "avg_tt_all": 46.56212352462353, "n_unreachable_categories": 0, "count_community": 28.0, "count_education": 28.0, "count_essential_services": 45.0, "count_food_and_drink": 121.0, "count_healthcare": 36.0, "count_shelter": 13.0, "gravity_community_per_100": 39.512838631386401, "gravity_education_per_100": 44.551565159652121, "gravity_essential_services_per_100": 55.526085387066061, "gravity_food_and_drink_per_100": 163.24982129639298, "gravity_healthcare_per_100": 44.767860001559313, "gravity_shelter_per_100": 11.486699462449867, "shannon": 1.5410673674105042, "kl_divergence": 0.063956644426299572, "jsd": 0.12228505544787224, "city_similarity": 0.87771494455212773 }, "geometry": { "type": "Polygon", "coordinates": [ [ [ -3.437653584991998, 55.962590229012172 ], [ -3.435769547913615, 55.960786189670664 ], [ -3.437620401382446, 55.96104431152343 ], [ -3.443376779556274, 55.961486816406243 ], [ -3.443092813893438, 55.962570796684503 ], [ -3.437653584991998, 55.962590229012172 ] ] ] } },
{ "type": "Feature", "properties": { "from_id": "211", "population": 66.157734999002201, "gravity_community": 4.3245183123973909, "gravity_education": 3.4845258279054918, "gravity_essential_services": 3.0675561309555195, "gravity_food_and_drink": 8.7692312340920111, "gravity_healthcare": 3.3509583598932027, "gravity_shelter": 0.25671028860543621, "avg_gravity": 3.8755833589748421, "min_tt_community": 28.0, "min_tt_education": 31.0, "min_tt_essential_services": 15.0, "min_tt_food_and_drink": 26.0, "min_tt_healthcare": 30.0, "min_tt_shelter": 53.0, "avg_tt_community": 43.142857142857146, "avg_tt_education": 44.444444444444443, "avg_tt_essential_services": 46.4375, "avg_tt_food_and_drink": 46.238095238095241, "avg_tt_healthcare": 46.89473684210526, "avg_tt_shelter": 53.5, "avg_tt_all": 46.776272277917009, "n_unreachable_categories": 0, "count_community": 21.0, "count_education": 18.0, "count_essential_services": 16.0, "count_food_and_drink": 43.0, "count_healthcare": 19.0, "count_shelter": 2.0, "gravity_community_per_100": 6.5366783074762358, "gravity_education_per_100": 5.2669968643243994, "gravity_essential_services_per_100": 4.6367308841540371, "gravity_food_and_drink_per_100": 13.255035460667253, "gravity_healthcare_per_100": 5.0651044204335927, "gravity_shelter_per_100": 0.38802762611100267, "shannon": 1.5910115414132102, "kl_divergence": 0.15407592544058138, "jsd": 0.19070756067867181, "city_similarity": 0.80929243932132822 }, "geometry": { "type": "Polygon", "coordinates": [ [ [ -3.316818432660348, 55.877365336216648 ], [ -3.324809973158918, 55.877344512007369 ], [ -3.328838623163348, 55.881224513141461 ], [ -3.324874949424179, 55.885125728124287 ], [ -3.316881810332414, 55.885146558389366 ], [ -3.3128539438352, 55.881266167614861 ], [ -3.316818432660348, 55.877365336216648 ] ] ] } },
{ "type": "Feature", "properties": { "from_id": "212", "population": 273.71142761488079, "gravity_community": 17.375434481382847, "gravity_education": 15.845315232543809, "gravity_essential_services": 30.553991070708594, "gravity_food_and_drink": 115.92501620071867, "gravity_healthcare": 21.027788433299346, "gravity_shelter": 2.7892038149962954, "avg_gravity": 33.919458205608258, "min_tt_community": 10.0, "min_tt_education": 11.0, "min_tt_essential_services": 11.0, "min_tt_food_and_drink": 5.0, "min_tt_healthcare": 10.0, "min_tt_shelter": 34.0, "avg_tt_community": 44.15, "avg_tt_education": 46.662650602409641, "avg_tt_essential_services": 50.414141414141412, "avg_tt_food_and_drink": 51.385604113110539, "avg_tt_healthcare": 48.108333333333334, "avg_tt_shelter": 53.761904761904759, "avg_tt_all": 49.080439037483274, "n_unreachable_categories": 0, "count_community": 80.0, "count_education": 83.0, "count_essential_services": 198.0, "count_food_and_drink": 779.0, "count_healthcare": 120.0, "count_shelter": 21.0, "gravity_community_per_100": 6.3480851467519068, "gravity_education_per_100": 5.7890587070550028, "gravity_essential_services_per_100": 11.162848163467572, "gravity_food_and_drink_per_100": 42.353005576306529, "gravity_healthcare_per_100": 7.6824663904373036, "gravity_shelter_per_100": 1.0190308235580061, "shannon": 1.2307847817657043, "kl_divergence": 0.0051627006687715443, "jsd": 0.035778673024074725, "city_similarity": 0.96422132697592522 }, "geometry": { "type": "Polygon", "coordinates": [ [ [ -3.328838623163348, 55.881224513141461 ], [ -3.336830946775855, 55.881202907706545 ], [ -3.340861195362607, 55.88508251097214 ], [ -3.336898337496105, 55.888984109479928 ], [ -3.328904414907912, 55.88900572119816 ], [ -3.324874949424179, 55.885125728124287 ], [ -3.328838623163348, 55.881224513141461 ] ] ] } },
{ "type": "Feature", "properties": { "from_id": "213", "population": 277.95462236973907, "gravity_community": 4.2194190884386504, "gravity_education": 3.0548833442920951, "gravity_essential_services": 3.3435479368067411, "gravity_food_and_drink": 9.1399409532196874, "gravity_healthcare": 4.1566505318664797, "gravity_shelter": 0.48260254372667188, "avg_gravity": 4.0661740663917207, "min_tt_community": 25.0, "min_tt_education": 31.0, "min_tt_essential_services": 31.0, "min_tt_food_and_drink": 30.0, "min_tt_healthcare": 30.0, "min_tt_shelter": 46.0, "avg_tt_community": 47.375, "avg_tt_education": 47.388888888888886, "avg_tt_essential_services": 50.636363636363633, "avg_tt_food_and_drink": 49.254901960784316, "avg_tt_healthcare": 49.46153846153846, "avg_tt_shelter": 47.666666666666664, "avg_tt_all": 48.630559935706991, "n_unreachable_categories": 0, "count_community": 24.0, "count_education": 18.0, "count_essential_services": 22.0, "count_food_and_drink": 52.0, "count_healthcare": 26.0, "count_shelter": 3.0, "gravity_community_per_100": 1.5180244359548449, "gravity_education_per_100": 1.0990582988860849, "gravity_essential_services_per_100": 1.2029114350755814, "gravity_food_and_drink_per_100": 3.2882852874673953, "gravity_healthcare_per_100": 1.495442132398592, "gravity_shelter_per_100": 0.17362637815200904, "shannon": 1.5989824481277228, "kl_divergence": 0.13960064456094057, "jsd": 0.18371421863605905, "city_similarity": 0.81628578136394092 }, "geometry": { "type": "Polygon", "coordinates": [ [ [ -3.304861588643933, 55.881286216650402 ], [ -3.3128539438352, 55.881266167614861 ], [ -3.316881810332414, 55.885146558389366 ], [ -3.312916537606726, 55.88904738778556 ], [ -3.304922583418461, 55.8890674426518 ], [ -3.300895501215159, 55.885186662290209 ], [ -3.304861588643933, 55.881286216650402 ] ] ] } },
{ "type": "Feature", "properties": { "from_id": "214", "population": 0.037571048824731425, "gravity_community": 16.705514720370157, "gravity_education": 14.4862518793561, "gravity_essential_services": 27.992633292406751, "gravity_food_and_drink": 105.6244601475571, "gravity_healthcare": 19.419049697535264, "gravity_shelter": 2.2841920385136234, "avg_gravity": 31.085350295956498, "min_tt_community": 14.0, "min_tt_education": 13.0, "min_tt_essential_services": 14.0, "min_tt_food_and_drink": 13.0, "min_tt_healthcare": 13.0, "min_tt_shelter": 35.0, "avg_tt_community": 44.466666666666669, "avg_tt_education": 46.805194805194802, "avg_tt_essential_services": 51.00534759358289, "avg_tt_food_and_drink": 51.998643147896878, "avg_tt_healthcare": 48.477876106194692, "avg_tt_shelter": 53.529411764705884, "avg_tt_all": 49.380523347373639, "n_unreachable_categories": 0, "count_community": 76.0, "count_education": 77.0, "count_essential_services": 187.0, "count_food_and_drink": 737.0, "count_healthcare": 113.0, "count_shelter": 17.0, "gravity_community_per_100": 44463.796574594497, "gravity_education_per_100": 38556.953645170572, "gravity_essential_services_per_100": 74505.860677438395, "gravity_food_and_drink_per_100": 281132.5833364253, "gravity_healthcare_per_100": 51686.206014968979, "gravity_shelter_per_100": 6079.6600307043782, "shannon": 1.221582708606598, "kl_divergence": 0.0053581273327108561, "jsd": 0.036447943953615738, "city_similarity": 0.96355205604638428 }, "geometry": { "type": "Polygon", "coordinates": [ [ [ -3.340861195362607, 55.88508251097214 ], [ -3.348854301684728, 55.88506012408812 ], [ -3.352886149235891, 55.888939329202003 ], [ -3.348924108028999, 55.892841311174955 ], [ -3.340929402348976, 55.892863704569905 ], [ -3.336898337496105, 55.888984109479928 ], [ -3.340861195362607, 55.88508251097214 ] ] ] } },
{ "type": "Feature", "properties": { "from_id": "215", "population": 0.0, "gravity_community": 16.860979301594377, "gravity_education": 16.052185920250601, "gravity_essential_services": 31.936073334065558, "gravity_food_and_drink": 125.32809460019826, "gravity_healthcare": 22.338548966000751, "gravity_shelter": 3.0348994863537095, "avg_gravity": 35.925130268077204, "min_tt_community": 18.0, "min_tt_education": 18.0, "min_tt_essential_services": 19.0, "min_tt_food_and_drink": 19.0, "min_tt_healthcare": 13.0, "min_tt_shelter": 32.0, "avg_tt_community": 45.10588235294118, "avg_tt_education": 47.411111111111111, "avg_tt_essential_services": 50.105769230769234, "avg_tt_food_and_drink": 51.313817330210775, "avg_tt_healthcare": 48.238461538461536, "avg_tt_shelter": 52.909090909090907, "avg_tt_all": 49.180688745430793, "n_unreachable_categories": 0, "count_community": 85.0, "count_education": 90.0, "count_essential_services": 208.0, "count_food_and_drink": 855.0, "count_healthcare": 130.0, "count_shelter": 22.0, "gravity_community_per_100": 0.0, "gravity_education_per_100": 0.0, "gravity_essential_services_per_100": 0.0, "gravity_food_and_drink_per_100": 0.0, "gravity_healthcare_per_100": 0.0, "gravity_shelter_per_100": 0.0, "shannon": 1.218504842663463, "kl_divergence": 0.0045715166360109161, "jsd": 0.033838755761032568, "city_similarity": 0.96616124423896743 }, "geometry": { "type": "Polygon", "coordinates": [ [ [ -3.316881810332414, 55.885146558389366 ], [ -3.324874949424179, 55.885125728124287 ], [ -3.328904414907912, 55.88900572119816 ], [ -3.32493995767227, 55.892906934291176 ], [ -3.316945219200486, 55.892927770614477 ], [ -3.312916537606726, 55.88904738778556 ], [ -3.316881810332414, 55.885146558389366 ] ] ] } },
{ "type": "Feature", "properties": { "from_id": "216", "population": 0.018255240816430488, "gravity_community": 16.829594818875307, "gravity_education": 16.483224029066044, "gravity_essential_services": 31.917885379431755, "gravity_food_and_drink": 125.87359672760816, "gravity_healthcare": 22.312490350239067, "gravity_shelter": 3.1726784691141958, "avg_gravity": 36.098244962389096, "min_tt_community": 19.0, "min_tt_education": 18.0, "min_tt_essential_services": 19.0, "min_tt_food_and_drink": 19.0, "min_tt_healthcare": 17.0, "min_tt_shelter": 26.0, "avg_tt_community": 45.023529411764706, "avg_tt_education": 47.208791208791212, "avg_tt_essential_services": 50.105769230769234, "avg_tt_food_and_drink": 51.266355140186917, "avg_tt_healthcare": 48.223076923076924, "avg_tt_shelter": 52.409090909090907, "avg_tt_all": 49.03943547061332, "n_unreachable_categories": 0, "count_community": 85.0, "count_education": 91.0, "count_essential_services": 208.0, "count_food_and_drink": 857.0, "count_healthcare": 130.0, "count_shelter": 22.0, "gravity_community_per_100": 92190.483752632616, "gravity_education_per_100": 90293.106482772026, "gravity_essential_services_per_100": 174842.31350541435, "gravity_food_and_drink_per_100": 689520.33004306688, "gravity_healthcare_per_100": 122225.12195049699, "gravity_shelter_per_100": 17379.548706137313, "shannon": 1.2185400275706302, "kl_divergence": 0.0045236469144196538, "jsd": 0.03367388675106401, "city_similarity": 0.96632611324893603 }, "geometry": { "type": "Polygon", "coordinates": [ [ [ -3.328904414907912, 55.88900572119816 ], [ -3.336898337496105, 55.888984109479928 ], [ -3.340929402348976, 55.892863704569905 ], [ -3.3369657613906, 55.896765301300064 ], [ -3.32897023903964, 55.89678691930412 ], [ -3.32493995767227, 55.892906934291176 ], [ -3.328904414907912, 55.88900572119816 ] ] ] } },
{ "type": "Feature", "properties": { "from_id": "217", "population": 0.0, "gravity_community": 19.143345806274905, "gravity_education": 18.304407674373333, "gravity_essential_services": 34.85052932297193, "gravity_food_and_drink": 140.34587717570224, "gravity_healthcare": 24.265313020182369, "gravity_shelter": 3.4151373690414681, "avg_gravity": 40.054101728091041, "min_tt_community": 4.0, "min_tt_education": 10.0, "min_tt_essential_services": 10.0, "min_tt_food_and_drink": 9.0, "min_tt_healthcare": 9.0, "min_tt_shelter": 25.0, "avg_tt_community": 45.265957446808514, "avg_tt_education": 47.415841584158414, "avg_tt_essential_services": 49.638009049773757, "avg_tt_food_and_drink": 50.980851063829789, "avg_tt_healthcare": 47.729927007299267, "avg_tt_shelter": 51.695652173913047, "avg_tt_all": 48.787706387630465, "n_unreachable_categories": 0, "count_community": 94.0, "count_education": 101.0, "count_essential_services": 221.0, "count_food_and_drink": 941.0, "count_healthcare": 137.0, "count_shelter": 23.0, "gravity_community_per_100": 0.0, "gravity_education_per_100": 0.0, "gravity_essential_services_per_100": 0.0, "gravity_food_and_drink_per_100": 0.0, "gravity_healthcare_per_100": 0.0, "gravity_shelter_per_100": 0.0, "shannon": 1.2102394285002689, "kl_divergence": 0.0043673811715417019, "jsd": 0.033222215657355891, "city_similarity": 0.96677778434264416 }, "geometry": { "type": "Polygon", "coordinates": [ [ [ -3.304922583418461, 55.8890674426518 ], [ -3.312916537606726, 55.88904738778556 ], [ -3.316945219200486, 55.892927770614477 ], [ -3.312979162191235, 55.896828598010366 ], [ -3.304983608218871, 55.896848658709629 ], [ -3.300955711302312, 55.892967886179036 ], [ -3.304922583418461, 55.8890674426518 ] ] ] } },
{ "type": "Feature", "properties": { "from_id": "218", "population": 1.1445358443747522, "gravity_community": 4.6101891417313219, "gravity_education": 3.6808148418299953, "gravity_essential_services": 4.3046554681123874, "gravity_food_and_drink": 9.5126789212637384, "gravity_healthcare": 4.0107473566412235, "gravity_shelter": 0.36261292074612139, "avg_gravity": 4.413616441720797, "min_tt_community": 38.0, "min_tt_education": 36.0, "min_tt_essential_services": 38.0, "min_tt_food_and_drink": 38.0, "min_tt_healthcare": 36.0, "min_tt_shelter": 44.0, "avg_tt_community": 47.964285714285715, "avg_tt_education": 47.545454545454547, "avg_tt_essential_services": 51.565217391304351, "avg_tt_food_and_drink": 49.42622950819672, "avg_tt_healthcare": 48.96, "avg_tt_shelter": 44.5, "avg_tt_all": 48.32686452654022, "n_unreachable_categories": 0, "count_community": 28.0, "count_education": 22.0, "count_essential_services": 24.0, "count_food_and_drink": 61.0, "count_healthcare": 25.0, "count_shelter": 2.0, "gravity_community_per_100": 402.79989171067155, "gravity_education_per_100": 321.59891364877137, "gravity_essential_services_per_100": 376.10490656707873, "gravity_food_and_drink_per_100": 831.13857621998852, "gravity_healthcare_per_100": 350.42566612077167, "gravity_shelter_per_100": 31.68209388358763, "shannon": 1.5678466576229158, "kl_divergence": 0.13245649315850022, "jsd": 0.1772230839921656, "city_similarity": 0.82277691600783442 }, "geometry": { "type": "Polygon", "coordinates": [ [ [ -3.340929402348976, 55.892863704569905 ], [ -3.348924108028999, 55.892841311174955 ], [ -3.352956772633351, 55.896720507997713 ], [ -3.348993948739714, 55.90062248830521 ], [ -3.340997642914453, 55.900644888213662 ], [ -3.3369657613906, 55.896765301300064 ], [ -3.340929402348976, 55.892863704569905 ] ] ] } },
{ "type": "Feature", "properties": { "from_id": "219", "population": 64.371037776917987, "gravity_community": 14.752675104828755, "gravity_education": 15.046023486868174, "gravity_essential_services": 28.573382326695004, "gravity_food_and_drink": 104.73702397339319, "gravity_healthcare": 19.182697136185435, "gravity_shelter": 2.6485375006536023, "avg_gravity": 30.823389921437357, "min_tt_community": 12.0, "min_tt_education": 1.0, "min_tt_essential_services": 16.0, "min_tt_food_and_drink": 15.0, "min_tt_healthcare": 15.0, "min_tt_shelter": 21.0, "avg_tt_community": 45.740259740259738, "avg_tt_education": 47.125, "avg_tt_essential_services": 51.23936170212766, "avg_tt_food_and_drink": 52.115591397849464, "avg_tt_healthcare": 48.584070796460175, "avg_tt_shelter": 51.882352941176471, "avg_tt_all": 49.447772762978921, "n_unreachable_categories": 0, "count_community": 77.0, "count_education": 80.0, "count_essential_services": 189.0, "count_food_and_drink": 744.0, "count_healthcare": 113.0, "count_shelter": 17.0, "gravity_community_per_100": 22.91818745559938, "gravity_education_per_100": 23.373902311488511, "gravity_essential_services_per_100": 44.388568700287102, "gravity_food_and_drink_per_100": 162.70830421651138, "gravity_healthcare_per_100": 29.800198658695422, "gravity_shelter_per_100": 4.1144862536351843, "shannon": 1.2234558808869265, "kl_divergence": 0.0053377870866171658, "jsd": 0.03638636984392065, "city_similarity": 0.96361363015607937 }, "geometry": { "type": "Polygon", "coordinates": [ [ [ -3.316945219200486, 55.892927770614477 ], [ -3.32493995767227, 55.892906934291176 ], [ -3.32897023903964, 55.89678691930412 ], [ -3.325004997924779, 55.900688130509096 ], [ -3.317008659285618, 55.900708972893021 ], [ -3.312979162191235, 55.896828598010366 ], [ -3.316945219200486, 55.892927770614477 ] ] ] } },
{ "type": "Feature", "properties": { "from_id": "220", "population": 842.64497799924641, "gravity_community": 5.7012103130260394, "gravity_education": 6.8113181929160564, "gravity_essential_services": 7.7517192603928793, "gravity_food_and_drink": 20.872108277237231, "gravity_healthcare": 4.7109704663570797, "gravity_shelter": 1.357520217923013, "avg_gravity": 7.8674744546420499, "min_tt_community": 30.0, "min_tt_education": 25.0, "min_tt_essential_services": 30.0, "min_tt_food_and_drink": 21.0, "min_tt_healthcare": 30.0, "min_tt_shelter": 24.0, "avg_tt_community": 52.0, "avg_tt_education": 48.314285714285717, "avg_tt_essential_services": 52.929824561403507, "avg_tt_food_and_drink": 51.819444444444443, "avg_tt_healthcare": 51.125, "avg_tt_shelter": 47.285714285714285, "avg_tt_all": 50.579044834307986, "n_unreachable_categories": 0, "count_community": 40.0, "count_education": 36.0, "count_essential_services": 57.0, "count_food_and_drink": 144.0, "count_healthcare": 32.0, "count_shelter": 7.0, "gravity_community_per_100": 0.67658509358981045, "gravity_education_per_100": 0.80832597010055984, "gravity_essential_services_per_100": 0.91992707044885658, "gravity_food_and_drink_per_100": 2.4769753362555371, "gravity_healthcare_per_100": 0.55906942892399136, "gravity_shelter_per_100": 0.16110227359881413, "shannon": 1.4924706405761432, "kl_divergence": 0.058657122254426708, "jsd": 0.11881319247263557, "city_similarity": 0.88118680752736445 }, "geometry": { "type": "Polygon", "coordinates": [ [ [ -3.32897023903964, 55.89678691930412 ], [ -3.3369657613906, 55.896765301300064 ], [ -3.340997642914453, 55.900644888213662 ], [ -3.337033218481733, 55.904546483167998 ], [ -3.329036095580394, 55.904568107460392 ], [ -3.325004997924779, 55.900688130509096 ], [ -3.32897023903964, 55.89678691930412 ] ] ] } },
{ "type": "Feature", "properties": { "from_id": "221", "population": 98.124353960872597, "gravity_community": 0.0, "gravity_education": 0.14125375446227545, "gravity_essential_services": 0.0, "gravity_food_and_drink": 0.22387211385683395, "gravity_healthcare": 1.1646897865482868, "gravity_shelter": 0.14677992676220697, "avg_gravity": 0.27943259693826722, "min_tt_community": null, "min_tt_education": 51.0, "min_tt_essential_services": null, "min_tt_food_and_drink": 39.0, "min_tt_healthcare": 47.0, "min_tt_shelter": 50.0, "avg_tt_community": null, "avg_tt_education": 51.0, "avg_tt_essential_services": null, "avg_tt_food_and_drink": 39.0, "avg_tt_healthcare": 47.0, "avg_tt_shelter": 50.0, "avg_tt_all": 46.75, "n_unreachable_categories": 2, "count_community": 0.0, "count_education": 1.0, "count_essential_services": 0.0, "count_food_and_drink": 1.0, "count_healthcare": 2.0, "count_shelter": 1.0, "gravity_community_per_100": 0.0, "gravity_education_per_100": 0.14395381855823566, "gravity_essential_services_per_100": 0.0, "gravity_food_and_drink_per_100": 0.22815142706172994, "gravity_healthcare_per_100": 1.1869528201048953, "gravity_shelter_per_100": 0.14958562358610375, "shannon": 1.3321790449897528, "kl_divergence": 1.0131074902724531, "jsd": 0.47849059264169846, "city_similarity": 0.52150940735830154 }, "geometry": { "type": "Polygon", "coordinates": [ [ [ -3.268868980617745, 55.877479388196086 ], [ -3.276860579534703, 55.877461676358223 ], [ -3.280884464107636, 55.881343250935572 ], [ -3.27691596413915, 55.885242926547285 ], [ -3.268922766589578, 55.885260643535865 ], [ -3.264899667903305, 55.881378679761191 ], [ -3.268868980617745, 55.877479388196086 ] ] ] } },
{ "type": "Feature", "properties": { "from_id": "222", "population": 1296.914328533634, "gravity_community": 3.5872212421910903, "gravity_education": 2.6850550477658257, "gravity_essential_services": 2.4469429024353819, "gravity_food_and_drink": 6.6977945852981389, "gravity_healthcare": 4.2067993668051358, "gravity_shelter": 0.41945239470383067, "avg_gravity": 3.3405442565332337, "min_tt_community": 29.0, "min_tt_education": 35.0, "min_tt_essential_services": 35.0, "min_tt_food_and_drink": 34.0, "min_tt_healthcare": 34.0, "min_tt_shelter": 50.0, "avg_tt_community": 47.61904761904762, "avg_tt_education": 48.941176470588232, "avg_tt_essential_services": 50.0, "avg_tt_food_and_drink": 49.534883720930232, "avg_tt_healthcare": 48.95, "avg_tt_shelter": 51.333333333333336, "avg_tt_all": 49.39640685731657, "n_unreachable_categories": 0, "count_community": 21.0, "count_education": 17.0, "count_essential_services": 16.0, "count_food_and_drink": 43.0, "count_healthcare": 21.0, "count_shelter": 3.0, "gravity_community_per_100": 0.27659662348298741, "gravity_education_per_100": 0.20703411078831271, "gravity_essential_services_per_100": 0.18867421298383188, "gravity_food_and_drink_per_100": 0.51644078856550613, "gravity_healthcare_per_100": 0.32436987349515872, "gravity_shelter_per_100": 0.032342336380698923, "shannon": 1.610472937706324, "kl_divergence": 0.15481508807866412, "jsd": 0.19218690719647843, "city_similarity": 0.80781309280352154 }, "geometry": { "type": "Polygon", "coordinates": [ [ [ -3.292843749863109, 55.877424696488092 ], [ -3.300835320750342, 55.877405428458424 ], [ -3.304861588643933, 55.881286216650402 ], [ -3.300895501215159, 55.885186662290209 ], [ -3.292902331714225, 55.885205935923146 ], [ -3.288876848517958, 55.881324758312104 ], [ -3.292843749863109, 55.877424696488092 ] ] ] } },
{ "type": "Feature", "properties": { "from_id": "223", "population": 450.17792606978918, "gravity_community": 1.2296853366737299, "gravity_education": 1.0155293660208604, "gravity_essential_services": 0.79457103825490283, "gravity_food_and_drink": 2.7907000370827486, "gravity_healthcare": 1.617485855255546, "gravity_shelter": 0.19201419386388019, "avg_gravity": 1.2733309711919445, "min_tt_community": 39.0, "min_tt_education": 45.0, "min_tt_essential_services": 42.0, "min_tt_food_and_drink": 13.0, "min_tt_healthcare": 40.0, "min_tt_shelter": 43.0, "avg_tt_community": 46.0, "avg_tt_education": 50.571428571428569, "avg_tt_essential_services": 48.4, "avg_tt_food_and_drink": 48.25, "avg_tt_healthcare": 50.545454545454547, "avg_tt_shelter": 43.0, "avg_tt_all": 47.794480519480516, "n_unreachable_categories": 0, "count_community": 7.0, "count_education": 7.0, "count_essential_services": 5.0, "count_food_and_drink": 16.0, "count_healthcare": 11.0, "count_shelter": 1.0, "gravity_community_per_100": 0.27315540488831008, "gravity_education_per_100": 0.22558399850627664, "gravity_essential_services_per_100": 0.1765015546612394, "gravity_food_and_drink_per_100": 0.61991045661579547, "gravity_healthcare_per_100": 0.35929923738748443, "gravity_shelter_per_100": 0.042652956252260364, "shannon": 1.5942284703197078, "kl_divergence": 0.18714229113903089, "jsd": 0.21115024670489305, "city_similarity": 0.78884975329510698 }, "geometry": { "type": "Polygon", "coordinates": [ [ [ -3.280884464107636, 55.881343250935572 ], [ -3.288876848517958, 55.881324758312104 ], [ -3.292902331714225, 55.885205935923146 ], [ -3.288934645278417, 55.889105995522279 ], [ -3.28094066185138, 55.889124493523816 ], [ -3.27691596413915, 55.885242926547285 ], [ -3.280884464107636, 55.881343250935572 ] ] ] } },
{ "type": "Feature", "properties": { "from_id": "224", "population": 1018.7145953868865, "gravity_community": 2.3710454970432737, "gravity_education": 1.6463386904857107, "gravity_essential_services": 2.5347308768810453, "gravity_food_and_drink": 5.9617759847077654, "gravity_healthcare": 3.2856635699891688, "gravity_shelter": 0.54471340057377882, "avg_gravity": 2.7240446699467906, "min_tt_community": 46.0, "min_tt_education": 31.0, "min_tt_essential_services": 45.0, "min_tt_food_and_drink": 10.0, "min_tt_healthcare": 26.0, "min_tt_shelter": 29.0, "avg_tt_community": 53.166666666666664, "avg_tt_education": 53.083333333333336, "avg_tt_essential_services": 54.3, "avg_tt_food_and_drink": 52.323529411764703, "avg_tt_healthcare": 50.68181818181818, "avg_tt_shelter": 48.333333333333336, "avg_tt_all": 51.981446821152701, "n_unreachable_categories": 0, "count_community": 18.0, "count_education": 12.0, "count_essential_services": 20.0, "count_food_and_drink": 35.0, "count_healthcare": 22.0, "count_shelter": 3.0, "gravity_community_per_100": 0.23274875100251216, "gravity_education_per_100": 0.16160941425016745, "gravity_essential_services_per_100": 0.24881658595638434, "gravity_food_and_drink_per_100": 0.58522534296699735, "gravity_healthcare_per_100": 0.32253033232937461, "gravity_shelter_per_100": 0.053470658321814662, "shannon": 1.6323333672857983, "kl_divergence": 0.17646711307554588, "jsd": 0.2085867265612395, "city_similarity": 0.79141327343876045 }, "geometry": { "type": "Polygon", "coordinates": [ [ [ -3.268922766589578, 55.885260643535865 ], [ -3.27691596413915, 55.885242926547285 ], [ -3.28094066185138, 55.889124493523816 ], [ -3.276971376005384, 55.893024166799904 ], [ -3.268976579036337, 55.893041888941276 ], [ -3.264952667595135, 55.889159932652952 ], [ -3.268922766589578, 55.885260643535865 ] ] ] } },
{ "type": "Feature", "properties": { "from_id": "225", "population": 2155.5047774170234, "gravity_community": 5.8955600195214659, "gravity_education": 4.3585639708461352, "gravity_essential_services": 4.9853828250678971, "gravity_food_and_drink": 11.270292201352561, "gravity_healthcare": 6.8838244499344174, "gravity_shelter": 0.74278752648290824, "avg_gravity": 5.6894018322008968, "min_tt_community": 23.0, "min_tt_education": 29.0, "min_tt_essential_services": 27.0, "min_tt_food_and_drink": 28.0, "min_tt_healthcare": 28.0, "min_tt_shelter": 35.0, "avg_tt_community": 47.970588235294116, "avg_tt_education": 49.111111111111114, "avg_tt_essential_services": 50.909090909090907, "avg_tt_food_and_drink": 49.385714285714286, "avg_tt_healthcare": 48.2, "avg_tt_shelter": 45.0, "avg_tt_all": 48.429417423535064, "n_unreachable_categories": 0, "count_community": 34.0, "count_education": 27.0, "count_essential_services": 33.0, "count_food_and_drink": 70.0, "count_healthcare": 36.0, "count_shelter": 4.0, "gravity_community_per_100": 0.27351180481196669, "gravity_education_per_100": 0.20220618467239371, "gravity_essential_services_per_100": 0.23128609489986668, "gravity_food_and_drink_per_100": 0.52286092424522179, "gravity_healthcare_per_100": 0.31936020379335073, "gravity_shelter_per_100": 0.034460026916433129, "shannon": 1.6111830880117064, "kl_divergence": 0.15430473670479231, "jsd": 0.1936562383861854, "city_similarity": 0.8063437616138146 }, "geometry": { "type": "Polygon", "coordinates": [ [ [ -3.292902331714225, 55.885205935923146 ], [ -3.300895501215159, 55.885186662290209 ], [ -3.304922583418461, 55.8890674426518 ], [ -3.300955711302312, 55.892967886179036 ], [ -3.292960942400834, 55.89298716541748 ], [ -3.288934645278417, 55.889105995522279 ], [ -3.292902331714225, 55.885205935923146 ] ] ] } },
{ "type": "Feature", "properties": { "from_id": "226", "population": 111.63778249010066, "gravity_community": 10.98033875592173, "gravity_education": 11.043349137675495, "gravity_essential_services": 16.18090992357612, "gravity_food_and_drink": 59.768399921321752, "gravity_healthcare": 17.834199941882726, "gravity_shelter": 1.2798021851108656, "avg_gravity": 19.514499977581451, "min_tt_community": 34.0, "min_tt_education": 36.0, "min_tt_essential_services": 34.0, "min_tt_food_and_drink": 34.0, "min_tt_healthcare": 25.0, "min_tt_shelter": 21.0, "avg_tt_community": 49.271428571428572, "avg_tt_education": 51.220779220779221, "avg_tt_essential_services": 51.3125, "avg_tt_food_and_drink": 53.428571428571431, "avg_tt_healthcare": 49.88073394495413, "avg_tt_shelter": 47.857142857142854, "avg_tt_all": 50.495192670479376, "n_unreachable_categories": 0, "count_community": 70.0, "count_education": 77.0, "count_essential_services": 112.0, "count_food_and_drink": 455.0, "count_healthcare": 110.0, "count_shelter": 7.0, "gravity_community_per_100": 9.8356833242324555, "gravity_education_per_100": 9.8921251312518237, "gravity_essential_services_per_100": 14.494116205694915, "gravity_food_and_drink_per_100": 53.537788540919507, "gravity_healthcare_per_100": 15.975057497638984, "gravity_shelter_per_100": 1.1463880386770942, "shannon": 1.3366501387444845, "kl_divergence": 0.011120379411317067, "jsd": 0.05275440157604451, "city_similarity": 0.9472455984239555 }, "geometry": { "type": "Polygon", "coordinates": [ [ [ -3.28094066185138, 55.889124493523816 ], [ -3.288934645278417, 55.889105995522279 ], [ -3.292960942400834, 55.89298716541748 ], [ -3.288992470490542, 55.89688722279336 ], [ -3.280996887259669, 55.896905726175113 ], [ -3.276971376005384, 55.893024166799904 ], [ -3.28094066185138, 55.889124493523816 ] ] ] } },
{ "type": "Feature", "properties": { "from_id": "227", "population": 2300.273538118854, "gravity_community": 13.981042536323587, "gravity_education": 14.826007347337145, "gravity_essential_services": 25.050132026120508, "gravity_food_and_drink": 98.974333905099442, "gravity_healthcare": 24.297286821012776, "gravity_shelter": 2.0409888508667056, "avg_gravity": 29.86163191446003, "min_tt_community": 26.0, "min_tt_education": 23.0, "min_tt_essential_services": 27.0, "min_tt_food_and_drink": 23.0, "min_tt_healthcare": 8.0, "min_tt_shelter": 10.0, "avg_tt_community": 47.209876543209873, "avg_tt_education": 48.924731182795696, "avg_tt_essential_services": 50.730538922155688, "avg_tt_food_and_drink": 51.868876080691642, "avg_tt_healthcare": 47.838028169014088, "avg_tt_shelter": 49.18181818181818, "avg_tt_all": 49.292311513280858, "n_unreachable_categories": 0, "count_community": 81.0, "count_education": 93.0, "count_essential_services": 167.0, "count_food_and_drink": 695.0, "count_healthcare": 142.0, "count_shelter": 11.0, "gravity_community_per_100": 0.60779912930516844, "gravity_education_per_100": 0.64453236111483236, "gravity_essential_services_per_100": 1.0890066599038615, "gravity_food_and_drink_per_100": 4.3027201880538035, "gravity_healthcare_per_100": 1.0562781520706841, "gravity_shelter_per_100": 0.088728093291713939, "shannon": 1.2690006781060019, "kl_divergence": 0.0035493896856374036, "jsd": 0.030240632599717879, "city_similarity": 0.96975936740028212 }, "geometry": { "type": "Polygon", "coordinates": [ [ [ -3.268976579036337, 55.893041888941276 ], [ -3.276971376005384, 55.893024166799904 ], [ -3.280996887259669, 55.896905726175113 ], [ -3.277026815151806, 55.900805397117168 ], [ -3.269030417975889, 55.900823124413392 ], [ -3.265005693377257, 55.896941175611893 ], [ -3.268976579036337, 55.893041888941276 ] ] ] } },
{ "type": "Feature", "properties": { "from_id": "228", "population": 497.58740153945519, "gravity_community": 18.129982019410129, "gravity_education": 17.225127896344748, "gravity_essential_services": 34.455464907795488, "gravity_food_and_drink": 138.91050871393901, "gravity_healthcare": 23.90265440416168, "gravity_shelter": 3.2634632264888439, "avg_gravity": 39.314533528023325, "min_tt_community": 11.0, "min_tt_education": 18.0, "min_tt_essential_services": 14.0, "min_tt_food_and_drink": 15.0, "min_tt_healthcare": 15.0, "min_tt_shelter": 33.0, "avg_tt_community": 45.904255319148938, "avg_tt_education": 48.21782178217822, "avg_tt_essential_services": 49.76018099547511, "avg_tt_food_and_drink": 51.105319148936168, "avg_tt_healthcare": 47.846715328467155, "avg_tt_shelter": 52.086956521739133, "avg_tt_all": 49.153541515990788, "n_unreachable_categories": 0, "count_community": 94.0, "count_education": 101.0, "count_essential_services": 221.0, "count_food_and_drink": 941.0, "count_healthcare": 137.0, "count_shelter": 23.0, "gravity_community_per_100": 3.6435773822486035, "gravity_education_per_100": 3.4617291038826505, "gravity_essential_services_per_100": 6.9245050821616143, "gravity_food_and_drink_per_100": 27.916805828317255, "gravity_healthcare_per_100": 4.8037097262130679, "gravity_shelter_per_100": 0.65585728585414638, "shannon": 1.2102394285002689, "kl_divergence": 0.0043673811715417019, "jsd": 0.033222215657355891, "city_similarity": 0.96677778434264416 }, "geometry": { "type": "Polygon", "coordinates": [ [ [ -3.292960942400834, 55.89298716541748 ], [ -3.300955711302312, 55.892967886179036 ], [ -3.304983608218871, 55.896848658709629 ], [ -3.301015951031795, 55.900749100125964 ], [ -3.293019581942397, 55.900768384972146 ], [ -3.288992470490542, 55.89688722279336 ], [ -3.292960942400834, 55.89298716541748 ] ] ] } },
{ "type": "Feature", "properties": { "from_id": "229", "population": 0.14653694357037572, "gravity_community": 20.062863812938659, "gravity_education": 20.01392129736308, "gravity_essential_services": 38.056309698329535, "gravity_food_and_drink": 152.23414344091623, "gravity_healthcare": 32.02571149828605, "gravity_shelter": 3.4869727235248744, "avg_gravity": 44.313320411893073, "min_tt_community": 14.0, "min_tt_education": 22.0, "min_tt_essential_services": 14.0, "min_tt_food_and_drink": 15.0, "min_tt_healthcare": 14.0, "min_tt_shelter": 21.0, "avg_tt_community": 44.598039215686278, "avg_tt_education": 47.104347826086958, "avg_tt_essential_services": 48.697872340425533, "avg_tt_food_and_drink": 50.529411764705884, "avg_tt_healthcare": 47.308571428571426, "avg_tt_shelter": 51.0, "avg_tt_all": 48.206373762579346, "n_unreachable_categories": 0, "count_community": 102.0, "count_education": 115.0, "count_essential_services": 235.0, "count_food_and_drink": 1020.0, "count_healthcare": 176.0, "count_shelter": 23.0, "gravity_community_per_100": 13691.334979498384, "gravity_education_per_100": 13657.935541525205, "gravity_essential_services_per_100": 25970.454119682552, "gravity_food_and_drink_per_100": 103887.89320408092, "gravity_healthcare_per_100": 21855.042638381092, "gravity_shelter_per_100": 2379.5860883711034, "shannon": 1.228090975260101, "kl_divergence": 0.0020259551618878038, "jsd": 0.022613229192412133, "city_similarity": 0.97738677080758785 }, "geometry": { "type": "Polygon", "coordinates": [ [ [ -3.280996887259669, 55.896905726175113 ], [ -3.288992470490542, 55.89688722279336 ], [ -3.293019581942397, 55.900768384972146 ], [ -3.289050324173535, 55.9046684401264 ], [ -3.281053140351178, 55.904686948890536 ], [ -3.277026815151806, 55.900805397117168 ], [ -3.280996887259669, 55.896905726175113 ] ] ] } },
{ "type": "Feature", "properties": { "from_id": "230", "population": 13.884236334372206, "gravity_community": 22.682416407521906, "gravity_education": 25.44118479056478, "gravity_essential_services": 45.079303575724552, "gravity_food_and_drink": 188.15164262485189, "gravity_healthcare": 38.825608498687686, "gravity_shelter": 3.6983747989624933, "avg_gravity": 53.979755116052225, "min_tt_community": 22.0, "min_tt_education": 23.0, "min_tt_essential_services": 21.0, "min_tt_food_and_drink": 20.0, "min_tt_healthcare": 16.0, "min_tt_shelter": 13.0, "avg_tt_community": 45.636363636363633, "avg_tt_education": 47.867549668874169, "avg_tt_essential_services": 48.629090909090912, "avg_tt_food_and_drink": 50.384923817161187, "avg_tt_healthcare": 46.384615384615387, "avg_tt_shelter": 51.541666666666664, "avg_tt_all": 48.40736834712866, "n_unreachable_categories": 0, "count_community": 121.0, "count_education": 151.0, "count_essential_services": 275.0, "count_food_and_drink": 1247.0, "count_healthcare": 209.0, "count_shelter": 24.0, "gravity_community_per_100": 163.3681238295309, "gravity_education_per_100": 183.23791224715663, "gravity_essential_services_per_100": 324.67974824171614, "gravity_food_and_drink_per_100": 1355.1457789511865, "gravity_healthcare_per_100": 279.63805544399958, "gravity_shelter_per_100": 26.637221593575823, "shannon": 1.2183735394752366, "kl_divergence": 0.0024627358921574635, "jsd": 0.025124049153373126, "city_similarity": 0.97487595084662693 }, "geometry": { "type": "Polygon", "coordinates": [ [ [ -3.269030417975889, 55.900823124413392 ], [ -3.277026815151806, 55.900805397117168 ], [ -3.281053140351178, 55.904686948890536 ], [ -3.27708228159683, 55.908586617500134 ], [ -3.269084283426122, 55.908604349953258 ], [ -3.265058745267284, 55.90472240863906 ], [ -3.269030417975889, 55.900823124413392 ] ] ] } },
{ "type": "Feature", "properties": { "from_id": "231", "population": 1.3456956655514616, "gravity_community": 8.015036578202956, "gravity_education": 6.7787921884438918, "gravity_essential_services": 15.42237482375015, "gravity_food_and_drink": 64.461121592355667, "gravity_healthcare": 15.109756376976932, "gravity_shelter": 0.58413133095470493, "avg_gravity": 18.395202148447385, "min_tt_community": 37.0, "min_tt_education": 35.0, "min_tt_essential_services": 30.0, "min_tt_food_and_drink": 22.0, "min_tt_healthcare": 28.0, "min_tt_shelter": 41.0, "avg_tt_community": 50.629629629629626, "avg_tt_education": 50.673913043478258, "avg_tt_essential_services": 52.309090909090912, "avg_tt_food_and_drink": 54.377470355731226, "avg_tt_healthcare": 51.594339622641506, "avg_tt_shelter": 42.666666666666664, "avg_tt_all": 50.375185037873031, "n_unreachable_categories": 0, "count_community": 54.0, "count_education": 46.0, "count_essential_services": 110.0, "count_food_and_drink": 506.0, "count_healthcare": 106.0, "count_shelter": 3.0, "gravity_community_per_100": 595.60543913310596, "gravity_education_per_100": 503.73887365283042, "gravity_essential_services_per_100": 1146.0522032245763, "gravity_food_and_drink_per_100": 4790.1708567917331, "gravity_healthcare_per_100": 1122.8212116433476, "gravity_shelter_per_100": 43.407387413656409, "shannon": 1.1919610618690282, "kl_divergence": 0.0107122625709937, "jsd": 0.05502579259402017, "city_similarity": 0.94497420740597982 }, "geometry": { "type": "Polygon", "coordinates": [ [ [ -3.232976576820521, 55.889224583381349 ], [ -3.240970611640991, 55.889209199143401 ], [ -3.244992136193472, 55.893091941151191 ], [ -3.241018837940277, 55.896990456431759 ], [ -3.23302320328128, 55.897005845144299 ], [ -3.229002466976477, 55.893122714100983 ], [ -3.232976576820521, 55.889224583381349 ] ] ] } },
{ "type": "Feature", "properties": { "from_id": "232", "population": 6.0868529229509027, "gravity_community": 10.390269108152959, "gravity_education": 10.951435764700003, "gravity_essential_services": 19.468815522463263, "gravity_food_and_drink": 70.896686017582695, "gravity_healthcare": 17.805033699477349, "gravity_shelter": 0.85102041073598678, "avg_gravity": 21.72721008718538, "min_tt_community": 34.0, "min_tt_education": 23.0, "min_tt_essential_services": 34.0, "min_tt_food_and_drink": 27.0, "min_tt_healthcare": 31.0, "min_tt_shelter": 40.0, "avg_tt_community": 51.194444444444443, "avg_tt_education": 50.756756756756758, "avg_tt_essential_services": 51.877862595419849, "avg_tt_food_and_drink": 53.644688644688642, "avg_tt_healthcare": 51.6, "avg_tt_shelter": 47.0, "avg_tt_all": 51.012292073551613, "n_unreachable_categories": 0, "count_community": 72.0, "count_education": 74.0, "count_essential_services": 132.0, "count_food_and_drink": 546.0, "count_healthcare": 125.0, "count_shelter": 5.0, "gravity_community_per_100": 170.70018348851056, "gravity_education_per_100": 179.91950689997537, "gravity_essential_services_per_100": 319.85027022839239, "gravity_food_and_drink_per_100": 1164.7510941206053, "gravity_healthcare_per_100": 292.51624648826703, "gravity_shelter_per_100": 13.981287563679338, "shannon": 1.2801951202171018, "kl_divergence": 0.0084216351090510514, "jsd": 0.047730499937979814, "city_similarity": 0.95226950006202016 }, "geometry": { "type": "Polygon", "coordinates": [ [ [ -3.244992136193472, 55.893091941151191 ], [ -3.252986958867914, 55.893075776118117 ], [ -3.257010083250824, 55.896958121664412 ], [ -3.253037597376022, 55.900857021447024 ], [ -3.245041174477359, 55.900873191182043 ], [ -3.241018837940277, 55.896990456431759 ], [ -3.244992136193472, 55.893091941151191 ] ] ] } },
{ "type": "Feature", "properties": { "from_id": "233", "population": 180.58742989865729, "gravity_community": 12.195257488908588, "gravity_education": 12.066313918278297, "gravity_essential_services": 23.095446830874717, "gravity_food_and_drink": 79.377751483269918, "gravity_healthcare": 20.273062784625072, "gravity_shelter": 0.72871337195687191, "avg_gravity": 24.622757646318913, "min_tt_community": 31.0, "min_tt_education": 32.0, "min_tt_essential_services": 26.0, "min_tt_food_and_drink": 19.0, "min_tt_healthcare": 25.0, "min_tt_shelter": 40.0, "avg_tt_community": 51.192771084337352, "avg_tt_education": 50.878048780487802, "avg_tt_essential_services": 52.154838709677421, "avg_tt_food_and_drink": 53.84375, "avg_tt_healthcare": 51.079710144927539, "avg_tt_shelter": 45.0, "avg_tt_all": 50.691519786571689, "n_unreachable_categories": 0, "count_community": 83.0, "count_education": 82.0, "count_essential_services": 156.0, "count_food_and_drink": 608.0, "count_healthcare": 138.0, "count_shelter": 4.0, "gravity_community_per_100": 6.7531042973214506, "gravity_education_per_100": 6.6817020016563253, "gravity_essential_services_per_100": 12.78906668301083, "gravity_food_and_drink_per_100": 43.955302718364955, "gravity_healthcare_per_100": 11.226176038942457, "gravity_shelter_per_100": 0.40352386230083342, "shannon": 1.2818711338523388, "kl_divergence": 0.011064166245291565, "jsd": 0.05548214522536276, "city_similarity": 0.94451785477463723 }, "geometry": { "type": "Polygon", "coordinates": [ [ [ -3.221007620958866, 55.893137322015512 ], [ -3.229002466976477, 55.893122714100983 ], [ -3.23302320328128, 55.897005845144299 ], [ -3.229048304795806, 55.900903973082798 ], [ -3.221051858538214, 55.900918585246359 ], [ -3.21703191126864, 55.897035065221729 ], [ -3.221007620958866, 55.893137322015512 ] ] ] } },
{ "type": "Feature", "properties": { "from_id": "234", "population": 23.154195634781356, "gravity_community": 17.223354036932552, "gravity_education": 20.541507876924829, "gravity_essential_services": 33.771783338175801, "gravity_food_and_drink": 132.3755694612951, "gravity_healthcare": 29.377930978406944, "gravity_shelter": 2.1568407572844528, "avg_gravity": 39.241164408169944, "min_tt_community": 18.0, "min_tt_education": 4.0, "min_tt_essential_services": 18.0, "min_tt_food_and_drink": 19.0, "min_tt_healthcare": 17.0, "min_tt_shelter": 19.0, "avg_tt_community": 47.707070707070706, "avg_tt_education": 49.158730158730158, "avg_tt_essential_services": 50.663551401869157, "avg_tt_food_and_drink": 52.002145922746784, "avg_tt_healthcare": 47.641176470588235, "avg_tt_shelter": 50.153846153846153, "avg_tt_all": 49.554420135808527, "n_unreachable_categories": 0, "count_community": 99.0, "count_education": 126.0, "count_essential_services": 215.0, "count_food_and_drink": 932.0, "count_healthcare": 170.0, "count_shelter": 13.0, "gravity_community_per_100": 74.385456133316424, "gravity_education_per_100": 88.716136811369736, "gravity_essential_services_per_100": 145.85599893370991, "gravity_food_and_drink_per_100": 571.71309921233251, "gravity_healthcare_per_100": 126.87951437309499, "gravity_shelter_per_100": 9.3151184835137535, "shannon": 1.2413209729363377, "kl_divergence": 0.0038763020884871793, "jsd": 0.031901076503503899, "city_similarity": 0.96809892349649607 }, "geometry": { "type": "Polygon", "coordinates": [ [ [ -3.257010083250824, 55.896958121664412 ], [ -3.265005693377257, 55.896941175611893 ], [ -3.269030417975889, 55.900823124413392 ], [ -3.265058745267284, 55.90472240863906 ], [ -3.257061534531207, 55.904739359620947 ], [ -3.253037597376022, 55.900857021447024 ], [ -3.257010083250824, 55.896958121664412 ] ] ] } },
{ "type": "Feature", "properties": { "from_id": "235", "population": 199.88673100302705, "gravity_community": 23.212000020911987, "gravity_education": 25.77871994935818, "gravity_essential_services": 47.264891709036377, "gravity_food_and_drink": 219.20823970620376, "gravity_healthcare": 39.453644428858482, "gravity_shelter": 2.9312974681312327, "avg_gravity": 59.641465547083328, "min_tt_community": 23.0, "min_tt_education": 20.0, "min_tt_essential_services": 16.0, "min_tt_food_and_drink": 12.0, "min_tt_healthcare": 12.0, "min_tt_shelter": 28.0, "avg_tt_community": 49.576388888888886, "avg_tt_education": 48.924528301886795, "avg_tt_essential_services": 49.793333333333337, "avg_tt_food_and_drink": 50.980431848852902, "avg_tt_healthcare": 48.137339055793994, "avg_tt_shelter": 50.736842105263158, "avg_tt_all": 49.691477255669845, "n_unreachable_categories": 0, "count_community": 144.0, "count_education": 159.0, "count_essential_services": 300.0, "count_food_and_drink": 1483.0, "count_healthcare": 233.0, "count_shelter": 19.0, "gravity_community_per_100": 11.612576735051247, "gravity_education_per_100": 12.896663935620515, "gravity_essential_services_per_100": 23.645837556030973, "gravity_food_and_drink_per_100": 109.66622877177581, "gravity_healthcare_per_100": 19.738000732155154, "gravity_shelter_per_100": 1.4664792672440281, "shannon": 1.175621519604221, "kl_divergence": 0.004400002765684796, "jsd": 0.034110046152469722, "city_similarity": 0.96588995384753029 }, "geometry": { "type": "Polygon", "coordinates": [ [ [ -3.23302320328128, 55.897005845144299 ], [ -3.241018837940277, 55.896990456431759 ], [ -3.245041174477359, 55.900873191182043 ], [ -3.241067087984454, 55.904771703794069 ], [ -3.233069852699249, 55.904787096982986 ], [ -3.229048304795806, 55.900903973082798 ], [ -3.23302320328128, 55.897005845144299 ] ] ] } },
{ "type": "Feature", "properties": { "from_id": "236", "population": 932.35614450895935, "gravity_community": 42.534543709815303, "gravity_education": 43.813281031836418, "gravity_essential_services": 74.656028820044753, "gravity_food_and_drink": 364.77182020099229, "gravity_healthcare": 66.635805731372955, "gravity_shelter": 6.3987753464487378, "avg_gravity": 99.801709140085066, "min_tt_community": 10.0, "min_tt_education": 6.0, "min_tt_essential_services": 12.0, "min_tt_food_and_drink": 11.0, "min_tt_healthcare": 8.0, "min_tt_shelter": 14.0, "avg_tt_community": 45.135135135135137, "avg_tt_education": 43.341121495327101, "avg_tt_essential_services": 44.680412371134018, "avg_tt_food_and_drink": 45.707, "avg_tt_healthcare": 44.220543806646525, "avg_tt_shelter": 49.487179487179489, "avg_tt_all": 45.428565382570383, "n_unreachable_categories": 0, "count_community": 222.0, "count_education": 214.0, "count_essential_services": 388.0, "count_food_and_drink": 2001.0, "count_healthcare": 331.0, "count_shelter": 39.0, "gravity_community_per_100": 4.5620489509635629, "gravity_education_per_100": 4.6992001168085187, "gravity_essential_services_per_100": 8.007243719015074, "gravity_food_and_drink_per_100": 39.123657021974729, "gravity_healthcare_per_100": 7.1470334725436695, "gravity_shelter_per_100": 0.68630162241476489, "shannon": 1.2041250043824658, "kl_divergence": 0.0012829517854552087, "jsd": 0.018040125231407043, "city_similarity": 0.98195987476859292 }, "geometry": { "type": "Polygon", "coordinates": [ [ [ -3.245041174477359, 55.900873191182043 ], [ -3.253037597376022, 55.900857021447024 ], [ -3.257061534531207, 55.904739359620947 ], [ -3.253088260818947, 55.908638256847624 ], [ -3.245090236908122, 55.908654431286458 ], [ -3.241067087984454, 55.904771703794069 ], [ -3.245041174477359, 55.900873191182043 ] ] ] } },
{ "type": "Feature", "properties": { "from_id": "237", "population": 1614.1905374874852, "gravity_community": 60.240456001215485, "gravity_education": 58.999411089640134, "gravity_essential_services": 103.69206424091664, "gravity_food_and_drink": 475.24205363182136, "gravity_healthcare": 92.180090686719552, "gravity_shelter": 9.2453407711289142, "avg_gravity": 133.2665694035737, "min_tt_community": 6.0, "min_tt_education": 3.0, "min_tt_essential_services": 5.0, "min_tt_food_and_drink": 4.0, "min_tt_healthcare": 5.0, "min_tt_shelter": 16.0, "avg_tt_community": 42.666666666666664, "avg_tt_education": 42.172794117647058, "avg_tt_essential_services": 40.88351648351648, "avg_tt_food_and_drink": 41.64473684210526, "avg_tt_healthcare": 41.135467980295566, "avg_tt_shelter": 47.528301886792455, "avg_tt_all": 42.671913996170581, "n_unreachable_categories": 0, "count_community": 279.0, "count_education": 272.0, "count_essential_services": 455.0, "count_food_and_drink": 2204.0, "count_healthcare": 406.0, "count_shelter": 53.0, "gravity_community_per_100": 3.731929694928132, "gravity_education_per_100": 3.6550462736247797, "gravity_essential_services_per_100": 6.423780949819907, "gravity_food_and_drink_per_100": 29.441509078075978, "gravity_healthcare_per_100": 5.710607796660697, "gravity_shelter_per_100": 0.57275399380790837, "shannon": 1.258619445541588, "kl_divergence": 0.00023072762582297419, "jsd": 0.0075920761596757211, "city_similarity": 0.99240792384032428 }, "geometry": { "type": "Polygon", "coordinates": [ [ [ -3.221051858538214, 55.900918585246359 ], [ -3.229048304795806, 55.900903973082798 ], [ -3.233069852699249, 55.904787096982986 ], [ -3.229094165186118, 55.90868522214177 ], [ -3.22109611790059, 55.908699838556061 ], [ -3.21707535941887, 55.904816325560169 ], [ -3.221051858538214, 55.900918585246359 ] ] ] } },
{ "type": "Feature", "properties": { "from_id": "238", "population": 2041.2987990860649, "gravity_community": 53.779043145612853, "gravity_education": 53.580226844900054, "gravity_essential_services": 89.775036543391352, "gravity_food_and_drink": 417.87785388438635, "gravity_healthcare": 81.427302265740707, "gravity_shelter": 8.0171266588348011, "avg_gravity": 117.40943155714434, "min_tt_community": 5.0, "min_tt_education": 12.0, "min_tt_essential_services": 5.0, "min_tt_food_and_drink": 6.0, "min_tt_healthcare": 5.0, "min_tt_shelter": 17.0, "avg_tt_community": 43.573643410852711, "avg_tt_education": 41.840816326530614, "avg_tt_essential_services": 42.76223776223776, "avg_tt_food_and_drink": 43.636837121212125, "avg_tt_healthcare": 43.192207792207789, "avg_tt_shelter": 48.0, "avg_tt_all": 43.834290402173501, "n_unreachable_categories": 0, "count_community": 258.0, "count_education": 245.0, "count_essential_services": 429.0, "count_food_and_drink": 2112.0, "count_healthcare": 385.0, "count_shelter": 47.0, "gravity_community_per_100": 2.6345502760150024, "gravity_education_per_100": 2.6248105798567614, "gravity_essential_services_per_100": 4.3979370674976952, "gravity_food_and_drink_per_100": 20.471175218026858, "gravity_healthcare_per_100": 3.9889947665769228, "gravity_shelter_per_100": 0.39274635650715356, "shannon": 1.2428269246287198, "kl_divergence": 0.00023159979020900053, "jsd": 0.0076744156335845351, "city_similarity": 0.99232558436641549 }, "geometry": { "type": "Polygon", "coordinates": [ [ [ -3.257061534531207, 55.904739359620947 ], [ -3.265058745267284, 55.90472240863906 ], [ -3.269084283426122, 55.908604349953258 ], [ -3.265111823282843, 55.912503631735532 ], [ -3.257113011148924, 55.912520587648778 ], [ -3.253088260818947, 55.908638256847624 ], [ -3.257061534531207, 55.904739359620947 ] ] ] } },
{ "type": "Feature", "properties": { "from_id": "239", "population": 64.989302540887863, "gravity_community": 54.169964620652372, "gravity_education": 54.551368217649546, "gravity_essential_services": 94.086940884810545, "gravity_food_and_drink": 422.96966501245299, "gravity_healthcare": 83.010525113871338, "gravity_shelter": 8.9219438958160211, "avg_gravity": 119.61840129087547, "min_tt_community": 10.0, "min_tt_education": 1.0, "min_tt_essential_services": 6.0, "min_tt_food_and_drink": 6.0, "min_tt_healthcare": 7.0, "min_tt_shelter": 17.0, "avg_tt_community": 44.354243542435427, "avg_tt_education": 43.456603773584902, "avg_tt_essential_services": 42.325791855203619, "avg_tt_food_and_drink": 44.110907424381303, "avg_tt_healthcare": 43.286783042394013, "avg_tt_shelter": 48.113207547169814, "avg_tt_all": 44.274589530861512, "n_unreachable_categories": 0, "count_community": 271.0, "count_education": 265.0, "count_essential_services": 442.0, "count_food_and_drink": 2182.0, "count_healthcare": 401.0, "count_shelter": 53.0, "gravity_community_per_100": 83.352124892510531, "gravity_education_per_100": 83.938996242233372, "gravity_essential_services_per_100": 144.77296602100932, "gravity_food_and_drink_per_100": 650.8296726931984, "gravity_healthcare_per_100": 127.72952142646163, "gravity_shelter_per_100": 13.728326889187342, "shannon": 1.2533409774923727, "kl_divergence": 0.00018726111787811133, "jsd": 0.0068506238652005927, "city_similarity": 0.99314937613479937 }, "geometry": { "type": "Polygon", "coordinates": [ [ [ -3.233069852699249, 55.904787096982986 ], [ -3.241067087984454, 55.904771703794069 ], [ -3.245090236908122, 55.908654431286458 ], [ -3.241115361789554, 55.912552941231404 ], [ -3.233116525089927, 55.912568338898502 ], [ -3.229094165186118, 55.90868522214177 ], [ -3.233069852699249, 55.904787096982986 ] ] ] } },
{ "type": "Feature", "properties": { "from_id": "240", "population": 446.20719881684425, "gravity_community": 60.215298876755398, "gravity_education": 60.933244534070596, "gravity_essential_services": 106.83730060920578, "gravity_food_and_drink": 505.14529753935454, "gravity_healthcare": 95.151005039541289, "gravity_shelter": 9.9092149560988645, "avg_gravity": 139.69856025917107, "min_tt_community": 13.0, "min_tt_education": 14.0, "min_tt_essential_services": 6.0, "min_tt_food_and_drink": 13.0, "min_tt_healthcare": 10.0, "min_tt_shelter": 14.0, "avg_tt_community": 43.465753424657535, "avg_tt_education": 42.182142857142857, "avg_tt_essential_services": 40.815677966101696, "avg_tt_food_and_drink": 40.880420499342968, "avg_tt_healthcare": 42.293981481481481, "avg_tt_shelter": 47.561403508771932, "avg_tt_all": 42.866563289583077, "n_unreachable_categories": 0, "count_community": 292.0, "count_education": 280.0, "count_essential_services": 472.0, "count_food_and_drink": 2283.0, "count_healthcare": 433.0, "count_shelter": 57.0, "gravity_community_per_100": 13.494918736502079, "gravity_education_per_100": 13.655818349780146, "gravity_essential_services_per_100": 23.943428275584488, "gravity_food_and_drink_per_100": 113.20868396538415, "gravity_healthcare_per_100": 21.324399357931057, "gravity_shelter_per_100": 2.2207653714180267, "shannon": 1.2638481777785946, "kl_divergence": 0.00028429181341177716, "jsd": 0.0084154510660118254, "city_similarity": 0.99158454893398817 }, "geometry": { "type": "Polygon", "coordinates": [ [ [ -3.245090236908122, 55.908654431286458 ], [ -3.253088260818947, 55.908638256847624 ], [ -3.257113011148924, 55.912520587648778 ], [ -3.253138949213526, 55.916419482320983 ], [ -3.245139323502068, 55.91643566146552 ], [ -3.241115361789554, 55.912552941231404 ], [ -3.245090236908122, 55.908654431286458 ] ] ] } },
{ "type": "Feature", "properties": { "from_id": "241", "population": 653.93561587480417, "gravity_community": 20.095702979810341, "gravity_education": 19.724269778119037, "gravity_essential_services": 38.58722363226935, "gravity_food_and_drink": 154.3789467257883, "gravity_healthcare": 26.253610857565484, "gravity_shelter": 4.0276120998398595, "avg_gravity": 43.844561012232056, "min_tt_community": 12.0, "min_tt_education": 6.0, "min_tt_essential_services": 4.0, "min_tt_food_and_drink": 5.0, "min_tt_healthcare": 9.0, "min_tt_shelter": 16.0, "avg_tt_community": 45.631067961165051, "avg_tt_education": 46.215686274509807, "avg_tt_essential_services": 49.294871794871796, "avg_tt_food_and_drink": 50.776046738072054, "avg_tt_healthcare": 47.852348993288594, "avg_tt_shelter": 50.84, "avg_tt_all": 48.435003626984553, "n_unreachable_categories": 0, "count_community": 103.0, "count_education": 102.0, "count_essential_services": 235.0, "count_food_and_drink": 1027.0, "count_healthcare": 149.0, "count_shelter": 25.0, "gravity_community_per_100": 3.0730399892544864, "gravity_education_per_100": 3.0162403299800151, "gravity_essential_services_per_100": 5.9007680107236835, "gravity_food_and_drink_per_100": 23.607667632426999, "gravity_healthcare_per_100": 4.0147088215167246, "gravity_shelter_per_100": 0.61590346236944293, "shannon": 1.1996407760571757, "kl_divergence": 0.0044302827469311331, "jsd": 0.033500894804545697, "city_similarity": 0.96649910519545434 }, "geometry": { "type": "Polygon", "coordinates": [ [ [ -3.304983608218871, 55.896848658709629 ], [ -3.312979162191235, 55.896828598010366 ], [ -3.317008659285618, 55.900708972893021 ], [ -3.313041817609526, 55.904609798290323 ], [ -3.305044663065433, 55.90462986482494 ], [ -3.301015951031795, 55.900749100125964 ], [ -3.304983608218871, 55.896848658709629 ] ] ] } },
{ "type": "Feature", "properties": { "from_id": "242", "population": 2053.3446710717817, "gravity_community": 1.3452878970544013, "gravity_education": 1.6264866794497372, "gravity_essential_services": 1.3788388216417757, "gravity_food_and_drink": 4.7350456030543455, "gravity_healthcare": 1.0345251671947668, "gravity_shelter": 0.43931558286002237, "avg_gravity": 1.7599166252091747, "min_tt_community": 40.0, "min_tt_education": 34.0, "min_tt_essential_services": 39.0, "min_tt_food_and_drink": 30.0, "min_tt_healthcare": 40.0, "min_tt_shelter": 39.0, "avg_tt_community": 53.3, "avg_tt_education": 51.090909090909093, "avg_tt_essential_services": 54.727272727272727, "avg_tt_food_and_drink": 51.25, "avg_tt_healthcare": 54.0, "avg_tt_shelter": 39.5, "avg_tt_all": 50.644696969696973, "n_unreachable_categories": 0, "count_community": 10.0, "count_education": 11.0, "count_essential_services": 11.0, "count_food_and_drink": 32.0, "count_healthcare": 8.0, "count_shelter": 2.0, "gravity_community_per_100": 0.065516905953845683, "gravity_education_per_100": 0.079211576232876779, "gravity_essential_services_per_100": 0.067150870531739071, "gravity_food_and_drink_per_100": 0.23060159698287769, "gravity_healthcare_per_100": 0.050382440988573876, "gravity_shelter_per_100": 0.021395121289145936, "shannon": 1.5377823571549061, "kl_divergence": 0.085670924333218185, "jsd": 0.14175704770642783, "city_similarity": 0.85824295229357217 }, "geometry": { "type": "Polygon", "coordinates": [ [ [ -3.340997642914453, 55.900644888213662 ], [ -3.348993948739714, 55.90062248830521 ], [ -3.353027430802651, 55.904501676836027 ], [ -3.349063823840077, 55.908403655479916 ], [ -3.341065917081709, 55.908426061904485 ], [ -3.337033218481733, 55.904546483167998 ], [ -3.340997642914453, 55.900644888213662 ] ] ] } },
{ "type": "Feature", "properties": { "from_id": "243", "population": 1256.8288914668219, "gravity_community": 13.396046390491554, "gravity_education": 13.164667966589402, "gravity_essential_services": 25.288034797260217, "gravity_food_and_drink": 82.364375341836222, "gravity_healthcare": 16.870001724433703, "gravity_shelter": 4.1936406002846303, "avg_gravity": 25.879461136815952, "min_tt_community": 22.0, "min_tt_education": 18.0, "min_tt_essential_services": 23.0, "min_tt_food_and_drink": 15.0, "min_tt_healthcare": 21.0, "min_tt_shelter": 10.0, "avg_tt_community": 49.265060240963855, "avg_tt_education": 47.54054054054054, "avg_tt_essential_services": 51.34730538922156, "avg_tt_food_and_drink": 52.031195840554595, "avg_tt_healthcare": 51.10619469026549, "avg_tt_shelter": 48.913043478260867, "avg_tt_all": 50.033890029967814, "n_unreachable_categories": 0, "count_community": 83.0, "count_education": 74.0, "count_essential_services": 168.0, "count_food_and_drink": 577.0, "count_healthcare": 113.0, "count_shelter": 23.0, "gravity_community_per_100": 1.0658607930994708, "gravity_education_per_100": 1.0474510934599188, "gravity_essential_services_per_100": 2.0120507229704923, "gravity_food_and_drink_per_100": 6.5533483436802822, "gravity_healthcare_per_100": 1.3422671804389406, "gravity_shelter_per_100": 0.3336683799009672, "shannon": 1.337270029669138, "kl_divergence": 0.008004834230744105, "jsd": 0.044075390545219861, "city_similarity": 0.95592460945478019 }, "geometry": { "type": "Polygon", "coordinates": [ [ [ -3.317008659285618, 55.900708972893021 ], [ -3.325004997924779, 55.900688130509096 ], [ -3.329036095580394, 55.904568107460392 ], [ -3.32507007020331, 55.90846931677909 ], [ -3.317072130608886, 55.908490165226077 ], [ -3.313041817609526, 55.904609798290323 ], [ -3.317008659285618, 55.900708972893021 ] ] ] } },
{ "type": "Feature", "properties": { "from_id": "244", "population": 2452.1130653339897, "gravity_community": 9.867370260596708, "gravity_education": 9.3822230017289368, "gravity_essential_services": 19.934911143686694, "gravity_food_and_drink": 61.76158331950414, "gravity_healthcare": 11.448695666471437, "gravity_shelter": 3.3323482455823883, "avg_gravity": 19.287855272928386, "min_tt_community": 24.0, "min_tt_education": 19.0, "min_tt_essential_services": 24.0, "min_tt_food_and_drink": 15.0, "min_tt_healthcare": 24.0, "min_tt_shelter": 24.0, "avg_tt_community": 51.455882352941174, "avg_tt_education": 49.103448275862071, "avg_tt_essential_services": 52.521739130434781, "avg_tt_food_and_drink": 53.127192982456137, "avg_tt_healthcare": 52.554216867469883, "avg_tt_shelter": 51.590909090909093, "avg_tt_all": 51.725564783345533, "n_unreachable_categories": 0, "count_community": 68.0, "count_education": 58.0, "count_essential_services": 139.0, "count_food_and_drink": 456.0, "count_healthcare": 83.0, "count_shelter": 22.0, "gravity_community_per_100": 0.40240274398818249, "gravity_education_per_100": 0.38261787901900979, "gravity_essential_services_per_100": 0.81296867691422958, "gravity_food_and_drink_per_100": 2.5187086269650423, "gravity_healthcare_per_100": 0.46689101853923154, "gravity_shelter_per_100": 0.13589700624707965, "shannon": 1.3474089136991914, "kl_divergence": 0.012646726977928183, "jsd": 0.054972229129549792, "city_similarity": 0.9450277708704502 }, "geometry": { "type": "Polygon", "coordinates": [ [ [ -3.329036095580394, 55.904568107460392 ], [ -3.337033218481733, 55.904546483167998 ], [ -3.341065917081709, 55.908426061904485 ], [ -3.337100708791918, 55.912327655084816 ], [ -3.329101984552055, 55.912349285668036 ], [ -3.32507007020331, 55.90846931677909 ], [ -3.329036095580394, 55.904568107460392 ] ] ] } },
{ "type": "Feature", "properties": { "from_id": "245", "population": 3610.2016286614189, "gravity_community": 15.103300617756542, "gravity_education": 14.541706257606165, "gravity_essential_services": 29.393524675722343, "gravity_food_and_drink": 105.37212276004722, "gravity_healthcare": 20.288857929262402, "gravity_shelter": 3.5331508042169348, "avg_gravity": 31.37211050743527, "min_tt_community": 23.0, "min_tt_education": 19.0, "min_tt_essential_services": 23.0, "min_tt_food_and_drink": 13.0, "min_tt_healthcare": 16.0, "min_tt_shelter": 39.0, "avg_tt_community": 48.0, "avg_tt_education": 46.691358024691361, "avg_tt_essential_services": 49.835978835978835, "avg_tt_food_and_drink": 51.495118549511858, "avg_tt_healthcare": 50.227272727272727, "avg_tt_shelter": 50.791666666666664, "avg_tt_all": 49.506899134020244, "n_unreachable_categories": 0, "count_community": 90.0, "count_education": 81.0, "count_essential_services": 189.0, "count_food_and_drink": 718.0, "count_healthcare": 132.0, "count_shelter": 24.0, "gravity_community_per_100": 0.41835061227193848, "gravity_education_per_100": 0.40279485062993287, "gravity_essential_services_per_100": 0.81417958604768548, "gravity_food_and_drink_per_100": 2.9187323478970568, "gravity_healthcare_per_100": 0.56198683664061866, "gravity_shelter_per_100": 0.097865747335750528, "shannon": 1.2879256590749846, "kl_divergence": 0.003679949641410829, "jsd": 0.029944922743059869, "city_similarity": 0.97005507725694018 }, "geometry": { "type": "Polygon", "coordinates": [ [ [ -3.305044663065433, 55.90462986482494 ], [ -3.313041817609526, 55.904609798290323 ], [ -3.317072130608886, 55.908490165226077 ], [ -3.313104503882417, 55.91239098862652 ], [ -3.305105747978432, 55.912411060998807 ], [ -3.301076220423618, 55.908530304132043 ], [ -3.305044663065433, 55.90462986482494 ] ] ] } },
{ "type": "Feature", "properties": { "from_id": "246", "population": 2424.0041736004287, "gravity_community": 24.521008748069775, "gravity_education": 25.617802843971528, "gravity_essential_services": 50.928528267877375, "gravity_food_and_drink": 238.6972150811057, "gravity_healthcare": 35.181382027226938, "gravity_shelter": 5.5835395472247527, "avg_gravity": 63.421579419246008, "min_tt_community": 6.0, "min_tt_education": 1.0, "min_tt_essential_services": 16.0, "min_tt_food_and_drink": 5.0, "min_tt_healthcare": 8.0, "min_tt_shelter": 31.0, "avg_tt_community": 48.630136986301373, "avg_tt_education": 47.794520547945204, "avg_tt_essential_services": 48.391585760517799, "avg_tt_food_and_drink": 50.781427668982943, "avg_tt_healthcare": 49.835555555555558, "avg_tt_shelter": 48.323529411764703, "avg_tt_all": 48.959459321844598, "n_unreachable_categories": 0, "count_community": 146.0, "count_education": 146.0, "count_essential_services": 309.0, "count_food_and_drink": 1584.0, "count_healthcare": 225.0, "count_shelter": 34.0, "gravity_community_per_100": 1.0115910283953085, "gravity_education_per_100": 1.0568382316735381, "gravity_essential_services_per_100": 2.1010082747601904, "gravity_food_and_drink_per_100": 9.8472278917970382, "gravity_healthcare_per_100": 1.4513746473864866, "gravity_shelter_per_100": 0.2303436441254717, "shannon": 1.15827151140276, "kl_divergence": 0.0053324595893818093, "jsd": 0.036830319608715162, "city_similarity": 0.96316968039128481 }, "geometry": { "type": "Polygon", "coordinates": [ [ [ -3.317072130608886, 55.908490165226077 ], [ -3.32507007020331, 55.90846931677909 ], [ -3.329101984552055, 55.912349285668036 ], [ -3.325135174529491, 55.916250493102197 ], [ -3.317135633191382, 55.916271347614661 ], [ -3.313104503882417, 55.91239098862652 ], [ -3.317072130608886, 55.908490165226077 ] ] ] } },
{ "type": "Feature", "properties": { "from_id": "247", "population": 1764.8555991490973, "gravity_community": 4.6892505828456104, "gravity_education": 5.0718464823431377, "gravity_essential_services": 8.8044660040598757, "gravity_food_and_drink": 25.465976180878318, "gravity_healthcare": 5.8437048064950536, "gravity_shelter": 1.7438340775790215, "avg_gravity": 8.6031796890335031, "min_tt_community": 31.0, "min_tt_education": 34.0, "min_tt_essential_services": 43.0, "min_tt_food_and_drink": 30.0, "min_tt_healthcare": 38.0, "min_tt_shelter": 43.0, "avg_tt_community": 52.852941176470587, "avg_tt_education": 53.157894736842103, "avg_tt_essential_services": 54.774647887323944, "avg_tt_food_and_drink": 54.975490196078432, "avg_tt_healthcare": 54.846153846153847, "avg_tt_shelter": 54.785714285714285, "avg_tt_all": 54.232140354763864, "n_unreachable_categories": 0, "count_community": 34.0, "count_education": 38.0, "count_essential_services": 71.0, "count_food_and_drink": 204.0, "count_healthcare": 40.0, "count_shelter": 14.0, "gravity_community_per_100": 0.26570165769406134, "gravity_education_per_100": 0.28738025279736568, "gravity_essential_services_per_100": 0.49887741571065852, "gravity_food_and_drink_per_100": 1.4429495644378165, "gravity_healthcare_per_100": 0.33111518071577761, "gravity_shelter_per_100": 0.098808881498281736, "shannon": 1.4299383289934913, "kl_divergence": 0.030550616582081209, "jsd": 0.084945212726364877, "city_similarity": 0.9150547872736351 }, "geometry": { "type": "Polygon", "coordinates": [ [ [ -3.341065917081709, 55.908426061904485 ], [ -3.349063823840077, 55.908403655479916 ], [ -3.353098123767269, 55.912282835717996 ], [ -3.349133733353306, 55.916184812700095 ], [ -3.341134224873433, 55.91620722564339 ], [ -3.337100708791918, 55.912327655084816 ], [ -3.341065917081709, 55.908426061904485 ] ] ] } },
{ "type": "Feature", "properties": { "from_id": "248", "population": 1327.2470019423617, "gravity_community": 11.606629334944039, "gravity_education": 12.426852435977594, "gravity_essential_services": 24.640890373225766, "gravity_food_and_drink": 85.055588357541865, "gravity_healthcare": 16.262097642502724, "gravity_shelter": 3.5783551350457867, "avg_gravity": 25.595068879872969, "min_tt_community": 18.0, "min_tt_education": 22.0, "min_tt_essential_services": 31.0, "min_tt_food_and_drink": 18.0, "min_tt_healthcare": 25.0, "min_tt_shelter": 39.0, "avg_tt_community": 50.96153846153846, "avg_tt_education": 50.402439024390247, "avg_tt_essential_services": 52.591160220994475, "avg_tt_food_and_drink": 53.237421383647799, "avg_tt_healthcare": 52.680672268907564, "avg_tt_shelter": 51.48, "avg_tt_all": 51.892205226579762, "n_unreachable_categories": 0, "count_community": 78.0, "count_education": 82.0, "count_essential_services": 181.0, "count_food_and_drink": 636.0, "count_healthcare": 119.0, "count_shelter": 25.0, "gravity_community_per_100": 0.87448902261284445, "gravity_education_per_100": 0.93628785130360037, "gravity_essential_services_per_100": 1.8565414227468597, "gravity_food_and_drink_per_100": 6.408421961629382, "gravity_healthcare_per_100": 1.2252502826304321, "gravity_shelter_per_100": 0.26960732477142818, "shannon": 1.31564626594654, "kl_divergence": 0.0069344065156258412, "jsd": 0.040902441104072096, "city_similarity": 0.95909755889592785 }, "geometry": { "type": "Polygon", "coordinates": [ [ [ -3.329101984552055, 55.912349285668036 ], [ -3.337100708791918, 55.912327655084816 ], [ -3.341134224873433, 55.91620722564339 ], [ -3.337168232343587, 55.920108817051535 ], [ -3.329167905976526, 55.920130453928124 ], [ -3.325135174529491, 55.916250493102197 ], [ -3.329101984552055, 55.912349285668036 ] ] ] } },
{ "type": "Feature", "properties": { "from_id": "249", "population": 2027.8693978386027, "gravity_community": 32.5781260264325, "gravity_education": 32.815691942454947, "gravity_essential_services": 69.024672975031294, "gravity_food_and_drink": 337.84310267990475, "gravity_healthcare": 50.505913064085732, "gravity_shelter": 7.5183526534730296, "avg_gravity": 88.380976556897039, "min_tt_community": 19.0, "min_tt_education": 22.0, "min_tt_essential_services": 19.0, "min_tt_food_and_drink": 18.0, "min_tt_healthcare": 18.0, "min_tt_shelter": 28.0, "avg_tt_community": 48.191709844559583, "avg_tt_education": 46.677595628415304, "avg_tt_essential_services": 45.705882352941174, "avg_tt_food_and_drink": 47.581081081081081, "avg_tt_healthcare": 48.397993311036792, "avg_tt_shelter": 44.875, "avg_tt_all": 46.904877036338995, "n_unreachable_categories": 0, "count_community": 193.0, "count_education": 183.0, "count_essential_services": 374.0, "count_food_and_drink": 1998.0, "count_healthcare": 300.0, "count_shelter": 40.0, "gravity_community_per_100": 1.6065199297921149, "gravity_education_per_100": 1.618234979897198, "gravity_essential_services_per_100": 3.4038026831807309, "gravity_food_and_drink_per_100": 16.660003008082946, "gravity_healthcare_per_100": 2.4905900309910134, "gravity_shelter_per_100": 0.37075132459153626, "shannon": 1.1609262968320975, "kl_divergence": 0.0043852593212527257, "jsd": 0.033323471347065522, "city_similarity": 0.96667652865293452 }, "geometry": { "type": "Polygon", "coordinates": [ [ [ -3.305105747978432, 55.912411060998807 ], [ -3.313104503882417, 55.91239098862652 ], [ -3.317135633191382, 55.916271347614661 ], [ -3.313167221030747, 55.92017216901997 ], [ -3.305166862978174, 55.920192247232293 ], [ -3.301136519497811, 55.916311498198347 ], [ -3.305105747978432, 55.912411060998807 ] ] ] } },
{ "type": "Feature", "properties": { "from_id": "250", "population": 33.294898454018629, "gravity_community": 24.409017258639203, "gravity_education": 26.304611603977623, "gravity_essential_services": 56.008340056605221, "gravity_food_and_drink": 272.58964634906988, "gravity_healthcare": 38.581591150176109, "gravity_shelter": 6.3329316732456569, "avg_gravity": 70.704356348618944, "min_tt_community": 24.0, "min_tt_education": 20.0, "min_tt_essential_services": 24.0, "min_tt_food_and_drink": 22.0, "min_tt_healthcare": 23.0, "min_tt_shelter": 34.0, "avg_tt_community": 48.664429530201339, "avg_tt_education": 48.278481012658226, "avg_tt_essential_services": 47.364741641337389, "avg_tt_food_and_drink": 49.490252293577981, "avg_tt_healthcare": 49.803212851405625, "avg_tt_shelter": 46.918918918918919, "avg_tt_all": 48.420006041349914, "n_unreachable_categories": 0, "count_community": 149.0, "count_education": 158.0, "count_essential_services": 329.0, "count_food_and_drink": 1745.0, "count_healthcare": 249.0, "count_shelter": 37.0, "gravity_community_per_100": 73.311583431764703, "gravity_education_per_100": 79.004931161766947, "gravity_essential_services_per_100": 168.21898446080147, "gravity_food_and_drink_per_100": 818.71295305352965, "gravity_healthcare_per_100": 115.8783866046583, "gravity_shelter_per_100": 19.020726799907944, "shannon": 1.1450273315060511, "kl_divergence": 0.00660874872389626, "jsd": 0.041051179822034434, "city_similarity": 0.95894882017796557 }, "geometry": { "type": "Polygon", "coordinates": [ [ [ -3.317135633191382, 55.916271347614661 ], [ -3.325135174529491, 55.916250493102197 ], [ -3.329167905976526, 55.920130453928124 ], [ -3.325200310924965, 55.924031659479517 ], [ -3.317199167054222, 55.924052520059888 ], [ -3.313167221030747, 55.92017216901997 ], [ -3.317135633191382, 55.916271347614661 ] ] ] } },
{ "type": "Feature", "properties": { "from_id": "251", "population": 476.72892290658297, "gravity_community": 17.934057184234714, "gravity_education": 17.566683352131232, "gravity_essential_services": 34.571147084206167, "gravity_food_and_drink": 139.60784003462601, "gravity_healthcare": 23.843570604925905, "gravity_shelter": 3.2236027487189798, "avg_gravity": 39.457816834807169, "min_tt_community": 13.0, "min_tt_education": 15.0, "min_tt_essential_services": 15.0, "min_tt_food_and_drink": 15.0, "min_tt_healthcare": 15.0, "min_tt_shelter": 32.0, "avg_tt_community": 45.978947368421053, "avg_tt_education": 47.792079207920793, "avg_tt_essential_services": 49.66968325791855, "avg_tt_food_and_drink": 50.985106382978721, "avg_tt_healthcare": 47.832116788321166, "avg_tt_shelter": 52.347826086956523, "avg_tt_all": 49.100959848752808, "n_unreachable_categories": 0, "count_community": 95.0, "count_education": 101.0, "count_essential_services": 221.0, "count_food_and_drink": 941.0, "count_healthcare": 137.0, "count_shelter": 23.0, "gravity_community_per_100": 3.7618982869535205, "gravity_education_per_100": 3.6848369184375036, "gravity_essential_services_per_100": 7.2517410677389353, "gravity_food_and_drink_per_100": 29.284533269650758, "gravity_healthcare_per_100": 5.0014944466875049, "gravity_shelter_per_100": 0.67619198119235113, "shannon": 1.2112710391112773, "kl_divergence": 0.0042613358679959292, "jsd": 0.032810702216394906, "city_similarity": 0.96718929778360507 }, "geometry": { "type": "Polygon", "coordinates": [ [ [ -3.293019581942397, 55.900768384972146 ], [ -3.301015951031795, 55.900749100125964 ], [ -3.305044663065433, 55.90462986482494 ], [ -3.301076220423618, 55.908530304132043 ], [ -3.293078250358394, 55.908549594588223 ], [ -3.289050324173535, 55.9046684401264 ], [ -3.293019581942397, 55.900768384972146 ] ] ] } },
{ "type": "Feature", "properties": { "from_id": "252", "population": 171.37624270839484, "gravity_community": 23.973414679313677, "gravity_education": 23.421731455798302, "gravity_essential_services": 45.905262234682155, "gravity_food_and_drink": 180.12298923569477, "gravity_healthcare": 34.242586414396172, "gravity_shelter": 4.6984483765219558, "avg_gravity": 52.060738732734507, "min_tt_community": 9.0, "min_tt_education": 7.0, "min_tt_essential_services": 11.0, "min_tt_food_and_drink": 13.0, "min_tt_healthcare": 8.0, "min_tt_shelter": 36.0, "avg_tt_community": 44.916666666666664, "avg_tt_education": 45.45, "avg_tt_essential_services": 47.426415094339625, "avg_tt_food_and_drink": 50.100429184549355, "avg_tt_healthcare": 47.614583333333336, "avg_tt_shelter": 49.06666666666667, "avg_tt_all": 47.429126824259278, "n_unreachable_categories": 0, "count_community": 120.0, "count_education": 120.0, "count_essential_services": 265.0, "count_food_and_drink": 1166.0, "count_healthcare": 192.0, "count_shelter": 30.0, "gravity_community_per_100": 13.988761977998099, "gravity_education_per_100": 13.666848499912287, "gravity_essential_services_per_100": 26.786246161781147, "gravity_food_and_drink_per_100": 105.10382675513721, "gravity_healthcare_per_100": 19.980941274725943, "gravity_shelter_per_100": 2.7415984282702461, "shannon": 1.221239162693452, "kl_divergence": 0.0021655839358855115, "jsd": 0.023347233427825242, "city_similarity": 0.9766527665721747 }, "geometry": { "type": "Polygon", "coordinates": [ [ [ -3.281053140351178, 55.904686948890536 ], [ -3.289050324173535, 55.9046684401264 ], [ -3.293078250358394, 55.908549594588223 ], [ -3.289108206346621, 55.912449647522479 ], [ -3.281109421144599, 55.912468161671136 ], [ -3.27708228159683, 55.908586617500134 ], [ -3.281053140351178, 55.904686948890536 ] ] ] } },
{ "type": "Feature", "properties": { "from_id": "253", "population": 710.5984009753638, "gravity_community": 46.686109694659905, "gravity_education": 46.515033555588744, "gravity_essential_services": 84.541514300682252, "gravity_food_and_drink": 366.19375337348987, "gravity_healthcare": 67.843176907368957, "gravity_shelter": 8.6935463366474153, "avg_gravity": 103.41218902807286, "min_tt_community": 6.0, "min_tt_education": 6.0, "min_tt_essential_services": 13.0, "min_tt_food_and_drink": 13.0, "min_tt_healthcare": 14.0, "min_tt_shelter": 26.0, "avg_tt_community": 44.636752136752136, "avg_tt_education": 43.867841409691628, "avg_tt_essential_services": 43.735714285714288, "avg_tt_food_and_drink": 46.573849878934624, "avg_tt_healthcare": 45.10734463276836, "avg_tt_shelter": 43.0, "avg_tt_all": 44.486917057310173, "n_unreachable_categories": 0, "count_community": 234.0, "count_education": 227.0, "count_essential_services": 420.0, "count_food_and_drink": 2066.0, "count_healthcare": 354.0, "count_shelter": 43.0, "gravity_community_per_100": 6.5699711159747594, "gravity_education_per_100": 6.5458961759191192, "gravity_essential_services_per_100": 11.897228333843842, "gravity_food_and_drink_per_100": 51.53315189998375, "gravity_healthcare_per_100": 9.5473303646965366, "gravity_shelter_per_100": 1.2234120319880677, "shannon": 1.2205090449831288, "kl_divergence": 0.00061740186637690257, "jsd": 0.012520209104561397, "city_similarity": 0.98747979089543858 }, "geometry": { "type": "Polygon", "coordinates": [ [ [ -3.269084283426122, 55.908604349953258 ], [ -3.27708228159683, 55.908586617500134 ], [ -3.281109421144599, 55.912468161671136 ], [ -3.277137775358893, 55.916367827949848 ], [ -3.269138175404938, 55.916385565561946 ], [ -3.265111823282843, 55.912503631735532 ], [ -3.269084283426122, 55.908604349953258 ] ] ] } },
{ "type": "Feature", "properties": { "from_id": "254", "population": 372.47529972777227, "gravity_community": 18.130833512054959, "gravity_education": 17.604287409531597, "gravity_essential_services": 36.097750286400725, "gravity_food_and_drink": 120.69779381721749, "gravity_healthcare": 24.939469322710163, "gravity_shelter": 4.2711702684482322, "avg_gravity": 36.956884102727194, "min_tt_community": 18.0, "min_tt_education": 17.0, "min_tt_essential_services": 8.0, "min_tt_food_and_drink": 15.0, "min_tt_healthcare": 17.0, "min_tt_shelter": 37.0, "avg_tt_community": 46.921568627450981, "avg_tt_education": 46.01075268817204, "avg_tt_essential_services": 48.313084112149532, "avg_tt_food_and_drink": 50.033419023136247, "avg_tt_healthcare": 48.788079470198674, "avg_tt_shelter": 51.56666666666667, "avg_tt_all": 48.605595097962357, "n_unreachable_categories": 0, "count_community": 102.0, "count_education": 93.0, "count_essential_services": 214.0, "count_food_and_drink": 779.0, "count_healthcare": 151.0, "count_shelter": 30.0, "gravity_community_per_100": 4.8676606275116985, "gravity_education_per_100": 4.7262965953441443, "gravity_essential_services_per_100": 9.6913138435711499, "gravity_food_and_drink_per_100": 32.404241007505952, "gravity_healthcare_per_100": 6.6956035315462401, "gravity_shelter_per_100": 1.1466989278402795, "shannon": 1.3139953376940112, "kl_divergence": 0.0054693026600407153, "jsd": 0.036409297300815581, "city_similarity": 0.96359070269918445 }, "geometry": { "type": "Polygon", "coordinates": [ [ [ -3.293078250358394, 55.908549594588223 ], [ -3.301076220423618, 55.908530304132043 ], [ -3.305105747978432, 55.912411060998807 ], [ -3.301136519497811, 55.916311498198347 ], [ -3.293136947668323, 55.916330794266756 ], [ -3.289108206346621, 55.912449647522479 ], [ -3.293078250358394, 55.908549594588223 ] ] ] } },
{ "type": "Feature", "properties": { "from_id": "255", "population": 60.831439943983831, "gravity_community": 56.854295507872969, "gravity_education": 58.726926673283131, "gravity_essential_services": 104.91756327674531, "gravity_food_and_drink": 455.16679362429716, "gravity_healthcare": 82.351479548277339, "gravity_shelter": 12.231666551343963, "avg_gravity": 128.37478753030331, "min_tt_community": 6.0, "min_tt_education": 1.0, "min_tt_essential_services": 3.0, "min_tt_food_and_drink": 2.0, "min_tt_healthcare": 3.0, "min_tt_shelter": 17.0, "avg_tt_community": 44.683098591549296, "avg_tt_education": 43.574007220216608, "avg_tt_essential_services": 42.046025104602514, "avg_tt_food_and_drink": 43.774462483545413, "avg_tt_healthcare": 44.131386861313871, "avg_tt_shelter": 40.07692307692308, "avg_tt_all": 43.047650556358462, "n_unreachable_categories": 0, "count_community": 284.0, "count_education": 277.0, "count_essential_services": 478.0, "count_food_and_drink": 2280.0, "count_healthcare": 411.0, "count_shelter": 52.0, "gravity_community_per_100": 93.462024834899211, "gravity_education_per_100": 96.54041845361769, "gravity_essential_services_per_100": 172.47259537725535, "gravity_food_and_drink_per_100": 748.24267524068807, "gravity_healthcare_per_100": 135.37650863453189, "gravity_shelter_per_100": 20.107474954739523, "shannon": 1.2525127467285986, "kl_divergence": 0.00019842346046229273, "jsd": 0.0070856527441279125, "city_similarity": 0.99291434725587213 }, "geometry": { "type": "Polygon", "coordinates": [ [ [ -3.281109421144599, 55.912468161671136 ], [ -3.289108206346621, 55.912449647522479 ], [ -3.293136947668323, 55.916330794266756 ], [ -3.289166117029041, 55.920230844982655 ], [ -3.281165729658639, 55.920249364517979 ], [ -3.277137775358893, 55.916367827949848 ], [ -3.281109421144599, 55.912468161671136 ] ] ] } },
{ "type": "Feature", "properties": { "from_id": "256", "population": 170.20154816301152, "gravity_community": 48.524222172981545, "gravity_education": 48.960130515539596, "gravity_essential_services": 92.177368543841183, "gravity_food_and_drink": 414.53593795817471, "gravity_healthcare": 71.071586702315898, "gravity_shelter": 9.7527549391911492, "avg_gravity": 114.17033347200736, "min_tt_community": 3.0, "min_tt_education": 13.0, "min_tt_essential_services": 4.0, "min_tt_food_and_drink": 12.0, "min_tt_healthcare": 13.0, "min_tt_shelter": 25.0, "avg_tt_community": 44.850806451612904, "avg_tt_education": 44.61943319838057, "avg_tt_essential_services": 42.714611872146122, "avg_tt_food_and_drink": 44.472659870250233, "avg_tt_healthcare": 44.852546916890077, "avg_tt_shelter": 43.270833333333336, "avg_tt_all": 44.1301486071022, "n_unreachable_categories": 0, "count_community": 248.0, "count_education": 247.0, "count_essential_services": 438.0, "count_food_and_drink": 2159.0, "count_healthcare": 373.0, "count_shelter": 48.0, "gravity_community_per_100": 28.509859455865342, "gravity_education_per_100": 28.765972486130238, "gravity_essential_services_per_100": 54.157773262765964, "gravity_food_and_drink_per_100": 243.55591499153141, "gravity_healthcare_per_100": 41.757309183960345, "gravity_shelter_per_100": 5.7301211677877291, "shannon": 1.2293451921125054, "kl_divergence": 0.00032881730919283921, "jsd": 0.0091130259664601518, "city_similarity": 0.99088697403353987 }, "geometry": { "type": "Polygon", "coordinates": [ [ [ -3.269138175404938, 55.916385565561946 ], [ -3.277137775358893, 55.916367827949848 ], [ -3.281165729658639, 55.920249364517979 ], [ -3.277193296456444, 55.924149028467426 ], [ -3.269192093930252, 55.92416677124055 ], [ -3.265164927441578, 55.920284844902376 ], [ -3.269138175404938, 55.916385565561946 ] ] ] } },
{ "type": "Feature", "properties": { "from_id": "257", "population": 276.47560858791934, "gravity_community": 49.163199786349267, "gravity_education": 50.35779294071709, "gravity_essential_services": 94.392154519927203, "gravity_food_and_drink": 414.0731725816114, "gravity_healthcare": 72.449934299075366, "gravity_shelter": 11.262594859205507, "avg_gravity": 115.28314149781431, "min_tt_community": 11.0, "min_tt_education": 7.0, "min_tt_essential_services": 2.0, "min_tt_food_and_drink": 7.0, "min_tt_healthcare": 3.0, "min_tt_shelter": 20.0, "avg_tt_community": 46.337078651685395, "avg_tt_education": 44.637795275590548, "avg_tt_essential_services": 43.081677704194263, "avg_tt_food_and_drink": 45.239258254183625, "avg_tt_healthcare": 45.509043927648577, "avg_tt_shelter": 42.03846153846154, "avg_tt_all": 44.473885891960656, "n_unreachable_categories": 0, "count_community": 267.0, "count_education": 254.0, "count_essential_services": 453.0, "count_food_and_drink": 2212.0, "count_healthcare": 387.0, "count_shelter": 52.0, "gravity_community_per_100": 17.782111064859219, "gravity_education_per_100": 18.214190104478348, "gravity_essential_services_per_100": 34.1412231632399, "gravity_food_and_drink_per_100": 149.76842792623276, "gravity_healthcare_per_100": 26.204819538732028, "gravity_shelter_per_100": 4.0736305516166347, "shannon": 1.2394144000677887, "kl_divergence": 0.00014555919627718111, "jsd": 0.0060534098646838784, "city_similarity": 0.99394659013531617 }, "geometry": { "type": "Polygon", "coordinates": [ [ [ -3.293136947668323, 55.916330794266756 ], [ -3.301136519497811, 55.916311498198347 ], [ -3.305166862978174, 55.920192247232293 ], [ -3.301196848274424, 55.924092682325941 ], [ -3.293195673891701, 55.924111984008817 ], [ -3.289166117029041, 55.920230844982655 ], [ -3.293136947668323, 55.916330794266756 ] ] ] } },
{ "type": "Feature", "properties": { "from_id": "258", "population": 119.73473284874765, "gravity_community": 55.649104546219547, "gravity_education": 56.718554636295316, "gravity_essential_services": 107.12637035507585, "gravity_food_and_drink": 468.6651100152514, "gravity_healthcare": 81.55484871674355, "gravity_shelter": 12.437823304501515, "avg_gravity": 130.35863526234786, "min_tt_community": 9.0, "min_tt_education": 4.0, "min_tt_essential_services": 3.0, "min_tt_food_and_drink": 1.0, "min_tt_healthcare": 5.0, "min_tt_shelter": 12.0, "avg_tt_community": 44.677419354838712, "avg_tt_education": 43.776556776556774, "avg_tt_essential_services": 41.643605870020963, "avg_tt_food_and_drink": 43.163301141352065, "avg_tt_healthcare": 44.093596059113302, "avg_tt_shelter": 41.309090909090912, "avg_tt_all": 43.110595018495452, "n_unreachable_categories": 0, "count_community": 279.0, "count_education": 273.0, "count_essential_services": 477.0, "count_food_and_drink": 2279.0, "count_healthcare": 406.0, "count_shelter": 55.0, "gravity_community_per_100": 46.476993953389524, "gravity_education_per_100": 47.37017679568703, "gravity_essential_services_per_100": 89.46975351788771, "gravity_food_and_drink_per_100": 391.4195145090294, "gravity_healthcare_per_100": 68.11294164723779, "gravity_shelter_per_100": 10.387815639270963, "shannon": 1.2503643318467426, "kl_divergence": 7.6660928272869258e-05, "jsd": 0.0043905574598818754, "city_similarity": 0.99560944254011807 }, "geometry": { "type": "Polygon", "coordinates": [ [ [ -3.281165729658639, 55.920249364517979 ], [ -3.289166117029041, 55.920230844982655 ], [ -3.293195673891701, 55.924111984008817 ], [ -3.289224056240052, 55.928012032508001 ], [ -3.281222065912026, 55.928030557432152 ], [ -3.277193296456444, 55.924149028467426 ], [ -3.281165729658639, 55.920249364517979 ] ] ] } },
{ "type": "Feature", "properties": { "from_id": "259", "population": 1426.922004747257, "gravity_community": 60.985921794038234, "gravity_education": 60.918957695050388, "gravity_essential_services": 117.12721496783735, "gravity_food_and_drink": 527.5813634352952, "gravity_healthcare": 90.378260769975412, "gravity_shelter": 14.529255071072976, "avg_gravity": 145.2534956222116, "min_tt_community": 10.0, "min_tt_education": 1.0, "min_tt_essential_services": 12.0, "min_tt_food_and_drink": 9.0, "min_tt_healthcare": 4.0, "min_tt_shelter": 11.0, "avg_tt_community": 43.209621993127151, "avg_tt_education": 43.017421602787458, "avg_tt_essential_services": 39.97551020408163, "avg_tt_food_and_drink": 40.877956081081081, "avg_tt_healthcare": 42.640845070422536, "avg_tt_shelter": 40.557377049180324, "avg_tt_all": 41.713122000113366, "n_unreachable_categories": 0, "count_community": 291.0, "count_education": 287.0, "count_essential_services": 491.0, "count_food_and_drink": 2368.0, "count_healthcare": 426.0, "count_shelter": 61.0, "gravity_community_per_100": 4.2739492131414947, "gravity_education_per_100": 4.2692563077994325, "gravity_essential_services_per_100": 8.2083824188122634, "gravity_food_and_drink_per_100": 36.973384787681006, "gravity_healthcare_per_100": 6.3337912282026672, "gravity_shelter_per_100": 1.0182234924358369, "shannon": 1.2548602569829486, "kl_divergence": 5.6233450987700135e-05, "jsd": 0.0037442710419433706, "city_similarity": 0.99625572895805659 }, "geometry": { "type": "Polygon", "coordinates": [ [ [ -3.269192093930252, 55.92416677124055 ], [ -3.277193296456444, 55.924149028467426 ], [ -3.281222065912026, 55.928030557432152 ], [ -3.277248844907951, 55.931930219053896 ], [ -3.269246039020002, 55.931947966990116 ], [ -3.265218057761148, 55.928066048140657 ], [ -3.269192093930252, 55.92416677124055 ] ] ] } },
{ "type": "Feature", "properties": { "from_id": "260", "population": 2995.7445242534618, "gravity_community": 52.932757629490411, "gravity_education": 52.532070292056723, "gravity_essential_services": 105.21222339917631, "gravity_food_and_drink": 477.10266999329048, "gravity_healthcare": 79.152091062216471, "gravity_shelter": 15.037093862101198, "avg_gravity": 130.32815103972194, "min_tt_community": 15.0, "min_tt_education": 13.0, "min_tt_essential_services": 15.0, "min_tt_food_and_drink": 11.0, "min_tt_healthcare": 19.0, "min_tt_shelter": 10.0, "avg_tt_community": 45.443661971830984, "avg_tt_education": 44.296992481203006, "avg_tt_essential_services": 41.322033898305087, "avg_tt_food_and_drink": 42.365376250543711, "avg_tt_healthcare": 44.760869565217391, "avg_tt_shelter": 39.206896551724135, "avg_tt_all": 42.899305119804048, "n_unreachable_categories": 0, "count_community": 284.0, "count_education": 266.0, "count_essential_services": 473.0, "count_food_and_drink": 2299.0, "count_healthcare": 414.0, "count_shelter": 58.0, "gravity_community_per_100": 1.7669316325523863, "gravity_education_per_100": 1.7535564153337704, "gravity_essential_services_per_100": 3.5120559362582875, "gravity_food_and_drink_per_100": 15.926013254157054, "gravity_healthcare_per_100": 2.6421509051056726, "gravity_shelter_per_100": 0.50194847191946168, "shannon": 1.2491432821200887, "kl_divergence": 5.805470902155342e-05, "jsd": 0.0038080431089181359, "city_similarity": 0.99619195689108186 }, "geometry": { "type": "Polygon", "coordinates": [ [ [ -3.293195673891701, 55.924111984008817 ], [ -3.301196848274424, 55.924092682325941 ], [ -3.305228008084982, 55.927973423526446 ], [ -3.301257206773522, 55.931873856515899 ], [ -3.29325442904806, 55.931893163815488 ], [ -3.289224056240052, 55.928012032508001 ], [ -3.293195673891701, 55.924111984008817 ] ] ] } },
{ "type": "Feature", "properties": { "from_id": "261", "population": 2058.1289906467459, "gravity_community": 52.557333008943303, "gravity_education": 52.285311102990249, "gravity_essential_services": 91.150482548301014, "gravity_food_and_drink": 432.3558256037968, "gravity_healthcare": 81.97504617573783, "gravity_shelter": 6.9438360167890734, "avg_gravity": 119.54463907609305, "min_tt_community": 4.0, "min_tt_education": 9.0, "min_tt_essential_services": 5.0, "min_tt_food_and_drink": 3.0, "min_tt_healthcare": 12.0, "min_tt_shelter": 15.0, "avg_tt_community": 43.695652173913047, "avg_tt_education": 43.040160642570278, "avg_tt_essential_services": 42.3451536643026, "avg_tt_food_and_drink": 43.028288543140029, "avg_tt_healthcare": 42.925064599483207, "avg_tt_shelter": 47.55, "avg_tt_all": 43.764053270568205, "n_unreachable_categories": 0, "count_community": 253.0, "count_education": 249.0, "count_essential_services": 424.0, "count_food_and_drink": 2121.0, "count_healthcare": 387.0, "count_shelter": 40.0, "gravity_community_per_100": 2.5536462120592209, "gravity_education_per_100": 2.5404292607802064, "gravity_essential_services_per_100": 4.4288031975905406, "gravity_food_and_drink_per_100": 21.007226834112736, "gravity_healthcare_per_100": 3.9829887508643478, "gravity_shelter_per_100": 0.33738585134098154, "shannon": 1.2335315682955144, "kl_divergence": 0.00075006410444919923, "jsd": 0.013975509836691541, "city_similarity": 0.98602449016330851 }, "geometry": { "type": "Polygon", "coordinates": [ [ [ -3.22109611790059, 55.908699838556061 ], [ -3.229094165186118, 55.90868522214177 ], [ -3.233116525089927, 55.912568338898502 ], [ -3.229140048162653, 55.916466461278951 ], [ -3.221140399060705, 55.916481081945683 ], [ -3.217118828965369, 55.912597575978836 ], [ -3.22109611790059, 55.908699838556061 ] ] ] } },
{ "type": "Feature", "properties": { "from_id": "262", "population": 1130.6391634199604, "gravity_community": 46.806010555802708, "gravity_education": 43.812256739319793, "gravity_essential_services": 87.319787846507666, "gravity_food_and_drink": 407.96678219374184, "gravity_healthcare": 69.738467724865359, "gravity_shelter": 8.523285229523081, "avg_gravity": 110.69443171496006, "min_tt_community": 15.0, "min_tt_education": 15.0, "min_tt_essential_services": 18.0, "min_tt_food_and_drink": 11.0, "min_tt_healthcare": 20.0, "min_tt_shelter": 30.0, "avg_tt_community": 44.515021459227469, "avg_tt_education": 44.022727272727273, "avg_tt_essential_services": 42.621359223300971, "avg_tt_food_and_drink": 44.093123209169057, "avg_tt_healthcare": 44.844444444444441, "avg_tt_shelter": 45.872340425531917, "avg_tt_all": 44.328169339066847, "n_unreachable_categories": 0, "count_community": 233.0, "count_education": 220.0, "count_essential_services": 413.0, "count_food_and_drink": 2094.0, "count_healthcare": 360.0, "count_shelter": 47.0, "gravity_community_per_100": 4.1397832367865064, "gravity_education_per_100": 3.8749990409669128, "gravity_essential_services_per_100": 7.7230464565177934, "gravity_food_and_drink_per_100": 36.082845472973254, "gravity_healthcare_per_100": 6.1680569699991867, "gravity_shelter_per_100": 0.75384662987807938, "shannon": 1.2145029329198938, "kl_divergence": 0.00077711769046347559, "jsd": 0.013985276145059867, "city_similarity": 0.98601472385494016 }, "geometry": { "type": "Polygon", "coordinates": [ [ [ -3.257113011148924, 55.912520587648778 ], [ -3.265111823282843, 55.912503631735532 ], [ -3.269138175404938, 55.916385565561946 ], [ -3.265164927441578, 55.920284844902376 ], [ -3.257164513121087, 55.920301805748949 ], [ -3.253138949213526, 55.916419482320983 ], [ -3.257113011148924, 55.912520587648778 ] ] ] } },
{ "type": "Feature", "properties": { "from_id": "263", "population": 3584.3790544646768, "gravity_community": 33.68522378496786, "gravity_education": 36.081897614988094, "gravity_essential_services": 63.765173866691498, "gravity_food_and_drink": 302.2327263964026, "gravity_healthcare": 53.571929285799349, "gravity_shelter": 5.2950233477224486, "avg_gravity": 82.438662382761976, "min_tt_community": 21.0, "min_tt_education": 18.0, "min_tt_essential_services": 22.0, "min_tt_food_and_drink": 22.0, "min_tt_healthcare": 17.0, "min_tt_shelter": 17.0, "avg_tt_community": 46.827225130890049, "avg_tt_education": 46.165829145728644, "avg_tt_essential_services": 46.067226890756302, "avg_tt_food_and_drink": 47.096610169491527, "avg_tt_healthcare": 46.391304347826086, "avg_tt_shelter": 47.87096774193548, "avg_tt_all": 46.736527237771348, "n_unreachable_categories": 0, "count_community": 191.0, "count_education": 199.0, "count_essential_services": 357.0, "count_food_and_drink": 1771.0, "count_healthcare": 299.0, "count_shelter": 31.0, "gravity_community_per_100": 0.93977850202560997, "gravity_education_per_100": 1.0066429098798784, "gravity_essential_services_per_100": 1.7789740676914751, "gravity_food_and_drink_per_100": 8.4319409806823771, "gravity_healthcare_per_100": 1.4945944184968534, "gravity_shelter_per_100": 0.14772498296816589, "shannon": 1.2087158656519565, "kl_divergence": 0.0014235108185898081, "jsd": 0.019201934970319429, "city_similarity": 0.98079806502968059 }, "geometry": { "type": "Polygon", "coordinates": [ [ [ -3.233116525089927, 55.912568338898502 ], [ -3.241115361789554, 55.912552941231404 ], [ -3.245139323502068, 55.91643566146552 ], [ -3.241163659371622, 55.920334168744851 ], [ -3.23316322046883, 55.920349570891901 ], [ -3.229140048162653, 55.916466461278951 ], [ -3.233116525089927, 55.912568338898502 ] ] ] } },
{ "type": "Feature", "properties": { "from_id": "264", "population": 2239.9400524451526, "gravity_community": 49.122896639571998, "gravity_education": 47.877225450096525, "gravity_essential_services": 90.71781523440302, "gravity_food_and_drink": 436.78901333167175, "gravity_healthcare": 75.028914854247972, "gravity_shelter": 9.0301890059687224, "avg_gravity": 118.09434241932668, "min_tt_community": 10.0, "min_tt_education": 5.0, "min_tt_essential_services": 13.0, "min_tt_food_and_drink": 7.0, "min_tt_healthcare": 16.0, "min_tt_shelter": 17.0, "avg_tt_community": 43.252136752136749, "avg_tt_education": 42.303571428571431, "avg_tt_essential_services": 41.444444444444443, "avg_tt_food_and_drink": 42.51733966745843, "avg_tt_healthcare": 43.292011019283748, "avg_tt_shelter": 44.638297872340424, "avg_tt_all": 42.907966864039203, "n_unreachable_categories": 0, "count_community": 234.0, "count_education": 224.0, "count_essential_services": 414.0, "count_food_and_drink": 2106.0, "count_healthcare": 363.0, "count_shelter": 47.0, "gravity_community_per_100": 2.1930451480587037, "gravity_education_per_100": 2.1374333387999838, "gravity_essential_services_per_100": 4.050010853432175, "gravity_food_and_drink_per_100": 19.500031389450186, "gravity_healthcare_per_100": 3.3495947702861635, "gravity_shelter_per_100": 0.40314422683371509, "shannon": 1.2152592937198607, "kl_divergence": 0.00073572591326635404, "jsd": 0.013604665628212127, "city_similarity": 0.98639533437178784 }, "geometry": { "type": "Polygon", "coordinates": [ [ [ -3.245139323502068, 55.91643566146552 ], [ -3.253138949213526, 55.916419482320983 ], [ -3.257164513121087, 55.920301805748949 ], [ -3.253189662576612, 55.924200697868187 ], [ -3.245188434275516, 55.924216881720312 ], [ -3.241163659371622, 55.920334168744851 ], [ -3.245139323502068, 55.91643566146552 ] ] ] } },
{ "type": "Feature", "properties": { "from_id": "265", "population": 2938.8399522131504, "gravity_community": 47.357418157119426, "gravity_education": 45.926371963362541, "gravity_essential_services": 87.423619781993494, "gravity_food_and_drink": 407.4209803990222, "gravity_healthcare": 65.907837860908685, "gravity_shelter": 9.9444676738691875, "avg_gravity": 110.66344930604593, "min_tt_community": 4.0, "min_tt_education": 9.0, "min_tt_essential_services": 2.0, "min_tt_food_and_drink": 3.0, "min_tt_healthcare": 13.0, "min_tt_shelter": 20.0, "avg_tt_community": 45.415966386554622, "avg_tt_education": 44.427947598253276, "avg_tt_essential_services": 42.81971153846154, "avg_tt_food_and_drink": 44.870922646784713, "avg_tt_healthcare": 45.339031339031337, "avg_tt_shelter": 42.617021276595743, "avg_tt_all": 44.248433464280204, "n_unreachable_categories": 0, "count_community": 239.0, "count_education": 229.0, "count_essential_services": 416.0, "count_food_and_drink": 2146.0, "count_healthcare": 351.0, "count_shelter": 47.0, "gravity_community_per_100": 1.6114323653949243, "gravity_education_per_100": 1.562738111300576, "gravity_essential_services_per_100": 2.9747662752494382, "gravity_food_and_drink_per_100": 13.863326585451036, "gravity_healthcare_per_100": 2.2426480833457947, "gravity_shelter_per_100": 0.33838071605023312, "shannon": 1.2077615574425156, "kl_divergence": 0.001061751374602308, "jsd": 0.016337108805461104, "city_similarity": 0.98366289119453887 }, "geometry": { "type": "Polygon", "coordinates": [ [ [ -3.257164513121087, 55.920301805748949 ], [ -3.265164927441578, 55.920284844902376 ], [ -3.269192093930252, 55.92416677124055 ], [ -3.265218057761148, 55.928066048140657 ], [ -3.257216040464822, 55.928083013922532 ], [ -3.253189662576612, 55.924200697868187 ], [ -3.257164513121087, 55.920301805748949 ] ] ] } },
{ "type": "Feature", "properties": { "from_id": "266", "population": 3327.4660254875625, "gravity_community": 65.910214059041508, "gravity_education": 66.822793872411197, "gravity_essential_services": 121.76108125743106, "gravity_food_and_drink": 602.83544700247819, "gravity_healthcare": 105.18144577309174, "gravity_shelter": 12.440684943348854, "avg_gravity": 162.49194448463376, "min_tt_community": 12.0, "min_tt_education": 11.0, "min_tt_essential_services": 3.0, "min_tt_food_and_drink": 2.0, "min_tt_healthcare": 2.0, "min_tt_shelter": 14.0, "avg_tt_community": 42.980707395498392, "avg_tt_education": 42.600649350649348, "avg_tt_essential_services": 39.417495029821076, "avg_tt_food_and_drink": 37.522476675148432, "avg_tt_healthcare": 41.757510729613735, "avg_tt_shelter": 47.619718309859152, "avg_tt_all": 41.983092915098354, "n_unreachable_categories": 0, "count_community": 311.0, "count_education": 308.0, "count_essential_services": 503.0, "count_food_and_drink": 2359.0, "count_healthcare": 466.0, "count_shelter": 71.0, "gravity_community_per_100": 1.9807929984614614, "gravity_education_per_100": 2.0082186673151643, "gravity_essential_services_per_100": 3.6592734628925268, "gravity_food_and_drink_per_100": 18.116952731745677, "gravity_healthcare_per_100": 3.1610073541676464, "gravity_shelter_per_100": 0.3738786466354968, "shannon": 1.2889025039827608, "kl_divergence": 0.00091860235559661869, "jsd": 0.015094977240727808, "city_similarity": 0.98490502275927216 }, "geometry": { "type": "Polygon", "coordinates": [ [ [ -3.23316322046883, 55.920349570891901 ], [ -3.241163659371622, 55.920334168744851 ], [ -3.245188434275516, 55.924216881720312 ], [ -3.241211980746724, 55.928115386335477 ], [ -3.233209938851487, 55.928130792964289 ], [ -3.229185953740668, 55.924247690495463 ], [ -3.23316322046883, 55.920349570891901 ] ] ] } },
{ "type": "Feature", "properties": { "from_id": "267", "population": 3516.250604078029, "gravity_community": 53.595660806949397, "gravity_education": 51.100510391449149, "gravity_essential_services": 103.12970451313538, "gravity_food_and_drink": 484.48760162261448, "gravity_healthcare": 81.61479495067438, "gravity_shelter": 10.102505961862022, "avg_gravity": 130.67179637444747, "min_tt_community": 11.0, "min_tt_education": 14.0, "min_tt_essential_services": 5.0, "min_tt_food_and_drink": 4.0, "min_tt_healthcare": 12.0, "min_tt_shelter": 25.0, "avg_tt_community": 43.590733590733592, "avg_tt_education": 43.298387096774192, "avg_tt_essential_services": 40.855555555555554, "avg_tt_food_and_drink": 41.562303193882144, "avg_tt_healthcare": 43.497474747474747, "avg_tt_shelter": 44.557692307692307, "avg_tt_all": 42.893691082018755, "n_unreachable_categories": 0, "count_community": 259.0, "count_education": 248.0, "count_essential_services": 450.0, "count_food_and_drink": 2224.0, "count_healthcare": 396.0, "count_shelter": 52.0, "gravity_community_per_100": 1.524227560595111, "gravity_education_per_100": 1.4532670206208993, "gravity_essential_services_per_100": 2.9329452341516564, "gravity_food_and_drink_per_100": 13.778528784629914, "gravity_healthcare_per_100": 2.3210744665360394, "gravity_shelter_per_100": 0.28730904305129662, "shannon": 1.2332728225325038, "kl_divergence": 0.00021769050359585185, "jsd": 0.0073986877671394051, "city_similarity": 0.99260131223286063 }, "geometry": { "type": "Polygon", "coordinates": [ [ [ -3.245188434275516, 55.924216881720312 ], [ -3.253189662576612, 55.924200697868187 ], [ -3.257216040464822, 55.928083013922532 ], [ -3.253240400925074, 55.931981903490332 ], [ -3.245237569244803, 55.931998092051913 ], [ -3.241211980746724, 55.928115386335477 ], [ -3.245188434275516, 55.924216881720312 ] ] ] } },
{ "type": "Feature", "properties": { "from_id": "268", "population": 2276.1198602192567, "gravity_community": 61.975386957588107, "gravity_education": 59.255980507652311, "gravity_essential_services": 116.44279998653583, "gravity_food_and_drink": 531.3130902096143, "gravity_healthcare": 92.820257605819066, "gravity_shelter": 13.822469072974538, "avg_gravity": 145.93833072336403, "min_tt_community": 3.0, "min_tt_education": 4.0, "min_tt_essential_services": 2.0, "min_tt_food_and_drink": 2.0, "min_tt_healthcare": 2.0, "min_tt_shelter": 18.0, "avg_tt_community": 42.95862068965517, "avg_tt_education": 42.763440860215056, "avg_tt_essential_services": 39.477178423236516, "avg_tt_food_and_drink": 40.196699956578378, "avg_tt_healthcare": 42.839449541284402, "avg_tt_shelter": 42.285714285714285, "avg_tt_all": 41.753517292780636, "n_unreachable_categories": 0, "count_community": 290.0, "count_education": 279.0, "count_essential_services": 482.0, "count_food_and_drink": 2304.0, "count_healthcare": 436.0, "count_shelter": 63.0, "gravity_community_per_100": 2.7228525193580126, "gravity_education_per_100": 2.6033769812958898, "gravity_essential_services_per_100": 5.1158465782781315, "gravity_food_and_drink_per_100": 23.342931077383305, "gravity_healthcare_per_100": 4.0780039411842646, "gravity_shelter_per_100": 0.60728212580347285, "shannon": 1.266076403003902, "kl_divergence": 0.00017024643421934807, "jsd": 0.006512552564236042, "city_similarity": 0.993487447435764 }, "geometry": { "type": "Polygon", "coordinates": [ [ [ -3.257216040464822, 55.928083013922532 ], [ -3.265218057761148, 55.928066048140657 ], [ -3.269246039020002, 55.931947966990116 ], [ -3.265271214259231, 55.935847241451455 ], [ -3.257267593197274, 55.935864212170593 ], [ -3.253240400925074, 55.931981903490332 ], [ -3.257216040464822, 55.928083013922532 ] ] ] } },
{ "type": "Feature", "properties": { "from_id": "269", "population": 3133.3980116953089, "gravity_community": 78.605411048785328, "gravity_education": 74.913685282249233, "gravity_essential_services": 147.20453818816586, "gravity_food_and_drink": 694.34589454839738, "gravity_healthcare": 120.03392794511829, "gravity_shelter": 16.011889028018086, "avg_gravity": 188.51922434012235, "min_tt_community": 4.0, "min_tt_education": 7.0, "min_tt_essential_services": 1.0, "min_tt_food_and_drink": 1.0, "min_tt_healthcare": 3.0, "min_tt_shelter": 14.0, "avg_tt_community": 39.400621118012424, "avg_tt_education": 40.71076923076923, "avg_tt_essential_services": 35.77927063339731, "avg_tt_food_and_drink": 34.745657568238215, "avg_tt_healthcare": 39.844758064516128, "avg_tt_shelter": 43.337662337662337, "avg_tt_all": 38.969789825432606, "n_unreachable_categories": 0, "count_community": 322.0, "count_education": 325.0, "count_essential_services": 521.0, "count_food_and_drink": 2419.0, "count_healthcare": 496.0, "count_shelter": 77.0, "gravity_community_per_100": 2.5086315480954897, "gravity_education_per_100": 2.390812945008463, "gravity_essential_services_per_100": 4.6979202016063581, "gravity_food_and_drink_per_100": 22.159517940484204, "gravity_healthcare_per_100": 3.8307909654980139, "gravity_shelter_per_100": 0.51100718671085565, "shannon": 1.3000917153426128, "kl_divergence": 0.0015843818818273487, "jsd": 0.019796760538418393, "city_similarity": 0.98020323946158161 }, "geometry": { "type": "Polygon", "coordinates": [ [ [ -3.233209938851487, 55.928130792964289 ], [ -3.241211980746724, 55.928115386335477 ], [ -3.245237569244803, 55.931998092051913 ], [ -3.241260325930933, 55.935896594004362 ], [ -3.23325668025344, 55.935912005116712 ], [ -3.229231881935433, 55.932028909792344 ], [ -3.233209938851487, 55.928130792964289 ] ] ] } },
{ "type": "Feature", "properties": { "from_id": "270", "population": 2298.7959934792243, "gravity_community": 73.333554895507262, "gravity_education": 73.34522485024533, "gravity_essential_services": 140.21057494736453, "gravity_food_and_drink": 655.24279026484271, "gravity_healthcare": 112.71586501490209, "gravity_shelter": 17.716525325075093, "avg_gravity": 178.76075588298951, "min_tt_community": 9.0, "min_tt_education": 5.0, "min_tt_essential_services": 5.0, "min_tt_food_and_drink": 5.0, "min_tt_healthcare": 9.0, "min_tt_shelter": 10.0, "avg_tt_community": 41.312883435582819, "avg_tt_education": 42.308605341246292, "avg_tt_essential_services": 37.422932330827066, "avg_tt_food_and_drink": 36.357434640522875, "avg_tt_healthcare": 40.933062880324542, "avg_tt_shelter": 41.0, "avg_tt_all": 39.889153104750598, "n_unreachable_categories": 0, "count_community": 326.0, "count_education": 337.0, "count_essential_services": 532.0, "count_food_and_drink": 2449.0, "count_healthcare": 493.0, "count_shelter": 75.0, "gravity_community_per_100": 3.1900853796302746, "gravity_education_per_100": 3.1905930347145528, "gravity_essential_services_per_100": 6.0993048250078088, "gravity_food_and_drink_per_100": 28.503738136115931, "gravity_healthcare_per_100": 4.9032565453668981, "gravity_shelter_per_100": 0.77068714993978904, "shannon": 1.2995518683479519, "kl_divergence": 0.001510962253077756, "jsd": 0.019337756011121612, "city_similarity": 0.98066224398887836 }, "geometry": { "type": "Polygon", "coordinates": [ [ [ -3.245237569244803, 55.931998092051913 ], [ -3.253240400925074, 55.931981903490332 ], [ -3.257267593197274, 55.935864212170593 ], [ -3.253291164275796, 55.939763099188447 ], [ -3.245286728426279, 55.939779292461374 ], [ -3.241260325930933, 55.935896594004362 ], [ -3.245237569244803, 55.931998092051913 ] ] ] } },
{ "type": "Feature", "properties": { "from_id": "271", "population": 2110.7564291874269, "gravity_community": 68.092104818187622, "gravity_education": 68.093904996588719, "gravity_essential_services": 118.92382779636172, "gravity_food_and_drink": 576.76931494432051, "gravity_healthcare": 106.20780784512333, "gravity_shelter": 10.883139099774143, "avg_gravity": 158.16168325005933, "min_tt_community": 6.0, "min_tt_education": 9.0, "min_tt_essential_services": 12.0, "min_tt_food_and_drink": 3.0, "min_tt_healthcare": 11.0, "min_tt_shelter": 8.0, "avg_tt_community": 42.39297124600639, "avg_tt_education": 41.580858085808579, "avg_tt_essential_services": 39.774193548387096, "avg_tt_food_and_drink": 38.738650827322871, "avg_tt_healthcare": 40.535555555555554, "avg_tt_shelter": 48.063492063492063, "avg_tt_all": 41.847620221095418, "n_unreachable_categories": 0, "count_community": 313.0, "count_education": 303.0, "count_essential_services": 497.0, "count_food_and_drink": 2357.0, "count_healthcare": 450.0, "count_shelter": 63.0, "gravity_community_per_100": 3.2259574755577503, "gravity_education_per_100": 3.2260427614948766, "gravity_essential_services_per_100": 5.6341805312962405, "gravity_food_and_drink_per_100": 27.325242598756795, "gravity_healthcare_per_100": 5.0317415300262711, "gravity_shelter_per_100": 0.51560374040712031, "shannon": 1.277960978688012, "kl_divergence": 0.00059428077534335309, "jsd": 0.012141732700819712, "city_similarity": 0.98785826729918025 }, "geometry": { "type": "Polygon", "coordinates": [ [ [ -3.209119970066272, 55.912611415390025 ], [ -3.217118828965369, 55.912597575978836 ], [ -3.221140399060705, 55.916481081945683 ], [ -3.217162319922588, 55.920378816478809 ], [ -3.209161858805328, 55.920392659916573 ], [ -3.205141079307356, 55.916508764793981 ], [ -3.209119970066272, 55.912611415390025 ] ] ] } },
{ "type": "Feature", "properties": { "from_id": "272", "population": 2720.0982334771866, "gravity_community": 19.613781653378009, "gravity_education": 21.561129250500837, "gravity_essential_services": 35.875309280431203, "gravity_food_and_drink": 184.32418304325898, "gravity_healthcare": 31.669202722118492, "gravity_shelter": 1.6982525344732333, "avg_gravity": 49.123643080693455, "min_tt_community": 29.0, "min_tt_education": 23.0, "min_tt_essential_services": 30.0, "min_tt_food_and_drink": 16.0, "min_tt_healthcare": 21.0, "min_tt_shelter": 32.0, "avg_tt_community": 49.08, "avg_tt_education": 48.64179104477612, "avg_tt_essential_services": 50.294117647058826, "avg_tt_food_and_drink": 51.175452399685284, "avg_tt_healthcare": 48.231958762886599, "avg_tt_shelter": 50.81818181818182, "avg_tt_all": 49.706916945431452, "n_unreachable_categories": 0, "count_community": 125.0, "count_education": 134.0, "count_essential_services": 238.0, "count_food_and_drink": 1272.0, "count_healthcare": 194.0, "count_shelter": 11.0, "gravity_community_per_100": 0.7210688721452938, "gravity_education_per_100": 0.79265994827468311, "gravity_essential_services_per_100": 1.318897561819695, "gravity_food_and_drink_per_100": 6.7763796459524048, "gravity_healthcare_per_100": 1.1642668758192147, "gravity_shelter_per_100": 0.062433500142467437, "shannon": 1.152514643543662, "kl_divergence": 0.0071167176534922107, "jsd": 0.044148459934413999, "city_similarity": 0.95585154006558604 }, "geometry": { "type": "Polygon", "coordinates": [ [ [ -3.185123353176746, 55.912649817096003 ], [ -3.193122231909038, 55.912637535949514 ], [ -3.197141409181972, 55.916521826973607 ], [ -3.193160916198017, 55.920418788075892 ], [ -3.185160435234164, 55.920431072795601 ], [ -3.18114204974884, 55.91654639283923 ], [ -3.185123353176746, 55.912649817096003 ] ] ] } },
{ "type": "Feature", "properties": { "from_id": "273", "population": 2766.9203242963981, "gravity_community": 58.435514107606402, "gravity_education": 59.122092773258224, "gravity_essential_services": 104.71514538750414, "gravity_food_and_drink": 534.52300732582739, "gravity_healthcare": 94.470622450660287, "gravity_shelter": 9.4310861774436336, "avg_gravity": 143.44957803705, "min_tt_community": 16.0, "min_tt_education": 14.0, "min_tt_essential_services": 13.0, "min_tt_food_and_drink": 13.0, "min_tt_healthcare": 14.0, "min_tt_shelter": 22.0, "avg_tt_community": 43.353356890459366, "avg_tt_education": 41.885185185185186, "avg_tt_essential_services": 40.738660907127432, "avg_tt_food_and_drink": 39.430346051464063, "avg_tt_healthcare": 41.075060532687651, "avg_tt_shelter": 48.719298245614034, "avg_tt_all": 42.533651302089616, "n_unreachable_categories": 0, "count_community": 283.0, "count_education": 270.0, "count_essential_services": 463.0, "count_food_and_drink": 2255.0, "count_healthcare": 413.0, "count_shelter": 57.0, "gravity_community_per_100": 2.1119333865338534, "gravity_education_per_100": 2.1367472078652074, "gravity_essential_services_per_100": 3.7845377934448554, "gravity_food_and_drink_per_100": 19.318337526099587, "gravity_healthcare_per_100": 3.414287777682333, "gravity_shelter_per_100": 0.34085138247852764, "shannon": 1.2557684468003802, "kl_divergence": 0.00010796500084408626, "jsd": 0.0051902991350945837, "city_similarity": 0.99480970086490539 }, "geometry": { "type": "Polygon", "coordinates": [ [ [ -3.221140399060705, 55.916481081945683 ], [ -3.229140048162653, 55.916466461278951 ], [ -3.23316322046883, 55.920349570891901 ], [ -3.229185953740668, 55.924247690495463 ], [ -3.221184702033279, 55.924262315416307 ], [ -3.217162319922588, 55.920378816478809 ], [ -3.221140399060705, 55.916481081945683 ] ] ] } },
{ "type": "Feature", "properties": { "from_id": "274", "population": 2808.5444945957574, "gravity_community": 31.664228297359116, "gravity_education": 34.302507368393499, "gravity_essential_services": 61.47016512963873, "gravity_food_and_drink": 320.0922453360858, "gravity_healthcare": 56.081467641253731, "gravity_shelter": 4.4974774436150007, "avg_gravity": 84.684681869390985, "min_tt_community": 15.0, "min_tt_education": 17.0, "min_tt_essential_services": 20.0, "min_tt_food_and_drink": 12.0, "min_tt_healthcare": 19.0, "min_tt_shelter": 25.0, "avg_tt_community": 46.148571428571429, "avg_tt_education": 44.367231638418076, "avg_tt_essential_services": 45.797058823529412, "avg_tt_food_and_drink": 46.763934426229511, "avg_tt_healthcare": 45.215488215488215, "avg_tt_shelter": 49.25, "avg_tt_all": 46.257047422039442, "n_unreachable_categories": 0, "count_community": 175.0, "count_education": 177.0, "count_essential_services": 340.0, "count_food_and_drink": 1831.0, "count_healthcare": 297.0, "count_shelter": 28.0, "gravity_community_per_100": 1.1274248408130221, "gravity_education_per_100": 1.2213624329042636, "gravity_essential_services_per_100": 2.1886840407164825, "gravity_food_and_drink_per_100": 11.397086496297709, "gravity_healthcare_per_100": 1.9968160643054265, "gravity_shelter_per_100": 0.16013552401498757, "shannon": 1.1630097545087903, "kl_divergence": 0.0043354825814993121, "jsd": 0.033388946160309949, "city_similarity": 0.96661105383969004 }, "geometry": { "type": "Polygon", "coordinates": [ [ [ -3.197141409181972, 55.916521826973607 ], [ -3.205141079307356, 55.916508764793981 ], [ -3.209161858805328, 55.920392659916573 ], [ -3.205182177054491, 55.924290006319417 ], [ -3.197180904309464, 55.924303072299715 ], [ -3.193160916198017, 55.920418788075892 ], [ -3.197141409181972, 55.916521826973607 ] ] ] } },
{ "type": "Feature", "properties": { "from_id": "275", "population": 2695.3547428461075, "gravity_community": 38.502094545160126, "gravity_education": 40.688628077174506, "gravity_essential_services": 69.335440477564703, "gravity_food_and_drink": 349.3369507785855, "gravity_healthcare": 66.57733692816889, "gravity_shelter": 7.5610833097399652, "avg_gravity": 95.333589019398957, "min_tt_community": 17.0, "min_tt_education": 4.0, "min_tt_essential_services": 16.0, "min_tt_food_and_drink": 8.0, "min_tt_healthcare": 14.0, "min_tt_shelter": 14.0, "avg_tt_community": 46.740909090909092, "avg_tt_education": 44.706161137440759, "avg_tt_essential_services": 46.755050505050505, "avg_tt_food_and_drink": 46.699899799599201, "avg_tt_healthcare": 46.190735694822891, "avg_tt_shelter": 48.266666666666666, "avg_tt_all": 46.559903815748186, "n_unreachable_categories": 0, "count_community": 220.0, "count_education": 211.0, "count_essential_services": 396.0, "count_food_and_drink": 1997.0, "count_healthcare": 367.0, "count_shelter": 45.0, "gravity_community_per_100": 1.4284611199082682, "gravity_education_per_100": 1.5095834114291813, "gravity_essential_services_per_100": 2.5724050113103587, "gravity_food_and_drink_per_100": 12.960704029990127, "gravity_healthcare_per_100": 2.4700769761336812, "gravity_shelter_per_100": 0.28052275233188734, "shannon": 1.2220647786762102, "kl_divergence": 0.00079785602559921914, "jsd": 0.014185575176363518, "city_similarity": 0.98581442482363646 }, "geometry": { "type": "Polygon", "coordinates": [ [ [ -3.185160435234164, 55.920431072795601 ], [ -3.193160916198017, 55.920418788075892 ], [ -3.197180904309464, 55.924303072299715 ], [ -3.19319961954429, 55.92820003028929 ], [ -3.185197535559573, 55.928212318583661 ], [ -3.181178339624085, 55.924327645313205 ], [ -3.185160435234164, 55.920431072795601 ] ] ] } },
{ "type": "Feature", "properties": { "from_id": "276", "population": 2534.9451252182453, "gravity_community": 63.493314483095077, "gravity_education": 63.102031518327934, "gravity_essential_services": 113.14928911913427, "gravity_food_and_drink": 566.27685634913939, "gravity_healthcare": 103.26786594407179, "gravity_shelter": 10.261525239009547, "avg_gravity": 153.25848044212967, "min_tt_community": 10.0, "min_tt_education": 11.0, "min_tt_essential_services": 8.0, "min_tt_food_and_drink": 7.0, "min_tt_healthcare": 7.0, "min_tt_shelter": 17.0, "avg_tt_community": 42.909698996655521, "avg_tt_education": 41.565371024734979, "avg_tt_essential_services": 40.210743801652896, "avg_tt_food_and_drink": 38.749024707412225, "avg_tt_healthcare": 40.802272727272729, "avg_tt_shelter": 48.327868852459019, "avg_tt_all": 42.094163351697894, "n_unreachable_categories": 0, "count_community": 299.0, "count_education": 283.0, "count_essential_services": 484.0, "count_food_and_drink": 2308.0, "count_healthcare": 440.0, "count_shelter": 61.0, "gravity_community_per_100": 2.5047214573383969, "gravity_education_per_100": 2.489285897772449, "gravity_essential_services_per_100": 4.4635794279528129, "gravity_food_and_drink_per_100": 22.338821093824901, "gravity_healthcare_per_100": 4.0737712590595416, "gravity_shelter_per_100": 0.40480265773508944, "shannon": 1.2696210155142158, "kl_divergence": 0.00030272095052862123, "jsd": 0.0086760921337822369, "city_similarity": 0.99132390786621771 }, "geometry": { "type": "Polygon", "coordinates": [ [ [ -3.209161858805328, 55.920392659916573 ], [ -3.217162319922588, 55.920378816478809 ], [ -3.221184702033279, 55.924262315416307 ], [ -3.21720583230499, 55.928160047061141 ], [ -3.209203768180275, 55.928173894527113 ], [ -3.205182177054491, 55.924290006319417 ], [ -3.209161858805328, 55.920392659916573 ] ] ] } },
{ "type": "Feature", "properties": { "from_id": "277", "population": 2923.9830044377763, "gravity_community": 59.59508921260845, "gravity_education": 60.483049956593106, "gravity_essential_services": 111.43551640059026, "gravity_food_and_drink": 559.32832909222623, "gravity_healthcare": 96.678774217002768, "gravity_shelter": 9.5053510420332028, "avg_gravity": 149.50435165350902, "min_tt_community": 5.0, "min_tt_education": 8.0, "min_tt_essential_services": 12.0, "min_tt_food_and_drink": 5.0, "min_tt_healthcare": 6.0, "min_tt_shelter": 25.0, "avg_tt_community": 44.061224489795919, "avg_tt_education": 43.451388888888886, "avg_tt_essential_services": 40.770491803278688, "avg_tt_food_and_drink": 38.885615251299825, "avg_tt_healthcare": 42.275626423690206, "avg_tt_shelter": 46.528301886792455, "avg_tt_all": 42.662108123957665, "n_unreachable_categories": 0, "count_community": 294.0, "count_education": 288.0, "count_essential_services": 488.0, "count_food_and_drink": 2309.0, "count_healthcare": 439.0, "count_shelter": 53.0, "gravity_community_per_100": 2.0381475925872352, "gravity_education_per_100": 2.0685157836005543, "gravity_essential_services_per_100": 3.8110863240813226, "gravity_food_and_drink_per_100": 19.128987009956099, "gravity_healthcare_per_100": 3.3064068453979321, "gravity_shelter_per_100": 0.32508229451425597, "shannon": 1.2639776860195284, "kl_divergence": 0.00039801671122861155, "jsd": 0.0099958266512289121, "city_similarity": 0.99000417334877111 }, "geometry": { "type": "Polygon", "coordinates": [ [ [ -3.221184702033279, 55.924262315416307 ], [ -3.229185953740668, 55.924247690495463 ], [ -3.233209938851487, 55.928130792964289 ], [ -3.229231881935433, 55.932028909792344 ], [ -3.221229026833052, 55.932043538969026 ], [ -3.21720583230499, 55.928160047061141 ], [ -3.221184702033279, 55.924262315416307 ] ] ] } },
{ "type": "Feature", "properties": { "from_id": "278", "population": 2365.9843699453536, "gravity_community": 59.028380398781138, "gravity_education": 61.334791482791033, "gravity_essential_services": 106.55101108116244, "gravity_food_and_drink": 545.53131775422582, "gravity_healthcare": 97.621254369897017, "gravity_shelter": 9.2167660452612754, "avg_gravity": 146.54725352201976, "min_tt_community": 9.0, "min_tt_education": 5.0, "min_tt_essential_services": 9.0, "min_tt_food_and_drink": 1.0, "min_tt_healthcare": 3.0, "min_tt_shelter": 25.0, "avg_tt_community": 43.592334494773517, "avg_tt_education": 42.184782608695649, "avg_tt_essential_services": 40.968220338983052, "avg_tt_food_and_drink": 39.204054649625384, "avg_tt_healthcare": 41.125890736342043, "avg_tt_shelter": 48.236363636363635, "avg_tt_all": 42.55194107746388, "n_unreachable_categories": 0, "count_community": 287.0, "count_education": 276.0, "count_essential_services": 472.0, "count_food_and_drink": 2270.0, "count_healthcare": 421.0, "count_shelter": 55.0, "gravity_community_per_100": 2.4948761770621712, "gravity_education_per_100": 2.5923582700678476, "gravity_essential_services_per_100": 4.5034537182349776, "gravity_food_and_drink_per_100": 23.057266340555994, "gravity_healthcare_per_100": 4.1260312455974395, "gravity_shelter_per_100": 0.38955312479406412, "shannon": 1.2587825338830863, "kl_divergence": 0.00017466590817026366, "jsd": 0.0066077230787375853, "city_similarity": 0.99339227692126242 }, "geometry": { "type": "Polygon", "coordinates": [ [ [ -3.197180904309464, 55.924303072299715 ], [ -3.205182177054491, 55.924290006319417 ], [ -3.209203768180275, 55.928173894527113 ], [ -3.205223295049707, 55.932071237930153 ], [ -3.197220418895472, 55.932084307712643 ], [ -3.19319961954429, 55.92820003028929 ], [ -3.197180904309464, 55.924303072299715 ] ] ] } },
{ "type": "Feature", "properties": { "from_id": "279", "population": 3894.823250630157, "gravity_community": 56.426521937976602, "gravity_education": 56.602362055625633, "gravity_essential_services": 102.72822753174027, "gravity_food_and_drink": 544.16986891106785, "gravity_healthcare": 95.890600300039736, "gravity_shelter": 10.268945864861998, "avg_gravity": 144.34775443355201, "min_tt_community": 8.0, "min_tt_education": 5.0, "min_tt_essential_services": 10.0, "min_tt_food_and_drink": 8.0, "min_tt_healthcare": 10.0, "min_tt_shelter": 19.0, "avg_tt_community": 44.185714285714283, "avg_tt_education": 42.780303030303031, "avg_tt_essential_services": 42.021141649048623, "avg_tt_food_and_drink": 39.216454025516938, "avg_tt_healthcare": 42.384090909090908, "avg_tt_shelter": 46.966101694915253, "avg_tt_all": 42.925634265764842, "n_unreachable_categories": 0, "count_community": 280.0, "count_education": 264.0, "count_essential_services": 473.0, "count_food_and_drink": 2274.0, "count_healthcare": 440.0, "count_shelter": 59.0, "gravity_community_per_100": 1.4487569347042171, "gravity_education_per_100": 1.4532716483724324, "gravity_essential_services_per_100": 2.6375581360494218, "gravity_food_and_drink_per_100": 13.971619092677049, "gravity_healthcare_per_100": 2.462001331755562, "gravity_shelter_per_100": 0.26365627408639275, "shannon": 1.2590612135937813, "kl_divergence": 0.00024704491473613284, "jsd": 0.0078293781350466298, "city_similarity": 0.99217062186495342 }, "geometry": { "type": "Polygon", "coordinates": [ [ [ -3.185197535559573, 55.928212318583661 ], [ -3.19319961954429, 55.92820003028929 ], [ -3.197220418895472, 55.932084307712643 ], [ -3.193238341960735, 55.935981262590794 ], [ -3.185234654165316, 55.93599355446122 ], [ -3.181214647378705, 55.932108887876858 ], [ -3.185197535559573, 55.928212318583661 ] ] ] } },
{ "type": "Feature", "properties": { "from_id": "280", "population": 233.89318057239882, "gravity_community": 72.896637332677955, "gravity_education": 74.068493098473752, "gravity_essential_services": 131.41627056653152, "gravity_food_and_drink": 661.00842897494067, "gravity_healthcare": 119.58462560984933, "gravity_shelter": 12.694360498803366, "avg_gravity": 178.61146934687943, "min_tt_community": 7.0, "min_tt_education": 4.0, "min_tt_essential_services": 7.0, "min_tt_food_and_drink": 5.0, "min_tt_healthcare": 6.0, "min_tt_shelter": 18.0, "avg_tt_community": 40.688102893890672, "avg_tt_education": 40.682692307692307, "avg_tt_essential_services": 38.171206225680933, "avg_tt_food_and_drink": 35.828295549958021, "avg_tt_healthcare": 38.980769230769234, "avg_tt_shelter": 47.0, "avg_tt_all": 40.225177701331859, "n_unreachable_categories": 0, "count_community": 311.0, "count_education": 312.0, "count_essential_services": 514.0, "count_food_and_drink": 2383.0, "count_healthcare": 468.0, "count_shelter": 71.0, "gravity_community_per_100": 31.16663647665165, "gravity_education_per_100": 31.667658252031313, "gravity_essential_services_per_100": 56.186448123421542, "gravity_food_and_drink_per_100": 282.61124473884928, "gravity_healthcare_per_100": 51.127880392747635, "gravity_shelter_per_100": 5.4274179639341735, "shannon": 1.2882405837048359, "kl_divergence": 0.00082585264797937867, "jsd": 0.014318278263846015, "city_similarity": 0.98568172173615398 }, "geometry": { "type": "Polygon", "coordinates": [ [ [ -3.209203768180275, 55.928173894527113 ], [ -3.21720583230499, 55.928160047061141 ], [ -3.221229026833052, 55.932043538969026 ], [ -3.217249366127052, 55.935941267726932 ], [ -3.209245698205057, 55.935955119222712 ], [ -3.205223295049707, 55.932071237930153 ], [ -3.209203768180275, 55.928173894527113 ] ] ] } },
{ "type": "Feature", "properties": { "from_id": "281", "population": 2909.1131762297937, "gravity_community": 2.2332600070824, "gravity_education": 2.1459657843261013, "gravity_essential_services": 2.8945242932782795, "gravity_food_and_drink": 6.3226070379057484, "gravity_healthcare": 1.5800515745272545, "gravity_shelter": 1.2831819854519901, "avg_gravity": 2.7432651137619626, "min_tt_community": 44.0, "min_tt_education": 42.0, "min_tt_essential_services": 52.0, "min_tt_food_and_drink": 44.0, "min_tt_healthcare": 48.0, "min_tt_shelter": 52.0, "avg_tt_community": 53.352941176470587, "avg_tt_education": 54.411764705882355, "avg_tt_essential_services": 55.6875, "avg_tt_food_and_drink": 53.693877551020407, "avg_tt_healthcare": 55.153846153846153, "avg_tt_shelter": 56.090909090909093, "avg_tt_all": 54.731806446354767, "n_unreachable_categories": 0, "count_community": 17.0, "count_education": 17.0, "count_essential_services": 17.0, "count_food_and_drink": 49.0, "count_healthcare": 13.0, "count_shelter": 11.0, "gravity_community_per_100": 0.076767725138033358, "gravity_education_per_100": 0.073767009199252595, "gravity_essential_services_per_100": 0.099498510987103592, "gravity_food_and_drink_per_100": 0.21733795335181277, "gravity_healthcare_per_100": 0.054313857138243035, "gravity_shelter_per_100": 0.044109043124784579, "shannon": 1.6354891080805674, "kl_divergence": 0.1689409985007381, "jsd": 0.18858313119725242, "city_similarity": 0.81141686880274755 }, "geometry": { "type": "Polygon", "coordinates": [ [ [ -3.341134224873433, 55.91620722564339 ], [ -3.349133733353306, 55.916184812700095 ], [ -3.353168851550703, 55.920063984644656 ], [ -3.349203677302646, 55.923965959966857 ], [ -3.341202566312336, 55.923988379431485 ], [ -3.337168232343587, 55.920108817051535 ], [ -3.341134224873433, 55.91620722564339 ] ] ] } },
{ "type": "Feature", "properties": { "from_id": "282", "population": 2204.5410503581047, "gravity_community": 9.868995893673512, "gravity_education": 11.087515859635255, "gravity_essential_services": 22.973498631658362, "gravity_food_and_drink": 82.480162198305266, "gravity_healthcare": 15.052665228330957, "gravity_shelter": 4.1049396247386918, "avg_gravity": 24.261296239390344, "min_tt_community": 32.0, "min_tt_education": 31.0, "min_tt_essential_services": 38.0, "min_tt_food_and_drink": 33.0, "min_tt_healthcare": 37.0, "min_tt_shelter": 38.0, "avg_tt_community": 51.714285714285715, "avg_tt_education": 51.57692307692308, "avg_tt_essential_services": 52.801169590643276, "avg_tt_food_and_drink": 53.80793650793651, "avg_tt_healthcare": 53.280701754385966, "avg_tt_shelter": 49.74074074074074, "avg_tt_all": 52.153626230819214, "n_unreachable_categories": 0, "count_community": 70.0, "count_education": 78.0, "count_essential_services": 171.0, "count_food_and_drink": 631.0, "count_healthcare": 114.0, "count_shelter": 27.0, "gravity_community_per_100": 0.44766668745271937, "gravity_education_per_100": 0.50293986849708261, "gravity_essential_services_per_100": 1.0420989270273084, "gravity_food_and_drink_per_100": 3.7413756566205567, "gravity_healthcare_per_100": 0.68280267341294498, "gravity_shelter_per_100": 0.18620381888882889, "shannon": 1.2995185096597952, "kl_divergence": 0.0067566100696882028, "jsd": 0.040247140045832679, "city_similarity": 0.95975285995416737 }, "geometry": { "type": "Polygon", "coordinates": [ [ [ -3.329167905976526, 55.920130453928124 ], [ -3.337168232343587, 55.920108817051535 ], [ -3.341202566312336, 55.923988379431485 ], [ -3.337235789159197, 55.92788996906922 ], [ -3.329233859875729, 55.927911612241687 ], [ -3.325200310924965, 55.924031659479517 ], [ -3.329167905976526, 55.920130453928124 ] ] ] } },
{ "type": "Feature", "properties": { "from_id": "283", "population": 1843.7849653544031, "gravity_community": 44.211149266846405, "gravity_education": 44.00416189600513, "gravity_essential_services": 89.824328291786969, "gravity_food_and_drink": 418.78485871686468, "gravity_healthcare": 67.575702843447246, "gravity_shelter": 13.168527953747061, "avg_gravity": 112.92812149478293, "min_tt_community": 22.0, "min_tt_education": 21.0, "min_tt_essential_services": 10.0, "min_tt_food_and_drink": 8.0, "min_tt_healthcare": 21.0, "min_tt_shelter": 9.0, "avg_tt_community": 47.051181102362207, "avg_tt_education": 46.18181818181818, "avg_tt_essential_services": 43.102739726027394, "avg_tt_food_and_drink": 44.709692028985508, "avg_tt_healthcare": 46.602094240837694, "avg_tt_shelter": 40.132075471698116, "avg_tt_all": 44.629933458621508, "n_unreachable_categories": 0, "count_community": 254.0, "count_education": 242.0, "count_essential_services": 438.0, "count_food_and_drink": 2209.0, "count_healthcare": 382.0, "count_shelter": 53.0, "gravity_community_per_100": 2.397847368190702, "gravity_education_per_100": 2.386621147414925, "gravity_essential_services_per_100": 4.8717355862873841, "gravity_food_and_drink_per_100": 22.713324307662305, "gravity_healthcare_per_100": 3.6650533610603655, "gravity_shelter_per_100": 0.71421170045259985, "shannon": 1.2260623491543463, "kl_divergence": 0.00037926955277742247, "jsd": 0.0097511990130076786, "city_similarity": 0.99024880098699231 }, "geometry": { "type": "Polygon", "coordinates": [ [ [ -3.305166862978174, 55.920192247232293 ], [ -3.313167221030747, 55.92017216901997 ], [ -3.317199167054222, 55.924052520059888 ], [ -3.313229969075371, 55.927953339471763 ], [ -3.305228008084982, 55.927973423526446 ], [ -3.301196848274424, 55.924092682325941 ], [ -3.305166862978174, 55.920192247232293 ] ] ] } },
{ "type": "Feature", "properties": { "from_id": "284", "population": 4546.7766131688813, "gravity_community": 15.217481801554747, "gravity_education": 16.610549259214466, "gravity_essential_services": 41.1436013597285, "gravity_food_and_drink": 187.33686849020074, "gravity_healthcare": 25.043192001446346, "gravity_shelter": 7.0341990495791169, "avg_gravity": 48.730981993620652, "min_tt_community": 36.0, "min_tt_education": 25.0, "min_tt_essential_services": 31.0, "min_tt_food_and_drink": 20.0, "min_tt_healthcare": 32.0, "min_tt_shelter": 24.0, "avg_tt_community": 51.495327102803735, "avg_tt_education": 50.091743119266056, "avg_tt_essential_services": 49.05343511450382, "avg_tt_food_and_drink": 51.27469135802469, "avg_tt_healthcare": 50.982558139534881, "avg_tt_shelter": 42.121212121212125, "avg_tt_all": 49.169827825890884, "n_unreachable_categories": 0, "count_community": 107.0, "count_education": 109.0, "count_essential_services": 262.0, "count_food_and_drink": 1297.0, "count_healthcare": 172.0, "count_shelter": 33.0, "gravity_community_per_100": 0.33468725420730328, "gravity_education_per_100": 0.36532582689690846, "gravity_essential_services_per_100": 0.90489603647040451, "gravity_food_and_drink_per_100": 4.1202127227366931, "gravity_healthcare_per_100": 0.5507900240560194, "gravity_shelter_per_100": 0.15470738169114984, "shannon": 1.1425399144502026, "kl_divergence": 0.0093660798156993651, "jsd": 0.049096709442954127, "city_similarity": 0.95090329055704592 }, "geometry": { "type": "Polygon", "coordinates": [ [ [ -3.317199167054222, 55.924052520059888 ], [ -3.325200310924965, 55.924031659479517 ], [ -3.329233859875729, 55.927911612241687 ], [ -3.325265479411401, 55.931812815912096 ], [ -3.317262732218536, 55.93183368256279 ], [ -3.313229969075371, 55.927953339471763 ], [ -3.317199167054222, 55.924052520059888 ] ] ] } },
{ "type": "Feature", "properties": { "from_id": "285", "population": 3435.1685955381517, "gravity_community": 5.2634118289536858, "gravity_education": 4.9614845730618988, "gravity_essential_services": 8.738077620253959, "gravity_food_and_drink": 28.800934645878016, "gravity_healthcare": 6.5792745695498915, "gravity_shelter": 3.3429324056964749, "avg_gravity": 9.6143526072323198, "min_tt_community": 41.0, "min_tt_education": 34.0, "min_tt_essential_services": 32.0, "min_tt_food_and_drink": 33.0, "min_tt_healthcare": 35.0, "min_tt_shelter": 29.0, "avg_tt_community": 52.769230769230766, "avg_tt_education": 51.914285714285711, "avg_tt_essential_services": 51.540983606557376, "avg_tt_food_and_drink": 50.142076502732237, "avg_tt_healthcare": 51.936170212765958, "avg_tt_shelter": 48.4, "avg_tt_all": 51.117124467595339, "n_unreachable_categories": 0, "count_community": 39.0, "count_education": 35.0, "count_essential_services": 61.0, "count_food_and_drink": 184.0, "count_healthcare": 47.0, "count_shelter": 20.0, "gravity_community_per_100": 0.15322135384534516, "gravity_education_per_100": 0.14443205435407852, "gravity_essential_services_per_100": 0.25437114299436753, "gravity_food_and_drink_per_100": 0.83841400632524343, "gravity_healthcare_per_100": 0.19152697710661232, "gravity_shelter_per_100": 0.097314944309822807, "shannon": 1.5037670223861552, "kl_divergence": 0.051920372980259623, "jsd": 0.107899098041465, "city_similarity": 0.89210090195853498 }, "geometry": { "type": "Polygon", "coordinates": [ [ [ -3.341202566312336, 55.923988379431485 ], [ -3.349203677302646, 55.923965959966857 ], [ -3.353239614176475, 55.927845123617082 ], [ -3.349273655711361, 55.931747097281225 ], [ -3.341270941421149, 55.9317695232698 ], [ -3.337235789159197, 55.92788996906922 ], [ -3.341202566312336, 55.923988379431485 ] ] ] } },
{ "type": "Feature", "properties": { "from_id": "286", "population": 3825.3254995521584, "gravity_community": 13.604356451418999, "gravity_education": 16.464206150273878, "gravity_essential_services": 34.23370034494156, "gravity_food_and_drink": 118.86324503312103, "gravity_healthcare": 22.30388869980899, "gravity_shelter": 7.7212097307491714, "avg_gravity": 35.531767735052277, "min_tt_community": 37.0, "min_tt_education": 12.0, "min_tt_essential_services": 28.0, "min_tt_food_and_drink": 9.0, "min_tt_healthcare": 31.0, "min_tt_shelter": 14.0, "avg_tt_community": 50.827956989247312, "avg_tt_education": 51.214285714285715, "avg_tt_essential_services": 51.085836909871247, "avg_tt_food_and_drink": 51.737545565006073, "avg_tt_healthcare": 49.731034482758623, "avg_tt_shelter": 44.5, "avg_tt_all": 49.8494432768615, "n_unreachable_categories": 0, "count_community": 93.0, "count_education": 112.0, "count_essential_services": 233.0, "count_food_and_drink": 824.0, "count_healthcare": 145.0, "count_shelter": 38.0, "gravity_community_per_100": 0.35563918555458091, "gravity_education_per_100": 0.43040013594140913, "gravity_essential_services_per_100": 0.89492254577942176, "gravity_food_and_drink_per_100": 3.1072713955201117, "gravity_healthcare_per_100": 0.58305858422819623, "gravity_shelter_per_100": 0.20184451575828294, "shannon": 1.3157076674023434, "kl_divergence": 0.0094827138546731103, "jsd": 0.047596099608198203, "city_similarity": 0.95240390039180178 }, "geometry": { "type": "Polygon", "coordinates": [ [ [ -3.329233859875729, 55.927911612241687 ], [ -3.337235789159197, 55.92788996906922 ], [ -3.341270941421149, 55.9317695232698 ], [ -3.337303379261223, 55.935671111138937 ], [ -3.329299846271606, 55.93569276060979 ], [ -3.325265479411401, 55.931812815912096 ], [ -3.329233859875729, 55.927911612241687 ] ] ] } },
{ "type": "Feature", "properties": { "from_id": "287", "population": 4382.1020440722641, "gravity_community": 39.562074310968875, "gravity_education": 40.397788532993758, "gravity_essential_services": 80.496421947101084, "gravity_food_and_drink": 365.57876394965422, "gravity_healthcare": 58.892975549340591, "gravity_shelter": 11.921174448189209, "avg_gravity": 99.474866456374613, "min_tt_community": 18.0, "min_tt_education": 8.0, "min_tt_essential_services": 12.0, "min_tt_food_and_drink": 8.0, "min_tt_healthcare": 19.0, "min_tt_shelter": 16.0, "avg_tt_community": 48.757201646090536, "avg_tt_education": 47.424242424242422, "avg_tt_essential_services": 45.099056603773583, "avg_tt_food_and_drink": 47.254938852304797, "avg_tt_healthcare": 47.914772727272727, "avg_tt_shelter": 41.294117647058826, "avg_tt_all": 46.290721650123821, "n_unreachable_categories": 0, "count_community": 243.0, "count_education": 231.0, "count_essential_services": 424.0, "count_food_and_drink": 2127.0, "count_healthcare": 352.0, "count_shelter": 51.0, "gravity_community_per_100": 0.90281043008765827, "gravity_education_per_100": 0.92188151089818771, "gravity_essential_services_per_100": 1.8369362725359126, "gravity_food_and_drink_per_100": 8.3425433792482799, "gravity_healthcare_per_100": 1.343943499193635, "gravity_shelter_per_100": 0.27204237437407836, "shannon": 1.2203362097021746, "kl_divergence": 0.00060989546323112615, "jsd": 0.012374692694536263, "city_similarity": 0.98762530730546372 }, "geometry": { "type": "Polygon", "coordinates": [ [ [ -3.305228008084982, 55.927973423526446 ], [ -3.313229969075371, 55.927953339471763 ], [ -3.317262732218536, 55.93183368256279 ], [ -3.313292748037166, 55.935734499982971 ], [ -3.305289183319199, 55.935754589882329 ], [ -3.301257206773522, 55.931873856515899 ], [ -3.305228008084982, 55.927973423526446 ] ] ] } },
{ "type": "Feature", "properties": { "from_id": "288", "population": 5143.3455383165947, "gravity_community": 39.799218545708541, "gravity_education": 39.751408682898145, "gravity_essential_services": 82.773859333902095, "gravity_food_and_drink": 381.93462913587717, "gravity_healthcare": 60.222865788882622, "gravity_shelter": 12.642187903454973, "avg_gravity": 102.85402823178725, "min_tt_community": 18.0, "min_tt_education": 13.0, "min_tt_essential_services": 10.0, "min_tt_food_and_drink": 11.0, "min_tt_healthcare": 11.0, "min_tt_shelter": 16.0, "avg_tt_community": 48.628099173553721, "avg_tt_education": 46.977578475336323, "avg_tt_essential_services": 44.582938388625593, "avg_tt_food_and_drink": 46.71216341689879, "avg_tt_healthcare": 47.058651026392965, "avg_tt_shelter": 38.25, "avg_tt_all": 45.3682384134679, "n_unreachable_categories": 0, "count_community": 242.0, "count_education": 223.0, "count_essential_services": 422.0, "count_food_and_drink": 2155.0, "count_healthcare": 341.0, "count_shelter": 48.0, "gravity_community_per_100": 0.77380020940095606, "gravity_education_per_100": 0.77287066145489203, "gravity_essential_services_per_100": 1.6093388771424793, "gravity_food_and_drink_per_100": 7.4258014805842407, "gravity_healthcare_per_100": 1.1708889737280499, "gravity_shelter_per_100": 0.2457969780422867, "shannon": 1.2037356691742489, "kl_divergence": 0.0013956818411370163, "jsd": 0.01875214990320781, "city_similarity": 0.98124785009679216 }, "geometry": { "type": "Polygon", "coordinates": [ [ [ -3.317262732218536, 55.93183368256279 ], [ -3.325265479411401, 55.931812815912096 ], [ -3.329299846271606, 55.93569276060979 ], [ -3.325330680010481, 55.939593962400977 ], [ -3.317326328705477, 55.939614835124431 ], [ -3.313292748037166, 55.935734499982971 ], [ -3.317262732218536, 55.93183368256279 ] ] ] } },
{ "type": "Feature", "properties": { "from_id": "289", "population": 57.572558949352889, "gravity_community": 5.2975513630629436, "gravity_education": 4.6395568978803734, "gravity_essential_services": 8.6339409583736639, "gravity_food_and_drink": 28.286812097303805, "gravity_healthcare": 6.9941247830456241, "gravity_shelter": 3.4054243069183743, "avg_gravity": 9.5429017344307976, "min_tt_community": 39.0, "min_tt_education": 32.0, "min_tt_essential_services": 30.0, "min_tt_food_and_drink": 31.0, "min_tt_healthcare": 34.0, "min_tt_shelter": 28.0, "avg_tt_community": 52.717948717948715, "avg_tt_education": 50.677419354838712, "avg_tt_essential_services": 51.118644067796609, "avg_tt_food_and_drink": 49.622857142857143, "avg_tt_healthcare": 52.1, "avg_tt_shelter": 48.05, "avg_tt_all": 50.714478213906865, "n_unreachable_categories": 0, "count_community": 39.0, "count_education": 31.0, "count_essential_services": 59.0, "count_food_and_drink": 176.0, "count_healthcare": 50.0, "count_shelter": 20.0, "gravity_community_per_100": 9.2015214535161594, "gravity_education_per_100": 8.0586254676673903, "gravity_essential_services_per_100": 14.996625329732211, "gravity_food_and_drink_per_100": 49.132455832279362, "gravity_healthcare_per_100": 12.148365316188951, "gravity_shelter_per_100": 5.9150129316193105, "shannon": 1.512450838340607, "kl_divergence": 0.056596038608110466, "jsd": 0.11265316731208889, "city_similarity": 0.88734683268791115 }, "geometry": { "type": "Polygon", "coordinates": [ [ [ -3.341270941421149, 55.9317695232698 ], [ -3.349273655711361, 55.931747097281225 ], [ -3.353310411668125, 55.935626252636318 ], [ -3.349343668602738, 55.939528224644263 ], [ -3.341339350222626, 55.939550657159373 ], [ -3.337303379261223, 55.935671111138937 ], [ -3.341270941421149, 55.9317695232698 ] ] ] } },
{ "type": "Feature", "properties": { "from_id": "290", "population": 75.312126704731313, "gravity_community": 48.936154731477608, "gravity_education": 49.078989415838294, "gravity_essential_services": 98.944960117011462, "gravity_food_and_drink": 455.01886365227483, "gravity_healthcare": 76.211804045854237, "gravity_shelter": 16.646087290913911, "avg_gravity": 124.13947654222839, "min_tt_community": 18.0, "min_tt_education": 16.0, "min_tt_essential_services": 11.0, "min_tt_food_and_drink": 11.0, "min_tt_healthcare": 13.0, "min_tt_shelter": 4.0, "avg_tt_community": 47.384341637010678, "avg_tt_education": 45.590038314176248, "avg_tt_essential_services": 42.88247863247863, "avg_tt_food_and_drink": 44.064642082429501, "avg_tt_healthcare": 45.255050505050505, "avg_tt_shelter": 37.362068965517238, "avg_tt_all": 43.756436689443809, "n_unreachable_categories": 0, "count_community": 281.0, "count_education": 261.0, "count_essential_services": 468.0, "count_food_and_drink": 2306.0, "count_healthcare": 396.0, "count_shelter": 58.0, "gravity_community_per_100": 64.977788933429906, "gravity_education_per_100": 65.167445885916038, "gravity_essential_services_per_100": 131.37985135506133, "gravity_food_and_drink_per_100": 604.17741944298234, "gravity_healthcare_per_100": 101.19459824132997, "gravity_shelter_per_100": 22.102798074175428, "shannon": 1.2389877605097279, "kl_divergence": 0.00020788681004814505, "jsd": 0.0072205028960027054, "city_similarity": 0.99277949710399727 }, "geometry": { "type": "Polygon", "coordinates": [ [ [ -3.329299846271606, 55.93569276060979 ], [ -3.337303379261223, 55.935671111138937 ], [ -3.341339350222626, 55.939550657159373 ], [ -3.33737100267216, 55.943452243261731 ], [ -3.329365865186119, 55.943473899033506 ], [ -3.325330680010481, 55.939593962400977 ], [ -3.329299846271606, 55.93569276060979 ] ] ] } },
{ "type": "Feature", "properties": { "from_id": "291", "population": 699.20415982389716, "gravity_community": 48.587464283134153, "gravity_education": 49.019581495788245, "gravity_essential_services": 93.029083845420402, "gravity_food_and_drink": 404.8990730987187, "gravity_healthcare": 72.096521462859542, "gravity_shelter": 11.982423476647039, "avg_gravity": 113.269024610428, "min_tt_community": 11.0, "min_tt_education": 6.0, "min_tt_essential_services": 14.0, "min_tt_food_and_drink": 15.0, "min_tt_healthcare": 15.0, "min_tt_shelter": 16.0, "avg_tt_community": 46.596226415094343, "avg_tt_education": 45.223107569721115, "avg_tt_essential_services": 43.72210065645514, "avg_tt_food_and_drink": 46.241103202846972, "avg_tt_healthcare": 46.114795918367349, "avg_tt_shelter": 39.94, "avg_tt_all": 44.639555627080824, "n_unreachable_categories": 0, "count_community": 265.0, "count_education": 251.0, "count_essential_services": 457.0, "count_food_and_drink": 2249.0, "count_healthcare": 392.0, "count_shelter": 50.0, "gravity_community_per_100": 6.9489667074308423, "gravity_education_per_100": 7.0107680005986248, "gravity_essential_services_per_100": 13.304995763876873, "gravity_food_and_drink_per_100": 57.908561814148442, "gravity_healthcare_per_100": 10.311226048915085, "gravity_shelter_per_100": 1.7137231391279131, "shannon": 1.2305582447370569, "kl_divergence": 0.00030615102711194697, "jsd": 0.0087978392717896238, "city_similarity": 0.99120216072821032 }, "geometry": { "type": "Polygon", "coordinates": [ [ [ -3.281222065912026, 55.928030557432152 ], [ -3.289224056240052, 55.928012032508001 ], [ -3.29325442904806, 55.931893163815488 ], [ -3.289282023998932, 55.935793210099561 ], [ -3.2812784299235, 55.935811740414699 ], [ -3.277248844907951, 55.931930219053896 ], [ -3.281222065912026, 55.928030557432152 ] ] ] } },
{ "type": "Feature", "properties": { "from_id": "292", "population": 163.67867962423884, "gravity_community": 51.539787499495986, "gravity_education": 49.002718801605852, "gravity_essential_services": 103.82504491656921, "gravity_food_and_drink": 484.14374948789447, "gravity_healthcare": 80.196143374468804, "gravity_shelter": 14.777918699678128, "avg_gravity": 130.58089379661874, "min_tt_community": 7.0, "min_tt_education": 4.0, "min_tt_essential_services": 5.0, "min_tt_food_and_drink": 5.0, "min_tt_healthcare": 5.0, "min_tt_shelter": 10.0, "avg_tt_community": 44.984905660377358, "avg_tt_education": 44.094650205761319, "avg_tt_essential_services": 40.826373626373623, "avg_tt_food_and_drink": 41.665631929046562, "avg_tt_healthcare": 44.196969696969695, "avg_tt_shelter": 37.351851851851855, "avg_tt_all": 42.186730495063401, "n_unreachable_categories": 0, "count_community": 265.0, "count_education": 243.0, "count_essential_services": 455.0, "count_food_and_drink": 2255.0, "count_healthcare": 396.0, "count_shelter": 54.0, "gravity_community_per_100": 31.488393978871983, "gravity_education_per_100": 29.938363942147255, "gravity_essential_services_per_100": 63.432235129781667, "gravity_food_and_drink_per_100": 295.78913429614363, "gravity_healthcare_per_100": 48.996084009583321, "gravity_shelter_per_100": 9.0286155372246153, "shannon": 1.2300670006438006, "kl_divergence": 0.00032823025835827834, "jsd": 0.0090879076321546022, "city_similarity": 0.99091209236784539 }, "geometry": { "type": "Polygon", "coordinates": [ [ [ -3.269246039020002, 55.931947966990116 ], [ -3.277248844907951, 55.931930219053896 ], [ -3.2812784299235, 55.935811740414699 ], [ -3.277304420731899, 55.939711399710362 ], [ -3.269300010692138, 55.939729152811729 ], [ -3.265271214259231, 55.935847241451455 ], [ -3.269246039020002, 55.931947966990116 ] ] ] } },
{ "type": "Feature", "properties": { "from_id": "293", "population": 64.515473173302183, "gravity_community": 31.63358048140632, "gravity_education": 32.918287664860514, "gravity_essential_services": 70.053072809396127, "gravity_food_and_drink": 305.3267821090638, "gravity_healthcare": 50.982634183681476, "gravity_shelter": 10.191227457427484, "avg_gravity": 83.517597450972616, "min_tt_community": 16.0, "min_tt_education": 10.0, "min_tt_essential_services": 13.0, "min_tt_food_and_drink": 11.0, "min_tt_healthcare": 20.0, "min_tt_shelter": 6.0, "avg_tt_community": 48.989637305699482, "avg_tt_education": 47.196721311475407, "avg_tt_essential_services": 46.3828125, "avg_tt_food_and_drink": 49.257828810020875, "avg_tt_healthcare": 48.46864686468647, "avg_tt_shelter": 39.69047619047619, "avg_tt_all": 46.664353830393075, "n_unreachable_categories": 0, "count_community": 193.0, "count_education": 183.0, "count_essential_services": 384.0, "count_food_and_drink": 1916.0, "count_healthcare": 303.0, "count_shelter": 42.0, "gravity_community_per_100": 49.032548201935747, "gravity_education_per_100": 51.023864579641298, "gravity_essential_services_per_100": 108.58336669285333, "gravity_food_and_drink_per_100": 473.26132335554848, "gravity_healthcare_per_100": 79.02388632682171, "gravity_shelter_per_100": 15.796563143932458, "shannon": 1.1866489031370655, "kl_divergence": 0.0026216854156386987, "jsd": 0.025775069905233646, "city_similarity": 0.97422493009476641 }, "geometry": { "type": "Polygon", "coordinates": [ [ [ -3.29325442904806, 55.931893163815488 ], [ -3.301257206773522, 55.931873856515899 ], [ -3.305289183319199, 55.935754589882329 ], [ -3.301317595015192, 55.939655020769266 ], [ -3.293313213156953, 55.939674333687805 ], [ -3.289282023998932, 55.935793210099561 ], [ -3.29325442904806, 55.931893163815488 ] ] ] } },
{ "type": "Feature", "properties": { "from_id": "294", "population": 96.912494946529463, "gravity_community": 57.6144028494165, "gravity_education": 54.581965087252044, "gravity_essential_services": 111.0350438317127, "gravity_food_and_drink": 509.58997298919559, "gravity_healthcare": 91.096114529777935, "gravity_shelter": 14.69313531409864, "avg_gravity": 139.76843910024223, "min_tt_community": 5.0, "min_tt_education": 4.0, "min_tt_essential_services": 9.0, "min_tt_food_and_drink": 2.0, "min_tt_healthcare": 3.0, "min_tt_shelter": 16.0, "avg_tt_community": 45.398648648648646, "avg_tt_education": 44.063432835820898, "avg_tt_essential_services": 40.852083333333333, "avg_tt_food_and_drink": 41.516129032258064, "avg_tt_healthcare": 43.734883720930235, "avg_tt_shelter": 39.120689655172413, "avg_tt_all": 42.447644537693925, "n_unreachable_categories": 0, "count_community": 296.0, "count_education": 268.0, "count_essential_services": 480.0, "count_food_and_drink": 2326.0, "count_healthcare": 430.0, "count_shelter": 58.0, "gravity_community_per_100": 59.449922201677595, "gravity_education_per_100": 56.320874947412214, "gravity_essential_services_per_100": 114.57247478044521, "gravity_food_and_drink_per_100": 525.82484154427857, "gravity_healthcare_per_100": 93.998317327439921, "gravity_shelter_per_100": 15.161239345045688, "shannon": 1.2542719034065304, "kl_divergence": 0.000173653908387887, "jsd": 0.0065752964594345724, "city_similarity": 0.99342470354056545 }, "geometry": { "type": "Polygon", "coordinates": [ [ [ -3.2812784299235, 55.935811740414699 ], [ -3.289282023998932, 55.935793210099561 ], [ -3.293313213156953, 55.939674333687805 ], [ -3.289340020324972, 55.943574377758424 ], [ -3.281334821711823, 55.943592913466695 ], [ -3.277304420731899, 55.939711399710362 ], [ -3.2812784299235, 55.935811740414699 ] ] ] } },
{ "type": "Feature", "properties": { "from_id": "295", "population": 1334.336332621403, "gravity_community": 57.912671772211738, "gravity_education": 54.777983123207612, "gravity_essential_services": 114.39024660829564, "gravity_food_and_drink": 538.08770042996082, "gravity_healthcare": 93.079728489678388, "gravity_shelter": 15.973928369908126, "avg_gravity": 145.70370979887704, "min_tt_community": 3.0, "min_tt_education": 16.0, "min_tt_essential_services": 7.0, "min_tt_food_and_drink": 7.0, "min_tt_healthcare": 7.0, "min_tt_shelter": 7.0, "avg_tt_community": 45.209302325581397, "avg_tt_education": 44.669039145907476, "avg_tt_essential_services": 40.608080808080807, "avg_tt_food_and_drink": 40.285835453774382, "avg_tt_healthcare": 43.435665914221218, "avg_tt_shelter": 38.016949152542374, "avg_tt_all": 42.037478800017944, "n_unreachable_categories": 0, "count_community": 301.0, "count_education": 281.0, "count_essential_services": 495.0, "count_food_and_drink": 2359.0, "count_healthcare": 443.0, "count_shelter": 59.0, "gravity_community_per_100": 4.3401854807054514, "gravity_education_per_100": 4.105260554180683, "gravity_essential_services_per_100": 8.5728195966580252, "gravity_food_and_drink_per_100": 40.326242138130759, "gravity_healthcare_per_100": 6.9757321459437698, "gravity_shelter_per_100": 1.1971440767505863, "shannon": 1.2612932331289357, "kl_divergence": 0.00017238110441146785, "jsd": 0.006550734548280748, "city_similarity": 0.9934492654517193 }, "geometry": { "type": "Polygon", "coordinates": [ [ [ -3.269300010692138, 55.939729152811729 ], [ -3.277304420731899, 55.939711399710362 ], [ -3.281334821711823, 55.943592913466695 ], [ -3.277360023946789, 55.947492570437852 ], [ -3.269354008964627, 55.94751032870645 ], [ -3.265324396953518, 55.943628424835843 ], [ -3.269300010692138, 55.939729152811729 ] ] ] } },
{ "type": "Feature", "properties": { "from_id": "296", "population": 491.62571030501618, "gravity_community": 57.647951524432848, "gravity_education": 54.260764377572308, "gravity_essential_services": 111.63810320944097, "gravity_food_and_drink": 519.02252565692527, "gravity_healthcare": 91.176753279184268, "gravity_shelter": 14.737261032459976, "avg_gravity": 141.41389318000259, "min_tt_community": 13.0, "min_tt_education": 13.0, "min_tt_essential_services": 5.0, "min_tt_food_and_drink": 5.0, "min_tt_healthcare": 6.0, "min_tt_shelter": 16.0, "avg_tt_community": 45.676666666666669, "avg_tt_education": 44.561594202898547, "avg_tt_essential_services": 40.820618556701028, "avg_tt_food_and_drink": 41.191815856777495, "avg_tt_healthcare": 43.922727272727272, "avg_tt_shelter": 39.305084745762713, "avg_tt_all": 42.57975121692229, "n_unreachable_categories": 0, "count_community": 301.0, "count_education": 276.0, "count_essential_services": 485.0, "count_food_and_drink": 2347.0, "count_healthcare": 440.0, "count_shelter": 59.0, "gravity_community_per_100": 11.725983876772169, "gravity_education_per_100": 11.037007064562927, "gravity_essential_services_per_100": 22.707946486398782, "gravity_food_and_drink_per_100": 105.57269784261516, "gravity_healthcare_per_100": 18.545969294937009, "gravity_shelter_per_100": 2.9976587317446501, "shannon": 1.2590218122347232, "kl_divergence": 0.00021226870249890773, "jsd": 0.0072651400061004316, "city_similarity": 0.99273485999389954 }, "geometry": { "type": "Polygon", "coordinates": [ [ [ -3.293313213156953, 55.939674333687805 ], [ -3.301317595015192, 55.939655020769266 ], [ -3.305350388701186, 55.943535746301016 ], [ -3.301378013019535, 55.947436175087113 ], [ -3.293372026237948, 55.947455493626862 ], [ -3.289340020324972, 55.943574377758424 ], [ -3.293313213156953, 55.939674333687805 ] ] ] } },
{ "type": "Feature", "properties": { "from_id": "297", "population": 70.766608892526307, "gravity_community": 43.688678553505653, "gravity_education": 43.005553279084388, "gravity_essential_services": 88.464128725464278, "gravity_food_and_drink": 417.05121320649278, "gravity_healthcare": 70.695644296047234, "gravity_shelter": 11.842615942857229, "avg_gravity": 112.45797233390859, "min_tt_community": 15.0, "min_tt_education": 17.0, "min_tt_essential_services": 13.0, "min_tt_food_and_drink": 13.0, "min_tt_healthcare": 12.0, "min_tt_shelter": 20.0, "avg_tt_community": 47.802371541501977, "avg_tt_education": 46.942148760330582, "avg_tt_essential_services": 43.435185185185183, "avg_tt_food_and_drink": 44.576887661141804, "avg_tt_healthcare": 45.486338797814206, "avg_tt_shelter": 38.895833333333336, "avg_tt_all": 44.523127546551173, "n_unreachable_categories": 0, "count_community": 253.0, "count_education": 242.0, "count_essential_services": 432.0, "count_food_and_drink": 2173.0, "count_healthcare": 366.0, "count_shelter": 48.0, "gravity_community_per_100": 61.736289525835438, "gravity_education_per_100": 60.770968048500372, "gravity_essential_services_per_100": 125.00829149495533, "gravity_food_and_drink_per_100": 589.3333306953723, "gravity_healthcare_per_100": 99.899720224566863, "gravity_shelter_per_100": 16.734751216979586, "shannon": 1.2228346286844902, "kl_divergence": 0.00052668653674598116, "jsd": 0.011519100348416777, "city_similarity": 0.98848089965158326 }, "geometry": { "type": "Polygon", "coordinates": [ [ [ -3.281334821711823, 55.943592913466695 ], [ -3.289340020324972, 55.943574377758424 ], [ -3.293372026237948, 55.947455493626862 ], [ -3.289398045237485, 55.951355535485654 ], [ -3.28139124129577, 55.951374076589225 ], [ -3.277360023946789, 55.947492570437852 ], [ -3.281334821711823, 55.943592913466695 ] ] ] } },
{ "type": "Feature", "properties": { "from_id": "298", "population": 185.02597310435954, "gravity_community": 26.73823679702797, "gravity_education": 28.677922475479509, "gravity_essential_services": 59.221741225711447, "gravity_food_and_drink": 271.32422989652451, "gravity_healthcare": 45.919660758275228, "gravity_shelter": 8.7429097447160693, "avg_gravity": 73.43745014962245, "min_tt_community": 19.0, "min_tt_education": 10.0, "min_tt_essential_services": 17.0, "min_tt_food_and_drink": 18.0, "min_tt_healthcare": 21.0, "min_tt_shelter": 15.0, "avg_tt_community": 49.5030303030303, "avg_tt_education": 48.505882352941178, "avg_tt_essential_services": 47.505780346820806, "avg_tt_food_and_drink": 49.784650630011456, "avg_tt_healthcare": 48.018796992481199, "avg_tt_shelter": 41.769230769230766, "avg_tt_all": 47.514561899085955, "n_unreachable_categories": 0, "count_community": 165.0, "count_education": 170.0, "count_essential_services": 346.0, "count_food_and_drink": 1747.0, "count_healthcare": 266.0, "count_shelter": 39.0, "gravity_community_per_100": 14.451072110804086, "gravity_education_per_100": 15.499403675236668, "gravity_essential_services_per_100": 32.007258349782504, "gravity_food_and_drink_per_100": 146.6411581813384, "gravity_healthcare_per_100": 24.817953927136124, "gravity_shelter_per_100": 4.7252337593624416, "shannon": 1.1773252187017267, "kl_divergence": 0.0034673407723994805, "jsd": 0.029665284133034781, "city_similarity": 0.97033471586696518 }, "geometry": { "type": "Polygon", "coordinates": [ [ [ -3.269354008964627, 55.94751032870645 ], [ -3.277360023946789, 55.947492570437852 ], [ -3.28139124129577, 55.951374076589225 ], [ -3.277415654571139, 55.955273731237462 ], [ -3.269408033855453, 55.955291494675365 ], [ -3.265377605861719, 55.951409598294894 ], [ -3.269354008964627, 55.94751032870645 ] ] ] } },
{ "type": "Feature", "properties": { "from_id": "299", "population": 2930.4770007779048, "gravity_community": 67.500263321327594, "gravity_education": 67.716837064311989, "gravity_essential_services": 122.33496220732042, "gravity_food_and_drink": 520.53382011710005, "gravity_healthcare": 102.35007370240616, "gravity_shelter": 16.985854328836997, "avg_gravity": 149.5703017902172, "min_tt_community": 10.0, "min_tt_education": 8.0, "min_tt_essential_services": 3.0, "min_tt_food_and_drink": 5.0, "min_tt_healthcare": 4.0, "min_tt_shelter": 10.0, "avg_tt_community": 43.202492211838006, "avg_tt_education": 42.453674121405754, "avg_tt_essential_services": 40.117533718689785, "avg_tt_food_and_drink": 41.974190905366655, "avg_tt_healthcare": 41.786813186813184, "avg_tt_shelter": 39.275362318840578, "avg_tt_all": 41.468344410492328, "n_unreachable_categories": 0, "count_community": 321.0, "count_education": 313.0, "count_essential_services": 519.0, "count_food_and_drink": 2442.0, "count_healthcare": 455.0, "count_shelter": 69.0, "gravity_community_per_100": 2.3033882642112333, "gravity_education_per_100": 2.3107786563872139, "gravity_essential_services_per_100": 4.174575066613599, "gravity_food_and_drink_per_100": 17.762767630625412, "gravity_healthcare_per_100": 3.4926079841349038, "gravity_shelter_per_100": 0.57962762800486223, "shannon": 1.2775246144722872, "kl_divergence": 0.00049088887265388978, "jsd": 0.011033996505109177, "city_similarity": 0.98896600349489083 }, "geometry": { "type": "Polygon", "coordinates": [ [ [ -3.293372026237948, 55.947455493626862 ], [ -3.301378013019535, 55.947436175087113 ], [ -3.305411624251323, 55.951316892783595 ], [ -3.301438460806676, 55.955217319470499 ], [ -3.293430868310634, 55.955236643633725 ], [ -3.289398045237485, 55.951355535485654 ], [ -3.293372026237948, 55.947455493626862 ] ] ] } },
{ "type": "Feature", "properties": { "from_id": "300", "population": 3631.820801126531, "gravity_community": 70.069938466224158, "gravity_education": 67.232595985656985, "gravity_essential_services": 122.55569592007964, "gravity_food_and_drink": 530.29993620267601, "gravity_healthcare": 104.52843196692528, "gravity_shelter": 17.280505746070681, "avg_gravity": 151.99451738127212, "min_tt_community": 2.0, "min_tt_education": 2.0, "min_tt_essential_services": 1.0, "min_tt_food_and_drink": 9.0, "min_tt_healthcare": 9.0, "min_tt_shelter": 6.0, "avg_tt_community": 42.359375, "avg_tt_education": 41.720930232558139, "avg_tt_essential_services": 39.484375, "avg_tt_food_and_drink": 41.18406933553446, "avg_tt_healthcare": 40.649553571428569, "avg_tt_shelter": 36.723076923076924, "avg_tt_all": 40.353563343766346, "n_unreachable_categories": 0, "count_community": 320.0, "count_education": 301.0, "count_essential_services": 512.0, "count_food_and_drink": 2425.0, "count_healthcare": 448.0, "count_shelter": 65.0, "gravity_community_per_100": 1.9293335850846391, "gravity_education_per_100": 1.8512090674959112, "gravity_essential_services_per_100": 3.374497328779682, "gravity_food_and_drink_per_100": 14.601489589965059, "gravity_healthcare_per_100": 2.8781274652786362, "gravity_shelter_per_100": 0.47580832569466397, "shannon": 1.2707558001575752, "kl_divergence": 0.00034880016658330121, "jsd": 0.0092966406171459248, "city_similarity": 0.99070335938285403 }, "geometry": { "type": "Polygon", "coordinates": [ [ [ -3.28139124129577, 55.951374076589225 ], [ -3.289398045237485, 55.951355535485654 ], [ -3.293430868310634, 55.955236643633725 ], [ -3.2894560987558, 55.959136683282324 ], [ -3.281447688694138, 55.959155229783363 ], [ -3.277415654571139, 55.955273731237462 ], [ -3.28139124129577, 55.951374076589225 ] ] ] } },
{ "type": "Feature", "properties": { "from_id": "301", "population": 3332.6697238451234, "gravity_community": 74.695247039569793, "gravity_education": 74.026903878968483, "gravity_essential_services": 140.46026382908838, "gravity_food_and_drink": 683.0183776902802, "gravity_healthcare": 117.64424112537522, "gravity_shelter": 14.728378075275662, "avg_gravity": 184.09556860642627, "min_tt_community": 8.0, "min_tt_education": 11.0, "min_tt_essential_services": 2.0, "min_tt_food_and_drink": 5.0, "min_tt_healthcare": 7.0, "min_tt_shelter": 15.0, "avg_tt_community": 40.677018633540371, "avg_tt_education": 41.312883435582819, "avg_tt_essential_services": 36.593810444874272, "avg_tt_food_and_drink": 34.938178780284041, "avg_tt_healthcare": 39.590436590436589, "avg_tt_shelter": 45.272727272727273, "avg_tt_all": 39.730842526240892, "n_unreachable_categories": 0, "count_community": 322.0, "count_education": 326.0, "count_essential_services": 517.0, "count_food_and_drink": 2395.0, "count_healthcare": 481.0, "count_shelter": 77.0, "gravity_community_per_100": 2.2413036162908129, "gravity_education_per_100": 2.2212493290081774, "gravity_essential_services_per_100": 4.2146469787900251, "gravity_food_and_drink_per_100": 20.494631460276729, "gravity_healthcare_per_100": 3.5300300021821904, "gravity_shelter_per_100": 0.44193932479701442, "shannon": 1.301009188614842, "kl_divergence": 0.0015846642752930617, "jsd": 0.019789085227928552, "city_similarity": 0.98021091477207145 }, "geometry": { "type": "Polygon", "coordinates": [ [ [ -3.221229026833052, 55.932043538969026 ], [ -3.229231881935433, 55.932028909792344 ], [ -3.23325668025344, 55.935912005116712 ], [ -3.22927783276223, 55.939810119170701 ], [ -3.221273373474772, 55.93982475260492 ], [ -3.217249366127052, 55.935941267726932 ], [ -3.221229026833052, 55.932043538969026 ] ] ] } },
{ "type": "Feature", "properties": { "from_id": "302", "population": 4240.4732784348098, "gravity_community": 77.169869280820265, "gravity_education": 81.111257354075491, "gravity_essential_services": 140.42270381620332, "gravity_food_and_drink": 718.92357167019509, "gravity_healthcare": 128.79999216846144, "gravity_shelter": 13.951856589014813, "avg_gravity": 193.39654181312838, "min_tt_community": 4.0, "min_tt_education": 3.0, "min_tt_essential_services": 8.0, "min_tt_food_and_drink": 4.0, "min_tt_healthcare": 7.0, "min_tt_shelter": 22.0, "avg_tt_community": 40.706586826347305, "avg_tt_education": 40.483679525222549, "avg_tt_essential_services": 37.457089552238806, "avg_tt_food_and_drink": 34.54463921728496, "avg_tt_healthcare": 39.085487077534793, "avg_tt_shelter": 45.06849315068493, "avg_tt_all": 39.557662558218887, "n_unreachable_categories": 0, "count_community": 334.0, "count_education": 337.0, "count_essential_services": 536.0, "count_food_and_drink": 2454.0, "count_healthcare": 505.0, "count_shelter": 73.0, "gravity_community_per_100": 1.8198409520293981, "gravity_education_per_100": 1.9127878429648839, "gravity_essential_services_per_100": 3.3114865864225984, "gravity_food_and_drink_per_100": 16.95385218735667, "gravity_healthcare_per_100": 3.0373966232373593, "gravity_shelter_per_100": 0.32901649587011539, "shannon": 1.3028198210151576, "kl_divergence": 0.0017456877242282213, "jsd": 0.020798591885568467, "city_similarity": 0.97920140811443157 }, "geometry": { "type": "Polygon", "coordinates": [ [ [ -3.197220418895472, 55.932084307712643 ], [ -3.205223295049707, 55.932071237930153 ], [ -3.209245698205057, 55.935955119222712 ], [ -3.205264433306687, 55.939852459627268 ], [ -3.197259952953145, 55.939865533213471 ], [ -3.193238341960735, 55.935981262590794 ], [ -3.197220418895472, 55.932084307712643 ] ] ] } },
{ "type": "Feature", "properties": { "from_id": "303", "population": 2681.793718565109, "gravity_community": 83.586340974837611, "gravity_education": 85.333727550330849, "gravity_essential_services": 155.86968660527947, "gravity_food_and_drink": 784.32795209990218, "gravity_healthcare": 134.96127992659686, "gravity_shelter": 16.066822134619972, "avg_gravity": 210.02430154859451, "min_tt_community": 3.0, "min_tt_education": 3.0, "min_tt_essential_services": 7.0, "min_tt_food_and_drink": 3.0, "min_tt_healthcare": 8.0, "min_tt_shelter": 11.0, "avg_tt_community": 39.226470588235294, "avg_tt_education": 39.33918128654971, "avg_tt_essential_services": 34.422348484848484, "avg_tt_food_and_drink": 32.232938291785864, "avg_tt_healthcare": 37.21, "avg_tt_shelter": 42.75, "avg_tt_all": 37.530156441903223, "n_unreachable_categories": 0, "count_community": 340.0, "count_education": 342.0, "count_essential_services": 528.0, "count_food_and_drink": 2448.0, "count_healthcare": 500.0, "count_shelter": 76.0, "gravity_community_per_100": 3.1168072471867969, "gravity_education_per_100": 3.1819646291060959, "gravity_essential_services_per_100": 5.8121430267454501, "gravity_food_and_drink_per_100": 29.246393809869765, "gravity_healthcare_per_100": 5.0325004116576029, "gravity_shelter_per_100": 0.59910730729940365, "shannon": 1.3065758992074352, "kl_divergence": 0.0020782655678955844, "jsd": 0.022666225508818059, "city_similarity": 0.97733377449118197 }, "geometry": { "type": "Polygon", "coordinates": [ [ [ -3.209245698205057, 55.935955119222712 ], [ -3.217249366127052, 55.935941267726932 ], [ -3.221273373474772, 55.93982475260492 ], [ -3.217292921403263, 55.943722478477234 ], [ -3.20928764889363, 55.943736334004463 ], [ -3.205264433306687, 55.939852459627268 ], [ -3.209245698205057, 55.935955119222712 ] ] ] } },
{ "type": "Feature", "properties": { "from_id": "304", "population": 4062.9532106120619, "gravity_community": 91.761625753239201, "gravity_education": 91.631899612902487, "gravity_essential_services": 161.06694465244971, "gravity_food_and_drink": 851.23210164427144, "gravity_healthcare": 141.52705230893295, "gravity_shelter": 17.640325590584624, "avg_gravity": 225.80999159373008, "min_tt_community": 7.0, "min_tt_education": 5.0, "min_tt_essential_services": 7.0, "min_tt_food_and_drink": 3.0, "min_tt_healthcare": 5.0, "min_tt_shelter": 20.0, "avg_tt_community": 38.422969187675072, "avg_tt_education": 39.038674033149171, "avg_tt_essential_services": 35.696808510638299, "avg_tt_food_and_drink": 31.168579343094578, "avg_tt_healthcare": 37.003816793893129, "avg_tt_shelter": 42.30120481927711, "avg_tt_all": 37.272008781287887, "n_unreachable_categories": 0, "count_community": 357.0, "count_education": 362.0, "count_essential_services": 564.0, "count_food_and_drink": 2528.0, "count_healthcare": 524.0, "count_shelter": 83.0, "gravity_community_per_100": 2.2584957541122117, "gravity_education_per_100": 2.2553028514718889, "gravity_essential_services_per_100": 3.9642825379272786, "gravity_food_and_drink_per_100": 20.951068287494206, "gravity_healthcare_per_100": 3.4833542246875315, "gravity_shelter_per_100": 0.43417496279577394, "shannon": 1.318017436142352, "kl_divergence": 0.0027416612427296075, "jsd": 0.026026200089598373, "city_similarity": 0.97397379991040167 }, "geometry": { "type": "Polygon", "coordinates": [ [ [ -3.185234654165316, 55.93599355446122 ], [ -3.193238341960735, 55.935981262590794 ], [ -3.197259952953145, 55.939865533213471 ], [ -3.19327708346024, 55.943762484981477 ], [ -3.185271791063748, 55.943774780429422 ], [ -3.18125097302478, 55.939890120531281 ], [ -3.185234654165316, 55.93599355446122 ] ] ] } },
{ "type": "Feature", "properties": { "from_id": "305", "population": 4239.3505420694628, "gravity_community": 102.88883201786498, "gravity_education": 103.78841688942016, "gravity_essential_services": 187.24378679432184, "gravity_food_and_drink": 985.27254189980863, "gravity_healthcare": 164.43141386619129, "gravity_shelter": 19.797278242822507, "avg_gravity": 260.57037828507157, "min_tt_community": 1.0, "min_tt_education": 7.0, "min_tt_essential_services": 1.0, "min_tt_food_and_drink": 1.0, "min_tt_healthcare": 1.0, "min_tt_shelter": 18.0, "avg_tt_community": 35.961643835616435, "avg_tt_education": 36.571045576407506, "avg_tt_essential_services": 31.535842293906811, "avg_tt_food_and_drink": 27.688679245283019, "avg_tt_healthcare": 33.592030360531311, "avg_tt_shelter": 41.011363636363633, "avg_tt_all": 34.393434158018117, "n_unreachable_categories": 0, "count_community": 365.0, "count_education": 373.0, "count_essential_services": 558.0, "count_food_and_drink": 2545.0, "count_healthcare": 527.0, "count_shelter": 88.0, "gravity_community_per_100": 2.4269951493003745, "gravity_education_per_100": 2.4482150239634413, "gravity_essential_services_per_100": 4.4168035866861279, "gravity_food_and_drink_per_100": 23.241119886699494, "gravity_healthcare_per_100": 3.8786934987905761, "gravity_shelter_per_100": 0.46698847019992723, "shannon": 1.322647804903202, "kl_divergence": 0.003368732873189775, "jsd": 0.02878358534545683, "city_similarity": 0.97121641465454323 }, "geometry": { "type": "Polygon", "coordinates": [ [ [ -3.197259952953145, 55.939865533213471 ], [ -3.205264433306687, 55.939852459627268 ], [ -3.20928764889363, 55.943736334004463 ], [ -3.205305591839125, 55.947633671411864 ], [ -3.197299506495644, 55.947646748803301 ], [ -3.19327708346024, 55.943762484981477 ], [ -3.197259952953145, 55.939865533213471 ] ] ] } },
{ "type": "Feature", "properties": { "from_id": "306", "population": 1670.0533018389863, "gravity_community": 75.635420213678159, "gravity_education": 72.851823986156745, "gravity_essential_services": 145.76907652177962, "gravity_food_and_drink": 710.82455179689975, "gravity_healthcare": 118.63661791146697, "gravity_shelter": 18.562563196090991, "avg_gravity": 190.38000893767875, "min_tt_community": 15.0, "min_tt_education": 12.0, "min_tt_essential_services": 10.0, "min_tt_food_and_drink": 8.0, "min_tt_healthcare": 11.0, "min_tt_shelter": 15.0, "avg_tt_community": 40.732142857142854, "avg_tt_education": 42.40524781341108, "avg_tt_essential_services": 35.85633270321361, "avg_tt_food_and_drink": 34.182484725050919, "avg_tt_healthcare": 39.659274193548384, "avg_tt_shelter": 41.444444444444443, "avg_tt_all": 39.046654456135222, "n_unreachable_categories": 0, "count_community": 336.0, "count_education": 343.0, "count_essential_services": 529.0, "count_food_and_drink": 2456.0, "count_healthcare": 496.0, "count_shelter": 81.0, "gravity_community_per_100": 4.528922527825423, "gravity_education_per_100": 4.3622454388692651, "gravity_essential_services_per_100": 8.7284086299081221, "gravity_food_and_drink_per_100": 42.562985924711043, "gravity_healthcare_per_100": 7.1037623638017866, "gravity_shelter_per_100": 1.1114952544119847, "shannon": 1.3068334767837075, "kl_divergence": 0.0020624383504055425, "jsd": 0.022550124946796805, "city_similarity": 0.97744987505320324 }, "geometry": { "type": "Polygon", "coordinates": [ [ [ -3.221273373474772, 55.93982475260492 ], [ -3.22927783276223, 55.939810119170701 ], [ -3.233303444690247, 55.943693207350265 ], [ -3.229323806236357, 55.947591318631588 ], [ -3.221317741973202, 55.947605956325035 ], [ -3.217292921403263, 55.943722478477234 ], [ -3.221273373474772, 55.93982475260492 ] ] ] } },
{ "type": "Feature", "properties": { "from_id": "307", "population": 3749.7683948256554, "gravity_community": 114.72501456817548, "gravity_education": 111.38507055853005, "gravity_essential_services": 216.62254004565924, "gravity_food_and_drink": 1061.4116855395253, "gravity_healthcare": 179.55840037828764, "gravity_shelter": 27.469454511149081, "avg_gravity": 285.19536093355447, "min_tt_community": 4.0, "min_tt_education": 3.0, "min_tt_essential_services": 3.0, "min_tt_food_and_drink": 1.0, "min_tt_healthcare": 1.0, "min_tt_shelter": 10.0, "avg_tt_community": 35.085642317380355, "avg_tt_education": 36.314356435643568, "avg_tt_essential_services": 29.776293823038397, "avg_tt_food_and_drink": 26.637251220428087, "avg_tt_healthcare": 32.419642857142854, "avg_tt_shelter": 36.197916666666664, "avg_tt_all": 32.738517220049985, "n_unreachable_categories": 0, "count_community": 397.0, "count_education": 404.0, "count_essential_services": 599.0, "count_food_and_drink": 2664.0, "count_healthcare": 560.0, "count_shelter": 96.0, "gravity_community_per_100": 3.0595226821604697, "gravity_education_per_100": 2.9704520074421521, "gravity_essential_services_per_100": 5.77695786077292, "gravity_food_and_drink_per_100": 28.306059835700211, "gravity_healthcare_per_100": 4.7885197556751011, "gravity_shelter_per_100": 0.73256403112934831, "shannon": 1.3355594401417237, "kl_divergence": 0.0045720775596419013, "jsd": 0.033506020249323601, "city_similarity": 0.96649397975067641 }, "geometry": { "type": "Polygon", "coordinates": [ [ [ -3.20928764889363, 55.943736334004463 ], [ -3.217292921403263, 55.943722478477234 ], [ -3.221317741973202, 55.947605956325035 ], [ -3.217336498148127, 55.951503679313177 ], [ -3.209329620259963, 55.951517538873425 ], [ -3.205305591839125, 55.947633671411864 ], [ -3.20928764889363, 55.943736334004463 ] ] ] } },
{ "type": "Feature", "properties": { "from_id": "308", "population": 3363.0730670946832, "gravity_community": 108.50697679057805, "gravity_education": 106.07779636986258, "gravity_essential_services": 193.78924124065185, "gravity_food_and_drink": 1055.1683430666728, "gravity_healthcare": 160.29402426147885, "gravity_shelter": 21.622756375048127, "avg_gravity": 274.24318968404867, "min_tt_community": 4.0, "min_tt_education": 3.0, "min_tt_essential_services": 1.0, "min_tt_food_and_drink": 2.0, "min_tt_healthcare": 4.0, "min_tt_shelter": 14.0, "avg_tt_community": 35.902374670184699, "avg_tt_education": 36.84514435695538, "avg_tt_essential_services": 32.189419795221845, "avg_tt_food_and_drink": 26.86771472392638, "avg_tt_healthcare": 34.501831501831504, "avg_tt_shelter": 38.875, "avg_tt_all": 34.196914174686633, "n_unreachable_categories": 0, "count_community": 379.0, "count_education": 381.0, "count_essential_services": 586.0, "count_food_and_drink": 2609.0, "count_healthcare": 546.0, "count_shelter": 88.0, "gravity_community_per_100": 3.2264234117374042, "gravity_education_per_100": 3.1541924380935877, "gravity_essential_services_per_100": 5.7622667534863865, "gravity_food_and_drink_per_100": 31.375123942169342, "gravity_healthcare_per_100": 4.7662962137172613, "gravity_shelter_per_100": 0.64294637504643204, "shannon": 1.3255529081481423, "kl_divergence": 0.0034253984848605138, "jsd": 0.029069688442406098, "city_similarity": 0.97093031155759391 }, "geometry": { "type": "Polygon", "coordinates": [ [ [ -3.185271791063748, 55.943774780429422 ], [ -3.19327708346024, 55.943762484981477 ], [ -3.197299506495644, 55.947646748803301 ], [ -3.193315844055705, 55.951543697462434 ], [ -3.185308946267235, 55.951555996489319 ], [ -3.181287316574406, 55.94767134327757 ], [ -3.185271791063748, 55.943774780429422 ] ] ] } },
{ "type": "Feature", "properties": { "from_id": "309", "population": 4139.7681696790178, "gravity_community": 125.00318693531619, "gravity_education": 121.10972124608934, "gravity_essential_services": 237.13237962853518, "gravity_food_and_drink": 1181.1891478076698, "gravity_healthcare": 194.81163338020232, "gravity_shelter": 29.965689972217124, "avg_gravity": 314.868626495005, "min_tt_community": 7.0, "min_tt_education": 5.0, "min_tt_essential_services": 2.0, "min_tt_food_and_drink": 1.0, "min_tt_healthcare": 1.0, "min_tt_shelter": 3.0, "avg_tt_community": 33.739024390243905, "avg_tt_education": 35.254761904761907, "avg_tt_essential_services": 28.369105691056909, "avg_tt_food_and_drink": 24.464523281596453, "avg_tt_healthcare": 30.876949740034661, "avg_tt_shelter": 34.98989898989899, "avg_tt_all": 31.282377332932139, "n_unreachable_categories": 0, "count_community": 410.0, "count_education": 420.0, "count_essential_services": 615.0, "count_food_and_drink": 2707.0, "count_healthcare": 577.0, "count_shelter": 99.0, "gravity_community_per_100": 3.0195697394573786, "gravity_education_per_100": 2.9255194079015232, "gravity_essential_services_per_100": 5.7281560200730164, "gravity_food_and_drink_per_100": 28.532736602476337, "gravity_healthcare_per_100": 4.7058585262591475, "gravity_shelter_per_100": 0.72384947040501912, "shannon": 1.3423250896347794, "kl_divergence": 0.0053491719119034258, "jsd": 0.03622983998418166, "city_similarity": 0.96377016001581839 }, "geometry": { "type": "Polygon", "coordinates": [ [ [ -3.197299506495644, 55.947646748803301 ], [ -3.205305591839125, 55.947633671411864 ], [ -3.209329620259963, 55.951517538873425 ], [ -3.205346770660731, 55.955414873285015 ], [ -3.197339079536143, 55.955427954483191 ], [ -3.193315844055705, 55.951543697462434 ], [ -3.197299506495644, 55.947646748803301 ] ] ] } },
{ "type": "Feature", "properties": { "from_id": "310", "population": 5041.297950959608, "gravity_community": 63.936856583983044, "gravity_education": 62.283174932695253, "gravity_essential_services": 121.44867173591648, "gravity_food_and_drink": 588.62256442395653, "gravity_healthcare": 100.81805685890475, "gravity_shelter": 14.500056477445218, "avg_gravity": 158.60156350215024, "min_tt_community": 5.0, "min_tt_education": 6.0, "min_tt_essential_services": 13.0, "min_tt_food_and_drink": 3.0, "min_tt_healthcare": 7.0, "min_tt_shelter": 4.0, "avg_tt_community": 43.387820512820511, "avg_tt_education": 44.256410256410255, "avg_tt_essential_services": 39.463796477495109, "avg_tt_food_and_drink": 38.42904841402337, "avg_tt_healthcare": 42.114224137931032, "avg_tt_shelter": 42.328358208955223, "avg_tt_all": 41.663276334605918, "n_unreachable_categories": 0, "count_community": 312.0, "count_education": 312.0, "count_essential_services": 511.0, "count_food_and_drink": 2397.0, "count_healthcare": 464.0, "count_shelter": 67.0, "gravity_community_per_100": 1.2682618088822284, "gravity_education_per_100": 1.235459112684258, "gravity_essential_services_per_100": 2.4090754586881498, "gravity_food_and_drink_per_100": 11.67601221252778, "gravity_healthcare_per_100": 1.9998432514728492, "gravity_shelter_per_100": 0.287625461111362, "shannon": 1.2817592176208807, "kl_divergence": 0.00062499931096747854, "jsd": 0.012459494408611242, "city_similarity": 0.98754050559138873 }, "geometry": { "type": "Polygon", "coordinates": [ [ [ -3.221317741973202, 55.947605956325035 ], [ -3.229323806236357, 55.947591318631588 ], [ -3.23335023217748, 55.951474399666012 ], [ -3.229369802373125, 55.955372508176097 ], [ -3.221362132343121, 55.955387150130477 ], [ -3.217336498148127, 55.951503679313177 ], [ -3.221317741973202, 55.947605956325035 ] ] ] } },
{ "type": "Feature", "properties": { "from_id": "311", "population": 6919.7295113275813, "gravity_community": 53.381497134322622, "gravity_education": 52.212505726072138, "gravity_essential_services": 105.72831961613237, "gravity_food_and_drink": 496.87077499609921, "gravity_healthcare": 85.064547591581515, "gravity_shelter": 14.292542958521192, "avg_gravity": 134.59169800378814, "min_tt_community": 12.0, "min_tt_education": 10.0, "min_tt_essential_services": 8.0, "min_tt_food_and_drink": 9.0, "min_tt_healthcare": 12.0, "min_tt_shelter": 16.0, "avg_tt_community": 46.489795918367349, "avg_tt_education": 45.120879120879124, "avg_tt_essential_services": 41.497890295358651, "avg_tt_food_and_drink": 41.912667531344574, "avg_tt_healthcare": 44.107655502392348, "avg_tt_shelter": 39.140350877192979, "avg_tt_all": 43.04487320758917, "n_unreachable_categories": 0, "count_community": 294.0, "count_education": 273.0, "count_essential_services": 474.0, "count_food_and_drink": 2314.0, "count_healthcare": 418.0, "count_shelter": 57.0, "gravity_community_per_100": 0.7714390721044404, "gravity_education_per_100": 0.75454547234253, "gravity_essential_services_per_100": 1.5279256138994357, "gravity_food_and_drink_per_100": 7.1804941823625166, "gravity_healthcare_per_100": 1.2293045190903928, "gravity_shelter_per_100": 0.2065477116572885, "shannon": 1.252709996373004, "kl_divergence": 0.00015964693507739458, "jsd": 0.0063056540510865308, "city_similarity": 0.99369434594891348 }, "geometry": { "type": "Polygon", "coordinates": [ [ [ -3.305289183319199, 55.935754589882329 ], [ -3.313292748037166, 55.935734499982971 ], [ -3.317326328705477, 55.939614835124431 ], [ -3.313355557937026, 55.943515650554616 ], [ -3.305350388701186, 55.943535746301016 ], [ -3.301317595015192, 55.939655020769266 ], [ -3.305289183319199, 55.935754589882329 ] ] ] } },
{ "type": "Feature", "properties": { "from_id": "312", "population": 5433.9135045363355, "gravity_community": 36.681619592470149, "gravity_education": 37.168010416938316, "gravity_essential_services": 78.565923990211047, "gravity_food_and_drink": 378.73114840721342, "gravity_healthcare": 60.29224267465549, "gravity_shelter": 10.685267571796627, "avg_gravity": 100.35403544221418, "min_tt_community": 22.0, "min_tt_education": 3.0, "min_tt_essential_services": 13.0, "min_tt_food_and_drink": 13.0, "min_tt_healthcare": 4.0, "min_tt_shelter": 22.0, "avg_tt_community": 49.008810572687224, "avg_tt_education": 47.228571428571428, "avg_tt_essential_services": 44.575308641975312, "avg_tt_food_and_drink": 45.873198847262245, "avg_tt_healthcare": 46.247706422018346, "avg_tt_shelter": 38.909090909090907, "avg_tt_all": 45.307114470267578, "n_unreachable_categories": 0, "count_community": 227.0, "count_education": 210.0, "count_essential_services": 405.0, "count_food_and_drink": 2083.0, "count_healthcare": 327.0, "count_shelter": 44.0, "gravity_community_per_100": 0.67504975119400823, "gravity_education_per_100": 0.68400077376847734, "gravity_essential_services_per_100": 1.4458442138363576, "gravity_food_and_drink_per_100": 6.9697677022470348, "gravity_healthcare_per_100": 1.1095546998369108, "gravity_shelter_per_100": 0.19664036909818974, "shannon": 1.1941752837231498, "kl_divergence": 0.0018672111773061712, "jsd": 0.021702113385284483, "city_similarity": 0.97829788661471551 }, "geometry": { "type": "Polygon", "coordinates": [ [ [ -3.317326328705477, 55.939614835124431 ], [ -3.325330680010481, 55.939593962400977 ], [ -3.329365865186119, 55.943473899033506 ], [ -3.325395912743913, 55.947375098947241 ], [ -3.317389956536217, 55.947395977745884 ], [ -3.313355557937026, 55.943515650554616 ], [ -3.317326328705477, 55.939614835124431 ] ] ] } },
{ "type": "Feature", "properties": { "from_id": "313", "population": 5703.7844779424231, "gravity_community": 9.4642306779282812, "gravity_education": 10.565505003134462, "gravity_essential_services": 29.92071558672929, "gravity_food_and_drink": 107.3757154834415, "gravity_healthcare": 17.738216614624644, "gravity_shelter": 6.1820426270676663, "avg_gravity": 30.207737665487638, "min_tt_community": 41.0, "min_tt_education": 34.0, "min_tt_essential_services": 24.0, "min_tt_food_and_drink": 20.0, "min_tt_healthcare": 22.0, "min_tt_shelter": 21.0, "avg_tt_community": 52.391304347826086, "avg_tt_education": 52.376623376623378, "avg_tt_essential_services": 51.495145631067963, "avg_tt_food_and_drink": 52.132802124834001, "avg_tt_healthcare": 50.630252100840337, "avg_tt_shelter": 45.484848484848484, "avg_tt_all": 50.751829344340045, "n_unreachable_categories": 0, "count_community": 69.0, "count_education": 77.0, "count_essential_services": 206.0, "count_food_and_drink": 754.0, "count_healthcare": 119.0, "count_shelter": 33.0, "gravity_community_per_100": 0.16592896724145503, "gravity_education_per_100": 0.18523675016111146, "gravity_essential_services_per_100": 0.5245765456678485, "gravity_food_and_drink_per_100": 1.8825345855665305, "gravity_healthcare_per_100": 0.31099030272307043, "gravity_shelter_per_100": 0.10838492672671549, "shannon": 1.2518927880165527, "kl_divergence": 0.012135622891283232, "jsd": 0.054345006942957762, "city_similarity": 0.94565499305704226 }, "geometry": { "type": "Polygon", "coordinates": [ [ [ -3.341339350222626, 55.939550657159373 ], [ -3.349343668602738, 55.939528224644263 ], [ -3.353381244049217, 55.943407371703415 ], [ -3.349413716000082, 55.947309342057018 ], [ -3.341407792739538, 55.947331781101276 ], [ -3.33737100267216, 55.943452243261731 ], [ -3.341339350222626, 55.939550657159373 ] ] ] } },
{ "type": "Feature", "properties": { "from_id": "314", "population": 4460.4761775369234, "gravity_community": 38.776876027981558, "gravity_education": 39.502420440514499, "gravity_essential_services": 80.58817986459826, "gravity_food_and_drink": 375.29506874145522, "gravity_healthcare": 64.403357360435052, "gravity_shelter": 10.623213247919809, "avg_gravity": 101.53151928048408, "min_tt_community": 12.0, "min_tt_education": 10.0, "min_tt_essential_services": 15.0, "min_tt_food_and_drink": 15.0, "min_tt_healthcare": 13.0, "min_tt_shelter": 23.0, "avg_tt_community": 48.623931623931625, "avg_tt_education": 47.290748898678416, "avg_tt_essential_services": 44.588942307692307, "avg_tt_food_and_drink": 46.109352517985613, "avg_tt_healthcare": 46.365714285714283, "avg_tt_shelter": 42.32, "avg_tt_all": 45.883114939000372, "n_unreachable_categories": 0, "count_community": 234.0, "count_education": 227.0, "count_essential_services": 416.0, "count_food_and_drink": 2086.0, "count_healthcare": 350.0, "count_shelter": 50.0, "gravity_community_per_100": 0.86934386564517341, "gravity_education_per_100": 0.88560994091728906, "gravity_essential_services_per_100": 1.806716966014581, "gravity_food_and_drink_per_100": 8.4137893310909533, "gravity_healthcare_per_100": 1.4438673091624628, "gravity_shelter_per_100": 0.23816321004960397, "shannon": 1.2202148792912209, "kl_divergence": 0.00056678826821958362, "jsd": 0.011923518815031847, "city_similarity": 0.98807648118496816 }, "geometry": { "type": "Polygon", "coordinates": [ [ [ -3.305350388701186, 55.943535746301016 ], [ -3.313355557937026, 55.943515650554616 ], [ -3.317389956536217, 55.947395977745884 ], [ -3.313418398795864, 55.951296791187808 ], [ -3.305411624251323, 55.951316892783595 ], [ -3.301378013019535, 55.947436175087113 ], [ -3.305350388701186, 55.943535746301016 ] ] ] } },
{ "type": "Feature", "properties": { "from_id": "315", "population": 7305.9709668682663, "gravity_community": 4.250218772888771, "gravity_education": 5.6475776501539094, "gravity_essential_services": 16.731330497827493, "gravity_food_and_drink": 58.283042203668366, "gravity_healthcare": 10.441082294366952, "gravity_shelter": 3.6428327320498028, "avg_gravity": 16.499347358492546, "min_tt_community": 41.0, "min_tt_education": 18.0, "min_tt_essential_services": 33.0, "min_tt_food_and_drink": 32.0, "min_tt_healthcare": 19.0, "min_tt_shelter": 43.0, "avg_tt_community": 53.0625, "avg_tt_education": 50.527777777777779, "avg_tt_essential_services": 52.887096774193552, "avg_tt_food_and_drink": 53.75736961451247, "avg_tt_healthcare": 50.557142857142857, "avg_tt_shelter": 51.615384615384613, "avg_tt_all": 52.067878606501871, "n_unreachable_categories": 0, "count_community": 32.0, "count_education": 36.0, "count_essential_services": 124.0, "count_food_and_drink": 442.0, "count_healthcare": 70.0, "count_shelter": 26.0, "gravity_community_per_100": 0.058174591606824366, "gravity_education_per_100": 0.077300849890658219, "gravity_essential_services_per_100": 0.22900899242143369, "gravity_food_and_drink_per_100": 0.79774533005914239, "gravity_healthcare_per_100": 0.14291163134532087, "gravity_shelter_per_100": 0.049861034879136922, "shannon": 1.2340181108153665, "kl_divergence": 0.027273460102157136, "jsd": 0.081237097258262253, "city_similarity": 0.91876290274173777 }, "geometry": { "type": "Polygon", "coordinates": [ [ [ -3.329365865186119, 55.943473899033506 ], [ -3.33737100267216, 55.943452243261731 ], [ -3.341407792739538, 55.947331781101276 ], [ -3.337438659414526, 55.951233365438689 ], [ -3.32943191664125, 55.951255027513888 ], [ -3.325395912743913, 55.947375098947241 ], [ -3.329365865186119, 55.943473899033506 ] ] ] } },
{ "type": "Feature", "properties": { "from_id": "316", "population": 6036.8630431099264, "gravity_community": 1.206944367944466, "gravity_education": 1.6765726590054997, "gravity_essential_services": 4.0133310119846977, "gravity_food_and_drink": 10.464553711387824, "gravity_healthcare": 4.001303371946098, "gravity_shelter": 0.71494446521482224, "avg_gravity": 3.6796082645805677, "min_tt_community": 50.0, "min_tt_education": 29.0, "min_tt_essential_services": 43.0, "min_tt_food_and_drink": 43.0, "min_tt_healthcare": 30.0, "min_tt_shelter": 54.0, "avg_tt_community": 55.2, "avg_tt_education": 48.7, "avg_tt_essential_services": 54.375, "avg_tt_food_and_drink": 53.479452054794521, "avg_tt_healthcare": 54.032258064516128, "avg_tt_shelter": 55.5, "avg_tt_all": 53.547785019885112, "n_unreachable_categories": 0, "count_community": 10.0, "count_education": 10.0, "count_essential_services": 32.0, "count_food_and_drink": 74.0, "count_healthcare": 31.0, "count_shelter": 6.0, "gravity_community_per_100": 0.019992906238315147, "gravity_education_per_100": 0.027772249379071606, "gravity_essential_services_per_100": 0.066480405192647973, "gravity_food_and_drink_per_100": 0.1733442292240068, "gravity_healthcare_per_100": 0.066281168603169141, "gravity_shelter_per_100": 0.011842979708324049, "shannon": 1.4577978837054646, "kl_divergence": 0.073094985066217311, "jsd": 0.13134782491042052, "city_similarity": 0.86865217508957948 }, "geometry": { "type": "Polygon", "coordinates": [ [ [ -3.341407792739538, 55.947331781101276 ], [ -3.349413716000082, 55.947309342057018 ], [ -3.353452111343335, 55.951188480819432 ], [ -3.349483797926722, 55.95509044952054 ], [ -3.34147626899468, 55.955112895096576 ], [ -3.337438659414526, 55.951233365438689 ], [ -3.341407792739538, 55.947331781101276 ] ] ] } },
{ "type": "Feature", "properties": { "from_id": "317", "population": 6471.7656843854129, "gravity_community": 11.730778719524702, "gravity_education": 15.453490723772219, "gravity_essential_services": 33.717501455072998, "gravity_food_and_drink": 119.68316383627939, "gravity_healthcare": 22.974304912685891, "gravity_shelter": 5.4071415642187537, "avg_gravity": 34.827730201925661, "min_tt_community": 28.0, "min_tt_education": 21.0, "min_tt_essential_services": 28.0, "min_tt_food_and_drink": 27.0, "min_tt_healthcare": 21.0, "min_tt_shelter": 36.0, "avg_tt_community": 50.18181818181818, "avg_tt_education": 50.574257425742573, "avg_tt_essential_services": 50.903083700440526, "avg_tt_food_and_drink": 51.787158145065398, "avg_tt_healthcare": 47.941176470588232, "avg_tt_shelter": 48.558823529411768, "avg_tt_all": 49.991052908844445, "n_unreachable_categories": 0, "count_community": 77.0, "count_education": 101.0, "count_essential_services": 227.0, "count_food_and_drink": 841.0, "count_healthcare": 136.0, "count_shelter": 34.0, "gravity_community_per_100": 0.18126086900562297, "gravity_education_per_100": 0.23878322358081094, "gravity_essential_services_per_100": 0.52099385390951403, "gravity_food_and_drink_per_100": 1.8493123773785858, "gravity_healthcare_per_100": 0.35499284172349682, "gravity_shelter_per_100": 0.083549711592072876, "shannon": 1.2641557157389263, "kl_divergence": 0.0095302573229568144, "jsd": 0.048393086821828642, "city_similarity": 0.95160691317817137 }, "geometry": { "type": "Polygon", "coordinates": [ [ [ -3.317389956536217, 55.947395977745884 ], [ -3.325395912743913, 55.947375098947241 ], [ -3.32943191664125, 55.951255027513888 ], [ -3.325461177633421, 55.955156225551931 ], [ -3.317453615731946, 55.955177110428188 ], [ -3.313418398795864, 55.951296791187808 ], [ -3.317389956536217, 55.947395977745884 ] ] ] } },
{ "type": "Feature", "properties": { "from_id": "318", "population": 4392.0383139009873, "gravity_community": 0.8724091143648588, "gravity_education": 2.368536145252548, "gravity_essential_services": 1.8111699791976208, "gravity_food_and_drink": 3.9408457210856764, "gravity_healthcare": 1.8004602522527666, "gravity_shelter": 0.0, "avg_gravity": 1.7989035353589118, "min_tt_community": 48.0, "min_tt_education": 41.0, "min_tt_essential_services": 42.0, "min_tt_food_and_drink": 34.0, "min_tt_healthcare": 43.0, "min_tt_shelter": null, "avg_tt_community": 54.428571428571431, "avg_tt_education": 53.222222222222221, "avg_tt_essential_services": 51.846153846153847, "avg_tt_food_and_drink": 52.862068965517238, "avg_tt_healthcare": 53.928571428571431, "avg_tt_shelter": null, "avg_tt_all": 53.257517578207228, "n_unreachable_categories": 1, "count_community": 7.0, "count_education": 18.0, "count_essential_services": 13.0, "count_food_and_drink": 29.0, "count_healthcare": 14.0, "count_shelter": 0.0, "gravity_community_per_100": 0.019863422220239905, "gravity_education_per_100": 0.053927948163749628, "gravity_essential_services_per_100": 0.041237572392417231, "gravity_food_and_drink_per_100": 0.089727034224923147, "gravity_healthcare_per_100": 0.040993728277693604, "gravity_shelter_per_100": 0.0, "shannon": 1.5106122929272985, "kl_divergence": 0.19766697561981791, "jsd": 0.21608250354936764, "city_similarity": 0.78391749645063236 }, "geometry": { "type": "Polygon", "coordinates": [ [ [ -3.32943191664125, 55.951255027513888 ], [ -3.337438659414526, 55.951233365438689 ], [ -3.34147626899468, 55.955112895096576 ], [ -3.337506349510857, 55.959014477670841 ], [ -3.329498000659002, 55.959036146052007 ], [ -3.325461177633421, 55.955156225551931 ], [ -3.32943191664125, 55.951255027513888 ] ] ] } },
{ "type": "Feature", "properties": { "from_id": "319", "population": 2291.7181147405968, "gravity_community": 23.278661116719967, "gravity_education": 23.644756909761391, "gravity_essential_services": 52.18254763812655, "gravity_food_and_drink": 255.8677217807257, "gravity_healthcare": 41.090273785493544, "gravity_shelter": 6.1572652161334585, "avg_gravity": 67.036871074493433, "min_tt_community": 24.0, "min_tt_education": 18.0, "min_tt_essential_services": 19.0, "min_tt_food_and_drink": 17.0, "min_tt_healthcare": 20.0, "min_tt_shelter": 35.0, "avg_tt_community": 50.549019607843135, "avg_tt_education": 49.075342465753423, "avg_tt_essential_services": 48.75153374233129, "avg_tt_food_and_drink": 50.220527859237535, "avg_tt_healthcare": 49.690839694656489, "avg_tt_shelter": 51.418604651162788, "avg_tt_all": 49.950978003497447, "n_unreachable_categories": 0, "count_community": 153.0, "count_education": 146.0, "count_essential_services": 326.0, "count_food_and_drink": 1705.0, "count_healthcare": 262.0, "count_shelter": 43.0, "gravity_community_per_100": 1.015773317276192, "gravity_education_per_100": 1.0317480477932941, "gravity_essential_services_per_100": 2.2770055052793077, "gravity_food_and_drink_per_100": 11.164886297968097, "gravity_healthcare_per_100": 1.7929898760757763, "gravity_shelter_per_100": 0.26867463221280202, "shannon": 1.1624520312952047, "kl_divergence": 0.0054790321981554434, "jsd": 0.037433215609056089, "city_similarity": 0.9625667843909439 }, "geometry": { "type": "Polygon", "coordinates": [ [ [ -3.317453615731946, 55.955177110428188 ], [ -3.325461177633421, 55.955156225551931 ], [ -3.329498000659002, 55.959036146052007 ], [ -3.32552647470075, 55.962937342216122 ], [ -3.317517306313874, 55.962958233172429 ], [ -3.313481270634616, 55.959077921883605 ], [ -3.317453615731946, 55.955177110428188 ] ] ] } },
{ "type": "Feature", "properties": { "from_id": "320", "population": 582.10229322657813, "gravity_community": 0.0, "gravity_education": 0.12115276586285885, "gravity_essential_services": 0.22879328554817957, "gravity_food_and_drink": 0.64205991663298656, "gravity_healthcare": 0.2205036705015001, "gravity_shelter": 0.0, "avg_gravity": 0.20208493975758754, "min_tt_community": null, "min_tt_education": 55.0, "min_tt_essential_services": 56.0, "min_tt_food_and_drink": 46.0, "min_tt_healthcare": 56.0, "min_tt_shelter": null, "avg_tt_community": null, "avg_tt_education": 55.0, "avg_tt_essential_services": 56.5, "avg_tt_food_and_drink": 53.8, "avg_tt_healthcare": 57.5, "avg_tt_shelter": null, "avg_tt_all": 55.7, "n_unreachable_categories": 2, "count_community": 0.0, "count_education": 1.0, "count_essential_services": 2.0, "count_food_and_drink": 5.0, "count_healthcare": 2.0, "count_shelter": 0.0, "gravity_community_per_100": 0.0, "gravity_education_per_100": 0.020812968317185654, "gravity_essential_services_per_100": 0.039304652843744049, "gravity_food_and_drink_per_100": 0.11030018677199584, "gravity_healthcare_per_100": 0.03788057066039955, "gravity_shelter_per_100": 0.0, "shannon": 1.2206072693796484, "kl_divergence": 0.15134088082178129, "jsd": 0.21271199140778951, "city_similarity": 0.78728800859221049 }, "geometry": { "type": "Polygon", "coordinates": [ [ [ -3.34147626899468, 55.955112895096576 ], [ -3.349483797926722, 55.95509044952054 ], [ -3.353523013574086, 55.958969579985443 ], [ -3.349553914406009, 55.962871547035903 ], [ -3.341544779010866, 55.962893999146324 ], [ -3.337506349510857, 55.959014477670841 ], [ -3.34147626899468, 55.955112895096576 ] ] ] } },
{ "type": "Feature", "properties": { "from_id": "321", "population": 206.12472714083592, "gravity_community": 71.947841740409586, "gravity_education": 71.278529933705599, "gravity_essential_services": 138.45166289584631, "gravity_food_and_drink": 654.23960509555991, "gravity_healthcare": 112.45571048915978, "gravity_shelter": 15.862178405420789, "avg_gravity": 177.37258809335034, "min_tt_community": 8.0, "min_tt_education": 11.0, "min_tt_essential_services": 6.0, "min_tt_food_and_drink": 6.0, "min_tt_healthcare": 6.0, "min_tt_shelter": 15.0, "avg_tt_community": 41.507739938080498, "avg_tt_education": 42.580838323353291, "avg_tt_essential_services": 37.522813688212928, "avg_tt_food_and_drink": 36.425470925470925, "avg_tt_healthcare": 41.044624746450303, "avg_tt_shelter": 42.973333333333336, "avg_tt_all": 40.34247015915021, "n_unreachable_categories": 0, "count_community": 323.0, "count_education": 334.0, "count_essential_services": 526.0, "count_food_and_drink": 2442.0, "count_healthcare": 493.0, "count_shelter": 75.0, "gravity_community_per_100": 34.905002780792429, "gravity_education_per_100": 34.58029074066603, "gravity_essential_services_per_100": 67.168876250954796, "gravity_food_and_drink_per_100": 317.39986471809709, "gravity_healthcare_per_100": 54.557117939723831, "gravity_shelter_per_100": 7.6954272422555414, "shannon": 1.2979300870998238, "kl_divergence": 0.0014644652966109215, "jsd": 0.019036162835747279, "city_similarity": 0.98096383716425273 }, "geometry": { "type": "Polygon", "coordinates": [ [ [ -3.23325668025344, 55.935912005116712 ], [ -3.241260325930933, 55.935896594004362 ], [ -3.245286728426279, 55.939779292461374 ], [ -3.241308694940341, 55.94367779175257 ], [ -3.233303444690247, 55.943693207350265 ], [ -3.22927783276223, 55.939810119170701 ], [ -3.23325668025344, 55.935912005116712 ] ] ] } },
{ "type": "Feature", "properties": { "from_id": "322", "population": 2933.0009555247707, "gravity_community": 52.667016828714488, "gravity_education": 50.784135228708294, "gravity_essential_services": 104.74209279548624, "gravity_food_and_drink": 491.00907530255751, "gravity_healthcare": 84.920541672850874, "gravity_shelter": 14.808401197896591, "avg_gravity": 133.15521050436899, "min_tt_community": 15.0, "min_tt_education": 15.0, "min_tt_essential_services": 15.0, "min_tt_food_and_drink": 17.0, "min_tt_healthcare": 12.0, "min_tt_shelter": 12.0, "avg_tt_community": 45.807017543859651, "avg_tt_education": 45.675182481751825, "avg_tt_essential_services": 41.721074380165291, "avg_tt_food_and_drink": 41.656845753899482, "avg_tt_healthcare": 44.63824884792627, "avg_tt_shelter": 39.75, "avg_tt_all": 43.208061501267082, "n_unreachable_categories": 0, "count_community": 285.0, "count_education": 274.0, "count_essential_services": 484.0, "count_food_and_drink": 2308.0, "count_healthcare": 434.0, "count_shelter": 60.0, "gravity_community_per_100": 1.7956699512663927, "gravity_education_per_100": 1.7314735316757517, "gravity_essential_services_per_100": 3.5711578135761588, "gravity_food_and_drink_per_100": 16.740842664154755, "gravity_healthcare_per_100": 2.8953465396214626, "gravity_shelter_per_100": 0.50488906831082436, "shannon": 1.2594924847133531, "kl_divergence": 7.9895867389484111e-05, "jsd": 0.0044613130047787657, "city_similarity": 0.99553868699522119 }, "geometry": { "type": "Polygon", "coordinates": [ [ [ -3.257267593197274, 55.935864212170593 ], [ -3.265271214259231, 55.935847241451455 ], [ -3.269300010692138, 55.939729152811729 ], [ -3.265324396953518, 55.943628424835843 ], [ -3.257319171335601, 55.943645400494219 ], [ -3.253291164275796, 55.939763099188447 ], [ -3.257267593197274, 55.935864212170593 ] ] ] } },
{ "type": "Feature", "properties": { "from_id": "323", "population": 106.68965750288706, "gravity_community": 78.80750989200034, "gravity_education": 76.759833447112243, "gravity_essential_services": 150.84564525200386, "gravity_food_and_drink": 716.58013543642039, "gravity_healthcare": 124.18287530951919, "gravity_shelter": 20.448446444921888, "avg_gravity": 194.60407429699634, "min_tt_community": 6.0, "min_tt_education": 6.0, "min_tt_essential_services": 10.0, "min_tt_food_and_drink": 4.0, "min_tt_healthcare": 5.0, "min_tt_shelter": 10.0, "avg_tt_community": 40.5, "avg_tt_education": 41.489855072463769, "avg_tt_essential_services": 35.436567164179102, "avg_tt_food_and_drink": 34.275473217881597, "avg_tt_healthcare": 39.312871287128715, "avg_tt_shelter": 38.860759493670884, "avg_tt_all": 38.312587705887346, "n_unreachable_categories": 0, "count_community": 342.0, "count_education": 345.0, "count_essential_services": 536.0, "count_food_and_drink": 2483.0, "count_healthcare": 505.0, "count_shelter": 79.0, "gravity_community_per_100": 73.86611948760617, "gravity_education_per_100": 71.946836501031129, "gravity_essential_services_per_100": 141.38731792997078, "gravity_food_and_drink_per_100": 671.6491103338949, "gravity_healthcare_per_100": 116.39635763772019, "gravity_shelter_per_100": 19.166287457965218, "shannon": 1.3060987563322746, "kl_divergence": 0.0019892725115258918, "jsd": 0.022172180833870795, "city_similarity": 0.97782781916612915 }, "geometry": { "type": "Polygon", "coordinates": [ [ [ -3.245286728426279, 55.939779292461374 ], [ -3.253291164275796, 55.939763099188447 ], [ -3.257319171335601, 55.943645400494219 ], [ -3.253341952645677, 55.947544284963634 ], [ -3.245335911836309, 55.947560482949797 ], [ -3.241308694940341, 55.94367779175257 ], [ -3.245286728426279, 55.939779292461374 ] ] ] } },
{ "type": "Feature", "properties": { "from_id": "324", "population": 195.59587475336295, "gravity_community": 76.115242254712129, "gravity_education": 75.230545069388356, "gravity_essential_services": 144.90849663338889, "gravity_food_and_drink": 700.89324809104812, "gravity_healthcare": 121.29908066456568, "gravity_shelter": 19.098211521848221, "avg_gravity": 189.59080403915857, "min_tt_community": 1.0, "min_tt_education": 2.0, "min_tt_essential_services": 9.0, "min_tt_food_and_drink": 5.0, "min_tt_healthcare": 6.0, "min_tt_shelter": 8.0, "avg_tt_community": 40.810089020771514, "avg_tt_education": 42.146551724137929, "avg_tt_essential_services": 36.120527306967986, "avg_tt_food_and_drink": 34.675445705024309, "avg_tt_healthcare": 39.470824949698191, "avg_tt_shelter": 40.8375, "avg_tt_all": 39.010156451099988, "n_unreachable_categories": 0, "count_community": 337.0, "count_education": 348.0, "count_essential_services": 531.0, "count_food_and_drink": 2468.0, "count_healthcare": 497.0, "count_shelter": 80.0, "gravity_community_per_100": 38.914543750316724, "gravity_education_per_100": 38.462235036526451, "gravity_essential_services_per_100": 74.085660966066683, "gravity_food_and_drink_per_100": 358.33743885183725, "gravity_healthcare_per_100": 62.015152833625976, "gravity_shelter_per_100": 9.764117748357501, "shannon": 1.3063284685821177, "kl_divergence": 0.0020739420595007507, "jsd": 0.022612779928164642, "city_similarity": 0.97738722007183532 }, "geometry": { "type": "Polygon", "coordinates": [ [ [ -3.233303444690247, 55.943693207350265 ], [ -3.241308694940341, 55.94367779175257 ], [ -3.245335911836309, 55.947560482949797 ], [ -3.241357087791054, 55.951458979581197 ], [ -3.23335023217748, 55.951474399666012 ], [ -3.229323806236357, 55.947591318631588 ], [ -3.233303444690247, 55.943693207350265 ] ] ] } },
{ "type": "Feature", "properties": { "from_id": "325", "population": 214.01270355119186, "gravity_community": 30.456705160766496, "gravity_education": 30.313455533105824, "gravity_essential_services": 68.900908767261981, "gravity_food_and_drink": 340.52409936848784, "gravity_healthcare": 52.646475636610603, "gravity_shelter": 8.4146486440503523, "avg_gravity": 88.542715518380518, "min_tt_community": 23.0, "min_tt_education": 22.0, "min_tt_essential_services": 24.0, "min_tt_food_and_drink": 24.0, "min_tt_healthcare": 21.0, "min_tt_shelter": 23.0, "avg_tt_community": 49.692307692307693, "avg_tt_education": 48.202185792349724, "avg_tt_essential_services": 46.332474226804123, "avg_tt_food_and_drink": 47.369284294234589, "avg_tt_healthcare": 47.245033112582782, "avg_tt_shelter": 42.225, "avg_tt_all": 46.844380853046488, "n_unreachable_categories": 0, "count_community": 195.0, "count_education": 183.0, "count_essential_services": 388.0, "count_food_and_drink": 2012.0, "count_healthcare": 302.0, "count_shelter": 40.0, "gravity_community_per_100": 14.23126041369841, "gravity_education_per_100": 14.164325308780018, "gravity_essential_services_per_100": 32.194775181082122, "gravity_food_and_drink_per_100": 159.11396553477698, "gravity_healthcare_per_100": 24.599696542788433, "gravity_shelter_per_100": 3.9318454018957651, "shannon": 1.1636662413367447, "kl_divergence": 0.0043229080961245218, "jsd": 0.033124365951654085, "city_similarity": 0.96687563404834587 }, "geometry": { "type": "Polygon", "coordinates": [ [ [ -3.257319171335601, 55.943645400494219 ], [ -3.265324396953518, 55.943628424835843 ], [ -3.269354008964627, 55.94751032870645 ], [ -3.265377605861719, 55.951409598294894 ], [ -3.257370774896976, 55.951426578894498 ], [ -3.253341952645677, 55.947544284963634 ], [ -3.257319171335601, 55.943645400494219 ] ] ] } },
{ "type": "Feature", "properties": { "from_id": "326", "population": 52.813340473752589, "gravity_community": 58.312259908482098, "gravity_education": 55.898825535152874, "gravity_essential_services": 108.00180375901793, "gravity_food_and_drink": 493.19555617860033, "gravity_healthcare": 91.082555545879771, "gravity_shelter": 13.660193363593434, "avg_gravity": 136.69186571512105, "min_tt_community": 17.0, "min_tt_education": 13.0, "min_tt_essential_services": 17.0, "min_tt_food_and_drink": 17.0, "min_tt_healthcare": 15.0, "min_tt_shelter": 17.0, "avg_tt_community": 45.404530744336569, "avg_tt_education": 44.969283276450511, "avg_tt_essential_services": 41.928712871287132, "avg_tt_food_and_drink": 42.440891880521669, "avg_tt_healthcare": 43.81111111111111, "avg_tt_shelter": 42.09375, "avg_tt_all": 43.441379980617832, "n_unreachable_categories": 0, "count_community": 309.0, "count_education": 293.0, "count_essential_services": 505.0, "count_food_and_drink": 2377.0, "count_healthcare": 450.0, "count_shelter": 64.0, "gravity_community_per_100": 110.41198944320212, "gravity_education_per_100": 105.84224560257407, "gravity_essential_services_per_100": 204.49720239281808, "gravity_food_and_drink_per_100": 933.84654663855406, "gravity_healthcare_per_100": 172.46126590145607, "gravity_shelter_per_100": 25.865043265692194, "shannon": 1.2719239495149122, "kl_divergence": 0.00029344230295714623, "jsd": 0.0085431189230375029, "city_similarity": 0.9914568810769625 }, "geometry": { "type": "Polygon", "coordinates": [ [ [ -3.245335911836309, 55.947560482949797 ], [ -3.253341952645677, 55.947544284963634 ], [ -3.257370774896976, 55.951426578894498 ], [ -3.253392766051633, 55.955325460816944 ], [ -3.245385119491276, 55.955341663518233 ], [ -3.241357087791054, 55.951458979581197 ], [ -3.245335911836309, 55.947560482949797 ] ] ] } },
{ "type": "Feature", "properties": { "from_id": "327", "population": 468.83453535852408, "gravity_community": 37.318874666318429, "gravity_education": 37.199196931394134, "gravity_essential_services": 72.450046045345033, "gravity_food_and_drink": 350.53780142479047, "gravity_healthcare": 61.132898840504467, "gravity_shelter": 8.2600867127774915, "avg_gravity": 94.483150770188331, "min_tt_community": 15.0, "min_tt_education": 1.0, "min_tt_essential_services": 4.0, "min_tt_food_and_drink": 14.0, "min_tt_healthcare": 4.0, "min_tt_shelter": 25.0, "avg_tt_community": 48.969565217391306, "avg_tt_education": 48.213636363636361, "avg_tt_essential_services": 47.406103286384976, "avg_tt_food_and_drink": 48.174906716417908, "avg_tt_healthcare": 47.626062322946176, "avg_tt_shelter": 48.08, "avg_tt_all": 48.078378984462795, "n_unreachable_categories": 0, "count_community": 230.0, "count_education": 220.0, "count_essential_services": 426.0, "count_food_and_drink": 2144.0, "count_healthcare": 353.0, "count_shelter": 50.0, "gravity_community_per_100": 7.9599244193434231, "gravity_education_per_100": 7.9343977727552444, "gravity_essential_services_per_100": 15.453222956355276, "gravity_food_and_drink_per_100": 74.767913834830765, "gravity_healthcare_per_100": 13.039333545203814, "gravity_shelter_per_100": 1.7618340992010948, "shannon": 1.2062216347911783, "kl_divergence": 0.0012034414503156979, "jsd": 0.017406852693163714, "city_similarity": 0.98259314730683633 }, "geometry": { "type": "Polygon", "coordinates": [ [ [ -3.257370774896976, 55.951426578894498 ], [ -3.265377605861719, 55.951409598294894 ], [ -3.269408033855453, 55.955291494675365 ], [ -3.265430841001558, 55.959190761829696 ], [ -3.257422403898591, 55.959207747372474 ], [ -3.253392766051633, 55.955325460816944 ], [ -3.257370774896976, 55.951426578894498 ] ] ] } },
{ "type": "Feature", "properties": { "from_id": "328", "population": 90.929722711497107, "gravity_community": 71.835866788686573, "gravity_education": 68.861445940559605, "gravity_essential_services": 132.77588162095304, "gravity_food_and_drink": 627.51105793604609, "gravity_healthcare": 110.67087690094692, "gravity_shelter": 16.343292401231309, "avg_gravity": 171.33307026473724, "min_tt_community": 13.0, "min_tt_education": 11.0, "min_tt_essential_services": 12.0, "min_tt_food_and_drink": 12.0, "min_tt_healthcare": 13.0, "min_tt_shelter": 20.0, "avg_tt_community": 42.223880597014926, "avg_tt_education": 42.48456790123457, "avg_tt_essential_services": 38.430167597765362, "avg_tt_food_and_drink": 37.198780487804875, "avg_tt_healthcare": 41.405241935483872, "avg_tt_shelter": 41.19178082191781, "avg_tt_all": 40.489069890203567, "n_unreachable_categories": 0, "count_community": 335.0, "count_education": 324.0, "count_essential_services": 537.0, "count_food_and_drink": 2460.0, "count_healthcare": 496.0, "count_shelter": 73.0, "gravity_community_per_100": 79.001524085373333, "gravity_education_per_100": 75.730403532675467, "gravity_essential_services_per_100": 146.02033049438182, "gravity_food_and_drink_per_100": 690.1055443961053, "gravity_healthcare_per_100": 121.71034244994321, "gravity_shelter_per_100": 17.973542548991929, "shannon": 1.2966051417540905, "kl_divergence": 0.0012597304719712465, "jsd": 0.017684607050101445, "city_similarity": 0.98231539294989856 }, "geometry": { "type": "Polygon", "coordinates": [ [ [ -3.23335023217748, 55.951474399666012 ], [ -3.241357087791054, 55.951458979581197 ], [ -3.245385119491276, 55.955341663518233 ], [ -3.241405504499193, 55.959240157491315 ], [ -3.233397042730724, 55.959255582065069 ], [ -3.229369802373125, 55.955372508176097 ], [ -3.23335023217748, 55.951474399666012 ] ] ] } },
{ "type": "Feature", "properties": { "from_id": "329", "population": 2445.4013953687586, "gravity_community": 63.477980627593766, "gravity_education": 62.707880279060596, "gravity_essential_services": 113.08216161417629, "gravity_food_and_drink": 510.20379237190252, "gravity_healthcare": 96.669734510182352, "gravity_shelter": 14.738152612926298, "avg_gravity": 143.47995033597365, "min_tt_community": 5.0, "min_tt_education": 5.0, "min_tt_essential_services": 11.0, "min_tt_food_and_drink": 3.0, "min_tt_healthcare": 7.0, "min_tt_shelter": 19.0, "avg_tt_community": 43.289902280130292, "avg_tt_education": 42.95, "avg_tt_essential_services": 40.976470588235294, "avg_tt_food_and_drink": 41.447103274559197, "avg_tt_healthcare": 41.803167420814482, "avg_tt_shelter": 40.333333333333336, "avg_tt_all": 41.799996149512104, "n_unreachable_categories": 0, "count_community": 307.0, "count_education": 300.0, "count_essential_services": 510.0, "count_food_and_drink": 2382.0, "count_healthcare": 442.0, "count_shelter": 66.0, "gravity_community_per_100": 2.5958102726125865, "gravity_education_per_100": 2.5643184958436831, "gravity_essential_services_per_100": 4.6242781176267327, "gravity_food_and_drink_per_100": 20.863805563297532, "gravity_healthcare_per_100": 3.9531233887925739, "gravity_shelter_per_100": 0.60268848463234936, "shannon": 1.2732351146426759, "kl_divergence": 0.00030060996702242044, "jsd": 0.008645500874500698, "city_similarity": 0.99135449912549933 }, "geometry": { "type": "Polygon", "coordinates": [ [ [ -3.245385119491276, 55.955341663518233 ], [ -3.253392766051633, 55.955325460816944 ], [ -3.257422403898591, 55.959207747372474 ], [ -3.253443604510593, 55.963106626749479 ], [ -3.245434351407572, 55.963122834167777 ], [ -3.241405504499193, 55.959240157491315 ], [ -3.245385119491276, 55.955341663518233 ] ] ] } },
{ "type": "Feature", "properties": { "from_id": "330", "population": 1560.6939892853256, "gravity_community": 60.278861299398621, "gravity_education": 57.575870271539948, "gravity_essential_services": 106.2358586491609, "gravity_food_and_drink": 486.84534859447456, "gravity_healthcare": 91.456276484552745, "gravity_shelter": 13.631761212813045, "avg_gravity": 136.00399608532328, "min_tt_community": 9.0, "min_tt_education": 14.0, "min_tt_essential_services": 13.0, "min_tt_food_and_drink": 9.0, "min_tt_healthcare": 8.0, "min_tt_shelter": 20.0, "avg_tt_community": 43.455782312925173, "avg_tt_education": 43.007220216606498, "avg_tt_essential_services": 41.65650406504065, "avg_tt_food_and_drink": 42.55434326479228, "avg_tt_healthcare": 42.613425925925924, "avg_tt_shelter": 40.435483870967744, "avg_tt_all": 42.287126609376379, "n_unreachable_categories": 0, "count_community": 294.0, "count_education": 277.0, "count_essential_services": 492.0, "count_food_and_drink": 2383.0, "count_healthcare": 432.0, "count_shelter": 62.0, "gravity_community_per_100": 3.8623113636134119, "gravity_education_per_100": 3.689119754853746, "gravity_essential_services_per_100": 6.8069627600608955, "gravity_food_and_drink_per_100": 31.194157979515975, "gravity_healthcare_per_100": 5.8599749286170111, "gravity_shelter_per_100": 0.8734422831381129, "shannon": 1.2519303692927246, "kl_divergence": 3.8802133771416313e-05, "jsd": 0.0031124961454741681, "city_similarity": 0.99688750385452585 }, "geometry": { "type": "Polygon", "coordinates": [ [ [ -3.257422403898591, 55.959207747372474 ], [ -3.265430841001558, 55.959190761829696 ], [ -3.269462085382618, 55.963072650719525 ], [ -3.265484102390776, 55.966971915441277 ], [ -3.25747405835765, 55.966988905929249 ], [ -3.253443604510593, 55.963106626749479 ], [ -3.257422403898591, 55.959207747372474 ] ] ] } },
{ "type": "Feature", "properties": { "from_id": "331", "population": 2932.381208845617, "gravity_community": 110.7152570577036, "gravity_education": 104.62931024707181, "gravity_essential_services": 204.43762214861786, "gravity_food_and_drink": 1066.6146911127996, "gravity_healthcare": 170.54831688767774, "gravity_shelter": 26.131709256355045, "avg_gravity": 280.51281778503761, "min_tt_community": 5.0, "min_tt_education": 9.0, "min_tt_essential_services": 2.0, "min_tt_food_and_drink": 1.0, "min_tt_healthcare": 1.0, "min_tt_shelter": 4.0, "avg_tt_community": 34.621333333333332, "avg_tt_education": 36.876606683804624, "avg_tt_essential_services": 30.121107266435985, "avg_tt_food_and_drink": 25.970452801227935, "avg_tt_healthcare": 32.945454545454545, "avg_tt_shelter": 36.184782608695649, "avg_tt_all": 32.786622873158677, "n_unreachable_categories": 0, "count_community": 375.0, "count_education": 389.0, "count_essential_services": 578.0, "count_food_and_drink": 2608.0, "count_healthcare": 550.0, "count_shelter": 92.0, "gravity_community_per_100": 3.7756092803939558, "gravity_education_per_100": 3.5680664550521031, "gravity_essential_services_per_100": 6.9717273297184397, "gravity_food_and_drink_per_100": 36.373670922979727, "gravity_healthcare_per_100": 5.8160349811686682, "gravity_shelter_per_100": 0.89114297887082172, "shannon": 1.3283830393915337, "kl_divergence": 0.0038878181262436131, "jsd": 0.030914450148649242, "city_similarity": 0.96908554985135076 }, "geometry": { "type": "Polygon", "coordinates": [ [ [ -3.185308946267235, 55.951555996489319 ], [ -3.193315844055705, 55.951543697462434 ], [ -3.197339079536143, 55.955427954483191 ], [ -3.193354623760044, 55.959324900034751 ], [ -3.185346119788154, 55.959337202642011 ], [ -3.181323678039687, 55.955452556116782 ], [ -3.185308946267235, 55.951555996489319 ] ] ] } },
{ "type": "Feature", "properties": { "from_id": "332", "population": 3314.836020229729, "gravity_community": 92.008338020856726, "gravity_education": 87.054794301401714, "gravity_essential_services": 166.82412300932546, "gravity_food_and_drink": 823.04293378634657, "gravity_healthcare": 141.71520192630371, "gravity_shelter": 20.9511266372722, "avg_gravity": 221.93275294691773, "min_tt_community": 4.0, "min_tt_education": 10.0, "min_tt_essential_services": 10.0, "min_tt_food_and_drink": 7.0, "min_tt_healthcare": 9.0, "min_tt_shelter": 15.0, "avg_tt_community": 38.975871313672926, "avg_tt_education": 39.626373626373628, "avg_tt_essential_services": 34.765217391304347, "avg_tt_food_and_drink": 32.038209185642607, "avg_tt_healthcare": 37.510128913443829, "avg_tt_shelter": 39.97674418604651, "avg_tt_all": 37.148757436080636, "n_unreachable_categories": 0, "count_community": 373.0, "count_education": 364.0, "count_essential_services": 575.0, "count_food_and_drink": 2591.0, "count_healthcare": 543.0, "count_shelter": 86.0, "gravity_community_per_100": 2.775652776165991, "gravity_education_per_100": 2.626217217688148, "gravity_essential_services_per_100": 5.0326508458105872, "gravity_food_and_drink_per_100": 24.829069334455557, "gravity_healthcare_per_100": 4.2751798599220718, "gravity_shelter_per_100": 0.63204111785355277, "shannon": 1.3191349872536127, "kl_divergence": 0.0028578923243077125, "jsd": 0.026573273777483305, "city_similarity": 0.97342672622251669 }, "geometry": { "type": "Polygon", "coordinates": [ [ [ -3.209329620259963, 55.951517538873425 ], [ -3.217336498148127, 55.951503679313177 ], [ -3.221362132343121, 55.955387150130477 ], [ -3.21738009637616, 55.959284870235798 ], [ -3.209371612318037, 55.959298733830714 ], [ -3.205346770660731, 55.955414873285015 ], [ -3.209329620259963, 55.951517538873425 ] ] ] } },
{ "type": "Feature", "properties": { "from_id": "333", "population": 886.61801963516996, "gravity_community": 81.827075032554575, "gravity_education": 80.304429943573936, "gravity_essential_services": 154.44485415272479, "gravity_food_and_drink": 801.80341255178951, "gravity_healthcare": 131.38438840339859, "gravity_shelter": 18.118062439363147, "avg_gravity": 211.31370375390077, "min_tt_community": 5.0, "min_tt_education": 7.0, "min_tt_essential_services": 7.0, "min_tt_food_and_drink": 2.0, "min_tt_healthcare": 3.0, "min_tt_shelter": 12.0, "avg_tt_community": 38.896341463414636, "avg_tt_education": 39.68292682926829, "avg_tt_essential_services": 34.477011494252871, "avg_tt_food_and_drink": 31.050330033003302, "avg_tt_healthcare": 38.057768924302792, "avg_tt_shelter": 40.486486486486484, "avg_tt_all": 37.108477538454729, "n_unreachable_categories": 0, "count_community": 328.0, "count_education": 328.0, "count_essential_services": 522.0, "count_food_and_drink": 2424.0, "count_healthcare": 502.0, "count_shelter": 74.0, "gravity_community_per_100": 9.2291238414289385, "gravity_education_per_100": 9.0573875293689614, "gravity_essential_services_per_100": 17.419548298406628, "gravity_food_and_drink_per_100": 90.433917966354855, "gravity_healthcare_per_100": 14.818601189434577, "gravity_shelter_per_100": 2.0435026176005828, "shannon": 1.3012997421985326, "kl_divergence": 0.0017199982153902034, "jsd": 0.020639090968518532, "city_similarity": 0.97936090903148143 }, "geometry": { "type": "Polygon", "coordinates": [ [ [ -3.197339079536143, 55.955427954483191 ], [ -3.205346770660731, 55.955414873285015 ], [ -3.209371612318037, 55.959298733830714 ], [ -3.205387969785224, 55.963196065247779 ], [ -3.197378672087829, 55.963209150254244 ], [ -3.193354623760044, 55.959324900034751 ], [ -3.197339079536143, 55.955427954483191 ] ] ] } },
{ "type": "Feature", "properties": { "from_id": "334", "population": 2821.384530455266, "gravity_community": 84.989658178289901, "gravity_education": 80.256277681560775, "gravity_essential_services": 156.35860884364985, "gravity_food_and_drink": 755.39677416739801, "gravity_healthcare": 130.19499789667773, "gravity_shelter": 19.035836495784487, "avg_gravity": 204.37202554389344, "min_tt_community": 2.0, "min_tt_education": 4.0, "min_tt_essential_services": 2.0, "min_tt_food_and_drink": 3.0, "min_tt_healthcare": 4.0, "min_tt_shelter": 11.0, "avg_tt_community": 39.393063583815028, "avg_tt_education": 40.297935103244839, "avg_tt_essential_services": 35.247706422018346, "avg_tt_food_and_drink": 33.039436619718309, "avg_tt_healthcare": 38.461089494163424, "avg_tt_shelter": 40.012820512820511, "avg_tt_all": 37.742008622630074, "n_unreachable_categories": 0, "count_community": 346.0, "count_education": 339.0, "count_essential_services": 545.0, "count_food_and_drink": 2485.0, "count_healthcare": 514.0, "count_shelter": 78.0, "gravity_community_per_100": 3.0123387032456628, "gravity_education_per_100": 2.8445706997837128, "gravity_essential_services_per_100": 5.5419106171401387, "gravity_food_and_drink_per_100": 26.773974480022588, "gravity_healthcare_per_100": 4.6145782856358517, "gravity_shelter_per_100": 0.67469840747701326, "shannon": 1.3078771772596149, "kl_divergence": 0.0020066818458182789, "jsd": 0.022293495430634871, "city_similarity": 0.97770650456936514 }, "geometry": { "type": "Polygon", "coordinates": [ [ [ -3.221362132343121, 55.955387150130477 ], [ -3.229369802373125, 55.955372508176097 ], [ -3.233397042730724, 55.959255582065069 ], [ -3.229415821187862, 55.963153687805288 ], [ -3.221406544599318, 55.963168334022328 ], [ -3.21738009637616, 55.959284870235798 ], [ -3.221362132343121, 55.955387150130477 ] ] ] } },
{ "type": "Feature", "properties": { "from_id": "335", "population": 1582.03334949533, "gravity_community": 83.952372383349811, "gravity_education": 77.533810768135695, "gravity_essential_services": 145.11672810391198, "gravity_food_and_drink": 754.83529139457505, "gravity_healthcare": 126.49631385596535, "gravity_shelter": 19.119543002498162, "avg_gravity": 201.17567658473934, "min_tt_community": 8.0, "min_tt_education": 6.0, "min_tt_essential_services": 6.0, "min_tt_food_and_drink": 5.0, "min_tt_healthcare": 7.0, "min_tt_shelter": 12.0, "avg_tt_community": 37.91614906832298, "avg_tt_education": 40.160493827160494, "avg_tt_essential_services": 36.539179104477611, "avg_tt_food_and_drink": 32.586333878887068, "avg_tt_healthcare": 38.153225806451616, "avg_tt_shelter": 40.6875, "avg_tt_all": 37.673813614216627, "n_unreachable_categories": 0, "count_community": 322.0, "count_education": 324.0, "count_essential_services": 536.0, "count_food_and_drink": 2444.0, "count_healthcare": 496.0, "count_shelter": 80.0, "gravity_community_per_100": 5.3066120515177939, "gravity_education_per_100": 4.9008961026560565, "gravity_essential_services_per_100": 9.1727982946885618, "gravity_food_and_drink_per_100": 47.712982260163358, "gravity_healthcare_per_100": 7.9958057708655632, "gravity_shelter_per_100": 1.2085423489079614, "shannon": 1.2999349720647588, "kl_divergence": 0.0014404941770592241, "jsd": 0.018867667672364072, "city_similarity": 0.98113233232763597 }, "geometry": { "type": "Polygon", "coordinates": [ [ [ -3.185346119788154, 55.959337202642011 ], [ -3.193354623760044, 55.959324900034751 ], [ -3.197378672087829, 55.963209150254244 ], [ -3.193393422586178, 55.967106092699503 ], [ -3.185383311638895, 55.96711839888858 ], [ -3.181360057432737, 55.963233759050006 ], [ -3.185346119788154, 55.959337202642011 ] ] ] } },
{ "type": "Feature", "properties": { "from_id": "336", "population": 3887.3561994224101, "gravity_community": 57.228584415065669, "gravity_education": 54.00805639947292, "gravity_essential_services": 106.35794718062368, "gravity_food_and_drink": 559.89319478841469, "gravity_healthcare": 90.347366603079493, "gravity_shelter": 14.686065602348025, "avg_gravity": 147.08686916483407, "min_tt_community": 12.0, "min_tt_education": 9.0, "min_tt_essential_services": 13.0, "min_tt_food_and_drink": 5.0, "min_tt_healthcare": 13.0, "min_tt_shelter": 1.0, "avg_tt_community": 42.416356877323423, "avg_tt_education": 42.66798418972332, "avg_tt_essential_services": 40.354211663066955, "avg_tt_food_and_drink": 38.049006622516558, "avg_tt_healthcare": 42.067146282973624, "avg_tt_shelter": 39.254545454545458, "avg_tt_all": 40.801541848358227, "n_unreachable_categories": 0, "count_community": 269.0, "count_education": 253.0, "count_essential_services": 463.0, "count_food_and_drink": 2265.0, "count_healthcare": 417.0, "count_shelter": 55.0, "gravity_community_per_100": 1.4721723834715426, "gravity_education_per_100": 1.3893261545596858, "gravity_essential_services_per_100": 2.7359969533130646, "gravity_food_and_drink_per_100": 14.40293006520999, "gravity_healthcare_per_100": 2.3241339863968076, "gravity_shelter_per_100": 0.3777905817977294, "shannon": 1.2416925951082614, "kl_divergence": 0.00016259807643276974, "jsd": 0.0063895586633383218, "city_similarity": 0.99361044133666165 }, "geometry": { "type": "Polygon", "coordinates": [ [ [ -3.209371612318037, 55.959298733830714 ], [ -3.21738009637616, 55.959284870235798 ], [ -3.221406544599318, 55.963168334022328 ], [ -3.217423716101893, 55.967066051246199 ], [ -3.209413625081845, 55.967079918877388 ], [ -3.205387969785224, 55.963196065247779 ], [ -3.209371612318037, 55.959298733830714 ] ] ] } },
{ "type": "Feature", "properties": { "from_id": "337", "population": 3176.8149241986225, "gravity_community": 50.770492959954659, "gravity_education": 47.611143657654686, "gravity_essential_services": 91.618964036225577, "gravity_food_and_drink": 443.26504301989155, "gravity_healthcare": 76.932762360732269, "gravity_shelter": 10.904988270297451, "avg_gravity": 120.1838990507927, "min_tt_community": 18.0, "min_tt_education": 2.0, "min_tt_essential_services": 15.0, "min_tt_food_and_drink": 14.0, "min_tt_healthcare": 5.0, "min_tt_shelter": 20.0, "avg_tt_community": 44.196078431372548, "avg_tt_education": 44.752066115702476, "avg_tt_essential_services": 42.867117117117118, "avg_tt_food_and_drink": 43.17326732673267, "avg_tt_healthcare": 44.100775193798448, "avg_tt_shelter": 39.978723404255319, "avg_tt_all": 43.178004598163092, "n_unreachable_categories": 0, "count_community": 255.0, "count_education": 242.0, "count_essential_services": 444.0, "count_food_and_drink": 2222.0, "count_healthcare": 387.0, "count_shelter": 47.0, "gravity_community_per_100": 1.5981570903996534, "gravity_education_per_100": 1.4987068744542928, "gravity_essential_services_per_100": 2.8839880894017522, "gravity_food_and_drink_per_100": 13.953127695397892, "gravity_healthcare_per_100": 2.421694816865644, "gravity_shelter_per_100": 0.34326797533061587, "shannon": 1.2215355522085427, "kl_divergence": 0.00056826728780860628, "jsd": 0.012000063905027711, "city_similarity": 0.98799993609497228 }, "geometry": { "type": "Polygon", "coordinates": [ [ [ -3.221406544599318, 55.963168334022328 ], [ -3.229415821187862, 55.963153687805288 ], [ -3.23344387636558, 55.967036754548474 ], [ -3.229461862695905, 55.97093485752027 ], [ -3.221450978756597, 55.970949508001659 ], [ -3.217423716101893, 55.967066051246199 ], [ -3.221406544599318, 55.963168334022328 ] ] ] } },
{ "type": "Feature", "properties": { "from_id": "338", "population": 3860.2861579314658, "gravity_community": 67.950634068291407, "gravity_education": 66.873995435563927, "gravity_essential_services": 124.84489806289054, "gravity_food_and_drink": 646.16232870298506, "gravity_healthcare": 105.99934970981936, "gravity_shelter": 16.143657210979519, "avg_gravity": 171.3291438650883, "min_tt_community": 11.0, "min_tt_education": 5.0, "min_tt_essential_services": 10.0, "min_tt_food_and_drink": 5.0, "min_tt_healthcare": 9.0, "min_tt_shelter": 13.0, "avg_tt_community": 40.038327526132406, "avg_tt_education": 41.351724137931036, "avg_tt_essential_services": 37.952868852459019, "avg_tt_food_and_drink": 34.990094745908699, "avg_tt_healthcare": 40.154017857142854, "avg_tt_shelter": 40.242424242424242, "avg_tt_all": 39.121576226999714, "n_unreachable_categories": 0, "count_community": 287.0, "count_education": 290.0, "count_essential_services": 488.0, "count_food_and_drink": 2322.0, "count_healthcare": 448.0, "count_shelter": 66.0, "gravity_community_per_100": 1.7602486263532016, "gravity_education_per_100": 1.7323585014070138, "gravity_essential_services_per_100": 3.2340840278480463, "gravity_food_and_drink_per_100": 16.738715791194895, "gravity_healthcare_per_100": 2.7458935781750204, "gravity_shelter_per_100": 0.41819845862489369, "shannon": 1.2716021586576702, "kl_divergence": 0.00033175225547405949, "jsd": 0.0090795612514085154, "city_similarity": 0.99092043874859148 }, "geometry": { "type": "Polygon", "coordinates": [ [ [ -3.197378672087829, 55.963209150254244 ], [ -3.205387969785224, 55.963196065247779 ], [ -3.209413625081845, 55.967079918877388 ], [ -3.205429189226337, 55.970977247301278 ], [ -3.197418284163897, 55.970990336117538 ], [ -3.193393422586178, 55.967106092699503 ], [ -3.197378672087829, 55.963209150254244 ] ] ] } },
{ "type": "Feature", "properties": { "from_id": "339", "population": 6460.6505902280178, "gravity_community": 77.575786680824137, "gravity_education": 73.824045431047608, "gravity_essential_services": 132.80042111167728, "gravity_food_and_drink": 652.25620017675374, "gravity_healthcare": 115.81541185833817, "gravity_shelter": 17.238463186540347, "avg_gravity": 178.25172140753023, "min_tt_community": 1.0, "min_tt_education": 2.0, "min_tt_essential_services": 6.0, "min_tt_food_and_drink": 4.0, "min_tt_healthcare": 2.0, "min_tt_shelter": 14.0, "avg_tt_community": 38.389830508474574, "avg_tt_education": 40.023411371237458, "avg_tt_essential_services": 37.400801603206411, "avg_tt_food_and_drink": 35.340570455512982, "avg_tt_healthcare": 38.929359823399558, "avg_tt_shelter": 39.426470588235297, "avg_tt_all": 38.251740725011047, "n_unreachable_categories": 0, "count_community": 295.0, "count_education": 299.0, "count_essential_services": 499.0, "count_food_and_drink": 2349.0, "count_healthcare": 453.0, "count_shelter": 68.0, "gravity_community_per_100": 1.2007426434446169, "gravity_education_per_100": 1.1426720018369252, "gravity_essential_services_per_100": 2.0555270596515935, "gravity_food_and_drink_per_100": 10.095828447421631, "gravity_healthcare_per_100": 1.7926276965591272, "gravity_shelter_per_100": 0.26682240349933467, "shannon": 1.2769480080456606, "kl_divergence": 0.00043465831098011068, "jsd": 0.01039079306726491, "city_similarity": 0.98960920693273513 }, "geometry": { "type": "Polygon", "coordinates": [ [ [ -3.209413625081845, 55.967079918877388 ], [ -3.217423716101893, 55.967066051246199 ], [ -3.221450978756597, 55.970949508001659 ], [ -3.217467357339866, 55.97484722234546 ], [ -3.209455658565397, 55.974861094014535 ], [ -3.205429189226337, 55.970977247301278 ], [ -3.209413625081845, 55.967079918877388 ] ] ] } },
{ "type": "Feature", "properties": { "from_id": "340", "population": 5506.9078467802774, "gravity_community": 69.093861678084892, "gravity_education": 61.31485299542566, "gravity_essential_services": 121.22064520689405, "gravity_food_and_drink": 639.12987566732318, "gravity_healthcare": 106.57665318323025, "gravity_shelter": 15.520716763049951, "avg_gravity": 168.80943424900133, "min_tt_community": 15.0, "min_tt_education": 11.0, "min_tt_essential_services": 9.0, "min_tt_food_and_drink": 5.0, "min_tt_healthcare": 10.0, "min_tt_shelter": 14.0, "avg_tt_community": 39.70422535211268, "avg_tt_education": 41.805147058823529, "avg_tt_essential_services": 38.542443064182194, "avg_tt_food_and_drink": 35.67838765008576, "avg_tt_healthcare": 40.798245614035089, "avg_tt_shelter": 42.710144927536234, "avg_tt_all": 39.873098944462583, "n_unreachable_categories": 0, "count_community": 284.0, "count_education": 272.0, "count_essential_services": 483.0, "count_food_and_drink": 2332.0, "count_healthcare": 456.0, "count_shelter": 69.0, "gravity_community_per_100": 1.2546761921662077, "gravity_education_per_100": 1.1134170881627266, "gravity_essential_services_per_100": 2.2012470260922941, "gravity_food_and_drink_per_100": 11.605966423444022, "gravity_healthcare_per_100": 1.9353266142912198, "gravity_shelter_per_100": 0.28184086596118446, "shannon": 1.2652683123751374, "kl_divergence": 0.00044679468236541323, "jsd": 0.010506884130017395, "city_similarity": 0.98949311586998256 }, "geometry": { "type": "Polygon", "coordinates": [ [ [ -3.185383311638895, 55.96711839888858 ], [ -3.193393422586178, 55.967106092699503 ], [ -3.197418284163897, 55.970990336117538 ], [ -3.193432240547045, 55.974887275457768 ], [ -3.185420521831856, 55.974899585230098 ], [ -3.181396454765684, 55.971014952078363 ], [ -3.185383311638895, 55.96711839888858 ] ] ] } },
{ "type": "Feature", "properties": { "from_id": "341", "population": 5239.8146506227222, "gravity_community": 33.432692664656464, "gravity_education": 34.169360542073981, "gravity_essential_services": 69.599457821765341, "gravity_food_and_drink": 317.85307315832961, "gravity_healthcare": 54.026085148666148, "gravity_shelter": 9.2847690970786676, "avg_gravity": 86.394239738761712, "min_tt_community": 21.0, "min_tt_education": 7.0, "min_tt_essential_services": 12.0, "min_tt_food_and_drink": 11.0, "min_tt_healthcare": 13.0, "min_tt_shelter": 29.0, "avg_tt_community": 49.254807692307693, "avg_tt_education": 48.009950248756219, "avg_tt_essential_services": 47.159203980099505, "avg_tt_food_and_drink": 48.913196186653288, "avg_tt_healthcare": 47.753993610223645, "avg_tt_shelter": 45.431372549019606, "avg_tt_all": 47.753754044509996, "n_unreachable_categories": 0, "count_community": 208.0, "count_education": 201.0, "count_essential_services": 402.0, "count_food_and_drink": 1993.0, "count_healthcare": 313.0, "count_shelter": 51.0, "gravity_community_per_100": 0.6380510551204932, "gravity_education_per_100": 0.65211009969623923, "gravity_essential_services_per_100": 1.3282809118733587, "gravity_food_and_drink_per_100": 6.0661129133748002, "gravity_healthcare_per_100": 1.0310686303044223, "gravity_shelter_per_100": 0.17719651774276454, "shannon": 1.202446183446634, "kl_divergence": 0.0018359458735553815, "jsd": 0.02153983066270107, "city_similarity": 0.97846016933729896 }, "geometry": { "type": "Polygon", "coordinates": [ [ [ -3.305411624251323, 55.951316892783595 ], [ -3.313418398795864, 55.951296791187808 ], [ -3.317453615731946, 55.955177110428188 ], [ -3.313481270634616, 55.959077921883605 ], [ -3.305472889990009, 55.959098029331081 ], [ -3.301438460806676, 55.955217319470499 ], [ -3.305411624251323, 55.951316892783595 ] ] ] } },
{ "type": "Feature", "properties": { "from_id": "342", "population": 2630.3517532911919, "gravity_community": 51.376143179233161, "gravity_education": 49.434475838019864, "gravity_essential_services": 91.022129687009823, "gravity_food_and_drink": 409.06659766268393, "gravity_healthcare": 77.133733820622879, "gravity_shelter": 12.632756427344741, "avg_gravity": 115.1109727691524, "min_tt_community": 11.0, "min_tt_education": 17.0, "min_tt_essential_services": 17.0, "min_tt_food_and_drink": 15.0, "min_tt_healthcare": 9.0, "min_tt_shelter": 18.0, "avg_tt_community": 45.667883211678834, "avg_tt_education": 45.069498069498067, "avg_tt_essential_services": 44.329087048832271, "avg_tt_food_and_drink": 46.347432024169187, "avg_tt_healthcare": 44.364795918367349, "avg_tt_shelter": 42.483870967741936, "avg_tt_all": 44.710427873381271, "n_unreachable_categories": 0, "count_community": 274.0, "count_education": 259.0, "count_essential_services": 471.0, "count_food_and_drink": 2318.0, "count_healthcare": 392.0, "count_shelter": 62.0, "gravity_community_per_100": 1.9532042858887395, "gravity_education_per_100": 1.879386503199264, "gravity_essential_services_per_100": 3.4604546549000381, "gravity_food_and_drink_per_100": 15.551783032472555, "gravity_healthcare_per_100": 2.9324493853002869, "gravity_shelter_per_100": 0.4802687097472107, "shannon": 1.2359700408330851, "kl_divergence": 0.00029987858082001356, "jsd": 0.0086770038518131868, "city_similarity": 0.99132299614818686 }, "geometry": { "type": "Polygon", "coordinates": [ [ [ -3.269408033855453, 55.955291494675365 ], [ -3.277415654571139, 55.955273731237462 ], [ -3.281447688694138, 55.959155229783363 ], [ -3.277471312623486, 55.963054882110249 ], [ -3.269462085382618, 55.963072650719525 ], [ -3.265430841001558, 55.959190761829696 ], [ -3.269408033855453, 55.955291494675365 ] ] ] } },
{ "type": "Feature", "properties": { "from_id": "343", "population": 6732.83285380699, "gravity_community": 37.999371069236112, "gravity_education": 37.279949411088346, "gravity_essential_services": 76.298190558138558, "gravity_food_and_drink": 349.18010869039466, "gravity_healthcare": 59.808063470623161, "gravity_shelter": 10.183774977589765, "avg_gravity": 95.124909696178449, "min_tt_community": 3.0, "min_tt_education": 6.0, "min_tt_essential_services": 5.0, "min_tt_food_and_drink": 3.0, "min_tt_healthcare": 3.0, "min_tt_shelter": 23.0, "avg_tt_community": 48.591111111111111, "avg_tt_education": 47.514150943396224, "avg_tt_essential_services": 46.439716312056738, "avg_tt_food_and_drink": 48.010496183206108, "avg_tt_healthcare": 47.048338368580062, "avg_tt_shelter": 43.450980392156865, "avg_tt_all": 46.842465551751182, "n_unreachable_categories": 0, "count_community": 225.0, "count_education": 212.0, "count_essential_services": 423.0, "count_food_and_drink": 2097.0, "count_healthcare": 331.0, "count_shelter": 51.0, "gravity_community_per_100": 0.56438904535926326, "gravity_education_per_100": 0.55370377106582858, "gravity_essential_services_per_100": 1.1332256750588539, "gravity_food_and_drink_per_100": 5.1862286837100893, "gravity_healthcare_per_100": 0.88830459286993124, "gravity_shelter_per_100": 0.15125542544593967, "shannon": 1.2036664797303545, "kl_divergence": 0.0015987894965935839, "jsd": 0.02009106012594428, "city_similarity": 0.9799089398740557 }, "geometry": { "type": "Polygon", "coordinates": [ [ [ -3.293430868310634, 55.955236643633725 ], [ -3.301438460806676, 55.955217319470499 ], [ -3.305472889990009, 55.959098029331081 ], [ -3.301498938396751, 55.962998453920513 ], [ -3.293489739394615, 55.963017783709446 ], [ -3.2894560987558, 55.959136683282324 ], [ -3.293430868310634, 55.955236643633725 ] ] ] } },
{ "type": "Feature", "properties": { "from_id": "344", "population": 2087.3791939809298, "gravity_community": 55.620539116098222, "gravity_education": 54.07458171973736, "gravity_essential_services": 96.863111330222452, "gravity_food_and_drink": 442.08814026123787, "gravity_healthcare": 84.015852312556959, "gravity_shelter": 13.119303576339176, "avg_gravity": 124.296921386032, "min_tt_community": 13.0, "min_tt_education": 1.0, "min_tt_essential_services": 18.0, "min_tt_food_and_drink": 14.0, "min_tt_healthcare": 12.0, "min_tt_shelter": 16.0, "avg_tt_community": 44.729824561403511, "avg_tt_education": 44.055555555555557, "avg_tt_essential_services": 42.930526315789471, "avg_tt_food_and_drink": 44.643192488262912, "avg_tt_healthcare": 43.401459854014597, "avg_tt_shelter": 41.516129032258064, "avg_tt_all": 43.546114634547358, "n_unreachable_categories": 0, "count_community": 285.0, "count_education": 270.0, "count_essential_services": 475.0, "count_food_and_drink": 2344.0, "count_healthcare": 411.0, "count_shelter": 62.0, "gravity_community_per_100": 2.6646111677496376, "gravity_education_per_100": 2.590549042342873, "gravity_essential_services_per_100": 4.6404175920471209, "gravity_food_and_drink_per_100": 21.17910064141785, "gravity_healthcare_per_100": 4.0249444161760923, "gravity_shelter_per_100": 0.62850600476278551, "shannon": 1.2448675702001235, "kl_divergence": 0.0001148528624617249, "jsd": 0.0053637614371255162, "city_similarity": 0.99463623856287453 }, "geometry": { "type": "Polygon", "coordinates": [ [ [ -3.281447688694138, 55.959155229783363 ], [ -3.2894560987558, 55.959136683282324 ], [ -3.293489739394615, 55.963017783709446 ], [ -3.289514180899264, 55.966917821149508 ], [ -3.281504163925736, 55.966936373050146 ], [ -3.277471312623486, 55.963054882110249 ], [ -3.281447688694138, 55.959155229783363 ] ] ] } },
{ "type": "Feature", "properties": { "from_id": "345", "population": 2507.9942250729864, "gravity_community": 38.694797607232154, "gravity_education": 37.999560248762904, "gravity_essential_services": 76.830163643719715, "gravity_food_and_drink": 367.9274210510053, "gravity_healthcare": 60.047086834478925, "gravity_shelter": 8.8782284386712451, "avg_gravity": 98.396209637311713, "min_tt_community": 21.0, "min_tt_education": 13.0, "min_tt_essential_services": 5.0, "min_tt_food_and_drink": 5.0, "min_tt_healthcare": 5.0, "min_tt_shelter": 33.0, "avg_tt_community": 49.58943089430894, "avg_tt_education": 48.526086956521738, "avg_tt_essential_services": 46.760273972602739, "avg_tt_food_and_drink": 47.185442744552617, "avg_tt_healthcare": 47.695156695156697, "avg_tt_shelter": 48.092592592592595, "avg_tt_all": 47.974830642622557, "n_unreachable_categories": 0, "count_community": 246.0, "count_education": 230.0, "count_essential_services": 438.0, "count_food_and_drink": 2158.0, "count_healthcare": 351.0, "count_shelter": 54.0, "gravity_community_per_100": 1.5428583216177891, "gravity_education_per_100": 1.5151374699699343, "gravity_essential_services_per_100": 3.0634107078728956, "gravity_food_and_drink_per_100": 14.670186134112731, "gravity_healthcare_per_100": 2.3942274760513635, "gravity_shelter_per_100": 0.35399716434406364, "shannon": 1.2202313895999481, "kl_divergence": 0.00076748794505720379, "jsd": 0.013904141805123319, "city_similarity": 0.98609585819487666 }, "geometry": { "type": "Polygon", "coordinates": [ [ [ -3.305472889990009, 55.959098029331081 ], [ -3.313481270634616, 55.959077921883605 ], [ -3.317517306313874, 55.962958233172429 ], [ -3.313544173474231, 55.966859042643037 ], [ -3.305534185937659, 55.966879155944582 ], [ -3.301498938396751, 55.962998453920513 ], [ -3.305472889990009, 55.959098029331081 ] ] ] } },
{ "type": "Feature", "properties": { "from_id": "346", "population": 3171.2793500810712, "gravity_community": 57.711390862070026, "gravity_education": 54.515335802525932, "gravity_essential_services": 102.42463099229739, "gravity_food_and_drink": 474.95400303749989, "gravity_healthcare": 86.867280337289969, "gravity_shelter": 13.027607312572229, "avg_gravity": 131.58337472404256, "min_tt_community": 7.0, "min_tt_education": 15.0, "min_tt_essential_services": 5.0, "min_tt_food_and_drink": 6.0, "min_tt_healthcare": 8.0, "min_tt_shelter": 22.0, "avg_tt_community": 44.034722222222221, "avg_tt_education": 43.709558823529413, "avg_tt_essential_services": 42.325819672131146, "avg_tt_food_and_drink": 42.955451845566401, "avg_tt_healthcare": 43.061904761904763, "avg_tt_shelter": 41.612903225806448, "avg_tt_all": 42.950060091860074, "n_unreachable_categories": 0, "count_community": 288.0, "count_education": 272.0, "count_essential_services": 488.0, "count_food_and_drink": 2358.0, "count_healthcare": 420.0, "count_shelter": 62.0, "gravity_community_per_100": 1.8198141661848453, "gravity_education_per_100": 1.7190329133613629, "gravity_essential_services_per_100": 3.2297574475638351, "gravity_food_and_drink_per_100": 14.97673180463771, "gravity_healthcare_per_100": 2.7391872726402764, "gravity_shelter_per_100": 0.41079973961420924, "shannon": 1.249038566039204, "kl_divergence": 3.9978433023044101e-05, "jsd": 0.0031619847912821662, "city_similarity": 0.99683801520871784 }, "geometry": { "type": "Polygon", "coordinates": [ [ [ -3.269462085382618, 55.963072650719525 ], [ -3.277471312623486, 55.963054882110249 ], [ -3.281504163925736, 55.966936373050146 ], [ -3.277526998122382, 55.970836023057316 ], [ -3.269516163564137, 55.970853796840018 ], [ -3.265484102390776, 55.966971915441277 ], [ -3.269462085382618, 55.963072650719525 ] ] ] } },
{ "type": "Feature", "properties": { "from_id": "347", "population": 3054.72708630137, "gravity_community": 10.036915364549136, "gravity_education": 10.633043526507993, "gravity_essential_services": 23.32437422693615, "gravity_food_and_drink": 85.309261021543165, "gravity_healthcare": 17.281475443970251, "gravity_shelter": 2.61135240406478, "avg_gravity": 24.866070331261913, "min_tt_community": 30.0, "min_tt_education": 8.0, "min_tt_essential_services": 23.0, "min_tt_food_and_drink": 23.0, "min_tt_healthcare": 23.0, "min_tt_shelter": 43.0, "avg_tt_community": 52.014084507042256, "avg_tt_education": 50.681159420289852, "avg_tt_essential_services": 52.906976744186046, "avg_tt_food_and_drink": 53.873456790123456, "avg_tt_healthcare": 52.033057851239668, "avg_tt_shelter": 54.714285714285715, "avg_tt_all": 52.703836837861168, "n_unreachable_categories": 0, "count_community": 71.0, "count_education": 69.0, "count_essential_services": 172.0, "count_food_and_drink": 649.0, "count_healthcare": 121.0, "count_shelter": 21.0, "gravity_community_per_100": 0.32856995341936496, "gravity_education_per_100": 0.34808489354714717, "gravity_essential_services_per_100": 0.76355018199603053, "gravity_food_and_drink_per_100": 2.7926966505159934, "gravity_healthcare_per_100": 0.56572894912502547, "gravity_shelter_per_100": 0.08548562049209367, "shannon": 1.2696565355193503, "kl_divergence": 0.0047398068857598371, "jsd": 0.034060123420607921, "city_similarity": 0.96593987657939206 }, "geometry": { "type": "Polygon", "coordinates": [ [ [ -3.293489739394615, 55.963017783709446 ], [ -3.301498938396751, 55.962998453920513 ], [ -3.305534185937659, 55.966879155944582 ], [ -3.301559445809923, 55.970779578438204 ], [ -3.293548639509515, 55.970798913855113 ], [ -3.289514180899264, 55.966917821149508 ], [ -3.293489739394615, 55.963017783709446 ] ] ] } },
{ "type": "Feature", "properties": { "from_id": "348", "population": 2584.0610511003683, "gravity_community": 36.316572612715774, "gravity_education": 36.735736099983619, "gravity_essential_services": 71.937924853439114, "gravity_food_and_drink": 354.34054910176758, "gravity_healthcare": 59.278698212771879, "gravity_shelter": 7.6964835175828794, "avg_gravity": 94.384327399710159, "min_tt_community": 16.0, "min_tt_education": 17.0, "min_tt_essential_services": 14.0, "min_tt_food_and_drink": 14.0, "min_tt_healthcare": 14.0, "min_tt_shelter": 30.0, "avg_tt_community": 48.454128440366972, "avg_tt_education": 47.392523364485982, "avg_tt_essential_services": 46.958536585365856, "avg_tt_food_and_drink": 47.56267806267806, "avg_tt_healthcare": 47.279411764705884, "avg_tt_shelter": 48.085106382978722, "avg_tt_all": 47.622064100096907, "n_unreachable_categories": 0, "count_community": 218.0, "count_education": 214.0, "count_essential_services": 411.0, "count_food_and_drink": 2106.0, "count_healthcare": 340.0, "count_shelter": 47.0, "gravity_community_per_100": 1.405406911622739, "gravity_education_per_100": 1.4216280255584701, "gravity_essential_services_per_100": 2.7839096457417618, "gravity_food_and_drink_per_100": 13.712545566633539, "gravity_healthcare_per_100": 2.2940130685971711, "gravity_shelter_per_100": 0.29784449226946447, "shannon": 1.1956092157323996, "kl_divergence": 0.0017407819901101771, "jsd": 0.020942470651764765, "city_similarity": 0.9790575293482352 }, "geometry": { "type": "Polygon", "coordinates": [ [ [ -3.281504163925736, 55.966936373050146 ], [ -3.289514180899264, 55.966917821149508 ], [ -3.293548639509515, 55.970798913855113 ], [ -3.28957229168724, 55.97469894908825 ], [ -3.281560667009394, 55.974717506390682 ], [ -3.277526998122382, 55.970836023057316 ], [ -3.281504163925736, 55.966936373050146 ] ] ] } },
{ "type": "Feature", "properties": { "from_id": "349", "population": 1745.7807868365157, "gravity_community": 33.765776574241613, "gravity_education": 35.386968305656758, "gravity_essential_services": 66.564724348615698, "gravity_food_and_drink": 323.16561762624252, "gravity_healthcare": 55.469613750171916, "gravity_shelter": 7.2255731322483374, "avg_gravity": 86.929712289529462, "min_tt_community": 18.0, "min_tt_education": 8.0, "min_tt_essential_services": 14.0, "min_tt_food_and_drink": 14.0, "min_tt_healthcare": 13.0, "min_tt_shelter": 33.0, "avg_tt_community": 49.205741626794257, "avg_tt_education": 48.191387559808611, "avg_tt_essential_services": 47.992481203007522, "avg_tt_food_and_drink": 48.671641791044777, "avg_tt_healthcare": 48.121495327102807, "avg_tt_shelter": 49.065217391304351, "avg_tt_all": 48.541327483177064, "n_unreachable_categories": 0, "count_community": 209.0, "count_education": 209.0, "count_essential_services": 399.0, "count_food_and_drink": 2010.0, "count_healthcare": 322.0, "count_shelter": 46.0, "gravity_community_per_100": 1.9341361085447448, "gravity_education_per_100": 2.0269995278032913, "gravity_essential_services_per_100": 3.8128913349559723, "gravity_food_and_drink_per_100": 18.511236924072385, "gravity_healthcare_per_100": 3.1773527448819601, "gravity_shelter_per_100": 0.41388776796779919, "shannon": 1.2004680870136646, "kl_divergence": 0.0015471515003319927, "jsd": 0.019745492972022546, "city_similarity": 0.98025450702797745 }, "geometry": { "type": "Polygon", "coordinates": [ [ [ -3.305534185937659, 55.966879155944582 ], [ -3.313544173474231, 55.966859042643037 ], [ -3.317581028303231, 55.970739345979673 ], [ -3.313607107335683, 55.974640153467206 ], [ -3.305595512114711, 55.974660272625137 ], [ -3.301559445809923, 55.970779578438204 ], [ -3.305534185937659, 55.966879155944582 ] ] ] } },
{ "type": "Feature", "properties": { "from_id": "350", "population": 2423.3524003555281, "gravity_community": 42.721947774691799, "gravity_education": 42.771136848171523, "gravity_essential_services": 80.437402472432979, "gravity_food_and_drink": 388.00974139438785, "gravity_healthcare": 67.182661015772837, "gravity_shelter": 8.7334843797088162, "avg_gravity": 104.97606231419429, "min_tt_community": 8.0, "min_tt_education": 9.0, "min_tt_essential_services": 10.0, "min_tt_food_and_drink": 11.0, "min_tt_healthcare": 1.0, "min_tt_shelter": 29.0, "avg_tt_community": 47.83467741935484, "avg_tt_education": 46.188841201716741, "avg_tt_essential_services": 46.21748878923767, "avg_tt_food_and_drink": 46.569872958257712, "avg_tt_healthcare": 46.367123287671234, "avg_tt_shelter": 46.980392156862742, "avg_tt_all": 46.693065968850163, "n_unreachable_categories": 0, "count_community": 248.0, "count_education": 233.0, "count_essential_services": 446.0, "count_food_and_drink": 2205.0, "count_healthcare": 365.0, "count_shelter": 51.0, "gravity_community_per_100": 1.7629275778637932, "gravity_education_per_100": 1.7649573723531338, "gravity_essential_services_per_100": 3.3192614685603328, "gravity_food_and_drink_per_100": 16.011280131501437, "gravity_healthcare_per_100": 2.7723025758002229, "gravity_shelter_per_100": 0.36038854185745062, "shannon": 1.2160489468858668, "kl_divergence": 0.00077607489772846608, "jsd": 0.013973403102820412, "city_similarity": 0.98602659689717964 }, "geometry": { "type": "Polygon", "coordinates": [ [ [ -3.293548639509515, 55.970798913855113 ], [ -3.301559445809923, 55.970779578438204 ], [ -3.305595512114711, 55.974660272625137 ], [ -3.301619983066366, 55.978560693024662 ], [ -3.293607568674975, 55.978580034071776 ], [ -3.28957229168724, 55.97469894908825 ], [ -3.293548639509515, 55.970798913855113 ] ] ] } },
{ "type": "Feature", "properties": { "from_id": "351", "population": 2521.0659527848693, "gravity_community": 65.933298364678535, "gravity_education": 61.703032226871429, "gravity_essential_services": 120.81320140517018, "gravity_food_and_drink": 579.43391438439573, "gravity_healthcare": 102.6110246809063, "gravity_shelter": 14.103595602944564, "avg_gravity": 157.43301111082778, "min_tt_community": 7.0, "min_tt_education": 10.0, "min_tt_essential_services": 2.0, "min_tt_food_and_drink": 4.0, "min_tt_healthcare": 2.0, "min_tt_shelter": 21.0, "avg_tt_community": 41.242320819112628, "avg_tt_education": 42.914675767918091, "avg_tt_essential_services": 38.751527494908352, "avg_tt_food_and_drink": 37.921501706484641, "avg_tt_healthcare": 41.44130434782609, "avg_tt_shelter": 42.621212121212125, "avg_tt_all": 40.815423709576983, "n_unreachable_categories": 0, "count_community": 293.0, "count_education": 293.0, "count_essential_services": 491.0, "count_food_and_drink": 2345.0, "count_healthcare": 460.0, "count_shelter": 66.0, "gravity_community_per_100": 2.6152944666856492, "gravity_education_per_100": 2.4474977403392328, "gravity_essential_services_per_100": 4.7921475942235912, "gravity_food_and_drink_per_100": 22.983687267059796, "gravity_healthcare_per_100": 4.0701443993386244, "gravity_shelter_per_100": 0.55942985495342457, "shannon": 1.2735652092529135, "kl_divergence": 0.0004452515814119208, "jsd": 0.010516289773301261, "city_similarity": 0.98948371022669879 }, "geometry": { "type": "Polygon", "coordinates": [ [ [ -3.233397042730724, 55.959255582065069 ], [ -3.241405504499193, 55.959240157491315 ], [ -3.245434351407572, 55.963122834167777 ], [ -3.241453945080894, 55.967021325483977 ], [ -3.23344387636558, 55.967036754548474 ], [ -3.229415821187862, 55.963153687805288 ], [ -3.233397042730724, 55.959255582065069 ] ] ] } },
{ "type": "Feature", "properties": { "from_id": "352", "population": 1678.2038622065832, "gravity_community": 72.71399485135646, "gravity_education": 70.600824244548264, "gravity_essential_services": 128.42686144579235, "gravity_food_and_drink": 591.74350837942677, "gravity_healthcare": 107.9048725223787, "gravity_shelter": 16.88354663477535, "avg_gravity": 164.71226801304633, "min_tt_community": 5.0, "min_tt_education": 5.0, "min_tt_essential_services": 2.0, "min_tt_food_and_drink": 1.0, "min_tt_healthcare": 3.0, "min_tt_shelter": 11.0, "avg_tt_community": 41.303797468354432, "avg_tt_education": 41.464285714285715, "avg_tt_essential_services": 39.151631477927062, "avg_tt_food_and_drink": 38.513991769547324, "avg_tt_healthcare": 40.781857451403887, "avg_tt_shelter": 38.94202898550725, "avg_tt_all": 40.026265477837605, "n_unreachable_categories": 0, "count_community": 316.0, "count_education": 308.0, "count_essential_services": 521.0, "count_food_and_drink": 2431.0, "count_healthcare": 463.0, "count_shelter": 69.0, "gravity_community_per_100": 4.3328463537051212, "gravity_education_per_100": 4.2069277657196489, "gravity_essential_services_per_100": 7.6526377002213861, "gravity_food_and_drink_per_100": 35.260525953108818, "gravity_healthcare_per_100": 6.4297833506651676, "gravity_shelter_per_100": 1.0060486103622746, "shannon": 1.2785618360114386, "kl_divergence": 0.00043412375567163054, "jsd": 0.010391562025497413, "city_similarity": 0.9896084379745026 }, "geometry": { "type": "Polygon", "coordinates": [ [ [ -3.245434351407572, 55.963122834167777 ], [ -3.253443604510593, 55.963106626749479 ], [ -3.25747405835765, 55.966988905929249 ], [ -3.253494468039504, 55.970887782762318 ], [ -3.24548360760161, 55.970903994899508 ], [ -3.241453945080894, 55.967021325483977 ], [ -3.245434351407572, 55.963122834167777 ] ] ] } },
{ "type": "Feature", "properties": { "from_id": "353", "population": 2300.408979935406, "gravity_community": 75.680885509791352, "gravity_education": 71.183632090073999, "gravity_essential_services": 134.70958186325819, "gravity_food_and_drink": 640.38834623034506, "gravity_healthcare": 113.41851871969607, "gravity_shelter": 15.989434596426539, "avg_gravity": 175.22839983493188, "min_tt_community": 1.0, "min_tt_education": 10.0, "min_tt_essential_services": 6.0, "min_tt_food_and_drink": 7.0, "min_tt_healthcare": 8.0, "min_tt_shelter": 9.0, "avg_tt_community": 39.987179487179489, "avg_tt_education": 41.132686084142392, "avg_tt_essential_services": 37.352250489236788, "avg_tt_food_and_drink": 35.834033613445378, "avg_tt_healthcare": 39.829787234042556, "avg_tt_shelter": 41.231884057971016, "avg_tt_all": 39.227970161002936, "n_unreachable_categories": 0, "count_community": 312.0, "count_education": 309.0, "count_essential_services": 511.0, "count_food_and_drink": 2380.0, "count_healthcare": 471.0, "count_shelter": 69.0, "gravity_community_per_100": 3.2898882837744976, "gravity_education_per_100": 3.0943902893333686, "gravity_essential_services_per_100": 5.8558970617059902, "gravity_food_and_drink_per_100": 27.838021491653485, "gravity_healthcare_per_100": 4.9303632401435324, "gravity_shelter_per_100": 0.69506921316554382, "shannon": 1.2868640533529241, "kl_divergence": 0.00080251220677114254, "jsd": 0.014120471317246787, "city_similarity": 0.98587952868275319 }, "geometry": { "type": "Polygon", "coordinates": [ [ [ -3.23344387636558, 55.967036754548474 ], [ -3.241453945080894, 55.967021325483977 ], [ -3.24548360760161, 55.970903994899508 ], [ -3.241502409552306, 55.974802483560296 ], [ -3.233490733097663, 55.974817917117299 ], [ -3.229461862695905, 55.97093485752027 ], [ -3.23344387636558, 55.967036754548474 ] ] ] } },
{ "type": "Feature", "properties": { "from_id": "354", "population": 2566.4991025718023, "gravity_community": 51.55194333442963, "gravity_education": 47.966141264987229, "gravity_essential_services": 94.254208138081481, "gravity_food_and_drink": 437.24754036032408, "gravity_healthcare": 77.388389212171347, "gravity_shelter": 10.616561163635048, "avg_gravity": 119.83746391227146, "min_tt_community": 3.0, "min_tt_education": 11.0, "min_tt_essential_services": 4.0, "min_tt_food_and_drink": 3.0, "min_tt_healthcare": 7.0, "min_tt_shelter": 21.0, "avg_tt_community": 44.21484375, "avg_tt_education": 44.456431535269708, "avg_tt_essential_services": 42.903083700440526, "avg_tt_food_and_drink": 44.020444444444443, "avg_tt_healthcare": 43.87728459530026, "avg_tt_shelter": 41.94, "avg_tt_all": 43.568681337575832, "n_unreachable_categories": 0, "count_community": 256.0, "count_education": 241.0, "count_essential_services": 454.0, "count_food_and_drink": 2251.0, "count_healthcare": 383.0, "count_shelter": 50.0, "gravity_community_per_100": 2.0086484068033048, "gravity_education_per_100": 1.8689327113702074, "gravity_essential_services_per_100": 3.672481632416412, "gravity_food_and_drink_per_100": 17.036730693658654, "gravity_healthcare_per_100": 3.0153289021072736, "gravity_shelter_per_100": 0.41365925875432991, "shannon": 1.2194159898022379, "kl_divergence": 0.00060302129525925349, "jsd": 0.01232493485056208, "city_similarity": 0.98767506514943793 }, "geometry": { "type": "Polygon", "coordinates": [ [ [ -3.25747405835765, 55.966988905929249 ], [ -3.265484102390776, 55.966971915441277 ], [ -3.269516163564137, 55.970853796840018 ], [ -3.26553739004713, 55.974753059130748 ], [ -3.257525738291377, 55.974770054565873 ], [ -3.253494468039504, 55.970887782762318 ], [ -3.25747405835765, 55.966988905929249 ] ] ] } },
{ "type": "Feature", "properties": { "from_id": "355", "population": 1563.7623398170117, "gravity_community": 49.181038184250127, "gravity_education": 43.459206482470364, "gravity_essential_services": 87.717638853933465, "gravity_food_and_drink": 429.2864119740529, "gravity_healthcare": 73.486414304105864, "gravity_shelter": 10.103245811469792, "avg_gravity": 115.53899260171376, "min_tt_community": 11.0, "min_tt_education": 8.0, "min_tt_essential_services": 7.0, "min_tt_food_and_drink": 11.0, "min_tt_healthcare": 11.0, "min_tt_shelter": 13.0, "avg_tt_community": 43.181034482758619, "avg_tt_education": 43.621359223300971, "avg_tt_essential_services": 42.863961813842479, "avg_tt_food_and_drink": 43.406567992599442, "avg_tt_healthcare": 44.16893732970027, "avg_tt_shelter": 41.260869565217391, "avg_tt_all": 43.083788401236525, "n_unreachable_categories": 0, "count_community": 232.0, "count_education": 206.0, "count_essential_services": 419.0, "count_food_and_drink": 2163.0, "count_healthcare": 367.0, "count_shelter": 46.0, "gravity_community_per_100": 3.1450455693929289, "gravity_education_per_100": 2.7791439514751248, "gravity_essential_services_per_100": 5.6093970688792778, "gravity_food_and_drink_per_100": 27.452151841966415, "gravity_healthcare_per_100": 4.6993339354051136, "gravity_shelter_per_100": 0.64608576087412706, "shannon": 1.1954689631938182, "kl_divergence": 0.0019368808122324373, "jsd": 0.022169677586285897, "city_similarity": 0.97783032241371415 }, "geometry": { "type": "Polygon", "coordinates": [ [ [ -3.24548360760161, 55.970903994899508 ], [ -3.253494468039504, 55.970887782762318 ], [ -3.257525738291377, 55.974770054565873 ], [ -3.253545356655329, 55.978668928856514 ], [ -3.245532888089814, 55.9786851457145 ], [ -3.241502409552306, 55.974802483560296 ], [ -3.24548360760161, 55.970903994899508 ] ] ] } },
{ "type": "Feature", "properties": { "from_id": "356", "population": 355.73934603954183, "gravity_community": 35.844346685867428, "gravity_education": 30.938753085266789, "gravity_essential_services": 66.799010157730962, "gravity_food_and_drink": 323.21702558444412, "gravity_healthcare": 53.872039574460551, "gravity_shelter": 8.8076039737641079, "avg_gravity": 86.579796510255662, "min_tt_community": 13.0, "min_tt_education": 14.0, "min_tt_essential_services": 15.0, "min_tt_food_and_drink": 15.0, "min_tt_healthcare": 15.0, "min_tt_shelter": 7.0, "avg_tt_community": 45.890052356020945, "avg_tt_education": 45.884146341463413, "avg_tt_essential_services": 45.46875, "avg_tt_food_and_drink": 47.3766438716465, "avg_tt_healthcare": 46.230508474576268, "avg_tt_shelter": 42.878048780487802, "avg_tt_all": 45.621358304032491, "n_unreachable_categories": 0, "count_community": 191.0, "count_education": 164.0, "count_essential_services": 353.0, "count_food_and_drink": 1901.0, "count_healthcare": 295.0, "count_shelter": 41.0, "gravity_community_per_100": 10.076014105530847, "gravity_education_per_100": 8.6970287177139589, "gravity_essential_services_per_100": 18.777515307599959, "gravity_food_and_drink_per_100": 90.857823061415672, "gravity_healthcare_per_100": 15.14368319788626, "gravity_shelter_per_100": 2.4758588196159521, "shannon": 1.1650637526683842, "kl_divergence": 0.0043234772136471374, "jsd": 0.033159420436483136, "city_similarity": 0.96684057956351688 }, "geometry": { "type": "Polygon", "coordinates": [ [ [ -3.257577443717008, 55.982551193283442 ], [ -3.253545356655329, 55.978668928856514 ], [ -3.257525738291377, 55.974770054565873 ], [ -3.26553739004713, 55.974753059130748 ], [ -3.269570268418045, 55.978634933037931 ], [ -3.266092421435358, 55.982042650073069 ], [ -3.265827894210815, 55.981941223144524 ], [ -3.26493263244629, 55.981174468994141 ], [ -3.265785455703735, 55.981033325195305 ], [ -3.265799760818481, 55.98088455200196 ], [ -3.263843774795532, 55.98076248168946 ], [ -3.263355493545532, 55.980823516845696 ], [ -3.262976884841919, 55.981262207031243 ], [ -3.260765314102173, 55.982200622558601 ], [ -3.260435342788696, 55.982452392578118 ], [ -3.260436753506005, 55.982545186928775 ], [ -3.257577443717008, 55.982551193283442 ] ] ] } },
{ "type": "Feature", "properties": { "from_id": "357", "population": 1806.421665152317, "gravity_community": 50.087390515695638, "gravity_education": 40.828423963708516, "gravity_essential_services": 85.526326888002899, "gravity_food_and_drink": 432.23306036737767, "gravity_healthcare": 72.448100424730185, "gravity_shelter": 9.916967056615869, "avg_gravity": 115.17337820268847, "min_tt_community": 9.0, "min_tt_education": 13.0, "min_tt_essential_services": 8.0, "min_tt_food_and_drink": 9.0, "min_tt_healthcare": 11.0, "min_tt_shelter": 11.0, "avg_tt_community": 42.303964757709252, "avg_tt_education": 43.092783505154642, "avg_tt_essential_services": 42.700748129675809, "avg_tt_food_and_drink": 43.006603773584906, "avg_tt_healthcare": 44.128851540616246, "avg_tt_shelter": 39.024390243902438, "avg_tt_all": 42.376223658440551, "n_unreachable_categories": 0, "count_community": 227.0, "count_education": 194.0, "count_essential_services": 401.0, "count_food_and_drink": 2121.0, "count_healthcare": 357.0, "count_shelter": 41.0, "gravity_community_per_100": 2.7727407992237674, "gravity_education_per_100": 2.2601823677898523, "gravity_essential_services_per_100": 4.7345715863517022, "gravity_food_and_drink_per_100": 23.927583947069849, "gravity_healthcare_per_100": 4.0105863333199885, "gravity_shelter_per_100": 0.54898406324083104, "shannon": 1.1838495962878508, "kl_divergence": 0.002808181799139275, "jsd": 0.026756672052848218, "city_similarity": 0.97324332794715174 }, "geometry": { "type": "Polygon", "coordinates": [ [ [ -3.233490733097663, 55.974817917117299 ], [ -3.241502409552306, 55.974802483560296 ], [ -3.245532888089814, 55.9786851457145 ], [ -3.241550897929594, 55.98258363172134 ], [ -3.233537612942601, 55.982599069772675 ], [ -3.229507926912608, 55.978716017322121 ], [ -3.233490733097663, 55.974817917117299 ] ] ] } },
{ "type": "Feature", "properties": { "from_id": "358", "population": 904.74296791292272, "gravity_community": 25.314725735895909, "gravity_education": 22.6979799797158, "gravity_essential_services": 51.316829038353831, "gravity_food_and_drink": 247.1707915318394, "gravity_healthcare": 40.939446876220323, "gravity_shelter": 6.799256095695168, "avg_gravity": 65.706504876286729, "min_tt_community": 27.0, "min_tt_education": 17.0, "min_tt_essential_services": 19.0, "min_tt_food_and_drink": 12.0, "min_tt_healthcare": 20.0, "min_tt_shelter": 25.0, "avg_tt_community": 46.993103448275861, "avg_tt_education": 47.613636363636367, "avg_tt_essential_services": 48.349358974358971, "avg_tt_food_and_drink": 49.919254658385093, "avg_tt_healthcare": 48.74308300395257, "avg_tt_shelter": 46.974358974358971, "avg_tt_all": 48.098799237161302, "n_unreachable_categories": 0, "count_community": 145.0, "count_education": 132.0, "count_essential_services": 312.0, "count_food_and_drink": 1611.0, "count_healthcare": 253.0, "count_shelter": 39.0, "gravity_community_per_100": 2.7980019335538326, "gravity_education_per_100": 2.5087766122212485, "gravity_essential_services_per_100": 5.6719787672660678, "gravity_food_and_drink_per_100": 27.31944876034985, "gravity_healthcare_per_100": 4.5249809424504477, "gravity_shelter_per_100": 0.75151245567343983, "shannon": 1.1605651933118686, "kl_divergence": 0.0058551956672947122, "jsd": 0.038798149192326707, "city_similarity": 0.96120185080767329 }, "geometry": { "type": "Polygon", "coordinates": [ [ [ -3.241550897929594, 55.98258363172134 ], [ -3.245532888089814, 55.9786851457145 ], [ -3.253545356655329, 55.978668928856514 ], [ -3.257577443717008, 55.982551193283442 ], [ -3.256769261880489, 55.983342741766606 ], [ -3.256584167480469, 55.983222961425774 ], [ -3.25645899772644, 55.983142852783203 ], [ -3.255674600601197, 55.982978820800767 ], [ -3.255460500717163, 55.982479095458977 ], [ -3.25504732131958, 55.982563018798835 ], [ -3.254818677902221, 55.982437133789062 ], [ -3.254144430160522, 55.982784271240227 ], [ -3.251631259918213, 55.983783721923821 ], [ -3.251141548156738, 55.983890533447266 ], [ -3.25043249130249, 55.984039306640625 ], [ -3.250186443328858, 55.984214782714844 ], [ -3.250301599502564, 55.984455108642578 ], [ -3.249722003936768, 55.984523773193345 ], [ -3.24901270866394, 55.984195709228509 ], [ -3.246896028518676, 55.983974456787109 ], [ -3.246363162994385, 55.984344482421861 ], [ -3.246038436889648, 55.983970642089844 ], [ -3.243684768676758, 55.983745574951172 ], [ -3.242797623651056, 55.983784486340838 ], [ -3.241550897929594, 55.98258363172134 ] ] ] } },
{ "type": "Feature", "properties": { "from_id": "359", "population": 2813.3565911138876, "gravity_community": 15.917335151030217, "gravity_education": 15.179501799303068, "gravity_essential_services": 32.586361494775268, "gravity_food_and_drink": 149.75891078157247, "gravity_healthcare": 24.033879236770574, "gravity_shelter": 4.7332751057857436, "avg_gravity": 40.368210594872885, "min_tt_community": 26.0, "min_tt_education": 23.0, "min_tt_essential_services": 25.0, "min_tt_food_and_drink": 19.0, "min_tt_healthcare": 26.0, "min_tt_shelter": 19.0, "avg_tt_community": 48.868686868686872, "avg_tt_education": 48.936170212765958, "avg_tt_essential_services": 51.397321428571431, "avg_tt_food_and_drink": 53.280575539568346, "avg_tt_healthcare": 50.371069182389938, "avg_tt_shelter": 49.586206896551722, "avg_tt_all": 50.406671688089055, "n_unreachable_categories": 0, "count_community": 99.0, "count_education": 94.0, "count_essential_services": 224.0, "count_food_and_drink": 1113.0, "count_healthcare": 159.0, "count_shelter": 29.0, "gravity_community_per_100": 0.56577737785909654, "gravity_education_per_100": 0.53955129069838503, "gravity_essential_services_per_100": 1.1582734160931019, "gravity_food_and_drink_per_100": 5.3231400262090016, "gravity_healthcare_per_100": 0.85427774469410156, "gravity_shelter_per_100": 0.16824298493607262, "shannon": 1.1594568423514291, "kl_divergence": 0.0067694150229140309, "jsd": 0.041656892292488402, "city_similarity": 0.95834310770751163 }, "geometry": { "type": "Polygon", "coordinates": [ [ [ -3.257577443717008, 55.982551193283442 ], [ -3.260436753506005, 55.982545186928775 ], [ -3.26043963432312, 55.982734680175788 ], [ -3.259735345840455, 55.983108520507812 ], [ -3.259750366210937, 55.983364105224602 ], [ -3.258586883544922, 55.984069824218736 ], [ -3.258048295974731, 55.984588623046875 ], [ -3.256932973861694, 55.98497009277343 ], [ -3.256178855895996, 55.984867095947251 ], [ -3.256990909576416, 55.983486175537109 ], [ -3.256769261880489, 55.983342741766606 ], [ -3.257577443717008, 55.982551193283442 ] ] ] } },
{ "type": "Feature", "properties": { "from_id": "360", "population": 3702.7251599480978, "gravity_community": 33.004787147379652, "gravity_education": 27.672831667268778, "gravity_essential_services": 61.063595306732829, "gravity_food_and_drink": 299.19391437877471, "gravity_healthcare": 48.206666428385233, "gravity_shelter": 7.2571207357581597, "avg_gravity": 79.39981927738323, "min_tt_community": 11.0, "min_tt_education": 20.0, "min_tt_essential_services": 14.0, "min_tt_food_and_drink": 8.0, "min_tt_healthcare": 13.0, "min_tt_shelter": 26.0, "avg_tt_community": 46.158192090395481, "avg_tt_education": 46.844155844155843, "avg_tt_essential_services": 46.304216867469883, "avg_tt_food_and_drink": 48.445295404814004, "avg_tt_healthcare": 47.0, "avg_tt_shelter": 45.4, "avg_tt_all": 46.691976701139197, "n_unreachable_categories": 0, "count_community": 177.0, "count_education": 154.0, "count_essential_services": 333.0, "count_food_and_drink": 1828.0, "count_healthcare": 274.0, "count_shelter": 40.0, "gravity_community_per_100": 0.89136475762198586, "gravity_education_per_100": 0.74736391365479249, "gravity_essential_services_per_100": 1.6491527906864354, "gravity_food_and_drink_per_100": 8.0803705771931664, "gravity_healthcare_per_100": 1.3019239707508012, "gravity_shelter_per_100": 0.19599404282709129, "shannon": 1.1534852321066946, "kl_divergence": 0.0054684827864570689, "jsd": 0.037291296185172899, "city_similarity": 0.96270870381482709 }, "geometry": { "type": "Polygon", "coordinates": [ [ [ -3.229554013853341, 55.986497167211894 ], [ -3.233537612942601, 55.982599069772675 ], [ -3.241550897929594, 55.98258363172134 ], [ -3.242797623651056, 55.983784486340838 ], [ -3.242380142211915, 55.983802795410149 ], [ -3.241657018661499, 55.98414230346679 ], [ -3.241523504257202, 55.983871459960938 ], [ -3.24066710472107, 55.983757019042976 ], [ -3.24044942855835, 55.983818054199205 ], [ -3.24039888381958, 55.98413848876951 ], [ -3.240254163742065, 55.983776092529297 ], [ -3.240144491195679, 55.98395919799804 ], [ -3.240047454833985, 55.983676910400384 ], [ -3.239509344100953, 55.983547210693352 ], [ -3.239108085632324, 55.983680725097656 ], [ -3.23794174194336, 55.984794616699212 ], [ -3.236681699752808, 55.985588073730462 ], [ -3.237145185470581, 55.984798431396484 ], [ -3.236415386199951, 55.984428405761712 ], [ -3.235425710678101, 55.984256744384759 ], [ -3.234399795532226, 55.984367370605462 ], [ -3.233780384063721, 55.98443603515625 ], [ -3.232915401458741, 55.985004425048835 ], [ -3.23149299621582, 55.986446380615234 ], [ -3.230177935166436, 55.987098322021154 ], [ -3.229554013853341, 55.986497167211894 ] ] ] } },
{ "type": "Feature", "properties": { "from_id": "361", "population": 3949.4163872496802, "gravity_community": 63.823189420241313, "gravity_education": 58.067328071458782, "gravity_essential_services": 111.17988113752949, "gravity_food_and_drink": 538.16024604684458, "gravity_healthcare": 93.844979396646721, "gravity_shelter": 12.267670404719647, "avg_gravity": 146.22388241290676, "min_tt_community": 3.0, "min_tt_education": 4.0, "min_tt_essential_services": 4.0, "min_tt_food_and_drink": 12.0, "min_tt_healthcare": 12.0, "min_tt_shelter": 15.0, "avg_tt_community": 40.864963503649633, "avg_tt_education": 42.87822878228782, "avg_tt_essential_services": 39.473118279569896, "avg_tt_food_and_drink": 38.72470172337605, "avg_tt_healthcare": 41.721311475409834, "avg_tt_shelter": 39.137254901960787, "avg_tt_all": 40.466596444375675, "n_unreachable_categories": 0, "count_community": 274.0, "count_education": 271.0, "count_essential_services": 465.0, "count_food_and_drink": 2264.0, "count_healthcare": 427.0, "count_shelter": 51.0, "gravity_community_per_100": 1.6160157137720015, "gravity_education_per_100": 1.4702761719155188, "gravity_essential_services_per_100": 2.8150964658085509, "gravity_food_and_drink_per_100": 13.626323316635954, "gravity_healthcare_per_100": 2.376173342968253, "gravity_shelter_per_100": 0.31061982839603008, "shannon": 1.2502639264283182, "kl_divergence": 0.00027159154942704234, "jsd": 0.008285685634007155, "city_similarity": 0.99171431436599289 }, "geometry": { "type": "Polygon", "coordinates": [ [ [ -3.221450978756597, 55.970949508001659 ], [ -3.229461862695905, 55.97093485752027 ], [ -3.233490733097663, 55.974817917117299 ], [ -3.229507926912608, 55.978716017322121 ], [ -3.221495434829777, 55.978730672069567 ], [ -3.217467357339866, 55.97484722234546 ], [ -3.221450978756597, 55.970949508001659 ] ] ] } },
{ "type": "Feature", "properties": { "from_id": "362", "population": 3677.088658131398, "gravity_community": 46.016013410536772, "gravity_education": 39.865981169071375, "gravity_essential_services": 79.829922787284247, "gravity_food_and_drink": 422.70159210340267, "gravity_healthcare": 68.502219012810542, "gravity_shelter": 9.3014079689059486, "avg_gravity": 111.03618940866859, "min_tt_community": 16.0, "min_tt_education": 15.0, "min_tt_essential_services": 10.0, "min_tt_food_and_drink": 6.0, "min_tt_healthcare": 4.0, "min_tt_shelter": 21.0, "avg_tt_community": 42.542056074766357, "avg_tt_education": 44.494949494949495, "avg_tt_essential_services": 43.300518134715027, "avg_tt_food_and_drink": 43.405755395683457, "avg_tt_healthcare": 44.27893175074184, "avg_tt_shelter": 40.780487804878049, "avg_tt_all": 43.133783109289034, "n_unreachable_categories": 0, "count_community": 214.0, "count_education": 198.0, "count_essential_services": 386.0, "count_food_and_drink": 2086.0, "count_healthcare": 337.0, "count_shelter": 41.0, "gravity_community_per_100": 1.2514251814075359, "gravity_education_per_100": 1.084172422139265, "gravity_essential_services_per_100": 2.1710089206239527, "gravity_food_and_drink_per_100": 11.495550730566523, "gravity_healthcare_per_100": 1.8629471677634668, "gravity_shelter_per_100": 0.25295577109181494, "shannon": 1.1767668600989858, "kl_divergence": 0.0029631042439018243, "jsd": 0.027375001247874963, "city_similarity": 0.97262499875212505 }, "geometry": { "type": "Polygon", "coordinates": [ [ [ -3.197418284163897, 55.970990336117538 ], [ -3.205429189226337, 55.970977247301278 ], [ -3.209455658565397, 55.974861094014535 ], [ -3.205470428997817, 55.978758419446571 ], [ -3.197457915777558, 55.978771512074168 ], [ -3.193432240547045, 55.974887275457768 ], [ -3.197418284163897, 55.970990336117538 ] ] ] } },
{ "type": "Feature", "properties": { "from_id": "363", "population": 2652.7711527014567, "gravity_community": 50.442862455871243, "gravity_education": 41.392535266385316, "gravity_essential_services": 84.939427106922295, "gravity_food_and_drink": 437.20997908127458, "gravity_healthcare": 73.032998487110376, "gravity_shelter": 9.8454874083283332, "avg_gravity": 116.14388163431535, "min_tt_community": 4.0, "min_tt_education": 15.0, "min_tt_essential_services": 8.0, "min_tt_food_and_drink": 4.0, "min_tt_healthcare": 4.0, "min_tt_shelter": 19.0, "avg_tt_community": 41.897777777777776, "avg_tt_education": 43.05641025641026, "avg_tt_essential_services": 42.691729323308273, "avg_tt_food_and_drink": 42.783656117146904, "avg_tt_healthcare": 43.878531073446325, "avg_tt_shelter": 39.073170731707314, "avg_tt_all": 42.230212546632806, "n_unreachable_categories": 0, "count_community": 225.0, "count_education": 195.0, "count_essential_services": 399.0, "count_food_and_drink": 2118.0, "count_healthcare": 354.0, "count_shelter": 41.0, "gravity_community_per_100": 1.9015157943233292, "gravity_education_per_100": 1.5603507759888415, "gravity_essential_services_per_100": 3.2019131020941631, "gravity_food_and_drink_per_100": 16.481255031593683, "gravity_healthcare_per_100": 2.7530832583405105, "gravity_shelter_per_100": 0.37113971924423839, "shannon": 1.1825865359296344, "kl_divergence": 0.0028121944700334853, "jsd": 0.026753877912745493, "city_similarity": 0.97324612208725447 }, "geometry": { "type": "Polygon", "coordinates": [ [ [ -3.205470428997817, 55.978758419446571 ], [ -3.209455658565397, 55.974861094014535 ], [ -3.217467357339866, 55.97484722234546 ], [ -3.221495434829777, 55.978730672069567 ], [ -3.217511020104639, 55.982628383534646 ], [ -3.216603745561842, 55.982629980700445 ], [ -3.216777086257935, 55.981510162353509 ], [ -3.216033458709716, 55.981407165527337 ], [ -3.213747501373291, 55.981800079345696 ], [ -3.212226629257202, 55.981498718261712 ], [ -3.211070537567139, 55.981430053710938 ], [ -3.209498167037963, 55.981376647949212 ], [ -3.208676815032959, 55.981506347656243 ], [ -3.208304142593601, 55.981491296957465 ], [ -3.205470428997817, 55.978758419446571 ] ] ] } },
{ "type": "Feature", "properties": { "from_id": "364", "population": 511.36975906295652, "gravity_community": 57.538246076514518, "gravity_education": 48.697042851593046, "gravity_essential_services": 101.6498094007687, "gravity_food_and_drink": 523.46652878891962, "gravity_healthcare": 87.938633153974592, "gravity_shelter": 13.283735009344914, "avg_gravity": 138.76233254685258, "min_tt_community": 7.0, "min_tt_education": 9.0, "min_tt_essential_services": 4.0, "min_tt_food_and_drink": 2.0, "min_tt_healthcare": 8.0, "min_tt_shelter": 4.0, "avg_tt_community": 41.370517928286851, "avg_tt_education": 43.391304347826086, "avg_tt_essential_services": 41.594654788418708, "avg_tt_food_and_drink": 40.384547069271761, "avg_tt_healthcare": 43.214285714285715, "avg_tt_shelter": 39.196078431372548, "avg_tt_all": 41.525231379910281, "n_unreachable_categories": 0, "count_community": 251.0, "count_education": 230.0, "count_essential_services": 449.0, "count_food_and_drink": 2253.0, "count_healthcare": 406.0, "count_shelter": 51.0, "gravity_community_per_100": 11.251788956380345, "gravity_education_per_100": 9.5228632488605545, "gravity_essential_services_per_100": 19.877946945285483, "gravity_food_and_drink_per_100": 102.36556220065289, "gravity_healthcare_per_100": 17.196682360551588, "gravity_shelter_per_100": 2.5976770768936901, "shannon": 1.2184194243261679, "kl_divergence": 0.00089182091758368306, "jsd": 0.015022885583703271, "city_similarity": 0.98497711441629676 }, "geometry": { "type": "Polygon", "coordinates": [ [ [ -3.185420521831856, 55.974899585230098 ], [ -3.193432240547045, 55.974887275457768 ], [ -3.197457915777558, 55.978771512074168 ], [ -3.193471077655593, 55.982668448310662 ], [ -3.18545775037945, 55.982680761667659 ], [ -3.181432870050664, 55.978796135202913 ], [ -3.185420521831856, 55.974899585230098 ] ] ] } },
{ "type": "Feature", "properties": { "from_id": "365", "population": 2318.7207140572013, "gravity_community": 47.014918466601692, "gravity_education": 40.333822692793852, "gravity_essential_services": 81.513118778177912, "gravity_food_and_drink": 433.12523421338733, "gravity_healthcare": 69.662166849957345, "gravity_shelter": 10.168441342544806, "avg_gravity": 113.63628372391048, "min_tt_community": 6.0, "min_tt_education": 14.0, "min_tt_essential_services": 10.0, "min_tt_food_and_drink": 3.0, "min_tt_healthcare": 11.0, "min_tt_shelter": 13.0, "avg_tt_community": 42.213953488372091, "avg_tt_education": 44.462686567164177, "avg_tt_essential_services": 43.048843187660665, "avg_tt_food_and_drink": 43.055449330783937, "avg_tt_healthcare": 44.03235294117647, "avg_tt_shelter": 40.441860465116278, "avg_tt_all": 42.875857663378945, "n_unreachable_categories": 0, "count_community": 215.0, "count_education": 201.0, "count_essential_services": 389.0, "count_food_and_drink": 2093.0, "count_healthcare": 340.0, "count_shelter": 43.0, "gravity_community_per_100": 2.0276231708965478, "gravity_education_per_100": 1.7394860212474403, "gravity_essential_services_per_100": 3.5154349673941385, "gravity_food_and_drink_per_100": 18.679491306890633, "gravity_healthcare_per_100": 3.0043362457423934, "gravity_shelter_per_100": 0.43853670176398646, "shannon": 1.1809765959230829, "kl_divergence": 0.0026568337055385624, "jsd": 0.025901104758994719, "city_similarity": 0.97409889524100524 }, "geometry": { "type": "Polygon", "coordinates": [ [ [ -3.193471077655593, 55.982668448310662 ], [ -3.197457915777558, 55.978771512074168 ], [ -3.205470428997817, 55.978758419446571 ], [ -3.208304142593601, 55.981491296957465 ], [ -3.201314449310302, 55.981208801269524 ], [ -3.19738245010376, 55.981555938720696 ], [ -3.196414232254029, 55.98248291015625 ], [ -3.196799039840699, 55.983783721923828 ], [ -3.196547508239746, 55.984512329101548 ], [ -3.196132183074951, 55.984924316406236 ], [ -3.195905342463227, 55.985016817590868 ], [ -3.193471077655593, 55.982668448310662 ] ] ] } },
{ "type": "Feature", "properties": { "from_id": "366", "population": 725.35760377180702, "gravity_community": 49.345864806072093, "gravity_education": 40.441897145805626, "gravity_essential_services": 83.974365594470356, "gravity_food_and_drink": 427.9091611050348, "gravity_healthcare": 70.659580240446672, "gravity_shelter": 9.7600902435990555, "avg_gravity": 113.68182652257143, "min_tt_community": 5.0, "min_tt_education": 14.0, "min_tt_essential_services": 5.0, "min_tt_food_and_drink": 6.0, "min_tt_healthcare": 12.0, "min_tt_shelter": 20.0, "avg_tt_community": 42.153153153153156, "avg_tt_education": 43.427835051546388, "avg_tt_essential_services": 42.835858585858588, "avg_tt_food_and_drink": 43.148956356736242, "avg_tt_healthcare": 43.916184971098268, "avg_tt_shelter": 39.268292682926827, "avg_tt_all": 42.458380133553241, "n_unreachable_categories": 0, "count_community": 222.0, "count_education": 194.0, "count_essential_services": 396.0, "count_food_and_drink": 2108.0, "count_healthcare": 346.0, "count_shelter": 41.0, "gravity_community_per_100": 6.8029706381345108, "gravity_education_per_100": 5.5754426417412173, "gravity_essential_services_per_100": 11.576960820126478, "gravity_food_and_drink_per_100": 58.992855231673062, "gravity_healthcare_per_100": 9.7413441139959058, "gravity_shelter_per_100": 1.3455556532181221, "shannon": 1.1794875424751616, "kl_divergence": 0.0029476024690256774, "jsd": 0.027367149037467196, "city_similarity": 0.97263285096253282 }, "geometry": { "type": "Polygon", "coordinates": [ [ [ -3.221495434829777, 55.978730672069567 ], [ -3.229507926912608, 55.978716017322121 ], [ -3.233537612942601, 55.982599069772675 ], [ -3.229554013853341, 55.986497167211894 ], [ -3.221539912833688, 55.986511826227108 ], [ -3.217511020104639, 55.982628383534646 ], [ -3.221495434829777, 55.978730672069567 ] ] ] } },
{ "type": "Feature", "properties": { "from_id": "367", "population": 14.229291105389619, "gravity_community": 36.073539510336921, "gravity_education": 29.451695652456191, "gravity_essential_services": 62.489473491081391, "gravity_food_and_drink": 329.77290671842457, "gravity_healthcare": 51.352910622624591, "gravity_shelter": 7.2246461563063766, "avg_gravity": 86.060862025204997, "min_tt_community": 19.0, "min_tt_education": 26.0, "min_tt_essential_services": 18.0, "min_tt_food_and_drink": 17.0, "min_tt_healthcare": 19.0, "min_tt_shelter": 32.0, "avg_tt_community": 44.842391304347828, "avg_tt_education": 46.298780487804876, "avg_tt_essential_services": 46.471590909090907, "avg_tt_food_and_drink": 47.34288638689867, "avg_tt_healthcare": 46.572916666666664, "avg_tt_shelter": 43.351351351351354, "avg_tt_all": 45.81331951769338, "n_unreachable_categories": 0, "count_community": 185.0, "count_education": 164.0, "count_essential_services": 352.0, "count_food_and_drink": 1954.0, "count_healthcare": 288.0, "count_shelter": 37.0, "gravity_community_per_100": 253.51606937518744, "gravity_education_per_100": 206.97935992960882, "gravity_essential_services_per_100": 439.16083400256178, "gravity_food_and_drink_per_100": 2317.5638496391202, "gravity_healthcare_per_100": 360.89577648161043, "gravity_shelter_per_100": 50.773057510713961, "shannon": 1.1414989879239394, "kl_divergence": 0.0063720458901307068, "jsd": 0.040249496904276337, "city_similarity": 0.95975050309572363 }, "geometry": { "type": "Polygon", "coordinates": [ [ [ -3.217511020104639, 55.982628383534646 ], [ -3.221539912833688, 55.986511826227108 ], [ -3.220069680269526, 55.987949884563946 ], [ -3.2193284034729, 55.987823486328125 ], [ -3.216164112091064, 55.985469818115227 ], [ -3.216603745561842, 55.982629980700445 ], [ -3.217511020104639, 55.982628383534646 ] ] ] } },
{ "type": "Feature", "properties": { "from_id": "368", "population": 153.72269767479514, "gravity_community": 43.833053057356437, "gravity_education": 37.109074466069842, "gravity_essential_services": 76.621104137324281, "gravity_food_and_drink": 412.58414912183804, "gravity_healthcare": 64.359585501546007, "gravity_shelter": 9.3503089871584137, "avg_gravity": 107.30954587854883, "min_tt_community": 14.0, "min_tt_education": 10.0, "min_tt_essential_services": 15.0, "min_tt_food_and_drink": 1.0, "min_tt_healthcare": 22.0, "min_tt_shelter": 16.0, "avg_tt_community": 43.316037735849058, "avg_tt_education": 45.695431472081218, "avg_tt_essential_services": 43.805774278215225, "avg_tt_food_and_drink": 43.845485272815068, "avg_tt_healthcare": 45.168168168168165, "avg_tt_shelter": 41.904761904761905, "avg_tt_all": 43.955943138648443, "n_unreachable_categories": 0, "count_community": 212.0, "count_education": 197.0, "count_essential_services": 381.0, "count_food_and_drink": 2072.0, "count_healthcare": 333.0, "count_shelter": 42.0, "gravity_community_per_100": 28.514366271457547, "gravity_education_per_100": 24.140270127561237, "gravity_essential_services_per_100": 49.843715532119056, "gravity_food_and_drink_per_100": 268.39507461329612, "gravity_healthcare_per_100": 41.867327645850054, "gravity_shelter_per_100": 6.0825819014308902, "shannon": 1.1766135065605485, "kl_divergence": 0.0029720308022796842, "jsd": 0.027396127118268342, "city_similarity": 0.97260387288173167 }, "geometry": { "type": "Polygon", "coordinates": [ [ [ -3.181469303299828, 55.986577308424742 ], [ -3.18545775037945, 55.982680761667659 ], [ -3.193471077655593, 55.982668448310662 ], [ -3.195905342463227, 55.985016817590868 ], [ -3.184931993484497, 55.989490509033196 ], [ -3.184836626052857, 55.989513397216797 ], [ -3.184731717755465, 55.989725466826705 ], [ -3.181469303299828, 55.986577308424742 ] ] ] } },
{ "type": "Feature", "properties": { "from_id": "369", "population": 3127.7963004995718, "gravity_community": 23.324345748452206, "gravity_education": 20.271619473723607, "gravity_essential_services": 47.252231707056822, "gravity_food_and_drink": 226.00660095143908, "gravity_healthcare": 37.013672472741696, "gravity_shelter": 5.9127075083362515, "avg_gravity": 59.963529643624952, "min_tt_community": 22.0, "min_tt_education": 31.0, "min_tt_essential_services": 22.0, "min_tt_food_and_drink": 23.0, "min_tt_healthcare": 24.0, "min_tt_shelter": 34.0, "avg_tt_community": 47.594202898550726, "avg_tt_education": 48.8503937007874, "avg_tt_essential_services": 49.400662251655632, "avg_tt_food_and_drink": 50.620825147347738, "avg_tt_healthcare": 49.320675105485229, "avg_tt_shelter": 49.157894736842103, "avg_tt_all": 49.157442306778137, "n_unreachable_categories": 0, "count_community": 138.0, "count_education": 127.0, "count_essential_services": 302.0, "count_food_and_drink": 1528.0, "count_healthcare": 237.0, "count_shelter": 38.0, "gravity_community_per_100": 0.74571178899108115, "gravity_education_per_100": 0.64811188217358728, "gravity_essential_services_per_100": 1.5107195983162232, "gravity_food_and_drink_per_100": 7.2257455165907478, "gravity_healthcare_per_100": 1.1833786128217452, "gravity_shelter_per_100": 0.18903748646904767, "shannon": 1.1644255181052046, "kl_divergence": 0.0056769924758323445, "jsd": 0.038190978229497768, "city_similarity": 0.9618090217705022 }, "geometry": { "type": "Polygon", "coordinates": [ [ [ -3.221539912833688, 55.986511826227108 ], [ -3.229554013853341, 55.986497167211894 ], [ -3.230177935166436, 55.987098322021154 ], [ -3.229923248291015, 55.987224578857415 ], [ -3.220827341079711, 55.988079071044915 ], [ -3.220069680269526, 55.987949884563946 ], [ -3.221539912833688, 55.986511826227108 ] ] ] } },
{ "type": "Feature", "properties": { "from_id": "370", "population": 2194.0970609328488, "gravity_community": 35.19137509802664, "gravity_education": 30.24484267029996, "gravity_essential_services": 64.076571230515256, "gravity_food_and_drink": 308.54145342968559, "gravity_healthcare": 53.671190883629563, "gravity_shelter": 8.1667321602197482, "avg_gravity": 83.315360912062786, "min_tt_community": 18.0, "min_tt_education": 22.0, "min_tt_essential_services": 18.0, "min_tt_food_and_drink": 12.0, "min_tt_healthcare": 19.0, "min_tt_shelter": 15.0, "avg_tt_community": 47.140703517587937, "avg_tt_education": 46.805882352941175, "avg_tt_essential_services": 46.588397790055247, "avg_tt_food_and_drink": 48.268292682926827, "avg_tt_healthcare": 46.852842809364546, "avg_tt_shelter": 44.595238095238095, "avg_tt_all": 46.708559541352308, "n_unreachable_categories": 0, "count_community": 199.0, "count_education": 170.0, "count_essential_services": 362.0, "count_food_and_drink": 1886.0, "count_healthcare": 300.0, "count_shelter": 42.0, "gravity_community_per_100": 1.6039115007548743, "gravity_education_per_100": 1.378464207843247, "gravity_essential_services_per_100": 2.9204073225125358, "gravity_food_and_drink_per_100": 14.062342952982455, "gravity_healthcare_per_100": 2.4461630180029759, "gravity_shelter_per_100": 0.37221380519727582, "shannon": 1.1822112301334746, "kl_divergence": 0.0029605643833008751, "jsd": 0.027429998591971066, "city_similarity": 0.97257000140802896 }, "geometry": { "type": "Polygon", "coordinates": [ [ [ -3.269516163564137, 55.970853796840018 ], [ -3.277526998122382, 55.970836023057316 ], [ -3.281560667009394, 55.974717506390682 ], [ -3.277582711086395, 55.978617154079721 ], [ -3.269570268418045, 55.978634933037931 ], [ -3.26553739004713, 55.974753059130748 ], [ -3.269516163564137, 55.970853796840018 ] ] ] } },
{ "type": "Feature", "properties": { "from_id": "371", "population": 1625.0366409091916, "gravity_community": 0.75125634850199996, "gravity_education": 1.6781304901475553, "gravity_essential_services": 1.5354992748006664, "gravity_food_and_drink": 4.4991881693429026, "gravity_healthcare": 1.0623304332051839, "gravity_shelter": 0.0, "avg_gravity": 1.5877341193330512, "min_tt_community": 48.0, "min_tt_education": 50.0, "min_tt_essential_services": 43.0, "min_tt_food_and_drink": 28.0, "min_tt_healthcare": 43.0, "min_tt_shelter": null, "avg_tt_community": 54.333333333333336, "avg_tt_education": 53.46153846153846, "avg_tt_essential_services": 51.727272727272727, "avg_tt_food_and_drink": 52.32, "avg_tt_healthcare": 53.0, "avg_tt_shelter": null, "avg_tt_all": 52.968428904428905, "n_unreachable_categories": 1, "count_community": 6.0, "count_education": 13.0, "count_essential_services": 11.0, "count_food_and_drink": 26.0, "count_healthcare": 8.0, "count_shelter": 0.0, "gravity_community_per_100": 0.046230117499484788, "gravity_education_per_100": 0.10326724012873077, "gravity_essential_services_per_100": 0.094490132477355701, "gravity_food_and_drink_per_100": 0.27686687524938836, "gravity_healthcare_per_100": 0.065372706464687513, "gravity_shelter_per_100": 0.0, "shannon": 1.4742301362645529, "kl_divergence": 0.14474113894036769, "jsd": 0.18552795203973615, "city_similarity": 0.81447204796026385 }, "geometry": { "type": "Polygon", "coordinates": [ [ [ -3.305595512114711, 55.974660272625137 ], [ -3.313607107335683, 55.974640153467206 ], [ -3.317644781721267, 55.978520448850972 ], [ -3.313670072239961, 55.982421254357163 ], [ -3.305656868541619, 55.982441379373846 ], [ -3.301619983066366, 55.978560693024662 ], [ -3.305595512114711, 55.974660272625137 ] ] ] } },
{ "type": "Feature", "properties": { "from_id": "372", "population": 3241.2019012048559, "gravity_community": 13.552022923640669, "gravity_education": 14.411725213326317, "gravity_essential_services": 28.731694776575981, "gravity_food_and_drink": 118.02245222061408, "gravity_healthcare": 21.949237457714247, "gravity_shelter": 3.9330590510374002, "avg_gravity": 33.433365273818119, "min_tt_community": 21.0, "min_tt_education": 20.0, "min_tt_essential_services": 17.0, "min_tt_food_and_drink": 8.0, "min_tt_healthcare": 22.0, "min_tt_shelter": 21.0, "avg_tt_community": 48.75, "avg_tt_education": 49.166666666666664, "avg_tt_essential_services": 51.340101522842637, "avg_tt_food_and_drink": 53.183486238532112, "avg_tt_healthcare": 50.18181818181818, "avg_tt_shelter": 49.416666666666664, "avg_tt_all": 50.339789879421041, "n_unreachable_categories": 0, "count_community": 84.0, "count_education": 90.0, "count_essential_services": 197.0, "count_food_and_drink": 873.0, "count_healthcare": 143.0, "count_shelter": 24.0, "gravity_community_per_100": 0.41811720888485715, "gravity_education_per_100": 0.44464139083619036, "gravity_essential_services_per_100": 0.88645186731179915, "gravity_food_and_drink_per_100": 3.6413175056062217, "gravity_healthcare_per_100": 0.67719439043754204, "gravity_shelter_per_100": 0.12134569739624548, "shannon": 1.2167439383062375, "kl_divergence": 0.0028586066814540647, "jsd": 0.026927198573320519, "city_similarity": 0.97307280142667951 }, "geometry": { "type": "Polygon", "coordinates": [ [ [ -3.281560667009394, 55.974717506390682 ], [ -3.28957229168724, 55.97469894908825 ], [ -3.293607568674975, 55.978580034071776 ], [ -3.289630431139112, 55.982480067099651 ], [ -3.281617197963959, 55.982498629806031 ], [ -3.277582711086395, 55.978617154079721 ], [ -3.281560667009394, 55.974717506390682 ] ] ] } },
{ "type": "Feature", "properties": { "from_id": "373", "population": 790.59919703776495, "gravity_community": 13.373442479222925, "gravity_education": 14.053014334710548, "gravity_essential_services": 28.295985384688851, "gravity_food_and_drink": 117.79355385817293, "gravity_healthcare": 21.307644095574695, "gravity_shelter": 4.2083746934825097, "avg_gravity": 33.172002474308741, "min_tt_community": 30.0, "min_tt_education": 31.0, "min_tt_essential_services": 30.0, "min_tt_food_and_drink": 8.0, "min_tt_healthcare": 31.0, "min_tt_shelter": 14.0, "avg_tt_community": 48.94047619047619, "avg_tt_education": 49.611111111111114, "avg_tt_essential_services": 51.474489795918366, "avg_tt_food_and_drink": 53.166475315729045, "avg_tt_healthcare": 50.354609929078016, "avg_tt_shelter": 48.833333333333336, "avg_tt_all": 50.396749279274339, "n_unreachable_categories": 0, "count_community": 84.0, "count_education": 90.0, "count_essential_services": 196.0, "count_food_and_drink": 872.0, "count_healthcare": 141.0, "count_shelter": 24.0, "gravity_community_per_100": 1.6915578120153478, "gravity_education_per_100": 1.7775143697798712, "gravity_essential_services_per_100": 3.5790556695110358, "gravity_food_and_drink_per_100": 14.899275675908157, "gravity_healthcare_per_100": 2.6951259469286915, "gravity_shelter_per_100": 0.5323019185006187, "shannon": 1.2152002969283751, "kl_divergence": 0.0028985157826091528, "jsd": 0.027112867912896497, "city_similarity": 0.97288713208710353 }, "geometry": { "type": "Polygon", "coordinates": [ [ [ -3.269570268418045, 55.978634933037931 ], [ -3.277582711086395, 55.978617154079721 ], [ -3.281617197963959, 55.982498629806031 ], [ -3.277952602007873, 55.98609040353432 ], [ -3.27510929107666, 55.984661102294929 ], [ -3.2753746509552, 55.984642028808587 ], [ -3.275194644927979, 55.984527587890625 ], [ -3.273133993148804, 55.983627319335945 ], [ -3.271719694137573, 55.983207702636712 ], [ -3.271699666976929, 55.982646942138665 ], [ -3.271306514739991, 55.98234558105468 ], [ -3.271080493927002, 55.982292175292969 ], [ -3.27153491973877, 55.982612609863281 ], [ -3.271472692489624, 55.983013153076172 ], [ -3.271351099014282, 55.983043670654297 ], [ -3.270804882049561, 55.983173370361321 ], [ -3.270045518875122, 55.982646942138665 ], [ -3.268561601638794, 55.982364654541009 ], [ -3.266673564910889, 55.982265472412102 ], [ -3.266092421435358, 55.982042650073069 ], [ -3.269570268418045, 55.978634933037931 ] ] ] } },
{ "type": "Feature", "properties": { "from_id": "374", "population": 1938.2384983795018, "gravity_community": 2.8289961748674242, "gravity_education": 3.4545526469774215, "gravity_essential_services": 4.3421030623458803, "gravity_food_and_drink": 14.861732133574264, "gravity_healthcare": 4.8410851635827852, "gravity_shelter": 0.41466431469719112, "avg_gravity": 5.1238555826741612, "min_tt_community": 11.0, "min_tt_education": 12.0, "min_tt_essential_services": 7.0, "min_tt_food_and_drink": 6.0, "min_tt_healthcare": 15.0, "min_tt_shelter": 41.0, "avg_tt_community": 50.176470588235297, "avg_tt_education": 50.428571428571431, "avg_tt_essential_services": 52.724137931034484, "avg_tt_food_and_drink": 52.789473684210527, "avg_tt_healthcare": 49.586206896551722, "avg_tt_shelter": 41.0, "avg_tt_all": 49.450810088100575, "n_unreachable_categories": 0, "count_community": 17.0, "count_education": 21.0, "count_essential_services": 29.0, "count_food_and_drink": 96.0, "count_healthcare": 29.0, "count_shelter": 2.0, "gravity_community_per_100": 0.1459570727355099, "gravity_education_per_100": 0.17823155663586604, "gravity_essential_services_per_100": 0.22402315638535564, "gravity_food_and_drink_per_100": 0.76676488192756853, "gravity_healthcare_per_100": 0.24976725865419858, "gravity_shelter_per_100": 0.021393874646689688, "shannon": 1.4175154952886317, "kl_divergence": 0.029901848083270309, "jsd": 0.085538628451280574, "city_similarity": 0.91446137154871943 }, "geometry": { "type": "Polygon", "coordinates": [ [ [ -3.293607568674975, 55.978580034071776 ], [ -3.301619983066366, 55.978560693024662 ], [ -3.305656868541619, 55.982441379373846 ], [ -3.301680550186277, 55.986341797680922 ], [ -3.293666526910656, 55.986361144360515 ], [ -3.289630431139112, 55.982480067099651 ], [ -3.293607568674975, 55.978580034071776 ] ] ] } },
{ "type": "Feature", "properties": { "from_id": "375", "population": 27.370324012843554, "gravity_community": 0.0, "gravity_education": 0.0, "gravity_essential_services": 1.0, "gravity_food_and_drink": 0.16468978654828684, "gravity_healthcare": 0.0, "gravity_shelter": 0.0, "avg_gravity": 0.19411496442471446, "min_tt_community": null, "min_tt_education": null, "min_tt_essential_services": null, "min_tt_food_and_drink": 47.0, "min_tt_healthcare": null, "min_tt_shelter": null, "avg_tt_community": null, "avg_tt_education": null, "avg_tt_essential_services": null, "avg_tt_food_and_drink": 47.0, "avg_tt_healthcare": null, "avg_tt_shelter": null, "avg_tt_all": 47.0, "n_unreachable_categories": 5, "count_community": 0.0, "count_education": 0.0, "count_essential_services": 1.0, "count_food_and_drink": 1.0, "count_healthcare": 0.0, "count_shelter": 0.0, "gravity_community_per_100": 0.0, "gravity_education_per_100": 0.0, "gravity_essential_services_per_100": 3.6535921150613668, "gravity_food_and_drink_per_100": 0.60170930556396029, "gravity_healthcare_per_100": 0.0, "gravity_shelter_per_100": 0.0, "shannon": 0.6931471897089152, "kl_divergence": 0.59187855774786657, "jsd": 0.3939532337260972, "city_similarity": 0.60604676627390286 }, "geometry": { "type": "Polygon", "coordinates": [ [ [ -3.305656868541619, 55.982441379373846 ], [ -3.313670072239961, 55.982421254357163 ], [ -3.317708566589248, 55.986301541787391 ], [ -3.313733068208076, 55.990202345313961 ], [ -3.305718255238855, 55.990222476191754 ], [ -3.301680550186277, 55.986341797680922 ], [ -3.305656868541619, 55.982441379373846 ] ] ] } },
{ "type": "Feature", "properties": { "from_id": "376", "population": 255.90347032838102, "gravity_community": 0.25118864315095801, "gravity_education": 0.37766718716826297, "gravity_essential_services": 0.30432198871077215, "gravity_food_and_drink": 1.744579616509397, "gravity_healthcare": 0.42339834535372189, "gravity_shelter": 0.0, "avg_gravity": 0.51685929681551868, "min_tt_community": 36.0, "min_tt_education": 37.0, "min_tt_essential_services": 31.0, "min_tt_food_and_drink": 31.0, "min_tt_healthcare": 39.0, "min_tt_shelter": null, "avg_tt_community": 36.0, "avg_tt_education": 44.5, "avg_tt_essential_services": 31.0, "avg_tt_food_and_drink": 38.0, "avg_tt_healthcare": 40.5, "avg_tt_shelter": null, "avg_tt_all": 38.0, "n_unreachable_categories": 1, "count_community": 1.0, "count_education": 2.0, "count_essential_services": 1.0, "count_food_and_drink": 4.0, "count_healthcare": 2.0, "count_shelter": 0.0, "gravity_community_per_100": 0.098157575912756159, "gravity_education_per_100": 0.14758189354901363, "gravity_essential_services_per_100": 0.11892061812223938, "gravity_food_and_drink_per_100": 0.68173347327830824, "gravity_healthcare_per_100": 0.16545236561677248, "gravity_shelter_per_100": 0.0, "shannon": 1.4708084789987301, "kl_divergence": 0.17051005286229029, "jsd": 0.2011100395423743, "city_similarity": 0.79888996045762573 }, "geometry": { "type": "Polygon", "coordinates": [ [ [ -3.281617197963959, 55.982498629806031 ], [ -3.289630431139112, 55.982480067099651 ], [ -3.293666526910656, 55.986361144360515 ], [ -3.289688599274279, 55.990261175184756 ], [ -3.28391581903733, 55.990274601557523 ], [ -3.282777309417724, 55.98945236206054 ], [ -3.283036470413208, 55.989387512207024 ], [ -3.283721208572388, 55.989540100097656 ], [ -3.283377885818482, 55.989048004150384 ], [ -3.28228759765625, 55.988651275634766 ], [ -3.281754493713379, 55.988189697265625 ], [ -3.281533479690552, 55.98834228515625 ], [ -3.280186653137207, 55.987751007080085 ], [ -3.280266284942627, 55.987586975097663 ], [ -3.279798269271851, 55.987400054931626 ], [ -3.279389381408691, 55.986812591552741 ], [ -3.277952602007873, 55.98609040353432 ], [ -3.281617197963959, 55.982498629806031 ] ] ] } },
{ "type": "Feature", "properties": { "from_id": "377", "population": 1.4078527278119377, "gravity_community": 0.27122725793320285, "gravity_education": 0.40779564833046067, "gravity_essential_services": 0.32859932476006548, "gravity_food_and_drink": 1.7984524039824064, "gravity_healthcare": 0.44807397571855101, "gravity_shelter": 0.0, "avg_gravity": 0.54235810178744781, "min_tt_community": 34.0, "min_tt_education": 35.0, "min_tt_essential_services": 29.0, "min_tt_food_and_drink": 29.0, "min_tt_healthcare": 38.0, "min_tt_shelter": null, "avg_tt_community": 34.0, "avg_tt_education": 42.5, "avg_tt_essential_services": 29.0, "avg_tt_food_and_drink": 36.333333333333336, "avg_tt_healthcare": 39.0, "avg_tt_shelter": null, "avg_tt_all": 36.166666666666671, "n_unreachable_categories": 1, "count_community": 1.0, "count_education": 2.0, "count_essential_services": 1.0, "count_food_and_drink": 4.0, "count_healthcare": 2.0, "count_shelter": 0.0, "gravity_community_per_100": 19.265314657928741, "gravity_education_per_100": 28.965788841013946, "gravity_essential_services_per_100": 23.340461560263432, "gravity_food_and_drink_per_100": 127.74435624225642, "gravity_healthcare_per_100": 31.826764750808877, "gravity_shelter_per_100": 0.0, "shannon": 1.4708084789987301, "kl_divergence": 0.17051005286229029, "jsd": 0.2011100395423743, "city_similarity": 0.79888996045762573 }, "geometry": { "type": "Polygon", "coordinates": [ [ [ -3.293666526910656, 55.986361144360515 ], [ -3.301680550186277, 55.986341797680922 ], [ -3.305718255238855, 55.990222476191754 ], [ -3.301741147189871, 55.994122892408079 ], [ -3.293725514236232, 55.994142244722411 ], [ -3.289688599274279, 55.990261175184756 ], [ -3.293666526910656, 55.986361144360515 ] ] ] } },
{ "type": "Feature", "properties": { "from_id": "378", "population": 1242.8443952802911, "gravity_community": 0.10797751623277096, "gravity_education": 0.10391223038351691, "gravity_essential_services": 1.1308177474260195, "gravity_food_and_drink": 0.26163549485203891, "gravity_healthcare": 0.0, "gravity_shelter": 0.0, "avg_gravity": 0.26739049814905774, "min_tt_community": 58.0, "min_tt_education": 59.0, "min_tt_essential_services": 53.0, "min_tt_food_and_drink": 53.0, "min_tt_healthcare": null, "min_tt_shelter": null, "avg_tt_community": 58.0, "avg_tt_education": 59.0, "avg_tt_essential_services": 53.0, "avg_tt_food_and_drink": 53.0, "avg_tt_healthcare": null, "avg_tt_shelter": null, "avg_tt_all": 55.75, "n_unreachable_categories": 2, "count_community": 1.0, "count_education": 1.0, "count_essential_services": 2.0, "count_food_and_drink": 2.0, "count_healthcare": 0.0, "count_shelter": 0.0, "gravity_community_per_100": 0.0086879352429649441, "gravity_education_per_100": 0.0083608399231733434, "gravity_essential_services_per_100": 0.090986269216026275, "gravity_food_and_drink_per_100": 0.02105134768645224, "gravity_healthcare_per_100": 0.0, "gravity_shelter_per_100": 0.0, "shannon": 1.3296613536380024, "kl_divergence": 0.40431503004980429, "jsd": 0.32655419881582332, "city_similarity": 0.67344580118417663 }, "geometry": { "type": "Polygon", "coordinates": [ [ [ -3.305718255238855, 55.990222476191754 ], [ -3.313733068208076, 55.990202345313961 ], [ -3.317772382928464, 55.994082624790018 ], [ -3.313796095261056, 55.997983426338699 ], [ -3.305779672226913, 55.998003563079919 ], [ -3.301741147189871, 55.994122892408079 ], [ -3.305718255238855, 55.990222476191754 ] ] ] } },
{ "type": "Feature", "properties": { "from_id": "379", "population": 116.65792658614298, "gravity_community": 0.27122725793320285, "gravity_education": 0.41353801722215566, "gravity_essential_services": 1.3285993247600656, "gravity_food_and_drink": 0.80397857628233793, "gravity_healthcare": 0.45717501708359876, "gravity_shelter": 0.0, "avg_gravity": 0.5457530322135602, "min_tt_community": 34.0, "min_tt_education": 35.0, "min_tt_essential_services": 29.0, "min_tt_food_and_drink": 29.0, "min_tt_healthcare": 37.0, "min_tt_shelter": null, "avg_tt_community": 34.0, "avg_tt_education": 42.0, "avg_tt_essential_services": 29.0, "avg_tt_food_and_drink": 36.0, "avg_tt_healthcare": 38.5, "avg_tt_shelter": null, "avg_tt_all": 35.9, "n_unreachable_categories": 1, "count_community": 1.0, "count_education": 2.0, "count_essential_services": 2.0, "count_food_and_drink": 3.0, "count_healthcare": 2.0, "count_shelter": 0.0, "gravity_community_per_100": 0.23249792437629366, "gravity_education_per_100": 0.35448771405755219, "gravity_essential_services_per_100": 1.1388847407458389, "gravity_food_and_drink_per_100": 0.68917612356898961, "gravity_healthcare_per_100": 0.39189365906140111, "gravity_shelter_per_100": 0.0, "shannon": 1.5571131006937178, "kl_divergence": 0.24046870415309454, "jsd": 0.24383548578607012, "city_similarity": 0.75616451421392994 }, "geometry": { "type": "Polygon", "coordinates": [ [ [ -3.289688599274279, 55.990261175184756 ], [ -3.293725514236232, 55.994142244722411 ], [ -3.292539163563549, 55.995305227909775 ], [ -3.292187929153443, 55.995342254638672 ], [ -3.290696382522583, 55.995609283447266 ], [ -3.288007259368896, 55.995597839355462 ], [ -3.287158727645874, 55.994922637939446 ], [ -3.287223815917969, 55.994701385498047 ], [ -3.287377834320068, 55.994586944580064 ], [ -3.287303924560547, 55.993446350097649 ], [ -3.287074089050293, 55.993137359619141 ], [ -3.2861909866333, 55.99266052246093 ], [ -3.286633729934692, 55.991992950439446 ], [ -3.286091327667236, 55.992462158203104 ], [ -3.285624504089355, 55.992259979248047 ], [ -3.286072731018066, 55.992187499999986 ], [ -3.285285949707031, 55.991764068603516 ], [ -3.285945892333985, 55.991992950439446 ], [ -3.286108016967774, 55.991901397705085 ], [ -3.285143852233887, 55.991493225097663 ], [ -3.284803152084351, 55.990989685058594 ], [ -3.285599946975708, 55.99108505249022 ], [ -3.284145355224609, 55.990440368652337 ], [ -3.28391581903733, 55.990274601557523 ], [ -3.289688599274279, 55.990261175184756 ] ] ] } },
{ "type": "Feature", "properties": { "from_id": "380", "population": 33.203465036317965, "gravity_community": 0.15252229565390193, "gravity_education": 0.14677992676220697, "gravity_essential_services": 1.1847849797422292, "gravity_food_and_drink": 0.36956995948445825, "gravity_healthcare": 0.25708840495071139, "gravity_shelter": 0.0, "avg_gravity": 0.35179092776558463, "min_tt_community": 49.0, "min_tt_education": 50.0, "min_tt_essential_services": 44.0, "min_tt_food_and_drink": 44.0, "min_tt_healthcare": 52.0, "min_tt_shelter": null, "avg_tt_community": 49.0, "avg_tt_education": 50.0, "avg_tt_essential_services": 44.0, "avg_tt_food_and_drink": 44.0, "avg_tt_healthcare": 53.5, "avg_tt_shelter": null, "avg_tt_all": 48.1, "n_unreachable_categories": 1, "count_community": 1.0, "count_education": 1.0, "count_essential_services": 2.0, "count_food_and_drink": 2.0, "count_healthcare": 2.0, "count_shelter": 0.0, "gravity_community_per_100": 0.4593565625969247, "gravity_education_per_100": 0.44206207575522322, "gravity_essential_services_per_100": 3.5682570431920606, "gravity_food_and_drink_per_100": 1.1130463615174575, "gravity_healthcare_per_100": 0.77428185482903056, "gravity_shelter_per_100": 0.0, "shannon": 1.5595811588942383, "kl_divergence": 0.29391487858062448, "jsd": 0.27374429485421498, "city_similarity": 0.72625570514578497 }, "geometry": { "type": "MultiPolygon", "coordinates": [ [ [ [ -3.303032734222295, 56.000697092217997 ], [ -3.302343606948853, 56.000633239746094 ], [ -3.301068305969238, 56.000385284423821 ], [ -3.301507472991944, 56.000186920166009 ], [ -3.302231073379517, 56.000148773193359 ], [ -3.3022620677948, 55.999023437500007 ], [ -3.302980422973632, 55.999641418457024 ], [ -3.303202152252197, 55.999324798583991 ], [ -3.304697166989952, 55.999065073181285 ], [ -3.303032734222295, 56.000697092217997 ] ] ], [ [ [ -3.293725514236232, 55.994142244722411 ], [ -3.301741147189871, 55.994122892408079 ], [ -3.305779672226913, 55.998003563079919 ], [ -3.30523252812349, 55.998540103816644 ], [ -3.303457021713257, 55.998462677001946 ], [ -3.30381989479065, 55.997959136962898 ], [ -3.302752017974854, 55.998287200927734 ], [ -3.301011562347412, 55.998119354248054 ], [ -3.302715301513672, 55.997859954833984 ], [ -3.303415060043335, 55.997547149658196 ], [ -3.299908638000488, 55.997844696044915 ], [ -3.299749851226807, 55.997745513916009 ], [ -3.301610708236694, 55.997390747070312 ], [ -3.303087711334229, 55.996734619140625 ], [ -3.30011248588562, 55.996986389160149 ], [ -3.299822807312012, 55.996814727783196 ], [ -3.300741910934448, 55.996494293212898 ], [ -3.299269199371338, 55.996372222900391 ], [ -3.299622774124146, 55.996063232421875 ], [ -3.298234701156616, 55.99602127075196 ], [ -3.298077583312988, 55.995933532714844 ], [ -3.298282623291016, 55.995780944824219 ], [ -3.297293424606323, 55.995498657226562 ], [ -3.296792507171631, 55.995574951171882 ], [ -3.295433282852173, 55.99534606933593 ], [ -3.294794797897339, 55.995426177978516 ], [ -3.294364213943482, 55.995159149169922 ], [ -3.293752193450928, 55.995174407958977 ], [ -3.292984008789062, 55.995258331298828 ], [ -3.292539163563549, 55.995305227909775 ], [ -3.293725514236232, 55.994142244722411 ] ] ] ] } },
{ "type": "Feature", "properties": { "from_id": "381", "population": 84.139291713268847, "gravity_community": 0.1, "gravity_education": 0.0, "gravity_essential_services": 1.1211527658628588, "gravity_food_and_drink": 0.2423055317257177, "gravity_healthcare": 0.0, "gravity_shelter": 0.0, "avg_gravity": 0.24390971626476277, "min_tt_community": 60.0, "min_tt_education": null, "min_tt_essential_services": 55.0, "min_tt_food_and_drink": 55.0, "min_tt_healthcare": null, "min_tt_shelter": null, "avg_tt_community": 60.0, "avg_tt_education": null, "avg_tt_essential_services": 55.0, "avg_tt_food_and_drink": 55.0, "avg_tt_healthcare": null, "avg_tt_shelter": null, "avg_tt_all": 56.666666666666664, "n_unreachable_categories": 3, "count_community": 1.0, "count_education": 0.0, "count_essential_services": 2.0, "count_food_and_drink": 2.0, "count_healthcare": 0.0, "count_shelter": 0.0, "gravity_community_per_100": 0.11885053696527603, "gravity_education_per_100": 0.0, "gravity_essential_services_per_100": 1.3324960824290513, "gravity_food_and_drink_per_100": 0.28798142555258266, "gravity_healthcare_per_100": 0.0, "gravity_shelter_per_100": 0.0, "shannon": 1.0549201749381012, "kl_divergence": 0.49702341227452651, "jsd": 0.36213822345341418, "city_similarity": 0.63786177654658582 }, "geometry": { "type": "Polygon", "coordinates": [ [ [ -3.305779672226913, 55.998003563079919 ], [ -3.313796095261056, 55.997983426338699 ], [ -3.31676327476996, 56.000833286782381 ], [ -3.315962791442872, 56.000835418701165 ], [ -3.315500259399413, 56.000770568847642 ], [ -3.314796924591064, 56.000270843505859 ], [ -3.314213037490845, 56.000495910644531 ], [ -3.31313133239746, 56.000568389892571 ], [ -3.314639806747436, 56.000976562499993 ], [ -3.314647197723388, 56.0010986328125 ], [ -3.312619209289551, 56.00111007690429 ], [ -3.311074018478394, 56.00079727172853 ], [ -3.310320854187012, 56.000343322753906 ], [ -3.311673402786255, 55.999942779541016 ], [ -3.311246156692505, 55.999870300292969 ], [ -3.311229228973389, 55.999656677246094 ], [ -3.310822010040283, 56.000034332275398 ], [ -3.309276103973388, 56.000503540039062 ], [ -3.311096906661987, 56.001003265380852 ], [ -3.311116933822631, 56.001121520996094 ], [ -3.310769319534302, 56.001182556152344 ], [ -3.308438301086426, 56.001197814941392 ], [ -3.303032734222295, 56.000697092217997 ], [ -3.304697166989952, 55.999065073181285 ], [ -3.305244207382202, 55.998970031738274 ], [ -3.305688142776489, 55.998672485351562 ], [ -3.305294036865234, 55.998542785644524 ], [ -3.30523252812349, 55.998540103816644 ], [ -3.305779672226913, 55.998003563079919 ] ] ] } },
{ "type": "Feature", "properties": { "from_id": "382", "population": 278.65546983811555, "gravity_community": 51.804071888561644, "gravity_education": 47.236435524696574, "gravity_essential_services": 85.519576124391051, "gravity_food_and_drink": 473.92777013232268, "gravity_healthcare": 77.52528156598018, "gravity_shelter": 9.7294627184051894, "avg_gravity": 124.29043299239289, "min_tt_community": 16.0, "min_tt_education": 16.0, "min_tt_essential_services": 17.0, "min_tt_food_and_drink": 14.0, "min_tt_healthcare": 15.0, "min_tt_shelter": 29.0, "avg_tt_community": 44.954887218045116, "avg_tt_education": 45.04032258064516, "avg_tt_essential_services": 44.163218390804595, "avg_tt_food_and_drink": 42.176444245409762, "avg_tt_healthcare": 45.058823529411768, "avg_tt_shelter": 46.690909090909088, "avg_tt_all": 44.680767509204237, "n_unreachable_categories": 0, "count_community": 266.0, "count_education": 248.0, "count_essential_services": 435.0, "count_food_and_drink": 2233.0, "count_healthcare": 408.0, "count_shelter": 55.0, "gravity_community_per_100": 18.590724925894023, "gravity_education_per_100": 16.951555105714778, "gravity_essential_services_per_100": 30.690076234309526, "gravity_food_and_drink_per_100": 170.07660765017471, "gravity_healthcare_per_100": 27.821194972780678, "gravity_shelter_per_100": 3.4915742813365567, "shannon": 1.2361719200572661, "kl_divergence": 0.00037697101719925974, "jsd": 0.0097391843641879694, "city_similarity": 0.99026081563581203 }, "geometry": { "type": "Polygon", "coordinates": [ [ [ -3.161223555247519, 55.936027310807845 ], [ -3.169227260545249, 55.936016578570566 ], [ -3.173246473977051, 55.939901634261169 ], [ -3.169261188229347, 55.943797811239868 ], [ -3.161255878318712, 55.943808546600728 ], [ -3.157237459032235, 55.93992310185881 ], [ -3.161223555247519, 55.936027310807845 ] ] ] } },
{ "type": "Feature", "properties": { "from_id": "383", "population": 4.8035550144702368, "gravity_community": 35.770370941229459, "gravity_education": 33.849779014110126, "gravity_essential_services": 61.910911073955646, "gravity_food_and_drink": 324.37791981474788, "gravity_healthcare": 55.059687384892548, "gravity_shelter": 7.8901347409542542, "avg_gravity": 86.476467161648316, "min_tt_community": 10.0, "min_tt_education": 16.0, "min_tt_essential_services": 26.0, "min_tt_food_and_drink": 8.0, "min_tt_healthcare": 26.0, "min_tt_shelter": 17.0, "avg_tt_community": 47.330143540669859, "avg_tt_education": 47.532663316582912, "avg_tt_essential_services": 47.706849315068496, "avg_tt_food_and_drink": 47.654181631605951, "avg_tt_healthcare": 47.493865030674847, "avg_tt_shelter": 45.674418604651166, "avg_tt_all": 47.232020239875538, "n_unreachable_categories": 0, "count_community": 209.0, "count_education": 199.0, "count_essential_services": 366.0, "count_food_and_drink": 1949.0, "count_healthcare": 326.0, "count_shelter": 43.0, "gravity_community_per_100": 744.66454185441273, "gravity_education_per_100": 704.68182236158418, "gravity_essential_services_per_100": 1288.8560844511017, "gravity_food_and_drink_per_100": 6752.8719633186529, "gravity_healthcare_per_100": 1146.2278920306035, "gravity_shelter_per_100": 164.25615439369383, "shannon": 1.1988133159815066, "kl_divergence": 0.0015316136814362985, "jsd": 0.019628595102914995, "city_similarity": 0.98037140489708496 }, "geometry": { "type": "Polygon", "coordinates": [ [ [ -3.149232943662249, 55.939933055725049 ], [ -3.157237459032235, 55.93992310185881 ], [ -3.161255878318712, 55.943808546600728 ], [ -3.157268987562735, 55.947704334204737 ], [ -3.149262867179135, 55.947714290968193 ], [ -3.145245242828767, 55.943828457229969 ], [ -3.149232943662249, 55.939933055725049 ] ] ] } },
{ "type": "Feature", "properties": { "from_id": "384", "population": 0.32866921439874558, "gravity_community": 93.302226209564466, "gravity_education": 87.085380736489839, "gravity_essential_services": 157.70646678714434, "gravity_food_and_drink": 824.11097752853743, "gravity_healthcare": 134.3236843250148, "gravity_shelter": 17.509443044144223, "avg_gravity": 219.00636310514918, "min_tt_community": 5.0, "min_tt_education": 9.0, "min_tt_essential_services": 2.0, "min_tt_food_and_drink": 2.0, "min_tt_healthcare": 6.0, "min_tt_shelter": 24.0, "avg_tt_community": 38.986449864498645, "avg_tt_education": 40.055248618784532, "avg_tt_essential_services": 36.857142857142854, "avg_tt_food_and_drink": 32.130910511918721, "avg_tt_healthcare": 38.322641509433964, "avg_tt_shelter": 41.4125, "avg_tt_all": 37.960815560296453, "n_unreachable_categories": 0, "count_community": 369.0, "count_education": 362.0, "count_essential_services": 581.0, "count_food_and_drink": 2560.0, "count_healthcare": 530.0, "count_shelter": 80.0, "gravity_community_per_100": 28387.881225884776, "gravity_education_per_100": 26496.36075462692, "gravity_essential_services_per_100": 47983.340050769977, "gravity_food_and_drink_per_100": 250741.76145037904, "gravity_healthcare_per_100": 40868.95834486391, "gravity_shelter_per_100": 5327.3754513866788, "shannon": 1.3178562490166135, "kl_divergence": 0.0026713054150177495, "jsd": 0.025721569863024547, "city_similarity": 0.97427843013697546 }, "geometry": { "type": "Polygon", "coordinates": [ [ [ -3.173246473977051, 55.939901634261169 ], [ -3.18125097302478, 55.939890120531281 ], [ -3.185271791063748, 55.943774780429422 ], [ -3.181287316574406, 55.94767134327757 ], [ -3.173281212524099, 55.947682860358668 ], [ -3.169261188229347, 55.943797811239868 ], [ -3.173246473977051, 55.939901634261169 ] ] ] } },
{ "type": "Feature", "properties": { "from_id": "385", "population": 0.013065648542121427, "gravity_community": 49.35185930708078, "gravity_education": 44.106427397995787, "gravity_essential_services": 85.778564800321803, "gravity_food_and_drink": 478.26130281274368, "gravity_healthcare": 76.979787422013445, "gravity_shelter": 9.7471518809169755, "avg_gravity": 124.03751560351208, "min_tt_community": 24.0, "min_tt_education": 20.0, "min_tt_essential_services": 17.0, "min_tt_food_and_drink": 18.0, "min_tt_healthcare": 19.0, "min_tt_shelter": 34.0, "avg_tt_community": 44.846153846153847, "avg_tt_education": 46.646586345381529, "avg_tt_essential_services": 44.167042889390522, "avg_tt_food_and_drink": 42.02948943661972, "avg_tt_healthcare": 45.891252955082741, "avg_tt_shelter": 47.482758620689658, "avg_tt_all": 45.177214015553005, "n_unreachable_categories": 0, "count_community": 260.0, "count_education": 249.0, "count_essential_services": 443.0, "count_food_and_drink": 2273.0, "count_healthcare": 423.0, "count_shelter": 58.0, "gravity_community_per_100": 377722.23206508876, "gravity_education_per_100": 337575.49237455893, "gravity_essential_services_per_100": 656519.76267221884, "gravity_food_and_drink_per_100": 3660448.2454193579, "gravity_healthcare_per_100": 589176.93349735916, "gravity_shelter_per_100": 74601.362875281819, "shannon": 1.2343549761103749, "kl_divergence": 0.00052643636832663105, "jsd": 0.011498363109146611, "city_similarity": 0.98850163689085335 }, "geometry": { "type": "Polygon", "coordinates": [ [ [ -3.161255878318712, 55.943808546600728 ], [ -3.169261188229347, 55.943797811239868 ], [ -3.173281212524099, 55.947682860358668 ], [ -3.169295132636678, 55.951579034003551 ], [ -3.161288217322222, 55.95158977248925 ], [ -3.157268987562735, 55.947704334204737 ], [ -3.161255878318712, 55.943808546600728 ] ] ] } },
{ "type": "Feature", "properties": { "from_id": "386", "population": 0.0, "gravity_community": 57.430645516908875, "gravity_education": 51.596191802554465, "gravity_essential_services": 104.69764949218792, "gravity_food_and_drink": 549.34219431698068, "gravity_healthcare": 90.264955395114328, "gravity_shelter": 13.083348757953683, "avg_gravity": 144.40249754695, "min_tt_community": 11.0, "min_tt_education": 16.0, "min_tt_essential_services": 9.0, "min_tt_food_and_drink": 9.0, "min_tt_healthcare": 10.0, "min_tt_shelter": 27.0, "avg_tt_community": 42.927797833935017, "avg_tt_education": 44.030769230769231, "avg_tt_essential_services": 41.345263157894735, "avg_tt_food_and_drink": 39.182754182754181, "avg_tt_healthcare": 42.972540045766593, "avg_tt_shelter": 43.138461538461542, "avg_tt_all": 42.266264331596894, "n_unreachable_categories": 0, "count_community": 277.0, "count_education": 260.0, "count_essential_services": 475.0, "count_food_and_drink": 2332.0, "count_healthcare": 437.0, "count_shelter": 65.0, "gravity_community_per_100": 0.0, "gravity_education_per_100": 0.0, "gravity_essential_services_per_100": 0.0, "gravity_food_and_drink_per_100": 0.0, "gravity_healthcare_per_100": 0.0, "gravity_shelter_per_100": 0.0, "shannon": 1.2493491056722854, "kl_divergence": 0.00025604109496618968, "jsd": 0.0079981053083258667, "city_similarity": 0.9920018946916741 }, "geometry": { "type": "Polygon", "coordinates": [ [ [ -3.149262867179135, 55.947714290968193 ], [ -3.157268987562735, 55.947704334204737 ], [ -3.161288217322222, 55.95158977248925 ], [ -3.157300531635344, 55.955485556647446 ], [ -3.149292805446942, 55.955495516309263 ], [ -3.145274371014039, 55.951609688914083 ], [ -3.149262867179135, 55.947714290968193 ] ] ] } },
{ "type": "Feature", "properties": { "from_id": "387", "population": 0.02777448500142159, "gravity_community": 98.289959101557443, "gravity_education": 91.286183588094744, "gravity_essential_services": 171.11622072107085, "gravity_food_and_drink": 902.48494934266444, "gravity_healthcare": 147.12360516887509, "gravity_shelter": 19.827009064070442, "avg_gravity": 238.35465449772218, "min_tt_community": 6.0, "min_tt_education": 1.0, "min_tt_essential_services": 4.0, "min_tt_food_and_drink": 2.0, "min_tt_healthcare": 1.0, "min_tt_shelter": 17.0, "avg_tt_community": 37.144808743169399, "avg_tt_education": 39.444444444444443, "avg_tt_essential_services": 34.436521739130434, "avg_tt_food_and_drink": 29.741359223300972, "avg_tt_healthcare": 36.328413284132843, "avg_tt_shelter": 40.616279069767444, "avg_tt_all": 36.285304417324255, "n_unreachable_categories": 0, "count_community": 366.0, "count_education": 370.0, "count_essential_services": 576.0, "count_food_and_drink": 2575.0, "count_healthcare": 542.0, "count_shelter": 86.0, "gravity_community_per_100": 353885.8023705089, "gravity_education_per_100": 328669.22134981951, "gravity_essential_services_per_100": 616091.42604196817, "gravity_food_and_drink_per_100": 3249330.9931632299, "gravity_healthcare_per_100": 529707.77013991377, "gravity_shelter_per_100": 71385.694687248499, "shannon": 1.321557286410695, "kl_divergence": 0.0030482960500001436, "jsd": 0.027440191260447576, "city_similarity": 0.97255980873955239 }, "geometry": { "type": "Polygon", "coordinates": [ [ [ -3.173281212524099, 55.947682860358668 ], [ -3.181287316574406, 55.94767134327757 ], [ -3.185308946267235, 55.951555996489319 ], [ -3.181323678039687, 55.955452556116782 ], [ -3.173315968195622, 55.955464076550435 ], [ -3.169295132636678, 55.951579034003551 ], [ -3.173281212524099, 55.947682860358668 ] ] ] } },
{ "type": "Feature", "properties": { "from_id": "388", "population": 0.0, "gravity_community": 81.352270531940775, "gravity_education": 75.879337778914703, "gravity_essential_services": 146.10291033805976, "gravity_food_and_drink": 757.63089261549067, "gravity_healthcare": 126.97275288883365, "gravity_shelter": 17.880141270576683, "avg_gravity": 200.96971757063602, "min_tt_community": 9.0, "min_tt_education": 2.0, "min_tt_essential_services": 8.0, "min_tt_food_and_drink": 2.0, "min_tt_healthcare": 1.0, "min_tt_shelter": 19.0, "avg_tt_community": 40.060869565217388, "avg_tt_education": 42.060344827586206, "avg_tt_essential_services": 37.436493738819323, "avg_tt_food_and_drink": 33.211133200795231, "avg_tt_healthcare": 39.299618320610683, "avg_tt_shelter": 41.975609756097562, "avg_tt_all": 39.007344901521066, "n_unreachable_categories": 0, "count_community": 345.0, "count_education": 348.0, "count_essential_services": 559.0, "count_food_and_drink": 2516.0, "count_healthcare": 524.0, "count_shelter": 82.0, "gravity_community_per_100": 0.0, "gravity_education_per_100": 0.0, "gravity_essential_services_per_100": 0.0, "gravity_food_and_drink_per_100": 0.0, "gravity_healthcare_per_100": 0.0, "gravity_shelter_per_100": 0.0, "shannon": 1.3115012592559443, "kl_divergence": 0.0022000785764423342, "jsd": 0.023333498506651437, "city_similarity": 0.97666650149334855 }, "geometry": { "type": "Polygon", "coordinates": [ [ [ -3.161288217322222, 55.95158977248925 ], [ -3.169295132636678, 55.951579034003551 ], [ -3.173315968195622, 55.955464076550435 ], [ -3.169329093778549, 55.959360246862708 ], [ -3.161320572268821, 55.959370988474504 ], [ -3.157300531635344, 55.955485556647446 ], [ -3.161288217322222, 55.95158977248925 ] ] ] } },
{ "type": "Feature", "properties": { "from_id": "389", "population": 0.0, "gravity_community": 71.198230358297934, "gravity_education": 62.41896649222366, "gravity_essential_services": 122.76789796845986, "gravity_food_and_drink": 626.87655624388128, "gravity_healthcare": 109.39302229751345, "gravity_shelter": 15.487704863315358, "avg_gravity": 168.02372970394859, "min_tt_community": 2.0, "min_tt_education": 9.0, "min_tt_essential_services": 5.0, "min_tt_food_and_drink": 3.0, "min_tt_healthcare": 4.0, "min_tt_shelter": 22.0, "avg_tt_community": 39.21875, "avg_tt_education": 42.195804195804193, "avg_tt_essential_services": 38.797570850202426, "avg_tt_food_and_drink": 36.699159663865544, "avg_tt_healthcare": 40.067538126361654, "avg_tt_shelter": 41.521126760563384, "avg_tt_all": 39.749991599466199, "n_unreachable_categories": 0, "count_community": 288.0, "count_education": 286.0, "count_essential_services": 494.0, "count_food_and_drink": 2380.0, "count_healthcare": 459.0, "count_shelter": 71.0, "gravity_community_per_100": 0.0, "gravity_education_per_100": 0.0, "gravity_essential_services_per_100": 0.0, "gravity_food_and_drink_per_100": 0.0, "gravity_healthcare_per_100": 0.0, "gravity_shelter_per_100": 0.0, "shannon": 1.2667547055635988, "kl_divergence": 0.00035826740751534374, "jsd": 0.0094067129004327017, "city_similarity": 0.99059328709956729 }, "geometry": { "type": "Polygon", "coordinates": [ [ [ -3.149292805446942, 55.955495516309263 ], [ -3.157300531635344, 55.955485556647446 ], [ -3.161320572268821, 55.959370988474504 ], [ -3.157332091260571, 55.963266769188024 ], [ -3.149322758475644, 55.963276731749367 ], [ -3.145303513559489, 55.959390910697223 ], [ -3.149292805446942, 55.955495516309263 ] ] ] } },
{ "type": "Feature", "properties": { "from_id": "390", "population": 0.0, "gravity_community": 99.322831868964641, "gravity_education": 88.891333976495147, "gravity_essential_services": 171.60828868253827, "gravity_food_and_drink": 896.37025417225811, "gravity_healthcare": 148.59149187460551, "gravity_shelter": 21.870997128853308, "avg_gravity": 237.7758662839525, "min_tt_community": 5.0, "min_tt_education": 3.0, "min_tt_essential_services": 6.0, "min_tt_food_and_drink": 1.0, "min_tt_healthcare": 5.0, "min_tt_shelter": 7.0, "avg_tt_community": 36.178977272727273, "avg_tt_education": 38.783098591549297, "avg_tt_essential_services": 33.756660746003554, "avg_tt_food_and_drink": 29.492913385826771, "avg_tt_healthcare": 35.726235741444867, "avg_tt_shelter": 38.895348837209305, "avg_tt_all": 35.472205762460177, "n_unreachable_categories": 0, "count_community": 352.0, "count_education": 355.0, "count_essential_services": 563.0, "count_food_and_drink": 2541.0, "count_healthcare": 527.0, "count_shelter": 86.0, "gravity_community_per_100": 0.0, "gravity_education_per_100": 0.0, "gravity_essential_services_per_100": 0.0, "gravity_food_and_drink_per_100": 0.0, "gravity_healthcare_per_100": 0.0, "gravity_shelter_per_100": 0.0, "shannon": 1.3147000261430988, "kl_divergence": 0.0024537031994916964, "jsd": 0.024612169803596963, "city_similarity": 0.97538783019640307 }, "geometry": { "type": "Polygon", "coordinates": [ [ [ -3.173315968195622, 55.955464076550435 ], [ -3.181323678039687, 55.955452556116782 ], [ -3.185346119788154, 55.959337202642011 ], [ -3.181360057432737, 55.963233759050006 ], [ -3.173350741003202, 55.963245282837576 ], [ -3.169329093778549, 55.959360246862708 ], [ -3.173315968195622, 55.955464076550435 ] ] ] } },
{ "type": "Feature", "properties": { "from_id": "391", "population": 2171.956311976463, "gravity_community": 68.77987604450297, "gravity_education": 58.330721475783143, "gravity_essential_services": 115.54509865069261, "gravity_food_and_drink": 608.3471411699968, "gravity_healthcare": 102.78194720313752, "gravity_shelter": 14.403687873175976, "avg_gravity": 161.36474540288148, "min_tt_community": 10.0, "min_tt_education": 11.0, "min_tt_essential_services": 10.0, "min_tt_food_and_drink": 7.0, "min_tt_healthcare": 13.0, "min_tt_shelter": 17.0, "avg_tt_community": 39.311827956989248, "avg_tt_education": 42.171641791044777, "avg_tt_essential_services": 39.478079331941544, "avg_tt_food_and_drink": 37.26042553191489, "avg_tt_healthcare": 40.67268623024831, "avg_tt_shelter": 42.927536231884055, "avg_tt_all": 40.30369951233714, "n_unreachable_categories": 0, "count_community": 279.0, "count_education": 268.0, "count_essential_services": 479.0, "count_food_and_drink": 2351.0, "count_healthcare": 443.0, "count_shelter": 69.0, "gravity_community_per_100": 3.1667246557972351, "gravity_education_per_100": 2.685630514487773, "gravity_essential_services_per_100": 5.3198629278849303, "gravity_food_and_drink_per_100": 28.009179457960908, "gravity_healthcare_per_100": 4.7322290340917013, "gravity_shelter_per_100": 0.6631665560560347, "shannon": 1.2545405951546327, "kl_divergence": 0.0003063618356280288, "jsd": 0.0087111885313066392, "city_similarity": 0.99128881146869341 }, "geometry": { "type": "Polygon", "coordinates": [ [ [ -3.161320572268821, 55.959370988474504 ], [ -3.169329093778549, 55.959360246862708 ], [ -3.173350741003202, 55.963245282837576 ], [ -3.169363071666279, 55.967141449818428 ], [ -3.161352943169292, 55.967152194557563 ], [ -3.157332091260571, 55.963266769188024 ], [ -3.161320572268821, 55.959370988474504 ] ] ] } },
{ "type": "Feature", "properties": { "from_id": "392", "population": 308.39948611368271, "gravity_community": 43.665149259431566, "gravity_education": 40.026711202631425, "gravity_essential_services": 75.077379666104946, "gravity_food_and_drink": 394.30093005910749, "gravity_healthcare": 70.196590087993258, "gravity_shelter": 10.822949865671527, "avg_gravity": 105.68161835682336, "min_tt_community": 17.0, "min_tt_education": 18.0, "min_tt_essential_services": 17.0, "min_tt_food_and_drink": 7.0, "min_tt_healthcare": 17.0, "min_tt_shelter": 21.0, "avg_tt_community": 45.349557522123895, "avg_tt_education": 45.381642512077292, "avg_tt_essential_services": 44.976982097186699, "avg_tt_food_and_drink": 45.860195076637247, "avg_tt_healthcare": 45.652054794520545, "avg_tt_shelter": 42.769230769230766, "avg_tt_all": 44.998277128629404, "n_unreachable_categories": 0, "count_community": 226.0, "count_education": 207.0, "count_essential_services": 391.0, "count_food_and_drink": 2153.0, "count_healthcare": 365.0, "count_shelter": 52.0, "gravity_community_per_100": 14.158632301785239, "gravity_education_per_100": 12.978851458875878, "gravity_essential_services_per_100": 24.344197395461872, "gravity_food_and_drink_per_100": 127.85395171305818, "gravity_healthcare_per_100": 22.761578163628094, "gravity_shelter_per_100": 3.5093929636711376, "shannon": 1.192505449816067, "kl_divergence": 0.0023174045656017186, "jsd": 0.024201256315978085, "city_similarity": 0.97579874368402186 }, "geometry": { "type": "Polygon", "coordinates": [ [ [ -3.085196665949437, 55.939993968187906 ], [ -3.089207881775257, 55.943881763393172 ], [ -3.085213749252788, 55.947775221160477 ], [ -3.077207594110805, 55.947780496937014 ], [ -3.076951901637747, 55.947532624968154 ], [ -3.077874422073364, 55.946594238281243 ], [ -3.078252792358399, 55.946376800537109 ], [ -3.07838749885559, 55.946212768554695 ], [ -3.07858395576477, 55.946083068847649 ], [ -3.078641176223755, 55.945957183837884 ], [ -3.07861590385437, 55.94573974609375 ], [ -3.078662395477295, 55.945621490478516 ], [ -3.079286336898804, 55.945087432861335 ], [ -3.080306053161621, 55.944732666015618 ], [ -3.080799102783203, 55.944728851318345 ], [ -3.081753015518188, 55.94477462768554 ], [ -3.082390785217285, 55.944736480712898 ], [ -3.081912279129028, 55.943824768066399 ], [ -3.082210063934326, 55.942558288574212 ], [ -3.081765413284302, 55.942062377929695 ], [ -3.081470251083374, 55.941467285156236 ], [ -3.082013283927521, 55.939996128009867 ], [ -3.085196665949437, 55.939993968187906 ] ] ] } },
{ "type": "Feature", "properties": { "from_id": "393", "population": 4150.8446581455019, "gravity_community": 47.265795688149261, "gravity_education": 42.316839021040053, "gravity_essential_services": 80.029763125874439, "gravity_food_and_drink": 414.10248057422342, "gravity_healthcare": 75.422685210536955, "gravity_shelter": 11.019283130131319, "avg_gravity": 111.69280779165923, "min_tt_community": 5.0, "min_tt_education": 11.0, "min_tt_essential_services": 14.0, "min_tt_food_and_drink": 5.0, "min_tt_healthcare": 10.0, "min_tt_shelter": 18.0, "avg_tt_community": 43.942731277533042, "avg_tt_education": 44.45192307692308, "avg_tt_essential_services": 44.241895261845386, "avg_tt_food_and_drink": 45.050369685767095, "avg_tt_healthcare": 44.254794520547946, "avg_tt_shelter": 44.214285714285715, "avg_tt_all": 44.359333256150386, "n_unreachable_categories": 0, "count_community": 227.0, "count_education": 208.0, "count_essential_services": 401.0, "count_food_and_drink": 2165.0, "count_healthcare": 365.0, "count_shelter": 56.0, "gravity_community_per_100": 1.1387030732503125, "gravity_education_per_100": 1.0194753720305738, "gravity_essential_services_per_100": 1.9280356100252094, "gravity_food_and_drink_per_100": 9.9763425201085347, "gravity_healthcare_per_100": 1.817044274652138, "gravity_shelter_per_100": 0.26547086286419763, "shannon": 1.1970942492262433, "kl_divergence": 0.0021513231108963573, "jsd": 0.023322354612953834, "city_similarity": 0.97667764538704616 }, "geometry": { "type": "Polygon", "coordinates": [ [ [ -3.085213749252788, 55.947775221160477 ], [ -3.089207881775257, 55.943881763393172 ], [ -3.097213229991722, 55.943875708330481 ], [ -3.101226050851706, 55.947763109272884 ], [ -3.097559509186096, 55.951338345271871 ], [ -3.097368717193604, 55.951263427734368 ], [ -3.096254348754883, 55.950824737548835 ], [ -3.095167636871338, 55.950450897216797 ], [ -3.093668937683105, 55.95006179809571 ], [ -3.093363761901855, 55.949966430664048 ], [ -3.09274935722351, 55.949817657470689 ], [ -3.092342376708984, 55.949752807617188 ], [ -3.092156410217286, 55.94975280761718 ], [ -3.091924905776977, 55.949775695800767 ], [ -3.091902256011963, 55.949764251708977 ], [ -3.091854810714721, 55.949783325195305 ], [ -3.091663360595703, 55.949806213378899 ], [ -3.091456413269043, 55.949855804443359 ], [ -3.09123969078064, 55.949886322021491 ], [ -3.090949296951294, 55.949985504150391 ], [ -3.090928316116333, 55.949977874755852 ], [ -3.090696573257446, 55.950103759765625 ], [ -3.090641498565674, 55.950195312499993 ], [ -3.090580463409424, 55.950252532958977 ], [ -3.090549945831299, 55.950248718261719 ], [ -3.090500831604004, 55.950210571289062 ], [ -3.090474128723145, 55.950168609619148 ], [ -3.090424776077271, 55.950176239013658 ], [ -3.090348958969116, 55.950218200683587 ], [ -3.090310335159302, 55.950214385986321 ], [ -3.090293407440186, 55.950176239013665 ], [ -3.090324640274048, 55.950092315673828 ], [ -3.090174436569214, 55.950157165527344 ], [ -3.090141773223877, 55.95002365112304 ], [ -3.090094804763794, 55.950012207031257 ], [ -3.089962482452392, 55.95002365112304 ], [ -3.089917659759521, 55.949970245361335 ], [ -3.089797258377075, 55.949958801269531 ], [ -3.089772462844849, 55.949932098388679 ], [ -3.089766979217529, 55.949851989746087 ], [ -3.089731693267823, 55.949855804443359 ], [ -3.089651346206665, 55.949901580810533 ], [ -3.089587450027465, 55.949905395507812 ], [ -3.089532375335693, 55.949882507324226 ], [ -3.089490413665771, 55.949817657470703 ], [ -3.08944821357727, 55.949848175048821 ], [ -3.089411497116088, 55.949851989746094 ], [ -3.089339256286622, 55.949794769287102 ], [ -3.089163541793824, 55.949806213378892 ], [ -3.089094877243042, 55.949756622314453 ], [ -3.088884115219116, 55.949714660644531 ], [ -3.088580846786499, 55.949638366699212 ], [ -3.088075876235962, 55.949623107910149 ], [ -3.087959289550782, 55.949634552001953 ], [ -3.087782382965088, 55.949726104736328 ], [ -3.087743043899536, 55.949748992919915 ], [ -3.087646961212158, 55.949745178222649 ], [ -3.087545394897461, 55.94977951049804 ], [ -3.087450742721558, 55.949775695800774 ], [ -3.08739185333252, 55.949787139892564 ], [ -3.087280988693237, 55.949771881103509 ], [ -3.087260538919583, 55.949758745495998 ], [ -3.085213749252788, 55.947775221160477 ] ] ] } },
{ "type": "Feature", "properties": { "from_id": "394", "population": 362.05334989675634, "gravity_community": 40.263514785993713, "gravity_education": 36.892928095398666, "gravity_essential_services": 70.893085781448576, "gravity_food_and_drink": 374.26221707873896, "gravity_healthcare": 65.528427777582991, "gravity_shelter": 9.9862611843749924, "avg_gravity": 99.637739117256316, "min_tt_community": 17.0, "min_tt_education": 18.0, "min_tt_essential_services": 16.0, "min_tt_food_and_drink": 9.0, "min_tt_healthcare": 16.0, "min_tt_shelter": 22.0, "avg_tt_community": 45.502392344497608, "avg_tt_education": 45.625, "avg_tt_essential_services": 45.604774535809021, "avg_tt_food_and_drink": 46.687946641257739, "avg_tt_healthcare": 46.10144927536232, "avg_tt_shelter": 44.274509803921568, "avg_tt_all": 45.632678766808034, "n_unreachable_categories": 0, "count_community": 209.0, "count_education": 192.0, "count_essential_services": 377.0, "count_food_and_drink": 2100.0, "count_healthcare": 345.0, "count_shelter": 51.0, "gravity_community_per_100": 11.120878952639249, "gravity_education_per_100": 10.18991485810561, "gravity_essential_services_per_100": 19.580839619814196, "gravity_food_and_drink_per_100": 103.37211827634356, "gravity_healthcare_per_100": 18.099108265748452, "gravity_shelter_per_100": 2.7582291911461914, "shannon": 1.1776578483772044, "kl_divergence": 0.003469900070985269, "jsd": 0.029650672426916838, "city_similarity": 0.97034932757308312 }, "geometry": { "type": "Polygon", "coordinates": [ [ [ -3.077207594110805, 55.947780496937014 ], [ -3.075270885561805, 55.949667555400119 ], [ -3.075067043304444, 55.949588775634759 ], [ -3.074952840805053, 55.949565887451172 ], [ -3.076951901637747, 55.947532624968154 ], [ -3.077207594110805, 55.947780496937014 ] ] ] } },
{ "type": "Feature", "properties": { "from_id": "395", "population": 2237.4174233129279, "gravity_community": 43.333681538980002, "gravity_education": 39.5339492843394, "gravity_essential_services": 74.556964241838614, "gravity_food_and_drink": 392.92129415422113, "gravity_healthcare": 69.844599984896561, "gravity_shelter": 10.420180351545625, "avg_gravity": 105.10177825930356, "min_tt_community": 17.0, "min_tt_education": 18.0, "min_tt_essential_services": 17.0, "min_tt_food_and_drink": 7.0, "min_tt_healthcare": 17.0, "min_tt_shelter": 22.0, "avg_tt_community": 45.361607142857146, "avg_tt_education": 45.502439024390242, "avg_tt_essential_services": 45.010282776349612, "avg_tt_food_and_drink": 45.826310861423224, "avg_tt_healthcare": 45.627071823204417, "avg_tt_shelter": 43.634615384615387, "avg_tt_all": 45.16038783547333, "n_unreachable_categories": 0, "count_community": 224.0, "count_education": 205.0, "count_essential_services": 389.0, "count_food_and_drink": 2137.0, "count_healthcare": 362.0, "count_shelter": 52.0, "gravity_community_per_100": 1.9367723290013596, "gravity_education_per_100": 1.7669456254524811, "gravity_essential_services_per_100": 3.33227780676896, "gravity_food_and_drink_per_100": 17.561376346682124, "gravity_healthcare_per_100": 3.1216615754014363, "gravity_shelter_per_100": 0.46572357231922057, "shannon": 1.1926546530835287, "kl_divergence": 0.0023210245067442851, "jsd": 0.024222464889460907, "city_similarity": 0.97577753511053911 }, "geometry": { "type": "Polygon", "coordinates": [ [ [ -3.077207594110805, 55.947780496937014 ], [ -3.085213749252788, 55.947775221160477 ], [ -3.087260538919583, 55.949758745495998 ], [ -3.087215662002563, 55.949729919433587 ], [ -3.087120532989502, 55.949699401855469 ], [ -3.086901903152466, 55.949729919433587 ], [ -3.08676552772522, 55.949718475341797 ], [ -3.086373567581177, 55.949733734130852 ], [ -3.086204767227173, 55.949714660644538 ], [ -3.086104393005371, 55.949676513671868 ], [ -3.086002111434937, 55.949680328369134 ], [ -3.085714340209961, 55.949642181396491 ], [ -3.085490703582763, 55.949653625488281 ], [ -3.085385799407959, 55.949623107910149 ], [ -3.085088729858398, 55.949604034423821 ], [ -3.084897518157959, 55.949634552001953 ], [ -3.08470344543457, 55.949565887451172 ], [ -3.084421157836914, 55.949554443359389 ], [ -3.084076642990113, 55.949485778808587 ], [ -3.083425283432007, 55.949440002441413 ], [ -3.083319902420044, 55.94940185546875 ], [ -3.083166122436524, 55.949279785156243 ], [ -3.08309292793274, 55.949245452880859 ], [ -3.082731246948242, 55.949134826660156 ], [ -3.082436561584473, 55.949077606201165 ], [ -3.081933736801147, 55.948963165283203 ], [ -3.081286191940308, 55.948886871337891 ], [ -3.08109736442566, 55.948883056640611 ], [ -3.081033945083618, 55.948905944824212 ], [ -3.081035137176514, 55.948951721191413 ], [ -3.081256628036499, 55.949081420898438 ], [ -3.081300735473632, 55.949172973632812 ], [ -3.081219673156739, 55.949306488037102 ], [ -3.081071615219116, 55.949398040771477 ], [ -3.080995082855225, 55.949405670166023 ], [ -3.080348014831543, 55.949344635009766 ], [ -3.08018159866333, 55.949348449707024 ], [ -3.080064058303833, 55.949386596679673 ], [ -3.07979679107666, 55.949516296386712 ], [ -3.079679489135743, 55.949550628662109 ], [ -3.078465700149536, 55.949726104736321 ], [ -3.078085899353027, 55.94976806640625 ], [ -3.076581239700317, 55.949794769287102 ], [ -3.076328992843628, 55.949764251708984 ], [ -3.076073408126831, 55.949672698974609 ], [ -3.075968980789185, 55.949661254882805 ], [ -3.075874805450439, 55.949668884277337 ], [ -3.075664520263672, 55.94971847534179 ], [ -3.075514316558838, 55.94972991943358 ], [ -3.075363159179688, 55.949703216552734 ], [ -3.075270885561805, 55.949667555400119 ], [ -3.077207594110805, 55.947780496937014 ] ] ] } },
{ "type": "Feature", "properties": { "from_id": "396", "population": 3618.3742854793722, "gravity_community": 56.945055201970497, "gravity_education": 54.528695146517528, "gravity_essential_services": 91.797325710584246, "gravity_food_and_drink": 449.39718590536398, "gravity_healthcare": 89.920464039236279, "gravity_shelter": 13.718569712128415, "avg_gravity": 126.05121595263351, "min_tt_community": 11.0, "min_tt_education": 6.0, "min_tt_essential_services": 9.0, "min_tt_food_and_drink": 3.0, "min_tt_healthcare": 7.0, "min_tt_shelter": 11.0, "avg_tt_community": 43.492700729927009, "avg_tt_education": 44.356877323420072, "avg_tt_essential_services": 43.55088495575221, "avg_tt_food_and_drink": 44.148389904264576, "avg_tt_healthcare": 43.15130023640662, "avg_tt_shelter": 41.016666666666666, "avg_tt_all": 43.286136636072854, "n_unreachable_categories": 0, "count_community": 274.0, "count_education": 269.0, "count_essential_services": 452.0, "count_food_and_drink": 2299.0, "count_healthcare": 423.0, "count_shelter": 60.0, "gravity_community_per_100": 1.5737745934822842, "gravity_education_per_100": 1.5069943251957809, "gravity_essential_services_per_100": 2.5369770639529814, "gravity_food_and_drink_per_100": 12.419864570362616, "gravity_healthcare_per_100": 2.4851067618982752, "gravity_shelter_per_100": 0.37913628137313993, "shannon": 1.245728058390396, "kl_divergence": 0.00024239436248887962, "jsd": 0.0078119107509035711, "city_similarity": 0.99218808924909641 }, "geometry": { "type": "Polygon", "coordinates": [ [ [ -3.113223916556126, 55.943862038099589 ], [ -3.121229254376774, 55.94385442293234 ], [ -3.125244477581422, 55.947741040611938 ], [ -3.121253566310878, 55.951635662174539 ], [ -3.113246623067536, 55.951643279558411 ], [ -3.109232196781167, 55.947756273162689 ], [ -3.113223916556126, 55.943862038099589 ] ] ] } },
{ "type": "Feature", "properties": { "from_id": "397", "population": 2292.8981537480222, "gravity_community": 63.285397858206849, "gravity_education": 60.103504886467363, "gravity_essential_services": 112.70508230257875, "gravity_food_and_drink": 565.91571666047378, "gravity_healthcare": 99.023560223570442, "gravity_shelter": 15.511548002933562, "avg_gravity": 152.75746832237178, "min_tt_community": 13.0, "min_tt_education": 7.0, "min_tt_essential_services": 6.0, "min_tt_food_and_drink": 8.0, "min_tt_healthcare": 19.0, "min_tt_shelter": 18.0, "avg_tt_community": 42.88486842105263, "avg_tt_education": 42.920138888888886, "avg_tt_essential_services": 41.113095238095241, "avg_tt_food_and_drink": 39.58237704918033, "avg_tt_healthcare": 42.293991416309012, "avg_tt_shelter": 39.970149253731343, "avg_tt_all": 41.460770044542905, "n_unreachable_categories": 0, "count_community": 304.0, "count_education": 288.0, "count_essential_services": 504.0, "count_food_and_drink": 2440.0, "count_healthcare": 466.0, "count_shelter": 67.0, "gravity_community_per_100": 2.7600614425354713, "gravity_education_per_100": 2.6212897763566532, "gravity_essential_services_per_100": 4.9153985369279711, "gravity_food_and_drink_per_100": 24.681240888759728, "gravity_healthcare_per_100": 4.3187073120410657, "gravity_shelter_per_100": 0.67650401207650857, "shannon": 1.2623959780987761, "kl_divergence": 0.0002066278736753992, "jsd": 0.0071702097569925826, "city_similarity": 0.99282979024300744 }, "geometry": { "type": "Polygon", "coordinates": [ [ [ -3.137239917776737, 55.943837632496944 ], [ -3.145245242828767, 55.943828457229969 ], [ -3.149262867179135, 55.947714290968193 ], [ -3.145274371014039, 55.951609688914083 ], [ -3.13726744054795, 55.951618866851788 ], [ -3.133250611924748, 55.94773264417244 ], [ -3.137239917776737, 55.943837632496944 ] ] ] } },
{ "type": "Feature", "properties": { "from_id": "398", "population": 3133.2994586549466, "gravity_community": 56.676938023038637, "gravity_education": 52.871435117988497, "gravity_essential_services": 90.794757566396072, "gravity_food_and_drink": 462.43999003656069, "gravity_healthcare": 89.590293096597463, "gravity_shelter": 12.499693593846795, "avg_gravity": 127.47885123907137, "min_tt_community": 6.0, "min_tt_education": 7.0, "min_tt_essential_services": 8.0, "min_tt_food_and_drink": 3.0, "min_tt_healthcare": 3.0, "min_tt_shelter": 21.0, "avg_tt_community": 43.767527675276753, "avg_tt_education": 44.384615384615387, "avg_tt_essential_services": 43.038724373576308, "avg_tt_food_and_drink": 43.43692307692308, "avg_tt_healthcare": 43.434367541766107, "avg_tt_shelter": 43.5, "avg_tt_all": 43.593693008692945, "n_unreachable_categories": 0, "count_community": 271.0, "count_education": 260.0, "count_essential_services": 439.0, "count_food_and_drink": 2276.0, "count_healthcare": 419.0, "count_shelter": 62.0, "gravity_community_per_100": 1.808858003229884, "gravity_education_per_100": 1.687404469813587, "gravity_essential_services_per_100": 2.8977363563383172, "gravity_food_and_drink_per_100": 14.758882645550756, "gravity_healthcare_per_100": 2.8592955853334399, "gravity_shelter_per_100": 0.39893070415978127, "shannon": 1.243301280722152, "kl_divergence": 0.00043020693950819534, "jsd": 0.010410956906279349, "city_similarity": 0.98958904309372064 }, "geometry": { "type": "Polygon", "coordinates": [ [ [ -3.101226050851706, 55.947763109272884 ], [ -3.109232196781167, 55.947756273162689 ], [ -3.113246623067536, 55.951643279558411 ], [ -3.109254105978653, 55.955537510724604 ], [ -3.106732639627667, 55.955539720011529 ], [ -3.106732606887818, 55.955539703369141 ], [ -3.10663914680481, 55.955520629882812 ], [ -3.105873823165894, 55.955078124999986 ], [ -3.105841159820557, 55.955062866210938 ], [ -3.105327129364014, 55.954780578613281 ], [ -3.105116367340087, 55.954689025878906 ], [ -3.104554653167724, 55.954315185546861 ], [ -3.104421377182007, 55.954246520996101 ], [ -3.104368686676025, 55.954196929931641 ], [ -3.104188919067383, 55.954124450683587 ], [ -3.104105710983276, 55.954074859619148 ], [ -3.103821516036987, 55.953926086425774 ], [ -3.102773904800415, 55.953479766845696 ], [ -3.102403402328492, 55.953346252441406 ], [ -3.102198600769043, 55.953243255615234 ], [ -3.101508378982544, 55.952899932861328 ], [ -3.100996494293213, 55.952693939208984 ], [ -3.100130558013916, 55.95237731933593 ], [ -3.099687814712524, 55.952178955078118 ], [ -3.098524808883667, 55.951717376708984 ], [ -3.097559509186096, 55.951338345271871 ], [ -3.101226050851706, 55.947763109272884 ] ] ] } },
{ "type": "Feature", "properties": { "from_id": "399", "population": 6170.5083960065667, "gravity_community": 56.215115638109147, "gravity_education": 54.122943808344345, "gravity_essential_services": 96.063369378983651, "gravity_food_and_drink": 475.38457458385142, "gravity_healthcare": 89.835753425136147, "gravity_shelter": 13.05712574876091, "avg_gravity": 130.77981376386427, "min_tt_community": 14.0, "min_tt_education": 10.0, "min_tt_essential_services": 8.0, "min_tt_food_and_drink": 13.0, "min_tt_healthcare": 15.0, "min_tt_shelter": 10.0, "avg_tt_community": 44.119718309859152, "avg_tt_education": 44.38095238095238, "avg_tt_essential_services": 42.84233261339093, "avg_tt_food_and_drink": 42.878684322938916, "avg_tt_healthcare": 43.752252252252255, "avg_tt_shelter": 42.87096774193548, "avg_tt_all": 43.474151270221512, "n_unreachable_categories": 0, "count_community": 284.0, "count_education": 273.0, "count_essential_services": 463.0, "count_food_and_drink": 2342.0, "count_healthcare": 444.0, "count_shelter": 62.0, "gravity_community_per_100": 0.91102891415706477, "gravity_education_per_100": 0.87712292626279642, "gravity_essential_services_per_100": 1.5568144991286943, "gravity_food_and_drink_per_100": 7.7041394983193134, "gravity_healthcare_per_100": 1.4558890071890365, "gravity_shelter_per_100": 0.21160534774105855, "shannon": 1.2514681051230379, "kl_divergence": 0.00032984692275820927, "jsd": 0.0090918109662840568, "city_similarity": 0.99090818903371591 }, "geometry": { "type": "Polygon", "coordinates": [ [ [ -3.125244477581422, 55.947741040611938 ], [ -3.133250611924748, 55.94773264417244 ], [ -3.13726744054795, 55.951618866851788 ], [ -3.133277338573154, 55.955513874856052 ], [ -3.125269598415585, 55.955522273739717 ], [ -3.121253566310878, 55.951635662174539 ], [ -3.125244477581422, 55.947741040611938 ] ] ] } },
{ "type": "Feature", "properties": { "from_id": "400", "population": 4309.7981945355668, "gravity_community": 68.213071853782679, "gravity_education": 62.117191932266131, "gravity_essential_services": 110.60014359019949, "gravity_food_and_drink": 546.36257742438818, "gravity_healthcare": 105.11346774541722, "gravity_shelter": 15.023655382908872, "avg_gravity": 151.23835132149375, "min_tt_community": 3.0, "min_tt_education": 6.0, "min_tt_essential_services": 2.0, "min_tt_food_and_drink": 2.0, "min_tt_healthcare": 1.0, "min_tt_shelter": 17.0, "avg_tt_community": 41.585284280936456, "avg_tt_education": 42.72027972027972, "avg_tt_essential_services": 41.356997971602432, "avg_tt_food_and_drink": 40.634543178973715, "avg_tt_healthcare": 41.370614035087719, "avg_tt_shelter": 40.261538461538464, "avg_tt_all": 41.321542941403088, "n_unreachable_categories": 0, "count_community": 299.0, "count_education": 286.0, "count_essential_services": 493.0, "count_food_and_drink": 2398.0, "count_healthcare": 456.0, "count_shelter": 65.0, "gravity_community_per_100": 1.5827439888083545, "gravity_education_per_100": 1.4413016370702716, "gravity_essential_services_per_100": 2.5662487800572764, "gravity_food_and_drink_per_100": 12.677219506869866, "gravity_healthcare_per_100": 2.4389417555256196, "gravity_shelter_per_100": 0.34859301305470647, "shannon": 1.2619605485249716, "kl_divergence": 0.00019321556545865218, "jsd": 0.0069387382211611457, "city_similarity": 0.9930612617788388 }, "geometry": { "type": "Polygon", "coordinates": [ [ [ -3.109254105978653, 55.955537510724604 ], [ -3.113246623067536, 55.951643279558411 ], [ -3.121253566310878, 55.951635662174539 ], [ -3.125269598415585, 55.955522273739717 ], [ -3.121277890230769, 55.959416891518799 ], [ -3.114199804106666, 55.959423652561895 ], [ -3.114185810089111, 55.959419250488281 ], [ -3.1137535572052, 55.959316253662102 ], [ -3.113415002822876, 55.959186553955078 ], [ -3.11307692527771, 55.959007263183594 ], [ -3.112865447998047, 55.958789825439453 ], [ -3.112879037857056, 55.958648681640618 ], [ -3.112906932830811, 55.958614349365234 ], [ -3.113338232040406, 55.958461761474602 ], [ -3.113293647766113, 55.958415985107422 ], [ -3.113172292709351, 55.958374023437486 ], [ -3.112656354904175, 55.958366394042969 ], [ -3.112384080886841, 55.958251953124986 ], [ -3.112040996551514, 55.958076477050781 ], [ -3.111761231336069, 55.95796467316692 ], [ -3.109254105978653, 55.955537510724604 ] ] ] } },
{ "type": "Feature", "properties": { "from_id": "401", "population": 336.106412734316, "gravity_community": 77.792769993284139, "gravity_education": 71.455553347314265, "gravity_essential_services": 132.48670172175514, "gravity_food_and_drink": 649.10271569633119, "gravity_healthcare": 120.20337393982447, "gravity_shelter": 18.474299747880892, "avg_gravity": 178.25256907439837, "min_tt_community": 8.0, "min_tt_education": 2.0, "min_tt_essential_services": 3.0, "min_tt_food_and_drink": 1.0, "min_tt_healthcare": 1.0, "min_tt_shelter": 12.0, "avg_tt_community": 39.775, "avg_tt_education": 40.814332247557005, "avg_tt_essential_services": 38.49904397705545, "avg_tt_food_and_drink": 36.87221997573797, "avg_tt_healthcare": 39.408247422680411, "avg_tt_shelter": 38.06849315068493, "avg_tt_all": 38.906222795619293, "n_unreachable_categories": 0, "count_community": 320.0, "count_education": 307.0, "count_essential_services": 523.0, "count_food_and_drink": 2474.0, "count_healthcare": 486.0, "count_shelter": 73.0, "gravity_community_per_100": 23.145279901213144, "gravity_education_per_100": 21.259800658370111, "gravity_essential_services_per_100": 39.418082102016506, "gravity_food_and_drink_per_100": 193.12416874635213, "gravity_healthcare_per_100": 35.763487212855509, "gravity_shelter_per_100": 5.4965627098833068, "shannon": 1.2796655129311365, "kl_divergence": 0.0005728486580970128, "jsd": 0.011923829490242588, "city_similarity": 0.98807617050975738 }, "geometry": { "type": "Polygon", "coordinates": [ [ [ -3.13726744054795, 55.951618866851788 ], [ -3.145274371014039, 55.951609688914083 ], [ -3.149292805446942, 55.955495516309263 ], [ -3.145303513559489, 55.959390910697223 ], [ -3.13729497688788, 55.959400091306726 ], [ -3.133277338573154, 55.955513874856052 ], [ -3.13726744054795, 55.951618866851788 ] ] ] } },
{ "type": "Feature", "properties": { "from_id": "402", "population": 1833.8581603827297, "gravity_community": 50.282562645657819, "gravity_education": 48.034426747747787, "gravity_essential_services": 81.022704643185392, "gravity_food_and_drink": 413.59582420185131, "gravity_healthcare": 79.43903541605485, "gravity_shelter": 11.22581403126801, "avg_gravity": 113.93339461429419, "min_tt_community": 7.0, "min_tt_education": 4.0, "min_tt_essential_services": 9.0, "min_tt_food_and_drink": 3.0, "min_tt_healthcare": 10.0, "min_tt_shelter": 21.0, "avg_tt_community": 44.318725099601593, "avg_tt_education": 45.090163934426229, "avg_tt_essential_services": 44.754137115839242, "avg_tt_food_and_drink": 45.388208616780048, "avg_tt_healthcare": 44.465994962216627, "avg_tt_shelter": 43.877192982456137, "avg_tt_all": 44.649070451886644, "n_unreachable_categories": 0, "count_community": 251.0, "count_education": 244.0, "count_essential_services": 423.0, "count_food_and_drink": 2206.0, "count_healthcare": 397.0, "count_shelter": 57.0, "gravity_community_per_100": 2.7419003133352335, "gravity_education_per_100": 2.6193098128005117, "gravity_essential_services_per_100": 4.41815547099214, "gravity_food_and_drink_per_100": 22.553315907241871, "gravity_healthcare_per_100": 4.3317982345742472, "gravity_shelter_per_100": 0.61214189154766263, "shannon": 1.2300254334514187, "kl_divergence": 0.0005307444409547472, "jsd": 0.011557332727160217, "city_similarity": 0.9884426672728398 }, "geometry": { "type": "Polygon", "coordinates": [ [ [ -3.109254105978653, 55.955537510724604 ], [ -3.111761231336069, 55.95796467316692 ], [ -3.111515998840332, 55.957866668701165 ], [ -3.111053466796875, 55.95765686035157 ], [ -3.11093807220459, 55.957599639892585 ], [ -3.110717535018921, 55.957450866699219 ], [ -3.110222101211547, 55.957256317138672 ], [ -3.109666585922241, 55.956935882568359 ], [ -3.108816385269165, 55.956501007080071 ], [ -3.108128309249878, 55.95618820190429 ], [ -3.107521533966064, 55.955970764160149 ], [ -3.106925964355469, 55.955638885498047 ], [ -3.106890201568604, 55.955619812011719 ], [ -3.106732639627667, 55.955539720011529 ], [ -3.109254105978653, 55.955537510724604 ] ] ] } },
{ "type": "Feature", "properties": { "from_id": "403", "population": 2.363343434802522, "gravity_community": 53.968667307117535, "gravity_education": 46.48491881020766, "gravity_essential_services": 94.274503260351366, "gravity_food_and_drink": 490.4268396519351, "gravity_healthcare": 84.706581203790378, "gravity_shelter": 11.627773297142999, "avg_gravity": 130.2482139217575, "min_tt_community": 4.0, "min_tt_education": 17.0, "min_tt_essential_services": 5.0, "min_tt_food_and_drink": 11.0, "min_tt_healthcare": 9.0, "min_tt_shelter": 28.0, "avg_tt_community": 43.266409266409269, "avg_tt_education": 44.769874476987447, "avg_tt_essential_services": 42.784922394678489, "avg_tt_food_and_drink": 41.707840560665794, "avg_tt_healthcare": 43.671497584541065, "avg_tt_shelter": 44.344262295081968, "avg_tt_all": 43.424134429727339, "n_unreachable_categories": 0, "count_community": 259.0, "count_education": 239.0, "count_essential_services": 451.0, "count_food_and_drink": 2284.0, "count_healthcare": 414.0, "count_shelter": 61.0, "gravity_community_per_100": 2283.5727771248403, "gravity_education_per_100": 1966.9134043606271, "gravity_essential_services_per_100": 3989.0310427197319, "gravity_food_and_drink_per_100": 20751.39958204655, "gravity_healthcare_per_100": 3584.1841670746576, "gravity_shelter_per_100": 492.0052297906758, "shannon": 1.2296907210594241, "kl_divergence": 0.00063181398965823964, "jsd": 0.012624124062768074, "city_similarity": 0.98737587593723197 }, "geometry": { "type": "Polygon", "coordinates": [ [ [ -3.125269598415585, 55.955522273739717 ], [ -3.133277338573154, 55.955513874856052 ], [ -3.13729497688788, 55.959400091306726 ], [ -3.133304078398998, 55.963295095640831 ], [ -3.125294731635455, 55.96330349696963 ], [ -3.121277890230769, 55.959416891518799 ], [ -3.125269598415585, 55.955522273739717 ] ] ] } },
{ "type": "Feature", "properties": { "from_id": "404", "population": 76.949749518548614, "gravity_community": 30.337323266280595, "gravity_education": 24.625859334786551, "gravity_essential_services": 57.893587307771519, "gravity_food_and_drink": 313.30182596209028, "gravity_healthcare": 46.683952197452363, "gravity_shelter": 6.2446368688764426, "avg_gravity": 79.847864156209624, "min_tt_community": 18.0, "min_tt_education": 26.0, "min_tt_essential_services": 13.0, "min_tt_food_and_drink": 13.0, "min_tt_healthcare": 13.0, "min_tt_shelter": 29.0, "avg_tt_community": 46.364705882352943, "avg_tt_education": 48.426666666666669, "avg_tt_essential_services": 47.081081081081081, "avg_tt_food_and_drink": 47.353036876355752, "avg_tt_healthcare": 46.405405405405403, "avg_tt_shelter": 49.153846153846153, "avg_tt_all": 47.464123677617998, "n_unreachable_categories": 0, "count_community": 170.0, "count_education": 150.0, "count_essential_services": 333.0, "count_food_and_drink": 1845.0, "count_healthcare": 259.0, "count_shelter": 39.0, "gravity_community_per_100": 39.424849926207791, "gravity_education_per_100": 32.002520461552024, "gravity_essential_services_per_100": 75.235576035002381, "gravity_food_and_drink_per_100": 407.15119662159441, "gravity_healthcare_per_100": 60.668101572181556, "gravity_shelter_per_100": 8.1152140298665731, "shannon": 1.1348998229684248, "kl_divergence": 0.0075672798529818524, "jsd": 0.043903868076558425, "city_similarity": 0.95609613192344156 }, "geometry": { "type": "Polygon", "coordinates": [ [ [ -3.13729497688788, 55.959400091306726 ], [ -3.145303513559489, 55.959390910697223 ], [ -3.149322758475644, 55.963276731749367 ], [ -3.145332670474829, 55.967172122580507 ], [ -3.137322526805704, 55.967181305862887 ], [ -3.133304078398998, 55.963295095640831 ], [ -3.13729497688788, 55.959400091306726 ] ] ] } },
{ "type": "Feature", "properties": { "from_id": "405", "population": 2811.0037124572023, "gravity_community": 52.108794108833962, "gravity_education": 49.793212537170383, "gravity_essential_services": 85.501485431047868, "gravity_food_and_drink": 432.82899907237521, "gravity_healthcare": 82.3052444581771, "gravity_shelter": 11.661425193457326, "avg_gravity": 119.03319346684366, "min_tt_community": 14.0, "min_tt_education": 16.0, "min_tt_essential_services": 14.0, "min_tt_food_and_drink": 7.0, "min_tt_healthcare": 12.0, "min_tt_shelter": 20.0, "avg_tt_community": 44.712686567164177, "avg_tt_education": 45.49429657794677, "avg_tt_essential_services": 44.252272727272725, "avg_tt_food_and_drink": 44.668428005284014, "avg_tt_healthcare": 44.47846889952153, "avg_tt_shelter": 44.31666666666667, "avg_tt_all": 44.653803240642645, "n_unreachable_categories": 0, "count_community": 268.0, "count_education": 263.0, "count_essential_services": 440.0, "count_food_and_drink": 2272.0, "count_healthcare": 418.0, "count_shelter": 60.0, "gravity_community_per_100": 1.8537433400713561, "gravity_education_per_100": 1.7713677259303329, "gravity_essential_services_per_100": 3.041671024913299, "gravity_food_and_drink_per_100": 15.397667287106618, "gravity_healthcare_per_100": 2.9279664090600237, "gravity_shelter_per_100": 0.41484915661187949, "shannon": 1.2425769510423845, "kl_divergence": 0.00036616491884066825, "jsd": 0.0096069243142094755, "city_similarity": 0.99039307568579049 }, "geometry": { "type": "Polygon", "coordinates": [ [ [ -3.121277890230769, 55.959416891518799 ], [ -3.125294731635455, 55.96330349696963 ], [ -3.124781157954603, 55.96380452962201 ], [ -3.123736143112183, 55.963367462158196 ], [ -3.123335361480713, 55.963184356689446 ], [ -3.123167991638184, 55.963100433349602 ], [ -3.122841835021973, 55.962902069091797 ], [ -3.122809410095215, 55.962890625 ], [ -3.122370719909668, 55.962738037109368 ], [ -3.122009754180909, 55.962543487548828 ], [ -3.12164831161499, 55.96240234375 ], [ -3.121412754058838, 55.962284088134759 ], [ -3.120653867721558, 55.96202468872071 ], [ -3.120283126831055, 55.96183776855468 ], [ -3.120109796524047, 55.961772918701172 ], [ -3.118766069412231, 55.961162567138672 ], [ -3.118236303329468, 55.960960388183587 ], [ -3.117576599121093, 55.960636138916016 ], [ -3.116986989974976, 55.960403442382805 ], [ -3.116788148880004, 55.960342407226555 ], [ -3.116078853607178, 55.960018157958977 ], [ -3.115840435028076, 55.959918975830078 ], [ -3.115775585174561, 55.959892272949219 ], [ -3.1156005859375, 55.959819793701179 ], [ -3.115296125411987, 55.959709167480469 ], [ -3.115073680877686, 55.959659576416001 ], [ -3.114993810653686, 55.959609985351555 ], [ -3.114764451980591, 55.959541320800774 ], [ -3.114452600479126, 55.959503173828111 ], [ -3.114199804106666, 55.959423652561895 ], [ -3.121277890230769, 55.959416891518799 ] ] ] } },
{ "type": "Feature", "properties": { "from_id": "406", "population": 2243.9286895973905, "gravity_community": 31.487273491567802, "gravity_education": 26.34476634928091, "gravity_essential_services": 57.373265227775519, "gravity_food_and_drink": 298.89630292392513, "gravity_healthcare": 48.937698844657469, "gravity_shelter": 7.5319359615294168, "avg_gravity": 78.428540466456042, "min_tt_community": 15.0, "min_tt_education": 25.0, "min_tt_essential_services": 13.0, "min_tt_food_and_drink": 12.0, "min_tt_healthcare": 17.0, "min_tt_shelter": 33.0, "avg_tt_community": 46.314285714285717, "avg_tt_education": 48.270440251572325, "avg_tt_essential_services": 47.712166172106826, "avg_tt_food_and_drink": 48.231236203090511, "avg_tt_healthcare": 46.812274368231044, "avg_tt_shelter": 47.934782608695649, "avg_tt_all": 47.545864219663677, "n_unreachable_categories": 0, "count_community": 175.0, "count_education": 159.0, "count_essential_services": 337.0, "count_food_and_drink": 1813.0, "count_healthcare": 277.0, "count_shelter": 46.0, "gravity_community_per_100": 1.4032207724576711, "gravity_education_per_100": 1.1740465047491206, "gravity_essential_services_per_100": 2.5568221260217285, "gravity_food_and_drink_per_100": 13.320222888970399, "gravity_healthcare_per_100": 2.18089367418525, "gravity_shelter_per_100": 0.33565843676078716, "shannon": 1.1683731836839857, "kl_divergence": 0.0045083005467246801, "jsd": 0.033845743285987419, "city_similarity": 0.96615425671401256 }, "geometry": { "type": "Polygon", "coordinates": [ [ [ -3.125294731635455, 55.96330349696963 ], [ -3.133304078398998, 55.963295095640831 ], [ -3.137322526805704, 55.967181305862887 ], [ -3.134451668069617, 55.96998271322397 ], [ -3.134084939956665, 55.969779968261719 ], [ -3.13366174697876, 55.969600677490234 ], [ -3.133560419082642, 55.969539642333991 ], [ -3.133339881896973, 55.969448089599609 ], [ -3.13247537612915, 55.969028472900391 ], [ -3.1318678855896, 55.968696594238281 ], [ -3.131589889526368, 55.968505859374993 ], [ -3.13103461265564, 55.968196868896484 ], [ -3.130781173706054, 55.967906951904304 ], [ -3.130348682403565, 55.967586517333991 ], [ -3.130167484283448, 55.967361450195312 ], [ -3.130103826522827, 55.967315673828118 ], [ -3.129771709442139, 55.967185974121101 ], [ -3.129303455352783, 55.966896057128899 ], [ -3.128787517547608, 55.966506958007805 ], [ -3.127609491348267, 55.965667724609375 ], [ -3.127137422561646, 55.965362548828118 ], [ -3.126389026641846, 55.964794158935554 ], [ -3.125190019607544, 55.964004516601562 ], [ -3.124949216842651, 55.963874816894538 ], [ -3.124781157954603, 55.96380452962201 ], [ -3.125294731635455, 55.96330349696963 ] ] ] } },
{ "type": "Feature", "properties": { "from_id": "407", "population": 1417.579729103845, "gravity_community": 43.229395674317672, "gravity_education": 34.471010720522401, "gravity_essential_services": 79.726037686913301, "gravity_food_and_drink": 429.64054885984496, "gravity_healthcare": 67.100205901408671, "gravity_shelter": 7.3633287052339584, "avg_gravity": 110.25508792470681, "min_tt_community": 22.0, "min_tt_education": 15.0, "min_tt_essential_services": 8.0, "min_tt_food_and_drink": 5.0, "min_tt_healthcare": 9.0, "min_tt_shelter": 20.0, "avg_tt_community": 45.454148471615717, "avg_tt_education": 47.297979797979799, "avg_tt_essential_services": 44.763285024154591, "avg_tt_food_and_drink": 43.593330245484019, "avg_tt_healthcare": 46.0, "avg_tt_shelter": 43.75, "avg_tt_all": 45.143123923205685, "n_unreachable_categories": 0, "count_community": 229.0, "count_education": 198.0, "count_essential_services": 414.0, "count_food_and_drink": 2160.0, "count_healthcare": 362.0, "count_shelter": 36.0, "gravity_community_per_100": 3.0495212922976904, "gravity_education_per_100": 2.4316805617920361, "gravity_essential_services_per_100": 5.6240954953069142, "gravity_food_and_drink_per_100": 30.308034182419629, "gravity_healthcare_per_100": 4.7334343546114033, "gravity_shelter_per_100": 0.51942959920066378, "shannon": 1.1785814249638804, "kl_divergence": 0.0033057335138530512, "jsd": 0.029162614083109568, "city_similarity": 0.97083738591689039 }, "geometry": { "type": "Polygon", "coordinates": [ [ [ -3.137322526805704, 55.967181305862887 ], [ -3.145332670474829, 55.967172122580507 ], [ -3.149352726275226, 55.971057937289601 ], [ -3.145463698811916, 55.974853916204317 ], [ -3.142978191375733, 55.973880767822273 ], [ -3.140514850616455, 55.972778320312507 ], [ -3.139712810516357, 55.972419738769538 ], [ -3.138915300369262, 55.972061157226562 ], [ -3.138043165206909, 55.971656799316406 ], [ -3.137605905532837, 55.971439361572273 ], [ -3.136771202087403, 55.971012115478509 ], [ -3.136340856552124, 55.970756530761726 ], [ -3.13603687286377, 55.970611572265625 ], [ -3.135899305343628, 55.970561981201158 ], [ -3.135209798812866, 55.970386505126939 ], [ -3.135062456130981, 55.970329284667976 ], [ -3.134907484054565, 55.970233917236335 ], [ -3.134671449661255, 55.970104217529297 ], [ -3.134451668069617, 55.96998271322397 ], [ -3.137322526805704, 55.967181305862887 ] ] ] } },
{ "type": "Feature", "properties": { "from_id": "408", "population": 3339.8379112812381, "gravity_community": 57.2612244773821, "gravity_education": 48.458613298154837, "gravity_essential_services": 99.787168316717782, "gravity_food_and_drink": 516.78179764803076, "gravity_healthcare": 87.357057190529375, "gravity_shelter": 13.033416846199497, "avg_gravity": 137.11321296283575, "min_tt_community": 18.0, "min_tt_education": 5.0, "min_tt_essential_services": 7.0, "min_tt_food_and_drink": 7.0, "min_tt_healthcare": 9.0, "min_tt_shelter": 10.0, "avg_tt_community": 42.539325842696627, "avg_tt_education": 44.727642276422763, "avg_tt_essential_services": 41.887912087912085, "avg_tt_food_and_drink": 40.57843996494303, "avg_tt_healthcare": 43.574821852731588, "avg_tt_shelter": 44.296875, "avg_tt_all": 42.934169504117676, "n_unreachable_categories": 0, "count_community": 267.0, "count_education": 246.0, "count_essential_services": 455.0, "count_food_and_drink": 2283.0, "count_healthcare": 421.0, "count_shelter": 64.0, "gravity_community_per_100": 1.7144911219782935, "gravity_education_per_100": 1.450927098422121, "gravity_essential_services_per_100": 2.9877847658312597, "gravity_food_and_drink_per_100": 15.473259822054702, "gravity_healthcare_per_100": 2.6156076884886073, "gravity_shelter_per_100": 0.3902409994860972, "shannon": 1.2407710607160765, "kl_divergence": 0.0004525273339581195, "jsd": 0.01065869585389397, "city_similarity": 0.98934130414610599 }, "geometry": { "type": "Polygon", "coordinates": [ [ [ -3.149322758475644, 55.963276731749367 ], [ -3.157332091260571, 55.963266769188024 ], [ -3.161352943169292, 55.967152194557563 ], [ -3.157363666448938, 55.971047971827566 ], [ -3.149352726275226, 55.971057937289601 ], [ -3.145332670474829, 55.967172122580507 ], [ -3.149322758475644, 55.963276731749367 ] ] ] } },
{ "type": "Feature", "properties": { "from_id": "409", "population": 2571.4193455855307, "gravity_community": 92.862376739753998, "gravity_education": 81.730040695151786, "gravity_essential_services": 160.98650394616357, "gravity_food_and_drink": 827.30393992944119, "gravity_healthcare": 136.77124115780848, "gravity_shelter": 21.065649583018025, "avg_gravity": 220.11995867522285, "min_tt_community": 6.0, "min_tt_education": 5.0, "min_tt_essential_services": 4.0, "min_tt_food_and_drink": 3.0, "min_tt_healthcare": 6.0, "min_tt_shelter": 5.0, "avg_tt_community": 36.396969696969698, "avg_tt_education": 39.50299401197605, "avg_tt_essential_services": 34.456400742115029, "avg_tt_food_and_drink": 30.948624595469255, "avg_tt_healthcare": 37.153241650294696, "avg_tt_shelter": 39.445783132530117, "avg_tt_all": 36.317335638225806, "n_unreachable_categories": 0, "count_community": 330.0, "count_education": 334.0, "count_essential_services": 539.0, "count_food_and_drink": 2473.0, "count_healthcare": 509.0, "count_shelter": 83.0, "gravity_community_per_100": 3.6113276078121972, "gravity_education_per_100": 3.1784018750368883, "gravity_essential_services_per_100": 6.2606087265593686, "gravity_food_and_drink_per_100": 32.173046428608018, "gravity_healthcare_per_100": 5.3189006838814414, "gravity_shelter_per_100": 0.8192226452360778, "shannon": 1.3050415963781572, "kl_divergence": 0.0018479923279736002, "jsd": 0.021350139748174922, "city_similarity": 0.9786498602518251 }, "geometry": { "type": "Polygon", "coordinates": [ [ [ -3.173350741003202, 55.963245282837576 ], [ -3.181360057432737, 55.963233759050006 ], [ -3.185383311638895, 55.96711839888858 ], [ -3.181396454765684, 55.971014952078363 ], [ -3.17338553095843, 55.971026479221173 ], [ -3.169363071666279, 55.967141449818428 ], [ -3.173350741003202, 55.963245282837576 ] ] ] } },
{ "type": "Feature", "properties": { "from_id": "410", "population": 3730.929323954525, "gravity_community": 78.723602757177517, "gravity_education": 67.022161140052006, "gravity_essential_services": 133.98952243432865, "gravity_food_and_drink": 700.81254164117706, "gravity_healthcare": 115.55042344047295, "gravity_shelter": 17.92597325413427, "avg_gravity": 185.67070411122373, "min_tt_community": 5.0, "min_tt_education": 4.0, "min_tt_essential_services": 4.0, "min_tt_food_and_drink": 5.0, "min_tt_healthcare": 5.0, "min_tt_shelter": 6.0, "avg_tt_community": 38.138513513513516, "avg_tt_education": 40.94055944055944, "avg_tt_essential_services": 37.135080645161288, "avg_tt_food_and_drink": 34.33837111670865, "avg_tt_healthcare": 39.396551724137929, "avg_tt_shelter": 41.226666666666667, "avg_tt_all": 38.529290517791246, "n_unreachable_categories": 0, "count_community": 296.0, "count_education": 286.0, "count_essential_services": 496.0, "count_food_and_drink": 2383.0, "count_healthcare": 464.0, "count_shelter": 75.0, "gravity_community_per_100": 2.1100266427383296, "gravity_education_per_100": 1.796393212536473, "gravity_essential_services_per_100": 3.5913176262558926, "gravity_food_and_drink_per_100": 18.78386001958259, "gravity_healthcare_per_100": 3.0970949435728672, "gravity_shelter_per_100": 0.48046938705164183, "shannon": 1.2731439062236982, "kl_divergence": 0.00056967006357925773, "jsd": 0.011828171835912707, "city_similarity": 0.98817182816408733 }, "geometry": { "type": "Polygon", "coordinates": [ [ [ -3.161352943169292, 55.967152194557563 ], [ -3.169363071666279, 55.967141449818428 ], [ -3.17338553095843, 55.971026479221173 ], [ -3.169397066311196, 55.974922642871782 ], [ -3.161385330034428, 55.97493339073953 ], [ -3.157363666448938, 55.971047971827566 ], [ -3.161352943169292, 55.967152194557563 ] ] ] } },
{ "type": "Feature", "properties": { "from_id": "411", "population": 104.94258266878913, "gravity_community": 7.2626463155859291, "gravity_education": 4.4894047483439801, "gravity_essential_services": 9.8613207426514666, "gravity_food_and_drink": 52.666452775574349, "gravity_healthcare": 10.352283473366784, "gravity_shelter": 1.4241755724516314, "avg_gravity": 14.34271393799569, "min_tt_community": 45.0, "min_tt_education": 32.0, "min_tt_essential_services": 25.0, "min_tt_food_and_drink": 22.0, "min_tt_healthcare": 26.0, "min_tt_shelter": 39.0, "avg_tt_community": 53.964912280701753, "avg_tt_education": 52.15625, "avg_tt_essential_services": 51.594202898550726, "avg_tt_food_and_drink": 53.95, "avg_tt_healthcare": 52.960526315789473, "avg_tt_shelter": 51.9, "avg_tt_all": 52.754315249173658, "n_unreachable_categories": 0, "count_community": 57.0, "count_education": 32.0, "count_essential_services": 69.0, "count_food_and_drink": 401.0, "count_healthcare": 76.0, "count_shelter": 10.0, "gravity_community_per_100": 6.9205904132430938, "gravity_education_per_100": 4.2779628956846416, "gravity_essential_services_per_100": 9.3968725486535156, "gravity_food_and_drink_per_100": 50.185969733369099, "gravity_healthcare_per_100": 9.8647119311326481, "gravity_shelter_per_100": 1.3570997932712343, "shannon": 1.2145977019581233, "kl_divergence": 0.0073503928249637751, "jsd": 0.043442875485139275, "city_similarity": 0.95655712451486075 }, "geometry": { "type": "Polygon", "coordinates": [ [ [ -3.149352726275226, 55.971057937289601 ], [ -3.157363666448938, 55.971047971827566 ], [ -3.161385330034428, 55.97493339073953 ], [ -3.157395257210973, 55.978829164567145 ], [ -3.150029638919477, 55.978838347413266 ], [ -3.149689912796021, 55.978233337402344 ], [ -3.145881652832031, 55.975017547607422 ], [ -3.145463698811916, 55.974853916204317 ], [ -3.149352726275226, 55.971057937289601 ] ] ] } },
{ "type": "Feature", "properties": { "from_id": "412", "population": 2229.6785938635039, "gravity_community": 91.683373507534583, "gravity_education": 80.729092375956455, "gravity_essential_services": 152.27091321438732, "gravity_food_and_drink": 774.55234661592328, "gravity_healthcare": 137.16014974445443, "gravity_shelter": 19.916985116240458, "avg_gravity": 209.38547676241612, "min_tt_community": 2.0, "min_tt_education": 4.0, "min_tt_essential_services": 3.0, "min_tt_food_and_drink": 1.0, "min_tt_healthcare": 1.0, "min_tt_shelter": 13.0, "avg_tt_community": 36.768518518518519, "avg_tt_education": 39.680981595092021, "avg_tt_essential_services": 35.872420262664164, "avg_tt_food_and_drink": 32.511646914589292, "avg_tt_healthcare": 37.308, "avg_tt_shelter": 40.308641975308639, "avg_tt_all": 37.075034877695437, "n_unreachable_categories": 0, "count_community": 324.0, "count_education": 326.0, "count_essential_services": 533.0, "count_food_and_drink": 2448.0, "count_healthcare": 500.0, "count_shelter": 81.0, "gravity_community_per_100": 4.111954689786435, "gravity_education_per_100": 3.620660511256562, "gravity_essential_services_per_100": 6.8292763644708971, "gravity_food_and_drink_per_100": 34.738295857871059, "gravity_healthcare_per_100": 6.1515659755601115, "gravity_shelter_per_100": 0.89326709109805136, "shannon": 1.3012947214063293, "kl_divergence": 0.0015841304200081294, "jsd": 0.019774584680763256, "city_similarity": 0.98022541531923679 }, "geometry": { "type": "Polygon", "coordinates": [ [ [ -3.17338553095843, 55.971026479221173 ], [ -3.181396454765684, 55.971014952078363 ], [ -3.185420521831856, 55.974899585230098 ], [ -3.181432870050664, 55.978796135202913 ], [ -3.173420338072907, 55.978807665702313 ], [ -3.169397066311196, 55.974922642871782 ], [ -3.17338553095843, 55.971026479221173 ] ] ] } },
{ "type": "Feature", "properties": { "from_id": "413", "population": 2041.8528255246038, "gravity_community": 69.504185675125285, "gravity_education": 57.776619654615097, "gravity_essential_services": 123.55056636659181, "gravity_food_and_drink": 651.90672032893474, "gravity_healthcare": 105.11004497680142, "gravity_shelter": 17.219554840899487, "avg_gravity": 170.84461530716132, "min_tt_community": 9.0, "min_tt_education": 11.0, "min_tt_essential_services": 6.0, "min_tt_food_and_drink": 5.0, "min_tt_healthcare": 6.0, "min_tt_shelter": 2.0, "avg_tt_community": 39.805653710247348, "avg_tt_education": 42.415730337078649, "avg_tt_essential_services": 38.471074380165291, "avg_tt_food_and_drink": 36.045820958845994, "avg_tt_healthcare": 41.24282560706402, "avg_tt_shelter": 41.414285714285711, "avg_tt_all": 39.899231784614507, "n_unreachable_categories": 0, "count_community": 283.0, "count_education": 267.0, "count_essential_services": 484.0, "count_food_and_drink": 2358.0, "count_healthcare": 453.0, "count_shelter": 70.0, "gravity_community_per_100": 3.403976271270575, "gravity_education_per_100": 2.8296172443168532, "gravity_essential_services_per_100": 6.0509045912674209, "gravity_food_and_drink_per_100": 31.927213958794674, "gravity_healthcare_per_100": 5.1477777273098022, "gravity_shelter_per_100": 0.84332987302722706, "shannon": 1.2583454108453402, "kl_divergence": 0.00042006407641547588, "jsd": 0.010195625416579469, "city_similarity": 0.98980437458342052 }, "geometry": { "type": "Polygon", "coordinates": [ [ [ -3.161385330034428, 55.97493339073953 ], [ -3.169397066311196, 55.974922642871782 ], [ -3.173420338072907, 55.978807665702313 ], [ -3.169431077724639, 55.982703826023887 ], [ -3.161417732875032, 55.982714577021476 ], [ -3.157395257210973, 55.978829164567145 ], [ -3.161385330034428, 55.97493339073953 ] ] ] } },
{ "type": "Feature", "properties": { "from_id": "414", "population": 1.7701443843548954, "gravity_community": 51.799893004968986, "gravity_education": 41.951540099002543, "gravity_essential_services": 90.463048833708697, "gravity_food_and_drink": 482.23163689271013, "gravity_healthcare": 77.511411561700484, "gravity_shelter": 11.703742783563973, "avg_gravity": 125.9435455292758, "min_tt_community": 6.0, "min_tt_education": 16.0, "min_tt_essential_services": 13.0, "min_tt_food_and_drink": 2.0, "min_tt_healthcare": 7.0, "min_tt_shelter": 8.0, "avg_tt_community": 42.5, "avg_tt_education": 44.86175115207373, "avg_tt_essential_services": 42.491725768321515, "avg_tt_food_and_drink": 41.617526243724328, "avg_tt_healthcare": 43.714285714285715, "avg_tt_shelter": 41.32, "avg_tt_all": 42.750881479734211, "n_unreachable_categories": 0, "count_community": 240.0, "count_education": 217.0, "count_essential_services": 423.0, "count_food_and_drink": 2192.0, "count_healthcare": 371.0, "count_shelter": 50.0, "gravity_community_per_100": 2926.3089193623459, "gravity_education_per_100": 2369.9501842778322, "gravity_essential_services_per_100": 5110.4898353631588, "gravity_food_and_drink_per_100": 27242.502993248923, "gravity_healthcare_per_100": 4378.8186007181803, "gravity_shelter_per_100": 661.17447181175783, "shannon": 1.2036195141616339, "kl_divergence": 0.0013835715375612396, "jsd": 0.018688674602954387, "city_similarity": 0.98131132539704558 }, "geometry": { "type": "Polygon", "coordinates": [ [ [ -3.173420338072907, 55.978807665702313 ], [ -3.181432870050664, 55.978796135202913 ], [ -3.18545775037945, 55.982680761667659 ], [ -3.181469303299828, 55.986577308424742 ], [ -3.173455162358245, 55.986588842282096 ], [ -3.169431077724639, 55.982703826023887 ], [ -3.173420338072907, 55.978807665702313 ] ] ] } },
{ "type": "Feature", "properties": { "from_id": "415", "population": 613.97749065760195, "gravity_community": 4.4209480404574322, "gravity_education": 2.5847674907552749, "gravity_essential_services": 6.918198644358684, "gravity_food_and_drink": 33.401221645683108, "gravity_healthcare": 7.0129466977064352, "gravity_shelter": 0.86177140645293626, "avg_gravity": 9.1999756542356455, "min_tt_community": 48.0, "min_tt_education": 35.0, "min_tt_essential_services": 28.0, "min_tt_food_and_drink": 26.0, "min_tt_healthcare": 30.0, "min_tt_shelter": 42.0, "avg_tt_community": 54.805555555555557, "avg_tt_education": 51.444444444444443, "avg_tt_essential_services": 52.862745098039213, "avg_tt_food_and_drink": 55.041984732824424, "avg_tt_healthcare": 54.166666666666664, "avg_tt_shelter": 51.5, "avg_tt_all": 53.303566082921719, "n_unreachable_categories": 0, "count_community": 36.0, "count_education": 18.0, "count_essential_services": 51.0, "count_food_and_drink": 263.0, "count_healthcare": 54.0, "count_shelter": 6.0, "gravity_community_per_100": 0.72005050799539339, "gravity_education_per_100": 0.42098733749780531, "gravity_essential_services_per_100": 1.1267837583017795, "gravity_food_and_drink_per_100": 5.4401378151353166, "gravity_healthcare_per_100": 1.1422156030826478, "gravity_shelter_per_100": 0.14035879483626248, "shannon": 1.2152243962356084, "kl_divergence": 0.0093959018735161083, "jsd": 0.049816457334987081, "city_similarity": 0.95018354266501293 }, "geometry": { "type": "MultiPolygon", "coordinates": [ [ [ [ -3.15824972524851, 55.985807168590419 ], [ -3.157704591751099, 55.985748291015618 ], [ -3.156618595123291, 55.985233306884751 ], [ -3.156491994857788, 55.984970092773438 ], [ -3.156805992126465, 55.984638214111328 ], [ -3.157569646835328, 55.984718322753906 ], [ -3.157801628112793, 55.984550476074219 ], [ -3.157938718795776, 55.985107421875 ], [ -3.158673708297334, 55.985393312060097 ], [ -3.15824972524851, 55.985807168590419 ] ] ], [ [ [ -3.158727247260747, 55.98534105110128 ], [ -3.158554315567016, 55.984466552734368 ], [ -3.15976569743161, 55.984327356771871 ], [ -3.158727247260747, 55.98534105110128 ] ] ], [ [ [ -3.157395257210973, 55.978829164567145 ], [ -3.161417732875032, 55.982714577021476 ], [ -3.159769367671949, 55.984323773917446 ], [ -3.159070014953614, 55.98423767089843 ], [ -3.15877079963684, 55.983989715576165 ], [ -3.15858244895935, 55.983585357666001 ], [ -3.158638000488281, 55.983249664306641 ], [ -3.158910751342773, 55.983150482177734 ], [ -3.158639192581177, 55.983180999755852 ], [ -3.15873122215271, 55.982830047607422 ], [ -3.156530857086182, 55.98186874389647 ], [ -3.155670404434204, 55.980804443359375 ], [ -3.153257131576538, 55.980438232421868 ], [ -3.152174711227417, 55.980739593505852 ], [ -3.150983333587646, 55.980560302734375 ], [ -3.149689197540283, 55.980636596679688 ], [ -3.15002965927124, 55.980010986328118 ], [ -3.149637937545776, 55.979724884033189 ], [ -3.1500244140625, 55.979454040527344 ], [ -3.150261640548706, 55.979515075683587 ], [ -3.151063442230225, 55.979206085205085 ], [ -3.151348114013672, 55.978916168212891 ], [ -3.150101184844971, 55.978965759277337 ], [ -3.150029638919477, 55.978838347413266 ], [ -3.157395257210973, 55.978829164567145 ] ] ] ] } },
{ "type": "Feature", "properties": { "from_id": "416", "population": 441.21486783642484, "gravity_community": 38.315685935377857, "gravity_education": 29.12918312653138, "gravity_essential_services": 70.268673578105506, "gravity_food_and_drink": 401.98603454581774, "gravity_healthcare": 54.997643489380522, "gravity_shelter": 8.8663157318203627, "avg_gravity": 100.59392273450555, "min_tt_community": 20.0, "min_tt_education": 19.0, "min_tt_essential_services": 13.0, "min_tt_food_and_drink": 13.0, "min_tt_healthcare": 17.0, "min_tt_shelter": 14.0, "avg_tt_community": 45.676616915422883, "avg_tt_education": 47.398809523809526, "avg_tt_essential_services": 44.073446327683612, "avg_tt_food_and_drink": 44.046766169154232, "avg_tt_healthcare": 45.979591836734691, "avg_tt_shelter": 42.5, "avg_tt_all": 44.945871795467497, "n_unreachable_categories": 0, "count_community": 201.0, "count_education": 168.0, "count_essential_services": 354.0, "count_food_and_drink": 2011.0, "count_healthcare": 294.0, "count_shelter": 40.0, "gravity_community_per_100": 8.68413299924946, "gravity_education_per_100": 6.6020402416109594, "gravity_essential_services_per_100": 15.926179895677672, "gravity_food_and_drink_per_100": 91.108904946251556, "gravity_healthcare_per_100": 12.465047644262578, "gravity_shelter_per_100": 2.0095233361690439, "shannon": 1.1449825933299671, "kl_divergence": 0.0061666730328760345, "jsd": 0.039577396481550217, "city_similarity": 0.96042260351844977 }, "geometry": { "type": "Polygon", "coordinates": [ [ [ -3.161417732875032, 55.982714577021476 ], [ -3.169431077724639, 55.982703826023887 ], [ -3.173455162358245, 55.986588842282096 ], [ -3.172286956559174, 55.987729650913998 ], [ -3.172110557556152, 55.987689971923828 ], [ -3.17127799987793, 55.987876892089844 ], [ -3.170863151550293, 55.987731933593757 ], [ -3.17054271697998, 55.987895965576165 ], [ -3.170700311660766, 55.987644195556634 ], [ -3.169891834259033, 55.988262176513679 ], [ -3.169478416442872, 55.988323211669922 ], [ -3.169553279876709, 55.988094329833984 ], [ -3.169328212738037, 55.988124847412102 ], [ -3.169504880905152, 55.987819671630859 ], [ -3.170272827148437, 55.987449645996087 ], [ -3.167437314987183, 55.986339569091797 ], [ -3.16318416595459, 55.985244750976555 ], [ -3.162584304809571, 55.985176086425788 ], [ -3.161987781524658, 55.985385894775384 ], [ -3.162350416183471, 55.985610961914062 ], [ -3.162416934967041, 55.986331939697266 ], [ -3.162176847457886, 55.9864501953125 ], [ -3.162095308303833, 55.9869384765625 ], [ -3.161654233932495, 55.986930847167976 ], [ -3.162228584289551, 55.987113952636719 ], [ -3.162168741226196, 55.9873046875 ], [ -3.16088891029358, 55.987598419189453 ], [ -3.160249948501587, 55.987514495849609 ], [ -3.159802198410034, 55.987228393554688 ], [ -3.159564971923829, 55.988086700439446 ], [ -3.159257411956787, 55.988147735595696 ], [ -3.158018827438354, 55.986232757568359 ], [ -3.158698797225953, 55.986141204833977 ], [ -3.158693552017211, 55.985855102539062 ], [ -3.15824972524851, 55.985807168590419 ], [ -3.158673708297334, 55.985393312060097 ], [ -3.158742904663086, 55.985420227050774 ], [ -3.158727247260747, 55.98534105110128 ], [ -3.15976569743161, 55.984327356771871 ], [ -3.159782648086548, 55.984325408935547 ], [ -3.159769367671949, 55.984323773917446 ], [ -3.161417732875032, 55.982714577021476 ] ] ] } },
{ "type": "Feature", "properties": { "from_id": "417", "population": 2794.2460112298581, "gravity_community": 17.732858476509495, "gravity_education": 13.113723051763033, "gravity_essential_services": 29.157400181430233, "gravity_food_and_drink": 154.24984855808233, "gravity_healthcare": 23.451697654257561, "gravity_shelter": 4.0417847616697085, "avg_gravity": 40.291218780618728, "min_tt_community": 25.0, "min_tt_education": 21.0, "min_tt_essential_services": 26.0, "min_tt_food_and_drink": 13.0, "min_tt_healthcare": 35.0, "min_tt_shelter": 27.0, "avg_tt_community": 49.194690265486727, "avg_tt_education": 49.8, "avg_tt_essential_services": 50.192708333333336, "avg_tt_food_and_drink": 51.076701821668266, "avg_tt_healthcare": 49.82236842105263, "avg_tt_shelter": 46.782608695652172, "avg_tt_all": 49.478179589532182, "n_unreachable_categories": 0, "count_community": 113.0, "count_education": 85.0, "count_essential_services": 192.0, "count_food_and_drink": 1044.0, "count_healthcare": 152.0, "count_shelter": 23.0, "gravity_community_per_100": 0.63462051677778231, "gravity_education_per_100": 0.46931168548009, "gravity_essential_services_per_100": 1.0434800681203051, "gravity_food_and_drink_per_100": 5.5202672899295253, "gravity_healthcare_per_100": 0.83928535855493769, "gravity_shelter_per_100": 0.14464670417086001, "shannon": 1.1598404187607587, "kl_divergence": 0.0055815442697305286, "jsd": 0.037800820071487058, "city_similarity": 0.96219917992851289 }, "geometry": { "type": "Polygon", "coordinates": [ [ [ -3.173455162358245, 55.986588842282096 ], [ -3.181469303299828, 55.986577308424742 ], [ -3.184731717755465, 55.989725466826705 ], [ -3.183855295181274, 55.991497039794922 ], [ -3.183775186538696, 55.991523742675781 ], [ -3.182265520095826, 55.991680145263672 ], [ -3.180073499679566, 55.990348815917962 ], [ -3.178044795989991, 55.989475250244141 ], [ -3.173518180847168, 55.988006591796882 ], [ -3.172286956559174, 55.987729650913998 ], [ -3.173455162358245, 55.986588842282096 ] ] ] } },
{ "type": "Feature", "properties": { "from_id": "418", "population": 5755.6586371236108, "gravity_community": 2.6930717028488256, "gravity_education": 2.0442530501048726, "gravity_essential_services": 4.5517536682172679, "gravity_food_and_drink": 14.071141002188934, "gravity_healthcare": 4.1982014242038552, "gravity_shelter": 1.4831168505457692, "avg_gravity": 4.8402562830182543, "min_tt_community": 34.0, "min_tt_education": 31.0, "min_tt_essential_services": 43.0, "min_tt_food_and_drink": 42.0, "min_tt_healthcare": 44.0, "min_tt_shelter": 39.0, "avg_tt_community": 53.2, "avg_tt_education": 51.357142857142854, "avg_tt_essential_services": 54.194444444444443, "avg_tt_food_and_drink": 53.524752475247524, "avg_tt_healthcare": 54.764705882352942, "avg_tt_shelter": 52.81818181818182, "avg_tt_all": 53.309871246228255, "n_unreachable_categories": 0, "count_community": 20.0, "count_education": 14.0, "count_essential_services": 36.0, "count_food_and_drink": 102.0, "count_healthcare": 34.0, "count_shelter": 11.0, "gravity_community_per_100": 0.046789983086882432, "gravity_education_per_100": 0.03551727402524496, "gravity_essential_services_per_100": 0.079083106820456009, "gravity_food_and_drink_per_100": 0.24447490529460905, "gravity_healthcare_per_100": 0.072940417229154952, "gravity_shelter_per_100": 0.025767977985695075, "shannon": 1.4910104294780933, "kl_divergence": 0.057773023815861614, "jsd": 0.11458698372027701, "city_similarity": 0.88541301627972302 }, "geometry": { "type": "Polygon", "coordinates": [ [ [ -3.425426723736257, 55.943179709775116 ], [ -3.43343171049948, 55.943151814049308 ], [ -3.437478054211827, 55.947028187746923 ], [ -3.43351863005172, 55.950932848779821 ], [ -3.425512038103174, 55.950960752625214 ], [ -3.421466475763719, 55.947083987316823 ], [ -3.425426723736257, 55.943179709775116 ] ] ] } },
{ "type": "Feature", "properties": { "from_id": "419", "population": 4717.4840573182291, "gravity_community": 0.22017936166296731, "gravity_education": 0.32409159204648419, "gravity_essential_services": 0.46280920222721778, "gravity_food_and_drink": 0.81327069975738875, "gravity_healthcare": 0.55385828179455532, "gravity_shelter": 0.10797751623277096, "avg_gravity": 0.41369777562023069, "min_tt_community": 57.0, "min_tt_education": 57.0, "min_tt_essential_services": 55.0, "min_tt_food_and_drink": 54.0, "min_tt_healthcare": 55.0, "min_tt_shelter": 58.0, "avg_tt_community": 57.5, "avg_tt_education": 58.0, "avg_tt_essential_services": 56.25, "avg_tt_food_and_drink": 56.142857142857146, "avg_tt_healthcare": 57.4, "avg_tt_shelter": 58.0, "avg_tt_all": 57.215476190476188, "n_unreachable_categories": 0, "count_community": 2.0, "count_education": 3.0, "count_essential_services": 4.0, "count_food_and_drink": 7.0, "count_healthcare": 5.0, "count_shelter": 1.0, "gravity_community_per_100": 0.0046673048385060941, "gravity_education_per_100": 0.0068700092699565396, "gravity_essential_services_per_100": 0.0098105090892519758, "gravity_food_and_drink_per_100": 0.017239500756674794, "gravity_healthcare_per_100": 0.011740543795486821, "gravity_shelter_per_100": 0.0022888793034767235, "shannon": 1.641230214068625, "kl_divergence": 0.1850303789250036, "jsd": 0.21228149377564581, "city_similarity": 0.78771850622435413 }, "geometry": { "type": "Polygon", "coordinates": [ [ [ -3.413460665583559, 55.94711110700846 ], [ -3.421466475763719, 55.947083987316823 ], [ -3.425512038103174, 55.950960752625214 ], [ -3.421551008362207, 55.954865029182358 ], [ -3.413543592587016, 55.954892156768175 ], [ -3.409498812411576, 55.95101499990141 ], [ -3.413460665583559, 55.94711110700846 ] ] ] } },
{ "type": "Feature", "properties": { "from_id": "420", "population": 1348.767779748564, "gravity_community": 2.7583904017195469, "gravity_education": 4.0437936010412452, "gravity_essential_services": 4.2581811635081683, "gravity_food_and_drink": 12.060944444032712, "gravity_healthcare": 3.8865053364435704, "gravity_shelter": 0.91330878157225137, "avg_gravity": 4.6535206213862486, "min_tt_community": 18.0, "min_tt_education": 18.0, "min_tt_essential_services": 16.0, "min_tt_food_and_drink": 17.0, "min_tt_healthcare": 18.0, "min_tt_shelter": 54.0, "avg_tt_community": 34.111111111111114, "avg_tt_education": 38.1875, "avg_tt_essential_services": 49.291666666666664, "avg_tt_food_and_drink": 53.120481927710841, "avg_tt_healthcare": 47.8, "avg_tt_shelter": 56.625, "avg_tt_all": 46.522626617581437, "n_unreachable_categories": 0, "count_community": 9.0, "count_education": 16.0, "count_essential_services": 24.0, "count_food_and_drink": 83.0, "count_healthcare": 20.0, "count_shelter": 8.0, "gravity_community_per_100": 0.2045118843388862, "gravity_education_per_100": 0.29981392362405673, "gravity_essential_services_per_100": 0.31570899212182951, "gravity_food_and_drink_per_100": 0.89421949613009755, "gravity_healthcare_per_100": 0.28815229684446414, "gravity_shelter_per_100": 0.067714308962993575, "shannon": 1.4269008100906848, "kl_divergence": 0.040347647924733353, "jsd": 0.094087413416676272, "city_similarity": 0.90591258658332374 }, "geometry": { "type": "Polygon", "coordinates": [ [ [ -3.38944315438264, 55.947189345687335 ], [ -3.397449004629349, 55.947163786195574 ], [ -3.401492179196033, 55.95104134332837 ], [ -3.397528720415294, 55.954944851289504 ], [ -3.38952126454646, 55.954970418221308 ], [ -3.385478873344253, 55.951092469750726 ], [ -3.38944315438264, 55.947189345687335 ] ] ] } },
{ "type": "Feature", "properties": { "from_id": "421", "population": 3959.0072088658567, "gravity_community": 24.690124687398434, "gravity_education": 27.533184022557379, "gravity_essential_services": 53.892551599248129, "gravity_food_and_drink": 239.0842462454581, "gravity_healthcare": 40.148020547461698, "gravity_shelter": 7.8500005424674617, "avg_gravity": 65.53302127409853, "min_tt_community": 5.0, "min_tt_education": 6.0, "min_tt_essential_services": 5.0, "min_tt_food_and_drink": 5.0, "min_tt_healthcare": 2.0, "min_tt_shelter": 27.0, "avg_tt_community": 49.265306122448976, "avg_tt_education": 48.3875, "avg_tt_essential_services": 48.319875776397517, "avg_tt_food_and_drink": 50.581115335868191, "avg_tt_healthcare": 48.459574468085108, "avg_tt_shelter": 43.975, "avg_tt_all": 48.164728617133306, "n_unreachable_categories": 0, "count_community": 147.0, "count_education": 160.0, "count_essential_services": 322.0, "count_food_and_drink": 1579.0, "count_healthcare": 235.0, "count_shelter": 40.0, "gravity_community_per_100": 0.62364434780788025, "gravity_education_per_100": 0.69545677918694304, "gravity_essential_services_per_100": 1.3612642957194012, "gravity_food_and_drink_per_100": 6.0389949710131736, "gravity_healthcare_per_100": 1.014093140764019, "gravity_shelter_per_100": 0.19828204719829912, "shannon": 1.1864517401057206, "kl_divergence": 0.0035913421815233337, "jsd": 0.030252322315350716, "city_similarity": 0.96974767768464931 }, "geometry": { "type": "Polygon", "coordinates": [ [ [ -3.401492179196033, 55.95104134332837 ], [ -3.409498812411576, 55.95101499990141 ], [ -3.413543592587016, 55.954892156768175 ], [ -3.40958095685534, 55.958796048566455 ], [ -3.401572717635314, 55.958822399662061 ], [ -3.397528720415294, 55.954944851289504 ], [ -3.401492179196033, 55.95104134332837 ] ] ] } },
{ "type": "Feature", "properties": { "from_id": "422", "population": 1749.1606895431155, "gravity_community": 2.4187306360122056, "gravity_education": 3.9366442649487641, "gravity_essential_services": 4.0475679347326334, "gravity_food_and_drink": 12.439916558027011, "gravity_healthcare": 3.4144735164378615, "gravity_shelter": 1.0785556345807135, "avg_gravity": 4.5559814241231988, "min_tt_community": 29.0, "min_tt_education": 29.0, "min_tt_essential_services": 27.0, "min_tt_food_and_drink": 26.0, "min_tt_healthcare": 27.0, "min_tt_shelter": 33.0, "avg_tt_community": 41.363636363636367, "avg_tt_education": 41.166666666666664, "avg_tt_essential_services": 50.08, "avg_tt_food_and_drink": 53.714285714285715, "avg_tt_healthcare": 50.238095238095241, "avg_tt_shelter": 53.75, "avg_tt_all": 48.385447330447334, "n_unreachable_categories": 0, "count_community": 11.0, "count_education": 18.0, "count_essential_services": 25.0, "count_food_and_drink": 85.0, "count_healthcare": 21.0, "count_shelter": 8.0, "gravity_community_per_100": 0.13827949887462787, "gravity_education_per_100": 0.22505904051485537, "gravity_essential_services_per_100": 0.23140057737004524, "gravity_food_and_drink_per_100": 0.71119346738099543, "gravity_healthcare_per_100": 0.19520639452111913, "gravity_shelter_per_100": 0.061661323686758272, "shannon": 1.4509205539278476, "kl_divergence": 0.040585873358040765, "jsd": 0.095052695764750755, "city_similarity": 0.90494730423524927 }, "geometry": { "type": "Polygon", "coordinates": [ [ [ -3.425597394528353, 55.958741785498773 ], [ -3.421551008362207, 55.954865029182358 ], [ -3.425512038103174, 55.950960752625214 ], [ -3.43351863005172, 55.950932848779821 ], [ -3.433715568201529, 55.951121496637356 ], [ -3.42845606803894, 55.952091217041009 ], [ -3.42839503288269, 55.952171325683601 ], [ -3.428597450256348, 55.952583312988281 ], [ -3.429044246673584, 55.953144073486321 ], [ -3.4290030002594, 55.953330993652344 ], [ -3.424916982650757, 55.953758239746087 ], [ -3.425966262817383, 55.956031799316406 ], [ -3.426045894622803, 55.956932067871101 ], [ -3.425975884516194, 55.958740478015685 ], [ -3.425597394528353, 55.958741785498773 ] ] ] } },
{ "type": "Feature", "properties": { "from_id": "423", "population": 2178.1248714216081, "gravity_community": 4.0374186818232225, "gravity_education": 5.0840477717363752, "gravity_essential_services": 5.2371730328953259, "gravity_food_and_drink": 15.343881953965962, "gravity_healthcare": 4.8046059637237652, "gravity_shelter": 1.1095068673931303, "avg_gravity": 5.9361057119229637, "min_tt_community": 19.0, "min_tt_education": 19.0, "min_tt_essential_services": 18.0, "min_tt_food_and_drink": 16.0, "min_tt_healthcare": 17.0, "min_tt_shelter": 51.0, "avg_tt_community": 43.722222222222221, "avg_tt_education": 37.263157894736842, "avg_tt_essential_services": 48.413793103448278, "avg_tt_food_and_drink": 51.744680851063826, "avg_tt_healthcare": 48.08, "avg_tt_shelter": 54.666666666666664, "avg_tt_all": 47.315086789689644, "n_unreachable_categories": 0, "count_community": 18.0, "count_education": 19.0, "count_essential_services": 29.0, "count_food_and_drink": 95.0, "count_healthcare": 25.0, "count_shelter": 9.0, "gravity_community_per_100": 0.18536213119811168, "gravity_education_per_100": 0.23341397173515327, "gravity_essential_services_per_100": 0.24044411326505596, "gravity_food_and_drink_per_100": 0.70445373244149179, "gravity_healthcare_per_100": 0.22058450489975434, "gravity_shelter_per_100": 0.050938625326333233, "shannon": 1.4858824677452946, "kl_divergence": 0.041603070614895307, "jsd": 0.097414874807123089, "city_similarity": 0.90258512519287692 }, "geometry": { "type": "Polygon", "coordinates": [ [ [ -3.413543592587016, 55.954892156768175 ], [ -3.421551008362207, 55.954865029182358 ], [ -3.425597394528353, 55.958741785498773 ], [ -3.421635582637413, 55.962646061073471 ], [ -3.413626560475659, 55.962673196556615 ], [ -3.40958095685534, 55.958796048566455 ], [ -3.413543592587016, 55.954892156768175 ] ] ] } },
{ "type": "Feature", "properties": { "from_id": "424", "population": 0.0, "gravity_community": 4.2733503784502167, "gravity_education": 5.6489809893900818, "gravity_essential_services": 5.3517963708304164, "gravity_food_and_drink": 14.924851462969716, "gravity_healthcare": 4.6608172886349326, "gravity_shelter": 1.0688284150057572, "avg_gravity": 5.9881041508801864, "min_tt_community": 13.0, "min_tt_education": 12.0, "min_tt_essential_services": 10.0, "min_tt_food_and_drink": 11.0, "min_tt_healthcare": 12.0, "min_tt_shelter": 51.0, "avg_tt_community": 40.5625, "avg_tt_education": 37.904761904761905, "avg_tt_essential_services": 48.285714285714285, "avg_tt_food_and_drink": 52.288888888888891, "avg_tt_healthcare": 46.909090909090907, "avg_tt_shelter": 55.666666666666664, "avg_tt_all": 46.936270442520446, "n_unreachable_categories": 0, "count_community": 16.0, "count_education": 21.0, "count_essential_services": 28.0, "count_food_and_drink": 91.0, "count_healthcare": 22.0, "count_shelter": 9.0, "gravity_community_per_100": 0.0, "gravity_education_per_100": 0.0, "gravity_essential_services_per_100": 0.0, "gravity_food_and_drink_per_100": 0.0, "gravity_healthcare_per_100": 0.0, "gravity_shelter_per_100": 0.0, "shannon": 1.4885188458627048, "kl_divergence": 0.047263967929598624, "jsd": 0.10318902103946043, "city_similarity": 0.89681097896053963 }, "geometry": { "type": "Polygon", "coordinates": [ [ [ -3.38952126454646, 55.954970418221308 ], [ -3.397528720415294, 55.954944851289504 ], [ -3.401572717635314, 55.958822399662061 ], [ -3.397608475503338, 55.962725906418299 ], [ -3.389599413220823, 55.962751480793131 ], [ -3.385556199747906, 55.958873540967488 ], [ -3.38952126454646, 55.954970418221308 ] ] ] } },
{ "type": "Feature", "properties": { "from_id": "425", "population": 0.0, "gravity_community": 3.2191480044374146, "gravity_education": 4.8893082418876146, "gravity_essential_services": 5.5551032614133504, "gravity_food_and_drink": 16.390368755103967, "gravity_healthcare": 4.5504468995950749, "gravity_shelter": 0.91330878157225137, "avg_gravity": 5.919613990668279, "min_tt_community": 18.0, "min_tt_education": 13.0, "min_tt_essential_services": 17.0, "min_tt_food_and_drink": 17.0, "min_tt_healthcare": 18.0, "min_tt_shelter": 54.0, "avg_tt_community": 40.230769230769234, "avg_tt_education": 42.772727272727273, "avg_tt_essential_services": 50.441176470588232, "avg_tt_food_and_drink": 53.357798165137616, "avg_tt_healthcare": 48.8, "avg_tt_shelter": 56.625, "avg_tt_all": 48.704578523203729, "n_unreachable_categories": 0, "count_community": 13.0, "count_education": 22.0, "count_essential_services": 34.0, "count_food_and_drink": 110.0, "count_healthcare": 25.0, "count_shelter": 8.0, "gravity_community_per_100": 0.0, "gravity_education_per_100": 0.0, "gravity_essential_services_per_100": 0.0, "gravity_food_and_drink_per_100": 0.0, "gravity_healthcare_per_100": 0.0, "gravity_shelter_per_100": 0.0, "shannon": 1.4160023053200099, "kl_divergence": 0.029407622603309085, "jsd": 0.082617954321443435, "city_similarity": 0.91738204567855652 }, "geometry": { "type": "Polygon", "coordinates": [ [ [ -3.401572717635314, 55.958822399662061 ], [ -3.40958095685534, 55.958796048566455 ], [ -3.413626560475659, 55.962673196556615 ], [ -3.409663141802212, 55.966577087262323 ], [ -3.401653295785891, 55.96660344602963 ], [ -3.397608475503338, 55.962725906418299 ], [ -3.401572717635314, 55.958822399662061 ] ] ] } },
{ "type": "Feature", "properties": { "from_id": "426", "population": 100.67809709273232, "gravity_community": 2.4773862320441822, "gravity_education": 3.8479230761942986, "gravity_essential_services": 3.981631306121606, "gravity_food_and_drink": 12.339123674411526, "gravity_healthcare": 3.2365196394291891, "gravity_shelter": 0.92260988263368482, "avg_gravity": 4.4675323018057478, "min_tt_community": 30.0, "min_tt_education": 30.0, "min_tt_essential_services": 28.0, "min_tt_food_and_drink": 27.0, "min_tt_healthcare": 28.0, "min_tt_shelter": 54.0, "avg_tt_community": 43.166666666666664, "avg_tt_education": 41.722222222222221, "avg_tt_essential_services": 50.32, "avg_tt_food_and_drink": 53.821428571428569, "avg_tt_healthcare": 50.25, "avg_tt_shelter": 56.375, "avg_tt_all": 49.275886243386246, "n_unreachable_categories": 0, "count_community": 12.0, "count_education": 18.0, "count_essential_services": 25.0, "count_food_and_drink": 85.0, "count_healthcare": 20.0, "count_shelter": 8.0, "gravity_community_per_100": 2.4607002948837202, "gravity_education_per_100": 3.8220061635154505, "gravity_essential_services_per_100": 3.9548138285273864, "gravity_food_and_drink_per_100": 12.25601598632346, "gravity_healthcare_per_100": 3.2147207117433934, "gravity_shelter_per_100": 0.91639582915824269, "shannon": 1.4543627796647285, "kl_divergence": 0.039569599690179626, "jsd": 0.093721459354447284, "city_similarity": 0.90627854064555269 }, "geometry": { "type": "Polygon", "coordinates": [ [ [ -3.437653584991998, 55.962590229012172 ], [ -3.43369259773372, 55.966494888302464 ], [ -3.425682793040238, 55.966522808396817 ], [ -3.421635582637413, 55.962646061073471 ], [ -3.425597394528353, 55.958741785498773 ], [ -3.425975884516194, 55.958740478015685 ], [ -3.425953149795532, 55.959327697753899 ], [ -3.431904315948486, 55.960247039794915 ], [ -3.435769547913615, 55.960786189670664 ], [ -3.437653584991998, 55.962590229012172 ] ] ] } },
{ "type": "Feature", "properties": { "from_id": "427", "population": 149.47970938991654, "gravity_community": 0.96148444205998618, "gravity_education": 1.2142473691899527, "gravity_essential_services": 0.9233771086486684, "gravity_food_and_drink": 2.9381857010592745, "gravity_healthcare": 0.98878786576794875, "gravity_shelter": 0.0, "avg_gravity": 1.1710137477876383, "min_tt_community": 39.0, "min_tt_education": 34.0, "min_tt_essential_services": 38.0, "min_tt_food_and_drink": 38.0, "min_tt_healthcare": 39.0, "min_tt_shelter": null, "avg_tt_community": 48.833333333333336, "avg_tt_education": 50.75, "avg_tt_essential_services": 50.166666666666664, "avg_tt_food_and_drink": 51.0, "avg_tt_healthcare": 48.166666666666664, "avg_tt_shelter": null, "avg_tt_all": 49.783333333333331, "n_unreachable_categories": 1, "count_community": 6.0, "count_education": 8.0, "count_essential_services": 6.0, "count_food_and_drink": 14.0, "count_healthcare": 6.0, "count_shelter": 0.0, "gravity_community_per_100": 0.64322070599693382, "gravity_education_per_100": 0.81231584818150726, "gravity_essential_services_per_100": 0.61772739083941297, "gravity_food_and_drink_per_100": 1.9656083846102765, "gravity_healthcare_per_100": 0.66148634473773571, "gravity_shelter_per_100": 0.0, "shannon": 1.543029321897651, "kl_divergence": 0.19679884383612536, "jsd": 0.21784991371980972, "city_similarity": 0.78215008628019023 }, "geometry": { "type": "Polygon", "coordinates": [ [ [ -3.413626560475659, 55.962673196556615 ], [ -3.421635582637413, 55.962646061073471 ], [ -3.425682793040238, 55.966522808396817 ], [ -3.421720198617527, 55.970427082991201 ], [ -3.413709569277144, 55.970454226374834 ], [ -3.409663141802212, 55.966577087262323 ], [ -3.413626560475659, 55.962673196556615 ] ] ] } },
{ "type": "Feature", "properties": { "from_id": "428", "population": 22.720958119681278, "gravity_community": 1.10013000509835, "gravity_education": 1.606419622222452, "gravity_essential_services": 2.3388209231668435, "gravity_food_and_drink": 8.4973657480942659, "gravity_healthcare": 2.1216015195040754, "gravity_shelter": 0.56672143261073471, "avg_gravity": 2.7051765417827869, "min_tt_community": 37.0, "min_tt_education": 36.0, "min_tt_essential_services": 41.0, "min_tt_food_and_drink": 41.0, "min_tt_healthcare": 42.0, "min_tt_shelter": 55.0, "avg_tt_community": 45.5, "avg_tt_education": 51.363636363636367, "avg_tt_essential_services": 55.157894736842103, "avg_tt_food_and_drink": 56.25, "avg_tt_healthcare": 55.0, "avg_tt_shelter": 56.8, "avg_tt_all": 53.34525518341308, "n_unreachable_categories": 0, "count_community": 6.0, "count_education": 11.0, "count_essential_services": 19.0, "count_food_and_drink": 65.0, "count_healthcare": 17.0, "count_shelter": 5.0, "gravity_community_per_100": 4.8419173139771727, "gravity_education_per_100": 7.0702107444621545, "gravity_essential_services_per_100": 10.293672083929055, "gravity_food_and_drink_per_100": 37.39880027653281, "gravity_healthcare_per_100": 9.3376410815453621, "gravity_shelter_per_100": 2.4942673175381236, "shannon": 1.3925198489735957, "kl_divergence": 0.031725219047242174, "jsd": 0.085907613672795341, "city_similarity": 0.91409238632720469 }, "geometry": { "type": "Polygon", "coordinates": [ [ [ -3.377396518173257, 55.94333616435302 ], [ -3.385401585042481, 55.943311388572759 ], [ -3.38944315438264, 55.947189345687335 ], [ -3.385478873344253, 55.951092469750726 ], [ -3.377472201235542, 55.95111725274252 ], [ -3.373431415668383, 55.947238904458217 ], [ -3.377396518173257, 55.94333616435302 ] ] ] } },
{ "type": "Feature", "properties": { "from_id": "429", "population": 17.051519613012804, "gravity_community": 0.98435769297585263, "gravity_education": 1.1492435037491546, "gravity_essential_services": 0.93247815001371614, "gravity_food_and_drink": 2.6972420536906436, "gravity_healthcare": 0.98878786576794875, "gravity_shelter": 0.0, "avg_gravity": 1.1253515443662192, "min_tt_community": 39.0, "min_tt_education": 39.0, "min_tt_essential_services": 37.0, "min_tt_food_and_drink": 38.0, "min_tt_healthcare": 39.0, "min_tt_shelter": null, "avg_tt_community": 48.166666666666664, "avg_tt_education": 51.625, "avg_tt_essential_services": 50.0, "avg_tt_food_and_drink": 50.090909090909093, "avg_tt_healthcare": 48.166666666666664, "avg_tt_shelter": null, "avg_tt_all": 49.609848484848484, "n_unreachable_categories": 1, "count_community": 6.0, "count_education": 8.0, "count_essential_services": 6.0, "count_food_and_drink": 12.0, "count_healthcare": 6.0, "count_shelter": 0.0, "gravity_community_per_100": 5.7728443875737838, "gravity_education_per_100": 6.7398304070923603, "gravity_essential_services_per_100": 5.4685926602230737, "gravity_food_and_drink_per_100": 15.818191662121734, "gravity_healthcare_per_100": 5.7988254900950817, "gravity_shelter_per_100": 0.0, "shannon": 1.5663734629590729, "kl_divergence": 0.23851358607487375, "jsd": 0.23996899404489472, "city_similarity": 0.76003100595510531 }, "geometry": { "type": "Polygon", "coordinates": [ [ [ -3.36542552772819, 55.947262903733844 ], [ -3.373431415668383, 55.947238904458217 ], [ -3.377472201235542, 55.95111725274252 ], [ -3.373506314562107, 55.955019991418148 ], [ -3.3654988209743, 55.955043997679688 ], [ -3.361458819971312, 55.951165258278564 ], [ -3.36542552772819, 55.947262903733844 ] ] ] } },
{ "type": "Feature", "properties": { "from_id": "430", "population": 314.38515783150319, "gravity_community": 1.7909917004508613, "gravity_education": 2.1109369043159569, "gravity_essential_services": 3.2504737906922214, "gravity_food_and_drink": 11.459865323682783, "gravity_healthcare": 3.0288877474051099, "gravity_shelter": 0.79671734145426809, "avg_gravity": 3.7396454680002003, "min_tt_community": 24.0, "min_tt_education": 24.0, "min_tt_essential_services": 22.0, "min_tt_food_and_drink": 23.0, "min_tt_healthcare": 24.0, "min_tt_shelter": 54.0, "avg_tt_community": 43.25, "avg_tt_education": 46.363636363636367, "avg_tt_essential_services": 53.478260869565219, "avg_tt_food_and_drink": 55.109756097560975, "avg_tt_healthcare": 52.45, "avg_tt_shelter": 56.714285714285715, "avg_tt_all": 51.227656507508044, "n_unreachable_categories": 0, "count_community": 8.0, "count_education": 11.0, "count_essential_services": 23.0, "count_food_and_drink": 83.0, "count_healthcare": 20.0, "count_shelter": 7.0, "gravity_community_per_100": 0.56968074218400444, "gravity_education_per_100": 0.67144928815225036, "gravity_essential_services_per_100": 1.0339145184564771, "gravity_food_and_drink_per_100": 3.6451674127137941, "gravity_healthcare_per_100": 0.96343216972999168, "gravity_shelter_per_100": 0.25342078708476246, "shannon": 1.3697454277331693, "kl_divergence": 0.029587608195922727, "jsd": 0.080689799378250368, "city_similarity": 0.91931020062174962 }, "geometry": { "type": "Polygon", "coordinates": [ [ [ -3.377472201235542, 55.95111725274252 ], [ -3.385478873344253, 55.951092469750726 ], [ -3.38952126454646, 55.954970418221308 ], [ -3.385556199747906, 55.958873540967488 ], [ -3.377547921608409, 55.958898331173707 ], [ -3.373506314562107, 55.955019991418148 ], [ -3.377472201235542, 55.95111725274252 ] ] ] } },
{ "type": "Feature", "properties": { "from_id": "431", "population": 347.73837740648986, "gravity_community": 0.0, "gravity_education": 0.10391223038351691, "gravity_essential_services": 0.0, "gravity_food_and_drink": 1.0, "gravity_healthcare": 0.10391223038351691, "gravity_shelter": 0.0, "avg_gravity": 0.20130407679450565, "min_tt_community": null, "min_tt_education": 59.0, "min_tt_essential_services": null, "min_tt_food_and_drink": null, "min_tt_healthcare": 59.0, "min_tt_shelter": null, "avg_tt_community": null, "avg_tt_education": 59.0, "avg_tt_essential_services": null, "avg_tt_food_and_drink": null, "avg_tt_healthcare": 59.0, "avg_tt_shelter": null, "avg_tt_all": 59.0, "n_unreachable_categories": 4, "count_community": 0.0, "count_education": 1.0, "count_essential_services": 0.0, "count_food_and_drink": 1.0, "count_healthcare": 1.0, "count_shelter": 0.0, "gravity_community_per_100": 0.0, "gravity_education_per_100": 0.029882301504515384, "gravity_essential_services_per_100": 0.0, "gravity_food_and_drink_per_100": 0.28757251571086928, "gravity_healthcare_per_100": 0.029882301504515384, "gravity_shelter_per_100": 0.0, "shannon": 1.0986122956054485, "kl_divergence": 0.68802261982003765, "jsd": 0.41258968884493685, "city_similarity": 0.58741031115506315 }, "geometry": { "type": "Polygon", "coordinates": [ [ [ -3.353452111343335, 55.951188480819432 ], [ -3.361458819971312, 55.951165258278564 ], [ -3.3654988209743, 55.955043997679688 ], [ -3.361531328257549, 55.958946350684371 ], [ -3.353523013574086, 55.958969579985443 ], [ -3.349483797926722, 55.95509044952054 ], [ -3.353452111343335, 55.951188480819432 ] ] ] } },
{ "type": "Feature", "properties": { "from_id": "432", "population": 1900.5469043457801, "gravity_community": 0.64178140233227476, "gravity_education": 0.83271808507814704, "gravity_essential_services": 0.44802982962820825, "gravity_food_and_drink": 1.7309048608961219, "gravity_healthcare": 0.43523786150396149, "gravity_shelter": 0.0, "avg_gravity": 0.68144533990645229, "min_tt_community": 49.0, "min_tt_education": 49.0, "min_tt_essential_services": 47.0, "min_tt_food_and_drink": 48.0, "min_tt_healthcare": 49.0, "min_tt_shelter": null, "avg_tt_community": 53.8, "avg_tt_education": 51.666666666666664, "avg_tt_essential_services": 49.666666666666664, "avg_tt_food_and_drink": 50.2, "avg_tt_healthcare": 50.333333333333336, "avg_tt_shelter": null, "avg_tt_all": 51.133333333333333, "n_unreachable_categories": 1, "count_community": 5.0, "count_education": 6.0, "count_essential_services": 3.0, "count_food_and_drink": 6.0, "count_healthcare": 3.0, "count_shelter": 0.0, "gravity_community_per_100": 0.0337682485428158, "gravity_education_per_100": 0.043814655832700493, "gravity_essential_services_per_100": 0.023573731782348846, "gravity_food_and_drink_per_100": 0.091074040684723134, "gravity_healthcare_per_100": 0.022900664040900489, "gravity_shelter_per_100": 0.0, "shannon": 1.5641908739989061, "kl_divergence": 0.38452062833705608, "jsd": 0.29770075736303137, "city_similarity": 0.70229924263696863 }, "geometry": { "type": "Polygon", "coordinates": [ [ [ -3.3654988209743, 55.955043997679688 ], [ -3.373506314562107, 55.955019991418148 ], [ -3.377547921608409, 55.958898331173707 ], [ -3.373581250383238, 55.962801068421697 ], [ -3.365572150356237, 55.962825081671951 ], [ -3.361531328257549, 55.958946350684371 ], [ -3.3654988209743, 55.955043997679688 ] ] ] } },
{ "type": "Feature", "properties": { "from_id": "433", "population": 7.0336911501554491, "gravity_community": 0.56649413414552874, "gravity_education": 0.96597390278972617, "gravity_essential_services": 0.92167083560818075, "gravity_food_and_drink": 2.751873675320657, "gravity_healthcare": 0.41564892153406763, "gravity_shelter": 0.0, "avg_gravity": 0.93694357823302676, "min_tt_community": 50.0, "min_tt_education": 44.0, "min_tt_essential_services": 47.0, "min_tt_food_and_drink": 31.0, "min_tt_healthcare": 59.0, "min_tt_shelter": null, "avg_tt_community": 57.0, "avg_tt_education": 52.428571428571431, "avg_tt_essential_services": 56.625, "avg_tt_food_and_drink": 55.5, "avg_tt_healthcare": 59.0, "avg_tt_shelter": null, "avg_tt_all": 56.110714285714288, "n_unreachable_categories": 1, "count_community": 5.0, "count_education": 7.0, "count_essential_services": 8.0, "count_food_and_drink": 15.0, "count_healthcare": 4.0, "count_shelter": 0.0, "gravity_community_per_100": 8.0540092257677376, "gravity_education_per_100": 13.73352742063998, "gravity_essential_services_per_100": 13.103658035764212, "gravity_food_and_drink_per_100": 39.124175579700264, "gravity_healthcare_per_100": 5.9093996688336468, "gravity_shelter_per_100": 0.0, "shannon": 1.4976636128934298, "kl_divergence": 0.15725061605546925, "jsd": 0.1961396245564356, "city_similarity": 0.80386037544356437 }, "geometry": { "type": "Polygon", "coordinates": [ [ [ -3.353523013574086, 55.958969579985443 ], [ -3.361531328257549, 55.958946350684371 ], [ -3.365572150356237, 55.962825081671951 ], [ -3.361603872295905, 55.966727433138502 ], [ -3.353593950765098, 55.966750669202476 ], [ -3.349553914406009, 55.962871547035903 ], [ -3.353523013574086, 55.958969579985443 ] ] ] } },
{ "type": "Feature", "properties": { "from_id": "434", "population": 330.64886314485489, "gravity_community": 2.3600749312615088, "gravity_education": 3.4388092815152493, "gravity_essential_services": 4.4469782749861588, "gravity_food_and_drink": 14.428969296616284, "gravity_healthcare": 3.5019857231206259, "gravity_shelter": 0.79671734145426809, "avg_gravity": 4.8289224748256823, "min_tt_community": 27.0, "min_tt_education": 27.0, "min_tt_essential_services": 25.0, "min_tt_food_and_drink": 26.0, "min_tt_healthcare": 27.0, "min_tt_shelter": 54.0, "avg_tt_community": 47.46153846153846, "avg_tt_education": 48.15, "avg_tt_essential_services": 53.848484848484851, "avg_tt_food_and_drink": 55.305555555555557, "avg_tt_healthcare": 53.4, "avg_tt_shelter": 56.714285714285715, "avg_tt_all": 52.479977429977424, "n_unreachable_categories": 0, "count_community": 13.0, "count_education": 20.0, "count_essential_services": 33.0, "count_food_and_drink": 109.0, "count_healthcare": 25.0, "count_shelter": 7.0, "gravity_community_per_100": 0.71377076842619513, "gravity_education_per_100": 1.040018480271844, "gravity_essential_services_per_100": 1.3449247133923969, "gravity_food_and_drink_per_100": 4.3638345401765548, "gravity_healthcare_per_100": 1.059125287718419, "gravity_shelter_per_100": 0.24095571775948674, "shannon": 1.3998979124541391, "kl_divergence": 0.022392423584514227, "jsd": 0.072634780856157474, "city_similarity": 0.92736521914384251 }, "geometry": { "type": "Polygon", "coordinates": [ [ [ -3.377547921608409, 55.958898331173707 ], [ -3.385556199747906, 55.958873540967488 ], [ -3.389599413220823, 55.962751480793131 ], [ -3.385633564279209, 55.966654602224082 ], [ -3.377623679317088, 55.96667939964761 ], [ -3.373581250383238, 55.962801068421697 ], [ -3.377547921608409, 55.958898331173707 ] ] ] } },
{ "type": "Feature", "properties": { "from_id": "435", "population": 357.76087146544512, "gravity_community": 1.5801810611689879, "gravity_education": 2.4051628782360197, "gravity_essential_services": 2.1229325481033801, "gravity_food_and_drink": 6.0660722393962896, "gravity_healthcare": 1.4813439836277809, "gravity_shelter": 0.0, "avg_gravity": 2.275948785088743, "min_tt_community": 38.0, "min_tt_education": 32.0, "min_tt_essential_services": 36.0, "min_tt_food_and_drink": 34.0, "min_tt_healthcare": 43.0, "min_tt_shelter": null, "avg_tt_community": 51.454545454545453, "avg_tt_education": 49.466666666666669, "avg_tt_essential_services": 51.8, "avg_tt_food_and_drink": 53.315789473684212, "avg_tt_healthcare": 52.81818181818182, "avg_tt_shelter": null, "avg_tt_all": 51.771036682615637, "n_unreachable_categories": 1, "count_community": 11.0, "count_education": 15.0, "count_essential_services": 15.0, "count_food_and_drink": 39.0, "count_healthcare": 11.0, "count_shelter": 0.0, "gravity_community_per_100": 0.44168638529314747, "gravity_education_per_100": 0.67228226171970462, "gravity_essential_services_per_100": 0.59339428020943508, "gravity_food_and_drink_per_100": 1.6955661513649321, "gravity_healthcare_per_100": 0.41405980971590367, "gravity_shelter_per_100": 0.0, "shannon": 1.4682869132127407, "kl_divergence": 0.10808970765928534, "jsd": 0.16412071988599003, "city_similarity": 0.83587928011401003 }, "geometry": { "type": "Polygon", "coordinates": [ [ [ -3.365572150356237, 55.962825081671951 ], [ -3.373581250383238, 55.962801068421697 ], [ -3.377623679317088, 55.96667939964761 ], [ -3.373656223156754, 55.970582135469947 ], [ -3.365645515898444, 55.9706061557117 ], [ -3.361603872295905, 55.966727433138502 ], [ -3.365572150356237, 55.962825081671951 ] ] ] } },
{ "type": "Feature", "properties": { "from_id": "436", "population": 1277.9206989235795, "gravity_community": 0.76781489392083402, "gravity_education": 1.5241720841639721, "gravity_essential_services": 1.4686002085378713, "gravity_food_and_drink": 4.3444408474816036, "gravity_healthcare": 0.66944241211559663, "gravity_shelter": 0.0, "avg_gravity": 1.4624117410366464, "min_tt_community": 39.0, "min_tt_education": 36.0, "min_tt_essential_services": 40.0, "min_tt_food_and_drink": 21.0, "min_tt_healthcare": 52.0, "min_tt_shelter": null, "avg_tt_community": 49.4, "avg_tt_education": 47.333333333333336, "avg_tt_essential_services": 53.090909090909093, "avg_tt_food_and_drink": 53.375, "avg_tt_healthcare": 52.4, "avg_tt_shelter": null, "avg_tt_all": 51.119848484848482, "n_unreachable_categories": 1, "count_community": 5.0, "count_education": 9.0, "count_essential_services": 11.0, "count_food_and_drink": 32.0, "count_healthcare": 5.0, "count_shelter": 0.0, "gravity_community_per_100": 0.060083140884061213, "gravity_education_per_100": 0.11926969219982236, "gravity_essential_services_per_100": 0.11492107528854531, "gravity_food_and_drink_per_100": 0.3399616933305033, "gravity_healthcare_per_100": 0.05238528593202086, "gravity_shelter_per_100": 0.0, "shannon": 1.334395723093911, "kl_divergence": 0.065670026993319294, "jsd": 0.13030354617656337, "city_similarity": 0.86969645382343663 }, "geometry": { "type": "Polygon", "coordinates": [ [ [ -3.353593950765098, 55.966750669202476 ], [ -3.361603872295905, 55.966727433138502 ], [ -3.365645515898444, 55.9706061557117 ], [ -3.361676452110565, 55.974508505642007 ], [ -3.353664922940021, 55.974531748471584 ], [ -3.349624065461314, 55.970652634604164 ], [ -3.353593950765098, 55.966750669202476 ] ] ] } },
{ "type": "Feature", "properties": { "from_id": "437", "population": 38.942447471488201, "gravity_community": 1.6256135898435813, "gravity_education": 2.6839021603441813, "gravity_essential_services": 2.3681559790919859, "gravity_food_and_drink": 6.9910698686486068, "gravity_healthcare": 1.532005117637139, "gravity_shelter": 0.0, "avg_gravity": 2.5334577859275824, "min_tt_community": 33.0, "min_tt_education": 27.0, "min_tt_essential_services": 31.0, "min_tt_food_and_drink": 32.0, "min_tt_healthcare": 46.0, "min_tt_shelter": null, "avg_tt_community": 50.727272727272727, "avg_tt_education": 49.0, "avg_tt_essential_services": 48.93333333333333, "avg_tt_food_and_drink": 51.285714285714285, "avg_tt_healthcare": 51.636363636363633, "avg_tt_shelter": null, "avg_tt_all": 50.316536796536795, "n_unreachable_categories": 1, "count_community": 11.0, "count_education": 16.0, "count_essential_services": 15.0, "count_food_and_drink": 43.0, "count_healthcare": 11.0, "count_shelter": 0.0, "gravity_community_per_100": 4.1744001607340628, "gravity_education_per_100": 6.8919709330267604, "gravity_essential_services_per_100": 6.0811688346651467, "gravity_food_and_drink_per_100": 17.952312508778846, "gravity_healthcare_per_100": 3.9340237121942576, "gravity_shelter_per_100": 0.0, "shannon": 1.4448953446826138, "kl_divergence": 0.097909346945896203, "jsd": 0.15591203777250928, "city_similarity": 0.84408796222749072 }, "geometry": { "type": "Polygon", "coordinates": [ [ [ -3.377623679317088, 55.96667939964761 ], [ -3.385633564279209, 55.966654602224082 ], [ -3.389677600431777, 55.970532533403841 ], [ -3.385710966963952, 55.974435653521574 ], [ -3.377699474386837, 55.974460458165289 ], [ -3.373656223156754, 55.970582135469947 ], [ -3.377623679317088, 55.96667939964761 ] ] ] } },
{ "type": "Feature", "properties": { "from_id": "438", "population": 135.87080301268134, "gravity_community": 1.6346715019143248, "gravity_education": 2.3449635946756842, "gravity_essential_services": 2.8730186066766952, "gravity_food_and_drink": 9.5179631768284754, "gravity_healthcare": 2.2977560581788534, "gravity_shelter": 0.72521075185684603, "avg_gravity": 3.2322639483551465, "min_tt_community": 38.0, "min_tt_education": 36.0, "min_tt_essential_services": 38.0, "min_tt_food_and_drink": 38.0, "min_tt_healthcare": 38.0, "min_tt_shelter": 48.0, "avg_tt_community": 45.111111111111114, "avg_tt_education": 51.25, "avg_tt_essential_services": 52.80952380952381, "avg_tt_food_and_drink": 55.20289855072464, "avg_tt_healthcare": 53.294117647058826, "avg_tt_shelter": 55.333333333333336, "avg_tt_all": 52.16683074195862, "n_unreachable_categories": 0, "count_community": 9.0, "count_education": 16.0, "count_essential_services": 21.0, "count_food_and_drink": 70.0, "count_healthcare": 17.0, "count_shelter": 6.0, "gravity_community_per_100": 1.2031072648932197, "gravity_education_per_100": 1.7258774826382823, "gravity_essential_services_per_100": 2.1145224308481829, "gravity_food_and_drink_per_100": 7.0051570799505232, "gravity_healthcare_per_100": 1.6911330523043979, "gravity_shelter_per_100": 0.53375025080933647, "shannon": 1.449716649257031, "kl_divergence": 0.039976833526562262, "jsd": 0.095330782354794794, "city_similarity": 0.90466921764520525 }, "geometry": { "type": "Polygon", "coordinates": [ [ [ -3.437741415300977, 55.970371234674452 ], [ -3.43369259773372, 55.966494888302464 ], [ -3.437653584991998, 55.962590229012172 ], [ -3.443092813893438, 55.962570796684503 ], [ -3.44300103187561, 55.962921142578118 ], [ -3.442749738693238, 55.964179992675781 ], [ -3.442719459533692, 55.964389801025384 ], [ -3.442320108413696, 55.96577072143554 ], [ -3.441962003707885, 55.967479705810533 ], [ -3.442336320877075, 55.967998504638679 ], [ -3.442567825317382, 55.968338012695312 ], [ -3.442164182662964, 55.969062805175781 ], [ -3.442074298858643, 55.969123840332031 ], [ -3.442642450332642, 55.969348907470696 ], [ -3.444859027862549, 55.969882965087884 ], [ -3.444742699814331, 55.970346175115544 ], [ -3.437741415300977, 55.970371234674452 ] ] ] } },
{ "type": "Feature", "properties": { "from_id": "439", "population": 107.88012914369187, "gravity_community": 1.5061545166823078, "gravity_education": 2.3405831592718167, "gravity_essential_services": 2.4682527245871517, "gravity_food_and_drink": 3.1167603694117969, "gravity_healthcare": 1.0984176602413576, "gravity_shelter": 0.44045496748239643, "avg_gravity": 1.828437232946138, "min_tt_community": 33.0, "min_tt_education": 40.0, "min_tt_essential_services": 36.0, "min_tt_food_and_drink": 36.0, "min_tt_healthcare": 42.0, "min_tt_shelter": 38.0, "avg_tt_community": 44.0, "avg_tt_education": 48.93333333333333, "avg_tt_essential_services": 44.75, "avg_tt_food_and_drink": 49.45, "avg_tt_healthcare": 44.333333333333336, "avg_tt_shelter": 52.0, "avg_tt_all": 47.244444444444447, "n_unreachable_categories": 0, "count_community": 8.0, "count_education": 15.0, "count_essential_services": 9.0, "count_food_and_drink": 20.0, "count_healthcare": 6.0, "count_shelter": 3.0, "gravity_community_per_100": 1.3961371094357629, "gravity_education_per_100": 2.1696147176040701, "gravity_essential_services_per_100": 2.2879586298043275, "gravity_food_and_drink_per_100": 2.8890958827648427, "gravity_healthcare_per_100": 1.0181834865791741, "gravity_shelter_per_100": 0.40828183186148082, "shannon": 1.6355895090404537, "kl_divergence": 0.25008328626589965, "jsd": 0.2358487178845792, "city_similarity": 0.76415128211542083 }, "geometry": { "type": "Polygon", "coordinates": [ [ [ -3.437829288928256, 55.978152230357857 ], [ -3.433779645921463, 55.974275893096667 ], [ -3.437741415300977, 55.970371234674452 ], [ -3.444742699814331, 55.970346175115544 ], [ -3.444079160690307, 55.972988128662109 ], [ -3.44417929649353, 55.973052978515611 ], [ -3.445605039596558, 55.973049163818366 ], [ -3.446115732192993, 55.973503112792969 ], [ -3.446048974990845, 55.973606109619134 ], [ -3.446420431137084, 55.974712371826165 ], [ -3.447540765112911, 55.976448329768935 ], [ -3.446136694512616, 55.977832504110694 ], [ -3.441937685012817, 55.977802276611321 ], [ -3.440531841679569, 55.978142603422476 ], [ -3.437829288928256, 55.978152230357857 ] ] ] } },
{ "type": "Feature", "properties": { "from_id": "440", "population": 347.69334196033731, "gravity_community": 1.5724883787134512, "gravity_education": 1.8352207626321284, "gravity_essential_services": 1.4812511855360486, "gravity_food_and_drink": 3.326072978144091, "gravity_healthcare": 0.9573301166423217, "gravity_shelter": 0.44668359215096315, "avg_gravity": 1.6031745023031674, "min_tt_community": 16.0, "min_tt_education": 42.0, "min_tt_essential_services": 19.0, "min_tt_food_and_drink": 19.0, "min_tt_healthcare": 44.0, "min_tt_shelter": 21.0, "avg_tt_community": 45.875, "avg_tt_education": 51.46153846153846, "avg_tt_essential_services": 43.0, "avg_tt_food_and_drink": 44.333333333333336, "avg_tt_healthcare": 48.0, "avg_tt_shelter": 21.0, "avg_tt_all": 42.278311965811966, "n_unreachable_categories": 0, "count_community": 8.0, "count_education": 13.0, "count_essential_services": 7.0, "count_food_and_drink": 13.0, "count_healthcare": 6.0, "count_shelter": 1.0, "gravity_community_per_100": 0.45226301137881175, "gravity_education_per_100": 0.52782741029348768, "gravity_essential_services_per_100": 0.42602230378775002, "gravity_food_and_drink_per_100": 0.95661106404606056, "gravity_healthcare_per_100": 0.27533748884714848, "gravity_shelter_per_100": 0.12847056248834296, "shannon": 1.6275313555735322, "kl_divergence": 0.3260137279835193, "jsd": 0.27188288400437849, "city_similarity": 0.72811711599562146 }, "geometry": { "type": "Polygon", "coordinates": [ [ [ -3.447540765112911, 55.976448329768935 ], [ -3.448269367218018, 55.977577209472656 ], [ -3.447949409484863, 55.977764129638679 ], [ -3.446708440780639, 55.977836608886712 ], [ -3.446136694512616, 55.977832504110694 ], [ -3.447540765112911, 55.976448329768935 ] ] ] } },
{ "type": "Feature", "properties": { "from_id": "441", "population": 54.450307500637166, "gravity_community": 0.25118864315095801, "gravity_education": 0.13593563908785256, "gravity_essential_services": 0.25118864315095801, "gravity_food_and_drink": 1.5928450795153171, "gravity_healthcare": 0.0, "gravity_shelter": 0.27122725793320285, "avg_gravity": 0.41706421047304815, "min_tt_community": 36.0, "min_tt_education": 52.0, "min_tt_essential_services": 36.0, "min_tt_food_and_drink": 36.0, "min_tt_healthcare": null, "min_tt_shelter": 34.0, "avg_tt_community": 36.0, "avg_tt_education": 52.0, "avg_tt_essential_services": 36.0, "avg_tt_food_and_drink": 51.5, "avg_tt_healthcare": null, "avg_tt_shelter": 34.0, "avg_tt_all": 41.9, "n_unreachable_categories": 1, "count_community": 1.0, "count_education": 1.0, "count_essential_services": 1.0, "count_food_and_drink": 5.0, "count_healthcare": 0.0, "count_shelter": 1.0, "gravity_community_per_100": 0.46131721689178462, "gravity_education_per_100": 0.24965081985305937, "gravity_essential_services_per_100": 0.46131721689178462, "gravity_food_and_drink_per_100": 2.9253187954846314, "gravity_healthcare_per_100": 0.0, "gravity_shelter_per_100": 0.49811887275389399, "shannon": 1.3030924065019727, "kl_divergence": 0.25280951242107924, "jsd": 0.25128489879135962, "city_similarity": 0.74871510120864038 }, "geometry": { "type": "MultiPolygon", "coordinates": [ [ [ [ -3.437829288928256, 55.978152230357857 ], [ -3.440531841679569, 55.978142603422476 ], [ -3.436962314124566, 55.9790066164555 ], [ -3.437829288928256, 55.978152230357857 ] ] ], [ [ [ -3.436896104541074, 55.97907186285974 ], [ -3.437073230743409, 55.979293823242188 ], [ -3.436836242675781, 55.979389190673835 ], [ -3.435919431717608, 55.980034297958348 ], [ -3.436896104541074, 55.97907186285974 ] ] ] ] } },
{ "type": "Feature", "properties": { "from_id": "442", "population": 140.25764587423927, "gravity_community": 3.7323530796175879, "gravity_education": 4.8023992040317625, "gravity_essential_services": 6.6906180585641888, "gravity_food_and_drink": 22.09593181415978, "gravity_healthcare": 6.1622365138413482, "gravity_shelter": 0.36472892463603213, "avg_gravity": 7.3080445991417839, "min_tt_community": 30.0, "min_tt_education": 33.0, "min_tt_essential_services": 31.0, "min_tt_food_and_drink": 24.0, "min_tt_healthcare": 35.0, "min_tt_shelter": 52.0, "avg_tt_community": 49.958333333333336, "avg_tt_education": 46.592592592592595, "avg_tt_essential_services": 50.81818181818182, "avg_tt_food_and_drink": 51.590277777777779, "avg_tt_healthcare": 51.11904761904762, "avg_tt_shelter": 55.0, "avg_tt_all": 50.846405523488862, "n_unreachable_categories": 0, "count_community": 24.0, "count_education": 27.0, "count_essential_services": 44.0, "count_food_and_drink": 145.0, "count_healthcare": 42.0, "count_shelter": 3.0, "gravity_community_per_100": 2.661069246067461, "gravity_education_per_100": 3.4239838934255244, "gravity_essential_services_per_100": 4.7702341051433805, "gravity_food_and_drink_per_100": 15.753816254674554, "gravity_healthcare_per_100": 4.3935120081558052, "gravity_shelter_per_100": 0.26004209778557308, "shannon": 1.3939994102187883, "kl_divergence": 0.022103013630355953, "jsd": 0.073825158962093643, "city_similarity": 0.92617484103790637 }, "geometry": { "type": "Polygon", "coordinates": [ [ [ -3.329498000659002, 55.959036146052007 ], [ -3.337506349510857, 55.959014477670841 ], [ -3.341544779010866, 55.962893999146324 ], [ -3.337574072983709, 55.966795579959253 ], [ -3.329564117261398, 55.966817254648895 ], [ -3.32552647470075, 55.962937342216122 ], [ -3.329498000659002, 55.959036146052007 ] ] ] } },
{ "type": "Feature", "properties": { "from_id": "443", "population": 42.728363555185069, "gravity_community": 22.436367745828715, "gravity_education": 22.190936319907856, "gravity_essential_services": 49.650228158864444, "gravity_food_and_drink": 248.68839144019805, "gravity_healthcare": 38.694139133836167, "gravity_shelter": 4.9609654275078023, "avg_gravity": 64.436838037690507, "min_tt_community": 24.0, "min_tt_education": 26.0, "min_tt_essential_services": 22.0, "min_tt_food_and_drink": 7.0, "min_tt_healthcare": 22.0, "min_tt_shelter": 35.0, "avg_tt_community": 51.06666666666667, "avg_tt_education": 49.333333333333336, "avg_tt_essential_services": 49.256329113924053, "avg_tt_food_and_drink": 50.365280289330926, "avg_tt_healthcare": 50.421259842519682, "avg_tt_shelter": 50.941176470588232, "avg_tt_all": 50.230674286060491, "n_unreachable_categories": 0, "count_community": 150.0, "count_education": 138.0, "count_essential_services": 316.0, "count_food_and_drink": 1660.0, "count_healthcare": 254.0, "count_shelter": 34.0, "gravity_community_per_100": 52.509307352366577, "gravity_education_per_100": 51.93490804123013, "gravity_essential_services_per_100": 116.19969506845158, "gravity_food_and_drink_per_100": 582.02180179217237, "gravity_healthcare_per_100": 90.558439205988847, "gravity_shelter_per_100": 11.610473733918115, "shannon": 1.1499065533240069, "kl_divergence": 0.0060767322558189542, "jsd": 0.03942494413365865, "city_similarity": 0.9605750558663414 }, "geometry": { "type": "Polygon", "coordinates": [ [ [ -3.317517306313874, 55.962958233172429 ], [ -3.32552647470075, 55.962937342216122 ], [ -3.329564117261398, 55.966817254648895 ], [ -3.325591803967665, 55.970718448940872 ], [ -3.317581028303231, 55.970739345979673 ], [ -3.313544173474231, 55.966859042643037 ], [ -3.317517306313874, 55.962958233172429 ] ] ] } },
{ "type": "Feature", "properties": { "from_id": "444", "population": 9.3819839919570924, "gravity_community": 0.66844538219599858, "gravity_education": 1.4058818149011003, "gravity_essential_services": 1.2950438619287785, "gravity_food_and_drink": 4.9449946485794118, "gravity_healthcare": 0.86739234280797051, "gravity_shelter": 0.0, "avg_gravity": 1.5302930084022102, "min_tt_community": 47.0, "min_tt_education": 50.0, "min_tt_essential_services": 48.0, "min_tt_food_and_drink": 18.0, "min_tt_healthcare": 53.0, "min_tt_shelter": null, "avg_tt_community": 52.6, "avg_tt_education": 53.81818181818182, "avg_tt_essential_services": 53.4, "avg_tt_food_and_drink": 52.714285714285715, "avg_tt_healthcare": 54.428571428571431, "avg_tt_shelter": null, "avg_tt_all": 53.392207792207799, "n_unreachable_categories": 1, "count_community": 5.0, "count_education": 11.0, "count_essential_services": 10.0, "count_food_and_drink": 29.0, "count_healthcare": 7.0, "count_shelter": 0.0, "gravity_community_per_100": 7.1247764094357624, "gravity_education_per_100": 14.984909546918038, "gravity_essential_services_per_100": 13.803518136877901, "gravity_food_and_drink_per_100": 52.707344766507966, "gravity_healthcare_per_100": 9.2452976209676052, "gravity_shelter_per_100": 0.0, "shannon": 1.4057982812023511, "kl_divergence": 0.093217799008893987, "jsd": 0.15070374609748508, "city_similarity": 0.84929625390251495 }, "geometry": { "type": "Polygon", "coordinates": [ [ [ -3.341544779010866, 55.962893999146324 ], [ -3.349553914406009, 55.962871547035903 ], [ -3.353593950765098, 55.966750669202476 ], [ -3.349624065461314, 55.970652634604164 ], [ -3.341613322810933, 55.970675093251572 ], [ -3.337574072983709, 55.966795579959253 ], [ -3.341544779010866, 55.962893999146324 ] ] ] } },
{ "type": "Feature", "properties": { "from_id": "445", "population": 5.3950403374137412, "gravity_community": 22.068650629183754, "gravity_education": 21.736856662824664, "gravity_essential_services": 49.338494446888852, "gravity_food_and_drink": 247.72613351817665, "gravity_healthcare": 38.605358178176616, "gravity_shelter": 4.9487979366134178, "avg_gravity": 64.070715228643991, "min_tt_community": 24.0, "min_tt_education": 26.0, "min_tt_essential_services": 22.0, "min_tt_food_and_drink": 20.0, "min_tt_healthcare": 22.0, "min_tt_shelter": 35.0, "avg_tt_community": 50.986394557823132, "avg_tt_education": 49.404411764705884, "avg_tt_essential_services": 49.238853503184714, "avg_tt_food_and_drink": 50.367593712212816, "avg_tt_healthcare": 50.472440944881889, "avg_tt_shelter": 51.0, "avg_tt_all": 50.244949080468075, "n_unreachable_categories": 0, "count_community": 147.0, "count_education": 136.0, "count_essential_services": 314.0, "count_food_and_drink": 1655.0, "count_healthcare": 254.0, "count_shelter": 34.0, "gravity_community_per_100": 409.05441385009107, "gravity_education_per_100": 402.90443265239446, "gravity_essential_services_per_100": 914.51576561410093, "gravity_food_and_drink_per_100": 4591.7383008285515, "gravity_healthcare_per_100": 715.5712610794518, "gravity_shelter_per_100": 91.72865497027513, "shannon": 1.1471914592191534, "kl_divergence": 0.006458536091450565, "jsd": 0.040674198969472747, "city_similarity": 0.95932580103052723 }, "geometry": { "type": "Polygon", "coordinates": [ [ [ -3.329564117261398, 55.966817254648895 ], [ -3.337574072983709, 55.966795579959253 ], [ -3.341613322810933, 55.970675093251572 ], [ -3.337641829855664, 55.974576672304991 ], [ -3.32963026647048, 55.974598353305659 ], [ -3.325591803967665, 55.970718448940872 ], [ -3.329564117261398, 55.966817254648895 ] ] ] } },
{ "type": "Feature", "properties": { "from_id": "446", "population": 95.410921003744562, "gravity_community": 1.603823035546357, "gravity_education": 2.175536953297545, "gravity_essential_services": 2.460466535404124, "gravity_food_and_drink": 9.2964843116055054, "gravity_healthcare": 1.3534602086267897, "gravity_shelter": 0.13081774742601945, "avg_gravity": 2.8367647986510565, "min_tt_community": 31.0, "min_tt_education": 34.0, "min_tt_essential_services": 32.0, "min_tt_food_and_drink": 9.0, "min_tt_healthcare": 38.0, "min_tt_shelter": 53.0, "avg_tt_community": 43.5, "avg_tt_education": 37.111111111111114, "avg_tt_essential_services": 42.5, "avg_tt_food_and_drink": 42.55, "avg_tt_healthcare": 44.285714285714285, "avg_tt_shelter": 53.0, "avg_tt_all": 43.824470899470896, "n_unreachable_categories": 0, "count_community": 8.0, "count_education": 9.0, "count_essential_services": 12.0, "count_food_and_drink": 41.0, "count_healthcare": 7.0, "count_shelter": 1.0, "gravity_community_per_100": 1.680963791852939, "gravity_education_per_100": 2.2801760326914384, "gravity_essential_services_per_100": 2.5788101713299243, "gravity_food_and_drink_per_100": 9.7436270542243779, "gravity_healthcare_per_100": 1.4185590018292253, "gravity_shelter_per_100": 0.13710982563608759, "shannon": 1.3809747363694027, "kl_divergence": 0.027246171747947287, "jsd": 0.080727373133342398, "city_similarity": 0.91927262686665756 }, "geometry": { "type": "Polygon", "coordinates": [ [ [ -3.341613322810933, 55.970675093251572 ], [ -3.349624065461314, 55.970652634604164 ], [ -3.353664922940021, 55.974531748471584 ], [ -3.349694251116027, 55.978433712226369 ], [ -3.341681900417738, 55.978456177413413 ], [ -3.337641829855664, 55.974576672304991 ], [ -3.341613322810933, 55.970675093251572 ] ] ] } },
{ "type": "Feature", "properties": { "from_id": "447", "population": 46.925345342662993, "gravity_community": 21.905629688508256, "gravity_education": 21.441480049340175, "gravity_essential_services": 49.109648193376124, "gravity_food_and_drink": 246.53169103619956, "gravity_healthcare": 38.268592784325897, "gravity_shelter": 4.9375293954217909, "avg_gravity": 63.699095191195305, "min_tt_community": 24.0, "min_tt_education": 26.0, "min_tt_essential_services": 22.0, "min_tt_food_and_drink": 20.0, "min_tt_healthcare": 22.0, "min_tt_shelter": 35.0, "avg_tt_community": 51.136054421768705, "avg_tt_education": 49.474074074074075, "avg_tt_essential_services": 49.328025477707008, "avg_tt_food_and_drink": 50.420956995760143, "avg_tt_healthcare": 50.472222222222221, "avg_tt_shelter": 51.058823529411768, "avg_tt_all": 50.31502612015732, "n_unreachable_categories": 0, "count_community": 147.0, "count_education": 135.0, "count_essential_services": 314.0, "count_food_and_drink": 1652.0, "count_healthcare": 252.0, "count_shelter": 34.0, "gravity_community_per_100": 46.681872085430072, "gravity_education_per_100": 45.692748540832326, "gravity_essential_services_per_100": 104.65484661809667, "gravity_food_and_drink_per_100": 525.37000897052746, "gravity_healthcare_per_100": 81.552074907232154, "gravity_shelter_per_100": 10.522094956076435, "shannon": 1.1464252461638846, "kl_divergence": 0.0065706534324500403, "jsd": 0.041029834583455417, "city_similarity": 0.95897016541654456 }, "geometry": { "type": "Polygon", "coordinates": [ [ [ -3.317581028303231, 55.970739345979673 ], [ -3.325591803967665, 55.970718448940872 ], [ -3.32963026647048, 55.974598353305659 ], [ -3.325657165455951, 55.978499545727253 ], [ -3.317644781721267, 55.978520448850972 ], [ -3.313607107335683, 55.974640153467206 ], [ -3.317581028303231, 55.970739345979673 ] ] ] } },
{ "type": "Feature", "properties": { "from_id": "448", "population": 67.025684135034993, "gravity_community": 1.603823035546357, "gravity_education": 2.175536953297545, "gravity_essential_services": 2.6764215678696659, "gravity_food_and_drink": 9.2933355353750446, "gravity_healthcare": 1.4614377248595607, "gravity_shelter": 0.13081774742601945, "avg_gravity": 2.8902287607290318, "min_tt_community": 31.0, "min_tt_education": 34.0, "min_tt_essential_services": 32.0, "min_tt_food_and_drink": 30.0, "min_tt_healthcare": 38.0, "min_tt_shelter": 53.0, "avg_tt_community": 43.5, "avg_tt_education": 37.111111111111114, "avg_tt_essential_services": 44.714285714285715, "avg_tt_food_and_drink": 44.386363636363633, "avg_tt_healthcare": 46.0, "avg_tt_shelter": 53.0, "avg_tt_all": 44.785293410293413, "n_unreachable_categories": 0, "count_community": 8.0, "count_education": 9.0, "count_essential_services": 14.0, "count_food_and_drink": 45.0, "count_healthcare": 8.0, "count_shelter": 1.0, "gravity_community_per_100": 2.3928484374962502, "gravity_education_per_100": 3.2458258074838064, "gravity_essential_services_per_100": 3.9931283095559991, "gravity_food_and_drink_per_100": 13.865334841867472, "gravity_healthcare_per_100": 2.1804144839689186, "gravity_shelter_per_100": 0.19517554966311745, "shannon": 1.3686194864853556, "kl_divergence": 0.021978249852467692, "jsd": 0.072928932364695373, "city_similarity": 0.92707106763530467 }, "geometry": { "type": "Polygon", "coordinates": [ [ [ -3.32963026647048, 55.974598353305659 ], [ -3.337641829855664, 55.974576672304991 ], [ -3.341681900417738, 55.978456177413413 ], [ -3.337709620149319, 55.98235775470912 ], [ -3.32969644830831, 55.982379442023316 ], [ -3.325657165455951, 55.978499545727253 ], [ -3.32963026647048, 55.974598353305659 ] ] ] } },
{ "type": "Feature", "properties": { "from_id": "449", "population": 18.673735507847045, "gravity_community": 22.068650629183754, "gravity_education": 21.736856662824664, "gravity_essential_services": 49.338494446888852, "gravity_food_and_drink": 247.74956955026266, "gravity_healthcare": 38.605358178176616, "gravity_shelter": 4.9487979366134178, "avg_gravity": 64.074621233991664, "min_tt_community": 24.0, "min_tt_education": 26.0, "min_tt_essential_services": 22.0, "min_tt_food_and_drink": 20.0, "min_tt_healthcare": 22.0, "min_tt_shelter": 35.0, "avg_tt_community": 50.986394557823132, "avg_tt_education": 49.404411764705884, "avg_tt_essential_services": 49.238853503184714, "avg_tt_food_and_drink": 50.365175332527208, "avg_tt_healthcare": 50.472440944881889, "avg_tt_shelter": 51.0, "avg_tt_all": 50.244546017187133, "n_unreachable_categories": 0, "count_community": 147.0, "count_education": 136.0, "count_essential_services": 314.0, "count_food_and_drink": 1655.0, "count_healthcare": 254.0, "count_shelter": 34.0, "gravity_community_per_100": 118.18016068563307, "gravity_education_per_100": 116.40336585944702, "gravity_essential_services_per_100": 264.21330871991796, "gravity_food_and_drink_per_100": 1326.7274212283544, "gravity_healthcare_per_100": 206.73613033639646, "gravity_shelter_per_100": 26.50138176442438, "shannon": 1.1471914592191534, "kl_divergence": 0.006458536091450565, "jsd": 0.040674198969472747, "city_similarity": 0.95932580103052723 }, "geometry": { "type": "Polygon", "coordinates": [ [ [ -3.341681900417738, 55.978456177413413 ], [ -3.349694251116027, 55.978433712226369 ], [ -3.353735930122525, 55.982312817793847 ], [ -3.349764471393565, 55.986214779903577 ], [ -3.341750511854157, 55.986237251632865 ], [ -3.337709620149319, 55.98235775470912 ], [ -3.341681900417738, 55.978456177413413 ] ] ] } },
{ "type": "Feature", "properties": { "from_id": "450", "population": 19.23478068554105, "gravity_community": 0.643278832269229, "gravity_education": 1.4257675698085668, "gravity_essential_services": 1.2520390229198031, "gravity_food_and_drink": 4.1479287008037318, "gravity_healthcare": 0.8354364414833334, "gravity_shelter": 0.0, "avg_gravity": 1.384075094547444, "min_tt_community": 48.0, "min_tt_education": 51.0, "min_tt_essential_services": 49.0, "min_tt_food_and_drink": 38.0, "min_tt_healthcare": 53.0, "min_tt_shelter": null, "avg_tt_community": 53.6, "avg_tt_education": 55.75, "avg_tt_essential_services": 54.3, "avg_tt_food_and_drink": 54.36, "avg_tt_healthcare": 55.428571428571431, "avg_tt_shelter": null, "avg_tt_all": 54.687714285714286, "n_unreachable_categories": 1, "count_community": 5.0, "count_education": 12.0, "count_essential_services": 10.0, "count_food_and_drink": 26.0, "count_healthcare": 7.0, "count_shelter": 0.0, "gravity_community_per_100": 3.3443523104621993, "gravity_education_per_100": 7.4124451592023011, "gravity_essential_services_per_100": 6.5092451189785159, "gravity_food_and_drink_per_100": 21.56473093515314, "gravity_healthcare_per_100": 4.3433634889912636, "gravity_shelter_per_100": 0.0, "shannon": 1.4406145428865527, "kl_divergence": 0.12725227694665953, "jsd": 0.1734516956101072, "city_similarity": 0.8265483043898928 }, "geometry": { "type": "Polygon", "coordinates": [ [ [ -3.317644781721267, 55.978520448850972 ], [ -3.325657165455951, 55.978499545727253 ], [ -3.32969644830831, 55.982379442023316 ], [ -3.325722559187413, 55.986280632576303 ], [ -3.317708566589248, 55.986301541787391 ], [ -3.313670072239961, 55.982421254357163 ], [ -3.317644781721267, 55.978520448850972 ] ] ] } },
{ "type": "Feature", "properties": { "from_id": "451", "population": 0.0, "gravity_community": 0.67680370688699787, "gravity_education": 1.2268388187150243, "gravity_essential_services": 0.92759141840269421, "gravity_food_and_drink": 4.1092230784458073, "gravity_healthcare": 0.59664117782454296, "gravity_shelter": 0.0, "avg_gravity": 1.2561830333791777, "min_tt_community": 43.0, "min_tt_education": 46.0, "min_tt_essential_services": 44.0, "min_tt_food_and_drink": 43.0, "min_tt_healthcare": 55.0, "min_tt_shelter": null, "avg_tt_community": 52.6, "avg_tt_education": 52.333333333333336, "avg_tt_essential_services": 53.0, "avg_tt_food_and_drink": 55.57692307692308, "avg_tt_healthcare": 55.4, "avg_tt_shelter": null, "avg_tt_all": 53.782051282051285, "n_unreachable_categories": 1, "count_community": 5.0, "count_education": 9.0, "count_essential_services": 7.0, "count_food_and_drink": 27.0, "count_healthcare": 5.0, "count_shelter": 0.0, "gravity_community_per_100": 0.0, "gravity_education_per_100": 0.0, "gravity_essential_services_per_100": 0.0, "gravity_food_and_drink_per_100": 0.0, "gravity_healthcare_per_100": 0.0, "gravity_shelter_per_100": 0.0, "shannon": 1.3574925437104632, "kl_divergence": 0.076850119312914397, "jsd": 0.1374366709872494, "city_similarity": 0.86256332901275057 }, "geometry": { "type": "Polygon", "coordinates": [ [ [ -3.32969644830831, 55.982379442023316 ], [ -3.337709620149319, 55.98235775470912 ], [ -3.341750511854157, 55.986237251632865 ], [ -3.337777443887295, 55.990138827172707 ], [ -3.329762662796973, 55.990160520802959 ], [ -3.325722559187413, 55.986280632576303 ], [ -3.32969644830831, 55.982379442023316 ] ] ] } },
{ "type": "Feature", "properties": { "from_id": "452", "population": 0.0, "gravity_community": 1.5537295033129634, "gravity_education": 2.0194819558418846, "gravity_essential_services": 3.0925545975739226, "gravity_food_and_drink": 11.458055729567931, "gravity_healthcare": 2.8543691408932124, "gravity_shelter": 0.79671734145426809, "avg_gravity": 3.6291513781073639, "min_tt_community": 29.0, "min_tt_education": 24.0, "min_tt_essential_services": 28.0, "min_tt_food_and_drink": 28.0, "min_tt_healthcare": 29.0, "min_tt_shelter": 54.0, "avg_tt_community": 45.75, "avg_tt_education": 47.18181818181818, "avg_tt_essential_services": 53.956521739130437, "avg_tt_food_and_drink": 55.345238095238095, "avg_tt_healthcare": 53.1, "avg_tt_shelter": 56.714285714285715, "avg_tt_all": 52.007977288412071, "n_unreachable_categories": 0, "count_community": 8.0, "count_education": 11.0, "count_essential_services": 23.0, "count_food_and_drink": 85.0, "count_healthcare": 20.0, "count_shelter": 7.0, "gravity_community_per_100": 0.0, "gravity_education_per_100": 0.0, "gravity_essential_services_per_100": 0.0, "gravity_food_and_drink_per_100": 0.0, "gravity_healthcare_per_100": 0.0, "gravity_shelter_per_100": 0.0, "shannon": 1.3597440277027433, "kl_divergence": 0.027957532210784005, "jsd": 0.07843768739836407, "city_similarity": 0.9215623126016359 }, "geometry": { "type": "Polygon", "coordinates": [ [ [ -3.389599413220823, 55.962751480793131 ], [ -3.397608475503338, 55.962725906418299 ], [ -3.401653295785891, 55.96660344602963 ], [ -3.397688269920064, 55.970506951583019 ], [ -3.389677600431777, 55.970532533403841 ], [ -3.385633564279209, 55.966654602224082 ], [ -3.389599413220823, 55.962751480793131 ] ] ] } },
{ "type": "Feature", "properties": { "from_id": "453", "population": 0.0, "gravity_community": 1.6502350415168439, "gravity_education": 2.1290095225379675, "gravity_essential_services": 2.7278474810421409, "gravity_food_and_drink": 8.4426840092383468, "gravity_healthcare": 2.0851732046976132, "gravity_shelter": 0.33238120709316366, "avg_gravity": 2.8945550776876794, "min_tt_community": 34.0, "min_tt_education": 29.0, "min_tt_essential_services": 33.0, "min_tt_food_and_drink": 33.0, "min_tt_healthcare": 34.0, "min_tt_shelter": 57.0, "avg_tt_community": 48.6, "avg_tt_education": 51.142857142857146, "avg_tt_essential_services": 53.1, "avg_tt_food_and_drink": 54.983050847457626, "avg_tt_healthcare": 51.428571428571431, "avg_tt_shelter": 57.333333333333336, "avg_tt_all": 52.764635458703253, "n_unreachable_categories": 0, "count_community": 10.0, "count_education": 14.0, "count_essential_services": 20.0, "count_food_and_drink": 60.0, "count_healthcare": 14.0, "count_shelter": 3.0, "gravity_community_per_100": 0.0, "gravity_education_per_100": 0.0, "gravity_essential_services_per_100": 0.0, "gravity_food_and_drink_per_100": 0.0, "gravity_healthcare_per_100": 0.0, "gravity_shelter_per_100": 0.0, "shannon": 1.4421491229123353, "kl_divergence": 0.030542683592611468, "jsd": 0.085815833759795582, "city_similarity": 0.91418416624020438 }, "geometry": { "type": "Polygon", "coordinates": [ [ [ -3.401653295785891, 55.96660344602963 ], [ -3.409663141802212, 55.966577087262323 ], [ -3.413709569277144, 55.970454226374834 ], [ -3.409745367279592, 55.974358115990015 ], [ -3.401733913674628, 55.974384482432114 ], [ -3.397688269920064, 55.970506951583019 ], [ -3.401653295785891, 55.96660344602963 ] ] ] } },
{ "type": "Feature", "properties": { "from_id": "454", "population": 91.94011661329148, "gravity_community": 1.0835018765142532, "gravity_education": 1.3706747650606002, "gravity_essential_services": 0.84581097899980984, "gravity_food_and_drink": 3.1096603242926677, "gravity_healthcare": 0.87724875870544672, "gravity_shelter": 0.20782446076703381, "avg_gravity": 1.2491201940566352, "min_tt_community": 45.0, "min_tt_education": 44.0, "min_tt_essential_services": 44.0, "min_tt_food_and_drink": 44.0, "min_tt_healthcare": 44.0, "min_tt_shelter": 59.0, "avg_tt_community": 52.625, "avg_tt_education": 52.3, "avg_tt_essential_services": 51.5, "avg_tt_food_and_drink": 53.375, "avg_tt_healthcare": 50.666666666666664, "avg_tt_shelter": 59.0, "avg_tt_all": 53.244444444444447, "n_unreachable_categories": 0, "count_community": 8.0, "count_education": 10.0, "count_essential_services": 6.0, "count_food_and_drink": 17.0, "count_healthcare": 6.0, "count_shelter": 2.0, "gravity_community_per_100": 1.1784865153821382, "gravity_education_per_100": 1.4908342685987481, "gravity_essential_services_per_100": 0.9199585666802752, "gravity_food_and_drink_per_100": 3.382267109114276, "gravity_healthcare_per_100": 0.95415232329455824, "gravity_shelter_per_100": 0.22604328602405677, "shannon": 1.6323627863660921, "kl_divergence": 0.20316193336520474, "jsd": 0.21533812791270759, "city_similarity": 0.78466187208729243 }, "geometry": { "type": "Polygon", "coordinates": [ [ [ -3.425682793040238, 55.966522808396817 ], [ -3.43369259773372, 55.966494888302464 ], [ -3.437741415300977, 55.970371234674452 ], [ -3.433779645921463, 55.974275893096667 ], [ -3.4257682336673, 55.974303821320376 ], [ -3.421720198617527, 55.970427082991201 ], [ -3.425682793040238, 55.966522808396817 ] ] ] } },
{ "type": "Feature", "properties": { "from_id": "455", "population": 405.40101005460889, "gravity_community": 1.5460230598422189, "gravity_education": 1.8058558203779929, "gravity_essential_services": 2.0565210949405492, "gravity_food_and_drink": 6.7452268039381309, "gravity_healthcare": 1.5004776360675931, "gravity_shelter": 0.12115276586285885, "avg_gravity": 2.2958761968382242, "min_tt_community": 47.0, "min_tt_education": 46.0, "min_tt_essential_services": 46.0, "min_tt_food_and_drink": 46.0, "min_tt_healthcare": 48.0, "min_tt_shelter": 55.0, "avg_tt_community": 53.666666666666664, "avg_tt_education": 53.785714285714285, "avg_tt_essential_services": 52.0, "avg_tt_food_and_drink": 52.095238095238095, "avg_tt_healthcare": 52.18181818181818, "avg_tt_shelter": 55.0, "avg_tt_all": 53.121572871572873, "n_unreachable_categories": 0, "count_community": 12.0, "count_education": 14.0, "count_essential_services": 15.0, "count_food_and_drink": 43.0, "count_healthcare": 11.0, "count_shelter": 1.0, "gravity_community_per_100": 0.38135648937676903, "gravity_education_per_100": 0.44544926519416866, "gravity_essential_services_per_100": 0.50728070328772223, "gravity_food_and_drink_per_100": 1.6638406507742856, "gravity_healthcare_per_100": 0.37012182970769453, "gravity_shelter_per_100": 0.029884672918436776, "shannon": 1.4862764379968341, "kl_divergence": 0.072005411431302291, "jsd": 0.13023850050308969, "city_similarity": 0.86976149949691028 }, "geometry": { "type": "Polygon", "coordinates": [ [ [ -3.413709569277144, 55.970454226374834 ], [ -3.421720198617527, 55.970427082991201 ], [ -3.4257682336673, 55.974303821320376 ], [ -3.421804856330764, 55.978208094936583 ], [ -3.41379261901915, 55.978235246223875 ], [ -3.409745367279592, 55.974358115990015 ], [ -3.413709569277144, 55.970454226374834 ] ] ] } },
{ "type": "Feature", "properties": { "from_id": "456", "population": 62.478247712101094, "gravity_community": 2.6053763177788758, "gravity_education": 2.7019700527906165, "gravity_essential_services": 3.4107741509871179, "gravity_food_and_drink": 10.621258811906117, "gravity_healthcare": 2.3964694752283857, "gravity_shelter": 0.14125375446227545, "avg_gravity": 3.6461837605255649, "min_tt_community": 37.0, "min_tt_education": 36.0, "min_tt_essential_services": 33.0, "min_tt_food_and_drink": 30.0, "min_tt_healthcare": 34.0, "min_tt_shelter": 51.0, "avg_tt_community": 50.117647058823529, "avg_tt_education": 47.25, "avg_tt_essential_services": 46.263157894736842, "avg_tt_food_and_drink": 47.631578947368418, "avg_tt_healthcare": 47.428571428571431, "avg_tt_shelter": 51.0, "avg_tt_all": 48.28182588825004, "n_unreachable_categories": 0, "count_community": 17.0, "count_education": 16.0, "count_essential_services": 19.0, "count_food_and_drink": 58.0, "count_healthcare": 14.0, "count_shelter": 1.0, "gravity_community_per_100": 4.1700534396937865, "gravity_education_per_100": 4.324657223488817, "gravity_essential_services_per_100": 5.4591386216590427, "gravity_food_and_drink_per_100": 16.999930697238391, "gravity_healthcare_per_100": 3.8356861195456124, "gravity_shelter_per_100": 0.22608469288890881, "shannon": 1.4609306641922313, "kl_divergence": 0.062578033379644446, "jsd": 0.12173889445174833, "city_similarity": 0.87826110554825165 }, "geometry": { "type": "Polygon", "coordinates": [ [ [ -3.389677600431777, 55.970532533403841 ], [ -3.397688269920064, 55.970506951583019 ], [ -3.401733913674628, 55.974384482432114 ], [ -3.39776810369208, 55.978287986784693 ], [ -3.389755826205393, 55.978313576054504 ], [ -3.385710966963952, 55.974435653521574 ], [ -3.389677600431777, 55.970532533403841 ] ] ] } },
{ "type": "Feature", "properties": { "from_id": "457", "population": 63.478233003283435, "gravity_community": 3.5187239019159762, "gravity_education": 3.593984653597265, "gravity_essential_services": 5.4008815235548875, "gravity_food_and_drink": 16.449891366857756, "gravity_healthcare": 4.2260019741617008, "gravity_shelter": 0.34907821522930926, "avg_gravity": 5.5897602725528159, "min_tt_community": 30.0, "min_tt_education": 29.0, "min_tt_essential_services": 27.0, "min_tt_food_and_drink": 23.0, "min_tt_healthcare": 28.0, "min_tt_shelter": 51.0, "avg_tt_community": 49.727272727272727, "avg_tt_education": 47.904761904761905, "avg_tt_essential_services": 48.29032258064516, "avg_tt_food_and_drink": 48.0, "avg_tt_healthcare": 50.370370370370374, "avg_tt_shelter": 56.333333333333336, "avg_tt_all": 50.104343486063918, "n_unreachable_categories": 0, "count_community": 22.0, "count_education": 21.0, "count_essential_services": 31.0, "count_food_and_drink": 90.0, "count_healthcare": 27.0, "count_shelter": 3.0, "gravity_community_per_100": 5.5431976213546594, "gravity_education_per_100": 5.6617591315299611, "gravity_essential_services_per_100": 8.5082417515867608, "gravity_food_and_drink_per_100": 25.914223803310467, "gravity_healthcare_per_100": 6.6574032927840143, "gravity_shelter_per_100": 0.54991797772829154, "shannon": 1.4758075871850875, "kl_divergence": 0.043459578842547857, "jsd": 0.10316939252646293, "city_similarity": 0.89683060747353704 }, "geometry": { "type": "Polygon", "coordinates": [ [ [ -3.401733913674628, 55.974384482432114 ], [ -3.409745367279592, 55.974358115990015 ], [ -3.41379261901915, 55.978235246223875 ], [ -3.409827633314902, 55.982139134750625 ], [ -3.401814571328413, 55.982165508870587 ], [ -3.39776810369208, 55.978287986784693 ], [ -3.401733913674628, 55.974384482432114 ] ] ] } },
{ "type": "Feature", "properties": { "from_id": "458", "population": 63.556833354016682, "gravity_community": 2.3218276098441892, "gravity_education": 2.5563326955823236, "gravity_essential_services": 4.8454841733709708, "gravity_food_and_drink": 11.207183891135521, "gravity_healthcare": 2.1611850316485679, "gravity_shelter": 0.76065053819264927, "avg_gravity": 3.9754439899623701, "min_tt_community": 46.0, "min_tt_education": 35.0, "min_tt_essential_services": 45.0, "min_tt_food_and_drink": 38.0, "min_tt_healthcare": 47.0, "min_tt_shelter": 49.0, "avg_tt_community": 53.666666666666664, "avg_tt_education": 52.94736842105263, "avg_tt_essential_services": 53.0, "avg_tt_food_and_drink": 53.317647058823532, "avg_tt_healthcare": 52.5, "avg_tt_shelter": 54.0, "avg_tt_all": 53.238613691090471, "n_unreachable_categories": 0, "count_community": 18.0, "count_education": 19.0, "count_essential_services": 30.0, "count_food_and_drink": 85.0, "count_healthcare": 16.0, "count_shelter": 6.0, "gravity_community_per_100": 3.6531518128214828, "gravity_education_per_100": 4.0221209281201045, "gravity_essential_services_per_100": 7.6238602801074657, "gravity_food_and_drink_per_100": 17.633326425674177, "gravity_healthcare_per_100": 3.4003975931440653, "gravity_shelter_per_100": 1.1968037078810465, "shannon": 1.4651226167302607, "kl_divergence": 0.043595857283445755, "jsd": 0.10189187098683737, "city_similarity": 0.89810812901316261 }, "geometry": { "type": "Polygon", "coordinates": [ [ [ -3.425853716438033, 55.982084824270501 ], [ -3.421804856330764, 55.978208094936583 ], [ -3.4257682336673, 55.974303821320376 ], [ -3.433779645921463, 55.974275893096667 ], [ -3.437829288928256, 55.978152230357857 ], [ -3.436962314124566, 55.9790066164555 ], [ -3.43686318397522, 55.979030609130866 ], [ -3.436896104541074, 55.97907186285974 ], [ -3.435919431717608, 55.980034297958348 ], [ -3.43533992767334, 55.980442047119134 ], [ -3.432363748550415, 55.981441497802727 ], [ -3.431684732437134, 55.981632232666016 ], [ -3.430129051208496, 55.981647491455078 ], [ -3.429705619812011, 55.981815338134759 ], [ -3.429785717923092, 55.982071180934163 ], [ -3.425853716438033, 55.982084824270501 ] ] ] } },
{ "type": "Feature", "properties": { "from_id": "459", "population": 106.7907668459202, "gravity_community": 8.5370690420934334, "gravity_education": 7.3810912039087224, "gravity_essential_services": 11.554523193331985, "gravity_food_and_drink": 39.256892047535722, "gravity_healthcare": 8.7607767310849702, "gravity_shelter": 1.9286845852210099, "avg_gravity": 12.903172800529306, "min_tt_community": 31.0, "min_tt_education": 19.0, "min_tt_essential_services": 28.0, "min_tt_food_and_drink": 17.0, "min_tt_healthcare": 32.0, "min_tt_shelter": 32.0, "avg_tt_community": 48.28846153846154, "avg_tt_education": 50.021276595744681, "avg_tt_essential_services": 49.726027397260275, "avg_tt_food_and_drink": 50.536290322580648, "avg_tt_healthcare": 49.163636363636364, "avg_tt_shelter": 50.769230769230766, "avg_tt_all": 49.750820497819042, "n_unreachable_categories": 0, "count_community": 52.0, "count_education": 47.0, "count_essential_services": 73.0, "count_food_and_drink": 249.0, "count_healthcare": 55.0, "count_shelter": 13.0, "gravity_community_per_100": 7.9942014597674751, "gravity_education_per_100": 6.9117316242876177, "gravity_essential_services_per_100": 10.819777340866066, "gravity_food_and_drink_per_100": 36.760567609909884, "gravity_healthcare_per_100": 8.2036836983530517, "gravity_shelter_per_100": 1.8060405802720318, "shannon": 1.4332242735976164, "kl_divergence": 0.023692613926613565, "jsd": 0.075724620649279276, "city_similarity": 0.92427537935072068 }, "geometry": { "type": "Polygon", "coordinates": [ [ [ -3.41379261901915, 55.978235246223875 ], [ -3.421804856330764, 55.978208094936583 ], [ -3.425853716438033, 55.982084824270501 ], [ -3.421889555805365, 55.985989096910643 ], [ -3.41387570972938, 55.986016256104762 ], [ -3.409827633314902, 55.982139134750625 ], [ -3.41379261901915, 55.978235246223875 ] ] ] } },
{ "type": "Feature", "properties": { "from_id": "460", "population": 23.83251160303351, "gravity_community": 34.399099534441405, "gravity_education": 31.003679544893942, "gravity_essential_services": 62.860860611262183, "gravity_food_and_drink": 292.93545516598232, "gravity_healthcare": 49.248939095517663, "gravity_shelter": 7.8551980546154514, "avg_gravity": 79.71720533445216, "min_tt_community": 16.0, "min_tt_education": 11.0, "min_tt_essential_services": 15.0, "min_tt_food_and_drink": 13.0, "min_tt_healthcare": 17.0, "min_tt_shelter": 20.0, "avg_tt_community": 48.26, "avg_tt_education": 48.824468085106382, "avg_tt_essential_services": 48.008021390374331, "avg_tt_food_and_drink": 49.347590687601517, "avg_tt_healthcare": 48.980066445182722, "avg_tt_shelter": 48.854166666666664, "avg_tt_all": 48.712385545821938, "n_unreachable_categories": 0, "count_community": 200.0, "count_education": 188.0, "count_essential_services": 374.0, "count_food_and_drink": 1848.0, "count_healthcare": 301.0, "count_shelter": 48.0, "gravity_community_per_100": 144.33686263290409, "gravity_education_per_100": 130.08985398310961, "gravity_essential_services_per_100": 263.76095670613654, "gravity_food_and_drink_per_100": 1229.1421904886272, "gravity_healthcare_per_100": 206.64603007787497, "gravity_shelter_per_100": 32.960009358038477, "shannon": 1.2119915917879205, "kl_divergence": 0.0012329850704085716, "jsd": 0.017639102922371946, "city_similarity": 0.98236089707762808 }, "geometry": { "type": "Polygon", "coordinates": [ [ [ -3.401814571328413, 55.982165508870587 ], [ -3.409827633314902, 55.982139134750625 ], [ -3.41387570972938, 55.986016256104762 ], [ -3.409909939935593, 55.989920143545177 ], [ -3.401895268774158, 55.98994652534607 ], [ -3.397847976846019, 55.98606901202438 ], [ -3.401814571328413, 55.982165508870587 ] ] ] } },
{ "type": "Feature", "properties": { "from_id": "461", "population": 15.76239328228462, "gravity_community": 6.3950570943658889, "gravity_education": 5.5383315487291069, "gravity_essential_services": 8.1216907740476341, "gravity_food_and_drink": 24.323608348100876, "gravity_healthcare": 6.2382787990443784, "gravity_shelter": 1.6570609447916607, "avg_gravity": 8.7123379181799248, "min_tt_community": 36.0, "min_tt_education": 27.0, "min_tt_essential_services": 33.0, "min_tt_food_and_drink": 29.0, "min_tt_healthcare": 37.0, "min_tt_shelter": 36.0, "avg_tt_community": 49.219512195121951, "avg_tt_education": 51.473684210526315, "avg_tt_essential_services": 49.67307692307692, "avg_tt_food_and_drink": 49.224489795918366, "avg_tt_healthcare": 49.902439024390247, "avg_tt_shelter": 50.363636363636367, "avg_tt_all": 49.976139752111692, "n_unreachable_categories": 0, "count_community": 41.0, "count_education": 38.0, "count_essential_services": 52.0, "count_food_and_drink": 148.0, "count_healthcare": 41.0, "count_shelter": 11.0, "gravity_community_per_100": 40.571612316977927, "gravity_education_per_100": 35.136361906117692, "gravity_essential_services_per_100": 51.525746303866285, "gravity_food_and_drink_per_100": 154.31418257681858, "gravity_healthcare_per_100": 39.576977222460187, "gravity_shelter_per_100": 10.512749651120775, "shannon": 1.5297010907499713, "kl_divergence": 0.060249913538027167, "jsd": 0.12036776897756356, "city_similarity": 0.87963223102243648 }, "geometry": { "type": "Polygon", "coordinates": [ [ [ -3.42593924138096, 55.98986581724823 ], [ -3.421889555805365, 55.985989096910643 ], [ -3.425853716438033, 55.982084824270501 ], [ -3.429785717923092, 55.982071180934163 ], [ -3.430214405059814, 55.983440399169901 ], [ -3.429885864257812, 55.984912872314453 ], [ -3.430001974105835, 55.985290527343736 ], [ -3.430093765258789, 55.985591888427741 ], [ -3.430600643157959, 55.987251281738274 ], [ -3.431289196014404, 55.987751007080071 ], [ -3.431730270385742, 55.98828125 ], [ -3.431955814361572, 55.989223480224602 ], [ -3.430927991867066, 55.989437103271491 ], [ -3.430534362792969, 55.989665985107422 ], [ -3.429144859313965, 55.989505767822266 ], [ -3.42816686630249, 55.989543914794915 ], [ -3.428214788436889, 55.989585876464844 ], [ -3.427562475204468, 55.989631652832017 ], [ -3.426900663245298, 55.989862492570275 ], [ -3.42593924138096, 55.98986581724823 ] ] ] } },
{ "type": "Feature", "properties": { "from_id": "462", "population": 8.201287923353334, "gravity_community": 2.2421857083906986, "gravity_education": 3.2511843510648322, "gravity_essential_services": 3.1846897883241239, "gravity_food_and_drink": 9.9941890449652941, "gravity_healthcare": 2.0532707610408987, "gravity_shelter": 0.13081774742601945, "avg_gravity": 3.4760562335353105, "min_tt_community": 26.0, "min_tt_education": 20.0, "min_tt_essential_services": 24.0, "min_tt_food_and_drink": 25.0, "min_tt_healthcare": 39.0, "min_tt_shelter": 53.0, "avg_tt_community": 47.846153846153847, "avg_tt_education": 41.285714285714285, "avg_tt_essential_services": 45.529411764705884, "avg_tt_food_and_drink": 44.6875, "avg_tt_healthcare": 49.46153846153846, "avg_tt_shelter": 53.0, "avg_tt_all": 46.96838639301874, "n_unreachable_categories": 0, "count_community": 13.0, "count_education": 14.0, "count_essential_services": 17.0, "count_food_and_drink": 49.0, "count_healthcare": 13.0, "count_shelter": 1.0, "gravity_community_per_100": 27.339434115049531, "gravity_education_per_100": 39.642363265981906, "gravity_essential_services_per_100": 38.83158130878023, "gravity_food_and_drink_per_100": 121.86121421864287, "gravity_healthcare_per_100": 25.035955086934191, "gravity_shelter_per_100": 1.5950878526470611, "shannon": 1.4719007290013451, "kl_divergence": 0.058881729048581868, "jsd": 0.11874984797159201, "city_similarity": 0.88125015202840795 }, "geometry": { "type": "Polygon", "coordinates": [ [ [ -3.365645515898444, 55.9706061557117 ], [ -3.373656223156754, 55.970582135469947 ], [ -3.377699474386837, 55.974460458165289 ], [ -3.373731232907654, 55.978363192563897 ], [ -3.365718917625385, 55.978387219799963 ], [ -3.361676452110565, 55.974508505642007 ], [ -3.365645515898444, 55.9706061557117 ] ] ] } },
{ "type": "Feature", "properties": { "from_id": "463", "population": 16.155832680243844, "gravity_community": 2.1130128154959702, "gravity_education": 2.5302728881816687, "gravity_essential_services": 3.0394435486065809, "gravity_food_and_drink": 11.295101203236952, "gravity_healthcare": 1.6733224630903756, "gravity_shelter": 0.14125375446227545, "avg_gravity": 3.4654011121789705, "min_tt_community": 24.0, "min_tt_education": 27.0, "min_tt_essential_services": 25.0, "min_tt_food_and_drink": 24.0, "min_tt_healthcare": 36.0, "min_tt_shelter": 51.0, "avg_tt_community": 45.81818181818182, "avg_tt_education": 33.444444444444443, "avg_tt_essential_services": 43.8, "avg_tt_food_and_drink": 46.0, "avg_tt_healthcare": 45.888888888888886, "avg_tt_shelter": 51.0, "avg_tt_all": 44.32525252525253, "n_unreachable_categories": 0, "count_community": 11.0, "count_education": 9.0, "count_essential_services": 15.0, "count_food_and_drink": 57.0, "count_healthcare": 9.0, "count_shelter": 1.0, "gravity_community_per_100": 13.078947135172225, "gravity_education_per_100": 15.661668069116688, "gravity_essential_services_per_100": 18.813289347341186, "gravity_food_and_drink_per_100": 69.913457429211704, "gravity_healthcare_per_100": 10.357389162222493, "gravity_shelter_per_100": 0.87432048386467609, "shannon": 1.3210358957133757, "kl_divergence": 0.016048046753435553, "jsd": 0.062534185132956985, "city_similarity": 0.93746581486704306 }, "geometry": { "type": "Polygon", "coordinates": [ [ [ -3.353664922940021, 55.974531748471584 ], [ -3.361676452110565, 55.974508505642007 ], [ -3.365718917625385, 55.978387219799963 ], [ -3.361749067725738, 55.982289568195945 ], [ -3.353735930122525, 55.982312817793847 ], [ -3.349694251116027, 55.978433712226369 ], [ -3.353664922940021, 55.974531748471584 ] ] ] } },
{ "type": "Feature", "properties": { "from_id": "464", "population": 164.79801436214342, "gravity_community": 3.3856666440200103, "gravity_education": 4.9340810158451136, "gravity_essential_services": 5.8008291325530248, "gravity_food_and_drink": 16.408130871688691, "gravity_healthcare": 3.3741829197376942, "gravity_shelter": 0.14125375446227545, "avg_gravity": 5.6740240563844679, "min_tt_community": 15.0, "min_tt_education": 12.0, "min_tt_essential_services": 12.0, "min_tt_food_and_drink": 14.0, "min_tt_healthcare": 24.0, "min_tt_shelter": 51.0, "avg_tt_community": 47.388888888888886, "avg_tt_education": 39.5, "avg_tt_essential_services": 42.666666666666664, "avg_tt_food_and_drink": 43.0, "avg_tt_healthcare": 49.4, "avg_tt_shelter": 51.0, "avg_tt_all": 45.492592592592587, "n_unreachable_categories": 0, "count_community": 18.0, "count_education": 18.0, "count_essential_services": 24.0, "count_food_and_drink": 70.0, "count_healthcare": 20.0, "count_shelter": 1.0, "gravity_community_per_100": 2.0544341247826035, "gravity_education_per_100": 2.9940172731708263, "gravity_essential_services_per_100": 3.5199630013779841, "gravity_food_and_drink_per_100": 9.9565100557776418, "gravity_healthcare_per_100": 2.0474657615248515, "gravity_shelter_per_100": 0.08571326238911503, "shannon": 1.4567766082861315, "kl_divergence": 0.053124292537975855, "jsd": 0.11386223566938536, "city_similarity": 0.88613776433061464 }, "geometry": { "type": "Polygon", "coordinates": [ [ [ -3.377699474386837, 55.974460458165289 ], [ -3.385710966963952, 55.974435653521574 ], [ -3.389755826205393, 55.978313576054504 ], [ -3.385788407827953, 55.982216694860995 ], [ -3.377775306842937, 55.982241506727824 ], [ -3.373731232907654, 55.978363192563897 ], [ -3.377699474386837, 55.974460458165289 ] ] ] } },
{ "type": "Feature", "properties": { "from_id": "465", "population": 26.726727259631801, "gravity_community": 27.428251280471464, "gravity_education": 27.235481503056523, "gravity_essential_services": 55.394280111686484, "gravity_food_and_drink": 263.91306154152534, "gravity_healthcare": 42.755127080456376, "gravity_shelter": 5.858308398957508, "avg_gravity": 70.43075165269228, "min_tt_community": 4.0, "min_tt_education": 7.0, "min_tt_essential_services": 5.0, "min_tt_food_and_drink": 4.0, "min_tt_healthcare": 18.0, "min_tt_shelter": 35.0, "avg_tt_community": 50.064327485380119, "avg_tt_education": 48.974683544303801, "avg_tt_essential_services": 48.861356932153392, "avg_tt_food_and_drink": 49.983635300993569, "avg_tt_healthcare": 50.040293040293044, "avg_tt_shelter": 50.925, "avg_tt_all": 49.808216050520656, "n_unreachable_categories": 0, "count_community": 171.0, "count_education": 158.0, "count_essential_services": 339.0, "count_food_and_drink": 1712.0, "count_healthcare": 273.0, "count_shelter": 40.0, "gravity_community_per_100": 102.62480330653597, "gravity_education_per_100": 101.90354112002763, "gravity_essential_services_per_100": 207.26174055494747, "gravity_food_and_drink_per_100": 987.44997461825824, "gravity_healthcare_per_100": 159.97142734731295, "gravity_shelter_per_100": 21.919288291634306, "shannon": 1.1848483921858575, "kl_divergence": 0.0029119884564645731, "jsd": 0.027200752049680494, "city_similarity": 0.97279924795031947 }, "geometry": { "type": "Polygon", "coordinates": [ [ [ -3.365718917625385, 55.978387219799963 ], [ -3.373731232907654, 55.978363192563897 ], [ -3.377775306842937, 55.982241506727824 ], [ -3.373806279660962, 55.98614423970465 ], [ -3.365792355561546, 55.986168273937828 ], [ -3.361749067725738, 55.982289568195945 ], [ -3.365718917625385, 55.978387219799963 ] ] ] } },
{ "type": "Feature", "properties": { "from_id": "466", "population": 18.271223736971603, "gravity_community": 23.156470618105811, "gravity_education": 21.99768685438293, "gravity_essential_services": 44.411748441771685, "gravity_food_and_drink": 166.12889323643046, "gravity_healthcare": 29.783135923724998, "gravity_shelter": 5.1837911250909841, "avg_gravity": 48.443621033251141, "min_tt_community": 13.0, "min_tt_education": 12.0, "min_tt_essential_services": 6.0, "min_tt_food_and_drink": 6.0, "min_tt_healthcare": 10.0, "min_tt_shelter": 23.0, "avg_tt_community": 46.913385826771652, "avg_tt_education": 48.251968503937007, "avg_tt_essential_services": 49.537878787878789, "avg_tt_food_and_drink": 51.086520947176687, "avg_tt_healthcare": 48.988826815642462, "avg_tt_shelter": 50.030303030303031, "avg_tt_all": 49.134813985284929, "n_unreachable_categories": 0, "count_community": 127.0, "count_education": 127.0, "count_essential_services": 265.0, "count_food_and_drink": 1098.0, "count_healthcare": 179.0, "count_shelter": 33.0, "gravity_community_per_100": 126.73738196992777, "gravity_education_per_100": 120.39525743352853, "gravity_essential_services_per_100": 243.06937007128343, "gravity_food_and_drink_per_100": 909.23791218357553, "gravity_healthcare_per_100": 163.00569875601261, "gravity_shelter_per_100": 28.371340637691635, "shannon": 1.2565512070739682, "kl_divergence": 0.0021726520558696294, "jsd": 0.023199216299535835, "city_similarity": 0.97680078370046419 }, "geometry": { "type": "Polygon", "coordinates": [ [ [ -3.389755826205393, 55.978313576054504 ], [ -3.39776810369208, 55.978287986784693 ], [ -3.401814571328413, 55.982165508870587 ], [ -3.397847976846019, 55.98606901202438 ], [ -3.389834090567768, 55.986094608746171 ], [ -3.385788407827953, 55.982216694860995 ], [ -3.389755826205393, 55.978313576054504 ] ] ] } },
{ "type": "Feature", "properties": { "from_id": "467", "population": 33.703651305905538, "gravity_community": 18.156642683694255, "gravity_education": 17.868928669959892, "gravity_essential_services": 42.820433641644236, "gravity_food_and_drink": 212.5841865155505, "gravity_healthcare": 32.402089400611914, "gravity_shelter": 3.990704325543196, "avg_gravity": 54.637164206167334, "min_tt_community": 24.0, "min_tt_education": 27.0, "min_tt_essential_services": 24.0, "min_tt_food_and_drink": 22.0, "min_tt_healthcare": 24.0, "min_tt_shelter": 37.0, "avg_tt_community": 51.471544715447152, "avg_tt_education": 49.243243243243242, "avg_tt_essential_services": 50.239436619718312, "avg_tt_food_and_drink": 51.417619367854741, "avg_tt_healthcare": 51.25, "avg_tt_shelter": 51.428571428571431, "avg_tt_all": 50.841735895805812, "n_unreachable_categories": 0, "count_community": 123.0, "count_education": 111.0, "count_essential_services": 284.0, "count_food_and_drink": 1487.0, "count_healthcare": 220.0, "count_shelter": 28.0, "gravity_community_per_100": 53.871441164930566, "gravity_education_per_100": 53.017782873954985, "gravity_essential_services_per_100": 127.04983579669677, "gravity_food_and_drink_per_100": 630.74527025593102, "gravity_healthcare_per_100": 96.138216914600093, "gravity_shelter_per_100": 11.840569703627175, "shannon": 1.1240657839704566, "kl_divergence": 0.0097764588116586379, "jsd": 0.050259542962005209, "city_similarity": 0.94974045703799481 }, "geometry": { "type": "Polygon", "coordinates": [ [ [ -3.353735930122525, 55.982312817793847 ], [ -3.361749067725738, 55.982289568195945 ], [ -3.365792355561546, 55.986168273937828 ], [ -3.361821719165651, 55.990070620801376 ], [ -3.353806972336305, 55.990093877170317 ], [ -3.349764471393565, 55.986214779903577 ], [ -3.353735930122525, 55.982312817793847 ] ] ] } },
{ "type": "Feature", "properties": { "from_id": "468", "population": 400.18024421562802, "gravity_community": 27.844447454173679, "gravity_education": 27.355109128422058, "gravity_essential_services": 56.401464859247959, "gravity_food_and_drink": 267.32773554608769, "gravity_healthcare": 43.485656874290676, "gravity_shelter": 6.0501446460473645, "avg_gravity": 71.410759751378237, "min_tt_community": 14.0, "min_tt_education": 9.0, "min_tt_essential_services": 2.0, "min_tt_food_and_drink": 1.0, "min_tt_healthcare": 16.0, "min_tt_shelter": 33.0, "avg_tt_community": 49.890173410404621, "avg_tt_education": 48.861635220125784, "avg_tt_essential_services": 48.607669616519175, "avg_tt_food_and_drink": 49.870348837209299, "avg_tt_healthcare": 49.971014492753625, "avg_tt_shelter": 50.756097560975611, "avg_tt_all": 49.659489856331355, "n_unreachable_categories": 0, "count_community": 173.0, "count_education": 159.0, "count_essential_services": 339.0, "count_food_and_drink": 1720.0, "count_healthcare": 276.0, "count_shelter": 41.0, "gravity_community_per_100": 6.9579765259902064, "gravity_education_per_100": 6.8356970449751584, "gravity_essential_services_per_100": 14.094015302978653, "gravity_food_and_drink_per_100": 66.80183227686878, "gravity_healthcare_per_100": 10.866517651196048, "gravity_shelter_per_100": 1.5118549037586626, "shannon": 1.1867894147492177, "kl_divergence": 0.0027757212623986272, "jsd": 0.026554584851307406, "city_similarity": 0.97344541514869265 }, "geometry": { "type": "Polygon", "coordinates": [ [ [ -3.377775306842937, 55.982241506727824 ], [ -3.385788407827953, 55.982216694860995 ], [ -3.389834090567768, 55.986094608746171 ], [ -3.385865886897049, 55.989997726243409 ], [ -3.377851176710688, 55.990022545336231 ], [ -3.373806279660962, 55.98614423970465 ], [ -3.377775306842937, 55.982241506727824 ] ] ] } },
{ "type": "Feature", "properties": { "from_id": "469", "population": 163.37600866898191, "gravity_community": 22.211936345570432, "gravity_education": 21.572894233629782, "gravity_essential_services": 45.273140821538874, "gravity_food_and_drink": 202.60809633069539, "gravity_healthcare": 32.792818517927394, "gravity_shelter": 4.535075322081032, "avg_gravity": 54.832326928573821, "min_tt_community": 5.0, "min_tt_education": 8.0, "min_tt_essential_services": 4.0, "min_tt_food_and_drink": 1.0, "min_tt_healthcare": 5.0, "min_tt_shelter": 30.0, "avg_tt_community": 49.369230769230768, "avg_tt_education": 49.198412698412696, "avg_tt_essential_services": 50.12323943661972, "avg_tt_food_and_drink": 51.543754674644724, "avg_tt_healthcare": 50.779904306220097, "avg_tt_shelter": 50.166666666666664, "avg_tt_all": 50.196868091965776, "n_unreachable_categories": 0, "count_community": 130.0, "count_education": 126.0, "count_essential_services": 284.0, "count_food_and_drink": 1339.0, "count_healthcare": 209.0, "count_shelter": 30.0, "gravity_community_per_100": 13.595592478069593, "gravity_education_per_100": 13.204444403669379, "gravity_essential_services_per_100": 27.711009217557354, "gravity_food_and_drink_per_100": 124.01337135197255, "gravity_healthcare_per_100": 20.071991466243563, "gravity_shelter_per_100": 2.7758514600938762, "shannon": 1.1873055404998305, "kl_divergence": 0.0034278567404963881, "jsd": 0.029528030358608695, "city_similarity": 0.97047196964139126 }, "geometry": { "type": "Polygon", "coordinates": [ [ [ -3.385865886897049, 55.989997726243409 ], [ -3.389834090567768, 55.986094608746171 ], [ -3.397847976846019, 55.98606901202438 ], [ -3.401895268774158, 55.98994652534607 ], [ -3.398851919379596, 55.992940956499851 ], [ -3.396406888961792, 55.992759704589844 ], [ -3.395983934402466, 55.992279052734368 ], [ -3.394108057022095, 55.991920471191399 ], [ -3.389464378356934, 55.991943359375 ], [ -3.388046935069363, 55.992088012584269 ], [ -3.385865886897049, 55.989997726243409 ] ] ] } },
{ "type": "Feature", "properties": { "from_id": "470", "population": 43.656956500072859, "gravity_community": 2.7479228764663741, "gravity_education": 3.2473492835216975, "gravity_essential_services": 4.0052361421609328, "gravity_food_and_drink": 14.671655086721707, "gravity_healthcare": 2.3935240851026176, "gravity_shelter": 0.14125375446227545, "avg_gravity": 4.5344902047392672, "min_tt_community": 25.0, "min_tt_education": 26.0, "min_tt_essential_services": 22.0, "min_tt_food_and_drink": 18.0, "min_tt_healthcare": 33.0, "min_tt_shelter": 51.0, "avg_tt_community": 47.2, "avg_tt_education": 38.615384615384613, "avg_tt_essential_services": 43.684210526315788, "avg_tt_food_and_drink": 42.233333333333334, "avg_tt_healthcare": 48.357142857142854, "avg_tt_shelter": 51.0, "avg_tt_all": 45.181678555362772, "n_unreachable_categories": 0, "count_community": 15.0, "count_education": 13.0, "count_essential_services": 19.0, "count_food_and_drink": 61.0, "count_healthcare": 14.0, "count_shelter": 1.0, "gravity_community_per_100": 6.2943528288825821, "gravity_education_per_100": 7.4383318120590429, "gravity_essential_services_per_100": 9.1743366080827204, "gravity_food_and_drink_per_100": 33.606683248057436, "gravity_healthcare_per_100": 5.48257202743536, "gravity_shelter_per_100": 0.32355382918651165, "shannon": 1.4169035139119253, "kl_divergence": 0.036576684102709485, "jsd": 0.093971601991842443, "city_similarity": 0.9060283980081576 }, "geometry": { "type": "Polygon", "coordinates": [ [ [ -3.365792355561546, 55.986168273937828 ], [ -3.373806279660962, 55.98614423970465 ], [ -3.377851176710688, 55.990022545336231 ], [ -3.373881363441722, 55.993925276893229 ], [ -3.365865829731437, 55.993949318126326 ], [ -3.361821719165651, 55.990070620801376 ], [ -3.365792355561546, 55.986168273937828 ] ] ] } },
{ "type": "Feature", "properties": { "from_id": "471", "population": 448.57046318812667, "gravity_community": 5.1307607235712096, "gravity_education": 5.3851315072794073, "gravity_essential_services": 7.1182794563443501, "gravity_food_and_drink": 25.993795082337705, "gravity_healthcare": 5.4895883146877509, "gravity_shelter": 0.84094614467627538, "avg_gravity": 8.3264168714827829, "min_tt_community": 20.0, "min_tt_education": 18.0, "min_tt_essential_services": 15.0, "min_tt_food_and_drink": 4.0, "min_tt_healthcare": 20.0, "min_tt_shelter": 46.0, "avg_tt_community": 48.178571428571431, "avg_tt_education": 45.57692307692308, "avg_tt_essential_services": 45.470588235294116, "avg_tt_food_and_drink": 43.533980582524272, "avg_tt_healthcare": 49.375, "avg_tt_shelter": 55.571428571428569, "avg_tt_all": 47.951081982456913, "n_unreachable_categories": 0, "count_community": 28.0, "count_education": 26.0, "count_essential_services": 34.0, "count_food_and_drink": 104.0, "count_healthcare": 32.0, "count_shelter": 7.0, "gravity_community_per_100": 1.1438026229157696, "gravity_education_per_100": 1.2005096075665884, "gravity_essential_services_per_100": 1.586881000980888, "gravity_food_and_drink_per_100": 5.7948075532195986, "gravity_healthcare_per_100": 1.2237962071045823, "gravity_shelter_per_100": 0.18747247393406499, "shannon": 1.5227204490310353, "kl_divergence": 0.055657672774665219, "jsd": 0.11609459992533167, "city_similarity": 0.88390540007466833 }, "geometry": { "type": "Polygon", "coordinates": [ [ [ -3.373881363441722, 55.993925276893229 ], [ -3.377851176710688, 55.990022545336231 ], [ -3.385865886897049, 55.989997726243409 ], [ -3.388046935069363, 55.992088012584269 ], [ -3.386585950851441, 55.992237091064446 ], [ -3.385818004608154, 55.991832733154297 ], [ -3.385493755340576, 55.992179870605469 ], [ -3.384132623672485, 55.992088317871101 ], [ -3.383975744247437, 55.992183685302727 ], [ -3.383696794509887, 55.991874694824219 ], [ -3.383306264877319, 55.992111206054673 ], [ -3.382921457290649, 55.991798400878906 ], [ -3.382235288619996, 55.991622924804695 ], [ -3.380714654922485, 55.991954803466804 ], [ -3.380358695983886, 55.992176055908189 ], [ -3.380204439163208, 55.991947174072273 ], [ -3.37964653968811, 55.992305755615234 ], [ -3.378831148147583, 55.992233276367188 ], [ -3.377907037734986, 55.992485046386719 ], [ -3.377232551574707, 55.993129730224609 ], [ -3.377054929733277, 55.993900299072266 ], [ -3.377123594284058, 55.99290847778321 ], [ -3.375040292739868, 55.993610382080078 ], [ -3.374226091321241, 55.99425577457302 ], [ -3.373881363441722, 55.993925276893229 ] ] ] } },
{ "type": "Feature", "properties": { "from_id": "472", "population": 1716.4984260366318, "gravity_community": 14.296020976398605, "gravity_education": 14.357390594294788, "gravity_essential_services": 28.967292128779381, "gravity_food_and_drink": 102.82165111159421, "gravity_healthcare": 19.412481236565167, "gravity_shelter": 3.3695598627966987, "avg_gravity": 30.537399318404809, "min_tt_community": 16.0, "min_tt_education": 11.0, "min_tt_essential_services": 15.0, "min_tt_food_and_drink": 15.0, "min_tt_healthcare": 16.0, "min_tt_shelter": 32.0, "avg_tt_community": 48.682352941176468, "avg_tt_education": 50.31111111111111, "avg_tt_essential_services": 51.515463917525771, "avg_tt_food_and_drink": 51.998565279770446, "avg_tt_healthcare": 50.696, "avg_tt_shelter": 51.916666666666664, "avg_tt_all": 50.853359986041745, "n_unreachable_categories": 0, "count_community": 85.0, "count_education": 90.0, "count_essential_services": 194.0, "count_food_and_drink": 698.0, "count_healthcare": 125.0, "count_shelter": 24.0, "gravity_community_per_100": 0.83285954473071644, "gravity_education_per_100": 0.83643482432114902, "gravity_essential_services_per_100": 1.687580465521568, "gravity_food_and_drink_per_100": 5.9901978092113843, "gravity_healthcare_per_100": 1.1309349861385125, "gravity_shelter_per_100": 0.19630427920501858, "shannon": 1.3014781876463513, "kl_divergence": 0.0055231673183232487, "jsd": 0.036602022958035545, "city_similarity": 0.9633979770419645 }, "geometry": { "type": "Polygon", "coordinates": [ [ [ -3.409909939935593, 55.989920143545177 ], [ -3.41387570972938, 55.986016256104762 ], [ -3.421889555805365, 55.985989096910643 ], [ -3.42593924138096, 55.98986581724823 ], [ -3.421974297069596, 55.993770088914445 ], [ -3.414295163280634, 55.9937961265816 ], [ -3.414352416992188, 55.993526458740227 ], [ -3.413906335830689, 55.993251800537102 ], [ -3.413521029664091, 55.993378064031177 ], [ -3.409909939935593, 55.989920143545177 ] ] ] } },
{ "type": "Feature", "properties": { "from_id": "473", "population": 90.980629129823896, "gravity_community": 7.7406179978557841, "gravity_education": 6.2754345556117457, "gravity_essential_services": 10.4899159009613, "gravity_food_and_drink": 35.992927183063145, "gravity_healthcare": 7.7244893081201944, "gravity_shelter": 1.8324499730718946, "avg_gravity": 11.675972486447343, "min_tt_community": 29.0, "min_tt_education": 20.0, "min_tt_essential_services": 29.0, "min_tt_food_and_drink": 27.0, "min_tt_healthcare": 30.0, "min_tt_shelter": 38.0, "avg_tt_community": 50.450980392156865, "avg_tt_education": 51.837209302325583, "avg_tt_essential_services": 52.04054054054054, "avg_tt_food_and_drink": 51.950819672131146, "avg_tt_healthcare": 50.254901960784316, "avg_tt_shelter": 51.53846153846154, "avg_tt_all": 51.345485567733334, "n_unreachable_categories": 0, "count_community": 51.0, "count_education": 43.0, "count_essential_services": 74.0, "count_food_and_drink": 245.0, "count_healthcare": 51.0, "count_shelter": 13.0, "gravity_community_per_100": 8.5079846906866159, "gravity_education_per_100": 6.897550188026373, "gravity_essential_services_per_100": 11.529834428813214, "gravity_food_and_drink_per_100": 39.561088472693896, "gravity_healthcare_per_100": 8.4902570821947307, "gravity_shelter_per_100": 2.0141100260552149, "shannon": 1.4244740604776596, "kl_divergence": 0.022988132764070499, "jsd": 0.074485743384125627, "city_similarity": 0.92551425661587439 }, "geometry": { "type": "Polygon", "coordinates": [ [ [ -3.421974297069596, 55.993770088914445 ], [ -3.42593924138096, 55.98986581724823 ], [ -3.426900663245298, 55.989862492570275 ], [ -3.426709413528442, 55.989929199218736 ], [ -3.426613092422486, 55.990318298339844 ], [ -3.426298856735229, 55.990669250488281 ], [ -3.425498008728027, 55.991123199462884 ], [ -3.425429821014404, 55.991317749023438 ], [ -3.425631523132324, 55.99157333374022 ], [ -3.425230264663697, 55.992038726806634 ], [ -3.425317525863647, 55.992183685302727 ], [ -3.425645589828491, 55.992305755615234 ], [ -3.42547607421875, 55.992790222167962 ], [ -3.42532753944397, 55.992893218994148 ], [ -3.425394773483276, 55.995723724365227 ], [ -3.423942666601483, 55.995654113431385 ], [ -3.421974297069596, 55.993770088914445 ] ] ] } },
{ "type": "Feature", "properties": { "from_id": "474", "population": 303.28716579091878, "gravity_community": 22.476391719545813, "gravity_education": 20.390909353953042, "gravity_essential_services": 46.268459566686204, "gravity_food_and_drink": 209.4362552908164, "gravity_healthcare": 33.462458618771713, "gravity_shelter": 4.7289836770691203, "avg_gravity": 56.127243037807055, "min_tt_community": 4.0, "min_tt_education": 7.0, "min_tt_essential_services": 9.0, "min_tt_food_and_drink": 2.0, "min_tt_healthcare": 10.0, "min_tt_shelter": 29.0, "avg_tt_community": 49.948905109489054, "avg_tt_education": 49.746031746031747, "avg_tt_essential_services": 50.495016611295682, "avg_tt_food_and_drink": 51.634831460674157, "avg_tt_healthcare": 51.265765765765764, "avg_tt_shelter": 50.0, "avg_tt_all": 50.515091782209403, "n_unreachable_categories": 0, "count_community": 137.0, "count_education": 126.0, "count_essential_services": 301.0, "count_food_and_drink": 1425.0, "count_healthcare": 222.0, "count_shelter": 31.0, "gravity_community_per_100": 7.4109274162430836, "gravity_education_per_100": 6.7233011000571645, "gravity_essential_services_per_100": 15.255660240691796, "gravity_food_and_drink_per_100": 69.055429610627954, "gravity_healthcare_per_100": 11.03325903406021, "gravity_shelter_per_100": 1.5592429256730251, "shannon": 1.1783960460661529, "kl_divergence": 0.0043285974331055861, "jsd": 0.033255083321228264, "city_similarity": 0.96674491667877172 }, "geometry": { "type": "Polygon", "coordinates": [ [ [ -3.401895268774158, 55.98994652534607 ], [ -3.409909939935593, 55.989920143545177 ], [ -3.413521029664091, 55.993378064031177 ], [ -3.413103103637695, 55.993515014648438 ], [ -3.41264820098877, 55.994010925292962 ], [ -3.412776231765747, 55.994182586669915 ], [ -3.412104606628418, 55.994445800781243 ], [ -3.411431789398194, 55.99446105957032 ], [ -3.410312414169312, 55.994148254394531 ], [ -3.409022092819214, 55.994377136230469 ], [ -3.409387350082397, 55.995647430419922 ], [ -3.409051656723022, 55.995628356933587 ], [ -3.408861398696899, 55.995777130126953 ], [ -3.409535408020019, 55.99689865112304 ], [ -3.409348726272583, 55.997306823730462 ], [ -3.409206628799438, 55.996849060058594 ], [ -3.407336950302124, 55.994598388671875 ], [ -3.40652346611023, 55.994049072265611 ], [ -3.405624151229858, 55.993740081787102 ], [ -3.402222871780396, 55.993190765380859 ], [ -3.398851919379596, 55.992940956499851 ], [ -3.401895268774158, 55.98994652534607 ] ] ] } },
{ "type": "Feature", "properties": { "from_id": "475", "population": 80.558506015380743, "gravity_community": 5.3097099372807435, "gravity_education": 4.3774605043057555, "gravity_essential_services": 6.9864390387475259, "gravity_food_and_drink": 26.822406099968774, "gravity_healthcare": 5.4933314565098996, "gravity_shelter": 1.0239139796984127, "avg_gravity": 8.3355435027518521, "min_tt_community": 16.0, "min_tt_education": 23.0, "min_tt_essential_services": 25.0, "min_tt_food_and_drink": 14.0, "min_tt_healthcare": 26.0, "min_tt_shelter": 43.0, "avg_tt_community": 49.65625, "avg_tt_education": 51.137931034482762, "avg_tt_essential_services": 50.913043478260867, "avg_tt_food_and_drink": 50.853658536585364, "avg_tt_healthcare": 50.0, "avg_tt_shelter": 54.0, "avg_tt_all": 51.093480508221496, "n_unreachable_categories": 0, "count_community": 32.0, "count_education": 29.0, "count_essential_services": 46.0, "count_food_and_drink": 165.0, "count_healthcare": 35.0, "count_shelter": 8.0, "gravity_community_per_100": 6.5911226509922853, "gravity_education_per_100": 5.4338898780843614, "gravity_essential_services_per_100": 8.6725032331329857, "gravity_food_and_drink_per_100": 33.295560489723663, "gravity_healthcare_per_100": 6.819058257437244, "gravity_shelter_per_100": 1.2710190771200753, "shannon": 1.4089969256421382, "kl_divergence": 0.017445114525397935, "jsd": 0.065043800353316181, "city_similarity": 0.93495619964668386 }, "geometry": { "type": "Polygon", "coordinates": [ [ [ -3.421974297069596, 55.993770088914445 ], [ -3.423942666601483, 55.995654113431385 ], [ -3.422291755676269, 55.995574951171875 ], [ -3.417198896408081, 55.995868682861321 ], [ -3.414768695831299, 55.996490478515618 ], [ -3.414004325866699, 55.996814727783196 ], [ -3.413023471832275, 55.997570037841797 ], [ -3.414858102798461, 55.995822906494134 ], [ -3.414658069610596, 55.995002746582017 ], [ -3.414132118225098, 55.994564056396484 ], [ -3.414295163280634, 55.9937961265816 ], [ -3.421974297069596, 55.993770088914445 ] ] ] } },
{ "type": "Feature", "properties": { "from_id": "476", "population": 1197.0840618287025, "gravity_community": 1.2367969122183229, "gravity_education": 1.9389493505710675, "gravity_essential_services": 2.0076693622998536, "gravity_food_and_drink": 7.5934339792442511, "gravity_healthcare": 1.0210489350395626, "gravity_shelter": 0.11659144011798321, "avg_gravity": 2.319081663248507, "min_tt_community": 34.0, "min_tt_education": 37.0, "min_tt_essential_services": 35.0, "min_tt_food_and_drink": 33.0, "min_tt_healthcare": 41.0, "min_tt_shelter": 56.0, "avg_tt_community": 41.666666666666664, "avg_tt_education": 40.111111111111114, "avg_tt_essential_services": 42.2, "avg_tt_food_and_drink": 45.45945945945946, "avg_tt_healthcare": 41.4, "avg_tt_shelter": 56.0, "avg_tt_all": 44.47287287287287, "n_unreachable_categories": 0, "count_community": 6.0, "count_education": 9.0, "count_essential_services": 10.0, "count_food_and_drink": 38.0, "count_healthcare": 5.0, "count_shelter": 1.0, "gravity_community_per_100": 0.1033174654692966, "gravity_education_per_100": 0.16197269785791557, "gravity_essential_services_per_100": 0.16771331490562794, "gravity_food_and_drink_per_100": 0.63432754819609638, "gravity_healthcare_per_100": 0.085294672913761541, "gravity_shelter_per_100": 0.0097396201182291687, "shannon": 1.3380645840344738, "kl_divergence": 0.031994525660347703, "jsd": 0.087106452475047821, "city_similarity": 0.91289354752495222 }, "geometry": { "type": "Polygon", "coordinates": [ [ [ -3.341750511854157, 55.986237251632865 ], [ -3.349764471393565, 55.986214779903577 ], [ -3.353806972336305, 55.990093877170317 ], [ -3.349834726317364, 55.993995837636874 ], [ -3.34181915714309, 55.994018315911013 ], [ -3.337777443887295, 55.990138827172707 ], [ -3.341750511854157, 55.986237251632865 ] ] ] } },
{ "type": "Feature", "properties": { "from_id": "477", "population": 394.02295993982347, "gravity_community": 0.23472997780953636, "gravity_education": 0.55695016344391779, "gravity_essential_services": 0.34639621168091683, "gravity_food_and_drink": 1.4775920754522116, "gravity_healthcare": 0.0, "gravity_shelter": 0.0, "avg_gravity": 0.4359447380644304, "min_tt_community": 53.0, "min_tt_education": 56.0, "min_tt_essential_services": 54.0, "min_tt_food_and_drink": 52.0, "min_tt_healthcare": null, "min_tt_shelter": null, "avg_tt_community": 56.0, "avg_tt_education": 57.2, "avg_tt_essential_services": 56.333333333333336, "avg_tt_food_and_drink": 55.5, "avg_tt_healthcare": null, "avg_tt_shelter": null, "avg_tt_all": 56.258333333333333, "n_unreachable_categories": 2, "count_community": 2.0, "count_education": 5.0, "count_essential_services": 3.0, "count_food_and_drink": 5.0, "count_healthcare": 0.0, "count_shelter": 0.0, "gravity_community_per_100": 0.059572664964850044, "gravity_education_per_100": 0.14134967249852068, "gravity_essential_services_per_100": 0.08791269720267561, "gravity_food_and_drink_per_100": 0.3750015165811339, "gravity_healthcare_per_100": 0.0, "gravity_shelter_per_100": 0.0, "shannon": 1.3229495157918549, "kl_divergence": 0.48888414891291954, "jsd": 0.34359098400348898, "city_similarity": 0.65640901599651102 }, "geometry": { "type": "Polygon", "coordinates": [ [ [ -3.317708566589248, 55.986301541787391 ], [ -3.325722559187413, 55.986280632576303 ], [ -3.329762662796973, 55.990160520802959 ], [ -3.325787985183876, 55.994061709489117 ], [ -3.317772382928464, 55.994082624790018 ], [ -3.313733068208076, 55.990202345313961 ], [ -3.317708566589248, 55.986301541787391 ] ] ] } },
{ "type": "Feature", "properties": { "from_id": "478", "population": 1371.4835287580518, "gravity_community": 0.643278832269229, "gravity_education": 1.1330084039723618, "gravity_essential_services": 0.89532873431436699, "gravity_food_and_drink": 3.3793364768194891, "gravity_healthcare": 0.59664117782454296, "gravity_shelter": 0.0, "avg_gravity": 1.1079322708666648, "min_tt_community": 48.0, "min_tt_education": 51.0, "min_tt_essential_services": 49.0, "min_tt_food_and_drink": 47.0, "min_tt_healthcare": 55.0, "min_tt_shelter": null, "avg_tt_community": 53.6, "avg_tt_education": 54.111111111111114, "avg_tt_essential_services": 53.714285714285715, "avg_tt_food_and_drink": 55.65, "avg_tt_healthcare": 55.4, "avg_tt_shelter": null, "avg_tt_all": 54.49507936507937, "n_unreachable_categories": 1, "count_community": 5.0, "count_education": 9.0, "count_essential_services": 7.0, "count_food_and_drink": 21.0, "count_healthcare": 5.0, "count_shelter": 0.0, "gravity_community_per_100": 0.046903868605097342, "gravity_education_per_100": 0.082611885612535116, "gravity_essential_services_per_100": 0.065281770837243139, "gravity_food_and_drink_per_100": 0.24640007743145487, "gravity_healthcare_per_100": 0.0435033425712981, "gravity_shelter_per_100": 0.0, "shannon": 1.4368339329939563, "kl_divergence": 0.11631297856698776, "jsd": 0.16655332207225398, "city_similarity": 0.83344667792774607 }, "geometry": { "type": "Polygon", "coordinates": [ [ [ -3.329762662796973, 55.990160520802959 ], [ -3.337777443887295, 55.990138827172707 ], [ -3.34181915714309, 55.994018315911013 ], [ -3.337845301092231, 55.997919889696782 ], [ -3.329828909958573, 55.997941589645649 ], [ -3.325787985183876, 55.994061709489117 ], [ -3.329762662796973, 55.990160520802959 ] ] ] } },
{ "type": "Feature", "properties": { "from_id": "479", "population": 16.191600331090449, "gravity_community": 0.10391223038351691, "gravity_education": 0.0, "gravity_essential_services": 0.1, "gravity_food_and_drink": 2.0868166043544156, "gravity_healthcare": 0.0, "gravity_shelter": 0.0, "avg_gravity": 0.38178813912298876, "min_tt_community": 59.0, "min_tt_education": null, "min_tt_essential_services": 60.0, "min_tt_food_and_drink": 50.0, "min_tt_healthcare": null, "min_tt_shelter": null, "avg_tt_community": 59.0, "avg_tt_education": null, "avg_tt_essential_services": 60.0, "avg_tt_food_and_drink": 55.333333333333336, "avg_tt_healthcare": null, "avg_tt_shelter": null, "avg_tt_all": 58.111111111111114, "n_unreachable_categories": 3, "count_community": 1.0, "count_education": 0.0, "count_essential_services": 1.0, "count_food_and_drink": 10.0, "count_healthcare": 0.0, "count_shelter": 0.0, "gravity_community_per_100": 0.64176627546808263, "gravity_education_per_100": 0.0, "gravity_essential_services_per_100": 0.61760417719787775, "gravity_food_and_drink_per_100": 12.888266518951779, "gravity_healthcare_per_100": 0.0, "gravity_shelter_per_100": 0.0, "shannon": 0.56608574608259765, "kl_divergence": 0.2441684942699052, "jsd": 0.28213299613206339, "city_similarity": 0.71786700386793667 }, "geometry": { "type": "Polygon", "coordinates": [ [ [ -3.34181915714309, 55.994018315911013 ], [ -3.349834726317364, 55.993995837636874 ], [ -3.353878049605075, 55.997874926602044 ], [ -3.349905015910878, 56.001776885427276 ], [ -3.341887836307456, 56.001799370248925 ], [ -3.337845301092231, 55.997919889696782 ], [ -3.34181915714309, 55.994018315911013 ] ] ] } },
{ "type": "Feature", "properties": { "from_id": "480", "population": 1374.3825966625393, "gravity_community": 0.0, "gravity_education": 0.0, "gravity_essential_services": 0.0, "gravity_food_and_drink": 1.0, "gravity_healthcare": 0.0, "gravity_shelter": 0.0, "avg_gravity": 0.16666666666666666, "min_tt_community": null, "min_tt_education": null, "min_tt_essential_services": null, "min_tt_food_and_drink": null, "min_tt_healthcare": null, "min_tt_shelter": null, "avg_tt_community": null, "avg_tt_education": null, "avg_tt_essential_services": null, "avg_tt_food_and_drink": null, "avg_tt_healthcare": null, "avg_tt_shelter": null, "avg_tt_all": null, "n_unreachable_categories": 6, "count_community": 0.0, "count_education": 0.0, "count_essential_services": 0.0, "count_food_and_drink": 1.0, "count_healthcare": 0.0, "count_shelter": 0.0, "gravity_community_per_100": 0.0, "gravity_education_per_100": 0.0, "gravity_essential_services_per_100": 0.0, "gravity_food_and_drink_per_100": 0.072759943441392111, "gravity_healthcare_per_100": 0.0, "gravity_shelter_per_100": 0.0, "shannon": 1.1412925456691193e-08, "kl_divergence": 0.50370937095792179, "jsd": 0.4022436289892084, "city_similarity": 0.5977563710107916 }, "geometry": { "type": "Polygon", "coordinates": [ [ [ -3.313796095261056, 55.997983426338699 ], [ -3.317772382928464, 55.994082624790018 ], [ -3.325787985183876, 55.994061709489117 ], [ -3.329828909958573, 55.997941589645649 ], [ -3.328164602027707, 55.99957491208815 ], [ -3.3278329372406, 55.999221801757805 ], [ -3.326748132705689, 55.996440887451179 ], [ -3.326110363006591, 55.99598312377929 ], [ -3.324115514755249, 55.995456695556634 ], [ -3.326281547546387, 55.996250152587884 ], [ -3.327476263046265, 55.999156951904297 ], [ -3.3280189902027, 55.999717805338143 ], [ -3.327472717734134, 56.000253867954811 ], [ -3.326001405715942, 56.000099182128913 ], [ -3.32573676109314, 56.000286102294922 ], [ -3.327206611633301, 56.000507354736335 ], [ -3.326271295547486, 56.000579833984375 ], [ -3.324387550354004, 56.000270843505859 ], [ -3.322692394256591, 56.000308990478509 ], [ -3.322982311248779, 56.000579833984375 ], [ -3.324253797531128, 56.000667572021477 ], [ -3.323012828826905, 56.000820159912116 ], [ -3.320068836212159, 56.000114440917962 ], [ -3.318504095077515, 55.999984741210938 ], [ -3.31830644607544, 56.000106811523438 ], [ -3.318681001663208, 56.000236511230462 ], [ -3.321649789810181, 56.000820159912116 ], [ -3.31676327476996, 56.000833286782381 ], [ -3.313796095261056, 55.997983426338699 ] ] ] } },
{ "type": "Feature", "properties": { "from_id": "481", "population": 1702.4494866712676, "gravity_community": 0.0, "gravity_education": 0.0, "gravity_essential_services": 0.0, "gravity_food_and_drink": 1.0, "gravity_healthcare": 0.0, "gravity_shelter": 0.0, "avg_gravity": 0.16666666666666666, "min_tt_community": null, "min_tt_education": null, "min_tt_essential_services": null, "min_tt_food_and_drink": null, "min_tt_healthcare": null, "min_tt_shelter": null, "avg_tt_community": null, "avg_tt_education": null, "avg_tt_essential_services": null, "avg_tt_food_and_drink": null, "avg_tt_healthcare": null, "avg_tt_shelter": null, "avg_tt_all": null, "n_unreachable_categories": 6, "count_community": 0.0, "count_education": 0.0, "count_essential_services": 0.0, "count_food_and_drink": 1.0, "count_healthcare": 0.0, "count_shelter": 0.0, "gravity_community_per_100": 0.0, "gravity_education_per_100": 0.0, "gravity_essential_services_per_100": 0.0, "gravity_food_and_drink_per_100": 0.058738894036454534, "gravity_healthcare_per_100": 0.0, "gravity_shelter_per_100": 0.0, "shannon": 1.1412925456691193e-08, "kl_divergence": 0.50370937095792179, "jsd": 0.4022436289892084, "city_similarity": 0.5977563710107916 }, "geometry": { "type": "MultiPolygon", "coordinates": [ [ [ [ -3.329828909958573, 55.997941589645649 ], [ -3.337845301092231, 55.997919889696782 ], [ -3.341887836307456, 56.001799370248925 ], [ -3.34030337145997, 56.003354814895737 ], [ -3.34030270576477, 56.003242492675774 ], [ -3.338159799575806, 56.00234222412108 ], [ -3.334336996078491, 56.001747131347656 ], [ -3.33333158493042, 56.001472473144524 ], [ -3.335510730743408, 56.001697540283196 ], [ -3.336286306381226, 56.001590728759759 ], [ -3.336795091629028, 56.001739501953125 ], [ -3.337618827819824, 56.001682281494141 ], [ -3.334825277328491, 56.001209259033203 ], [ -3.331695318222046, 56.000053405761712 ], [ -3.329946994781494, 56.000221252441399 ], [ -3.328463554382324, 55.999893188476562 ], [ -3.328164602027707, 55.99957491208815 ], [ -3.329828909958573, 55.997941589645649 ] ] ], [ [ [ -3.3280189902027, 55.999717805338143 ], [ -3.328347444534301, 56.000057220458984 ], [ -3.327924489974976, 56.000301361083984 ], [ -3.327472717734134, 56.000253867954811 ], [ -3.3280189902027, 55.999717805338143 ] ] ] ] } },
{ "type": "Feature", "properties": { "from_id": "482", "population": 101.5251446668123, "gravity_community": 0.0, "gravity_education": 0.0, "gravity_essential_services": 0.10391223038351691, "gravity_food_and_drink": 2.2415294467043938, "gravity_healthcare": 0.0, "gravity_shelter": 0.0, "avg_gravity": 0.39090694618131844, "min_tt_community": null, "min_tt_education": null, "min_tt_essential_services": 59.0, "min_tt_food_and_drink": 48.0, "min_tt_healthcare": null, "min_tt_shelter": null, "avg_tt_community": null, "avg_tt_education": null, "avg_tt_essential_services": 59.0, "avg_tt_food_and_drink": 54.7, "avg_tt_healthcare": null, "avg_tt_shelter": null, "avg_tt_all": 56.85, "n_unreachable_categories": 4, "count_community": 0.0, "count_education": 0.0, "count_essential_services": 1.0, "count_food_and_drink": 11.0, "count_healthcare": 0.0, "count_shelter": 0.0, "gravity_community_per_100": 0.0, "gravity_education_per_100": 0.0, "gravity_essential_services_per_100": 0.10235122611697683, "gravity_food_and_drink_per_100": 2.2078564419294353, "gravity_healthcare_per_100": 0.0, "gravity_shelter_per_100": 0.0, "shannon": 0.28683599232369278, "kl_divergence": 0.34709278433093033, "jsd": 0.33414922873159542, "city_similarity": 0.66585077126840453 }, "geometry": { "type": "Polygon", "coordinates": [ [ [ -3.341887836307456, 56.001799370248925 ], [ -3.349905015910878, 56.001776885427276 ], [ -3.351501592501752, 56.003308405570522 ], [ -3.348564624786377, 56.003746032714851 ], [ -3.344872236251831, 56.00358581542968 ], [ -3.342596292495728, 56.004085540771477 ], [ -3.342428684234619, 56.00401306152343 ], [ -3.342859029769897, 56.003749847412102 ], [ -3.343803882598877, 56.003761291503913 ], [ -3.344100475311279, 56.003616333007812 ], [ -3.341633558273315, 56.003284454345696 ], [ -3.340675592422486, 56.003768920898438 ], [ -3.340305328369141, 56.003684997558587 ], [ -3.34030337145997, 56.003354814895737 ], [ -3.341887836307456, 56.001799370248925 ] ] ] } },
{ "type": "Feature", "properties": { "from_id": "483", "population": 236.77356731007512, "gravity_community": 0.79857152762138361, "gravity_education": 1.4329603314192463, "gravity_essential_services": 1.5454830630802536, "gravity_food_and_drink": 5.9465385762807745, "gravity_healthcare": 0.70115871386246287, "gravity_shelter": 0.0, "avg_gravity": 1.7374520353773537, "min_tt_community": 42.0, "min_tt_education": 43.0, "min_tt_essential_services": 39.0, "min_tt_food_and_drink": 35.0, "min_tt_healthcare": 50.0, "min_tt_shelter": null, "avg_tt_community": 48.0, "avg_tt_education": 48.222222222222221, "avg_tt_essential_services": 49.1, "avg_tt_food_and_drink": 45.857142857142854, "avg_tt_healthcare": 51.2, "avg_tt_shelter": null, "avg_tt_all": 48.475873015873013, "n_unreachable_categories": 1, "count_community": 5.0, "count_education": 9.0, "count_essential_services": 10.0, "count_food_and_drink": 29.0, "count_healthcare": 5.0, "count_shelter": 0.0, "gravity_community_per_100": 0.33727224567072822, "gravity_education_per_100": 0.60520283057722524, "gravity_essential_services_per_100": 0.65272618081405687, "gravity_food_and_drink_per_100": 2.5114875126636398, "gravity_healthcare_per_100": 0.29613048526833058, "gravity_shelter_per_100": 0.0, "shannon": 1.3613597318927797, "kl_divergence": 0.073581755078264796, "jsd": 0.13654738278827566, "city_similarity": 0.86345261721172428 }, "geometry": { "type": "Polygon", "coordinates": [ [ [ -3.353806972336305, 55.990093877170317 ], [ -3.361821719165651, 55.990070620801376 ], [ -3.365865829731437, 55.993949318126326 ], [ -3.361894406454559, 55.997851663459365 ], [ -3.353878049605075, 55.997874926602044 ], [ -3.349834726317364, 55.993995837636874 ], [ -3.353806972336305, 55.990093877170317 ] ] ] } },
{ "type": "Feature", "properties": { "from_id": "484", "population": 1049.9920872499856, "gravity_community": 1.2528327600967355, "gravity_education": 1.9227907630757952, "gravity_essential_services": 2.129762306073272, "gravity_food_and_drink": 9.5980274684551041, "gravity_healthcare": 1.0703758335672229, "gravity_shelter": 0.11659144011798321, "avg_gravity": 2.681730095231019, "min_tt_community": 38.0, "min_tt_education": 36.0, "min_tt_essential_services": 33.0, "min_tt_food_and_drink": 22.0, "min_tt_healthcare": 38.0, "min_tt_shelter": 56.0, "avg_tt_community": 41.166666666666664, "avg_tt_education": 40.333333333333336, "avg_tt_essential_services": 40.6, "avg_tt_food_and_drink": 38.805555555555557, "avg_tt_healthcare": 40.2, "avg_tt_shelter": 56.0, "avg_tt_all": 42.850925925925928, "n_unreachable_categories": 0, "count_community": 6.0, "count_education": 9.0, "count_essential_services": 10.0, "count_food_and_drink": 37.0, "count_healthcare": 5.0, "count_shelter": 1.0, "gravity_community_per_100": 0.11931830490056415, "gravity_education_per_100": 0.18312430983282363, "gravity_essential_services_per_100": 0.20283603390300703, "gravity_food_and_drink_per_100": 0.91410474278840681, "gravity_healthcare_per_100": 0.10194132380279398, "gravity_shelter_per_100": 0.011104030357347324, "shannon": 1.3488815107898311, "kl_divergence": 0.033918036066203028, "jsd": 0.089507047488744468, "city_similarity": 0.9104929525112555 }, "geometry": { "type": "Polygon", "coordinates": [ [ [ -3.361894406454559, 55.997851663459365 ], [ -3.365865829731437, 55.993949318126326 ], [ -3.373881363441722, 55.993925276893229 ], [ -3.374226091321241, 55.99425577457302 ], [ -3.374207735061646, 55.994270324707031 ], [ -3.373186111450195, 55.995708465576172 ], [ -3.372134923934937, 55.996448516845703 ], [ -3.371328353881836, 55.996173858642585 ], [ -3.368669748306275, 55.996711730957038 ], [ -3.367776393890381, 55.997928619384766 ], [ -3.3679358959198, 55.998542785644531 ], [ -3.367148399353027, 55.999084472656243 ], [ -3.365566968917846, 55.99952316284179 ], [ -3.364895343780517, 55.999534606933587 ], [ -3.363889805786148, 55.99976516710592 ], [ -3.361894406454559, 55.997851663459365 ] ] ] } },
{ "type": "Feature", "properties": { "from_id": "485", "population": 3.6771739650687869, "gravity_community": 0.63552281811850886, "gravity_education": 1.1176689648304106, "gravity_essential_services": 0.91607863113157018, "gravity_food_and_drink": 4.8171835891051629, "gravity_healthcare": 0.61560726044913705, "gravity_shelter": 0.0, "avg_gravity": 1.3503435439391316, "min_tt_community": 51.0, "min_tt_education": 51.0, "min_tt_essential_services": 48.0, "min_tt_food_and_drink": 37.0, "min_tt_healthcare": 53.0, "min_tt_shelter": null, "avg_tt_community": 53.8, "avg_tt_education": 54.444444444444443, "avg_tt_essential_services": 53.142857142857146, "avg_tt_food_and_drink": 48.5, "avg_tt_healthcare": 54.6, "avg_tt_shelter": null, "avg_tt_all": 52.897460317460322, "n_unreachable_categories": 1, "count_community": 5.0, "count_education": 9.0, "count_essential_services": 7.0, "count_food_and_drink": 25.0, "count_healthcare": 5.0, "count_shelter": 0.0, "gravity_community_per_100": 17.282914111642267, "gravity_education_per_100": 30.394780759563627, "gravity_essential_services_per_100": 24.912572530803111, "gravity_food_and_drink_per_100": 131.00233045447035, "gravity_healthcare_per_100": 16.741314561048277, "gravity_shelter_per_100": 0.0, "shannon": 1.3835380474845547, "kl_divergence": 0.087300038293196644, "jsd": 0.14560925807706424, "city_similarity": 0.85439074192293574 }, "geometry": { "type": "Polygon", "coordinates": [ [ [ -3.349905015910878, 56.001776885427276 ], [ -3.353878049605075, 55.997874926602044 ], [ -3.361894406454559, 55.997851663459365 ], [ -3.363889805786148, 55.99976516710592 ], [ -3.362832307815552, 56.000007629394531 ], [ -3.361438274383545, 56.000034332275391 ], [ -3.359493732452393, 56.000690460205085 ], [ -3.358211517333984, 56.000843048095703 ], [ -3.35768461227417, 56.001041412353516 ], [ -3.357054233551025, 56.001586914062493 ], [ -3.354432582855225, 56.002643585205071 ], [ -3.353530883789063, 56.003005981445305 ], [ -3.351501592501752, 56.003308405570522 ], [ -3.349905015910878, 56.001776885427276 ] ] ] } }
]
}
