{
"type": "FeatureCollection",
"name": "milan_scores",
"crs": { "type": "name", "properties": { "name": "urn:ogc:def:crs:OGC:1.3:CRS84" } },
"features": [
{ "type": "Feature", "properties": { "from_id": "0", "population": 0.0, "gravity_community": 1.0, "gravity_education": 0.0, "gravity_essential_services": 0.0, "gravity_food_and_drink": 0.0, "gravity_healthcare": 0.0, "gravity_shelter": 0.0, "avg_gravity": 0.16666666666666666, "min_tt_community": null, "min_tt_education": null, "min_tt_essential_services": null, "min_tt_food_and_drink": null, "min_tt_healthcare": null, "min_tt_shelter": null, "avg_tt_community": null, "avg_tt_education": null, "avg_tt_essential_services": null, "avg_tt_food_and_drink": null, "avg_tt_healthcare": null, "avg_tt_shelter": null, "avg_tt_all": null, "n_unreachable_categories": 6, "count_community": 1.0, "count_education": 0.0, "count_essential_services": 0.0, "count_food_and_drink": 0.0, "count_healthcare": 0.0, "count_shelter": 0.0, "gravity_community_per_100": 0.0, "gravity_education_per_100": 0.0, "gravity_essential_services_per_100": 0.0, "gravity_food_and_drink_per_100": 0.0, "gravity_healthcare_per_100": 0.0, "gravity_shelter_per_100": 0.0, "shannon": 1.1412925456691193e-08, "kl_divergence": 3.081348582150679, "jsd": 0.77392954083762233, "city_similarity": 0.22607045916237767 }, "geometry": { "type": "Polygon", "coordinates": [ [ [ 9.122738451502, 45.388808943670774 ], [ 9.129125728152514, 45.388801901583193 ], [ 9.129190812111652, 45.388722174667151 ], [ 9.123366355895996, 45.384910583496094 ], [ 9.120794801084909, 45.386445034041813 ], [ 9.122738451502, 45.388808943670774 ] ] ] } },
{ "type": "Feature", "properties": { "from_id": "1", "population": 0.0, "gravity_community": 0.0, "gravity_education": 0.0, "gravity_essential_services": 0.0, "gravity_food_and_drink": 0.0, "gravity_healthcare": 0.0, "gravity_shelter": 0.0, "avg_gravity": 0.0, "min_tt_community": null, "min_tt_education": null, "min_tt_essential_services": null, "min_tt_food_and_drink": null, "min_tt_healthcare": null, "min_tt_shelter": null, "avg_tt_community": null, "avg_tt_education": null, "avg_tt_essential_services": null, "avg_tt_food_and_drink": null, "avg_tt_healthcare": null, "avg_tt_shelter": null, "avg_tt_all": null, "n_unreachable_categories": 6, "count_community": 0.0, "count_education": 0.0, "count_essential_services": 0.0, "count_food_and_drink": 0.0, "count_healthcare": 0.0, "count_shelter": 0.0, "gravity_community_per_100": 0.0, "gravity_education_per_100": 0.0, "gravity_essential_services_per_100": 0.0, "gravity_food_and_drink_per_100": 0.0, "gravity_healthcare_per_100": 0.0, "gravity_shelter_per_100": 0.0, "shannon": 1.3815510557964275e-08, "kl_divergence": 0.6906097514735865, "jsd": 0.39009311510420502, "city_similarity": 0.60990688489579492 }, "geometry": { "type": "Polygon", "coordinates": [ [ [ 9.129125728152514, 45.388801901583193 ], [ 9.132328460611049, 45.392695917145254 ], [ 9.135259125354255, 45.392692484329636 ], [ 9.129190812111652, 45.388722174667151 ], [ 9.129125728152514, 45.388801901583193 ] ] ] } },
{ "type": "Feature", "properties": { "from_id": "2", "population": 0.0, "gravity_community": 1.0, "gravity_education": 0.0, "gravity_essential_services": 0.0, "gravity_food_and_drink": 0.0, "gravity_healthcare": 0.0, "gravity_shelter": 0.0, "avg_gravity": 0.16666666666666666, "min_tt_community": null, "min_tt_education": null, "min_tt_essential_services": null, "min_tt_food_and_drink": null, "min_tt_healthcare": null, "min_tt_shelter": null, "avg_tt_community": null, "avg_tt_education": null, "avg_tt_essential_services": null, "avg_tt_food_and_drink": null, "avg_tt_healthcare": null, "avg_tt_shelter": null, "avg_tt_all": null, "n_unreachable_categories": 6, "count_community": 1.0, "count_education": 0.0, "count_essential_services": 0.0, "count_food_and_drink": 0.0, "count_healthcare": 0.0, "count_shelter": 0.0, "gravity_community_per_100": 0.0, "gravity_education_per_100": 0.0, "gravity_essential_services_per_100": 0.0, "gravity_food_and_drink_per_100": 0.0, "gravity_healthcare_per_100": 0.0, "gravity_shelter_per_100": 0.0, "shannon": 1.1412925456691193e-08, "kl_divergence": 3.081348582150679, "jsd": 0.77392954083762233, "city_similarity": 0.22607045916237767 }, "geometry": { "type": "Polygon", "coordinates": [ [ [ 9.129125728152514, 45.388801901583193 ], [ 9.122738451502, 45.388808943670774 ], [ 9.11955302928043, 45.392710003223975 ], [ 9.122755326206276, 45.396604284981507 ], [ 9.129143481006148, 45.396597240990147 ], [ 9.132328460611049, 45.392695917145254 ], [ 9.129125728152514, 45.388801901583193 ] ] ] } },
{ "type": "Feature", "properties": { "from_id": "3", "population": 14.430215, "gravity_community": 0.0, "gravity_education": 0.0, "gravity_essential_services": 1.0, "gravity_food_and_drink": 0.0, "gravity_healthcare": 0.0, "gravity_shelter": 0.0, "avg_gravity": 0.16666666666666666, "min_tt_community": null, "min_tt_education": null, "min_tt_essential_services": null, "min_tt_food_and_drink": null, "min_tt_healthcare": null, "min_tt_shelter": null, "avg_tt_community": null, "avg_tt_education": null, "avg_tt_essential_services": null, "avg_tt_food_and_drink": null, "avg_tt_healthcare": null, "avg_tt_shelter": null, "avg_tt_all": null, "n_unreachable_categories": 6, "count_community": 0.0, "count_education": 0.0, "count_essential_services": 1.0, "count_food_and_drink": 0.0, "count_healthcare": 0.0, "count_shelter": 0.0, "gravity_community_per_100": 0.0, "gravity_education_per_100": 0.0, "gravity_essential_services_per_100": 6.9299036778038312, "gravity_food_and_drink_per_100": 0.0, "gravity_healthcare_per_100": 0.0, "gravity_shelter_per_100": 0.0, "shannon": 1.1412925456691193e-08, "kl_divergence": 2.1531951698718053, "jsd": 0.71192501368991457, "city_similarity": 0.28807498631008543 }, "geometry": { "type": "Polygon", "coordinates": [ [ [ 9.113165310192894, 45.392716510430596 ], [ 9.11955302928043, 45.392710003223975 ], [ 9.122738451502, 45.388808943670774 ], [ 9.120794801084909, 45.386445034041813 ], [ 9.112216697367302, 45.391562580072119 ], [ 9.113165310192894, 45.392716510430596 ] ] ] } },
{ "type": "Feature", "properties": { "from_id": "4", "population": 0.0, "gravity_community": 0.0, "gravity_education": 0.0, "gravity_essential_services": 1.0, "gravity_food_and_drink": 0.0, "gravity_healthcare": 0.0, "gravity_shelter": 0.0, "avg_gravity": 0.16666666666666666, "min_tt_community": null, "min_tt_education": null, "min_tt_essential_services": null, "min_tt_food_and_drink": null, "min_tt_healthcare": null, "min_tt_shelter": null, "avg_tt_community": null, "avg_tt_education": null, "avg_tt_essential_services": null, "avg_tt_food_and_drink": null, "avg_tt_healthcare": null, "avg_tt_shelter": null, "avg_tt_all": null, "n_unreachable_categories": 6, "count_community": 0.0, "count_education": 0.0, "count_essential_services": 1.0, "count_food_and_drink": 0.0, "count_healthcare": 0.0, "count_shelter": 0.0, "gravity_community_per_100": 0.0, "gravity_education_per_100": 0.0, "gravity_essential_services_per_100": 0.0, "gravity_food_and_drink_per_100": 0.0, "gravity_healthcare_per_100": 0.0, "gravity_shelter_per_100": 0.0, "shannon": 1.1412925456691193e-08, "kl_divergence": 2.1531951698718053, "jsd": 0.71192501368991457, "city_similarity": 0.28807498631008543 }, "geometry": { "type": "Polygon", "coordinates": [ [ [ 9.109979009820261, 45.396617301153725 ], [ 9.113165310192894, 45.392716510430596 ], [ 9.112216697367302, 45.391562580072119 ], [ 9.103731514434447, 45.396623145674731 ], [ 9.109979009820261, 45.396617301153725 ] ] ] } },
{ "type": "Feature", "properties": { "from_id": "5", "population": 0.0075333386298050134, "gravity_community": 0.45623861761257389, "gravity_education": 0.63911272131669961, "gravity_essential_services": 0.0, "gravity_food_and_drink": 1.5380293544986912, "gravity_healthcare": 1.0, "gravity_shelter": 0.0, "avg_gravity": 0.60556344890466074, "min_tt_community": 50.0, "min_tt_education": 56.0, "min_tt_essential_services": null, "min_tt_food_and_drink": 38.0, "min_tt_healthcare": null, "min_tt_shelter": null, "avg_tt_community": 55.5, "avg_tt_education": 57.666666666666664, "avg_tt_essential_services": null, "avg_tt_food_and_drink": 51.833333333333336, "avg_tt_healthcare": null, "avg_tt_shelter": null, "avg_tt_all": 55.0, "n_unreachable_categories": 3, "count_community": 2.0, "count_education": 3.0, "count_essential_services": 0.0, "count_food_and_drink": 6.0, "count_healthcare": 1.0, "count_shelter": 0.0, "gravity_community_per_100": 6056.2605775811617, "gravity_education_per_100": 8483.7912209084097, "gravity_essential_services_per_100": 0.0, "gravity_food_and_drink_per_100": 20416.304510905815, "gravity_healthcare_per_100": 13274.326950385386, "gravity_shelter_per_100": 0.0, "shannon": 1.198849317754402, "kl_divergence": 0.36758929309169269, "jsd": 0.30536977517018188, "city_similarity": 0.69463022482981818 }, "geometry": { "type": "Polygon", "coordinates": [ [ [ 9.100403669768765, 45.400523795046048 ], [ 9.103457400608011, 45.396786601614899 ], [ 9.097184764189576, 45.400526579151816 ], [ 9.100403669768765, 45.400523795046048 ] ] ] } },
{ "type": "Feature", "properties": { "from_id": "6", "population": 0.0, "gravity_community": 2.0869702618249728, "gravity_education": 2.2035069893205086, "gravity_essential_services": 3.9942385238826272, "gravity_food_and_drink": 6.0836972745525886, "gravity_healthcare": 0.84556133944281031, "gravity_shelter": 0.0, "avg_gravity": 2.5356623981705844, "min_tt_community": 46.0, "min_tt_education": 41.0, "min_tt_essential_services": 44.0, "min_tt_food_and_drink": 28.0, "min_tt_healthcare": 40.0, "min_tt_shelter": null, "avg_tt_community": 54.666666666666664, "avg_tt_education": 52.888888888888886, "avg_tt_essential_services": 48.727272727272727, "avg_tt_food_and_drink": 46.952380952380949, "avg_tt_healthcare": 47.666666666666664, "avg_tt_shelter": null, "avg_tt_all": 50.180375180375172, "n_unreachable_categories": 1, "count_community": 9.0, "count_education": 9.0, "count_essential_services": 12.0, "count_food_and_drink": 21.0, "count_healthcare": 3.0, "count_shelter": 0.0, "gravity_community_per_100": 0.0, "gravity_education_per_100": 0.0, "gravity_essential_services_per_100": 0.0, "gravity_food_and_drink_per_100": 0.0, "gravity_healthcare_per_100": 0.0, "gravity_shelter_per_100": 0.0, "shannon": 1.4593594150423586, "kl_divergence": 0.25754561683007077, "jsd": 0.24415142551392569, "city_similarity": 0.75584857448607434 }, "geometry": { "type": "Polygon", "coordinates": [ [ [ 9.11955302928043, 45.392710003223975 ], [ 9.113165310192894, 45.392716510430596 ], [ 9.109979009820261, 45.396617301153725 ], [ 9.113180870854077, 45.400511849071229 ], [ 9.119569468272351, 45.400505340105425 ], [ 9.122755326206276, 45.396604284981507 ], [ 9.11955302928043, 45.392710003223975 ] ] ] } },
{ "type": "Feature", "properties": { "from_id": "7", "population": 3.3244250483158044, "gravity_community": 2.6372450712458186, "gravity_education": 2.9723994917801964, "gravity_essential_services": 4.4501759795452056, "gravity_food_and_drink": 6.2530098791016719, "gravity_healthcare": 1.0866759496269061, "gravity_shelter": 0.0, "avg_gravity": 2.899917728549966, "min_tt_community": 39.0, "min_tt_education": 30.0, "min_tt_essential_services": 45.0, "min_tt_food_and_drink": 34.0, "min_tt_healthcare": 43.0, "min_tt_shelter": null, "avg_tt_community": 50.5, "avg_tt_education": 50.18181818181818, "avg_tt_essential_services": 49.615384615384613, "avg_tt_food_and_drink": 47.409090909090907, "avg_tt_healthcare": 48.75, "avg_tt_shelter": null, "avg_tt_all": 49.291258741258744, "n_unreachable_categories": 1, "count_community": 10.0, "count_education": 11.0, "count_essential_services": 14.0, "count_food_and_drink": 22.0, "count_healthcare": 4.0, "count_shelter": 0.0, "gravity_community_per_100": 79.329358698638131, "gravity_education_per_100": 89.410934179010937, "gravity_essential_services_per_100": 133.86302638405763, "gravity_food_and_drink_per_100": 188.09297211466762, "gravity_healthcare_per_100": 32.687635721473995, "gravity_shelter_per_100": 0.0, "shannon": 1.4896015231824549, "kl_divergence": 0.28269091047933376, "jsd": 0.25673197503615552, "city_similarity": 0.74326802496384448 }, "geometry": { "type": "Polygon", "coordinates": [ [ [ 9.100403669768765, 45.400523795046048 ], [ 9.103605094551119, 45.404418609087941 ], [ 9.109994134409703, 45.404412635293177 ], [ 9.113180870854077, 45.400511849071229 ], [ 9.109979009820261, 45.396617301153725 ], [ 9.103731514434447, 45.396623145674731 ], [ 9.103457400608011, 45.396786601614899 ], [ 9.100403669768765, 45.400523795046048 ] ] ] } },
{ "type": "Feature", "properties": { "from_id": "8", "population": 0.0, "gravity_community": 1.0876211745772044, "gravity_education": 1.0262316568871157, "gravity_essential_services": 0.0, "gravity_food_and_drink": 4.8264187891686019, "gravity_healthcare": 0.3419951893353394, "gravity_shelter": 0.0, "avg_gravity": 1.2137111349947103, "min_tt_community": 24.0, "min_tt_education": 39.0, "min_tt_essential_services": null, "min_tt_food_and_drink": 35.0, "min_tt_healthcare": 40.0, "min_tt_shelter": null, "avg_tt_community": 40.333333333333336, "avg_tt_education": 40.0, "avg_tt_essential_services": null, "avg_tt_food_and_drink": 39.636363636363633, "avg_tt_healthcare": 40.0, "avg_tt_shelter": null, "avg_tt_all": 39.992424242424242, "n_unreachable_categories": 2, "count_community": 3.0, "count_education": 3.0, "count_essential_services": 0.0, "count_food_and_drink": 12.0, "count_healthcare": 1.0, "count_shelter": 0.0, "gravity_community_per_100": 0.0, "gravity_education_per_100": 0.0, "gravity_essential_services_per_100": 0.0, "gravity_food_and_drink_per_100": 0.0, "gravity_healthcare_per_100": 0.0, "gravity_shelter_per_100": 0.0, "shannon": 1.0280940614777698, "kl_divergence": 0.25380064552841425, "jsd": 0.26594387689024579, "city_similarity": 0.73405612310975421 }, "geometry": { "type": "Polygon", "coordinates": [ [ [ 9.090827009122972, 45.404429484574479 ], [ 9.091007210106588, 45.404209044370639 ], [ 9.090637112151938, 45.404429635416967 ], [ 9.090827009122972, 45.404429484574479 ] ] ] } },
{ "type": "Feature", "properties": { "from_id": "9", "population": 13.314366005645423, "gravity_community": 1.5591573887267227, "gravity_education": 1.2166494492179587, "gravity_essential_services": 0.0, "gravity_food_and_drink": 4.8228956907137341, "gravity_healthcare": 0.3419951893353394, "gravity_shelter": 0.0, "avg_gravity": 1.3234496196656258, "min_tt_community": 26.0, "min_tt_education": 32.0, "min_tt_essential_services": null, "min_tt_food_and_drink": 11.0, "min_tt_healthcare": 40.0, "min_tt_shelter": null, "avg_tt_community": 45.8, "avg_tt_education": 33.666666666666664, "avg_tt_essential_services": null, "avg_tt_food_and_drink": 32.18181818181818, "avg_tt_healthcare": 40.0, "avg_tt_shelter": null, "avg_tt_all": 37.912121212121214, "n_unreachable_categories": 2, "count_community": 5.0, "count_education": 3.0, "count_essential_services": 0.0, "count_food_and_drink": 11.0, "count_healthcare": 1.0, "count_shelter": 0.0, "gravity_community_per_100": 11.710338953170016, "gravity_education_per_100": 9.1378699421518625, "gravity_essential_services_per_100": 0.0, "gravity_food_and_drink_per_100": 36.223247045099846, "gravity_healthcare_per_100": 2.5686179063301253, "gravity_shelter_per_100": 0.0, "shannon": 1.1097385569990141, "kl_divergence": 0.39555137820711583, "jsd": 0.30790288320400588, "city_similarity": 0.69209711679599417 }, "geometry": { "type": "Polygon", "coordinates": [ [ [ 9.084449579080948, 45.412229715596311 ], [ 9.090839503285146, 45.412224812579929 ], [ 9.09402799729434, 45.408324564705133 ], [ 9.090827009122972, 45.404429484574479 ], [ 9.090637112151938, 45.404429635416967 ], [ 9.089451789855957, 45.405136108398438 ], [ 9.089240074157715, 45.405265808105469 ], [ 9.089152336120605, 45.405414581298821 ], [ 9.089091300964355, 45.405715942382805 ], [ 9.089111400856764, 45.40561669916405 ], [ 9.084438641106923, 45.412216404211073 ], [ 9.084449579080948, 45.412229715596311 ] ] ] } },
{ "type": "Feature", "properties": { "from_id": "10", "population": 0.0, "gravity_community": 2.5262563330690191, "gravity_education": 1.6631691044690475, "gravity_essential_services": 0.0, "gravity_food_and_drink": 6.4962786159338242, "gravity_healthcare": 0.56932531942515296, "gravity_shelter": 0.0, "avg_gravity": 1.8758382288161739, "min_tt_community": 5.0, "min_tt_education": 21.0, "min_tt_essential_services": null, "min_tt_food_and_drink": 16.0, "min_tt_healthcare": 21.0, "min_tt_shelter": null, "avg_tt_community": 37.5, "avg_tt_education": 22.0, "avg_tt_essential_services": null, "avg_tt_food_and_drink": 24.333333333333332, "avg_tt_healthcare": 21.0, "avg_tt_shelter": null, "avg_tt_all": 26.208333333333332, "n_unreachable_categories": 2, "count_community": 6.0, "count_education": 3.0, "count_essential_services": 0.0, "count_food_and_drink": 12.0, "count_healthcare": 1.0, "count_shelter": 0.0, "gravity_community_per_100": 0.0, "gravity_education_per_100": 0.0, "gravity_essential_services_per_100": 0.0, "gravity_food_and_drink_per_100": 0.0, "gravity_healthcare_per_100": 0.0, "gravity_shelter_per_100": 0.0, "shannon": 1.0971663910428904, "kl_divergence": 0.430108391528502, "jsd": 0.31625864070764925, "city_similarity": 0.68374135929235069 }, "geometry": { "type": "Polygon", "coordinates": [ [ [ 9.084449579080948, 45.412229715596311 ], [ 9.084438641106923, 45.412216404211073 ], [ 9.084297653792889, 45.412415504704661 ], [ 9.084449579080948, 45.412229715596311 ] ] ] } },
{ "type": "Feature", "properties": { "from_id": "11", "population": 96.962630837927406, "gravity_community": 1.3645993577321862, "gravity_education": 1.5416776400806402, "gravity_essential_services": 2.5255566207021607, "gravity_food_and_drink": 4.2609443850900126, "gravity_healthcare": 0.78446329407768167, "gravity_shelter": 0.0, "avg_gravity": 1.7462068829471136, "min_tt_community": 50.0, "min_tt_education": 27.0, "min_tt_essential_services": 46.0, "min_tt_food_and_drink": 39.0, "min_tt_healthcare": 44.0, "min_tt_shelter": null, "avg_tt_community": 55.333333333333336, "avg_tt_education": 45.8, "avg_tt_essential_services": 51.5, "avg_tt_food_and_drink": 52.0, "avg_tt_healthcare": 50.333333333333336, "avg_tt_shelter": null, "avg_tt_all": 50.993333333333332, "n_unreachable_categories": 1, "count_community": 6.0, "count_education": 5.0, "count_essential_services": 10.0, "count_food_and_drink": 17.0, "count_healthcare": 3.0, "count_shelter": 0.0, "gravity_community_per_100": 1.407345640211751, "gravity_education_per_100": 1.5899709266939626, "gravity_essential_services_per_100": 2.6046700660624782, "gravity_food_and_drink_per_100": 4.3944191161769961, "gravity_healthcare_per_100": 0.80903672610627542, "gravity_shelter_per_100": 0.0, "shannon": 1.438351068852818, "kl_divergence": 0.20231841376737866, "jsd": 0.21807354866158249, "city_similarity": 0.78192645133841754 }, "geometry": { "type": "Polygon", "coordinates": [ [ [ 9.132328460611049, 45.392695917145254 ], [ 9.129143481006148, 45.396597240990147 ], [ 9.132346656261015, 45.400491250218636 ], [ 9.138735246591754, 45.400483669298339 ], [ 9.141671152910497, 45.39688671734595 ], [ 9.135259125354255, 45.392692484329636 ], [ 9.132328460611049, 45.392695917145254 ] ] ] } },
{ "type": "Feature", "properties": { "from_id": "12", "population": 1.2153588049342587, "gravity_community": 0.2911541579912289, "gravity_education": 0.0, "gravity_essential_services": 0.391081702801788, "gravity_food_and_drink": 0.21102261270724551, "gravity_healthcare": 0.0, "gravity_shelter": 0.0, "avg_gravity": 0.14887641225004375, "min_tt_community": 46.0, "min_tt_education": null, "min_tt_essential_services": 35.0, "min_tt_food_and_drink": 58.0, "min_tt_healthcare": null, "min_tt_shelter": null, "avg_tt_community": 46.0, "avg_tt_education": null, "avg_tt_essential_services": 35.0, "avg_tt_food_and_drink": 58.0, "avg_tt_healthcare": null, "avg_tt_shelter": null, "avg_tt_all": 46.333333333333336, "n_unreachable_categories": 3, "count_community": 1.0, "count_education": 0.0, "count_essential_services": 1.0, "count_food_and_drink": 1.0, "count_healthcare": 0.0, "count_shelter": 0.0, "gravity_community_per_100": 23.956230605247313, "gravity_education_per_100": 0.0, "gravity_essential_services_per_100": 32.178291810947336, "gravity_food_and_drink_per_100": 17.362988761056464, "gravity_healthcare_per_100": 0.0, "gravity_shelter_per_100": 0.0, "shannon": 1.0986122956054483, "kl_divergence": 0.78386826924273045, "jsd": 0.42135913275456127, "city_similarity": 0.57864086724543873 }, "geometry": { "type": "Polygon", "coordinates": [ [ [ 9.138735246591754, 45.400483669298339 ], [ 9.141939300353513, 45.404377405816632 ], [ 9.148328326033464, 45.404369287823215 ], [ 9.149993376851398, 45.402328979146219 ], [ 9.141671152910497, 45.39688671734595 ], [ 9.138735246591754, 45.400483669298339 ] ] ] } },
{ "type": "Feature", "properties": { "from_id": "13", "population": 141.92160289380513, "gravity_community": 1.9091066926003808, "gravity_education": 3.38972681844891, "gravity_essential_services": 3.8017693746809029, "gravity_food_and_drink": 7.9469225193282353, "gravity_healthcare": 2.0938705718883166, "gravity_shelter": 0.0, "avg_gravity": 3.1902326628244579, "min_tt_community": 37.0, "min_tt_education": 26.0, "min_tt_essential_services": 33.0, "min_tt_food_and_drink": 26.0, "min_tt_healthcare": 31.0, "min_tt_shelter": null, "avg_tt_community": 42.833333333333336, "avg_tt_education": 49.0, "avg_tt_essential_services": 40.0, "avg_tt_food_and_drink": 43.6, "avg_tt_healthcare": 38.0, "avg_tt_shelter": null, "avg_tt_all": 42.686666666666667, "n_unreachable_categories": 1, "count_community": 6.0, "count_education": 12.0, "count_essential_services": 11.0, "count_food_and_drink": 25.0, "count_healthcare": 4.0, "count_shelter": 0.0, "gravity_community_per_100": 1.3451839985410095, "gravity_education_per_100": 2.3884502072495062, "gravity_essential_services_per_100": 2.6787813110634264, "gravity_food_and_drink_per_100": 5.5995157589043254, "gravity_healthcare_per_100": 1.4753712818865816, "gravity_shelter_per_100": 0.0, "shannon": 1.4231437429100287, "kl_divergence": 0.18244937881987838, "jsd": 0.20807390498294176, "city_similarity": 0.79192609501705824 }, "geometry": { "type": "Polygon", "coordinates": [ [ [ 9.129143481006148, 45.396597240990147 ], [ 9.122755326206276, 45.396604284981507 ], [ 9.119569468272351, 45.400505340105425 ], [ 9.122772207816617, 45.404399615602102 ], [ 9.129161241125233, 45.404392569706452 ], [ 9.132346656261015, 45.400491250218636 ], [ 9.129143481006148, 45.396597240990147 ] ] ] } },
{ "type": "Feature", "properties": { "from_id": "14", "population": 3537.6575887629401, "gravity_community": 1.7069583384396279, "gravity_education": 2.4784817436803945, "gravity_essential_services": 4.4070612803185689, "gravity_food_and_drink": 6.7294584814795977, "gravity_healthcare": 0.98258004181592817, "gravity_shelter": 0.0, "avg_gravity": 2.7174233142890198, "min_tt_community": 41.0, "min_tt_education": 24.0, "min_tt_essential_services": 37.0, "min_tt_food_and_drink": 31.0, "min_tt_healthcare": 35.0, "min_tt_shelter": null, "avg_tt_community": 47.0, "avg_tt_education": 45.875, "avg_tt_essential_services": 44.090909090909093, "avg_tt_food_and_drink": 46.478260869565219, "avg_tt_healthcare": 42.0, "avg_tt_shelter": null, "avg_tt_all": 45.088833992094862, "n_unreachable_categories": 1, "count_community": 6.0, "count_education": 8.0, "count_essential_services": 12.0, "count_food_and_drink": 23.0, "count_healthcare": 3.0, "count_shelter": 0.0, "gravity_community_per_100": 0.048251089756725797, "gravity_education_per_100": 0.070059967124943778, "gravity_essential_services_per_100": 0.12457568800093072, "gravity_food_and_drink_per_100": 0.19022356778833355, "gravity_healthcare_per_100": 0.027774876939390847, "gravity_shelter_per_100": 0.0, "shannon": 1.4009134755575783, "kl_divergence": 0.17088985127647896, "jsd": 0.20302636499756485, "city_similarity": 0.79697363500243512 }, "geometry": { "type": "Polygon", "coordinates": [ [ [ 9.138735246591754, 45.400483669298339 ], [ 9.132346656261015, 45.400491250218636 ], [ 9.129161241125233, 45.404392569706452 ], [ 9.132364859357995, 45.408286572601135 ], [ 9.138754328375391, 45.408278989631377 ], [ 9.141939300353513, 45.404377405816632 ], [ 9.138735246591754, 45.400483669298339 ] ] ] } },
{ "type": "Feature", "properties": { "from_id": "15", "population": 2234.8867294221986, "gravity_community": 4.1915632621227834, "gravity_education": 7.1171350206988162, "gravity_essential_services": 7.564583420291993, "gravity_food_and_drink": 14.071314193731489, "gravity_healthcare": 2.0773804497915114, "gravity_shelter": 0.0, "avg_gravity": 5.8369960577727653, "min_tt_community": 23.0, "min_tt_education": 12.0, "min_tt_essential_services": 19.0, "min_tt_food_and_drink": 12.0, "min_tt_healthcare": 17.0, "min_tt_shelter": null, "avg_tt_community": 37.363636363636367, "avg_tt_education": 42.904761904761905, "avg_tt_essential_services": 32.8, "avg_tt_food_and_drink": 36.514285714285712, "avg_tt_healthcare": 36.0, "avg_tt_shelter": null, "avg_tt_all": 37.116536796536799, "n_unreachable_categories": 1, "count_community": 11.0, "count_education": 21.0, "count_essential_services": 16.0, "count_food_and_drink": 35.0, "count_healthcare": 5.0, "count_shelter": 0.0, "gravity_community_per_100": 0.18755148558273727, "gravity_education_per_100": 0.31845618513913948, "gravity_essential_services_per_100": 0.33847726243592302, "gravity_food_and_drink_per_100": 0.62962091136356813, "gravity_healthcare_per_100": 0.092952381990678859, "gravity_shelter_per_100": 0.0, "shannon": 1.4414548801006801, "kl_divergence": 0.2511402383981956, "jsd": 0.24059222226699153, "city_similarity": 0.75940777773300849 }, "geometry": { "type": "Polygon", "coordinates": [ [ [ 9.129161241125233, 45.404392569706452 ], [ 9.122772207816617, 45.404399615602102 ], [ 9.119585913992335, 45.408300666297045 ], [ 9.122789096336492, 45.412194935532646 ], [ 9.129179008513418, 45.412187887732166 ], [ 9.132364859357995, 45.408286572601135 ], [ 9.129161241125233, 45.404392569706452 ] ] ] } },
{ "type": "Feature", "properties": { "from_id": "16", "population": 90.830452535180214, "gravity_community": 0.90419520925340513, "gravity_education": 1.3121354636071825, "gravity_essential_services": 1.211052835459546, "gravity_food_and_drink": 2.8384743368412084, "gravity_healthcare": 2.4328192252419951, "gravity_shelter": 0.0, "avg_gravity": 1.4497795117338896, "min_tt_community": 34.0, "min_tt_education": 50.0, "min_tt_essential_services": 22.0, "min_tt_food_and_drink": 45.0, "min_tt_healthcare": 49.0, "min_tt_shelter": null, "avg_tt_community": 45.666666666666664, "avg_tt_education": 56.833333333333336, "avg_tt_essential_services": 48.0, "avg_tt_food_and_drink": 54.0, "avg_tt_healthcare": 53.5, "avg_tt_shelter": null, "avg_tt_all": 51.6, "n_unreachable_categories": 1, "count_community": 3.0, "count_education": 6.0, "count_essential_services": 4.0, "count_food_and_drink": 12.0, "count_healthcare": 7.0, "count_shelter": 0.0, "gravity_community_per_100": 0.99547583879227575, "gravity_education_per_100": 1.444598619718392, "gravity_essential_services_per_100": 1.3333114629044529, "gravity_food_and_drink_per_100": 3.1250249862421615, "gravity_healthcare_per_100": 2.6784180385974867, "gravity_shelter_per_100": 0.0, "shannon": 1.4959914690051994, "kl_divergence": 0.23835604005950006, "jsd": 0.23833633940650392, "city_similarity": 0.76166366059349611 }, "geometry": { "type": "Polygon", "coordinates": [ [ [ 9.148328326033464, 45.404369287823215 ], [ 9.141939300353513, 45.404377405816632 ], [ 9.138754328375391, 45.408278989631377 ], [ 9.141958825474608, 45.41217271974287 ], [ 9.148348730019039, 45.412164599554806 ], [ 9.151533258479891, 45.408262751450145 ], [ 9.148328326033464, 45.404369287823215 ] ] ] } },
{ "type": "Feature", "properties": { "from_id": "17", "population": 2043.703696253617, "gravity_community": 3.3279749285471447, "gravity_education": 5.2292499678163518, "gravity_essential_services": 4.9110959693155394, "gravity_food_and_drink": 9.9500507562950222, "gravity_healthcare": 1.2848810950265417, "gravity_shelter": 0.0, "avg_gravity": 4.117208786166767, "min_tt_community": 31.0, "min_tt_education": 14.0, "min_tt_essential_services": 27.0, "min_tt_food_and_drink": 20.0, "min_tt_healthcare": 25.0, "min_tt_shelter": null, "avg_tt_community": 46.0, "avg_tt_education": 46.823529411764703, "avg_tt_essential_services": 37.384615384615387, "avg_tt_food_and_drink": 39.821428571428569, "avg_tt_healthcare": 32.0, "avg_tt_shelter": null, "avg_tt_all": 40.405914673561732, "n_unreachable_categories": 1, "count_community": 11.0, "count_education": 17.0, "count_essential_services": 13.0, "count_food_and_drink": 28.0, "count_healthcare": 3.0, "count_shelter": 0.0, "gravity_community_per_100": 0.16284038310679622, "gravity_education_per_100": 0.25587123893753622, "gravity_essential_services_per_100": 0.24030371811325865, "gravity_food_and_drink_per_100": 0.48686366690703747, "gravity_healthcare_per_100": 0.062870224161256885, "gravity_shelter_per_100": 0.0, "shannon": 1.4366191821836225, "kl_divergence": 0.29123970314456088, "jsd": 0.25790682458149949, "city_similarity": 0.74209317541850051 }, "geometry": { "type": "Polygon", "coordinates": [ [ [ 9.138754328375391, 45.408278989631377 ], [ 9.132364859357995, 45.408286572601135 ], [ 9.129179008513418, 45.412187887732166 ], [ 9.132383069905728, 45.416081884292794 ], [ 9.138773417969436, 45.416074299273021 ], [ 9.141958825474608, 45.41217271974287 ], [ 9.138754328375391, 45.408278989631377 ] ] ] } },
{ "type": "Feature", "properties": { "from_id": "18", "population": 3141.2011732119668, "gravity_community": 6.8715939192905378, "gravity_education": 10.393241772164366, "gravity_essential_services": 9.599231573963845, "gravity_food_and_drink": 21.42215120780784, "gravity_healthcare": 3.256185457292589, "gravity_shelter": 0.0, "avg_gravity": 8.5904006550865297, "min_tt_community": 11.0, "min_tt_education": 6.0, "min_tt_essential_services": 7.0, "min_tt_food_and_drink": 5.0, "min_tt_healthcare": 8.0, "min_tt_shelter": null, "avg_tt_community": 32.4, "avg_tt_education": 34.0, "avg_tt_essential_services": 24.470588235294116, "avg_tt_food_and_drink": 30.386363636363637, "avg_tt_healthcare": 33.285714285714285, "avg_tt_shelter": null, "avg_tt_all": 30.908533231474411, "n_unreachable_categories": 1, "count_community": 15.0, "count_education": 24.0, "count_essential_services": 17.0, "count_food_and_drink": 44.0, "count_healthcare": 7.0, "count_shelter": 0.0, "gravity_community_per_100": 0.21875688758463499, "gravity_education_per_100": 0.33086839075438723, "gravity_essential_services_per_100": 0.30559111131836109, "gravity_food_and_drink_per_100": 0.68197323337629745, "gravity_healthcare_per_100": 0.10366051958280176, "gravity_shelter_per_100": 0.0, "shannon": 1.4468065312715692, "kl_divergence": 0.23333227419677216, "jsd": 0.23106822471997734, "city_similarity": 0.76893177528002266 }, "geometry": { "type": "Polygon", "coordinates": [ [ [ 9.129179008513418, 45.412187887732166 ], [ 9.122789096336492, 45.412194935532646 ], [ 9.119602366443761, 45.416095981798868 ], [ 9.122805991769374, 45.419990244773153 ], [ 9.129196783174358, 45.419983195067331 ], [ 9.132383069905728, 45.416081884292794 ], [ 9.129179008513418, 45.412187887732166 ] ] ] } },
{ "type": "Feature", "properties": { "from_id": "19", "population": 19.3868, "gravity_community": 2.1813690321733161, "gravity_education": 5.1609029368116675, "gravity_essential_services": 3.373053442319494, "gravity_food_and_drink": 13.044984671869457, "gravity_healthcare": 4.0647383382889606, "gravity_shelter": 0.0, "avg_gravity": 4.6375080702438156, "min_tt_community": 15.0, "min_tt_education": 40.0, "min_tt_essential_services": 16.0, "min_tt_food_and_drink": 27.0, "min_tt_healthcare": 43.0, "min_tt_shelter": null, "avg_tt_community": 46.571428571428569, "avg_tt_education": 54.636363636363633, "avg_tt_essential_services": 52.46153846153846, "avg_tt_food_and_drink": 54.18181818181818, "avg_tt_healthcare": 53.764705882352942, "avg_tt_shelter": null, "avg_tt_all": 52.323170946700358, "n_unreachable_categories": 1, "count_community": 7.0, "count_education": 22.0, "count_essential_services": 13.0, "count_food_and_drink": 55.0, "count_healthcare": 17.0, "count_shelter": 0.0, "gravity_community_per_100": 11.251826150645369, "gravity_education_per_100": 26.620705515152931, "gravity_essential_services_per_100": 17.398711712709133, "gravity_food_and_drink_per_100": 67.287972599239993, "gravity_healthcare_per_100": 20.966525358950218, "gravity_shelter_per_100": 0.0, "shannon": 1.371842322164692, "kl_divergence": 0.1253312324577095, "jsd": 0.17360334053251797, "city_similarity": 0.82639665946748209 }, "geometry": { "type": "Polygon", "coordinates": [ [ [ 9.148348730019039, 45.412164599554806 ], [ 9.141958825474608, 45.41217271974287 ], [ 9.138773417969436, 45.416074299273021 ], [ 9.141978358587945, 45.41996802297745 ], [ 9.148369142356596, 45.419959900594129 ], [ 9.151554106162573, 45.416058056701893 ], [ 9.148348730019039, 45.412164599554806 ] ] ] } },
{ "type": "Feature", "properties": { "from_id": "20", "population": 20.16235672488304, "gravity_community": 3.6559185547706599, "gravity_education": 4.8684626139363125, "gravity_essential_services": 5.1602036009133876, "gravity_food_and_drink": 10.96413428727004, "gravity_healthcare": 1.4995858605669028, "gravity_shelter": 0.0, "avg_gravity": 4.3580508195762171, "min_tt_community": 32.0, "min_tt_education": 27.0, "min_tt_essential_services": 30.0, "min_tt_food_and_drink": 14.0, "min_tt_healthcare": 26.0, "min_tt_shelter": null, "avg_tt_community": 45.333333333333336, "avg_tt_education": 45.4375, "avg_tt_essential_services": 38.0, "avg_tt_food_and_drink": 39.533333333333331, "avg_tt_healthcare": 37.5, "avg_tt_shelter": null, "avg_tt_all": 41.160833333333336, "n_unreachable_categories": 1, "count_community": 12.0, "count_education": 16.0, "count_essential_services": 14.0, "count_food_and_drink": 30.0, "count_healthcare": 4.0, "count_shelter": 0.0, "gravity_community_per_100": 18.13239694474192, "gravity_education_per_100": 24.146297381634856, "gravity_essential_services_per_100": 25.593256142249523, "gravity_food_and_drink_per_100": 54.379229754123116, "gravity_healthcare_per_100": 7.4375524698271693, "gravity_shelter_per_100": 0.0, "shannon": 1.4529938579562682, "kl_divergence": 0.26253196939298523, "jsd": 0.24543114089968771, "city_similarity": 0.75456885910031235 }, "geometry": { "type": "Polygon", "coordinates": [ [ [ 9.119569468272351, 45.400505340105425 ], [ 9.113180870854077, 45.400511849071229 ], [ 9.109994134409703, 45.404412635293177 ], [ 9.113196437883841, 45.408307177022508 ], [ 9.119585913992335, 45.408300666297045 ], [ 9.122772207816617, 45.404399615602102 ], [ 9.119569468272351, 45.400505340105425 ] ] ] } },
{ "type": "Feature", "properties": { "from_id": "21", "population": 6.7722082924114551, "gravity_community": 0.79131173285483192, "gravity_education": 0.8436580500263543, "gravity_essential_services": 0.0, "gravity_food_and_drink": 3.2449074295712874, "gravity_healthcare": 0.2349237886176038, "gravity_shelter": 0.0, "avg_gravity": 0.85246683351167951, "min_tt_community": 40.0, "min_tt_education": 45.0, "min_tt_essential_services": null, "min_tt_food_and_drink": 28.0, "min_tt_healthcare": 54.0, "min_tt_shelter": null, "avg_tt_community": 50.666666666666664, "avg_tt_education": 47.333333333333336, "avg_tt_essential_services": null, "avg_tt_food_and_drink": 46.545454545454547, "avg_tt_healthcare": 54.0, "avg_tt_shelter": null, "avg_tt_all": 49.63636363636364, "n_unreachable_categories": 2, "count_community": 3.0, "count_education": 3.0, "count_essential_services": 0.0, "count_food_and_drink": 11.0, "count_healthcare": 1.0, "count_shelter": 0.0, "gravity_community_per_100": 11.684692772098137, "gravity_education_per_100": 12.457650645088822, "gravity_essential_services_per_100": 0.0, "gravity_food_and_drink_per_100": 47.915056499478062, "gravity_healthcare_per_100": 3.4689392067406697, "gravity_shelter_per_100": 0.0, "shannon": 1.0587872220873751, "kl_divergence": 0.27138508430781538, "jsd": 0.27198274343494311, "city_similarity": 0.72801725656505689 }, "geometry": { "type": "Polygon", "coordinates": [ [ [ 9.090827009122972, 45.404429484574479 ], [ 9.09402799729434, 45.408324564705133 ], [ 9.100417479414959, 45.408319126226843 ], [ 9.103605094551119, 45.404418609087941 ], [ 9.100403669768765, 45.400523795046048 ], [ 9.097184764189576, 45.400526579151816 ], [ 9.091007210106588, 45.404209044370639 ], [ 9.090827009122972, 45.404429484574479 ] ] ] } },
{ "type": "Feature", "properties": { "from_id": "22", "population": 340.16322390787684, "gravity_community": 4.837874324713475, "gravity_education": 5.9935972814786531, "gravity_essential_services": 5.6699008904011006, "gravity_food_and_drink": 12.15404479107894, "gravity_healthcare": 1.5819511056147046, "gravity_shelter": 0.0, "avg_gravity": 5.039561398881145, "min_tt_community": 24.0, "min_tt_education": 16.0, "min_tt_essential_services": 31.0, "min_tt_food_and_drink": 20.0, "min_tt_healthcare": 29.0, "min_tt_shelter": null, "avg_tt_community": 41.071428571428569, "avg_tt_education": 43.055555555555557, "avg_tt_essential_services": 39.75, "avg_tt_food_and_drink": 41.25714285714286, "avg_tt_healthcare": 34.75, "avg_tt_shelter": null, "avg_tt_all": 39.976825396825397, "n_unreachable_categories": 1, "count_community": 14.0, "count_education": 18.0, "count_essential_services": 16.0, "count_food_and_drink": 35.0, "count_healthcare": 4.0, "count_shelter": 0.0, "gravity_community_per_100": 1.4222214468497836, "gravity_education_per_100": 1.7619768570578465, "gravity_essential_services_per_100": 1.6668177192301732, "gravity_food_and_drink_per_100": 3.5730037631494529, "gravity_healthcare_per_100": 0.46505647713496778, "gravity_shelter_per_100": 0.0, "shannon": 1.4392727948233415, "kl_divergence": 0.2622816601137975, "jsd": 0.24518525568186622, "city_similarity": 0.75481474431813378 }, "geometry": { "type": "Polygon", "coordinates": [ [ [ 9.109994134409703, 45.404412635293177 ], [ 9.103605094551119, 45.404418609087941 ], [ 9.100417479414959, 45.408319126226843 ], [ 9.103619346459361, 45.412213934153264 ], [ 9.110009265189548, 45.412207958743508 ], [ 9.113196437883841, 45.408307177022508 ], [ 9.109994134409703, 45.404412635293177 ] ] ] } },
{ "type": "Feature", "properties": { "from_id": "23", "population": 1126.8514338409382, "gravity_community": 6.2205838921148127, "gravity_education": 8.9642395096286887, "gravity_essential_services": 8.7218603815939684, "gravity_food_and_drink": 19.583592472773887, "gravity_healthcare": 2.7153441071510311, "gravity_shelter": 0.0, "avg_gravity": 7.7009367272103981, "min_tt_community": 18.0, "min_tt_education": 14.0, "min_tt_essential_services": 17.0, "min_tt_food_and_drink": 4.0, "min_tt_healthcare": 13.0, "min_tt_shelter": null, "avg_tt_community": 34.8, "avg_tt_education": 37.304347826086953, "avg_tt_essential_services": 31.789473684210527, "avg_tt_food_and_drink": 33.81818181818182, "avg_tt_healthcare": 32.333333333333336, "avg_tt_shelter": null, "avg_tt_all": 34.009067332362527, "n_unreachable_categories": 1, "count_community": 15.0, "count_education": 23.0, "count_essential_services": 19.0, "count_food_and_drink": 44.0, "count_healthcare": 6.0, "count_shelter": 0.0, "gravity_community_per_100": 0.55203230038156792, "gravity_education_per_100": 0.79551210039051568, "gravity_essential_services_per_100": 0.77400268745854128, "gravity_food_and_drink_per_100": 1.7379036743133105, "gravity_healthcare_per_100": 0.24096735608665146, "gravity_shelter_per_100": 0.0, "shannon": 1.4397787316052808, "kl_divergence": 0.23354614197390541, "jsd": 0.23229262309890936, "city_similarity": 0.7677073769010907 }, "geometry": { "type": "Polygon", "coordinates": [ [ [ 9.119585913992335, 45.408300666297045 ], [ 9.113196437883841, 45.408307177022508 ], [ 9.110009265189548, 45.412207958743508 ], [ 9.113212011285395, 45.416102494284473 ], [ 9.119602366443761, 45.416095981798868 ], [ 9.122789096336492, 45.412194935532646 ], [ 9.119585913992335, 45.408300666297045 ] ] ] } },
{ "type": "Feature", "properties": { "from_id": "24", "population": 244.52791932020298, "gravity_community": 1.3614439881972276, "gravity_education": 1.2166494492179587, "gravity_essential_services": 0.0, "gravity_food_and_drink": 4.646735059819771, "gravity_healthcare": 0.3419951893353394, "gravity_shelter": 0.0, "avg_gravity": 1.2611372810950494, "min_tt_community": 27.0, "min_tt_education": 32.0, "min_tt_essential_services": null, "min_tt_food_and_drink": 14.0, "min_tt_healthcare": 40.0, "min_tt_shelter": null, "avg_tt_community": 41.75, "avg_tt_education": 33.666666666666664, "avg_tt_essential_services": null, "avg_tt_food_and_drink": 33.18181818181818, "avg_tt_healthcare": 40.0, "avg_tt_shelter": null, "avg_tt_all": 37.149621212121211, "n_unreachable_categories": 2, "count_community": 4.0, "count_education": 3.0, "count_essential_services": 0.0, "count_food_and_drink": 11.0, "count_healthcare": 1.0, "count_shelter": 0.0, "gravity_community_per_100": 0.5567642304331113, "gravity_education_per_100": 0.49755032169753499, "gravity_essential_services_per_100": 0.0, "gravity_food_and_drink_per_100": 1.9002881440850896, "gravity_healthcare_per_100": 0.13985936259798029, "gravity_shelter_per_100": 0.0, "shannon": 1.0908672834681603, "kl_divergence": 0.33147219598857747, "jsd": 0.29032071115813657, "city_similarity": 0.70967928884186349 }, "geometry": { "type": "Polygon", "coordinates": [ [ [ 9.100417479414959, 45.408319126226843 ], [ 9.09402799729434, 45.408324564705133 ], [ 9.090839503285146, 45.412224812579929 ], [ 9.094040933540107, 45.416119886667758 ], [ 9.100431294713621, 45.416114446719213 ], [ 9.103619346459361, 45.412213934153264 ], [ 9.100417479414959, 45.408319126226843 ] ] ] } },
{ "type": "Feature", "properties": { "from_id": "25", "population": 17.556170279452981, "gravity_community": 2.809570053674638, "gravity_education": 1.8365466187700892, "gravity_essential_services": 0.0, "gravity_food_and_drink": 7.2647997176531112, "gravity_healthcare": 0.51140208955612032, "gravity_shelter": 0.0, "avg_gravity": 2.07038641327566, "min_tt_community": 11.0, "min_tt_education": 16.0, "min_tt_essential_services": null, "min_tt_food_and_drink": 4.0, "min_tt_healthcare": 25.0, "min_tt_shelter": null, "avg_tt_community": 37.428571428571431, "avg_tt_education": 18.333333333333332, "avg_tt_essential_services": null, "avg_tt_food_and_drink": 24.076923076923077, "avg_tt_healthcare": 25.0, "avg_tt_shelter": null, "avg_tt_all": 26.20970695970696, "n_unreachable_categories": 2, "count_community": 7.0, "count_education": 3.0, "count_essential_services": 0.0, "count_food_and_drink": 13.0, "count_healthcare": 1.0, "count_shelter": 0.0, "gravity_community_per_100": 16.003319681644026, "gravity_education_per_100": 10.460975198671363, "gravity_essential_services_per_100": 0.0, "gravity_food_and_drink_per_100": 41.380321573638035, "gravity_healthcare_per_100": 2.9129478776737785, "gravity_shelter_per_100": 0.0, "shannon": 1.0838226037470777, "kl_divergence": 0.46177288496031371, "jsd": 0.32369466926907858, "city_similarity": 0.67630533073092147 }, "geometry": { "type": "Polygon", "coordinates": [ [ [ 9.084461199123282, 45.420025034239444 ], [ 9.090852002561581, 45.420020129897566 ], [ 9.094040933540107, 45.416119886667758 ], [ 9.090839503285146, 45.412224812579929 ], [ 9.084449579080948, 45.412229715596311 ], [ 9.084297653792889, 45.412415504704661 ], [ 9.081478875470301, 45.416395816421272 ], [ 9.084461199123282, 45.420025034239444 ] ] ] } },
{ "type": "Feature", "properties": { "from_id": "26", "population": 4566.8105196644501, "gravity_community": 7.1688020250406108, "gravity_education": 9.083507407503804, "gravity_essential_services": 8.2721588401837405, "gravity_food_and_drink": 18.655411484111585, "gravity_healthcare": 2.5565158840622901, "gravity_shelter": 0.0, "avg_gravity": 7.6227326068170056, "min_tt_community": 11.0, "min_tt_education": 3.0, "min_tt_essential_services": 18.0, "min_tt_food_and_drink": 19.0, "min_tt_healthcare": 22.0, "min_tt_shelter": null, "avg_tt_community": 32.0625, "avg_tt_education": 37.478260869565219, "avg_tt_essential_services": 33.0, "avg_tt_food_and_drink": 37.6875, "avg_tt_healthcare": 33.5, "avg_tt_shelter": null, "avg_tt_all": 34.745652173913044, "n_unreachable_categories": 1, "count_community": 16.0, "count_education": 23.0, "count_essential_services": 19.0, "count_food_and_drink": 48.0, "count_healthcare": 6.0, "count_shelter": 0.0, "gravity_community_per_100": 0.15697612139089456, "gravity_education_per_100": 0.19890265576797397, "gravity_essential_services_per_100": 0.18113645846623705, "gravity_food_and_drink_per_100": 0.4084997922244058, "gravity_healthcare_per_100": 0.055980336233659465, "gravity_shelter_per_100": 0.0, "shannon": 1.4239423341364841, "kl_divergence": 0.21693893140518045, "jsd": 0.22376250106323609, "city_similarity": 0.77623749893676397 }, "geometry": { "type": "Polygon", "coordinates": [ [ [ 9.110009265189548, 45.412207958743508 ], [ 9.103619346459361, 45.412213934153264 ], [ 9.100431294713621, 45.416114446719213 ], [ 9.103633604201368, 45.420009248529965 ], [ 9.110024402162901, 45.420003271504783 ], [ 9.113212011285395, 45.416102494284473 ], [ 9.110009265189548, 45.412207958743508 ] ] ] } },
{ "type": "Feature", "properties": { "from_id": "27", "population": 1852.8202559654126, "gravity_community": 8.0545008932793412, "gravity_education": 9.2668131487977679, "gravity_essential_services": 8.004217778901241, "gravity_food_and_drink": 20.881148253504424, "gravity_healthcare": 3.6895906748970924, "gravity_shelter": 0.0, "avg_gravity": 8.3160451248966449, "min_tt_community": 16.0, "min_tt_education": 16.0, "min_tt_essential_services": 14.0, "min_tt_food_and_drink": 26.0, "min_tt_healthcare": 17.0, "min_tt_shelter": null, "avg_tt_community": 40.409090909090907, "avg_tt_education": 43.071428571428569, "avg_tt_essential_services": 42.583333333333336, "avg_tt_food_and_drink": 45.811594202898547, "avg_tt_healthcare": 49.307692307692307, "avg_tt_shelter": null, "avg_tt_all": 44.236627864888739, "n_unreachable_categories": 1, "count_community": 22.0, "count_education": 28.0, "count_essential_services": 24.0, "count_food_and_drink": 69.0, "count_healthcare": 13.0, "count_shelter": 0.0, "gravity_community_per_100": 0.43471571877232856, "gravity_education_per_100": 0.50014636438488691, "gravity_essential_services_per_100": 0.43200184978173395, "gravity_food_and_drink_per_100": 1.1269926581531404, "gravity_healthcare_per_100": 0.1991337617892476, "gravity_shelter_per_100": 0.0, "shannon": 1.4403967621719489, "kl_divergence": 0.17390000376188314, "jsd": 0.20148239203562826, "city_similarity": 0.79851760796437177 }, "geometry": { "type": "Polygon", "coordinates": [ [ [ 9.100431294713621, 45.416114446719213 ], [ 9.094040933540107, 45.416119886667758 ], [ 9.090852002561581, 45.420020129897566 ], [ 9.094053875081343, 45.423915197942435 ], [ 9.10044511566759, 45.423909756523216 ], [ 9.103633604201368, 45.420009248529965 ], [ 9.100431294713621, 45.416114446719213 ] ] ] } },
{ "type": "Feature", "properties": { "from_id": "28", "population": 3257.8053153407222, "gravity_community": 9.7872465346049413, "gravity_education": 13.483166079214538, "gravity_essential_services": 14.333721040476458, "gravity_food_and_drink": 36.369954552274784, "gravity_healthcare": 5.8124349364133954, "gravity_shelter": 0.20543739324049337, "avg_gravity": 13.3319934227041, "min_tt_community": 5.0, "min_tt_education": 13.0, "min_tt_essential_services": 2.0, "min_tt_food_and_drink": 2.0, "min_tt_healthcare": 7.0, "min_tt_shelter": 59.0, "avg_tt_community": 30.5, "avg_tt_education": 32.56666666666667, "avg_tt_essential_services": 32.172413793103445, "avg_tt_food_and_drink": 39.890109890109891, "avg_tt_healthcare": 42.6875, "avg_tt_shelter": 59.0, "avg_tt_all": 39.469448391646672, "n_unreachable_categories": 0, "count_community": 20.0, "count_education": 30.0, "count_essential_services": 29.0, "count_food_and_drink": 91.0, "count_healthcare": 16.0, "count_shelter": 1.0, "gravity_community_per_100": 0.3004245369886791, "gravity_education_per_100": 0.41387267728134275, "gravity_essential_services_per_100": 0.43998089673990676, "gravity_food_and_drink_per_100": 1.116394352388457, "gravity_healthcare_per_100": 0.17841566250270219, "gravity_shelter_per_100": 0.0063060058338387055, "shannon": 1.41051086025842, "kl_divergence": 0.098976922724844291, "jsd": 0.15156894620391337, "city_similarity": 0.84843105379608663 }, "geometry": { "type": "Polygon", "coordinates": [ [ [ 9.119602366443761, 45.416095981798868 ], [ 9.113212011285395, 45.416102494284473 ], [ 9.110024402162901, 45.420003271504783 ], [ 9.113227591061932, 45.423897800857183 ], [ 9.119618825630011, 45.423891286610953 ], [ 9.122805991769374, 45.419990244773153 ], [ 9.119602366443761, 45.416095981798868 ] ] ] } },
{ "type": "Feature", "properties": { "from_id": "29", "population": 4315.009160842309, "gravity_community": 12.379949243358517, "gravity_education": 15.087688789929697, "gravity_essential_services": 15.432928853250122, "gravity_food_and_drink": 41.514188044986696, "gravity_healthcare": 8.0934792680669752, "gravity_shelter": 0.26153209720236614, "avg_gravity": 15.461627716132396, "min_tt_community": 7.0, "min_tt_education": 10.0, "min_tt_essential_services": 5.0, "min_tt_food_and_drink": 14.0, "min_tt_healthcare": 3.0, "min_tt_shelter": 50.0, "avg_tt_community": 39.21875, "avg_tt_education": 39.15, "avg_tt_essential_services": 40.142857142857146, "avg_tt_food_and_drink": 43.793650793650791, "avg_tt_healthcare": 46.384615384615387, "avg_tt_shelter": 50.0, "avg_tt_all": 43.114978886853883, "n_unreachable_categories": 0, "count_community": 32.0, "count_education": 40.0, "count_essential_services": 42.0, "count_food_and_drink": 126.0, "count_healthcare": 26.0, "count_shelter": 1.0, "gravity_community_per_100": 0.28690435597920944, "gravity_education_per_100": 0.34965600830809157, "gravity_essential_services_per_100": 0.3576569197882663, "gravity_food_and_drink_per_100": 0.96208806279528125, "gravity_healthcare_per_100": 0.18756574937345188, "gravity_shelter_per_100": 0.0060609859088065973, "shannon": 1.4317322499412173, "kl_divergence": 0.1115193374414523, "jsd": 0.16124027592856086, "city_similarity": 0.83875972407143917 }, "geometry": { "type": "Polygon", "coordinates": [ [ [ 9.110024402162901, 45.420003271504783 ], [ 9.103633604201368, 45.420009248529965 ], [ 9.10044511566759, 45.423909756523216 ], [ 9.103647867780067, 45.427804552218127 ], [ 9.11003954533288, 45.427798573577086 ], [ 9.113227591061932, 45.423897800857183 ], [ 9.110024402162901, 45.420003271504783 ] ] ] } },
{ "type": "Feature", "properties": { "from_id": "30", "population": 231.36904633377029, "gravity_community": 6.4179008845901038, "gravity_education": 6.0343723055550624, "gravity_essential_services": 3.5210692585466075, "gravity_food_and_drink": 15.959070966203416, "gravity_healthcare": 2.3847406807367886, "gravity_shelter": 0.0, "avg_gravity": 5.7195256826053296, "min_tt_community": 9.0, "min_tt_education": 3.0, "min_tt_essential_services": 47.0, "min_tt_food_and_drink": 7.0, "min_tt_healthcare": 12.0, "min_tt_shelter": null, "avg_tt_community": 41.555555555555557, "avg_tt_education": 46.833333333333336, "avg_tt_essential_services": 51.714285714285715, "avg_tt_food_and_drink": 41.571428571428569, "avg_tt_healthcare": 48.75, "avg_tt_shelter": null, "avg_tt_all": 46.084920634920636, "n_unreachable_categories": 1, "count_community": 18.0, "count_education": 18.0, "count_essential_services": 14.0, "count_food_and_drink": 42.0, "count_healthcare": 8.0, "count_shelter": 0.0, "gravity_community_per_100": 2.7738805109356393, "gravity_education_per_100": 2.6081156495108457, "gravity_essential_services_per_100": 1.5218411081087977, "gravity_food_and_drink_per_100": 6.8976689920660554, "gravity_healthcare_per_100": 1.0307086096973359, "gravity_shelter_per_100": 0.0, "shannon": 1.4589917666674133, "kl_divergence": 0.22943879550298454, "jsd": 0.22621557514681462, "city_similarity": 0.77378442485318533 }, "geometry": { "type": "Polygon", "coordinates": [ [ [ 9.081271388730723, 45.423925007951915 ], [ 9.084461199123282, 45.420025034239444 ], [ 9.081478875470301, 45.416395816421272 ], [ 9.076143124774232, 45.423928541611112 ], [ 9.081271388730723, 45.423925007951915 ] ] ] } },
{ "type": "Feature", "properties": { "from_id": "31", "population": 214.33273385436269, "gravity_community": 2.2830274112692681, "gravity_education": 1.9426328815945502, "gravity_essential_services": 2.356074984676106, "gravity_food_and_drink": 4.5182419683288089, "gravity_healthcare": 0.75498869197706175, "gravity_shelter": 0.0, "avg_gravity": 1.9758276563076322, "min_tt_community": 40.0, "min_tt_education": 38.0, "min_tt_essential_services": 38.0, "min_tt_food_and_drink": 49.0, "min_tt_healthcare": 41.0, "min_tt_shelter": null, "avg_tt_community": 47.375, "avg_tt_education": 48.714285714285715, "avg_tt_essential_services": 54.4, "avg_tt_food_and_drink": 55.55, "avg_tt_healthcare": 52.333333333333336, "avg_tt_shelter": null, "avg_tt_all": 51.674523809523805, "n_unreachable_categories": 1, "count_community": 8.0, "count_education": 7.0, "count_essential_services": 10.0, "count_food_and_drink": 20.0, "count_healthcare": 3.0, "count_shelter": 0.0, "gravity_community_per_100": 1.0651790653781172, "gravity_education_per_100": 0.90636313299421323, "gravity_essential_services_per_100": 1.0992604546709319, "gravity_food_and_drink_per_100": 2.108050360333162, "gravity_healthcare_per_100": 0.35225076375411246, "gravity_shelter_per_100": 0.0, "shannon": 1.4442585835236299, "kl_divergence": 0.21804427663776002, "jsd": 0.2240859671348264, "city_similarity": 0.77591403286517358 }, "geometry": { "type": "Polygon", "coordinates": [ [ [ 9.090852002561581, 45.420020129897566 ], [ 9.084461199123282, 45.420025034239444 ], [ 9.081271388730723, 45.423925007951915 ], [ 9.084472823922521, 45.427820342195211 ], [ 9.090864506954851, 45.427815436527453 ], [ 9.094053875081343, 45.423915197942435 ], [ 9.090852002561581, 45.420020129897566 ] ] ] } },
{ "type": "Feature", "properties": { "from_id": "32", "population": 148.02180713046781, "gravity_community": 10.792155654491314, "gravity_education": 9.7129745282458479, "gravity_essential_services": 12.373127569999111, "gravity_food_and_drink": 30.196355352034463, "gravity_healthcare": 7.2373490785141623, "gravity_shelter": 0.20543739324049337, "avg_gravity": 11.752899929420897, "min_tt_community": 13.0, "min_tt_education": 19.0, "min_tt_essential_services": 17.0, "min_tt_food_and_drink": 8.0, "min_tt_healthcare": 16.0, "min_tt_shelter": 59.0, "avg_tt_community": 37.407407407407405, "avg_tt_education": 47.393939393939391, "avg_tt_essential_services": 42.027777777777779, "avg_tt_food_and_drink": 44.789473684210527, "avg_tt_healthcare": 46.208333333333336, "avg_tt_shelter": 59.0, "avg_tt_all": 46.137821932778074, "n_unreachable_categories": 0, "count_community": 27.0, "count_education": 33.0, "count_essential_services": 36.0, "count_food_and_drink": 95.0, "count_healthcare": 24.0, "count_shelter": 1.0, "gravity_community_per_100": 7.2909227793571034, "gravity_education_per_100": 6.561853767725415, "gravity_essential_services_per_100": 8.3589896717672953, "gravity_food_and_drink_per_100": 20.399936967003189, "gravity_healthcare_per_100": 4.8893803006573862, "gravity_shelter_per_100": 0.13878859961452769, "shannon": 1.4758773745849751, "kl_divergence": 0.13545233955947311, "jsd": 0.17802044543122122, "city_similarity": 0.8219795545687788 }, "geometry": { "type": "Polygon", "coordinates": [ [ [ 9.07489045072238, 45.431724680961608 ], [ 9.081282576021971, 45.43172031119078 ], [ 9.084472823922521, 45.427820342195211 ], [ 9.081271388730723, 45.423925007951915 ], [ 9.076143124774232, 45.423928541611112 ], [ 9.072596959793385, 45.42893357608704 ], [ 9.072769834821521, 45.429143970699826 ], [ 9.073467254638672, 45.428604125976555 ], [ 9.07276983636989, 45.429143972584242 ], [ 9.07489045072238, 45.431724680961608 ] ] ] } },
{ "type": "Feature", "properties": { "from_id": "33", "population": 8.4782031991067246, "gravity_community": 5.6882840663508798, "gravity_education": 6.624862585412008, "gravity_essential_services": 9.3961243860378811, "gravity_food_and_drink": 19.372214869785946, "gravity_healthcare": 6.4935369881684153, "gravity_shelter": 0.0, "avg_gravity": 7.929170482625854, "min_tt_community": 28.0, "min_tt_education": 27.0, "min_tt_essential_services": 31.0, "min_tt_food_and_drink": 30.0, "min_tt_healthcare": 34.0, "min_tt_shelter": null, "avg_tt_community": 41.294117647058826, "avg_tt_education": 43.714285714285715, "avg_tt_essential_services": 42.724137931034484, "avg_tt_food_and_drink": 44.61904761904762, "avg_tt_healthcare": 45.954545454545453, "avg_tt_shelter": null, "avg_tt_all": 43.661226873194416, "n_unreachable_categories": 1, "count_community": 17.0, "count_education": 21.0, "count_essential_services": 29.0, "count_food_and_drink": 63.0, "count_healthcare": 22.0, "count_shelter": 0.0, "gravity_community_per_100": 67.093037672772525, "gravity_education_per_100": 78.139936373664796, "gravity_essential_services_per_100": 110.82683636348642, "gravity_food_and_drink_per_100": 228.49434502616108, "gravity_healthcare_per_100": 76.590957254393047, "gravity_shelter_per_100": 0.0, "shannon": 1.4793305310964018, "kl_divergence": 0.15920821992855327, "jsd": 0.1989537438070173, "city_similarity": 0.80104625619298275 }, "geometry": { "type": "MultiPolygon", "coordinates": [ [ [ [ 9.071699322866522, 45.435624380186503 ], [ 9.07489045072238, 45.431724680961608 ], [ 9.07276983636989, 45.429143972584242 ], [ 9.071762084960938, 45.429924011230469 ], [ 9.070146560668945, 45.43121337890625 ], [ 9.069769859313965, 45.431468963623047 ], [ 9.06960391998291, 45.43156433105468 ], [ 9.069414138793945, 45.431610107421875 ], [ 9.069038391113281, 45.431617736816406 ], [ 9.068792343139648, 45.431812286376946 ], [ 9.068531036376953, 45.431961059570305 ], [ 9.068321228027344, 45.432106018066406 ], [ 9.067792892456055, 45.432567596435547 ], [ 9.069250106811523, 45.433658599853523 ], [ 9.067528844186448, 45.435626921856795 ], [ 9.071699322866522, 45.435624380186503 ] ] ], [ [ [ 9.072596959793385, 45.42893357608704 ], [ 9.072056767468212, 45.42969591246645 ], [ 9.072769834821521, 45.429143970699826 ], [ 9.072596959793385, 45.42893357608704 ] ] ] ] } },
{ "type": "Feature", "properties": { "from_id": "34", "population": 0.0, "gravity_community": 8.3135329763924855, "gravity_education": 9.5129766204490203, "gravity_essential_services": 12.532821569222829, "gravity_food_and_drink": 26.600434630816114, "gravity_healthcare": 9.1238197277291704, "gravity_shelter": 0.0, "avg_gravity": 11.013930920768269, "min_tt_community": 19.0, "min_tt_education": 18.0, "min_tt_essential_services": 23.0, "min_tt_food_and_drink": 21.0, "min_tt_healthcare": 25.0, "min_tt_shelter": null, "avg_tt_community": 37.863636363636367, "avg_tt_education": 38.846153846153847, "avg_tt_essential_services": 36.125, "avg_tt_food_and_drink": 38.945205479452056, "avg_tt_healthcare": 40.03846153846154, "avg_tt_shelter": null, "avg_tt_all": 38.363691445540766, "n_unreachable_categories": 1, "count_community": 22.0, "count_education": 26.0, "count_essential_services": 32.0, "count_food_and_drink": 73.0, "count_healthcare": 26.0, "count_shelter": 0.0, "gravity_community_per_100": 0.0, "gravity_education_per_100": 0.0, "gravity_essential_services_per_100": 0.0, "gravity_food_and_drink_per_100": 0.0, "gravity_healthcare_per_100": 0.0, "gravity_shelter_per_100": 0.0, "shannon": 1.4916816630011154, "kl_divergence": 0.17175951545635762, "jsd": 0.20546514245157124, "city_similarity": 0.79453485754842879 }, "geometry": { "type": "Polygon", "coordinates": [ [ [ 9.081282576021971, 45.43172031119078 ], [ 9.07489045072238, 45.431724680961608 ], [ 9.071699322866522, 45.435624380186503 ], [ 9.074900762458576, 45.439519974694704 ], [ 9.081293767893609, 45.439515603742528 ], [ 9.084484453481052, 45.435615639463641 ], [ 9.081282576021971, 45.43172031119078 ] ] ] } },
{ "type": "Feature", "properties": { "from_id": "35", "population": 311.3619600611255, "gravity_community": 2.405857404928895, "gravity_education": 6.1279824728738879, "gravity_essential_services": 4.1171665838406311, "gravity_food_and_drink": 16.620318374879858, "gravity_healthcare": 4.8700500257149555, "gravity_shelter": 0.0, "avg_gravity": 5.6902291437063717, "min_tt_community": 11.0, "min_tt_education": 33.0, "min_tt_essential_services": 37.0, "min_tt_food_and_drink": 19.0, "min_tt_healthcare": 43.0, "min_tt_shelter": null, "avg_tt_community": 48.875, "avg_tt_education": 51.625, "avg_tt_essential_services": 51.0, "avg_tt_food_and_drink": 52.656716417910445, "avg_tt_healthcare": 54.666666666666664, "avg_tt_shelter": null, "avg_tt_all": 51.764676616915423, "n_unreachable_categories": 1, "count_community": 8.0, "count_education": 24.0, "count_essential_services": 16.0, "count_food_and_drink": 67.0, "count_healthcare": 21.0, "count_shelter": 0.0, "gravity_community_per_100": 0.77268829000709827, "gravity_education_per_100": 1.9681217550374053, "gravity_essential_services_per_100": 1.3223087955357049, "gravity_food_and_drink_per_100": 5.337941208880177, "gravity_healthcare_per_100": 1.5641120786748914, "gravity_shelter_per_100": 0.0, "shannon": 1.3617753259007663, "kl_divergence": 0.11023732952195646, "jsd": 0.16421010719121154, "city_similarity": 0.83578989280878846 }, "geometry": { "type": "Polygon", "coordinates": [ [ [ 9.138773417969436, 45.416074299273021 ], [ 9.132383069905728, 45.416081884292794 ], [ 9.129196783174358, 45.419983195067331 ], [ 9.132401287907957, 45.423877185293684 ], [ 9.138792515377812, 45.423869598223334 ], [ 9.141978358587945, 45.41996802297745 ], [ 9.138773417969436, 45.416074299273021 ] ] ] } },
{ "type": "Feature", "properties": { "from_id": "36", "population": 155.00728285083179, "gravity_community": 9.8930160275595291, "gravity_education": 15.367897429339415, "gravity_essential_services": 12.836269192507654, "gravity_food_and_drink": 40.367449334553108, "gravity_healthcare": 6.4958524786678105, "gravity_shelter": 0.26864236148986714, "avg_gravity": 14.204854470686231, "min_tt_community": 11.0, "min_tt_education": 5.0, "min_tt_essential_services": 11.0, "min_tt_food_and_drink": 6.0, "min_tt_healthcare": 10.0, "min_tt_shelter": 49.0, "avg_tt_community": 35.391304347826086, "avg_tt_education": 35.388888888888886, "avg_tt_essential_services": 35.766666666666666, "avg_tt_food_and_drink": 40.440366972477065, "avg_tt_healthcare": 45.2, "avg_tt_shelter": 49.0, "avg_tt_all": 40.19787114597645, "n_unreachable_categories": 0, "count_community": 23.0, "count_education": 36.0, "count_essential_services": 30.0, "count_food_and_drink": 109.0, "count_healthcare": 20.0, "count_shelter": 1.0, "gravity_community_per_100": 6.3822911063345842, "gravity_education_per_100": 9.9143067001106058, "gravity_essential_services_per_100": 8.2810748994680363, "gravity_food_and_drink_per_100": 26.04229207307629, "gravity_healthcare_per_100": 4.1906756632325246, "gravity_shelter_per_100": 0.17330950943020518, "shannon": 1.3962382382732716, "kl_divergence": 0.094023135127845242, "jsd": 0.14743894286188625, "city_similarity": 0.8525610571381137 }, "geometry": { "type": "Polygon", "coordinates": [ [ [ 9.129196783174358, 45.419983195067331 ], [ 9.122805991769374, 45.419990244773153 ], [ 9.119618825630011, 45.423891286610953 ], [ 9.122822894118732, 45.427785543323708 ], [ 9.129214565111699, 45.42777849171204 ], [ 9.132401287907957, 45.423877185293684 ], [ 9.129196783174358, 45.419983195067331 ] ] ] } },
{ "type": "Feature", "properties": { "from_id": "37", "population": 3025.1510466632108, "gravity_community": 4.4694018334410996, "gravity_education": 12.350033355212526, "gravity_essential_services": 6.5502588671761659, "gravity_food_and_drink": 42.854864448045852, "gravity_healthcare": 8.5593124761584747, "gravity_shelter": 0.43414336045707741, "avg_gravity": 12.536335723415199, "min_tt_community": 26.0, "min_tt_education": 20.0, "min_tt_essential_services": 24.0, "min_tt_food_and_drink": 19.0, "min_tt_healthcare": 31.0, "min_tt_shelter": 55.0, "avg_tt_community": 48.875, "avg_tt_education": 46.219512195121951, "avg_tt_essential_services": 40.368421052631582, "avg_tt_food_and_drink": 47.469798657718123, "avg_tt_healthcare": 44.714285714285715, "avg_tt_shelter": 57.0, "avg_tt_all": 47.441169603292899, "n_unreachable_categories": 0, "count_community": 16.0, "count_education": 41.0, "count_essential_services": 19.0, "count_food_and_drink": 149.0, "count_healthcare": 28.0, "count_shelter": 2.0, "gravity_community_per_100": 0.1477414437990103, "gravity_education_per_100": 0.40824518064427912, "gravity_essential_services_per_100": 0.21652667143352081, "gravity_food_and_drink_per_100": 1.4166189980931843, "gravity_healthcare_per_100": 0.28293835065192963, "gravity_shelter_per_100": 0.014351130034843859, "shannon": 1.2556234082851374, "kl_divergence": 0.055910572735536679, "jsd": 0.1141543896977997, "city_similarity": 0.88584561030220033 }, "geometry": { "type": "Polygon", "coordinates": [ [ [ 9.148369142356596, 45.419959900594129 ], [ 9.141978358587945, 45.41996802297745 ], [ 9.138792515377812, 45.423869598223334 ], [ 9.141997899697538, 45.427763315520451 ], [ 9.148389563050337, 45.427755190941276 ], [ 9.151574962379257, 45.423853351261101 ], [ 9.148369142356596, 45.419959900594129 ] ] ] } },
{ "type": "Feature", "properties": { "from_id": "38", "population": 25.289039583138933, "gravity_community": 3.4893026033614007, "gravity_education": 10.090243868696438, "gravity_essential_services": 6.390107633131529, "gravity_food_and_drink": 38.39864365607685, "gravity_healthcare": 8.3040560320441088, "gravity_shelter": 0.43972857992382952, "avg_gravity": 11.185347062205691, "min_tt_community": 25.0, "min_tt_education": 22.0, "min_tt_essential_services": 29.0, "min_tt_food_and_drink": 9.0, "min_tt_healthcare": 33.0, "min_tt_shelter": 55.0, "avg_tt_community": 44.18181818181818, "avg_tt_education": 43.0, "avg_tt_essential_services": 43.1, "avg_tt_food_and_drink": 47.903703703703705, "avg_tt_healthcare": 45.75, "avg_tt_shelter": 56.5, "avg_tt_all": 46.739253647586985, "n_unreachable_categories": 0, "count_community": 11.0, "count_education": 31.0, "count_essential_services": 20.0, "count_food_and_drink": 135.0, "count_healthcare": 28.0, "count_shelter": 2.0, "gravity_community_per_100": 13.797687302003506, "gravity_education_per_100": 39.899672091240461, "gravity_essential_services_per_100": 25.268289102572449, "gravity_food_and_drink_per_100": 151.83907451225843, "gravity_healthcare_per_100": 32.836581257837508, "gravity_shelter_per_100": 1.7388109124437117, "shannon": 1.2414909322543151, "kl_divergence": 0.03515470093307229, "jsd": 0.091045789500613816, "city_similarity": 0.90895421049938618 }, "geometry": { "type": "Polygon", "coordinates": [ [ [ 9.138792515377812, 45.423869598223334 ], [ 9.132401287907957, 45.423877185293684 ], [ 9.129214565111699, 45.42777849171204 ], [ 9.132419513368429, 45.431672475603861 ], [ 9.138811620604448, 45.431664886482373 ], [ 9.141997899697538, 45.427763315520451 ], [ 9.138792515377812, 45.423869598223334 ] ] ] } },
{ "type": "Feature", "properties": { "from_id": "39", "population": 95.024394045341921, "gravity_community": 12.14047644338565, "gravity_education": 22.884694621800765, "gravity_essential_services": 18.217938211718263, "gravity_food_and_drink": 71.939634791967549, "gravity_healthcare": 11.873340762978247, "gravity_shelter": 0.92553111843636349, "avg_gravity": 22.996935991714476, "min_tt_community": 15.0, "min_tt_education": 12.0, "min_tt_essential_services": 21.0, "min_tt_food_and_drink": 2.0, "min_tt_healthcare": 22.0, "min_tt_shelter": 34.0, "avg_tt_community": 41.971428571428568, "avg_tt_education": 42.107692307692311, "avg_tt_essential_services": 43.964285714285715, "avg_tt_food_and_drink": 43.720183486238533, "avg_tt_healthcare": 46.102564102564102, "avg_tt_shelter": 44.666666666666664, "avg_tt_all": 43.755470141479321, "n_unreachable_categories": 0, "count_community": 35.0, "count_education": 65.0, "count_essential_services": 56.0, "count_food_and_drink": 218.0, "count_healthcare": 39.0, "count_shelter": 3.0, "gravity_community_per_100": 12.776168230646848, "gravity_education_per_100": 24.082968222750345, "gravity_essential_services_per_100": 19.171854127294278, "gravity_food_and_drink_per_100": 75.70649149063847, "gravity_healthcare_per_100": 12.495044964257024, "gravity_shelter_per_100": 0.97399318115592104, "shannon": 1.3643710444318158, "kl_divergence": 0.06360391971967691, "jsd": 0.12173279125359268, "city_similarity": 0.87826720874640729 }, "geometry": { "type": "Polygon", "coordinates": [ [ [ 9.129214565111699, 45.42777849171204 ], [ 9.122822894118732, 45.427785543323708 ], [ 9.119635291554468, 45.43168658073337 ], [ 9.122839803388048, 45.435580831184389 ], [ 9.129232354329107, 45.435573777666335 ], [ 9.132419513368429, 45.431672475603861 ], [ 9.129214565111699, 45.42777849171204 ] ] ] } },
{ "type": "Feature", "properties": { "from_id": "40", "population": 1399.0504363280625, "gravity_community": 11.784516860527063, "gravity_education": 26.799305898602253, "gravity_essential_services": 17.310061191906161, "gravity_food_and_drink": 137.55308952683978, "gravity_healthcare": 20.364560101872943, "gravity_shelter": 1.9844028752102507, "avg_gravity": 35.965989409159739, "min_tt_community": 12.0, "min_tt_education": 4.0, "min_tt_essential_services": 18.0, "min_tt_food_and_drink": 10.0, "min_tt_healthcare": 16.0, "min_tt_shelter": 37.0, "avg_tt_community": 46.769230769230766, "avg_tt_education": 42.480519480519483, "avg_tt_essential_services": 43.156862745098039, "avg_tt_food_and_drink": 46.917211328976038, "avg_tt_healthcare": 41.517241379310342, "avg_tt_shelter": 47.571428571428569, "avg_tt_all": 44.735415712427205, "n_unreachable_categories": 0, "count_community": 39.0, "count_education": 77.0, "count_essential_services": 51.0, "count_food_and_drink": 459.0, "count_healthcare": 58.0, "count_shelter": 7.0, "gravity_community_per_100": 0.84232251779690093, "gravity_education_per_100": 1.9155353661830459, "gravity_essential_services_per_100": 1.2372721341868147, "gravity_food_and_drink_per_100": 9.8318892553910082, "gravity_healthcare_per_100": 1.455598709887945, "gravity_shelter_per_100": 0.14183926638259733, "shannon": 1.1253523557632674, "kl_divergence": 0.017482334596700368, "jsd": 0.06655376108166082, "city_similarity": 0.93344623891833922 }, "geometry": { "type": "Polygon", "coordinates": [ [ [ 9.148389563050337, 45.427755190941276 ], [ 9.141997899697538, 45.427763315520451 ], [ 9.138811620604448, 45.431664886482373 ], [ 9.142017448807406, 45.435558597371902 ], [ 9.148409992104456, 45.43555047059629 ], [ 9.15159582713423, 45.431648635127836 ], [ 9.148389563050337, 45.427755190941276 ] ] ] } },
{ "type": "Feature", "properties": { "from_id": "41", "population": 3202.3003421876856, "gravity_community": 10.462932018575989, "gravity_education": 25.481957117469982, "gravity_essential_services": 16.293765450267607, "gravity_food_and_drink": 124.49659242522412, "gravity_healthcare": 18.773332639058555, "gravity_shelter": 1.8261661050862776, "avg_gravity": 32.889124292613758, "min_tt_community": 17.0, "min_tt_education": 10.0, "min_tt_essential_services": 7.0, "min_tt_food_and_drink": 18.0, "min_tt_healthcare": 17.0, "min_tt_shelter": 34.0, "avg_tt_community": 45.735294117647058, "avg_tt_education": 45.481481481481481, "avg_tt_essential_services": 44.12, "avg_tt_food_and_drink": 46.075609756097563, "avg_tt_healthcare": 43.508771929824562, "avg_tt_shelter": 45.0, "avg_tt_all": 44.986859547508438, "n_unreachable_categories": 0, "count_community": 34.0, "count_education": 81.0, "count_essential_services": 50.0, "count_food_and_drink": 410.0, "count_healthcare": 57.0, "count_shelter": 6.0, "gravity_community_per_100": 0.32673175219499007, "gravity_education_per_100": 0.79573913732469292, "gravity_essential_services_per_100": 0.5088144055574858, "gravity_food_and_drink_per_100": 3.887723796081318, "gravity_healthcare_per_100": 0.58624521853041911, "gravity_shelter_per_100": 0.057026696747585912, "shannon": 1.1616663341023736, "kl_divergence": 0.022446996863223444, "jsd": 0.073837845174082956, "city_similarity": 0.92616215482591702 }, "geometry": { "type": "Polygon", "coordinates": [ [ [ 9.138811620604448, 45.431664886482373 ], [ 9.132419513368429, 45.431672475603861 ], [ 9.129232354329107, 45.435573777666335 ], [ 9.132437746290892, 45.439467755223383 ], [ 9.13883073365327, 45.439460164050196 ], [ 9.142017448807406, 45.435558597371902 ], [ 9.138811620604448, 45.431664886482373 ] ] ] } },
{ "type": "Feature", "properties": { "from_id": "42", "population": 666.37734647139928, "gravity_community": 17.889631596784803, "gravity_education": 34.376211123317447, "gravity_essential_services": 28.531965564017149, "gravity_food_and_drink": 167.1830321337001, "gravity_healthcare": 28.018763654252549, "gravity_shelter": 1.8218945907805113, "avg_gravity": 46.303583110475422, "min_tt_community": 9.0, "min_tt_education": 8.0, "min_tt_essential_services": 16.0, "min_tt_food_and_drink": 9.0, "min_tt_healthcare": 11.0, "min_tt_shelter": 20.0, "avg_tt_community": 43.981818181818184, "avg_tt_education": 42.0, "avg_tt_essential_services": 43.625, "avg_tt_food_and_drink": 44.887404580152669, "avg_tt_healthcare": 45.744444444444447, "avg_tt_shelter": 41.0, "avg_tt_all": 43.539777867735886, "n_unreachable_categories": 0, "count_community": 55.0, "count_education": 100.0, "count_essential_services": 88.0, "count_food_and_drink": 524.0, "count_healthcare": 90.0, "count_shelter": 5.0, "gravity_community_per_100": 2.6846098072682034, "gravity_education_per_100": 5.158670429801723, "gravity_essential_services_per_100": 4.2816529876202409, "gravity_food_and_drink_per_100": 25.088342666353764, "gravity_healthcare_per_100": 4.2046392787236062, "gravity_shelter_per_100": 0.27340284006168664, "shannon": 1.2267985593495252, "kl_divergence": 0.020500866798281801, "jsd": 0.071083224324655234, "city_similarity": 0.92891677567534481 }, "geometry": { "type": "Polygon", "coordinates": [ [ [ 9.129232354329107, 45.435573777666335 ], [ 9.122839803388048, 45.435580831184389 ], [ 9.119651764220519, 45.439481864166176 ], [ 9.122856719580797, 45.443376108355224 ], [ 9.129250150830236, 45.443369052930265 ], [ 9.132437746290892, 45.439467755223383 ], [ 9.129232354329107, 45.435573777666335 ] ] ] } },
{ "type": "Feature", "properties": { "from_id": "43", "population": 3636.2661545800056, "gravity_community": 21.202727223827846, "gravity_education": 45.146443303672974, "gravity_essential_services": 38.916977946031324, "gravity_food_and_drink": 350.28820444833099, "gravity_healthcare": 44.848081387865832, "gravity_shelter": 3.2692808290191637, "avg_gravity": 83.945285856458028, "min_tt_community": 7.0, "min_tt_education": 4.0, "min_tt_essential_services": 9.0, "min_tt_food_and_drink": 2.0, "min_tt_healthcare": 4.0, "min_tt_shelter": 16.0, "avg_tt_community": 42.741935483870968, "avg_tt_education": 41.748031496062993, "avg_tt_essential_services": 43.629310344827587, "avg_tt_food_and_drink": 43.916123019571295, "avg_tt_healthcare": 43.631578947368418, "avg_tt_shelter": 35.75, "avg_tt_all": 41.902829881950211, "n_unreachable_categories": 0, "count_community": 62.0, "count_education": 127.0, "count_essential_services": 116.0, "count_food_and_drink": 1073.0, "count_healthcare": 133.0, "count_shelter": 8.0, "gravity_community_per_100": 0.58309062985178528, "gravity_education_per_100": 1.241560473971616, "gravity_essential_services_per_100": 1.0702455841141885, "gravity_food_and_drink_per_100": 9.6331838638140024, "gravity_healthcare_per_100": 1.2333553013268319, "gravity_shelter_per_100": 0.089907632996044276, "shannon": 1.0208793494099786, "kl_divergence": 0.013944844874204476, "jsd": 0.061398378075678675, "city_similarity": 0.93860162192432128 }, "geometry": { "type": "Polygon", "coordinates": [ [ [ 9.148409992104456, 45.43555047059629 ], [ 9.142017448807406, 45.435558597371902 ], [ 9.13883073365327, 45.439460164050196 ], [ 9.142037005921573, 45.443353868531887 ], [ 9.14843042952316, 45.443345739559213 ], [ 9.151616700431781, 45.439443908302145 ], [ 9.148409992104456, 45.43555047059629 ] ] ] } },
{ "type": "Feature", "properties": { "from_id": "44", "population": 5393.8990174293249, "gravity_community": 18.542080955697649, "gravity_education": 38.881508291684696, "gravity_essential_services": 33.679504879992116, "gravity_food_and_drink": 277.33367819735162, "gravity_healthcare": 37.447657662642634, "gravity_shelter": 2.5347673334136704, "avg_gravity": 68.069866220130407, "min_tt_community": 15.0, "min_tt_education": 13.0, "min_tt_essential_services": 12.0, "min_tt_food_and_drink": 7.0, "min_tt_healthcare": 9.0, "min_tt_shelter": 16.0, "avg_tt_community": 42.763636363636365, "avg_tt_education": 41.045045045045043, "avg_tt_essential_services": 44.371428571428574, "avg_tt_food_and_drink": 44.588709677419352, "avg_tt_healthcare": 44.698275862068968, "avg_tt_shelter": 34.166666666666664, "avg_tt_all": 41.9389603643775, "n_unreachable_categories": 0, "count_community": 55.0, "count_education": 111.0, "count_essential_services": 105.0, "count_food_and_drink": 868.0, "count_healthcare": 116.0, "count_shelter": 6.0, "gravity_community_per_100": 0.34376025386798231, "gravity_education_per_100": 0.72084234736406338, "gravity_essential_services_per_100": 0.62439998915744277, "gravity_food_and_drink_per_100": 5.1416179150036427, "gravity_healthcare_per_100": 0.69425952435590443, "gravity_shelter_per_100": 0.046993229298936963, "shannon": 1.0595267591780324, "kl_divergence": 0.011475918152998338, "jsd": 0.055903602120591825, "city_similarity": 0.94409639787940813 }, "geometry": { "type": "Polygon", "coordinates": [ [ [ 9.13883073365327, 45.439460164050196 ], [ 9.132437746290892, 45.439467755223383 ], [ 9.129250150830236, 45.443369052930265 ], [ 9.132455986679096, 45.447263024152306 ], [ 9.138849854528214, 45.447255430926866 ], [ 9.142037005921573, 45.443353868531887 ], [ 9.13883073365327, 45.439460164050196 ] ] ] } },
{ "type": "Feature", "properties": { "from_id": "45", "population": 6467.6781522622323, "gravity_community": 0.391081702801788, "gravity_education": 0.0, "gravity_essential_services": 0.68154648638206339, "gravity_food_and_drink": 1.4640687603432048, "gravity_healthcare": 0.2, "gravity_shelter": 0.0, "avg_gravity": 0.45611615825450941, "min_tt_community": 35.0, "min_tt_education": null, "min_tt_essential_services": 52.0, "min_tt_food_and_drink": 37.0, "min_tt_healthcare": 60.0, "min_tt_shelter": null, "avg_tt_community": 35.0, "avg_tt_education": null, "avg_tt_essential_services": 55.333333333333336, "avg_tt_food_and_drink": 53.5, "avg_tt_healthcare": 60.0, "avg_tt_shelter": null, "avg_tt_all": 50.958333333333336, "n_unreachable_categories": 2, "count_community": 1.0, "count_education": 0.0, "count_essential_services": 3.0, "count_food_and_drink": 6.0, "count_healthcare": 1.0, "count_shelter": 0.0, "gravity_community_per_100": 0.0060467094001113424, "gravity_education_per_100": 0.0, "gravity_essential_services_per_100": 0.01053773039315006, "gravity_food_and_drink_per_100": 0.022636697836164128, "gravity_healthcare_per_100": 0.0030922998221555756, "gravity_shelter_per_100": 0.0, "shannon": 1.1209503975488744, "kl_divergence": 0.19659087049422633, "jsd": 0.23404170883388936, "city_similarity": 0.76595829116611069 }, "geometry": { "type": "Polygon", "coordinates": [ [ [ 9.180273410297199, 45.404323337387702 ], [ 9.186662417483767, 45.404313075210069 ], [ 9.188378248170086, 45.402208217225592 ], [ 9.179935733095737, 45.403913453514754 ], [ 9.180273410297199, 45.404323337387702 ] ] ] } },
{ "type": "Feature", "properties": { "from_id": "46", "population": 4.2995972812552985, "gravity_community": 0.6033835031121364, "gravity_education": 0.43367532807620623, "gravity_essential_services": 1.2160421343269923, "gravity_food_and_drink": 2.5404870131219646, "gravity_healthcare": 1.5086452063981253, "gravity_shelter": 0.42385371857790743, "avg_gravity": 1.1210144839355554, "min_tt_community": 36.0, "min_tt_education": 56.0, "min_tt_essential_services": 46.0, "min_tt_food_and_drink": 32.0, "min_tt_healthcare": 29.0, "min_tt_shelter": 32.0, "avg_tt_community": 46.0, "avg_tt_education": 57.0, "avg_tt_essential_services": 53.0, "avg_tt_food_and_drink": 52.0, "avg_tt_healthcare": 37.5, "avg_tt_shelter": 32.0, "avg_tt_all": 46.25, "n_unreachable_categories": 0, "count_community": 2.0, "count_education": 2.0, "count_essential_services": 5.0, "count_food_and_drink": 10.0, "count_healthcare": 4.0, "count_shelter": 1.0, "gravity_community_per_100": 14.033488804699735, "gravity_education_per_100": 10.086417394644728, "gravity_essential_services_per_100": 28.282698466400557, "gravity_food_and_drink_per_100": 59.086627117325065, "gravity_healthcare_per_100": 35.088058432246136, "gravity_shelter_per_100": 9.8579864776116946, "shannon": 1.5367702202017208, "kl_divergence": 0.14194526270910154, "jsd": 0.1836402614113897, "city_similarity": 0.81635973858861033 }, "geometry": { "type": "Polygon", "coordinates": [ [ [ 9.209009542125987, 45.400376696319071 ], [ 9.215398093322449, 45.400364827619264 ], [ 9.217996219722924, 45.397174700944902 ], [ 9.215144157409668, 45.396797180175781 ], [ 9.207356979385789, 45.398372201509233 ], [ 9.209009542125987, 45.400376696319071 ] ] ] } },
{ "type": "Feature", "properties": { "from_id": "47", "population": 71.574124784671355, "gravity_community": 1.1121841089963265, "gravity_education": 0.48918181202476319, "gravity_essential_services": 2.012777533124237, "gravity_food_and_drink": 3.5380175976018271, "gravity_healthcare": 1.9478335209486923, "gravity_shelter": 0.91820872802227793, "avg_gravity": 1.6697005501196873, "min_tt_community": 31.0, "min_tt_education": 52.0, "min_tt_essential_services": 41.0, "min_tt_food_and_drink": 27.0, "min_tt_healthcare": 24.0, "min_tt_shelter": 27.0, "avg_tt_community": 49.5, "avg_tt_education": 52.5, "avg_tt_essential_services": 52.0, "avg_tt_food_and_drink": 49.53846153846154, "avg_tt_healthcare": 37.2, "avg_tt_shelter": 47.0, "avg_tt_all": 47.956410256410258, "n_unreachable_categories": 0, "count_community": 4.0, "count_education": 2.0, "count_essential_services": 8.0, "count_food_and_drink": 13.0, "count_healthcare": 5.0, "count_shelter": 3.0, "gravity_community_per_100": 1.5538913152515657, "gravity_education_per_100": 0.68346181458236788, "gravity_essential_services_per_100": 2.812158079724508, "gravity_food_and_drink_per_100": 4.943151744077694, "gravity_healthcare_per_100": 2.7214213611534785, "gravity_shelter_per_100": 1.2828780383758542, "shannon": 1.60522314167335, "kl_divergence": 0.2532730151978817, "jsd": 0.23654855072306491, "city_similarity": 0.76345144927693509 }, "geometry": { "type": "Polygon", "coordinates": [ [ [ 9.199440421231905, 45.404291478768272 ], [ 9.205829417553772, 45.404280144505151 ], [ 9.209009542125987, 45.400376696319071 ], [ 9.207356979385789, 45.398372201509233 ], [ 9.196389126634314, 45.400589491836747 ], [ 9.199440421231905, 45.404291478768272 ] ] ] } },
{ "type": "Feature", "properties": { "from_id": "48", "population": 366.25138354818154, "gravity_community": 0.30720055559943632, "gravity_education": 0.0, "gravity_essential_services": 0.27594593229224301, "gravity_food_and_drink": 1.096761196390496, "gravity_healthcare": 0.24787115830585713, "gravity_shelter": 1.8021077628372815, "avg_gravity": 0.62164776757088569, "min_tt_community": 44.0, "min_tt_education": null, "min_tt_essential_services": 48.0, "min_tt_food_and_drink": 42.0, "min_tt_healthcare": 52.0, "min_tt_shelter": 42.0, "avg_tt_community": 44.0, "avg_tt_education": null, "avg_tt_essential_services": 48.0, "avg_tt_food_and_drink": 48.5, "avg_tt_healthcare": 52.0, "avg_tt_shelter": 45.0, "avg_tt_all": 47.5, "n_unreachable_categories": 1, "count_community": 1.0, "count_education": 0.0, "count_essential_services": 1.0, "count_food_and_drink": 4.0, "count_healthcare": 1.0, "count_shelter": 6.0, "gravity_community_per_100": 0.083876967951173109, "gravity_education_per_100": 0.0, "gravity_essential_services_per_100": 0.075343314643326512, "gravity_food_and_drink_per_100": 0.29945585072341807, "gravity_healthcare_per_100": 0.067677876300294953, "gravity_shelter_per_100": 0.49204121643958476, "shannon": 1.3114313402404916, "kl_divergence": 1.3523012040677884, "jsd": 0.44271244543556998, "city_similarity": 0.55728755456443002 }, "geometry": { "type": "Polygon", "coordinates": [ [ [ 9.228175183475466, 45.40034001828554 ], [ 9.23456372219238, 45.400327077652847 ], [ 9.235269905877059, 45.399459547608366 ], [ 9.226491367810922, 45.398298731570812 ], [ 9.228175183475466, 45.40034001828554 ] ] ] } },
{ "type": "Feature", "properties": { "from_id": "49", "population": 472.46982866667935, "gravity_community": 0.3419951893353394, "gravity_education": 0.0, "gravity_essential_services": 0.31555240672189722, "gravity_food_and_drink": 1.244368908592238, "gravity_healthcare": 0.27594593229224301, "gravity_shelter": 2.0509537521027816, "avg_gravity": 0.70480269817408325, "min_tt_community": 40.0, "min_tt_education": null, "min_tt_essential_services": 43.0, "min_tt_food_and_drink": 38.0, "min_tt_healthcare": 48.0, "min_tt_shelter": 38.0, "avg_tt_community": 40.0, "avg_tt_education": null, "avg_tt_essential_services": 43.0, "avg_tt_food_and_drink": 43.75, "avg_tt_healthcare": 48.0, "avg_tt_shelter": 40.166666666666664, "avg_tt_all": 42.983333333333334, "n_unreachable_categories": 1, "count_community": 1.0, "count_education": 0.0, "count_essential_services": 1.0, "count_food_and_drink": 4.0, "count_healthcare": 1.0, "count_shelter": 6.0, "gravity_community_per_100": 0.072384556343091294, "gravity_education_per_100": 0.0, "gravity_essential_services_per_100": 0.066787842858112942, "gravity_food_and_drink_per_100": 0.26337531691788141, "gravity_healthcare_per_100": 0.058404984942841479, "gravity_shelter_per_100": 0.4340920049626491, "shannon": 1.3114313402404916, "kl_divergence": 1.3523012040677884, "jsd": 0.44271244543556998, "city_similarity": 0.55728755456443002 }, "geometry": { "type": "Polygon", "coordinates": [ [ [ 9.215398093322449, 45.400364827619264 ], [ 9.218607398493848, 45.404256403897271 ], [ 9.224996382872357, 45.404243997553699 ], [ 9.228175183475466, 45.40034001828554 ], [ 9.226491367810922, 45.398298731570812 ], [ 9.217996219722924, 45.397174700944902 ], [ 9.215398093322449, 45.400364827619264 ] ] ] } },
{ "type": "Feature", "properties": { "from_id": "50", "population": 3.822209, "gravity_community": 0.0, "gravity_education": 0.0, "gravity_essential_services": 0.21102261270724551, "gravity_food_and_drink": 0.92242470226336593, "gravity_healthcare": 0.21102261270724551, "gravity_shelter": 0.21102261270724551, "avg_gravity": 0.2592487567308504, "min_tt_community": null, "min_tt_education": null, "min_tt_essential_services": 58.0, "min_tt_food_and_drink": 25.0, "min_tt_healthcare": 58.0, "min_tt_shelter": 58.0, "avg_tt_community": null, "avg_tt_education": null, "avg_tt_essential_services": 58.0, "avg_tt_food_and_drink": 47.666666666666664, "avg_tt_healthcare": 58.0, "avg_tt_shelter": 58.0, "avg_tt_all": 55.416666666666664, "n_unreachable_categories": 2, "count_community": 0.0, "count_education": 0.0, "count_essential_services": 1.0, "count_food_and_drink": 3.0, "count_healthcare": 1.0, "count_shelter": 1.0, "gravity_community_per_100": 0.0, "gravity_education_per_100": 0.0, "gravity_essential_services_per_100": 5.5209595474042761, "gravity_food_and_drink_per_100": 24.133287904020058, "gravity_healthcare_per_100": 5.5209595474042761, "gravity_shelter_per_100": 5.5209595474042761, "shannon": 1.2424533297060127, "kl_divergence": 0.43718230196805652, "jsd": 0.30778285513518105, "city_similarity": 0.69221714486481889 }, "geometry": { "type": "Polygon", "coordinates": [ [ [ 9.23456372219238, 45.400327077652847 ], [ 9.237774338847071, 45.404218112790318 ], [ 9.244163310203575, 45.404204634371787 ], [ 9.246786464258507, 45.400981325310624 ], [ 9.235269905877059, 45.399459547608366 ], [ 9.23456372219238, 45.400327077652847 ] ] ] } },
{ "type": "Feature", "properties": { "from_id": "51", "population": 2.710131123166069, "gravity_community": 0.42385371857790743, "gravity_education": 0.18453616691811769, "gravity_essential_services": 0.391081702801788, "gravity_food_and_drink": 1.5422158136627662, "gravity_healthcare": 0.3419951893353394, "gravity_shelter": 2.541861410827301, "avg_gravity": 0.90425733368720318, "min_tt_community": 32.0, "min_tt_education": 63.0, "min_tt_essential_services": 35.0, "min_tt_food_and_drink": 30.0, "min_tt_healthcare": 40.0, "min_tt_shelter": 30.0, "avg_tt_community": 32.0, "avg_tt_education": 63.0, "avg_tt_essential_services": 35.0, "avg_tt_food_and_drink": 35.75, "avg_tt_healthcare": 40.0, "avg_tt_shelter": 32.166666666666664, "avg_tt_all": 39.652777777777779, "n_unreachable_categories": 0, "count_community": 1.0, "count_education": 1.0, "count_essential_services": 1.0, "count_food_and_drink": 4.0, "count_healthcare": 1.0, "count_shelter": 6.0, "gravity_community_per_100": 15.63960189803462, "gravity_education_per_100": 6.8091231948414421, "gravity_essential_services_per_100": 14.430360931943131, "gravity_food_and_drink_per_100": 56.905579234893125, "gravity_healthcare_per_100": 12.619138107819994, "gravity_shelter_per_100": 93.791085940440055, "shannon": 1.4750763117203238, "kl_divergence": 1.1813073922140456, "jsd": 0.4049092429367524, "city_similarity": 0.59509075706324754 }, "geometry": { "type": "Polygon", "coordinates": [ [ [ 9.23456372219238, 45.400327077652847 ], [ 9.228175183475466, 45.40034001828554 ], [ 9.224996382872357, 45.404243997553699 ], [ 9.228206566707682, 45.408135299783488 ], [ 9.234595984085329, 45.408122355652388 ], [ 9.237774338847071, 45.404218112790318 ], [ 9.23456372219238, 45.400327077652847 ] ] ] } },
{ "type": "Feature", "properties": { "from_id": "52", "population": 1824.3050331294125, "gravity_community": 0.0, "gravity_education": 0.0, "gravity_essential_services": 0.21102261270724551, "gravity_food_and_drink": 1.1335991601434874, "gravity_healthcare": 0.21675967734687365, "gravity_shelter": 0.41675967734687369, "avg_gravity": 0.32969018792408006, "min_tt_community": null, "min_tt_education": null, "min_tt_essential_services": 58.0, "min_tt_food_and_drink": 25.0, "min_tt_healthcare": 57.0, "min_tt_shelter": 57.0, "avg_tt_community": null, "avg_tt_education": null, "avg_tt_essential_services": 58.0, "avg_tt_food_and_drink": 50.25, "avg_tt_healthcare": 57.0, "avg_tt_shelter": 58.5, "avg_tt_all": 55.9375, "n_unreachable_categories": 2, "count_community": 0.0, "count_education": 0.0, "count_essential_services": 1.0, "count_food_and_drink": 4.0, "count_healthcare": 1.0, "count_shelter": 2.0, "gravity_community_per_100": 0.0, "gravity_education_per_100": 0.0, "gravity_essential_services_per_100": 0.011567287754792703, "gravity_food_and_drink_per_100": 0.062138685118842844, "gravity_healthcare_per_100": 0.011881767216036463, "gravity_shelter_per_100": 0.022844846107340076, "shannon": 1.2130075708089068, "kl_divergence": 0.62474296205329793, "jsd": 0.33707140547823505, "city_similarity": 0.66292859452176489 }, "geometry": { "type": "Polygon", "coordinates": [ [ [ 9.244163310203575, 45.404204634371787 ], [ 9.247374805515653, 45.408095395171962 ], [ 9.253764209328574, 45.408081378823958 ], [ 9.256941239055651, 45.4041766054644 ], [ 9.255222891589472, 45.402095310571106 ], [ 9.246786464258507, 45.400981325310624 ], [ 9.244163310203575, 45.404204634371787 ] ] ] } },
{ "type": "Feature", "properties": { "from_id": "53", "population": 6.8657197725528647, "gravity_community": 1.0804332787945705, "gravity_education": 0.422197070587367, "gravity_essential_services": 1.2654149905876217, "gravity_food_and_drink": 7.8816518402392308, "gravity_healthcare": 1.7075222314458518, "gravity_shelter": 3.0158795794881774, "avg_gravity": 2.5621831651904698, "min_tt_community": 30.0, "min_tt_education": 57.0, "min_tt_essential_services": 22.0, "min_tt_food_and_drink": 18.0, "min_tt_healthcare": 18.0, "min_tt_shelter": 18.0, "avg_tt_community": 51.0, "avg_tt_education": 58.0, "avg_tt_essential_services": 45.75, "avg_tt_food_and_drink": 52.166666666666664, "avg_tt_healthcare": 50.333333333333336, "avg_tt_shelter": 25.833333333333332, "avg_tt_all": 47.18055555555555, "n_unreachable_categories": 0, "count_community": 4.0, "count_education": 2.0, "count_essential_services": 4.0, "count_food_and_drink": 30.0, "count_healthcare": 6.0, "count_shelter": 6.0, "gravity_community_per_100": 15.736635263120204, "gravity_education_per_100": 6.1493490059875029, "gravity_essential_services_per_100": 18.430915220955857, "gravity_food_and_drink_per_100": 114.79716768732339, "gravity_healthcare_per_100": 24.870258152277426, "gravity_shelter_per_100": 43.926633760159859, "shannon": 1.3355959437171219, "kl_divergence": 0.17521865884506227, "jsd": 0.17893823574257414, "city_similarity": 0.82106176425742583 }, "geometry": { "type": "Polygon", "coordinates": [ [ [ 9.244163310203575, 45.404204634371787 ], [ 9.237774338847071, 45.404218112790318 ], [ 9.234595984085329, 45.408122355652388 ], [ 9.237807046761173, 45.412013383652706 ], [ 9.244196896954868, 45.411999901590391 ], [ 9.247374805515653, 45.408095395171962 ], [ 9.244163310203575, 45.404204634371787 ] ] ] } },
{ "type": "Feature", "properties": { "from_id": "54", "population": 15.677179950957598, "gravity_community": 0.48468937332853068, "gravity_education": 0.21102261270724551, "gravity_essential_services": 1.0860184982613228, "gravity_food_and_drink": 3.4470685119375046, "gravity_healthcare": 0.60210431550903354, "gravity_shelter": 2.9066943624688437, "avg_gravity": 1.4562662790354135, "min_tt_community": 27.0, "min_tt_education": 58.0, "min_tt_essential_services": 30.0, "min_tt_food_and_drink": 25.0, "min_tt_healthcare": 35.0, "min_tt_shelter": 25.0, "avg_tt_community": 27.0, "avg_tt_education": 58.0, "avg_tt_essential_services": 50.75, "avg_tt_food_and_drink": 49.0, "avg_tt_healthcare": 46.5, "avg_tt_shelter": 27.166666666666668, "avg_tt_all": 43.06944444444445, "n_unreachable_categories": 0, "count_community": 1.0, "count_education": 1.0, "count_essential_services": 4.0, "count_food_and_drink": 12.0, "count_healthcare": 2.0, "count_shelter": 6.0, "gravity_community_per_100": 3.0916872476093813, "gravity_education_per_100": 1.3460495661042391, "gravity_essential_services_per_100": 6.9273842722905421, "gravity_food_and_drink_per_100": 21.987809814780814, "gravity_healthcare_per_100": 3.8406417314375192, "gravity_shelter_per_100": 18.540926184184649, "shannon": 1.4311385226475066, "kl_divergence": 0.46989120996656752, "jsd": 0.26640151167289206, "city_similarity": 0.73359848832710794 }, "geometry": { "type": "Polygon", "coordinates": [ [ [ 9.224996382872357, 45.404243997553699 ], [ 9.218607398493848, 45.404256403897271 ], [ 9.215427719226811, 45.408160115824231 ], [ 9.218637469883179, 45.412051685111393 ], [ 9.22502733310542, 45.412039275413854 ], [ 9.228206566707682, 45.408135299783488 ], [ 9.224996382872357, 45.404243997553699 ] ] ] } },
{ "type": "Feature", "properties": { "from_id": "55", "population": 6.5999734576069962, "gravity_community": 0.30720055559943632, "gravity_education": 0.0, "gravity_essential_services": 0.37065383447255562, "gravity_food_and_drink": 2.4000818930012917, "gravity_healthcare": 0.3807307877431757, "gravity_shelter": 2.0380996570316481, "avg_gravity": 0.91612778797468464, "min_tt_community": 44.0, "min_tt_education": null, "min_tt_essential_services": 37.0, "min_tt_food_and_drink": 1.0, "min_tt_healthcare": 36.0, "min_tt_shelter": 36.0, "avg_tt_community": 44.0, "avg_tt_education": null, "avg_tt_essential_services": 37.0, "avg_tt_food_and_drink": 31.0, "avg_tt_healthcare": 36.0, "avg_tt_shelter": 40.333333333333336, "avg_tt_all": 37.666666666666671, "n_unreachable_categories": 1, "count_community": 1.0, "count_education": 0.0, "count_essential_services": 1.0, "count_food_and_drink": 5.0, "count_healthcare": 1.0, "count_shelter": 6.0, "gravity_community_per_100": 4.6545725914300933, "gravity_education_per_100": 0.0, "gravity_essential_services_per_100": 5.615989774100492, "gravity_food_and_drink_per_100": 36.365023411344268, "gravity_healthcare_per_100": 5.7686714982823624, "gravity_shelter_per_100": 30.880422021736702, "shannon": 1.2963611625730502, "kl_divergence": 1.2065974798831358, "jsd": 0.41883734254036509, "city_similarity": 0.58116265745963491 }, "geometry": { "type": "Polygon", "coordinates": [ [ [ 9.253764209328574, 45.408081378823958 ], [ 9.247374805515653, 45.408095395171962 ], [ 9.244196896954868, 45.411999901590391 ], [ 9.247408838647734, 45.415890655179965 ], [ 9.253799121474211, 45.415876635042743 ], [ 9.25697658347436, 45.411971865105592 ], [ 9.253764209328574, 45.408081378823958 ] ] ] } },
{ "type": "Feature", "properties": { "from_id": "56", "population": 23.704878568177577, "gravity_community": 1.5003495118907164, "gravity_education": 1.2963486087604308, "gravity_essential_services": 2.6707345022846258, "gravity_food_and_drink": 12.416399482170558, "gravity_healthcare": 2.3205877543921485, "gravity_shelter": 3.6024284923312857, "avg_gravity": 3.967808058638294, "min_tt_community": 19.0, "min_tt_education": 51.0, "min_tt_essential_services": 22.0, "min_tt_food_and_drink": 17.0, "min_tt_healthcare": 27.0, "min_tt_shelter": 17.0, "avg_tt_community": 48.4, "avg_tt_education": 57.333333333333336, "avg_tt_essential_services": 50.9, "avg_tt_food_and_drink": 52.632653061224488, "avg_tt_healthcare": 51.888888888888886, "avg_tt_shelter": 19.166666666666668, "avg_tt_all": 46.720256991685567, "n_unreachable_categories": 0, "count_community": 5.0, "count_education": 6.0, "count_essential_services": 10.0, "count_food_and_drink": 49.0, "count_healthcare": 9.0, "count_shelter": 6.0, "gravity_community_per_100": 6.3292857948019545, "gravity_education_per_100": 5.4686996393253136, "gravity_essential_services_per_100": 11.266602756910689, "gravity_food_and_drink_per_100": 52.379089167066454, "gravity_healthcare_per_100": 9.7894943765179327, "gravity_shelter_per_100": 15.196991969270565, "shannon": 1.3479645521822214, "kl_divergence": 0.064685229910980913, "jsd": 0.11161493333682843, "city_similarity": 0.88838506666317163 }, "geometry": { "type": "Polygon", "coordinates": [ [ [ 9.234595984085329, 45.408122355652388 ], [ 9.228206566707682, 45.408135299783488 ], [ 9.22502733310542, 45.412039275413854 ], [ 9.22823796278535, 45.415930570579427 ], [ 9.234628259183367, 45.415917622948982 ], [ 9.237807046761173, 45.412013383652706 ], [ 9.234595984085329, 45.408122355652388 ] ] ] } },
{ "type": "Feature", "properties": { "from_id": "57", "population": 4.2720319300896517, "gravity_community": 4.345881795068415, "gravity_education": 7.7959683964180213, "gravity_essential_services": 3.8472684121229856, "gravity_food_and_drink": 17.85861288237934, "gravity_healthcare": 7.8283398851753665, "gravity_shelter": 0.0, "avg_gravity": 6.9460118951940215, "min_tt_community": 20.0, "min_tt_education": 12.0, "min_tt_essential_services": 12.0, "min_tt_food_and_drink": 12.0, "min_tt_healthcare": 11.0, "min_tt_shelter": null, "avg_tt_community": 42.307692307692307, "avg_tt_education": 44.541666666666664, "avg_tt_essential_services": 39.8, "avg_tt_food_and_drink": 41.686274509803923, "avg_tt_healthcare": 28.6875, "avg_tt_shelter": null, "avg_tt_all": 39.40462669683258, "n_unreachable_categories": 1, "count_community": 13.0, "count_education": 24.0, "count_essential_services": 10.0, "count_food_and_drink": 51.0, "count_healthcare": 16.0, "count_shelter": 0.0, "gravity_community_per_100": 101.7286824206207, "gravity_education_per_100": 182.48853295097956, "gravity_essential_services_per_100": 90.057108071339911, "gravity_food_and_drink_per_100": 418.03556655543457, "gravity_healthcare_per_100": 183.24628685561072, "gravity_shelter_per_100": 0.0, "shannon": 1.4245492288965982, "kl_divergence": 0.1868697608726107, "jsd": 0.20889383012170779, "city_similarity": 0.79110616987829219 }, "geometry": { "type": "Polygon", "coordinates": [ [ [ 9.170701632012646, 45.408235713580154 ], [ 9.177091083610964, 45.408225986132422 ], [ 9.180273410297199, 45.404323337387702 ], [ 9.179935733095737, 45.403913453514754 ], [ 9.16896572846092, 45.406128111736166 ], [ 9.170701632012646, 45.408235713580154 ] ] ] } },
{ "type": "Feature", "properties": { "from_id": "58", "population": 1336.8899869297136, "gravity_community": 2.4765737453723031, "gravity_education": 4.5774475478524375, "gravity_essential_services": 1.7095250892724521, "gravity_food_and_drink": 9.7287565976984887, "gravity_healthcare": 4.2346997553761154, "gravity_shelter": 0.0, "avg_gravity": 3.7878337892619665, "min_tt_community": 36.0, "min_tt_education": 34.0, "min_tt_essential_services": 39.0, "min_tt_food_and_drink": 33.0, "min_tt_healthcare": 34.0, "min_tt_shelter": null, "avg_tt_community": 48.777777777777779, "avg_tt_education": 51.777777777777779, "avg_tt_essential_services": 47.333333333333336, "avg_tt_food_and_drink": 48.428571428571431, "avg_tt_healthcare": 45.142857142857146, "avg_tt_shelter": null, "avg_tt_all": 48.292063492063491, "n_unreachable_categories": 1, "count_community": 9.0, "count_education": 18.0, "count_essential_services": 6.0, "count_food_and_drink": 35.0, "count_healthcare": 14.0, "count_shelter": 0.0, "gravity_community_per_100": 0.18524888132792244, "gravity_education_per_100": 0.34239523016886014, "gravity_essential_services_per_100": 0.12787328097194653, "gravity_food_and_drink_per_100": 0.72771557067619608, "gravity_healthcare_per_100": 0.31675753403625073, "gravity_shelter_per_100": 0.0, "shannon": 1.431886878983939, "kl_divergence": 0.22473343525560915, "jsd": 0.22887095999233151, "city_similarity": 0.77112904000766846 }, "geometry": { "type": "Polygon", "coordinates": [ [ [ 9.148328326033464, 45.404369287823215 ], [ 9.151533258479891, 45.408262751450145 ], [ 9.157922719327225, 45.408254096239482 ], [ 9.158317198674714, 45.407770627224508 ], [ 9.149993376851398, 45.402328979146219 ], [ 9.148328326033464, 45.404369287823215 ] ] ] } },
{ "type": "Feature", "properties": { "from_id": "59", "population": 33.466835780841727, "gravity_community": 4.3632784694366027, "gravity_education": 6.3084818806611986, "gravity_essential_services": 4.1900522510881766, "gravity_food_and_drink": 17.932934504651083, "gravity_healthcare": 7.3407637650274031, "gravity_shelter": 0.0, "avg_gravity": 6.6892518118107445, "min_tt_community": 22.0, "min_tt_education": 31.0, "min_tt_essential_services": 28.0, "min_tt_food_and_drink": 22.0, "min_tt_healthcare": 23.0, "min_tt_shelter": null, "avg_tt_community": 42.615384615384613, "avg_tt_education": 47.772727272727273, "avg_tt_essential_services": 46.785714285714285, "avg_tt_food_and_drink": 46.576271186440678, "avg_tt_healthcare": 39.55, "avg_tt_shelter": null, "avg_tt_all": 44.660019472053378, "n_unreachable_categories": 1, "count_community": 13.0, "count_education": 22.0, "count_essential_services": 14.0, "count_food_and_drink": 59.0, "count_healthcare": 20.0, "count_shelter": 0.0, "gravity_community_per_100": 13.037618787774329, "gravity_education_per_100": 18.849950207340854, "gravity_essential_services_per_100": 12.52001318118875, "gravity_food_and_drink_per_100": 53.584194879029731, "gravity_healthcare_per_100": 21.934442243355626, "gravity_shelter_per_100": 0.0, "shannon": 1.424034697103465, "kl_divergence": 0.14154780717828716, "jsd": 0.18520581852767587, "city_similarity": 0.81479418147232407 }, "geometry": { "type": "Polygon", "coordinates": [ [ [ 9.186662417483767, 45.404313075210069 ], [ 9.180273410297199, 45.404323337387702 ], [ 9.177091083610964, 45.408225986132422 ], [ 9.180298208582991, 45.41211863669686 ], [ 9.186688094624747, 45.412108371744921 ], [ 9.189869976719406, 45.408205459003177 ], [ 9.186662417483767, 45.404313075210069 ] ] ] } },
{ "type": "Feature", "properties": { "from_id": "60", "population": 9.2616687478360724, "gravity_community": 4.0601748136799207, "gravity_education": 6.7465633952598489, "gravity_essential_services": 2.328168826770856, "gravity_food_and_drink": 15.2640638233571, "gravity_healthcare": 6.4411945780481865, "gravity_shelter": 0.0, "avg_gravity": 5.8066942395193193, "min_tt_community": 22.0, "min_tt_education": 20.0, "min_tt_essential_services": 25.0, "min_tt_food_and_drink": 19.0, "min_tt_healthcare": 20.0, "min_tt_shelter": null, "avg_tt_community": 45.0, "avg_tt_education": 45.909090909090907, "avg_tt_essential_services": 36.166666666666664, "avg_tt_food_and_drink": 43.702127659574465, "avg_tt_healthcare": 35.5625, "avg_tt_shelter": null, "avg_tt_all": 41.268077047066406, "n_unreachable_categories": 1, "count_community": 13.0, "count_education": 22.0, "count_essential_services": 6.0, "count_food_and_drink": 47.0, "count_healthcare": 16.0, "count_shelter": 0.0, "gravity_community_per_100": 43.838480129496681, "gravity_education_per_100": 72.843928874438944, "gravity_essential_services_per_100": 25.137681881732355, "gravity_food_and_drink_per_100": 164.80900190825164, "gravity_healthcare_per_100": 69.546803642195997, "gravity_shelter_per_100": 0.0, "shannon": 1.400004466546984, "kl_divergence": 0.21841567647006505, "jsd": 0.2258333193923171, "city_similarity": 0.7741666806076829 }, "geometry": { "type": "Polygon", "coordinates": [ [ [ 9.157922719327225, 45.408254096239482 ], [ 9.161128530636001, 45.412147286793854 ], [ 9.167518426468705, 45.412138094221795 ], [ 9.170701632012646, 45.408235713580154 ], [ 9.16896572846092, 45.406128111736166 ], [ 9.158908843994141, 45.40815734863282 ], [ 9.158317198674714, 45.407770627224508 ], [ 9.157922719327225, 45.408254096239482 ] ] ] } },
{ "type": "Feature", "properties": { "from_id": "61", "population": 949.1453248323254, "gravity_community": 7.3546519044038403, "gravity_education": 12.193480895832305, "gravity_essential_services": 7.8150146672158263, "gravity_food_and_drink": 38.830285810885172, "gravity_healthcare": 13.499932097812071, "gravity_shelter": 0.47001662093549013, "avg_gravity": 13.360563666180786, "min_tt_community": 9.0, "min_tt_education": 6.0, "min_tt_essential_services": 1.0, "min_tt_food_and_drink": 2.0, "min_tt_healthcare": 2.0, "min_tt_shelter": 53.0, "avg_tt_community": 38.473684210526315, "avg_tt_education": 37.935483870967744, "avg_tt_essential_services": 39.65, "avg_tt_food_and_drink": 43.196428571428569, "avg_tt_healthcare": 33.142857142857146, "avg_tt_shelter": 54.0, "avg_tt_all": 41.066408965963298, "n_unreachable_categories": 0, "count_community": 19.0, "count_education": 31.0, "count_essential_services": 20.0, "count_food_and_drink": 112.0, "count_healthcare": 28.0, "count_shelter": 2.0, "gravity_community_per_100": 0.77487100362666816, "gravity_education_per_100": 1.2846800776252454, "gravity_essential_services_per_100": 0.82337387781964944, "gravity_food_and_drink_per_100": 4.0910790787222044, "gravity_healthcare_per_100": 1.4223250902275633, "gravity_shelter_per_100": 0.049519984836729036, "shannon": 1.3685085224300224, "kl_divergence": 0.069947587850633194, "jsd": 0.12763153846332057, "city_similarity": 0.87236846153667946 }, "geometry": { "type": "Polygon", "coordinates": [ [ [ 9.177091083610964, 45.408225986132422 ], [ 9.170701632012646, 45.408235713580154 ], [ 9.167518426468705, 45.412138094221795 ], [ 9.170725116817426, 45.416031011522357 ], [ 9.177115447453305, 45.416021281444856 ], [ 9.180298208582991, 45.41211863669686 ], [ 9.177091083610964, 45.408225986132422 ] ] ] } },
{ "type": "Feature", "properties": { "from_id": "62", "population": 5848.5064346823119, "gravity_community": 4.4522466346718703, "gravity_education": 8.5434225750665131, "gravity_essential_services": 3.3272767637712803, "gravity_food_and_drink": 18.07783852472404, "gravity_healthcare": 6.9813171644000676, "gravity_shelter": 0.0, "avg_gravity": 6.8970169437722957, "min_tt_community": 28.0, "min_tt_education": 26.0, "min_tt_essential_services": 25.0, "min_tt_food_and_drink": 26.0, "min_tt_healthcare": 26.0, "min_tt_shelter": null, "avg_tt_community": 46.6, "avg_tt_education": 49.12903225806452, "avg_tt_essential_services": 46.545454545454547, "avg_tt_food_and_drink": 47.306451612903224, "avg_tt_healthcare": 44.454545454545453, "avg_tt_shelter": null, "avg_tt_all": 46.807096774193553, "n_unreachable_categories": 1, "count_community": 15.0, "count_education": 31.0, "count_essential_services": 11.0, "count_food_and_drink": 62.0, "count_healthcare": 22.0, "count_shelter": 0.0, "gravity_community_per_100": 0.076126215887692944, "gravity_education_per_100": 0.14607870693965624, "gravity_essential_services_per_100": 0.056891050748275641, "gravity_food_and_drink_per_100": 0.30910179764051199, "gravity_healthcare_per_100": 0.11936923114250261, "gravity_shelter_per_100": 0.0, "shannon": 1.4215508845471705, "kl_divergence": 0.20492620440524745, "jsd": 0.21853033010556908, "city_similarity": 0.7814696698944309 }, "geometry": { "type": "Polygon", "coordinates": [ [ [ 9.157922719327225, 45.408254096239482 ], [ 9.151533258479891, 45.408262751450145 ], [ 9.148348730019039, 45.412164599554806 ], [ 9.151554106162573, 45.416058056701893 ], [ 9.157944446052117, 45.416049399151333 ], [ 9.161128530636001, 45.412147286793854 ], [ 9.157922719327225, 45.408254096239482 ] ] ] } },
{ "type": "Feature", "properties": { "from_id": "63", "population": 30.432658179822987, "gravity_community": 8.6804391808608248, "gravity_education": 15.356935182707453, "gravity_essential_services": 8.9914676461134544, "gravity_food_and_drink": 54.927861099945424, "gravity_healthcare": 14.75978446798803, "gravity_shelter": 0.5094032555082233, "avg_gravity": 17.2043151388539, "min_tt_community": 12.0, "min_tt_education": 14.0, "min_tt_essential_services": 21.0, "min_tt_food_and_drink": 9.0, "min_tt_healthcare": 14.0, "min_tt_shelter": 50.0, "avg_tt_community": 40.541666666666664, "avg_tt_education": 39.571428571428569, "avg_tt_essential_services": 45.379310344827587, "avg_tt_food_and_drink": 46.934065934065934, "avg_tt_healthcare": 42.837209302325583, "avg_tt_shelter": 51.0, "avg_tt_all": 44.377280136552393, "n_unreachable_categories": 0, "count_community": 24.0, "count_education": 42.0, "count_essential_services": 29.0, "count_food_and_drink": 182.0, "count_healthcare": 43.0, "count_shelter": 2.0, "gravity_community_per_100": 28.523434034480765, "gravity_education_per_100": 50.462023698242639, "gravity_essential_services_per_100": 29.545456045883117, "gravity_food_and_drink_per_100": 180.48985657244651, "gravity_healthcare_per_100": 48.499820097127909, "gravity_shelter_per_100": 1.6738703944237128, "shannon": 1.2989176602355619, "kl_divergence": 0.048690632628678301, "jsd": 0.10778455359176814, "city_similarity": 0.89221544640823192 }, "geometry": { "type": "Polygon", "coordinates": [ [ [ 9.167518426468705, 45.412138094221795 ], [ 9.161128530636001, 45.412147286793854 ], [ 9.157944446052117, 45.416049399151333 ], [ 9.161150701417746, 45.419942583152753 ], [ 9.167541476470294, 45.419933388095551 ], [ 9.170725116817426, 45.416031011522357 ], [ 9.167518426468705, 45.412138094221795 ] ] ] } },
{ "type": "Feature", "properties": { "from_id": "64", "population": 1319.9389346587154, "gravity_community": 7.6624646964490655, "gravity_education": 12.78945272383366, "gravity_essential_services": 9.8294468169969278, "gravity_food_and_drink": 41.640969278469925, "gravity_healthcare": 13.186582198206205, "gravity_shelter": 1.1535767450249406, "avg_gravity": 14.377082076496789, "min_tt_community": 12.0, "min_tt_education": 21.0, "min_tt_essential_services": 17.0, "min_tt_food_and_drink": 12.0, "min_tt_healthcare": 13.0, "min_tt_shelter": 50.0, "avg_tt_community": 40.476190476190474, "avg_tt_education": 45.341463414634148, "avg_tt_essential_services": 46.09375, "avg_tt_food_and_drink": 46.214814814814815, "avg_tt_healthcare": 39.914285714285711, "avg_tt_shelter": 54.8, "avg_tt_all": 45.473417403320859, "n_unreachable_categories": 0, "count_community": 21.0, "count_education": 41.0, "count_essential_services": 32.0, "count_food_and_drink": 135.0, "count_healthcare": 35.0, "count_shelter": 5.0, "gravity_community_per_100": 0.58051660537085981, "gravity_education_per_100": 0.9689427584875745, "gravity_essential_services_per_100": 0.7446895124385764, "gravity_food_and_drink_per_100": 3.1547648292711852, "gravity_healthcare_per_100": 0.99902971659940765, "gravity_shelter_per_100": 0.087396220744349079, "shannon": 1.4244829728194339, "kl_divergence": 0.069997244345273837, "jsd": 0.12837625500557173, "city_similarity": 0.8716237449944283 }, "geometry": { "type": "Polygon", "coordinates": [ [ [ 9.186688094624747, 45.412108371744921 ], [ 9.180298208582991, 45.41211863669686 ], [ 9.177115447453305, 45.416021281444856 ], [ 9.18032301701947, 45.419913925310368 ], [ 9.186713782276151, 45.419903657583362 ], [ 9.189896098631799, 45.41600074876623 ], [ 9.186688094624747, 45.412108371744921 ] ] ] } },
{ "type": "Feature", "properties": { "from_id": "65", "population": 1471.4221617665773, "gravity_community": 5.9636499829605745, "gravity_education": 15.478829757127201, "gravity_essential_services": 7.6983196352871284, "gravity_food_and_drink": 50.690499595034133, "gravity_healthcare": 9.9159722209318311, "gravity_shelter": 0.9175450960554159, "avg_gravity": 15.110802714566049, "min_tt_community": 26.0, "min_tt_education": 23.0, "min_tt_essential_services": 18.0, "min_tt_food_and_drink": 13.0, "min_tt_healthcare": 23.0, "min_tt_shelter": 53.0, "avg_tt_community": 49.772727272727273, "avg_tt_education": 48.111111111111114, "avg_tt_essential_services": 48.518518518518519, "avg_tt_food_and_drink": 50.159574468085104, "avg_tt_healthcare": 46.151515151515149, "avg_tt_shelter": 55.0, "avg_tt_all": 49.618907753659528, "n_unreachable_categories": 0, "count_community": 22.0, "count_education": 54.0, "count_essential_services": 27.0, "count_food_and_drink": 188.0, "count_healthcare": 33.0, "count_shelter": 4.0, "gravity_community_per_100": 0.40529836629622767, "gravity_education_per_100": 1.0519638863222942, "gravity_essential_services_per_100": 0.52318905038405761, "gravity_food_and_drink_per_100": 3.4450004160719949, "gravity_healthcare_per_100": 0.67390396030373745, "gravity_shelter_per_100": 0.062357705347717389, "shannon": 1.2875968901391774, "kl_divergence": 0.054917188270594684, "jsd": 0.11197537475779171, "city_similarity": 0.88802462524220827 }, "geometry": { "type": "Polygon", "coordinates": [ [ [ 9.157944446052117, 45.416049399151333 ], [ 9.151554106162573, 45.416058056701893 ], [ 9.148369142356596, 45.419959900594129 ], [ 9.151574962379257, 45.423853351261101 ], [ 9.15796618167084, 45.423844691370007 ], [ 9.161150701417746, 45.419942583152753 ], [ 9.157944446052117, 45.416049399151333 ] ] ] } },
{ "type": "Feature", "properties": { "from_id": "66", "population": 383.80788401386582, "gravity_community": 1.238154059291201, "gravity_education": 1.3950232992051901, "gravity_essential_services": 2.4517745286259931, "gravity_food_and_drink": 4.5552061315938079, "gravity_healthcare": 2.1684521126295486, "gravity_shelter": 1.0222083328481986, "avg_gravity": 2.138469744032323, "min_tt_community": 27.0, "min_tt_education": 48.0, "min_tt_essential_services": 37.0, "min_tt_food_and_drink": 23.0, "min_tt_healthcare": 20.0, "min_tt_shelter": 23.0, "avg_tt_community": 45.5, "avg_tt_education": 54.666666666666664, "avg_tt_essential_services": 49.111111111111114, "avg_tt_food_and_drink": 48.0625, "avg_tt_healthcare": 33.2, "avg_tt_shelter": 43.0, "avg_tt_all": 45.590046296296293, "n_unreachable_categories": 0, "count_community": 4.0, "count_education": 6.0, "count_essential_services": 9.0, "count_food_and_drink": 16.0, "count_healthcare": 5.0, "count_shelter": 3.0, "gravity_community_per_100": 0.3225973490545781, "gravity_education_per_100": 0.36346916186713663, "gravity_essential_services_per_100": 0.6388025443837464, "gravity_food_and_drink_per_100": 1.1868453779415438, "gravity_healthcare_per_100": 0.56498373351580478, "gravity_shelter_per_100": 0.26633333379135826, "shannon": 1.6268931060348024, "kl_divergence": 0.2029359530546469, "jsd": 0.21660563923492399, "city_similarity": 0.78339436076507596 }, "geometry": { "type": "Polygon", "coordinates": [ [ [ 9.215398093322449, 45.400364827619264 ], [ 9.209009542125987, 45.400376696319071 ], [ 9.205829417553772, 45.404280144505151 ], [ 9.209038289363349, 45.408171987732658 ], [ 9.215427719226811, 45.408160115824231 ], [ 9.218607398493848, 45.404256403897271 ], [ 9.215398093322449, 45.400364827619264 ] ] ] } },
{ "type": "Feature", "properties": { "from_id": "67", "population": 27.483215176397024, "gravity_community": 1.1114904312494749, "gravity_education": 0.43941239271583432, "gravity_essential_services": 1.2193477982334542, "gravity_food_and_drink": 4.5309199676915224, "gravity_healthcare": 1.9762982303237993, "gravity_shelter": 0.21102261270724551, "avg_gravity": 1.5814152388202218, "min_tt_community": 29.0, "min_tt_education": 56.0, "min_tt_essential_services": 45.0, "min_tt_food_and_drink": 31.0, "min_tt_healthcare": 54.0, "min_tt_shelter": 58.0, "avg_tt_community": 50.0, "avg_tt_education": 56.5, "avg_tt_essential_services": 53.0, "avg_tt_food_and_drink": 54.10526315789474, "avg_tt_healthcare": 56.555555555555557, "avg_tt_shelter": 58.0, "avg_tt_all": 54.693469785575047, "n_unreachable_categories": 0, "count_community": 4.0, "count_education": 2.0, "count_essential_services": 5.0, "count_food_and_drink": 19.0, "count_healthcare": 9.0, "count_shelter": 1.0, "gravity_community_per_100": 4.0442518246702033, "gravity_education_per_100": 1.5988391092364183, "gravity_essential_services_per_100": 4.4366999654416244, "gravity_food_and_drink_per_100": 16.486135041371508, "gravity_healthcare_per_100": 7.1909280542295217, "gravity_shelter_per_100": 0.76782360197970834, "shannon": 1.4214288756452522, "kl_divergence": 0.14209891273397862, "jsd": 0.17800385819046638, "city_similarity": 0.82199614180953362 }, "geometry": { "type": "Polygon", "coordinates": [ [ [ 9.186662417483767, 45.404313075210069 ], [ 9.189869976719406, 45.408205459003177 ], [ 9.196259417989765, 45.408194659322696 ], [ 9.199440421231905, 45.404291478768272 ], [ 9.196389126634314, 45.400589491836747 ], [ 9.188378248170086, 45.402208217225592 ], [ 9.186662417483767, 45.404313075210069 ] ] ] } },
{ "type": "Feature", "properties": { "from_id": "68", "population": 4.681341, "gravity_community": 1.6535873836272752, "gravity_education": 1.8330428972445323, "gravity_essential_services": 3.4765102501272267, "gravity_food_and_drink": 6.9081348099443529, "gravity_healthcare": 3.1487604607212769, "gravity_shelter": 1.1932031388109794, "avg_gravity": 3.0355398234126074, "min_tt_community": 21.0, "min_tt_education": 42.0, "min_tt_essential_services": 32.0, "min_tt_food_and_drink": 18.0, "min_tt_healthcare": 15.0, "min_tt_shelter": 17.0, "avg_tt_community": 43.4, "avg_tt_education": 50.285714285714285, "avg_tt_essential_services": 47.083333333333336, "avg_tt_food_and_drink": 48.041666666666664, "avg_tt_healthcare": 38.875, "avg_tt_shelter": 37.333333333333336, "avg_tt_all": 44.169841269841271, "n_unreachable_categories": 0, "count_community": 5.0, "count_education": 7.0, "count_essential_services": 12.0, "count_food_and_drink": 24.0, "count_healthcare": 8.0, "count_shelter": 3.0, "gravity_community_per_100": 35.322942371155513, "gravity_education_per_100": 39.156363470307596, "gravity_essential_services_per_100": 74.263127811608399, "gravity_food_and_drink_per_100": 147.56743441557353, "gravity_healthcare_per_100": 67.261933294781926, "gravity_shelter_per_100": 25.488490131587927, "shannon": 1.5742814863633274, "kl_divergence": 0.14625262724207949, "jsd": 0.18650619332324492, "city_similarity": 0.81349380667675508 }, "geometry": { "type": "Polygon", "coordinates": [ [ [ 9.205829417553772, 45.404280144505151 ], [ 9.199440421231905, 45.404291478768272 ], [ 9.196259417989765, 45.408194659322696 ], [ 9.199467856077923, 45.412086769464644 ], [ 9.205857731249521, 45.412075432137392 ], [ 9.209038289363349, 45.408171987732658 ], [ 9.205829417553772, 45.404280144505151 ] ] ] } },
{ "type": "Feature", "properties": { "from_id": "69", "population": 29.505074161166423, "gravity_community": 2.4101119847280312, "gravity_education": 3.077199477687369, "gravity_essential_services": 4.5001096335218582, "gravity_food_and_drink": 12.403844862252674, "gravity_healthcare": 4.3001456936430911, "gravity_shelter": 1.6487148700024088, "avg_gravity": 4.7233544203059052, "min_tt_community": 5.0, "min_tt_education": 35.0, "min_tt_essential_services": 24.0, "min_tt_food_and_drink": 8.0, "min_tt_healthcare": 8.0, "min_tt_shelter": 10.0, "avg_tt_community": 38.0, "avg_tt_education": 48.454545454545453, "avg_tt_essential_services": 40.692307692307693, "avg_tt_food_and_drink": 47.523809523809526, "avg_tt_healthcare": 36.6, "avg_tt_shelter": 37.5, "avg_tt_all": 41.46177711177711, "n_unreachable_categories": 0, "count_community": 6.0, "count_education": 11.0, "count_essential_services": 13.0, "count_food_and_drink": 42.0, "count_healthcare": 10.0, "count_shelter": 4.0, "gravity_community_per_100": 8.1684661138731816, "gravity_education_per_100": 10.429390757937746, "gravity_essential_services_per_100": 15.25198550236064, "gravity_food_and_drink_per_100": 42.03970067825891, "gravity_healthcare_per_100": 14.574258211161512, "gravity_shelter_per_100": 5.5879028162972428, "shannon": 1.4773135898676302, "kl_divergence": 0.075967471447818583, "jsd": 0.13303121867553122, "city_similarity": 0.86696878132446875 }, "geometry": { "type": "Polygon", "coordinates": [ [ [ 9.215427719226811, 45.408160115824231 ], [ 9.209038289363349, 45.408171987732658 ], [ 9.205857731249521, 45.412075432137392 ], [ 9.209067048367247, 45.415967268446956 ], [ 9.215457357257351, 45.415955393329035 ], [ 9.218637469883179, 45.412051685111393 ], [ 9.215427719226811, 45.408160115824231 ] ] ] } },
{ "type": "Feature", "properties": { "from_id": "70", "population": 11.602780485773174, "gravity_community": 3.5068622374002447, "gravity_education": 5.1460594203928309, "gravity_essential_services": 4.8067174835556861, "gravity_food_and_drink": 13.070183491200165, "gravity_healthcare": 5.754144901514616, "gravity_shelter": 0.86659455291885967, "avg_gravity": 5.5250936811637343, "min_tt_community": 15.0, "min_tt_education": 42.0, "min_tt_essential_services": 32.0, "min_tt_food_and_drink": 17.0, "min_tt_healthcare": 40.0, "min_tt_shelter": 44.0, "avg_tt_community": 48.083333333333336, "avg_tt_education": 54.545454545454547, "avg_tt_essential_services": 47.764705882352942, "avg_tt_food_and_drink": 48.787234042553195, "avg_tt_healthcare": 48.761904761904759, "avg_tt_shelter": 46.333333333333336, "avg_tt_all": 49.045994316488681, "n_unreachable_categories": 0, "count_community": 12.0, "count_education": 22.0, "count_essential_services": 17.0, "count_food_and_drink": 47.0, "count_healthcare": 21.0, "count_shelter": 3.0, "gravity_community_per_100": 30.224326330229268, "gravity_education_per_100": 44.351950178689549, "gravity_essential_services_per_100": 41.427289686721856, "gravity_food_and_drink_per_100": 112.646994461597, "gravity_healthcare_per_100": 49.59281017657878, "gravity_shelter_per_100": 7.4688524356850525, "shannon": 1.5730850948929362, "kl_divergence": 0.18041107273177706, "jsd": 0.20688123515192788, "city_similarity": 0.79311876484807209 }, "geometry": { "type": "Polygon", "coordinates": [ [ [ 9.196259417989765, 45.408194659322696 ], [ 9.189869976719406, 45.408205459003177 ], [ 9.186688094624747, 45.412108371744921 ], [ 9.189896098631799, 45.41600074876623 ], [ 9.19628641893453, 45.415989946166114 ], [ 9.199467856077923, 45.412086769464644 ], [ 9.196259417989765, 45.408194659322696 ] ] ] } },
{ "type": "Feature", "properties": { "from_id": "71", "population": 0.0, "gravity_community": 3.7627497104463368, "gravity_education": 5.6485577923494397, "gravity_essential_services": 9.0664927117714296, "gravity_food_and_drink": 25.970814026885154, "gravity_healthcare": 8.099699534108435, "gravity_shelter": 1.7648812461869685, "avg_gravity": 9.0521991702912938, "min_tt_community": 20.0, "min_tt_education": 26.0, "min_tt_essential_services": 16.0, "min_tt_food_and_drink": 15.0, "min_tt_healthcare": 13.0, "min_tt_shelter": 16.0, "avg_tt_community": 42.454545454545453, "avg_tt_education": 46.789473684210527, "avg_tt_essential_services": 46.068965517241381, "avg_tt_food_and_drink": 47.786516853932582, "avg_tt_healthcare": 46.807692307692307, "avg_tt_shelter": 32.5, "avg_tt_all": 43.734532302937048, "n_unreachable_categories": 0, "count_community": 11.0, "count_education": 19.0, "count_essential_services": 29.0, "count_food_and_drink": 89.0, "count_healthcare": 26.0, "count_shelter": 4.0, "gravity_community_per_100": 0.0, "gravity_education_per_100": 0.0, "gravity_essential_services_per_100": 0.0, "gravity_food_and_drink_per_100": 0.0, "gravity_healthcare_per_100": 0.0, "gravity_shelter_per_100": 0.0, "shannon": 1.4193279779059302, "kl_divergence": 0.057790821658484967, "jsd": 0.11831704691399893, "city_similarity": 0.88168295308600109 }, "geometry": { "type": "Polygon", "coordinates": [ [ [ 9.205857731249521, 45.412075432137392 ], [ 9.199467856077923, 45.412086769464644 ], [ 9.19628641893453, 45.415989946166114 ], [ 9.199495302153837, 45.419882049463041 ], [ 9.205886056534899, 45.419870709070793 ], [ 9.209067048367247, 45.415967268446956 ], [ 9.205857731249521, 45.412075432137392 ] ] ] } },
{ "type": "Feature", "properties": { "from_id": "72", "population": 16.255890719041773, "gravity_community": 7.5059507313589373, "gravity_education": 12.42546719160354, "gravity_essential_services": 10.264215127038549, "gravity_food_and_drink": 40.687495083903947, "gravity_healthcare": 11.305276817086753, "gravity_shelter": 1.386672751120851, "avg_gravity": 13.929179617018763, "min_tt_community": 2.0, "min_tt_education": 31.0, "min_tt_essential_services": 21.0, "min_tt_food_and_drink": 20.0, "min_tt_healthcare": 25.0, "min_tt_shelter": 33.0, "avg_tt_community": 40.952380952380949, "avg_tt_education": 46.357142857142854, "avg_tt_essential_services": 42.774193548387096, "avg_tt_food_and_drink": 47.140740740740739, "avg_tt_healthcare": 40.25, "avg_tt_shelter": 40.5, "avg_tt_all": 42.995743016441942, "n_unreachable_categories": 0, "count_community": 21.0, "count_education": 42.0, "count_essential_services": 31.0, "count_food_and_drink": 136.0, "count_healthcare": 32.0, "count_shelter": 4.0, "gravity_community_per_100": 46.173727795590068, "gravity_education_per_100": 76.436704738969709, "gravity_essential_services_per_100": 63.141511618402333, "gravity_food_and_drink_per_100": 250.29385216181086, "gravity_healthcare_per_100": 69.545723531741118, "gravity_shelter_per_100": 8.5302785008054638, "shannon": 1.4032689061754142, "kl_divergence": 0.06740981742939868, "jsd": 0.12535173047077197, "city_similarity": 0.87464826952922803 }, "geometry": { "type": "Polygon", "coordinates": [ [ [ 9.19628641893453, 45.415989946166114 ], [ 9.189896098631799, 45.41600074876623 ], [ 9.186713782276151, 45.419903657583362 ], [ 9.189922231237171, 45.423796027832523 ], [ 9.196313430932097, 45.423785222311992 ], [ 9.199495302153837, 45.419882049463041 ], [ 9.19628641893453, 45.415989946166114 ] ] ] } },
{ "type": "Feature", "properties": { "from_id": "73", "population": 22.167519, "gravity_community": 3.498318273113457, "gravity_education": 6.8145479017538628, "gravity_essential_services": 8.3218169201097698, "gravity_food_and_drink": 30.42907232192853, "gravity_healthcare": 8.2860545670178603, "gravity_shelter": 1.721300200359547, "avg_gravity": 9.8451850307138375, "min_tt_community": 19.0, "min_tt_education": 22.0, "min_tt_essential_services": 17.0, "min_tt_food_and_drink": 14.0, "min_tt_healthcare": 22.0, "min_tt_shelter": 25.0, "avg_tt_community": 41.6, "avg_tt_education": 47.391304347826086, "avg_tt_essential_services": 40.565217391304351, "avg_tt_food_and_drink": 48.301886792452834, "avg_tt_healthcare": 49.172413793103445, "avg_tt_shelter": 32.25, "avg_tt_all": 43.213470387447785, "n_unreachable_categories": 0, "count_community": 10.0, "count_education": 23.0, "count_essential_services": 23.0, "count_food_and_drink": 106.0, "count_healthcare": 29.0, "count_shelter": 4.0, "gravity_community_per_100": 15.781280138356744, "gravity_education_per_100": 30.741139329817933, "gravity_essential_services_per_100": 37.540587740602682, "gravity_food_and_drink_per_100": 137.26873233729282, "gravity_healthcare_per_100": 37.379260020112582, "gravity_shelter_per_100": 7.7649654900918188, "shannon": 1.3510514293149078, "kl_divergence": 0.041836689908611814, "jsd": 0.099365833054563688, "city_similarity": 0.9006341669454363 }, "geometry": { "type": "Polygon", "coordinates": [ [ [ 9.215457357257351, 45.415955393329035 ], [ 9.209067048367247, 45.415967268446956 ], [ 9.205886056534899, 45.419870709070793 ], [ 9.209095819143595, 45.423762538462029 ], [ 9.215487007420162, 45.423750660133734 ], [ 9.2186675535816, 45.419846955624941 ], [ 9.215457357257351, 45.415955393329035 ] ] ] } },
{ "type": "Feature", "properties": { "from_id": "74", "population": 0.0, "gravity_community": 7.0260925793301006, "gravity_education": 13.773191234222491, "gravity_essential_services": 18.042649995473482, "gravity_food_and_drink": 84.310731150402589, "gravity_healthcare": 14.912915938753063, "gravity_shelter": 2.5397465838087063, "avg_gravity": 23.434221246998405, "min_tt_community": 19.0, "min_tt_education": 14.0, "min_tt_essential_services": 6.0, "min_tt_food_and_drink": 9.0, "min_tt_healthcare": 12.0, "min_tt_shelter": 19.0, "avg_tt_community": 46.913043478260867, "avg_tt_education": 46.977777777777774, "avg_tt_essential_services": 44.425925925925924, "avg_tt_food_and_drink": 50.162866449511398, "avg_tt_healthcare": 47.32, "avg_tt_shelter": 34.666666666666664, "avg_tt_all": 45.07771338302377, "n_unreachable_categories": 0, "count_community": 23.0, "count_education": 45.0, "count_essential_services": 54.0, "count_food_and_drink": 307.0, "count_healthcare": 50.0, "count_shelter": 6.0, "gravity_community_per_100": 0.0, "gravity_education_per_100": 0.0, "gravity_essential_services_per_100": 0.0, "gravity_food_and_drink_per_100": 0.0, "gravity_healthcare_per_100": 0.0, "gravity_shelter_per_100": 0.0, "shannon": 1.1876225348704537, "kl_divergence": 0.0044203180730957841, "jsd": 0.032858119773572746, "city_similarity": 0.96714188022642722 }, "geometry": { "type": "Polygon", "coordinates": [ [ [ 9.205886056534899, 45.419870709070793 ], [ 9.199495302153837, 45.419882049463041 ], [ 9.196313430932097, 45.423785222311992 ], [ 9.199522759465287, 45.4276773187635 ], [ 9.205914393415725, 45.42766597530543 ], [ 9.209095819143595, 45.423762538462029 ], [ 9.205886056534899, 45.419870709070793 ] ] ] } },
{ "type": "Feature", "properties": { "from_id": "75", "population": 2771.6200937822628, "gravity_community": 5.5515711049632932, "gravity_education": 11.669389555051396, "gravity_essential_services": 15.727984368866306, "gravity_food_and_drink": 77.999435447569141, "gravity_healthcare": 13.454378589636729, "gravity_shelter": 3.3794551612053692, "avg_gravity": 21.297035704548708, "min_tt_community": 18.0, "min_tt_education": 12.0, "min_tt_essential_services": 4.0, "min_tt_food_and_drink": 10.0, "min_tt_healthcare": 13.0, "min_tt_shelter": 17.0, "avg_tt_community": 44.588235294117645, "avg_tt_education": 42.5, "avg_tt_essential_services": 41.56818181818182, "avg_tt_food_and_drink": 48.545787545787547, "avg_tt_healthcare": 45.977272727272727, "avg_tt_shelter": 44.2, "avg_tt_all": 44.563246230893292, "n_unreachable_categories": 0, "count_community": 17.0, "count_education": 34.0, "count_essential_services": 44.0, "count_food_and_drink": 273.0, "count_healthcare": 44.0, "count_shelter": 10.0, "gravity_community_per_100": 0.20030057934048962, "gravity_education_per_100": 0.4210313520684173, "gravity_essential_services_per_100": 0.56746537536474828, "gravity_food_and_drink_per_100": 2.81421813987241, "gravity_healthcare_per_100": 0.48543372231352061, "gravity_shelter_per_100": 0.12193067761294912, "shannon": 1.174196728418951, "kl_divergence": 0.0056853828078198086, "jsd": 0.036888713474208926, "city_similarity": 0.96311128652579103 }, "geometry": { "type": "Polygon", "coordinates": [ [ [ 9.215487007420162, 45.423750660133734 ], [ 9.209095819143595, 45.423762538462029 ], [ 9.205914393415725, 45.42766597530543 ], [ 9.209124601698308, 45.431557797777927 ], [ 9.215516669721339, 45.431545916238385 ], [ 9.218697649595294, 45.427642215437956 ], [ 9.215487007420162, 45.423750660133734 ] ] ] } },
{ "type": "Feature", "properties": { "from_id": "76", "population": 2002.441117161087, "gravity_community": 1.7186682628705401, "gravity_education": 3.7830544133078798, "gravity_essential_services": 5.7659138618546937, "gravity_food_and_drink": 17.557760846258795, "gravity_healthcare": 4.0149304405070874, "gravity_shelter": 3.7159517496854999, "avg_gravity": 6.0927132624140832, "min_tt_community": 26.0, "min_tt_education": 42.0, "min_tt_essential_services": 29.0, "min_tt_food_and_drink": 24.0, "min_tt_healthcare": 34.0, "min_tt_shelter": 24.0, "avg_tt_community": 48.333333333333336, "avg_tt_education": 54.3125, "avg_tt_essential_services": 50.727272727272727, "avg_tt_food_and_drink": 52.901408450704224, "avg_tt_healthcare": 54.529411764705884, "avg_tt_shelter": 35.0, "avg_tt_all": 49.300654379336031, "n_unreachable_categories": 0, "count_community": 6.0, "count_education": 16.0, "count_essential_services": 22.0, "count_food_and_drink": 71.0, "count_healthcare": 17.0, "count_shelter": 9.0, "gravity_community_per_100": 0.085828654243134045, "gravity_education_per_100": 0.18892213013839901, "gravity_essential_services_per_100": 0.28794424027954341, "gravity_food_and_drink_per_100": 0.87681783478112396, "gravity_healthcare_per_100": 0.20050179783559174, "gravity_shelter_per_100": 0.18557108710161233, "shannon": 1.4473071984284398, "kl_divergence": 0.085445285966255197, "jsd": 0.13588486727852006, "city_similarity": 0.86411513272147999 }, "geometry": { "type": "Polygon", "coordinates": [ [ [ 9.22502733310542, 45.412039275413854 ], [ 9.218637469883179, 45.412051685111393 ], [ 9.215457357257351, 45.415955393329035 ], [ 9.2186675535816, 45.419846955624941 ], [ 9.225058296007299, 45.419834542572509 ], [ 9.22823796278535, 45.415930570579427 ], [ 9.22502733310542, 45.412039275413854 ] ] ] } },
{ "type": "Feature", "properties": { "from_id": "77", "population": 0.0, "gravity_community": 2.6889793109168822, "gravity_education": 3.0937284134909744, "gravity_essential_services": 5.4855453644837677, "gravity_food_and_drink": 33.845720162323339, "gravity_healthcare": 6.6393193916242739, "gravity_shelter": 6.4102520971734478, "avg_gravity": 9.6939241233354476, "min_tt_community": 13.0, "min_tt_education": 40.0, "min_tt_essential_services": 4.0, "min_tt_food_and_drink": 1.0, "min_tt_healthcare": 1.0, "min_tt_shelter": 8.0, "avg_tt_community": 43.25, "avg_tt_education": 51.083333333333336, "avg_tt_essential_services": 47.277777777777779, "avg_tt_food_and_drink": 48.533898305084747, "avg_tt_healthcare": 47.227272727272727, "avg_tt_shelter": 36.166666666666664, "avg_tt_all": 45.589824801689211, "n_unreachable_categories": 0, "count_community": 8.0, "count_education": 12.0, "count_essential_services": 18.0, "count_food_and_drink": 118.0, "count_healthcare": 22.0, "count_shelter": 13.0, "gravity_community_per_100": 0.0, "gravity_education_per_100": 0.0, "gravity_essential_services_per_100": 0.0, "gravity_food_and_drink_per_100": 0.0, "gravity_healthcare_per_100": 0.0, "gravity_shelter_per_100": 0.0, "shannon": 1.2587175906901837, "kl_divergence": 0.060911495751945141, "jsd": 0.10878544900007432, "city_similarity": 0.89121455099992564 }, "geometry": { "type": "Polygon", "coordinates": [ [ [ 9.244196896954868, 45.411999901590391 ], [ 9.237807046761173, 45.412013383652706 ], [ 9.234628259183367, 45.415917622948982 ], [ 9.237839768063546, 45.419808643811685 ], [ 9.244230497454156, 45.419795158104584 ], [ 9.247408838647734, 45.415890655179965 ], [ 9.244196896954868, 45.411999901590391 ] ] ] } },
{ "type": "Feature", "properties": { "from_id": "78", "population": 994.277297, "gravity_community": 4.6053607410988384, "gravity_education": 8.9394781849168243, "gravity_essential_services": 12.439945521160174, "gravity_food_and_drink": 57.539580415434443, "gravity_healthcare": 13.069990858055565, "gravity_shelter": 6.968290942136524, "avg_gravity": 17.26044111046706, "min_tt_community": 25.0, "min_tt_education": 19.0, "min_tt_essential_services": 12.0, "min_tt_food_and_drink": 12.0, "min_tt_healthcare": 11.0, "min_tt_shelter": 21.0, "avg_tt_community": 33.272727272727273, "avg_tt_education": 36.521739130434781, "avg_tt_essential_services": 32.285714285714285, "avg_tt_food_and_drink": 34.242647058823529, "avg_tt_healthcare": 32.206896551724135, "avg_tt_shelter": 37.611111111111114, "avg_tt_all": 34.356805901755855, "n_unreachable_categories": 0, "count_community": 11.0, "count_education": 23.0, "count_essential_services": 28.0, "count_food_and_drink": 136.0, "count_healthcare": 29.0, "count_shelter": 18.0, "gravity_community_per_100": 0.46318675433849704, "gravity_education_per_100": 0.89909306104942921, "gravity_essential_services_per_100": 1.2511545379437721, "gravity_food_and_drink_per_100": 5.7870757573412082, "gravity_healthcare_per_100": 1.3145217030994489, "gravity_shelter_per_100": 0.70083979219496595, "shannon": 1.38046524624638, "kl_divergence": 0.075883901010676436, "jsd": 0.12173407628322609, "city_similarity": 0.87826592371677392 }, "geometry": { "type": "Polygon", "coordinates": [ [ [ 9.253799121474211, 45.415876635042743 ], [ 9.247408838647734, 45.415890655179965 ], [ 9.244230497454156, 45.419795158104584 ], [ 9.24744288571117, 45.423685904483094 ], [ 9.253834047911011, 45.423671880555617 ], [ 9.257011942360505, 45.419767114040312 ], [ 9.253799121474211, 45.415876635042743 ] ] ] } },
{ "type": "Feature", "properties": { "from_id": "79", "population": 268.53510518212221, "gravity_community": 3.4634257295204729, "gravity_education": 5.7585430502317196, "gravity_essential_services": 8.0354659413773639, "gravity_food_and_drink": 48.248952841768805, "gravity_healthcare": 9.1569424278365155, "gravity_shelter": 6.0242656302854458, "avg_gravity": 13.447932603503387, "min_tt_community": 17.0, "min_tt_education": 25.0, "min_tt_essential_services": 16.0, "min_tt_food_and_drink": 12.0, "min_tt_healthcare": 20.0, "min_tt_shelter": 12.0, "avg_tt_community": 41.4, "avg_tt_education": 49.095238095238095, "avg_tt_essential_services": 46.25925925925926, "avg_tt_food_and_drink": 46.939759036144579, "avg_tt_healthcare": 43.896551724137929, "avg_tt_shelter": 39.533333333333331, "avg_tt_all": 44.520690241352192, "n_unreachable_categories": 0, "count_community": 10.0, "count_education": 21.0, "count_essential_services": 27.0, "count_food_and_drink": 166.0, "count_healthcare": 29.0, "count_shelter": 15.0, "gravity_community_per_100": 1.289747844018962, "gravity_education_per_100": 2.1444283965503281, "gravity_essential_services_per_100": 2.9923335110795515, "gravity_food_and_drink_per_100": 17.967465672335862, "gravity_healthcare_per_100": 3.4099610259992712, "gravity_shelter_per_100": 2.2433810380954666, "shannon": 1.2521410019631065, "kl_divergence": 0.039658847357522321, "jsd": 0.089258137736915114, "city_similarity": 0.91074186226308484 }, "geometry": { "type": "Polygon", "coordinates": [ [ [ 9.234628259183367, 45.415917622948982 ], [ 9.22823796278535, 45.415930570579427 ], [ 9.225058296007299, 45.419834542572509 ], [ 9.22826937171493, 45.423725830673447 ], [ 9.234660547493132, 45.423712879542677 ], [ 9.237839768063546, 45.419808643811685 ], [ 9.234628259183367, 45.415917622948982 ] ] ] } },
{ "type": "Feature", "properties": { "from_id": "80", "population": 0.963804, "gravity_community": 4.5581129748597933, "gravity_education": 8.0522202063333896, "gravity_essential_services": 11.266924039478527, "gravity_food_and_drink": 66.885573212036888, "gravity_healthcare": 13.170503821171502, "gravity_shelter": 6.6262011943048478, "avg_gravity": 18.426589241364159, "min_tt_community": 20.0, "min_tt_education": 23.0, "min_tt_essential_services": 17.0, "min_tt_food_and_drink": 13.0, "min_tt_healthcare": 20.0, "min_tt_shelter": 13.0, "avg_tt_community": 41.46153846153846, "avg_tt_education": 46.666666666666664, "avg_tt_essential_services": 43.676470588235297, "avg_tt_food_and_drink": 42.535353535353536, "avg_tt_healthcare": 44.219512195121951, "avg_tt_shelter": 29.5, "avg_tt_all": 41.343256907819317, "n_unreachable_categories": 0, "count_community": 13.0, "count_education": 27.0, "count_essential_services": 34.0, "count_food_and_drink": 198.0, "count_healthcare": 41.0, "count_shelter": 14.0, "gravity_community_per_100": 472.9294519279639, "gravity_education_per_100": 835.46241832710689, "gravity_essential_services_per_100": 1169.0057355518888, "gravity_food_and_drink_per_100": 6939.7484563289727, "gravity_healthcare_per_100": 1366.5126748977493, "gravity_shelter_per_100": 687.50505230366832, "shannon": 1.2685279872859341, "kl_divergence": 0.029884528793543697, "jsd": 0.080794923439533414, "city_similarity": 0.91920507656046657 }, "geometry": { "type": "Polygon", "coordinates": [ [ [ 9.244230497454156, 45.419795158104584 ], [ 9.237839768063546, 45.419808643811685 ], [ 9.234660547493132, 45.423712879542677 ], [ 9.237872502760917, 45.427603893267325 ], [ 9.244264111708343, 45.427590403914422 ], [ 9.24744288571117, 45.423685904483094 ], [ 9.244230497454156, 45.419795158104584 ] ] ] } },
{ "type": "Feature", "properties": { "from_id": "81", "population": 0.0, "gravity_community": 4.8269416183360585, "gravity_education": 8.1621540547744189, "gravity_essential_services": 11.241673688205545, "gravity_food_and_drink": 70.849903497948716, "gravity_healthcare": 13.626181482543341, "gravity_shelter": 4.533209826535467, "avg_gravity": 18.873344028057257, "min_tt_community": 19.0, "min_tt_education": 15.0, "min_tt_essential_services": 31.0, "min_tt_food_and_drink": 24.0, "min_tt_healthcare": 19.0, "min_tt_shelter": 31.0, "avg_tt_community": 44.6, "avg_tt_education": 46.296296296296298, "avg_tt_essential_services": 45.486486486486484, "avg_tt_food_and_drink": 46.912863070539416, "avg_tt_healthcare": 44.744186046511629, "avg_tt_shelter": 46.4, "avg_tt_all": 45.73997198330563, "n_unreachable_categories": 0, "count_community": 15.0, "count_education": 27.0, "count_essential_services": 37.0, "count_food_and_drink": 241.0, "count_healthcare": 43.0, "count_shelter": 15.0, "gravity_community_per_100": 0.0, "gravity_education_per_100": 0.0, "gravity_essential_services_per_100": 0.0, "gravity_food_and_drink_per_100": 0.0, "gravity_healthcare_per_100": 0.0, "gravity_shelter_per_100": 0.0, "shannon": 1.2063208362937698, "kl_divergence": 0.021505468267234748, "jsd": 0.068698016208932663, "city_similarity": 0.93130198379106732 }, "geometry": { "type": "Polygon", "coordinates": [ [ [ 9.225058296007299, 45.419834542572509 ], [ 9.2186675535816, 45.419846955624941 ], [ 9.215487007420162, 45.423750660133734 ], [ 9.218697649595294, 45.427642215437956 ], [ 9.225089271584361, 45.427629799029724 ], [ 9.22826937171493, 45.423725830673447 ], [ 9.225058296007299, 45.419834542572509 ] ] ] } },
{ "type": "Feature", "properties": { "from_id": "82", "population": 4.0517112710825423, "gravity_community": 6.6847507956980232, "gravity_education": 12.066174096659989, "gravity_essential_services": 18.162253273742735, "gravity_food_and_drink": 102.58233682055885, "gravity_healthcare": 19.600689567679733, "gravity_shelter": 6.8276678006937352, "avg_gravity": 27.653978725838844, "min_tt_community": 14.0, "min_tt_education": 18.0, "min_tt_essential_services": 21.0, "min_tt_food_and_drink": 13.0, "min_tt_healthcare": 14.0, "min_tt_shelter": 23.0, "avg_tt_community": 41.94736842105263, "avg_tt_education": 44.684210526315788, "avg_tt_essential_services": 45.5, "avg_tt_food_and_drink": 43.541666666666664, "avg_tt_healthcare": 42.948275862068968, "avg_tt_shelter": 39.526315789473685, "avg_tt_all": 43.024639544262953, "n_unreachable_categories": 0, "count_community": 19.0, "count_education": 38.0, "count_essential_services": 58.0, "count_food_and_drink": 312.0, "count_healthcare": 58.0, "count_shelter": 19.0, "gravity_community_per_100": 164.98586272441821, "gravity_education_per_100": 297.80439151174096, "gravity_essential_services_per_100": 448.26129155274475, "gravity_food_and_drink_per_100": 2531.8274170397822, "gravity_healthcare_per_100": 483.76323622988053, "gravity_shelter_per_100": 168.51318724074602, "shannon": 1.2365736119256596, "kl_divergence": 0.019598173362092991, "jsd": 0.065881263832093903, "city_similarity": 0.93411873616790608 }, "geometry": { "type": "Polygon", "coordinates": [ [ [ 9.234660547493132, 45.423712879542677 ], [ 9.22826937171493, 45.423725830673447 ], [ 9.225089271584361, 45.427629799029724 ], [ 9.228300793502877, 45.431521080065579 ], [ 9.234692849021259, 45.431508125433545 ], [ 9.237872502760917, 45.427603893267325 ], [ 9.234660547493132, 45.423712879542677 ] ] ] } },
{ "type": "Feature", "properties": { "from_id": "83", "population": 62.102788458855308, "gravity_community": 8.9303773609766388, "gravity_education": 16.967271564758086, "gravity_essential_services": 26.810535657572494, "gravity_food_and_drink": 137.99644887386697, "gravity_healthcare": 27.075967949868929, "gravity_shelter": 12.594926361546779, "avg_gravity": 38.395921294764982, "min_tt_community": 5.0, "min_tt_education": 9.0, "min_tt_essential_services": 6.0, "min_tt_food_and_drink": 2.0, "min_tt_healthcare": 3.0, "min_tt_shelter": 14.0, "avg_tt_community": 40.5, "avg_tt_education": 40.723404255319146, "avg_tt_essential_services": 42.026315789473685, "avg_tt_food_and_drink": 39.44166666666667, "avg_tt_healthcare": 39.958904109589042, "avg_tt_shelter": 40.571428571428569, "avg_tt_all": 40.536953232079519, "n_unreachable_categories": 0, "count_community": 24.0, "count_education": 47.0, "count_essential_services": 76.0, "count_food_and_drink": 360.0, "count_healthcare": 73.0, "count_shelter": 35.0, "gravity_community_per_100": 14.379994171909436, "gravity_education_per_100": 27.321271694586368, "gravity_essential_services_per_100": 43.171226804630777, "gravity_food_and_drink_per_100": 222.20652614542931, "gravity_healthcare_per_100": 43.59863481461457, "gravity_shelter_per_100": 20.280774300321863, "shannon": 1.3110464380650364, "kl_divergence": 0.046094603380913479, "jsd": 0.097099999482867308, "city_similarity": 0.90290000051713271 }, "geometry": { "type": "Polygon", "coordinates": [ [ [ 9.244264111708343, 45.427590403914422 ], [ 9.237872502760917, 45.427603893267325 ], [ 9.234692849021259, 45.431508125433545 ], [ 9.237905250860017, 45.435399132019654 ], [ 9.244297739724347, 45.435385639019977 ], [ 9.247476946712959, 45.431481143081399 ], [ 9.244264111708343, 45.427590403914422 ] ] ] } },
{ "type": "Feature", "properties": { "from_id": "84", "population": 2944.0159833749653, "gravity_community": 7.645885401602623, "gravity_education": 14.453716638926034, "gravity_essential_services": 21.782894213483768, "gravity_food_and_drink": 125.38940150009731, "gravity_healthcare": 21.00664137033278, "gravity_shelter": 6.8220934963220463, "avg_gravity": 32.850105436794088, "min_tt_community": 9.0, "min_tt_education": 7.0, "min_tt_essential_services": 21.0, "min_tt_food_and_drink": 13.0, "min_tt_healthcare": 9.0, "min_tt_shelter": 30.0, "avg_tt_community": 42.227272727272727, "avg_tt_education": 43.81818181818182, "avg_tt_essential_services": 44.89855072463768, "avg_tt_food_and_drink": 44.664974619289339, "avg_tt_healthcare": 40.431034482758619, "avg_tt_shelter": 47.625, "avg_tt_all": 43.944169062023356, "n_unreachable_categories": 0, "count_community": 22.0, "count_education": 44.0, "count_essential_services": 69.0, "count_food_and_drink": 394.0, "count_healthcare": 58.0, "count_shelter": 24.0, "gravity_community_per_100": 0.25970937130706478, "gravity_education_per_100": 0.49095238342954106, "gravity_essential_services_per_100": 0.73990407445112649, "gravity_food_and_drink_per_100": 4.2591277427900787, "gravity_healthcare_per_100": 0.7135369335274856, "gravity_shelter_per_100": 0.23172746122462709, "shannon": 1.189038250516997, "kl_divergence": 0.016066425923497635, "jsd": 0.058625856184362578, "city_similarity": 0.94137414381563744 }, "geometry": { "type": "Polygon", "coordinates": [ [ [ 9.225089271584361, 45.427629799029724 ], [ 9.218697649595294, 45.427642215437956 ], [ 9.215516669721339, 45.431545916238385 ], [ 9.218727757930449, 45.435437464550503 ], [ 9.225120259842976, 45.435425044785546 ], [ 9.228300793502877, 45.431521080065579 ], [ 9.225089271584361, 45.427629799029724 ] ] ] } },
{ "type": "Feature", "properties": { "from_id": "85", "population": 3831.5309782364629, "gravity_community": 5.4880946587476549, "gravity_education": 10.99486993047333, "gravity_essential_services": 16.166070036379043, "gravity_food_and_drink": 80.626810312333831, "gravity_healthcare": 16.827150955572119, "gravity_shelter": 8.306705166455858, "avg_gravity": 23.068283509993638, "min_tt_community": 21.0, "min_tt_education": 16.0, "min_tt_essential_services": 18.0, "min_tt_food_and_drink": 14.0, "min_tt_healthcare": 15.0, "min_tt_shelter": 21.0, "avg_tt_community": 46.5, "avg_tt_education": 44.764705882352942, "avg_tt_essential_services": 45.615384615384613, "avg_tt_food_and_drink": 42.047413793103445, "avg_tt_healthcare": 44.981132075471699, "avg_tt_shelter": 43.68, "avg_tt_all": 44.598106061052114, "n_unreachable_categories": 0, "count_community": 18.0, "count_education": 34.0, "count_essential_services": 52.0, "count_food_and_drink": 232.0, "count_healthcare": 53.0, "count_shelter": 25.0, "gravity_community_per_100": 0.14323503293906964, "gravity_education_per_100": 0.28695761545255555, "gravity_essential_services_per_100": 0.42192194525384719, "gravity_food_and_drink_per_100": 2.1042974928378082, "gravity_healthcare_per_100": 0.43917564678851023, "gravity_shelter_per_100": 0.21679859078887523, "shannon": 1.3593730757195133, "kl_divergence": 0.057847758527636114, "jsd": 0.10921683891761989, "city_similarity": 0.89078316108238009 }, "geometry": { "type": "Polygon", "coordinates": [ [ [ 9.253868988646161, 45.431467115362629 ], [ 9.247476946712959, 45.431481143081399 ], [ 9.244297739724347, 45.435385639019977 ], [ 9.247511021660111, 45.439276370974923 ], [ 9.253903943686844, 45.439262339463831 ], [ 9.257082703564192, 45.435357579790541 ], [ 9.253868988646161, 45.431467115362629 ] ] ] } },
{ "type": "Feature", "properties": { "from_id": "86", "population": 2789.2781556998448, "gravity_community": 10.220662101433797, "gravity_education": 19.735276569513839, "gravity_essential_services": 11.19790517177206, "gravity_food_and_drink": 73.623228465454531, "gravity_healthcare": 18.513744578939249, "gravity_shelter": 0.63133187493798881, "avg_gravity": 22.320358127008575, "min_tt_community": 12.0, "min_tt_education": 7.0, "min_tt_essential_services": 7.0, "min_tt_food_and_drink": 4.0, "min_tt_healthcare": 5.0, "min_tt_shelter": 42.0, "avg_tt_community": 36.8, "avg_tt_education": 39.137254901960787, "avg_tt_essential_services": 40.967741935483872, "avg_tt_food_and_drink": 45.257641921397379, "avg_tt_healthcare": 39.191489361702125, "avg_tt_shelter": 43.0, "avg_tt_all": 40.725688020090693, "n_unreachable_categories": 0, "count_community": 25.0, "count_education": 51.0, "count_essential_services": 31.0, "count_food_and_drink": 229.0, "count_healthcare": 47.0, "count_shelter": 2.0, "gravity_community_per_100": 0.3664267789337553, "gravity_education_per_100": 0.70754064198241118, "gravity_essential_services_per_100": 0.40146247690963782, "gravity_food_and_drink_per_100": 2.6395083012788327, "gravity_healthcare_per_100": 0.66374680277428455, "gravity_shelter_per_100": 0.022634238670240628, "shannon": 1.24125846069681, "kl_divergence": 0.041001226598174734, "jsd": 0.099847628087685922, "city_similarity": 0.90015237191231412 }, "geometry": { "type": "Polygon", "coordinates": [ [ [ 9.177115447453305, 45.416021281444856 ], [ 9.170725116817426, 45.416031011522357 ], [ 9.167541476470294, 45.419933388095551 ], [ 9.170748611235698, 45.423826298770038 ], [ 9.177139821268968, 45.423816566062058 ], [ 9.18032301701947, 45.419913925310368 ], [ 9.177115447453305, 45.416021281444856 ] ] ] } },
{ "type": "Feature", "properties": { "from_id": "87", "population": 4058.6304803316166, "gravity_community": 12.118237253081938, "gravity_education": 23.572698155224522, "gravity_essential_services": 18.306949827088086, "gravity_food_and_drink": 112.48471431557152, "gravity_healthcare": 21.861182932340178, "gravity_shelter": 1.6746651906883876, "avg_gravity": 31.669741278999108, "min_tt_community": 8.0, "min_tt_education": 13.0, "min_tt_essential_services": 12.0, "min_tt_food_and_drink": 10.0, "min_tt_healthcare": 12.0, "min_tt_shelter": 38.0, "avg_tt_community": 37.774193548387096, "avg_tt_education": 41.432835820895519, "avg_tt_essential_services": 44.446428571428569, "avg_tt_food_and_drink": 45.881868131868131, "avg_tt_healthcare": 41.741935483870968, "avg_tt_shelter": 48.333333333333336, "avg_tt_all": 43.268432481630605, "n_unreachable_categories": 0, "count_community": 31.0, "count_education": 67.0, "count_essential_services": 56.0, "count_food_and_drink": 364.0, "count_healthcare": 62.0, "count_shelter": 6.0, "gravity_community_per_100": 0.29857946693614246, "gravity_education_per_100": 0.58080424590164914, "gravity_essential_services_per_100": 0.45106224663232436, "gravity_food_and_drink_per_100": 2.7714943466935376, "gravity_healthcare_per_100": 0.53863447382758467, "gravity_shelter_per_100": 0.041261829545801779, "shannon": 1.208158356959242, "kl_divergence": 0.014823562559651095, "jsd": 0.059820738588347244, "city_similarity": 0.94017926141165276 }, "geometry": { "type": "Polygon", "coordinates": [ [ [ 9.186713782276151, 45.419903657583362 ], [ 9.18032301701947, 45.419913925310368 ], [ 9.177139821268968, 45.423816566062058 ], [ 9.180347835611736, 45.427709203228304 ], [ 9.18673948044326, 45.427698932725463 ], [ 9.189922231237171, 45.423796027832523 ], [ 9.186713782276151, 45.419903657583362 ] ] ] } },
{ "type": "Feature", "properties": { "from_id": "88", "population": 1054.3364655283003, "gravity_community": 13.188626001816267, "gravity_education": 28.610647475880914, "gravity_essential_services": 15.270211486778454, "gravity_food_and_drink": 142.57052371097211, "gravity_healthcare": 23.090714229015422, "gravity_shelter": 2.0932790152384171, "avg_gravity": 37.470666986616926, "min_tt_community": 14.0, "min_tt_education": 12.0, "min_tt_essential_services": 21.0, "min_tt_food_and_drink": 5.0, "min_tt_healthcare": 13.0, "min_tt_shelter": 40.0, "avg_tt_community": 40.027777777777779, "avg_tt_education": 39.467532467532465, "avg_tt_essential_services": 40.43181818181818, "avg_tt_food_and_drink": 46.789473684210527, "avg_tt_healthcare": 40.68181818181818, "avg_tt_shelter": 45.571428571428569, "avg_tt_all": 42.161641477430948, "n_unreachable_categories": 0, "count_community": 36.0, "count_education": 77.0, "count_essential_services": 44.0, "count_food_and_drink": 475.0, "count_healthcare": 66.0, "count_shelter": 7.0, "gravity_community_per_100": 1.2508934702555121, "gravity_education_per_100": 2.7136164223955648, "gravity_essential_services_per_100": 1.448324323974411, "gravity_food_and_drink_per_100": 13.522298466603235, "gravity_healthcare_per_100": 2.1900707206826304, "gravity_shelter_per_100": 0.19853994276765621, "shannon": 1.1004713369473635, "kl_divergence": 0.022629065960789542, "jsd": 0.077100435224412983, "city_similarity": 0.92289956477558699 }, "geometry": { "type": "Polygon", "coordinates": [ [ [ 9.167541476470294, 45.419933388095551 ], [ 9.161150701417746, 45.419942583152753 ], [ 9.15796618167084, 45.423844691370007 ], [ 9.161172881275517, 45.427737868818205 ], [ 9.167564535907832, 45.427728671275162 ], [ 9.170748611235698, 45.423826298770038 ], [ 9.167541476470294, 45.419933388095551 ] ] ] } },
{ "type": "Feature", "properties": { "from_id": "89", "population": 589.01311382051153, "gravity_community": 12.499651766521277, "gravity_education": 27.076257686109255, "gravity_essential_services": 18.546397638688063, "gravity_food_and_drink": 151.38019640371456, "gravity_healthcare": 24.093549350033395, "gravity_shelter": 2.1578076218286006, "avg_gravity": 39.292310077815856, "min_tt_community": 15.0, "min_tt_education": 8.0, "min_tt_essential_services": 5.0, "min_tt_food_and_drink": 7.0, "min_tt_healthcare": 11.0, "min_tt_shelter": 41.0, "avg_tt_community": 45.275, "avg_tt_education": 40.76, "avg_tt_essential_services": 44.614035087719301, "avg_tt_food_and_drink": 48.11281070745698, "avg_tt_healthcare": 45.16, "avg_tt_shelter": 44.0, "avg_tt_all": 44.653640965862714, "n_unreachable_categories": 0, "count_community": 40.0, "count_education": 75.0, "count_essential_services": 57.0, "count_food_and_drink": 523.0, "count_healthcare": 75.0, "count_shelter": 7.0, "gravity_community_per_100": 2.122134715379234, "gravity_education_per_100": 4.5968853750105358, "gravity_essential_services_per_100": 3.1487240612336618, "gravity_food_and_drink_per_100": 25.700649586868835, "gravity_healthcare_per_100": 4.0904945551645842, "gravity_shelter_per_100": 0.36634288289991179, "shannon": 1.1045847602986327, "kl_divergence": 0.013911776385341437, "jsd": 0.060352011650633391, "city_similarity": 0.93964798834936658 }, "geometry": { "type": "Polygon", "coordinates": [ [ [ 9.15796618167084, 45.423844691370007 ], [ 9.151574962379257, 45.423853351261101 ], [ 9.148389563050337, 45.427755190941276 ], [ 9.15159582713423, 45.431648635127836 ], [ 9.157987926187865, 45.431639972895582 ], [ 9.161172881275517, 45.427737868818205 ], [ 9.15796618167084, 45.423844691370007 ] ] ] } },
{ "type": "Feature", "properties": { "from_id": "90", "population": 6539.9665869364526, "gravity_community": 17.403376080514814, "gravity_education": 34.075678578470345, "gravity_essential_services": 23.522660096292078, "gravity_food_and_drink": 218.91128074807975, "gravity_healthcare": 29.898845887886555, "gravity_shelter": 2.1124389884487869, "avg_gravity": 54.320713396615396, "min_tt_community": 5.0, "min_tt_education": 3.0, "min_tt_essential_services": 17.0, "min_tt_food_and_drink": 5.0, "min_tt_healthcare": 8.0, "min_tt_shelter": 28.0, "avg_tt_community": 39.333333333333336, "avg_tt_education": 38.897727272727273, "avg_tt_essential_services": 44.013888888888886, "avg_tt_food_and_drink": 45.695035460992905, "avg_tt_healthcare": 41.942528735632187, "avg_tt_shelter": 40.333333333333336, "avg_tt_all": 41.702641170817991, "n_unreachable_categories": 0, "count_community": 45.0, "count_education": 88.0, "count_essential_services": 72.0, "count_food_and_drink": 705.0, "count_healthcare": 87.0, "count_shelter": 6.0, "gravity_community_per_100": 0.26610802745197448, "gravity_education_per_100": 0.52103750264621118, "gravity_essential_services_per_100": 0.35967553937169133, "gravity_food_and_drink_per_100": 3.3472843911061236, "gravity_healthcare_per_100": 0.45717123307035445, "gravity_shelter_per_100": 0.032300455367285395, "shannon": 1.0323465752081515, "kl_divergence": 0.015209985046954387, "jsd": 0.064028722313520733, "city_similarity": 0.93597127768647925 }, "geometry": { "type": "Polygon", "coordinates": [ [ [ 9.177139821268968, 45.423816566062058 ], [ 9.170748611235698, 45.423826298770038 ], [ 9.167564535907832, 45.427728671275162 ], [ 9.170772115272296, 45.431621575323248 ], [ 9.177164205062963, 45.431611839984072 ], [ 9.180347835611736, 45.427709203228304 ], [ 9.177139821268968, 45.423816566062058 ] ] ] } },
{ "type": "Feature", "properties": { "from_id": "91", "population": 5841.8217794949232, "gravity_community": 18.482592205575227, "gravity_education": 39.793133733783243, "gravity_essential_services": 30.145512149253985, "gravity_food_and_drink": 302.14273099305223, "gravity_healthcare": 39.135823207763401, "gravity_shelter": 2.9799128804875488, "avg_gravity": 72.113284194985951, "min_tt_community": 5.0, "min_tt_education": 4.0, "min_tt_essential_services": 10.0, "min_tt_food_and_drink": 3.0, "min_tt_healthcare": 3.0, "min_tt_shelter": 25.0, "avg_tt_community": 43.145454545454548, "avg_tt_education": 41.009090909090908, "avg_tt_essential_services": 45.479166666666664, "avg_tt_food_and_drink": 45.758375634517769, "avg_tt_healthcare": 43.586206896551722, "avg_tt_shelter": 32.571428571428569, "avg_tt_all": 41.92495387061836, "n_unreachable_categories": 0, "count_community": 55.0, "count_education": 110.0, "count_essential_services": 96.0, "count_food_and_drink": 985.0, "count_healthcare": 116.0, "count_shelter": 7.0, "gravity_community_per_100": 0.31638404770323564, "gravity_education_per_100": 0.68117678415762473, "gravity_essential_services_per_100": 0.51602930193910046, "gravity_food_and_drink_per_100": 5.172063482894802, "gravity_healthcare_per_100": 0.66992497691613995, "gravity_shelter_per_100": 0.051009992994774114, "shannon": 0.99106632920429671, "kl_divergence": 0.017783283392673224, "jsd": 0.069417709515931236, "city_similarity": 0.93058229048406882 }, "geometry": { "type": "Polygon", "coordinates": [ [ [ 9.167564535907832, 45.427728671275162 ], [ 9.161172881275517, 45.427737868818205 ], [ 9.157987926187865, 45.431639972895582 ], [ 9.161195070213877, 45.435533143790245 ], [ 9.167587604786059, 45.435523943760671 ], [ 9.170772115272296, 45.431621575323248 ], [ 9.167564535907832, 45.427728671275162 ] ] ] } },
{ "type": "Feature", "properties": { "from_id": "92", "population": 3038.1530880102819, "gravity_community": 21.864834052927744, "gravity_education": 42.333548308874768, "gravity_essential_services": 41.730570860871019, "gravity_food_and_drink": 345.37908517993162, "gravity_healthcare": 43.545004995216956, "gravity_shelter": 3.5673806312779535, "avg_gravity": 83.070070671516675, "min_tt_community": 10.0, "min_tt_education": 10.0, "min_tt_essential_services": 4.0, "min_tt_food_and_drink": 4.0, "min_tt_healthcare": 8.0, "min_tt_shelter": 22.0, "avg_tt_community": 42.269841269841272, "avg_tt_education": 41.876033057851238, "avg_tt_essential_services": 45.038759689922479, "avg_tt_food_and_drink": 46.649430324276949, "avg_tt_healthcare": 44.904411764705884, "avg_tt_shelter": 43.909090909090907, "avg_tt_all": 44.107927835948125, "n_unreachable_categories": 0, "count_community": 63.0, "count_education": 121.0, "count_essential_services": 129.0, "count_food_and_drink": 1141.0, "count_healthcare": 136.0, "count_shelter": 11.0, "gravity_community_per_100": 0.71967519145808589, "gravity_education_per_100": 1.3933974715079103, "gravity_essential_services_per_100": 1.3735506293463575, "gravity_food_and_drink_per_100": 11.368060633380525, "gravity_healthcare_per_100": 1.4332722457950606, "gravity_shelter_per_100": 0.11741938368267901, "shannon": 1.0105046911506106, "kl_divergence": 0.011194607665749277, "jsd": 0.054445181789439183, "city_similarity": 0.94555481821056087 }, "geometry": { "type": "Polygon", "coordinates": [ [ [ 9.18673948044326, 45.427698932725463 ], [ 9.180347835611736, 45.427709203228304 ], [ 9.177164205062963, 45.431611839984072 ], [ 9.180372664364892, 45.435504470450709 ], [ 9.186765189131359, 45.43549419717128 ], [ 9.18994837454089, 45.431591296202122 ], [ 9.18673948044326, 45.427698932725463 ] ] ] } },
{ "type": "Feature", "properties": { "from_id": "93", "population": 6374.6910645015696, "gravity_community": 29.624899428311004, "gravity_education": 54.995482645596944, "gravity_essential_services": 52.198865276423653, "gravity_food_and_drink": 490.44903411283713, "gravity_healthcare": 57.370051590381514, "gravity_shelter": 5.1061857721949107, "avg_gravity": 114.95741980429085, "min_tt_community": 8.0, "min_tt_education": 5.0, "min_tt_essential_services": 9.0, "min_tt_food_and_drink": 6.0, "min_tt_healthcare": 3.0, "min_tt_shelter": 12.0, "avg_tt_community": 42.30952380952381, "avg_tt_education": 40.133333333333333, "avg_tt_essential_services": 44.689440993788821, "avg_tt_food_and_drink": 41.742026931254429, "avg_tt_healthcare": 41.591463414634148, "avg_tt_shelter": 41.857142857142854, "avg_tt_all": 42.053821889946235, "n_unreachable_categories": 0, "count_community": 84.0, "count_education": 150.0, "count_essential_services": 161.0, "count_food_and_drink": 1411.0, "count_healthcare": 164.0, "count_shelter": 14.0, "gravity_community_per_100": 0.46472682563837064, "gravity_education_per_100": 0.86271604520331346, "gravity_essential_services_per_100": 0.81884541146003009, "gravity_food_and_drink_per_100": 7.6936910220477452, "gravity_healthcare_per_100": 0.89996599066353689, "gravity_shelter_per_100": 0.080100913448645034, "shannon": 1.0163264225074844, "kl_divergence": 0.010398264091114669, "jsd": 0.052458681513793147, "city_similarity": 0.94754131848620682 }, "geometry": { "type": "Polygon", "coordinates": [ [ [ 9.177164205062963, 45.431611839984072 ], [ 9.170772115272296, 45.431621575323248 ], [ 9.167587604786059, 45.435523943760671 ], [ 9.170795628932051, 45.43941684118203 ], [ 9.17718859884031, 45.439407103210947 ], [ 9.180372664364892, 45.435504470450709 ], [ 9.177164205062963, 45.431611839984072 ] ] ] } },
{ "type": "Feature", "properties": { "from_id": "94", "population": 8958.2867869426536, "gravity_community": 21.878697964211863, "gravity_education": 47.634120345594319, "gravity_essential_services": 38.680324177508915, "gravity_food_and_drink": 350.59108490441565, "gravity_healthcare": 45.621715936981616, "gravity_shelter": 3.0712965669156929, "avg_gravity": 84.579539982604672, "min_tt_community": 7.0, "min_tt_education": 3.0, "min_tt_essential_services": 2.0, "min_tt_food_and_drink": 1.0, "min_tt_healthcare": 4.0, "min_tt_shelter": 24.0, "avg_tt_community": 42.047619047619051, "avg_tt_education": 40.946153846153848, "avg_tt_essential_services": 41.537037037037038, "avg_tt_food_and_drink": 42.790384615384617, "avg_tt_healthcare": 42.217054263565892, "avg_tt_shelter": 31.0, "avg_tt_all": 40.089708134960077, "n_unreachable_categories": 0, "count_community": 63.0, "count_education": 130.0, "count_essential_services": 108.0, "count_food_and_drink": 1040.0, "count_healthcare": 129.0, "count_shelter": 7.0, "gravity_community_per_100": 0.24422859509366943, "gravity_education_per_100": 0.53173247830181625, "gravity_essential_services_per_100": 0.43178260640068217, "gravity_food_and_drink_per_100": 3.9135952358148138, "gravity_healthcare_per_100": 0.509268312368371, "gravity_shelter_per_100": 0.034284418884560922, "shannon": 1.0250131434990142, "kl_divergence": 0.016084237368790642, "jsd": 0.066161135319835529, "city_similarity": 0.93383886468016453 }, "geometry": { "type": "Polygon", "coordinates": [ [ [ 9.157987926187865, 45.431639972895582 ], [ 9.15159582713423, 45.431648635127836 ], [ 9.148409992104456, 45.43555047059629 ], [ 9.151616700431781, 45.439443908302145 ], [ 9.158009679607662, 45.439435243728099 ], [ 9.161195070213877, 45.435533143790245 ], [ 9.157987926187865, 45.431639972895582 ] ] ] } },
{ "type": "Feature", "properties": { "from_id": "95", "population": 5810.5077755543762, "gravity_community": 27.826734386498419, "gravity_education": 57.186916711680738, "gravity_essential_services": 48.935967593057953, "gravity_food_and_drink": 485.38139705344156, "gravity_healthcare": 60.218404109057317, "gravity_shelter": 4.2271651670073194, "avg_gravity": 113.96276417012389, "min_tt_community": 10.0, "min_tt_education": 6.0, "min_tt_essential_services": 6.0, "min_tt_food_and_drink": 4.0, "min_tt_healthcare": 5.0, "min_tt_shelter": 13.0, "avg_tt_community": 42.0125, "avg_tt_education": 40.426751592356688, "avg_tt_essential_services": 42.132867132867133, "avg_tt_food_and_drink": 39.88722927557879, "avg_tt_healthcare": 41.901162790697676, "avg_tt_shelter": 25.875, "avg_tt_all": 38.705918465250043, "n_unreachable_categories": 0, "count_community": 80.0, "count_education": 157.0, "count_essential_services": 143.0, "count_food_and_drink": 1339.0, "count_healthcare": 172.0, "count_shelter": 8.0, "gravity_community_per_100": 0.47890365973812832, "gravity_education_per_100": 0.98419826494810214, "gravity_essential_services_per_100": 0.84219778173154591, "gravity_food_and_drink_per_100": 8.353510842813245, "gravity_healthcare_per_100": 1.0363707688750476, "gravity_shelter_per_100": 0.072750357288765666, "shannon": 1.0211978295174171, "kl_divergence": 0.015487512739904378, "jsd": 0.06518023924520347, "city_similarity": 0.93481976075479656 }, "geometry": { "type": "Polygon", "coordinates": [ [ [ 9.167587604786059, 45.435523943760671 ], [ 9.161195070213877, 45.435533143790245 ], [ 9.158009679607662, 45.439435243728099 ], [ 9.16121726823739, 45.443328408068915 ], [ 9.167610683109721, 45.443319205552143 ], [ 9.170795628932051, 45.43941684118203 ], [ 9.167587604786059, 45.435523943760671 ] ] ] } },
{ "type": "Feature", "properties": { "from_id": "96", "population": 4395.9924279061743, "gravity_community": 11.589747023934127, "gravity_education": 23.547583679962031, "gravity_essential_services": 25.218970727391529, "gravity_food_and_drink": 156.93240962688995, "gravity_healthcare": 23.696691619738914, "gravity_shelter": 2.2284719948274301, "avg_gravity": 40.535645778790659, "min_tt_community": 26.0, "min_tt_education": 23.0, "min_tt_essential_services": 26.0, "min_tt_food_and_drink": 15.0, "min_tt_healthcare": 24.0, "min_tt_shelter": 36.0, "avg_tt_community": 45.5, "avg_tt_education": 45.558441558441558, "avg_tt_essential_services": 46.823529411764703, "avg_tt_food_and_drink": 49.077738515901061, "avg_tt_healthcare": 47.209876543209873, "avg_tt_shelter": 43.714285714285715, "avg_tt_all": 46.313978623933821, "n_unreachable_categories": 0, "count_community": 38.0, "count_education": 77.0, "count_essential_services": 85.0, "count_food_and_drink": 566.0, "count_healthcare": 81.0, "count_shelter": 7.0, "gravity_community_per_100": 0.26364347104788716, "gravity_education_per_100": 0.53566024205318807, "gravity_essential_services_per_100": 0.57368094101571065, "gravity_food_and_drink_per_100": 3.5698971779539068, "gravity_healthcare_per_100": 0.53905214825462577, "gravity_shelter_per_100": 0.050693262815488027, "shannon": 1.1204901535234637, "kl_divergence": 0.0047120464194851429, "jsd": 0.034887916286193116, "city_similarity": 0.96511208371380686 }, "geometry": { "type": "Polygon", "coordinates": [ [ [ 9.196313430932097, 45.423785222311992 ], [ 9.189922231237171, 45.423796027832523 ], [ 9.18673948044326, 45.427698932725463 ], [ 9.18994837454089, 45.431591296202122 ], [ 9.196340453988022, 45.431580487760357 ], [ 9.199522759465287, 45.4276773187635 ], [ 9.196313430932097, 45.423785222311992 ] ] ] } },
{ "type": "Feature", "properties": { "from_id": "97", "population": 100.873691241564, "gravity_community": 15.426222599463374, "gravity_education": 27.438888654005261, "gravity_essential_services": 36.320964938099806, "gravity_food_and_drink": 221.37460006881392, "gravity_healthcare": 32.361272755000755, "gravity_shelter": 5.183978321534922, "avg_gravity": 56.350987889486341, "min_tt_community": 9.0, "min_tt_education": 5.0, "min_tt_essential_services": 2.0, "min_tt_food_and_drink": 3.0, "min_tt_healthcare": 6.0, "min_tt_shelter": 8.0, "avg_tt_community": 48.754716981132077, "avg_tt_education": 43.641975308641975, "avg_tt_essential_services": 43.018867924528301, "avg_tt_food_and_drink": 46.586394557823127, "avg_tt_healthcare": 46.123809523809527, "avg_tt_shelter": 43.866666666666667, "avg_tt_all": 45.332071827100286, "n_unreachable_categories": 0, "count_community": 53.0, "count_education": 81.0, "count_essential_services": 106.0, "count_food_and_drink": 735.0, "count_healthcare": 105.0, "count_shelter": 15.0, "gravity_community_per_100": 15.292612384454065, "gravity_education_per_100": 27.201233856206247, "gravity_essential_services_per_100": 36.006380346607273, "gravity_food_and_drink_per_100": 219.45722154519385, "gravity_healthcare_per_100": 32.080984007519511, "gravity_shelter_per_100": 5.139078641546643, "shannon": 1.1164166718017354, "kl_divergence": 0.0027291413395854162, "jsd": 0.0262831649637736, "city_similarity": 0.97371683503622641 }, "geometry": { "type": "Polygon", "coordinates": [ [ [ 9.205914393415725, 45.42766597530543 ], [ 9.199522759465287, 45.4276773187635 ], [ 9.196340453988022, 45.431580487760357 ], [ 9.19955022801792, 45.435472577366063 ], [ 9.205942741897829, 45.435461230841355 ], [ 9.209124601698308, 45.431557797777927 ], [ 9.205914393415725, 45.42766597530543 ] ] ] } },
{ "type": "Feature", "properties": { "from_id": "98", "population": 5604.6045759571871, "gravity_community": 25.781936981479078, "gravity_education": 47.096538891797067, "gravity_essential_services": 54.454647408867267, "gravity_food_and_drink": 423.28287910962678, "gravity_healthcare": 52.063280286246055, "gravity_shelter": 5.8849098286836119, "avg_gravity": 101.42736541778329, "min_tt_community": 11.0, "min_tt_education": 5.0, "min_tt_essential_services": 13.0, "min_tt_food_and_drink": 4.0, "min_tt_healthcare": 7.0, "min_tt_shelter": 25.0, "avg_tt_community": 46.376470588235293, "avg_tt_education": 44.368055555555557, "avg_tt_essential_services": 43.976047904191617, "avg_tt_food_and_drink": 46.273638968481379, "avg_tt_healthcare": 45.289156626506021, "avg_tt_shelter": 43.5, "avg_tt_all": 44.963894940494981, "n_unreachable_categories": 0, "count_community": 85.0, "count_education": 144.0, "count_essential_services": 167.0, "count_food_and_drink": 1396.0, "count_healthcare": 166.0, "count_shelter": 18.0, "gravity_community_per_100": 0.46001348769687089, "gravity_education_per_100": 0.84031867464536769, "gravity_essential_services_per_100": 0.97160551954848984, "gravity_food_and_drink_per_100": 7.5524129021597579, "gravity_healthcare_per_100": 0.92893761871424063, "gravity_shelter_per_100": 0.10500133861234184, "shannon": 1.0313666026432615, "kl_divergence": 0.007731662178815572, "jsd": 0.044891290308020748, "city_similarity": 0.95510870969197925 }, "geometry": { "type": "Polygon", "coordinates": [ [ [ 9.196340453988022, 45.431580487760357 ], [ 9.18994837454089, 45.431591296202122 ], [ 9.186765189131359, 45.43549419717128 ], [ 9.189974528548337, 45.43938655387506 ], [ 9.196367488107859, 45.439375742511274 ], [ 9.19955022801792, 45.435472577366063 ], [ 9.196340453988022, 45.431580487760357 ] ] ] } },
{ "type": "Feature", "properties": { "from_id": "99", "population": 3452.3107177045854, "gravity_community": 12.694955850791194, "gravity_education": 26.494331167829653, "gravity_essential_services": 38.633724334492513, "gravity_food_and_drink": 227.14813496116855, "gravity_healthcare": 33.763849548482973, "gravity_shelter": 5.5954587190911642, "avg_gravity": 57.388409096976005, "min_tt_community": 13.0, "min_tt_education": 12.0, "min_tt_essential_services": 9.0, "min_tt_food_and_drink": 8.0, "min_tt_healthcare": 9.0, "min_tt_shelter": 16.0, "avg_tt_community": 43.868421052631582, "avg_tt_education": 41.853333333333332, "avg_tt_essential_services": 40.972222222222221, "avg_tt_food_and_drink": 43.57309941520468, "avg_tt_healthcare": 41.885416666666664, "avg_tt_shelter": 39.0, "avg_tt_all": 41.858748781676418, "n_unreachable_categories": 0, "count_community": 38.0, "count_education": 75.0, "count_essential_services": 108.0, "count_food_and_drink": 684.0, "count_healthcare": 96.0, "count_shelter": 15.0, "gravity_community_per_100": 0.36772344348054431, "gravity_education_per_100": 0.76743761886663342, "gravity_essential_services_per_100": 1.1190685744584361, "gravity_food_and_drink_per_100": 6.5795970738172018, "gravity_healthcare_per_100": 0.9780072626525429, "gravity_shelter_per_100": 0.16207865330301269, "shannon": 1.1050937371536595, "kl_divergence": 0.0020482408461460107, "jsd": 0.022754975837175132, "city_similarity": 0.97724502416282488 }, "geometry": { "type": "Polygon", "coordinates": [ [ [ 9.215516669721339, 45.431545916238385 ], [ 9.209124601698308, 45.431557797777927 ], [ 9.205942741897829, 45.435461230841355 ], [ 9.209153396037305, 45.4393530463947 ], [ 9.215546344166984, 45.439341161643036 ], [ 9.218727757930449, 45.435437464550503 ], [ 9.215516669721339, 45.431545916238385 ] ] ] } },
{ "type": "Feature", "properties": { "from_id": "100", "population": 5498.7694919667911, "gravity_community": 27.908794119921232, "gravity_education": 45.241912361708842, "gravity_essential_services": 76.674650962164705, "gravity_food_and_drink": 483.15928401555607, "gravity_healthcare": 57.653693338316344, "gravity_shelter": 7.9311731618052068, "avg_gravity": 116.42825132657872, "min_tt_community": 11.0, "min_tt_education": 12.0, "min_tt_essential_services": 4.0, "min_tt_food_and_drink": 1.0, "min_tt_healthcare": 5.0, "min_tt_shelter": 8.0, "avg_tt_community": 45.522222222222226, "avg_tt_education": 40.905511811023622, "avg_tt_essential_services": 44.297872340425535, "avg_tt_food_and_drink": 44.624165554072093, "avg_tt_healthcare": 42.25, "avg_tt_shelter": 40.81818181818182, "avg_tt_all": 43.069658957654212, "n_unreachable_categories": 0, "count_community": 90.0, "count_education": 127.0, "count_essential_services": 235.0, "count_food_and_drink": 1498.0, "count_healthcare": 168.0, "count_shelter": 22.0, "gravity_community_per_100": 0.50754617302459171, "gravity_education_per_100": 0.82276430077316776, "gravity_essential_services_per_100": 1.394396529517731, "gravity_food_and_drink_per_100": 8.7866800876343056, "gravity_healthcare_per_100": 1.0484835456831427, "gravity_shelter_per_100": 0.14423541800382683, "shannon": 1.039948219995638, "kl_divergence": 0.0046582192126531727, "jsd": 0.034630174682864223, "city_similarity": 0.96536982531713578 }, "geometry": { "type": "Polygon", "coordinates": [ [ [ 9.205942741897829, 45.435461230841355 ], [ 9.19955022801792, 45.435472577366063 ], [ 9.196367488107859, 45.439375742511274 ], [ 9.199577707817383, 45.443267825270809 ], [ 9.205971101987041, 45.443256475678595 ], [ 9.209153396037305, 45.4393530463947 ], [ 9.205942741897829, 45.435461230841355 ] ] ] } },
{ "type": "Feature", "properties": { "from_id": "101", "population": 3046.549266706455, "gravity_community": 40.230875519490382, "gravity_education": 62.889625467019819, "gravity_essential_services": 108.46371828692254, "gravity_food_and_drink": 735.38220732877926, "gravity_healthcare": 78.300101679321202, "gravity_shelter": 8.7019549810799397, "avg_gravity": 172.32808054376889, "min_tt_community": 12.0, "min_tt_education": 7.0, "min_tt_essential_services": 6.0, "min_tt_food_and_drink": 5.0, "min_tt_healthcare": 6.0, "min_tt_shelter": 26.0, "avg_tt_community": 42.44166666666667, "avg_tt_education": 40.69318181818182, "avg_tt_essential_services": 42.611111111111114, "avg_tt_food_and_drink": 40.839789574366328, "avg_tt_healthcare": 40.692307692307693, "avg_tt_shelter": 40.64, "avg_tt_all": 41.319676143772263, "n_unreachable_categories": 0, "count_community": 120.0, "count_education": 176.0, "count_essential_services": 324.0, "count_food_and_drink": 2091.0, "count_healthcare": 221.0, "count_shelter": 25.0, "gravity_community_per_100": 1.3205391410913547, "gravity_education_per_100": 2.0642904467127869, "gravity_essential_services_per_100": 3.5602154697527624, "gravity_food_and_drink_per_100": 24.13820171448538, "gravity_healthcare_per_100": 2.5701242561545512, "gravity_shelter_per_100": 0.28563316130079841, "shannon": 1.0195066001374502, "kl_divergence": 0.0064156365947348522, "jsd": 0.040789252934480311, "city_similarity": 0.95921074706551968 }, "geometry": { "type": "Polygon", "coordinates": [ [ [ 9.196367488107859, 45.439375742511274 ], [ 9.189974528548337, 45.43938655387506 ], [ 9.186790908345735, 45.443289450920858 ], [ 9.190000693264892, 45.447181800851418 ], [ 9.196394533297173, 45.447170986564807 ], [ 9.199577707817383, 45.443267825270809 ], [ 9.196367488107859, 45.439375742511274 ] ] ] } },
{ "type": "Feature", "properties": { "from_id": "102", "population": 3120.9954578215506, "gravity_community": 28.678306483236945, "gravity_education": 43.595144371171408, "gravity_essential_services": 92.331253519632767, "gravity_food_and_drink": 526.96647339000867, "gravity_healthcare": 64.541720366722032, "gravity_shelter": 9.5941279753892452, "avg_gravity": 127.6178376843602, "min_tt_community": 2.0, "min_tt_education": 3.0, "min_tt_essential_services": 3.0, "min_tt_food_and_drink": 1.0, "min_tt_healthcare": 4.0, "min_tt_shelter": 11.0, "avg_tt_community": 44.363636363636367, "avg_tt_education": 40.383333333333333, "avg_tt_essential_services": 44.372759856630822, "avg_tt_food_and_drink": 42.554966887417216, "avg_tt_healthcare": 40.028571428571432, "avg_tt_shelter": 35.608695652173914, "avg_tt_all": 41.21866058696051, "n_unreachable_categories": 0, "count_community": 88.0, "count_education": 120.0, "count_essential_services": 279.0, "count_food_and_drink": 1510.0, "count_healthcare": 175.0, "count_shelter": 23.0, "gravity_community_per_100": 0.91888331369935261, "gravity_education_per_100": 1.3968345984585553, "gravity_essential_services_per_100": 2.9583911533174683, "gravity_food_and_drink_per_100": 16.884563931977983, "gravity_healthcare_per_100": 2.067985078445838, "gravity_shelter_per_100": 0.30740602173403769, "shannon": 1.0567789244919568, "kl_divergence": 0.0059081930301724001, "jsd": 0.039215939625708469, "city_similarity": 0.96078406037429154 }, "geometry": { "type": "Polygon", "coordinates": [ [ [ 9.215546344166984, 45.439341161643036 ], [ 9.209153396037305, 45.4393530463947 ], [ 9.205971101987041, 45.443256475678595 ], [ 9.20918220216651, 45.447148284312412 ], [ 9.2155760307632, 45.447136396347759 ], [ 9.21875787859326, 45.443232702962625 ], [ 9.215546344166984, 45.439341161643036 ] ] ] } },
{ "type": "Feature", "properties": { "from_id": "103", "population": 8821.2065825615609, "gravity_community": 43.198848538315119, "gravity_education": 61.410861334823046, "gravity_essential_services": 136.48072823870319, "gravity_food_and_drink": 865.95597105935201, "gravity_healthcare": 91.061980503447799, "gravity_shelter": 11.338999923759392, "avg_gravity": 201.57456493306677, "min_tt_community": 4.0, "min_tt_education": 5.0, "min_tt_essential_services": 4.0, "min_tt_food_and_drink": 2.0, "min_tt_healthcare": 4.0, "min_tt_shelter": 9.0, "avg_tt_community": 39.610169491525426, "avg_tt_education": 39.520958083832333, "avg_tt_essential_services": 40.082446808510639, "avg_tt_food_and_drink": 39.983007646559045, "avg_tt_healthcare": 39.077868852459019, "avg_tt_shelter": 36.142857142857146, "avg_tt_all": 39.069551337623935, "n_unreachable_categories": 0, "count_community": 118.0, "count_education": 167.0, "count_essential_services": 376.0, "count_food_and_drink": 2354.0, "count_healthcare": 244.0, "count_shelter": 28.0, "gravity_community_per_100": 0.48971586975090142, "gravity_education_per_100": 0.69617303211359727, "gravity_essential_services_per_100": 1.5471888903328574, "gravity_food_and_drink_per_100": 9.8167519709972595, "gravity_healthcare_per_100": 1.0323075381033033, "gravity_shelter_per_100": 0.12854250512821228, "shannon": 0.99157448856658759, "kl_divergence": 0.010722572666038967, "jsd": 0.053003589092820345, "city_similarity": 0.94699641090717968 }, "geometry": { "type": "Polygon", "coordinates": [ [ [ 9.205971101987041, 45.443256475678595 ], [ 9.199577707817383, 45.443267825270809 ], [ 9.196394533297173, 45.447170986564807 ], [ 9.199605198869335, 45.451063062477779 ], [ 9.205999473689197, 45.451051709817243 ], [ 9.20918220216651, 45.447148284312412 ], [ 9.205971101987041, 45.443256475678595 ] ] ] } },
{ "type": "Feature", "properties": { "from_id": "104", "population": 6719.2190446580853, "gravity_community": 55.997055412864221, "gravity_education": 78.560898763102159, "gravity_essential_services": 166.89641212642448, "gravity_food_and_drink": 1076.1692966329351, "gravity_healthcare": 109.83266106640509, "gravity_shelter": 10.658108165768581, "avg_gravity": 249.68573869458331, "min_tt_community": 6.0, "min_tt_education": 5.0, "min_tt_essential_services": 4.0, "min_tt_food_and_drink": 1.0, "min_tt_healthcare": 1.0, "min_tt_shelter": 17.0, "avg_tt_community": 36.978723404255319, "avg_tt_education": 38.622549019607845, "avg_tt_essential_services": 38.158256880733944, "avg_tt_food_and_drink": 36.782252050708429, "avg_tt_healthcare": 38.172535211267608, "avg_tt_shelter": 40.333333333333336, "avg_tt_all": 38.174608316651081, "n_unreachable_categories": 0, "count_community": 141.0, "count_education": 204.0, "count_essential_services": 436.0, "count_food_and_drink": 2686.0, "count_healthcare": 284.0, "count_shelter": 30.0, "gravity_community_per_100": 0.8333863658959445, "gravity_education_per_100": 1.1691968700672091, "gravity_essential_services_per_100": 2.4838662204220072, "gravity_food_and_drink_per_100": 16.016285367099492, "gravity_healthcare_per_100": 1.634604562471055, "gravity_shelter_per_100": 0.15862123402930275, "shannon": 1.0049986191545164, "kl_divergence": 0.0089803704130068333, "jsd": 0.048513184893399675, "city_similarity": 0.95148681510660027 }, "geometry": { "type": "Polygon", "coordinates": [ [ [ 9.196394533297173, 45.447170986564807 ], [ 9.190000693264892, 45.447181800851418 ], [ 9.186816638091681, 45.451084693974266 ], [ 9.190026868695941, 45.45497703713125 ], [ 9.196421589561529, 45.454966219921026 ], [ 9.199605198869335, 45.451063062477779 ], [ 9.196394533297173, 45.447170986564807 ] ] ] } },
{ "type": "Feature", "properties": { "from_id": "105", "population": 8601.0976390414853, "gravity_community": 39.008275100410017, "gravity_education": 55.47530114709739, "gravity_essential_services": 128.88431428648568, "gravity_food_and_drink": 790.81546539507156, "gravity_healthcare": 85.770761469481286, "gravity_shelter": 12.903271952501971, "avg_gravity": 185.47623155850798, "min_tt_community": 3.0, "min_tt_education": 6.0, "min_tt_essential_services": 4.0, "min_tt_food_and_drink": 1.0, "min_tt_healthcare": 1.0, "min_tt_shelter": 1.0, "avg_tt_community": 41.450450450450454, "avg_tt_education": 42.130434782608695, "avg_tt_essential_services": 41.187327823691462, "avg_tt_food_and_drink": 42.160832964111655, "avg_tt_healthcare": 39.460869565217394, "avg_tt_shelter": 34.083333333333336, "avg_tt_all": 40.078874819902168, "n_unreachable_categories": 0, "count_community": 111.0, "count_education": 161.0, "count_essential_services": 363.0, "count_food_and_drink": 2257.0, "count_healthcare": 230.0, "count_shelter": 26.0, "gravity_community_per_100": 0.45352670946724816, "gravity_education_per_100": 0.64497932095652399, "gravity_essential_services_per_100": 1.4984635647136855, "gravity_food_and_drink_per_100": 9.1943551693386052, "gravity_healthcare_per_100": 0.99720715970199902, "gravity_shelter_per_100": 0.15001889868023779, "shannon": 0.9884219195608267, "kl_divergence": 0.011103440896843671, "jsd": 0.053941949425868538, "city_similarity": 0.9460580505741315 }, "geometry": { "type": "Polygon", "coordinates": [ [ [ 9.2155760307632, 45.447136396347759 ], [ 9.20918220216651, 45.447148284312412 ], [ 9.205999473689197, 45.451051709817243 ], [ 9.209211020091852, 45.45494351153112 ], [ 9.215605729516099, 45.454931620352568 ], [ 9.218788011589925, 45.451027930674393 ], [ 9.2155760307632, 45.447136396347759 ] ] ] } },
{ "type": "Feature", "properties": { "from_id": "106", "population": 9229.8953341760807, "gravity_community": 9.935464581787901, "gravity_education": 18.113664106713436, "gravity_essential_services": 29.288534856742409, "gravity_food_and_drink": 176.01002522475835, "gravity_healthcare": 28.917208998532736, "gravity_shelter": 7.8737530220930392, "avg_gravity": 45.023108465104634, "min_tt_community": 8.0, "min_tt_education": 16.0, "min_tt_essential_services": 9.0, "min_tt_food_and_drink": 4.0, "min_tt_healthcare": 10.0, "min_tt_shelter": 23.0, "avg_tt_community": 41.892857142857146, "avg_tt_education": 42.07692307692308, "avg_tt_essential_services": 42.802325581395351, "avg_tt_food_and_drink": 42.53125, "avg_tt_healthcare": 40.217948717948715, "avg_tt_shelter": 42.125, "avg_tt_all": 41.94105075318739, "n_unreachable_categories": 0, "count_community": 28.0, "count_education": 52.0, "count_essential_services": 86.0, "count_food_and_drink": 512.0, "count_healthcare": 78.0, "count_shelter": 24.0, "gravity_community_per_100": 0.10764439055987197, "gravity_education_per_100": 0.19624994055612849, "gravity_essential_services_per_100": 0.31732250254554906, "gravity_food_and_drink_per_100": 1.9069558088382172, "gravity_healthcare_per_100": 0.31329942487494167, "gravity_shelter_per_100": 0.085307067274516396, "shannon": 1.1567823108367046, "kl_divergence": 0.0100289167361888, "jsd": 0.048029760872401885, "city_similarity": 0.95197023912759815 }, "geometry": { "type": "Polygon", "coordinates": [ [ [ 9.234692849021259, 45.431508125433545 ], [ 9.228300793502877, 45.431521080065579 ], [ 9.225120259842976, 45.435425044785546 ], [ 9.228332228155651, 45.439316318755871 ], [ 9.234725163774396, 45.439303360621615 ], [ 9.237905250860017, 45.435399132019654 ], [ 9.234692849021259, 45.431508125433545 ] ] ] } },
{ "type": "Feature", "properties": { "from_id": "107", "population": 2484.7570630758892, "gravity_community": 6.5152778361055956, "gravity_education": 14.951779627777848, "gravity_essential_services": 18.689577727902243, "gravity_food_and_drink": 95.959693654825131, "gravity_healthcare": 20.048281476785025, "gravity_shelter": 10.564931601558868, "avg_gravity": 27.788256987492456, "min_tt_community": 19.0, "min_tt_education": 1.0, "min_tt_essential_services": 9.0, "min_tt_food_and_drink": 2.0, "min_tt_healthcare": 5.0, "min_tt_shelter": 5.0, "avg_tt_community": 44.0, "avg_tt_education": 41.097560975609753, "avg_tt_essential_services": 41.134615384615387, "avg_tt_food_and_drink": 41.354716981132079, "avg_tt_healthcare": 42.526315789473685, "avg_tt_shelter": 37.875, "avg_tt_all": 41.331368188471821, "n_unreachable_categories": 0, "count_community": 20.0, "count_education": 41.0, "count_essential_services": 52.0, "count_food_and_drink": 265.0, "count_healthcare": 57.0, "count_shelter": 25.0, "gravity_community_per_100": 0.26220985274271891, "gravity_education_per_100": 0.60174009966467257, "gravity_essential_services_per_100": 0.75216921628412037, "gravity_food_and_drink_per_100": 3.8619346366214287, "gravity_healthcare_per_100": 0.80685076922438415, "gravity_shelter_per_100": 0.42518972009603639, "shannon": 1.3329873698924952, "kl_divergence": 0.046017465994826985, "jsd": 0.098129605681558166, "city_similarity": 0.90187039431844185 }, "geometry": { "type": "Polygon", "coordinates": [ [ [ 9.244297739724347, 45.435385639019977 ], [ 9.237905250860017, 45.435399132019654 ], [ 9.234725163774396, 45.439303360621615 ], [ 9.23793801236758, 45.443194360068723 ], [ 9.244331381509083, 45.443180863421283 ], [ 9.247511021660111, 45.439276370974923 ], [ 9.244297739724347, 45.435385639019977 ] ] ] } },
{ "type": "Feature", "properties": { "from_id": "108", "population": 2949.2727027380679, "gravity_community": 15.465398273041822, "gravity_education": 29.305750478746297, "gravity_essential_services": 49.773099750725756, "gravity_food_and_drink": 297.69569072064786, "gravity_healthcare": 46.763082504792834, "gravity_shelter": 10.3385889406965, "avg_gravity": 74.890268444775174, "min_tt_community": 9.0, "min_tt_education": 2.0, "min_tt_essential_services": 3.0, "min_tt_food_and_drink": 1.0, "min_tt_healthcare": 5.0, "min_tt_shelter": 10.0, "avg_tt_community": 42.227272727272727, "avg_tt_education": 39.558441558441558, "avg_tt_essential_services": 41.117647058823529, "avg_tt_food_and_drink": 40.699136868064116, "avg_tt_healthcare": 40.54032258064516, "avg_tt_shelter": 45.454545454545453, "avg_tt_all": 41.599561041298756, "n_unreachable_categories": 0, "count_community": 44.0, "count_education": 77.0, "count_essential_services": 136.0, "count_food_and_drink": 811.0, "count_healthcare": 124.0, "count_shelter": 33.0, "gravity_community_per_100": 0.52438007033679657, "gravity_education_per_100": 0.99366024889930349, "gravity_essential_services_per_100": 1.68763979351645, "gravity_food_and_drink_per_100": 10.093867903238344, "gravity_healthcare_per_100": 1.5855801486711816, "gravity_shelter_per_100": 0.35054706643771133, "shannon": 1.1396810369937489, "kl_divergence": 0.0083079506365105332, "jsd": 0.044561879177488023, "city_similarity": 0.955438120822512 }, "geometry": { "type": "Polygon", "coordinates": [ [ [ 9.225120259842976, 45.435425044785546 ], [ 9.218727757930449, 45.435437464550503 ], [ 9.215546344166984, 45.439341161643036 ], [ 9.21875787859326, 45.443232702962625 ], [ 9.225151260789518, 45.443220279840041 ], [ 9.228332228155651, 45.439316318755871 ], [ 9.225120259842976, 45.435425044785546 ] ] ] } },
{ "type": "Feature", "properties": { "from_id": "109", "population": 13280.262528776415, "gravity_community": 4.875213667970554, "gravity_education": 11.938305812600355, "gravity_essential_services": 13.696176898276253, "gravity_food_and_drink": 64.857544602940152, "gravity_healthcare": 12.783272595706965, "gravity_shelter": 8.9382279707410337, "avg_gravity": 19.51479025803922, "min_tt_community": 9.0, "min_tt_education": 7.0, "min_tt_essential_services": 13.0, "min_tt_food_and_drink": 8.0, "min_tt_healthcare": 10.0, "min_tt_shelter": 12.0, "avg_tt_community": 42.214285714285715, "avg_tt_education": 39.258064516129032, "avg_tt_essential_services": 37.029411764705884, "avg_tt_food_and_drink": 42.596774193548384, "avg_tt_healthcare": 40.714285714285715, "avg_tt_shelter": 28.055555555555557, "avg_tt_all": 38.311396243085049, "n_unreachable_categories": 0, "count_community": 14.0, "count_education": 31.0, "count_essential_services": 34.0, "count_food_and_drink": 186.0, "count_healthcare": 35.0, "count_shelter": 18.0, "gravity_community_per_100": 0.036710220580403949, "gravity_education_per_100": 0.089895104006654736, "gravity_essential_services_per_100": 0.10313182340031767, "gravity_food_and_drink_per_100": 0.48837547045778046, "gravity_healthcare_per_100": 0.096257679906609189, "gravity_shelter_per_100": 0.067304602987879061, "shannon": 1.3225878020778725, "kl_divergence": 0.045173952265227996, "jsd": 0.096206785078883569, "city_similarity": 0.90379321492111642 }, "geometry": { "type": "Polygon", "coordinates": [ [ [ 9.253903943686844, 45.439262339463831 ], [ 9.247511021660111, 45.439276370974923 ], [ 9.244331381509083, 45.443180863421283 ], [ 9.247545110559633, 45.447071588163716 ], [ 9.253938913040253, 45.447057552859263 ], [ 9.257118105896287, 45.443152796606171 ], [ 9.253903943686844, 45.439262339463831 ] ] ] } },
{ "type": "Feature", "properties": { "from_id": "110", "population": 2937.9655308151041, "gravity_community": 12.553012156034583, "gravity_education": 25.117498732961934, "gravity_essential_services": 41.403740176996465, "gravity_food_and_drink": 255.18942140406287, "gravity_healthcare": 39.328136885939912, "gravity_shelter": 9.8966729817205561, "avg_gravity": 63.914747056286046, "min_tt_community": 13.0, "min_tt_education": 5.0, "min_tt_essential_services": 16.0, "min_tt_food_and_drink": 8.0, "min_tt_healthcare": 14.0, "min_tt_shelter": 13.0, "avg_tt_community": 43.657894736842103, "avg_tt_education": 44.06666666666667, "avg_tt_essential_services": 43.20967741935484, "avg_tt_food_and_drink": 43.355006501950584, "avg_tt_healthcare": 42.271929824561404, "avg_tt_shelter": 46.636363636363633, "avg_tt_all": 43.866256464289876, "n_unreachable_categories": 0, "count_community": 38.0, "count_education": 75.0, "count_essential_services": 124.0, "count_food_and_drink": 769.0, "count_healthcare": 114.0, "count_shelter": 33.0, "gravity_community_per_100": 0.4272688710732388, "gravity_education_per_100": 0.8549282988351935, "gravity_essential_services_per_100": 1.409265688883337, "gravity_food_and_drink_per_100": 8.6859229193633034, "gravity_healthcare_per_100": 1.3386180495803428, "gravity_shelter_per_100": 0.33685463215679184, "shannon": 1.1306592731589198, "kl_divergence": 0.0096272341986920855, "jsd": 0.047858659603856719, "city_similarity": 0.95214134039614329 }, "geometry": { "type": "Polygon", "coordinates": [ [ [ 9.234725163774396, 45.439303360621615 ], [ 9.228332228155651, 45.439316318755871 ], [ 9.225151260789518, 45.443220279840041 ], [ 9.22836367567972, 45.447111546744409 ], [ 9.234757491759188, 45.447098585106964 ], [ 9.23793801236758, 45.443194360068723 ], [ 9.234725163774396, 45.439303360621615 ] ] ] } },
{ "type": "Feature", "properties": { "from_id": "111", "population": 3533.9228717527935, "gravity_community": 7.845475779006474, "gravity_education": 16.578100291169328, "gravity_essential_services": 22.718427548381392, "gravity_food_and_drink": 112.12778059794232, "gravity_healthcare": 22.505199570441938, "gravity_shelter": 10.034250989628216, "avg_gravity": 31.968205796094946, "min_tt_community": 13.0, "min_tt_education": 12.0, "min_tt_essential_services": 5.0, "min_tt_food_and_drink": 6.0, "min_tt_healthcare": 5.0, "min_tt_shelter": 13.0, "avg_tt_community": 45.88, "avg_tt_education": 41.282608695652172, "avg_tt_essential_services": 42.21875, "avg_tt_food_and_drink": 46.486187845303867, "avg_tt_healthcare": 44.617647058823529, "avg_tt_shelter": 37.52, "avg_tt_all": 43.000865599963269, "n_unreachable_categories": 0, "count_community": 25.0, "count_education": 46.0, "count_essential_services": 64.0, "count_food_and_drink": 362.0, "count_healthcare": 68.0, "count_shelter": 25.0, "gravity_community_per_100": 0.22200472573175287, "gravity_education_per_100": 0.46911324589681097, "gravity_essential_services_per_100": 0.64286710188197338, "gravity_food_and_drink_per_100": 3.1728983531077457, "gravity_healthcare_per_100": 0.63683335452308742, "gravity_shelter_per_100": 0.28394085988218865, "shannon": 1.2565097555558369, "kl_divergence": 0.024276018854979077, "jsd": 0.072306670609814147, "city_similarity": 0.92769332939018589 }, "geometry": { "type": "Polygon", "coordinates": [ [ [ 9.244331381509083, 45.443180863421283 ], [ 9.23793801236758, 45.443194360068723 ], [ 9.234757491759188, 45.447098585106964 ], [ 9.237970787290351, 45.450989577414617 ], [ 9.244365037069473, 45.450976077118405 ], [ 9.247545110559633, 45.447071588163716 ], [ 9.244331381509083, 45.443180863421283 ] ] ] } },
{ "type": "Feature", "properties": { "from_id": "112", "population": 3372.7740910878251, "gravity_community": 23.437330934599199, "gravity_education": 38.336138537996199, "gravity_essential_services": 74.113683955512755, "gravity_food_and_drink": 423.20369141478398, "gravity_healthcare": 58.378942780548172, "gravity_shelter": 9.2855881053097526, "avg_gravity": 104.45922928812502, "min_tt_community": 2.0, "min_tt_education": 11.0, "min_tt_essential_services": 6.0, "min_tt_food_and_drink": 2.0, "min_tt_healthcare": 7.0, "min_tt_shelter": 12.0, "avg_tt_community": 45.418918918918919, "avg_tt_education": 45.108333333333334, "avg_tt_essential_services": 43.659192825112108, "avg_tt_food_and_drink": 42.116013071895424, "avg_tt_healthcare": 40.852760736196316, "avg_tt_shelter": 35.090909090909093, "avg_tt_all": 42.041021329394205, "n_unreachable_categories": 0, "count_community": 74.0, "count_education": 120.0, "count_essential_services": 223.0, "count_food_and_drink": 1224.0, "count_healthcare": 163.0, "count_shelter": 22.0, "gravity_community_per_100": 0.69489774000961702, "gravity_education_per_100": 1.1366352297147657, "gravity_essential_services_per_100": 2.197410260928824, "gravity_food_and_drink_per_100": 12.547644164281621, "gravity_healthcare_per_100": 1.7308880228535894, "gravity_shelter_per_100": 0.27531011133671451, "shannon": 1.1026673936409743, "kl_divergence": 0.0018696971180943156, "jsd": 0.021834727430087769, "city_similarity": 0.97816527256991226 }, "geometry": { "type": "Polygon", "coordinates": [ [ [ 9.225151260789518, 45.443220279840041 ], [ 9.21875787859326, 45.443232702962625 ], [ 9.2155760307632, 45.447136396347759 ], [ 9.218788011589925, 45.451027930674393 ], [ 9.225182274430367, 45.451015504193258 ], [ 9.22836367567972, 45.447111546744409 ], [ 9.225151260789518, 45.443220279840041 ] ] ] } },
{ "type": "Feature", "properties": { "from_id": "113", "population": 6985.676484096497, "gravity_community": 7.6717896360232638, "gravity_education": 17.985357614242819, "gravity_essential_services": 24.298003020463593, "gravity_food_and_drink": 105.8390622523186, "gravity_healthcare": 20.834306674387207, "gravity_shelter": 10.545362155238731, "avg_gravity": 31.195646892112368, "min_tt_community": 13.0, "min_tt_education": 9.0, "min_tt_essential_services": 2.0, "min_tt_food_and_drink": 1.0, "min_tt_healthcare": 13.0, "min_tt_shelter": 4.0, "avg_tt_community": 42.636363636363633, "avg_tt_education": 41.265306122448976, "avg_tt_essential_services": 42.954545454545453, "avg_tt_food_and_drink": 46.085798816568044, "avg_tt_healthcare": 43.936507936507937, "avg_tt_shelter": 34.5, "avg_tt_all": 41.896420327739008, "n_unreachable_categories": 0, "count_community": 22.0, "count_education": 49.0, "count_essential_services": 67.0, "count_food_and_drink": 338.0, "count_healthcare": 63.0, "count_shelter": 24.0, "gravity_community_per_100": 0.10982171380951813, "gravity_education_per_100": 0.25746050014179811, "gravity_essential_services_per_100": 0.3478260562993451, "gravity_food_and_drink_per_100": 1.5150867992995449, "gravity_healthcare_per_100": 0.29824322271176351, "gravity_shelter_per_100": 0.15095692134106367, "shannon": 1.2784007187026143, "kl_divergence": 0.025449528042602941, "jsd": 0.074356534223060863, "city_similarity": 0.92564346577693912 }, "geometry": { "type": "Polygon", "coordinates": [ [ [ 9.253938913040253, 45.447057552859263 ], [ 9.247545110559633, 45.447071588163716 ], [ 9.244365037069473, 45.450976077118405 ], [ 9.247579213418541, 45.454866794647842 ], [ 9.253973896713582, 45.454852755548984 ], [ 9.257153522724927, 45.450948002715528 ], [ 9.253938913040253, 45.447057552859263 ] ] ] } },
{ "type": "Feature", "properties": { "from_id": "114", "population": 875.79686124592024, "gravity_community": 15.799945056806628, "gravity_education": 28.674666618564306, "gravity_essential_services": 51.941004836199546, "gravity_food_and_drink": 295.72684823760522, "gravity_healthcare": 45.366983926625807, "gravity_shelter": 9.0115012423358216, "avg_gravity": 74.420158319689563, "min_tt_community": 13.0, "min_tt_education": 13.0, "min_tt_essential_services": 13.0, "min_tt_food_and_drink": 11.0, "min_tt_healthcare": 9.0, "min_tt_shelter": 16.0, "avg_tt_community": 46.962264150943398, "avg_tt_education": 45.5, "avg_tt_essential_services": 44.524390243902438, "avg_tt_food_and_drink": 44.143318965517238, "avg_tt_healthcare": 43.384057971014492, "avg_tt_shelter": 44.035714285714285, "avg_tt_all": 44.758290936181972, "n_unreachable_categories": 0, "count_community": 53.0, "count_education": 92.0, "count_essential_services": 164.0, "count_food_and_drink": 928.0, "count_healthcare": 138.0, "count_shelter": 28.0, "gravity_community_per_100": 1.8040650470394948, "gravity_education_per_100": 3.2741230172681073, "gravity_essential_services_per_100": 5.9307137459145016, "gravity_food_and_drink_per_100": 33.76660288744359, "gravity_healthcare_per_100": 5.1800806710001375, "gravity_shelter_per_100": 1.0289487940749114, "shannon": 1.1329509052639928, "kl_divergence": 0.0036266355783815298, "jsd": 0.030024516883192451, "city_similarity": 0.96997548311680759 }, "geometry": { "type": "Polygon", "coordinates": [ [ [ 9.234757491759188, 45.447098585106964 ], [ 9.22836367567972, 45.447111546744409 ], [ 9.225182274430367, 45.451015504193258 ], [ 9.228395136081561, 45.454906764031207 ], [ 9.234789832982289, 45.454893798889628 ], [ 9.237970787290351, 45.450989577414617 ], [ 9.234757491759188, 45.447098585106964 ] ] ] } },
{ "type": "Feature", "properties": { "from_id": "115", "population": 1633.3588515516024, "gravity_community": 31.392461449859113, "gravity_education": 48.771371764884385, "gravity_essential_services": 108.93730512150685, "gravity_food_and_drink": 605.8895501771625, "gravity_healthcare": 76.524037276988224, "gravity_shelter": 13.384400926065481, "avg_gravity": 147.48318778607776, "min_tt_community": 11.0, "min_tt_education": 3.0, "min_tt_essential_services": 4.0, "min_tt_food_and_drink": 3.0, "min_tt_healthcare": 5.0, "min_tt_shelter": 9.0, "avg_tt_community": 43.294736842105266, "avg_tt_education": 43.143835616438359, "avg_tt_essential_services": 43.206153846153846, "avg_tt_food_and_drink": 42.515527950310556, "avg_tt_healthcare": 40.10526315789474, "avg_tt_shelter": 39.142857142857146, "avg_tt_all": 41.901395759293322, "n_unreachable_categories": 0, "count_community": 95.0, "count_education": 146.0, "count_essential_services": 325.0, "count_food_and_drink": 1771.0, "count_healthcare": 209.0, "count_shelter": 35.0, "gravity_community_per_100": 1.9219574081983257, "gravity_education_per_100": 2.9859557021749525, "gravity_essential_services_per_100": 6.6695267251297734, "gravity_food_and_drink_per_100": 37.094699036993632, "gravity_healthcare_per_100": 4.6850719426594178, "gravity_shelter_per_100": 0.81944031547941998, "shannon": 1.0652337291184439, "kl_divergence": 0.0049855948615760296, "jsd": 0.035942248802110249, "city_similarity": 0.96405775119788972 }, "geometry": { "type": "Polygon", "coordinates": [ [ [ 9.225182274430367, 45.451015504193258 ], [ 9.218788011589925, 45.451027930674393 ], [ 9.215605729516099, 45.454931620352568 ], [ 9.218818156926647, 45.458823147685841 ], [ 9.225213300771903, 45.458810717845232 ], [ 9.228395136081561, 45.454906764031207 ], [ 9.225182274430367, 45.451015504193258 ] ] ] } },
{ "type": "Feature", "properties": { "from_id": "116", "population": 13153.823948363743, "gravity_community": 0.78999550252289719, "gravity_education": 1.8327725725816117, "gravity_essential_services": 0.78539998395710475, "gravity_food_and_drink": 4.70211427717721, "gravity_healthcare": 1.4474473882134336, "gravity_shelter": 3.2727800930639339, "avg_gravity": 2.1384183029193653, "min_tt_community": 44.0, "min_tt_education": 51.0, "min_tt_essential_services": 43.0, "min_tt_food_and_drink": 40.0, "min_tt_healthcare": 43.0, "min_tt_shelter": 35.0, "avg_tt_community": 50.0, "avg_tt_education": 55.0, "avg_tt_essential_services": 50.333333333333336, "avg_tt_food_and_drink": 52.526315789473685, "avg_tt_healthcare": 53.666666666666664, "avg_tt_shelter": 52.769230769230766, "avg_tt_all": 52.382591093117412, "n_unreachable_categories": 0, "count_community": 3.0, "count_education": 8.0, "count_essential_services": 3.0, "count_food_and_drink": 19.0, "count_healthcare": 6.0, "count_shelter": 13.0, "gravity_community_per_100": 0.0060058239005180538, "gravity_education_per_100": 0.013933382260369978, "gravity_essential_services_per_100": 0.0059708871506890119, "gravity_food_and_drink_per_100": 0.035747127950287984, "gravity_healthcare_per_100": 0.011004004568523114, "gravity_shelter_per_100": 0.024880826335455464, "shannon": 1.5807351589640455, "kl_divergence": 0.60445866813392857, "jsd": 0.3129357947323913, "city_similarity": 0.6870642052676087 }, "geometry": { "type": "Polygon", "coordinates": [ [ [ 9.285711154575713, 45.408005936034272 ], [ 9.29210052802252, 45.407989775271616 ], [ 9.292858825056758, 45.407056804906276 ], [ 9.283958230056076, 45.405884650558058 ], [ 9.285711154575713, 45.408005936034272 ] ] ] } },
{ "type": "Feature", "properties": { "from_id": "117", "population": 10.7640874057897, "gravity_community": 1.3333810754582274, "gravity_education": 2.7987822794293078, "gravity_essential_services": 1.9673954850133692, "gravity_food_and_drink": 9.0161135692726582, "gravity_healthcare": 1.7309837894934632, "gravity_shelter": 4.95100238466659, "avg_gravity": 3.6329430972222698, "min_tt_community": 38.0, "min_tt_education": 45.0, "min_tt_essential_services": 37.0, "min_tt_food_and_drink": 34.0, "min_tt_healthcare": 36.0, "min_tt_shelter": 29.0, "avg_tt_community": 50.2, "avg_tt_education": 51.272727272727273, "avg_tt_essential_services": 53.125, "avg_tt_food_and_drink": 51.25714285714286, "avg_tt_healthcare": 47.0, "avg_tt_shelter": 49.555555555555557, "avg_tt_all": 50.401737614237618, "n_unreachable_categories": 0, "count_community": 5.0, "count_education": 11.0, "count_essential_services": 8.0, "count_food_and_drink": 35.0, "count_healthcare": 6.0, "count_shelter": 18.0, "gravity_community_per_100": 12.387311856470424, "gravity_education_per_100": 26.001110674035605, "gravity_essential_services_per_100": 18.277401611911497, "gravity_food_and_drink_per_100": 83.76105868875743, "gravity_healthcare_per_100": 16.081101204756248, "gravity_shelter_per_100": 45.995560961383362, "shannon": 1.5480695179815007, "kl_divergence": 0.45077539663995014, "jsd": 0.26648358086541113, "city_similarity": 0.73351641913458887 }, "geometry": { "type": "Polygon", "coordinates": [ [ [ 9.29210052802252, 45.407989775271616 ], [ 9.295315523456351, 45.411879176821373 ], [ 9.301705328089444, 45.411862477702627 ], [ 9.302048835003948, 45.411439760477236 ], [ 9.300689561789492, 45.409890232576998 ], [ 9.300698280334473, 45.409881591796882 ], [ 9.300456047058105, 45.409370422363274 ], [ 9.299888610839844, 45.40869140625 ], [ 9.299423217773438, 45.408187866210938 ], [ 9.298901557922363, 45.407852172851562 ], [ 9.292858825056758, 45.407056804906276 ], [ 9.29210052802252, 45.407989775271616 ] ] ] } },
{ "type": "Feature", "properties": { "from_id": "118", "population": 0.0, "gravity_community": 3.2536749481227334, "gravity_education": 5.7668498637935697, "gravity_essential_services": 6.606721977195062, "gravity_food_and_drink": 24.195531016544624, "gravity_healthcare": 6.6146144354136416, "gravity_shelter": 7.4702090469018207, "avg_gravity": 8.9846002146619082, "min_tt_community": 23.0, "min_tt_education": 30.0, "min_tt_essential_services": 21.0, "min_tt_food_and_drink": 19.0, "min_tt_healthcare": 21.0, "min_tt_shelter": 23.0, "avg_tt_community": 43.5, "avg_tt_education": 41.294117647058826, "avg_tt_essential_services": 47.739130434782609, "avg_tt_food_and_drink": 45.430379746835442, "avg_tt_healthcare": 46.272727272727273, "avg_tt_shelter": 41.68181818181818, "avg_tt_all": 44.319695547203715, "n_unreachable_categories": 0, "count_community": 10.0, "count_education": 17.0, "count_essential_services": 23.0, "count_food_and_drink": 79.0, "count_healthcare": 22.0, "count_shelter": 22.0, "gravity_community_per_100": 0.0, "gravity_education_per_100": 0.0, "gravity_essential_services_per_100": 0.0, "gravity_food_and_drink_per_100": 0.0, "gravity_healthcare_per_100": 0.0, "gravity_shelter_per_100": 0.0, "shannon": 1.5434702480674298, "kl_divergence": 0.21133140914387621, "jsd": 0.19586455843458253, "city_similarity": 0.8041354415654175 }, "geometry": { "type": "Polygon", "coordinates": [ [ [ 9.29210052802252, 45.407989775271616 ], [ 9.285711154575713, 45.408005936034272 ], [ 9.282535897684344, 45.411911502715121 ], [ 9.285750461752032, 45.415801171857659 ], [ 9.292140714197137, 45.415785006726068 ], [ 9.295315523456351, 45.411879176821373 ], [ 9.29210052802252, 45.407989775271616 ] ] ] } },
{ "type": "Feature", "properties": { "from_id": "119", "population": 27.331808948722767, "gravity_community": 0.88221624413592348, "gravity_education": 0.68611790164975206, "gravity_essential_services": 1.1646379935961189, "gravity_food_and_drink": 2.2317538339154233, "gravity_healthcare": 0.36084359193426219, "gravity_shelter": 2.8882202119599736, "avg_gravity": 1.3689649628652425, "min_tt_community": 44.0, "min_tt_education": 55.0, "min_tt_essential_services": 41.0, "min_tt_food_and_drink": 38.0, "min_tt_healthcare": 38.0, "min_tt_shelter": 40.0, "avg_tt_community": 45.666666666666664, "avg_tt_education": 55.0, "avg_tt_essential_services": 46.25, "avg_tt_food_and_drink": 42.857142857142854, "avg_tt_healthcare": 38.0, "avg_tt_shelter": 50.090909090909093, "avg_tt_all": 46.31078643578644, "n_unreachable_categories": 0, "count_community": 3.0, "count_education": 3.0, "count_essential_services": 4.0, "count_food_and_drink": 7.0, "count_healthcare": 1.0, "count_shelter": 11.0, "gravity_community_per_100": 3.2278004203492352, "gravity_education_per_100": 2.510327446445197, "gravity_essential_services_per_100": 4.2611083510099803, "gravity_food_and_drink_per_100": 8.165408437115957, "gravity_healthcare_per_100": 1.3202331123096944, "gravity_shelter_per_100": 10.567248649288331, "shannon": 1.5695347885224815, "kl_divergence": 1.093517234818437, "jsd": 0.41029573745638348, "city_similarity": 0.58970426254361652 }, "geometry": { "type": "Polygon", "coordinates": [ [ [ 9.301705328089444, 45.411862477702627 ], [ 9.304921202517411, 45.415751603974606 ], [ 9.305829598869579, 45.415749175379943 ], [ 9.302048835003948, 45.411439760477236 ], [ 9.301705328089444, 45.411862477702627 ] ] ] } },
{ "type": "Feature", "properties": { "from_id": "120", "population": 0.0, "gravity_community": 0.0, "gravity_education": 0.0, "gravity_essential_services": 0.22870596721658404, "gravity_food_and_drink": 1.2077053853428048, "gravity_healthcare": 0.2349237886176038, "gravity_shelter": 0.45168346596447745, "avg_gravity": 0.35383643452357832, "min_tt_community": null, "min_tt_education": null, "min_tt_essential_services": 55.0, "min_tt_food_and_drink": 23.0, "min_tt_healthcare": 54.0, "min_tt_shelter": 54.0, "avg_tt_community": null, "avg_tt_education": null, "avg_tt_essential_services": 55.0, "avg_tt_food_and_drink": 47.75, "avg_tt_healthcare": 54.0, "avg_tt_shelter": 55.5, "avg_tt_all": 53.0625, "n_unreachable_categories": 2, "count_community": 0.0, "count_education": 0.0, "count_essential_services": 1.0, "count_food_and_drink": 4.0, "count_healthcare": 1.0, "count_shelter": 2.0, "gravity_community_per_100": 0.0, "gravity_education_per_100": 0.0, "gravity_essential_services_per_100": 0.0, "gravity_food_and_drink_per_100": 0.0, "gravity_healthcare_per_100": 0.0, "gravity_shelter_per_100": 0.0, "shannon": 1.2130075708089068, "kl_divergence": 0.62474296205329793, "jsd": 0.33707140547823505, "city_similarity": 0.66292859452176489 }, "geometry": { "type": "Polygon", "coordinates": [ [ [ 9.256941239055651, 45.4041766054644 ], [ 9.263330196311525, 45.404162054976915 ], [ 9.264062451677159, 45.403261811296758 ], [ 9.255222891589472, 45.402095310571106 ], [ 9.256941239055651, 45.4041766054644 ] ] ] } },
{ "type": "Feature", "properties": { "from_id": "121", "population": 4.4032942037492981, "gravity_community": 3.7741357844989065, "gravity_education": 7.3093432458193028, "gravity_essential_services": 8.4579136829113626, "gravity_food_and_drink": 36.225502292976849, "gravity_healthcare": 9.2363766906864004, "gravity_shelter": 5.6122716386829952, "avg_gravity": 11.76925722259597, "min_tt_community": 20.0, "min_tt_education": 21.0, "min_tt_essential_services": 21.0, "min_tt_food_and_drink": 14.0, "min_tt_healthcare": 17.0, "min_tt_shelter": 27.0, "avg_tt_community": 34.222222222222221, "avg_tt_education": 35.444444444444443, "avg_tt_essential_services": 31.473684210526315, "avg_tt_food_and_drink": 35.079545454545453, "avg_tt_healthcare": 32.047619047619051, "avg_tt_shelter": 40.8125, "avg_tt_all": 34.84666922989291, "n_unreachable_categories": 0, "count_community": 9.0, "count_education": 18.0, "count_essential_services": 19.0, "count_food_and_drink": 88.0, "count_healthcare": 21.0, "count_shelter": 16.0, "gravity_community_per_100": 85.711642462711694, "gravity_education_per_100": 165.99715820931462, "gravity_essential_services_per_100": 192.08150288276568, "gravity_food_and_drink_per_100": 822.69093584824998, "gravity_healthcare_per_100": 209.76060792898758, "gravity_shelter_per_100": 127.45620390080413, "shannon": 1.4571718386495718, "kl_divergence": 0.12423810161049892, "jsd": 0.15356536550484209, "city_similarity": 0.84643463449515788 }, "geometry": { "type": "Polygon", "coordinates": [ [ [ 9.263330196311525, 45.404162054976915 ], [ 9.266543002550552, 45.408052273915828 ], [ 9.272932391719856, 45.408037185357145 ], [ 9.275580542270024, 45.404780681309688 ], [ 9.264062451677159, 45.403261811296758 ], [ 9.263330196311525, 45.404162054976915 ] ] ] } },
{ "type": "Feature", "properties": { "from_id": "122", "population": 3853.8943621309736, "gravity_community": 3.7966960102932452, "gravity_education": 6.8235438676265217, "gravity_essential_services": 7.7062361924008993, "gravity_food_and_drink": 29.139232767956027, "gravity_healthcare": 8.1392283426632233, "gravity_shelter": 7.3764128110230951, "avg_gravity": 10.496891665327169, "min_tt_community": 13.0, "min_tt_education": 23.0, "min_tt_essential_services": 14.0, "min_tt_food_and_drink": 15.0, "min_tt_healthcare": 7.0, "min_tt_shelter": 31.0, "avg_tt_community": 38.7, "avg_tt_education": 35.176470588235297, "avg_tt_essential_services": 42.608695652173914, "avg_tt_food_and_drink": 40.378048780487802, "avg_tt_healthcare": 39.227272727272727, "avg_tt_shelter": 41.863636363636367, "avg_tt_all": 39.659020685301016, "n_unreachable_categories": 0, "count_community": 10.0, "count_education": 17.0, "count_essential_services": 23.0, "count_food_and_drink": 82.0, "count_healthcare": 22.0, "count_shelter": 22.0, "gravity_community_per_100": 0.098515829795446153, "gravity_education_per_100": 0.17705580969410664, "gravity_essential_services_per_100": 0.19995971524605594, "gravity_food_and_drink_per_100": 0.75609837815699155, "gravity_healthcare_per_100": 0.21119489995991264, "gravity_shelter_per_100": 0.19140153096838852, "shannon": 1.5303493878777208, "kl_divergence": 0.20157891014560134, "jsd": 0.19081900682342098, "city_similarity": 0.80918099317657899 }, "geometry": { "type": "Polygon", "coordinates": [ [ [ 9.272932391719856, 45.408037185357145 ], [ 9.276146076785237, 45.411927129488525 ], [ 9.282535897684344, 45.411911502715121 ], [ 9.285711154575713, 45.408005936034272 ], [ 9.283958230056076, 45.405884650558058 ], [ 9.275580542270024, 45.404780681309688 ], [ 9.272932391719856, 45.408037185357145 ] ] ] } },
{ "type": "Feature", "properties": { "from_id": "123", "population": 949.62565707677015, "gravity_community": 0.2349237886176038, "gravity_education": 0.0, "gravity_essential_services": 0.28344806502718034, "gravity_food_and_drink": 1.7269480063152489, "gravity_healthcare": 0.28344806502718034, "gravity_shelter": 1.5304540505665738, "avg_gravity": 0.67653699592563132, "min_tt_community": 54.0, "min_tt_education": null, "min_tt_essential_services": 47.0, "min_tt_food_and_drink": 16.0, "min_tt_healthcare": 47.0, "min_tt_shelter": 47.0, "avg_tt_community": 54.0, "avg_tt_education": null, "avg_tt_essential_services": 47.0, "avg_tt_food_and_drink": 42.4, "avg_tt_healthcare": 47.0, "avg_tt_shelter": 51.0, "avg_tt_all": 48.28, "n_unreachable_categories": 1, "count_community": 1.0, "count_education": 0.0, "count_essential_services": 1.0, "count_food_and_drink": 5.0, "count_healthcare": 1.0, "count_shelter": 6.0, "gravity_community_per_100": 0.024738567968010574, "gravity_education_per_100": 0.0, "gravity_essential_services_per_100": 0.029848400042151103, "gravity_food_and_drink_per_100": 0.18185566001147313, "gravity_healthcare_per_100": 0.029848400042151103, "gravity_shelter_per_100": 0.16116393224649866, "shannon": 1.2963611625730502, "kl_divergence": 1.2065974798831358, "jsd": 0.41883734254036509, "city_similarity": 0.58116265745963491 }, "geometry": { "type": "Polygon", "coordinates": [ [ [ 9.263330196311525, 45.404162054976915 ], [ 9.256941239055651, 45.4041766054644 ], [ 9.253764209328574, 45.408081378823958 ], [ 9.25697658347436, 45.411971865105592 ], [ 9.26336641956034, 45.4119573106845 ], [ 9.266543002550552, 45.408052273915828 ], [ 9.263330196311525, 45.404162054976915 ] ] ] } },
{ "type": "Feature", "properties": { "from_id": "124", "population": 1250.9796012945453, "gravity_community": 6.0986532366198301, "gravity_education": 10.927716942649257, "gravity_essential_services": 12.792452347674953, "gravity_food_and_drink": 53.178417763544054, "gravity_healthcare": 13.41937013526851, "gravity_shelter": 10.14319915207534, "avg_gravity": 17.759968262971991, "min_tt_community": 11.0, "min_tt_education": 5.0, "min_tt_essential_services": 10.0, "min_tt_food_and_drink": 2.0, "min_tt_healthcare": 3.0, "min_tt_shelter": 14.0, "avg_tt_community": 32.92307692307692, "avg_tt_education": 25.65, "avg_tt_essential_services": 30.346153846153847, "avg_tt_food_and_drink": 30.321100917431192, "avg_tt_healthcare": 26.32, "avg_tt_shelter": 36.84, "avg_tt_all": 30.400055281110326, "n_unreachable_categories": 0, "count_community": 13.0, "count_education": 20.0, "count_essential_services": 26.0, "count_food_and_drink": 109.0, "count_healthcare": 25.0, "count_shelter": 25.0, "gravity_community_per_100": 0.48751020642613119, "gravity_education_per_100": 0.87353278433485082, "gravity_essential_services_per_100": 1.0225947996623606, "gravity_food_and_drink_per_100": 4.2509420384244221, "gravity_healthcare_per_100": 1.0727089491612658, "gravity_shelter_per_100": 0.810820507510986, "shannon": 1.4841730106129569, "kl_divergence": 0.16450394567928178, "jsd": 0.171564950314707, "city_similarity": 0.82843504968529302 }, "geometry": { "type": "Polygon", "coordinates": [ [ [ 9.272932391719856, 45.408037185357145 ], [ 9.266543002550552, 45.408052273915828 ], [ 9.26336641956034, 45.4119573106845 ], [ 9.266579672716059, 45.415847522266311 ], [ 9.272969940891558, 45.415832429628558 ], [ 9.276146076785237, 45.411927129488525 ], [ 9.272932391719856, 45.408037185357145 ] ] ] } },
{ "type": "Feature", "properties": { "from_id": "125", "population": 5700.2697051317728, "gravity_community": 6.2805316637439725, "gravity_education": 10.534104880545124, "gravity_essential_services": 10.841213792891137, "gravity_food_and_drink": 45.001037073971339, "gravity_healthcare": 10.7148467363746, "gravity_shelter": 13.988056564023019, "avg_gravity": 16.226631785258196, "min_tt_community": 5.0, "min_tt_education": 10.0, "min_tt_essential_services": 4.0, "min_tt_food_and_drink": 2.0, "min_tt_healthcare": 8.0, "min_tt_shelter": 14.0, "avg_tt_community": 32.928571428571431, "avg_tt_education": 27.857142857142858, "avg_tt_essential_services": 31.083333333333332, "avg_tt_food_and_drink": 32.833333333333336, "avg_tt_healthcare": 29.826086956521738, "avg_tt_shelter": 37.057142857142857, "avg_tt_all": 31.93093512767426, "n_unreachable_categories": 0, "count_community": 14.0, "count_education": 21.0, "count_essential_services": 24.0, "count_food_and_drink": 102.0, "count_healthcare": 23.0, "count_shelter": 35.0, "gravity_community_per_100": 0.11017955269888033, "gravity_education_per_100": 0.18480011342378416, "gravity_essential_services_per_100": 0.19018773415459858, "gravity_food_and_drink_per_100": 0.78945452411590855, "gravity_healthcare_per_100": 0.18797087314532437, "gravity_shelter_per_100": 0.24539288994396202, "shannon": 1.5285427724018255, "kl_divergence": 0.27520498561398055, "jsd": 0.21349734651780969, "city_similarity": 0.78650265348219028 }, "geometry": { "type": "Polygon", "coordinates": [ [ [ 9.282535897684344, 45.411911502715121 ], [ 9.276146076785237, 45.411927129488525 ], [ 9.272969940891558, 45.415832429628558 ], [ 9.276184073233349, 45.419722366329275 ], [ 9.28257477331465, 45.419706735331296 ], [ 9.285750461752032, 45.415801171857659 ], [ 9.282535897684344, 45.411911502715121 ] ] ] } },
{ "type": "Feature", "properties": { "from_id": "126", "population": 1258.3380074040217, "gravity_community": 6.0443722523730647, "gravity_education": 12.040094740942152, "gravity_essential_services": 15.635215895737741, "gravity_food_and_drink": 69.218427773444276, "gravity_healthcare": 16.269745509934587, "gravity_shelter": 10.521598240056065, "avg_gravity": 21.621575735414648, "min_tt_community": 7.0, "min_tt_education": 1.0, "min_tt_essential_services": 2.0, "min_tt_food_and_drink": 1.0, "min_tt_healthcare": 4.0, "min_tt_shelter": 11.0, "avg_tt_community": 24.09090909090909, "avg_tt_education": 27.0, "avg_tt_essential_services": 24.0, "avg_tt_food_and_drink": 29.32846715328467, "avg_tt_healthcare": 26.766666666666666, "avg_tt_shelter": 35.083333333333336, "avg_tt_all": 27.711562707365626, "n_unreachable_categories": 0, "count_community": 11.0, "count_education": 23.0, "count_essential_services": 27.0, "count_food_and_drink": 137.0, "count_healthcare": 30.0, "count_shelter": 24.0, "gravity_community_per_100": 0.48034567952395674, "gravity_education_per_100": 0.95682516701383957, "gravity_essential_services_per_100": 1.2425290982025987, "gravity_food_and_drink_per_100": 5.5007817745442962, "gravity_healthcare_per_100": 1.2929551054012445, "gravity_shelter_per_100": 0.83615039664599722, "shannon": 1.4031298399187038, "kl_divergence": 0.11594806263563369, "jsd": 0.14556388430310399, "city_similarity": 0.85443611569689604 }, "geometry": { "type": "Polygon", "coordinates": [ [ [ 9.26336641956034, 45.4119573106845 ], [ 9.25697658347436, 45.411971865105592 ], [ 9.253799121474211, 45.415876635042743 ], [ 9.257011942360505, 45.419767114040312 ], [ 9.263402657636311, 45.419752555684525 ], [ 9.266579672716059, 45.415847522266311 ], [ 9.26336641956034, 45.4119573106845 ] ] ] } },
{ "type": "Feature", "properties": { "from_id": "127", "population": 3856.8168061995939, "gravity_community": 6.4117812039001345, "gravity_education": 12.398569547285783, "gravity_essential_services": 12.640099653739467, "gravity_food_and_drink": 51.663799366241612, "gravity_healthcare": 12.144018851284853, "gravity_shelter": 13.681076048347316, "avg_gravity": 18.156557445133195, "min_tt_community": 11.0, "min_tt_education": 6.0, "min_tt_essential_services": 11.0, "min_tt_food_and_drink": 10.0, "min_tt_healthcare": 18.0, "min_tt_shelter": 10.0, "avg_tt_community": 33.142857142857146, "avg_tt_education": 28.833333333333332, "avg_tt_essential_services": 29.576923076923077, "avg_tt_food_and_drink": 31.383928571428573, "avg_tt_healthcare": 28.52, "avg_tt_shelter": 36.787878787878789, "avg_tt_all": 31.374153485403486, "n_unreachable_categories": 0, "count_community": 14.0, "count_education": 24.0, "count_essential_services": 26.0, "count_food_and_drink": 112.0, "count_healthcare": 25.0, "count_shelter": 33.0, "gravity_community_per_100": 0.16624541755764999, "gravity_education_per_100": 0.32147157021707257, "gravity_essential_services_per_100": 0.32773399123912988, "gravity_food_and_drink_per_100": 1.3395450694778983, "gravity_healthcare_per_100": 0.31487154981704329, "gravity_shelter_per_100": 0.35472454969486322, "shannon": 1.5140428114215565, "kl_divergence": 0.22811682265877292, "jsd": 0.19738731909978999, "city_similarity": 0.80261268090020998 }, "geometry": { "type": "Polygon", "coordinates": [ [ [ 9.272969940891558, 45.415832429628558 ], [ 9.266579672716059, 45.415847522266311 ], [ 9.263402657636311, 45.419752555684525 ], [ 9.266616357892351, 45.423642759908745 ], [ 9.273007505433855, 45.423627663190793 ], [ 9.276184073233349, 45.419722366329275 ], [ 9.272969940891558, 45.415832429628558 ] ] ] } },
{ "type": "Feature", "properties": { "from_id": "128", "population": 2610.3657487463543, "gravity_community": 6.7763237593248498, "gravity_education": 12.075583682556845, "gravity_essential_services": 15.652979350446468, "gravity_food_and_drink": 74.88835818860106, "gravity_healthcare": 17.437844410447866, "gravity_shelter": 12.680128189864265, "avg_gravity": 23.251869596873561, "min_tt_community": 5.0, "min_tt_education": 6.0, "min_tt_essential_services": 4.0, "min_tt_food_and_drink": 4.0, "min_tt_healthcare": 4.0, "min_tt_shelter": 10.0, "avg_tt_community": 30.071428571428573, "avg_tt_education": 27.291666666666668, "avg_tt_essential_services": 26.533333333333335, "avg_tt_food_and_drink": 30.198717948717949, "avg_tt_healthcare": 29.62857142857143, "avg_tt_shelter": 36.70967741935484, "avg_tt_all": 30.072232561345469, "n_unreachable_categories": 0, "count_community": 14.0, "count_education": 24.0, "count_essential_services": 30.0, "count_food_and_drink": 156.0, "count_healthcare": 35.0, "count_shelter": 31.0, "gravity_community_per_100": 0.25959288511884687, "gravity_education_per_100": 0.46260121549465727, "gravity_essential_services_per_100": 0.59964697889419971, "gravity_food_and_drink_per_100": 2.868883727292495, "gravity_healthcare_per_100": 0.66802303159327414, "gravity_shelter_per_100": 0.48576059488805279, "shannon": 1.414969411191437, "kl_divergence": 0.13940776597780577, "jsd": 0.15720929066205511, "city_similarity": 0.84279070933794487 }, "geometry": { "type": "Polygon", "coordinates": [ [ [ 9.263402657636311, 45.419752555684525 ], [ 9.257011942360505, 45.419767114040312 ], [ 9.253834047911011, 45.423671880555617 ], [ 9.257047315721358, 45.427562352268609 ], [ 9.263438910546888, 45.427547789977062 ], [ 9.266616357892351, 45.423642759908745 ], [ 9.263402657636311, 45.419752555684525 ] ] ] } },
{ "type": "Feature", "properties": { "from_id": "129", "population": 1605.0174880486265, "gravity_community": 1.611352383841693, "gravity_education": 3.3801914164001219, "gravity_essential_services": 3.8210566150294047, "gravity_food_and_drink": 19.833931163391778, "gravity_healthcare": 4.4140545248599192, "gravity_shelter": 5.5915220186838033, "avg_gravity": 6.4420180203677866, "min_tt_community": 37.0, "min_tt_education": 32.0, "min_tt_essential_services": 35.0, "min_tt_food_and_drink": 11.0, "min_tt_healthcare": 33.0, "min_tt_shelter": 13.0, "avg_tt_community": 50.0, "avg_tt_education": 48.166666666666664, "avg_tt_essential_services": 49.428571428571431, "avg_tt_food_and_drink": 49.338028169014088, "avg_tt_healthcare": 48.75, "avg_tt_shelter": 48.368421052631582, "avg_tt_all": 49.008614552813953, "n_unreachable_categories": 0, "count_community": 6.0, "count_education": 12.0, "count_essential_services": 14.0, "count_food_and_drink": 71.0, "count_healthcare": 16.0, "count_shelter": 19.0, "gravity_community_per_100": 0.10039469325663038, "gravity_education_per_100": 0.21060153185681138, "gravity_essential_services_per_100": 0.23806946924142422, "gravity_food_and_drink_per_100": 1.2357454863314785, "gravity_healthcare_per_100": 0.27501597694281255, "gravity_shelter_per_100": 0.34837763826997004, "shannon": 1.4455705651184325, "kl_divergence": 0.20868622458794669, "jsd": 0.18661954677583811, "city_similarity": 0.81338045322416186 }, "geometry": { "type": "Polygon", "coordinates": [ [ [ 9.28257477331465, 45.419706735331296 ], [ 9.276184073233349, 45.419722366329275 ], [ 9.273007505433855, 45.423627663190793 ], [ 9.276222085235862, 45.427517592460319 ], [ 9.282613664859253, 45.427501957236601 ], [ 9.285789785018553, 45.423596396969579 ], [ 9.28257477331465, 45.419706735331296 ] ] ] } },
{ "type": "Feature", "properties": { "from_id": "130", "population": 823.23641841393146, "gravity_community": 2.600023946086814, "gravity_education": 1.3330610693955325, "gravity_essential_services": 2.1748983835478093, "gravity_food_and_drink": 5.8165949783476796, "gravity_healthcare": 0.48468937332853068, "gravity_shelter": 6.8061033011600101, "avg_gravity": 3.2025618419777291, "min_tt_community": 20.0, "min_tt_education": 36.0, "min_tt_essential_services": 22.0, "min_tt_food_and_drink": 23.0, "min_tt_healthcare": 27.0, "min_tt_shelter": 18.0, "avg_tt_community": 40.142857142857146, "avg_tt_education": 42.0, "avg_tt_essential_services": 32.2, "avg_tt_food_and_drink": 44.5, "avg_tt_healthcare": 27.0, "avg_tt_shelter": 42.2, "avg_tt_all": 38.00714285714286, "n_unreachable_categories": 0, "count_community": 7.0, "count_education": 4.0, "count_essential_services": 5.0, "count_food_and_drink": 18.0, "count_healthcare": 1.0, "count_shelter": 20.0, "gravity_community_per_100": 0.31582955854845285, "gravity_education_per_100": 0.16192931211228997, "gravity_essential_services_per_100": 0.2641887961829999, "gravity_food_and_drink_per_100": 0.70655219427173566, "gravity_healthcare_per_100": 0.058876084984474539, "gravity_shelter_per_100": 0.82674953985549182, "shannon": 1.4772409102586772, "kl_divergence": 1.0084219462821744, "jsd": 0.38860215453662017, "city_similarity": 0.61139784546337983 }, "geometry": { "type": "Polygon", "coordinates": [ [ [ 9.311354278834859, 45.423529573407933 ], [ 9.313450646524455, 45.42606366190914 ], [ 9.313590049743652, 45.424594879150391 ], [ 9.311979920405649, 45.42275960227964 ], [ 9.311354278834859, 45.423529573407933 ] ] ] } },
{ "type": "Feature", "properties": { "from_id": "131", "population": 4.1566315922426424, "gravity_community": 2.9559467179010817, "gravity_education": 2.0485742463882208, "gravity_essential_services": 2.4227695418536666, "gravity_food_and_drink": 7.6682074011176837, "gravity_healthcare": 0.80745626301153395, "gravity_shelter": 7.2305608037682996, "avg_gravity": 3.8555858290067477, "min_tt_community": 25.0, "min_tt_education": 36.0, "min_tt_essential_services": 22.0, "min_tt_food_and_drink": 20.0, "min_tt_healthcare": 20.0, "min_tt_shelter": 21.0, "avg_tt_community": 43.777777777777779, "avg_tt_education": 47.142857142857146, "avg_tt_essential_services": 35.5, "avg_tt_food_and_drink": 43.565217391304351, "avg_tt_healthcare": 38.0, "avg_tt_shelter": 39.05, "avg_tt_all": 41.172642051989875, "n_unreachable_categories": 0, "count_community": 9.0, "count_education": 7.0, "count_essential_services": 6.0, "count_food_and_drink": 23.0, "count_healthcare": 2.0, "count_shelter": 20.0, "gravity_community_per_100": 71.11399344165234, "gravity_education_per_100": 49.284479534135144, "gravity_essential_services_per_100": 58.286848090535273, "gravity_food_and_drink_per_100": 184.48128565034622, "gravity_healthcare_per_100": 19.425735600875903, "gravity_shelter_per_100": 173.95240938028786, "shannon": 1.5544798461072329, "kl_divergence": 0.79252041819986263, "jsd": 0.35265571568967513, "city_similarity": 0.64734428431032487 }, "geometry": { "type": "Polygon", "coordinates": [ [ [ 9.301705328089444, 45.411862477702627 ], [ 9.295315523456351, 45.411879176821373 ], [ 9.292140714197137, 45.415785006726068 ], [ 9.295356157442994, 45.41967440069849 ], [ 9.301746841250109, 45.419657697065261 ], [ 9.304921202517411, 45.415751603974606 ], [ 9.301705328089444, 45.411862477702627 ] ] ] } },
{ "type": "Feature", "properties": { "from_id": "132", "population": 10.773428889582755, "gravity_community": 2.8306140481634525, "gravity_education": 1.4400658721323938, "gravity_essential_services": 2.5370769253551577, "gravity_food_and_drink": 6.6117842234744995, "gravity_healthcare": 0.92914017086163969, "gravity_shelter": 7.2326368029396439, "avg_gravity": 3.596886340487798, "min_tt_community": 23.0, "min_tt_education": 34.0, "min_tt_essential_services": 20.0, "min_tt_food_and_drink": 20.0, "min_tt_healthcare": 23.0, "min_tt_shelter": 17.0, "avg_tt_community": 41.375, "avg_tt_education": 39.0, "avg_tt_essential_services": 34.166666666666664, "avg_tt_food_and_drink": 41.842105263157897, "avg_tt_healthcare": 48.333333333333336, "avg_tt_shelter": 39.45, "avg_tt_all": 40.694517543859654, "n_unreachable_categories": 0, "count_community": 8.0, "count_education": 4.0, "count_essential_services": 6.0, "count_food_and_drink": 19.0, "count_healthcare": 3.0, "count_shelter": 20.0, "gravity_community_per_100": 26.274031018114229, "gravity_education_per_100": 13.366829510749815, "gravity_essential_services_per_100": 23.549391297401662, "gravity_food_and_drink_per_100": 61.371215155721579, "gravity_healthcare_per_100": 8.6243681597050426, "gravity_shelter_per_100": 67.134028330879502, "shannon": 1.5595764039401945, "kl_divergence": 0.89555965279982785, "jsd": 0.36732845919138934, "city_similarity": 0.63267154080861066 }, "geometry": { "type": "Polygon", "coordinates": [ [ [ 9.304921202517411, 45.415751603974606 ], [ 9.301746841250109, 45.419657697065261 ], [ 9.304963163849902, 45.423546815686208 ], [ 9.311354278834859, 45.423529573407933 ], [ 9.311979920405649, 45.42275960227964 ], [ 9.311252901858333, 45.421930876535576 ], [ 9.311432838439941, 45.421089172363281 ], [ 9.309289932250977, 45.420799255371094 ], [ 9.310390785449993, 45.420948191451423 ], [ 9.306692779216034, 45.416733011770795 ], [ 9.30681324005127, 45.416355133056641 ], [ 9.306394577026367, 45.416267395019531 ], [ 9.305385589599609, 45.416088104248047 ], [ 9.306263922423142, 45.416244178511576 ], [ 9.305829598869579, 45.415749175379943 ], [ 9.304921202517411, 45.415751603974606 ] ] ] } },
{ "type": "Feature", "properties": { "from_id": "133", "population": 1401.4615989097356, "gravity_community": 5.3752974152428923, "gravity_education": 7.6290905293287512, "gravity_essential_services": 8.4785889949705613, "gravity_food_and_drink": 32.01210617158435, "gravity_healthcare": 7.4676912770976989, "gravity_shelter": 12.876676599860733, "avg_gravity": 12.306575164680831, "min_tt_community": 21.0, "min_tt_education": 21.0, "min_tt_essential_services": 22.0, "min_tt_food_and_drink": 18.0, "min_tt_healthcare": 26.0, "min_tt_shelter": 4.0, "avg_tt_community": 39.666666666666664, "avg_tt_education": 36.6, "avg_tt_essential_services": 41.16, "avg_tt_food_and_drink": 41.606382978723403, "avg_tt_healthcare": 40.954545454545453, "avg_tt_shelter": 33.206896551724135, "avg_tt_all": 38.865748608609941, "n_unreachable_categories": 0, "count_community": 15.0, "count_education": 20.0, "count_essential_services": 25.0, "count_food_and_drink": 94.0, "count_healthcare": 22.0, "count_shelter": 29.0, "gravity_community_per_100": 0.38354939010991063, "gravity_education_per_100": 0.544366719378097, "gravity_essential_services_per_100": 0.60498189900932453, "gravity_food_and_drink_per_100": 2.2841943151698274, "gravity_healthcare_per_100": 0.53285022457320086, "gravity_shelter_per_100": 0.9188033842581288, "shannon": 1.5487098983437408, "kl_divergence": 0.2398212383939842, "jsd": 0.2045072385349242, "city_similarity": 0.79549276146507575 }, "geometry": { "type": "Polygon", "coordinates": [ [ [ 9.292140714197137, 45.415785006726068 ], [ 9.285750461752032, 45.415801171857659 ], [ 9.28257477331465, 45.419706735331296 ], [ 9.285789785018553, 45.423596396969579 ], [ 9.292180916821755, 45.423580227467866 ], [ 9.295356157442994, 45.41967440069849 ], [ 9.292140714197137, 45.415785006726068 ] ] ] } },
{ "type": "Feature", "properties": { "from_id": "134", "population": 27.729046340502503, "gravity_community": 5.5895713006807455, "gravity_education": 4.8780111249571219, "gravity_essential_services": 5.866324800715125, "gravity_food_and_drink": 18.321798266648184, "gravity_healthcare": 3.3808613052357162, "gravity_shelter": 11.550849703875114, "avg_gravity": 8.2645694170186683, "min_tt_community": 8.0, "min_tt_education": 19.0, "min_tt_essential_services": 5.0, "min_tt_food_and_drink": 6.0, "min_tt_healthcare": 7.0, "min_tt_shelter": 5.0, "avg_tt_community": 38.357142857142854, "avg_tt_education": 44.466666666666669, "avg_tt_essential_services": 40.4, "avg_tt_food_and_drink": 45.607142857142854, "avg_tt_healthcare": 50.833333333333336, "avg_tt_shelter": 29.625, "avg_tt_all": 41.548214285714288, "n_unreachable_categories": 0, "count_community": 14.0, "count_education": 15.0, "count_essential_services": 15.0, "count_food_and_drink": 56.0, "count_healthcare": 12.0, "count_shelter": 24.0, "gravity_community_per_100": 20.157820186251136, "gravity_education_per_100": 17.591701730585815, "gravity_essential_services_per_100": 21.155883720914204, "gravity_food_and_drink_per_100": 66.074390159918352, "gravity_healthcare_per_100": 12.192490371720618, "gravity_shelter_per_100": 41.65613761841977, "shannon": 1.6060359520838936, "kl_divergence": 0.36262898957147466, "jsd": 0.24907797148321659, "city_similarity": 0.75092202851678347 }, "geometry": { "type": "Polygon", "coordinates": [ [ [ 9.301746841250109, 45.419657697065261 ], [ 9.295356157442994, 45.41967440069849 ], [ 9.292180916821755, 45.423580227467866 ], [ 9.295396808063716, 45.427469613862357 ], [ 9.301788371404742, 45.427452905713423 ], [ 9.304963163849902, 45.423546815686208 ], [ 9.301746841250109, 45.419657697065261 ] ] ] } },
{ "type": "Feature", "properties": { "from_id": "135", "population": 2075.2802837169152, "gravity_community": 3.9611093796169925, "gravity_education": 2.1008161669449916, "gravity_essential_services": 3.2028819733542679, "gravity_food_and_drink": 8.775001788571144, "gravity_healthcare": 0.98840012009058542, "gravity_shelter": 8.6948251203661879, "avg_gravity": 4.6205057581573614, "min_tt_community": 10.0, "min_tt_education": 27.0, "min_tt_essential_services": 13.0, "min_tt_food_and_drink": 14.0, "min_tt_healthcare": 22.0, "min_tt_shelter": 8.0, "avg_tt_community": 39.1, "avg_tt_education": 42.166666666666664, "avg_tt_essential_services": 32.571428571428569, "avg_tt_food_and_drink": 43.57692307692308, "avg_tt_healthcare": 45.333333333333336, "avg_tt_shelter": 33.9, "avg_tt_all": 39.441391941391942, "n_unreachable_categories": 0, "count_community": 10.0, "count_education": 6.0, "count_essential_services": 7.0, "count_food_and_drink": 26.0, "count_healthcare": 3.0, "count_shelter": 20.0, "gravity_community_per_100": 0.19087105537968477, "gravity_education_per_100": 0.10123047876609423, "gravity_essential_services_per_100": 0.15433491073397421, "gravity_food_and_drink_per_100": 0.42283453745605593, "gravity_healthcare_per_100": 0.047627307397741903, "gravity_shelter_per_100": 0.41897112349534721, "shannon": 1.5639054097214153, "kl_divergence": 0.70881735086308884, "jsd": 0.33299600897693726, "city_similarity": 0.66700399102306274 }, "geometry": { "type": "Polygon", "coordinates": [ [ [ 9.311354278834859, 45.423529573407933 ], [ 9.304963163849902, 45.423546815686208 ], [ 9.301788371404742, 45.427452905713423 ], [ 9.305005142360619, 45.43134201668272 ], [ 9.311397137055206, 45.431324769743107 ], [ 9.31315680493868, 45.429159396828481 ], [ 9.313450646524455, 45.42606366190914 ], [ 9.311354278834859, 45.423529573407933 ] ] ] } },
{ "type": "Feature", "properties": { "from_id": "136", "population": 4395.0225619769753, "gravity_community": 6.4898831943857891, "gravity_education": 5.8139299240878524, "gravity_essential_services": 6.6805634160705161, "gravity_food_and_drink": 21.713771285188443, "gravity_healthcare": 3.88353453814599, "gravity_shelter": 14.689165518071663, "avg_gravity": 9.878474645991707, "min_tt_community": 11.0, "min_tt_education": 18.0, "min_tt_essential_services": 13.0, "min_tt_food_and_drink": 8.0, "min_tt_healthcare": 17.0, "min_tt_shelter": 2.0, "avg_tt_community": 39.176470588235297, "avg_tt_education": 44.833333333333336, "avg_tt_essential_services": 42.631578947368418, "avg_tt_food_and_drink": 45.149253731343286, "avg_tt_healthcare": 49.571428571428569, "avg_tt_shelter": 28.714285714285715, "avg_tt_all": 41.67939181433244, "n_unreachable_categories": 0, "count_community": 17.0, "count_education": 18.0, "count_essential_services": 19.0, "count_food_and_drink": 67.0, "count_healthcare": 14.0, "count_shelter": 28.0, "gravity_community_per_100": 0.14766438858658557, "gravity_education_per_100": 0.13228441588415016, "gravity_essential_services_per_100": 0.15200293791132338, "gravity_food_and_drink_per_100": 0.49405369321747283, "gravity_healthcare_per_100": 0.088362106983111657, "gravity_shelter_per_100": 0.33422275564984044, "shannon": 1.608482756630375, "kl_divergence": 0.35234004602416569, "jsd": 0.24673212153365676, "city_similarity": 0.75326787846634324 }, "geometry": { "type": "Polygon", "coordinates": [ [ [ 9.292180916821755, 45.423580227467866 ], [ 9.285789785018553, 45.423596396969579 ], [ 9.282613664859253, 45.427501957236601 ], [ 9.285829124383357, 45.43139161137006 ], [ 9.292221135904642, 45.431375437497032 ], [ 9.295396808063716, 45.427469613862357 ], [ 9.292180916821755, 45.423580227467866 ] ] ] } },
{ "type": "Feature", "properties": { "from_id": "137", "population": 605.79715092612764, "gravity_community": 4.2355336015881688, "gravity_education": 2.58090886803401, "gravity_essential_services": 3.9899320975789592, "gravity_food_and_drink": 9.0318859950771273, "gravity_healthcare": 0.82556774641617081, "gravity_shelter": 9.1451271215152392, "avg_gravity": 4.9681592383682789, "min_tt_community": 21.0, "min_tt_education": 7.0, "min_tt_essential_services": 12.0, "min_tt_food_and_drink": 14.0, "min_tt_healthcare": 32.0, "min_tt_shelter": 17.0, "avg_tt_community": 34.0, "avg_tt_education": 20.75, "avg_tt_essential_services": 28.5, "avg_tt_food_and_drink": 33.666666666666664, "avg_tt_healthcare": 33.0, "avg_tt_shelter": 33.571428571428569, "avg_tt_all": 30.581349206349206, "n_unreachable_categories": 0, "count_community": 10.0, "count_education": 4.0, "count_essential_services": 8.0, "count_food_and_drink": 21.0, "count_healthcare": 2.0, "count_shelter": 21.0, "gravity_community_per_100": 0.69916697282464768, "gravity_education_per_100": 0.42603516112421141, "gravity_essential_services_per_100": 0.65862510107207506, "gravity_food_and_drink_per_100": 1.4909092889046116, "gravity_healthcare_per_100": 0.13627791830220121, "gravity_shelter_per_100": 1.5096022005937788, "shannon": 1.5462790236948285, "kl_divergence": 0.88311047707884449, "jsd": 0.37132103686109103, "city_similarity": 0.62867896313890892 }, "geometry": { "type": "Polygon", "coordinates": [ [ [ 9.301788371404742, 45.427452905713423 ], [ 9.295396808063716, 45.427469613862357 ], [ 9.292221135904642, 45.431375437497032 ], [ 9.295437475326878, 45.435264816313001 ], [ 9.301829918561884, 45.435248103647133 ], [ 9.305005142360619, 45.43134201668272 ], [ 9.301788371404742, 45.427452905713423 ] ] ] } },
{ "type": "Feature", "properties": { "from_id": "138", "population": 1036.4338242754761, "gravity_community": 5.0967478170103684, "gravity_education": 2.2747842651153634, "gravity_essential_services": 3.8413760842357285, "gravity_food_and_drink": 11.409734524310398, "gravity_healthcare": 1.1384800028646893, "gravity_shelter": 10.626091993686968, "avg_gravity": 5.7312024478705865, "min_tt_community": 6.0, "min_tt_education": 22.0, "min_tt_essential_services": 15.0, "min_tt_food_and_drink": 5.0, "min_tt_healthcare": 26.0, "min_tt_shelter": 2.0, "avg_tt_community": 28.3, "avg_tt_education": 39.666666666666664, "avg_tt_essential_services": 28.625, "avg_tt_food_and_drink": 34.384615384615387, "avg_tt_healthcare": 38.333333333333336, "avg_tt_shelter": 28.428571428571427, "avg_tt_all": 32.956364468864471, "n_unreachable_categories": 0, "count_community": 10.0, "count_education": 6.0, "count_essential_services": 8.0, "count_food_and_drink": 26.0, "count_healthcare": 3.0, "count_shelter": 21.0, "gravity_community_per_100": 0.49175815161892017, "gravity_education_per_100": 0.21948186288744115, "gravity_essential_services_per_100": 0.37063399459401669, "gravity_food_and_drink_per_100": 1.1008647399448224, "gravity_healthcare_per_100": 0.10984589427699824, "gravity_shelter_per_100": 1.0252552304644427, "shannon": 1.5695616056466446, "kl_divergence": 0.72774280650581136, "jsd": 0.3371225459966431, "city_similarity": 0.66287745400335685 }, "geometry": { "type": "Polygon", "coordinates": [ [ [ 9.292221135904642, 45.431375437497032 ], [ 9.285829124383357, 45.43139161137006 ], [ 9.282652572326148, 45.435297168431084 ], [ 9.285868479854537, 45.439186815059159 ], [ 9.292261371454067, 45.439170636813593 ], [ 9.295437475326878, 45.435264816313001 ], [ 9.292221135904642, 45.431375437497032 ] ] ] } },
{ "type": "Feature", "properties": { "from_id": "139", "population": 270.16714345989499, "gravity_community": 2.7427507379556091, "gravity_education": 1.1740969890225106, "gravity_essential_services": 2.4344498250019972, "gravity_food_and_drink": 5.7858124231511612, "gravity_healthcare": 0.60210431550903354, "gravity_shelter": 4.7119630086055064, "avg_gravity": 2.9085295498743027, "min_tt_community": 24.0, "min_tt_education": 33.0, "min_tt_essential_services": 22.0, "min_tt_food_and_drink": 18.0, "min_tt_healthcare": 35.0, "min_tt_shelter": 19.0, "avg_tt_community": 41.0, "avg_tt_education": 35.0, "avg_tt_essential_services": 40.571428571428569, "avg_tt_food_and_drink": 40.0625, "avg_tt_healthcare": 46.5, "avg_tt_shelter": 45.06666666666667, "avg_tt_all": 41.366765873015872, "n_unreachable_categories": 0, "count_community": 8.0, "count_education": 3.0, "count_essential_services": 7.0, "count_food_and_drink": 16.0, "count_healthcare": 2.0, "count_shelter": 15.0, "gravity_community_per_100": 1.015205144056593, "gravity_education_per_100": 0.43458170893264064, "gravity_essential_services_per_100": 0.90109026354027366, "gravity_food_and_drink_per_100": 2.1415677528566821, "gravity_healthcare_per_100": 0.22286363463676073, "gravity_shelter_per_100": 1.7440918048959475, "shannon": 1.5804294142101214, "kl_divergence": 0.8142906050362293, "jsd": 0.36106654757618678, "city_similarity": 0.63893345242381328 }, "geometry": { "type": "Polygon", "coordinates": [ [ [ 9.311397137055206, 45.431324769743107 ], [ 9.305005142360619, 45.43134201668272 ], [ 9.301829918561884, 45.435248103647133 ], [ 9.305047138058196, 45.439137206964183 ], [ 9.311440012822567, 45.439119955361974 ], [ 9.312313161532389, 45.438045666330737 ], [ 9.312791286871745, 45.4330098089739 ], [ 9.311397137055206, 45.431324769743107 ] ] ] } },
{ "type": "Feature", "properties": { "from_id": "140", "population": 1789.461816235191, "gravity_community": 2.8072075097118709, "gravity_education": 1.365957548312156, "gravity_essential_services": 2.5409604467583966, "gravity_food_and_drink": 5.5082102558075423, "gravity_healthcare": 0.618473705185137, "gravity_shelter": 6.9576182860822877, "avg_gravity": 3.2997379586428988, "min_tt_community": 17.0, "min_tt_education": 29.0, "min_tt_essential_services": 24.0, "min_tt_food_and_drink": 23.0, "min_tt_healthcare": 34.0, "min_tt_shelter": 11.0, "avg_tt_community": 36.714285714285715, "avg_tt_education": 29.333333333333332, "avg_tt_essential_services": 34.0, "avg_tt_food_and_drink": 41.4375, "avg_tt_healthcare": 45.5, "avg_tt_shelter": 36.0, "avg_tt_all": 37.164186507936506, "n_unreachable_categories": 0, "count_community": 7.0, "count_education": 3.0, "count_essential_services": 6.0, "count_food_and_drink": 16.0, "count_healthcare": 2.0, "count_shelter": 17.0, "gravity_community_per_100": 0.15687440124416246, "gravity_education_per_100": 0.076333428068667247, "gravity_essential_services_per_100": 0.14199579022615116, "gravity_food_and_drink_per_100": 0.30781379104227791, "gravity_healthcare_per_100": 0.034561995096734174, "gravity_shelter_per_100": 0.38881065932550973, "shannon": 1.5479019962978997, "kl_divergence": 0.90932863729602276, "jsd": 0.37213580320371187, "city_similarity": 0.62786419679628813 }, "geometry": { "type": "Polygon", "coordinates": [ [ [ 9.311397137055206, 45.431324769743107 ], [ 9.312791286871745, 45.4330098089739 ], [ 9.31315680493868, 45.429159396828481 ], [ 9.311397137055206, 45.431324769743107 ] ] ] } },
{ "type": "Feature", "properties": { "from_id": "141", "population": 235.46932647963604, "gravity_community": 2.3084379043209062, "gravity_education": 0.99025782801244433, "gravity_essential_services": 2.036565265468985, "gravity_food_and_drink": 4.1417493354052821, "gravity_healthcare": 0.32413131933855249, "gravity_shelter": 3.5780435215138837, "avg_gravity": 2.2298641956766758, "min_tt_community": 31.0, "min_tt_education": 40.0, "min_tt_essential_services": 28.0, "min_tt_food_and_drink": 25.0, "min_tt_healthcare": 42.0, "min_tt_shelter": 26.0, "avg_tt_community": 47.375, "avg_tt_education": 41.333333333333336, "avg_tt_essential_services": 47.285714285714285, "avg_tt_food_and_drink": 40.666666666666664, "avg_tt_healthcare": 42.0, "avg_tt_shelter": 49.92307692307692, "avg_tt_all": 44.763965201465197, "n_unreachable_categories": 0, "count_community": 8.0, "count_education": 3.0, "count_essential_services": 7.0, "count_food_and_drink": 12.0, "count_healthcare": 1.0, "count_shelter": 13.0, "gravity_community_per_100": 0.98035609938373247, "gravity_education_per_100": 0.42054642225261735, "gravity_essential_services_per_100": 0.86489620364421949, "gravity_food_and_drink_per_100": 1.7589336994869567, "gravity_healthcare_per_100": 0.13765330889778724, "gravity_shelter_per_100": 1.5195369923578228, "shannon": 1.5860995962239797, "kl_divergence": 0.90439840148705031, "jsd": 0.39041783639467664, "city_similarity": 0.60958216360532336 }, "geometry": { "type": "Polygon", "coordinates": [ [ [ 9.311440012822567, 45.439119955361974 ], [ 9.312131769988522, 45.439955944191588 ], [ 9.312313161532389, 45.438045666330737 ], [ 9.311440012822567, 45.439119955361974 ] ] ] } },
{ "type": "Feature", "properties": { "from_id": "142", "population": 0.0, "gravity_community": 7.8924611059426368, "gravity_education": 14.779814733379721, "gravity_essential_services": 19.132289084027175, "gravity_food_and_drink": 101.31520282764531, "gravity_healthcare": 20.877311047602294, "gravity_shelter": 13.205972782836257, "avg_gravity": 29.533841930238896, "min_tt_community": 1.0, "min_tt_education": 11.0, "min_tt_essential_services": 6.0, "min_tt_food_and_drink": 2.0, "min_tt_healthcare": 14.0, "min_tt_shelter": 1.0, "avg_tt_community": 38.3, "avg_tt_education": 41.333333333333336, "avg_tt_essential_services": 37.755102040816325, "avg_tt_food_and_drink": 36.285714285714285, "avg_tt_healthcare": 37.703703703703702, "avg_tt_shelter": 40.75, "avg_tt_all": 38.687975560594602, "n_unreachable_categories": 0, "count_community": 20.0, "count_education": 42.0, "count_essential_services": 49.0, "count_food_and_drink": 245.0, "count_healthcare": 54.0, "count_shelter": 36.0, "gravity_community_per_100": 0.0, "gravity_education_per_100": 0.0, "gravity_essential_services_per_100": 0.0, "gravity_food_and_drink_per_100": 0.0, "gravity_healthcare_per_100": 0.0, "gravity_shelter_per_100": 0.0, "shannon": 1.3922112264127091, "kl_divergence": 0.090044043970922472, "jsd": 0.13129116917924766, "city_similarity": 0.86870883082075234 }, "geometry": { "type": "Polygon", "coordinates": [ [ [ 9.253834047911011, 45.423671880555617 ], [ 9.24744288571117, 45.423685904483094 ], [ 9.244264111708343, 45.427590403914422 ], [ 9.247476946712959, 45.431481143081399 ], [ 9.253868988646161, 45.431467115362629 ], [ 9.257047315721358, 45.427562352268609 ], [ 9.253834047911011, 45.423671880555617 ] ] ] } },
{ "type": "Feature", "properties": { "from_id": "143", "population": 1299.8931536333562, "gravity_community": 5.4864038690827854, "gravity_education": 10.637767379651956, "gravity_essential_services": 12.693878249405982, "gravity_food_and_drink": 58.150786037222382, "gravity_healthcare": 13.146113423050831, "gravity_shelter": 12.49473583256461, "avg_gravity": 18.768280798496424, "min_tt_community": 11.0, "min_tt_education": 6.0, "min_tt_essential_services": 9.0, "min_tt_food_and_drink": 7.0, "min_tt_healthcare": 7.0, "min_tt_shelter": 22.0, "avg_tt_community": 33.846153846153847, "avg_tt_education": 34.48, "avg_tt_essential_services": 36.064516129032256, "avg_tt_food_and_drink": 36.744827586206895, "avg_tt_healthcare": 34.354838709677416, "avg_tt_shelter": 36.90625, "avg_tt_all": 35.399431045178396, "n_unreachable_categories": 0, "count_community": 13.0, "count_education": 25.0, "count_essential_services": 31.0, "count_food_and_drink": 145.0, "count_healthcare": 31.0, "count_shelter": 32.0, "gravity_community_per_100": 0.42206575623139742, "gravity_education_per_100": 0.81835705880272769, "gravity_essential_services_per_100": 0.97653243375619603, "gravity_food_and_drink_per_100": 4.4735050626802675, "gravity_healthcare_per_100": 1.0113226141937803, "gravity_shelter_per_100": 0.96121252717120131, "shannon": 1.4389872343347818, "kl_divergence": 0.15730505088602831, "jsd": 0.16548532080908146, "city_similarity": 0.8345146791909186 }, "geometry": { "type": "Polygon", "coordinates": [ [ [ 9.273007505433855, 45.423627663190793 ], [ 9.266616357892351, 45.423642759908745 ], [ 9.263438910546888, 45.427547789977062 ], [ 9.26665305808697, 45.431437986843164 ], [ 9.273045085354465, 45.431422886043904 ], [ 9.276222085235862, 45.427517592460319 ], [ 9.273007505433855, 45.423627663190793 ] ] ] } },
{ "type": "Feature", "properties": { "from_id": "144", "population": 2360.0864201470681, "gravity_community": 6.0265802343320729, "gravity_education": 11.118086225529016, "gravity_essential_services": 14.661981145460532, "gravity_food_and_drink": 70.410084949633074, "gravity_healthcare": 14.377546641507902, "gravity_shelter": 12.64421057686301, "avg_gravity": 21.539748295554265, "min_tt_community": 15.0, "min_tt_education": 14.0, "min_tt_essential_services": 14.0, "min_tt_food_and_drink": 6.0, "min_tt_healthcare": 16.0, "min_tt_shelter": 16.0, "avg_tt_community": 36.0, "avg_tt_education": 39.0, "avg_tt_essential_services": 37.5, "avg_tt_food_and_drink": 36.932584269662918, "avg_tt_healthcare": 36.138888888888886, "avg_tt_shelter": 38.090909090909093, "avg_tt_all": 37.277063708243482, "n_unreachable_categories": 0, "count_community": 15.0, "count_education": 30.0, "count_essential_services": 38.0, "count_food_and_drink": 178.0, "count_healthcare": 36.0, "count_shelter": 33.0, "gravity_community_per_100": 0.25535421851020729, "gravity_education_per_100": 0.47108809790262662, "gravity_essential_services_per_100": 0.62124763823465723, "gravity_food_and_drink_per_100": 2.9833689287210716, "gravity_healthcare_per_100": 0.60919577006896086, "gravity_shelter_per_100": 0.53575201606706802, "shannon": 1.4123234072578885, "kl_divergence": 0.12228979187107103, "jsd": 0.14802655373977183, "city_similarity": 0.8519734462602282 }, "geometry": { "type": "Polygon", "coordinates": [ [ [ 9.263438910546888, 45.427547789977062 ], [ 9.257047315721358, 45.427562352268609 ], [ 9.253868988646161, 45.431467115362629 ], [ 9.257082703564192, 45.435357579790541 ], [ 9.263475178299529, 45.435343013562168 ], [ 9.26665305808697, 45.431437986843164 ], [ 9.263438910546888, 45.427547789977062 ] ] ] } },
{ "type": "Feature", "properties": { "from_id": "145", "population": 1456.5002434005669, "gravity_community": 3.8379421868031596, "gravity_education": 1.3589520405764006, "gravity_essential_services": 2.9001629908669031, "gravity_food_and_drink": 8.5729824005397024, "gravity_healthcare": 0.94490795475403244, "gravity_shelter": 8.4205708295733732, "avg_gravity": 4.3392530671855951, "min_tt_community": 14.0, "min_tt_education": 36.0, "min_tt_essential_services": 31.0, "min_tt_food_and_drink": 14.0, "min_tt_healthcare": 37.0, "min_tt_shelter": 17.0, "avg_tt_community": 37.8, "avg_tt_education": 41.25, "avg_tt_essential_services": 38.625, "avg_tt_food_and_drink": 41.76, "avg_tt_healthcare": 43.666666666666664, "avg_tt_shelter": 36.61904761904762, "avg_tt_all": 39.953452380952378, "n_unreachable_categories": 0, "count_community": 10.0, "count_education": 4.0, "count_essential_services": 8.0, "count_food_and_drink": 25.0, "count_healthcare": 3.0, "count_shelter": 21.0, "gravity_community_per_100": 0.26350439721469021, "gravity_education_per_100": 0.093302561859075595, "gravity_essential_services_per_100": 0.19911860667429357, "gravity_food_and_drink_per_100": 0.5886015082650391, "gravity_healthcare_per_100": 0.064875234936309159, "gravity_shelter_per_100": 0.57813727582450858, "shannon": 1.5456479849005387, "kl_divergence": 0.77077357881629194, "jsd": 0.34483381330816143, "city_similarity": 0.65516618669183857 }, "geometry": { "type": "Polygon", "coordinates": [ [ [ 9.282613664859253, 45.427501957236601 ], [ 9.276222085235862, 45.427517592460319 ], [ 9.273045085354465, 45.431422886043904 ], [ 9.276260112800593, 45.435312807881701 ], [ 9.282652572326148, 45.435297168431084 ], [ 9.285829124383357, 45.43139161137006 ], [ 9.282613664859253, 45.427501957236601 ] ] ] } },
{ "type": "Feature", "properties": { "from_id": "146", "population": 5.32827, "gravity_community": 1.7389205304179434, "gravity_education": 1.6237766203833, "gravity_essential_services": 2.7533390404510216, "gravity_food_and_drink": 8.6321021891127803, "gravity_healthcare": 1.9690961213364668, "gravity_shelter": 5.9912990565294919, "avg_gravity": 3.7847555930385006, "min_tt_community": 27.0, "min_tt_education": 46.0, "min_tt_essential_services": 36.0, "min_tt_food_and_drink": 24.0, "min_tt_healthcare": 24.0, "min_tt_shelter": 35.0, "avg_tt_community": 48.333333333333336, "avg_tt_education": 54.714285714285715, "avg_tt_essential_services": 52.545454545454547, "avg_tt_food_and_drink": 49.677419354838712, "avg_tt_healthcare": 43.666666666666664, "avg_tt_shelter": 45.45, "avg_tt_all": 49.064526602429829, "n_unreachable_categories": 0, "count_community": 6.0, "count_education": 7.0, "count_essential_services": 11.0, "count_food_and_drink": 31.0, "count_healthcare": 6.0, "count_shelter": 20.0, "gravity_community_per_100": 32.635743504325852, "gravity_education_per_100": 30.474743591884419, "gravity_essential_services_per_100": 51.674165169013989, "gravity_food_and_drink_per_100": 162.00572022650462, "gravity_healthcare_per_100": 36.955637032966919, "gravity_shelter_per_100": 112.44360846071035, "shannon": 1.5812691369397585, "kl_divergence": 0.54185012700839974, "jsd": 0.28885509060346076, "city_similarity": 0.71114490939653918 }, "geometry": { "type": "Polygon", "coordinates": [ [ [ 9.273045085354465, 45.431422886043904 ], [ 9.26665305808697, 45.431437986843164 ], [ 9.263475178299529, 45.435343013562168 ], [ 9.266689773307466, 45.439233203069605 ], [ 9.273082680661123, 45.439218098187922 ], [ 9.276260112800593, 45.435312807881701 ], [ 9.273045085354465, 45.431422886043904 ] ] ] } },
{ "type": "Feature", "properties": { "from_id": "147", "population": 124.58865323822567, "gravity_community": 3.4014693823967979, "gravity_education": 1.1430216967833746, "gravity_essential_services": 2.6147733727778926, "gravity_food_and_drink": 6.3642608373824725, "gravity_healthcare": 0.71132294759191783, "gravity_shelter": 5.8984127775682422, "avg_gravity": 3.3555435024167828, "min_tt_community": 14.0, "min_tt_education": 34.0, "min_tt_essential_services": 28.0, "min_tt_food_and_drink": 20.0, "min_tt_healthcare": 31.0, "min_tt_shelter": 21.0, "avg_tt_community": 34.125, "avg_tt_education": 36.0, "avg_tt_essential_services": 37.571428571428569, "avg_tt_food_and_drink": 35.5, "avg_tt_healthcare": 39.5, "avg_tt_shelter": 35.866666666666667, "avg_tt_all": 36.427182539682541, "n_unreachable_categories": 0, "count_community": 8.0, "count_education": 3.0, "count_essential_services": 7.0, "count_food_and_drink": 16.0, "count_healthcare": 2.0, "count_shelter": 15.0, "gravity_community_per_100": 2.7301598452090623, "gravity_education_per_100": 0.91743643347504977, "gravity_essential_services_per_100": 2.0987251285060369, "gravity_food_and_drink_per_100": 5.108218663551475, "gravity_healthcare_per_100": 0.57093718336596733, "gravity_shelter_per_100": 4.734309765986394, "shannon": 1.5804294142101214, "kl_divergence": 0.8142906050362293, "jsd": 0.36106654757618678, "city_similarity": 0.63893345242381328 }, "geometry": { "type": "Polygon", "coordinates": [ [ [ 9.282652572326148, 45.435297168431084 ], [ 9.276260112800593, 45.435312807881701 ], [ 9.273082680661123, 45.439218098187922 ], [ 9.276298155935365, 45.443108012593441 ], [ 9.28269149572334, 45.44309236891479 ], [ 9.285868479854537, 45.439186815059159 ], [ 9.282652572326148, 45.435297168431084 ] ] ] } },
{ "type": "Feature", "properties": { "from_id": "148", "population": 77.691344274014, "gravity_community": 3.1835124010962943, "gravity_education": 6.7489605691324792, "gravity_essential_services": 7.8254200469573156, "gravity_food_and_drink": 30.304560893235156, "gravity_healthcare": 7.4768156872107969, "gravity_shelter": 8.7428437132659198, "avg_gravity": 10.713685551816326, "min_tt_community": 13.0, "min_tt_education": 19.0, "min_tt_essential_services": 12.0, "min_tt_food_and_drink": 12.0, "min_tt_healthcare": 11.0, "min_tt_shelter": 11.0, "avg_tt_community": 41.222222222222221, "avg_tt_education": 45.68181818181818, "avg_tt_essential_services": 38.904761904761905, "avg_tt_food_and_drink": 44.568421052631578, "avg_tt_healthcare": 42.81818181818182, "avg_tt_shelter": 34.7, "avg_tt_all": 41.315900863269285, "n_unreachable_categories": 0, "count_community": 9.0, "count_education": 22.0, "count_essential_services": 21.0, "count_food_and_drink": 95.0, "count_healthcare": 22.0, "count_shelter": 20.0, "gravity_community_per_100": 4.0976410317579068, "gravity_education_per_100": 8.6868886517514596, "gravity_essential_services_per_100": 10.072447735435492, "gravity_food_and_drink_per_100": 39.006354152339398, "gravity_healthcare_per_100": 9.6237434904464934, "gravity_shelter_per_100": 11.253304721347451, "shannon": 1.4732347907913943, "kl_divergence": 0.15206136375233692, "jsd": 0.16766538125407701, "city_similarity": 0.83233461874592296 }, "geometry": { "type": "Polygon", "coordinates": [ [ [ 9.263475178299529, 45.435343013562168 ], [ 9.257082703564192, 45.435357579790541 ], [ 9.253903943686844, 45.439262339463831 ], [ 9.257118105896287, 45.443152796606171 ], [ 9.263511460901691, 45.443138226439878 ], [ 9.266689773307466, 45.439233203069605 ], [ 9.263475178299529, 45.435343013562168 ] ] ] } },
{ "type": "Feature", "properties": { "from_id": "149", "population": 1987.2300498489631, "gravity_community": 3.4443747023950495, "gravity_education": 6.3986514763454343, "gravity_essential_services": 7.2839434603026829, "gravity_food_and_drink": 30.206241590488265, "gravity_healthcare": 7.4034283803996095, "gravity_shelter": 9.3497681448151546, "avg_gravity": 10.681067959124364, "min_tt_community": 10.0, "min_tt_education": 23.0, "min_tt_essential_services": 13.0, "min_tt_food_and_drink": 7.0, "min_tt_healthcare": 6.0, "min_tt_shelter": 12.0, "avg_tt_community": 39.666666666666664, "avg_tt_education": 47.545454545454547, "avg_tt_essential_services": 39.55, "avg_tt_food_and_drink": 44.369565217391305, "avg_tt_healthcare": 42.38095238095238, "avg_tt_shelter": 40.88, "avg_tt_all": 42.398773135077484, "n_unreachable_categories": 0, "count_community": 9.0, "count_education": 22.0, "count_essential_services": 20.0, "count_food_and_drink": 92.0, "count_healthcare": 21.0, "count_shelter": 25.0, "gravity_community_per_100": 0.173325413565321, "gravity_education_per_100": 0.32198846212252857, "gravity_essential_services_per_100": 0.36653750585425632, "gravity_food_and_drink_per_100": 1.5200173524340603, "gravity_healthcare_per_100": 0.37255014239354411, "gravity_shelter_per_100": 0.47049249006302885, "shannon": 1.4951649175845587, "kl_divergence": 0.21050129801538858, "jsd": 0.19153046438874249, "city_similarity": 0.80846953561125745 }, "geometry": { "type": "Polygon", "coordinates": [ [ [ 9.273082680661123, 45.439218098187922 ], [ 9.266689773307466, 45.439233203069605 ], [ 9.263511460901691, 45.443138226439878 ], [ 9.266726503561392, 45.447028408588139 ], [ 9.273120291361558, 45.447013299622924 ], [ 9.276298155935365, 45.443108012593441 ], [ 9.273082680661123, 45.439218098187922 ] ] ] } },
{ "type": "Feature", "properties": { "from_id": "150", "population": 1825.0173527023355, "gravity_community": 4.4951746880749104, "gravity_education": 10.121389700518332, "gravity_essential_services": 13.080992058030544, "gravity_food_and_drink": 50.477847636713797, "gravity_healthcare": 10.897937344451966, "gravity_shelter": 10.114088136699559, "avg_gravity": 16.531238260748186, "min_tt_community": 10.0, "min_tt_education": 13.0, "min_tt_essential_services": 10.0, "min_tt_food_and_drink": 6.0, "min_tt_healthcare": 8.0, "min_tt_shelter": 7.0, "avg_tt_community": 40.166666666666664, "avg_tt_education": 40.464285714285715, "avg_tt_essential_services": 40.6, "avg_tt_food_and_drink": 44.629870129870127, "avg_tt_healthcare": 40.866666666666667, "avg_tt_shelter": 29.55, "avg_tt_all": 39.379581529581536, "n_unreachable_categories": 0, "count_community": 12.0, "count_education": 28.0, "count_essential_services": 35.0, "count_food_and_drink": 154.0, "count_healthcare": 30.0, "count_shelter": 20.0, "gravity_community_per_100": 0.2463085998288633, "gravity_education_per_100": 0.55459142268052475, "gravity_essential_services_per_100": 0.71675987292182664, "gravity_food_and_drink_per_100": 2.7658831606159993, "gravity_healthcare_per_100": 0.59714157393162304, "gravity_shelter_per_100": 0.55419134079593546, "shannon": 1.3831864924580444, "kl_divergence": 0.072343542586991966, "jsd": 0.1193007086746047, "city_similarity": 0.88069929132539526 }, "geometry": { "type": "Polygon", "coordinates": [ [ [ 9.263511460901691, 45.443138226439878 ], [ 9.257118105896287, 45.443152796606171 ], [ 9.253938913040253, 45.447057552859263 ], [ 9.257153522724927, 45.450948002715528 ], [ 9.26354775836084, 45.450933428610249 ], [ 9.266726503561392, 45.447028408588139 ], [ 9.263511460901691, 45.443138226439878 ] ] ] } },
{ "type": "Feature", "properties": { "from_id": "151", "population": 713.06243291709961, "gravity_community": 2.5476988313194147, "gravity_education": 0.88950887158189418, "gravity_essential_services": 2.4357121324265565, "gravity_food_and_drink": 5.1479270853043753, "gravity_healthcare": 0.49786660693990831, "gravity_shelter": 3.7306520753708066, "avg_gravity": 2.5415609338238259, "min_tt_community": 16.0, "min_tt_education": 44.0, "min_tt_essential_services": 9.0, "min_tt_food_and_drink": 17.0, "min_tt_healthcare": 26.0, "min_tt_shelter": 31.0, "avg_tt_community": 34.0, "avg_tt_education": 45.333333333333336, "avg_tt_essential_services": 37.5, "avg_tt_food_and_drink": 39.642857142857146, "avg_tt_healthcare": 26.0, "avg_tt_shelter": 44.416666666666664, "avg_tt_all": 37.81547619047619, "n_unreachable_categories": 0, "count_community": 6.0, "count_education": 3.0, "count_essential_services": 6.0, "count_food_and_drink": 14.0, "count_healthcare": 1.0, "count_shelter": 12.0, "gravity_community_per_100": 0.35728972860018965, "gravity_education_per_100": 0.12474487934288753, "gravity_essential_services_per_100": 0.34158469440918249, "gravity_food_and_drink_per_100": 0.72194619259978199, "gravity_healthcare_per_100": 0.069820899819832485, "gravity_shelter_per_100": 0.52318729793531704, "shannon": 1.5576069306403459, "kl_divergence": 0.77288170769071407, "jsd": 0.35354614141245333, "city_similarity": 0.64645385858754667 }, "geometry": { "type": "Polygon", "coordinates": [ [ [ 9.28269149572334, 45.44309236891479 ], [ 9.276298155935365, 45.443108012593441 ], [ 9.273120291361558, 45.447013299622924 ], [ 9.276336214648001, 45.450903206595633 ], [ 9.282730435058836, 45.450887558687782 ], [ 9.285907851440191, 45.446982008036912 ], [ 9.28269149572334, 45.44309236891479 ] ] ] } },
{ "type": "Feature", "properties": { "from_id": "152", "population": 61.531308651377287, "gravity_community": 3.7251034408272052, "gravity_education": 1.4807808362131816, "gravity_essential_services": 3.3180458240259472, "gravity_food_and_drink": 8.1547414355418759, "gravity_healthcare": 0.90245150298142329, "gravity_shelter": 5.9790308132737291, "avg_gravity": 3.9266923088105607, "min_tt_community": 12.0, "min_tt_education": 25.0, "min_tt_essential_services": 11.0, "min_tt_food_and_drink": 8.0, "min_tt_healthcare": 17.0, "min_tt_shelter": 13.0, "avg_tt_community": 30.0, "avg_tt_education": 26.333333333333332, "avg_tt_essential_services": 29.285714285714285, "avg_tt_food_and_drink": 28.1875, "avg_tt_healthcare": 33.0, "avg_tt_shelter": 35.93333333333333, "avg_tt_all": 30.456646825396827, "n_unreachable_categories": 0, "count_community": 8.0, "count_education": 3.0, "count_essential_services": 7.0, "count_food_and_drink": 16.0, "count_healthcare": 2.0, "count_shelter": 15.0, "gravity_community_per_100": 6.0539967741183807, "gravity_education_per_100": 2.4065485826133757, "gravity_essential_services_per_100": 5.3924512524595523, "gravity_food_and_drink_per_100": 13.252995286911299, "gravity_healthcare_per_100": 1.4666541680342162, "gravity_shelter_per_100": 9.7170545277195188, "shannon": 1.5804294142101214, "kl_divergence": 0.8142906050362293, "jsd": 0.36106654757618678, "city_similarity": 0.63893345242381328 }, "geometry": { "type": "Polygon", "coordinates": [ [ [ 9.301829918561884, 45.435248103647133 ], [ 9.295437475326878, 45.435264816313001 ], [ 9.292261371454067, 45.439170636813593 ], [ 9.295478159240842, 45.443060008050487 ], [ 9.301871482730078, 45.443043290866434 ], [ 9.305047138058196, 45.439137206964183 ], [ 9.301829918561884, 45.435248103647133 ] ] ] } },
{ "type": "Feature", "properties": { "from_id": "153", "population": 460.84425764622989, "gravity_community": 1.8271393310352635, "gravity_education": 0.73084446544579451, "gravity_essential_services": 1.6165168462889292, "gravity_food_and_drink": 3.7756004720870688, "gravity_healthcare": 0.52530556088075353, "gravity_shelter": 1.4678904133429542, "avg_gravity": 1.657216181513461, "min_tt_community": 26.0, "min_tt_education": 51.0, "min_tt_essential_services": 26.0, "min_tt_food_and_drink": 23.0, "min_tt_healthcare": 24.0, "min_tt_shelter": 39.0, "avg_tt_community": 38.8, "avg_tt_education": 52.666666666666664, "avg_tt_essential_services": 44.0, "avg_tt_food_and_drink": 37.8, "avg_tt_healthcare": 24.0, "avg_tt_shelter": 46.4, "avg_tt_all": 40.611111111111107, "n_unreachable_categories": 0, "count_community": 5.0, "count_education": 3.0, "count_essential_services": 5.0, "count_food_and_drink": 10.0, "count_healthcare": 1.0, "count_shelter": 5.0, "gravity_community_per_100": 0.3964765320864384, "gravity_education_per_100": 0.15858816798078279, "gravity_essential_services_per_100": 0.35077291719882053, "gravity_food_and_drink_per_100": 0.81927905348566432, "gravity_healthcare_per_100": 0.11398765465013296, "gravity_shelter_per_100": 0.31852201453919166, "shannon": 1.6271835380854078, "kl_divergence": 0.49403506456108459, "jsd": 0.30490325641818167, "city_similarity": 0.69509674358181828 }, "geometry": { "type": "Polygon", "coordinates": [ [ [ 9.311440012822567, 45.439119955361974 ], [ 9.305047138058196, 45.439137206964183 ], [ 9.301871482730078, 45.443043290866434 ], [ 9.30508915095127, 45.446932386530655 ], [ 9.311470851949377, 45.446915163134669 ], [ 9.312131769988522, 45.439955944191588 ], [ 9.311440012822567, 45.439119955361974 ] ] ] } },
{ "type": "Feature", "properties": { "from_id": "154", "population": 0.0, "gravity_community": 4.2119223530188821, "gravity_education": 1.5362316863746788, "gravity_essential_services": 3.3888341310786974, "gravity_food_and_drink": 10.185895876517023, "gravity_healthcare": 0.99909424700762095, "gravity_shelter": 6.6627695295498039, "avg_gravity": 4.4974579705911175, "min_tt_community": 4.0, "min_tt_education": 30.0, "min_tt_essential_services": 9.0, "min_tt_food_and_drink": 4.0, "min_tt_healthcare": 11.0, "min_tt_shelter": 17.0, "avg_tt_community": 27.25, "avg_tt_education": 36.75, "avg_tt_essential_services": 29.714285714285715, "avg_tt_food_and_drink": 37.8, "avg_tt_healthcare": 31.0, "avg_tt_shelter": 36.705882352941174, "avg_tt_all": 33.203361344537818, "n_unreachable_categories": 0, "count_community": 8.0, "count_education": 4.0, "count_essential_services": 7.0, "count_food_and_drink": 25.0, "count_healthcare": 2.0, "count_shelter": 17.0, "gravity_community_per_100": 0.0, "gravity_education_per_100": 0.0, "gravity_essential_services_per_100": 0.0, "gravity_food_and_drink_per_100": 0.0, "gravity_healthcare_per_100": 0.0, "gravity_shelter_per_100": 0.0, "shannon": 1.5109934944730583, "kl_divergence": 0.66091501559469579, "jsd": 0.32045858291016055, "city_similarity": 0.67954141708983951 }, "geometry": { "type": "Polygon", "coordinates": [ [ [ 9.292261371454067, 45.439170636813593 ], [ 9.285868479854537, 45.439186815059159 ], [ 9.28269149572334, 45.44309236891479 ], [ 9.285907851440191, 45.446982008036912 ], [ 9.292301623478309, 45.446965825417657 ], [ 9.295478159240842, 45.443060008050487 ], [ 9.292261371454067, 45.439170636813593 ] ] ] } },
{ "type": "Feature", "properties": { "from_id": "155", "population": 1248.2428878558478, "gravity_community": 2.5976491564722313, "gravity_education": 0.93853243053742519, "gravity_essential_services": 2.5103201606061072, "gravity_food_and_drink": 5.6400102638539975, "gravity_healthcare": 0.66874030497642201, "gravity_shelter": 3.7024376046918857, "avg_gravity": 2.6762816535230116, "min_tt_community": 16.0, "min_tt_education": 42.0, "min_tt_essential_services": 17.0, "min_tt_food_and_drink": 14.0, "min_tt_healthcare": 15.0, "min_tt_shelter": 30.0, "avg_tt_community": 33.5, "avg_tt_education": 43.333333333333336, "avg_tt_essential_services": 41.142857142857146, "avg_tt_food_and_drink": 33.615384615384613, "avg_tt_healthcare": 15.0, "avg_tt_shelter": 48.384615384615387, "avg_tt_all": 35.829365079365083, "n_unreachable_categories": 0, "count_community": 6.0, "count_education": 3.0, "count_essential_services": 7.0, "count_food_and_drink": 13.0, "count_healthcare": 1.0, "count_shelter": 13.0, "gravity_community_per_100": 0.20810446282087838, "gravity_education_per_100": 0.075188285843116348, "gravity_essential_services_per_100": 0.20110830872973573, "gravity_food_and_drink_per_100": 0.4518359622735002, "gravity_healthcare_per_100": 0.053574533568954801, "gravity_shelter_per_100": 0.29661195274676849, "shannon": 1.5668641159173899, "kl_divergence": 0.8478361777670026, "jsd": 0.37135875813346086, "city_similarity": 0.62864124186653914 }, "geometry": { "type": "Polygon", "coordinates": [ [ [ 9.301871482730078, 45.443043290866434 ], [ 9.295478159240842, 45.443060008050487 ], [ 9.292301623478309, 45.446965825417657 ], [ 9.29551885981398, 45.450855189074865 ], [ 9.30191306391788, 45.450838467371398 ], [ 9.30508915095127, 45.446932386530655 ], [ 9.301871482730078, 45.443043290866434 ] ] ] } },
{ "type": "Feature", "properties": { "from_id": "156", "population": 1625.299527288548, "gravity_community": 0.76385989926238196, "gravity_education": 0.48418481257132684, "gravity_essential_services": 0.49270560963911669, "gravity_food_and_drink": 3.5974199529376998, "gravity_healthcare": 0.519860125207813, "gravity_shelter": 0.22870596721658404, "avg_gravity": 1.0144560611391535, "min_tt_community": 42.0, "min_tt_education": 50.0, "min_tt_essential_services": 48.0, "min_tt_food_and_drink": 27.0, "min_tt_healthcare": 46.0, "min_tt_shelter": 55.0, "avg_tt_community": 51.666666666666664, "avg_tt_education": 53.0, "avg_tt_essential_services": 52.5, "avg_tt_food_and_drink": 51.571428571428569, "avg_tt_healthcare": 50.5, "avg_tt_shelter": 55.0, "avg_tt_all": 52.373015873015873, "n_unreachable_categories": 0, "count_community": 3.0, "count_education": 2.0, "count_essential_services": 2.0, "count_food_and_drink": 14.0, "count_healthcare": 2.0, "count_shelter": 1.0, "gravity_community_per_100": 0.046998100130916348, "gravity_education_per_100": 0.029790497347838518, "gravity_essential_services_per_100": 0.030314757456497067, "gravity_food_and_drink_per_100": 0.22133889123435591, "gravity_healthcare_per_100": 0.031985496610282313, "gravity_shelter_per_100": 0.014071619623130591, "shannon": 1.3279903909073325, "kl_divergence": 0.072562180457077755, "jsd": 0.12441426879628203, "city_similarity": 0.87558573120371797 }, "geometry": { "type": "Polygon", "coordinates": [ [ [ 9.30508915095127, 45.446932386530655 ], [ 9.30191306391788, 45.450838467371398 ], [ 9.305131181048489, 45.454727555382163 ], [ 9.310730152335234, 45.454712461675769 ], [ 9.311470851949377, 45.446915163134669 ], [ 9.30508915095127, 45.446932386530655 ] ] ] } },
{ "type": "Feature", "properties": { "from_id": "157", "population": 0.0, "gravity_community": 3.9310400640232439, "gravity_education": 1.8110309206169775, "gravity_essential_services": 3.0116946790979746, "gravity_food_and_drink": 12.157147112825974, "gravity_healthcare": 0.81719647773101012, "gravity_shelter": 5.7433028657190262, "avg_gravity": 4.5785686866690343, "min_tt_community": 14.0, "min_tt_education": 38.0, "min_tt_essential_services": 19.0, "min_tt_food_and_drink": 14.0, "min_tt_healthcare": 21.0, "min_tt_shelter": 6.0, "avg_tt_community": 42.363636363636367, "avg_tt_education": 45.0, "avg_tt_essential_services": 43.666666666666664, "avg_tt_food_and_drink": 44.60526315789474, "avg_tt_healthcare": 36.5, "avg_tt_shelter": 42.823529411764703, "avg_tt_all": 42.493182599993744, "n_unreachable_categories": 0, "count_community": 11.0, "count_education": 6.0, "count_essential_services": 9.0, "count_food_and_drink": 38.0, "count_healthcare": 2.0, "count_shelter": 17.0, "gravity_community_per_100": 0.0, "gravity_education_per_100": 0.0, "gravity_essential_services_per_100": 0.0, "gravity_food_and_drink_per_100": 0.0, "gravity_healthcare_per_100": 0.0, "gravity_shelter_per_100": 0.0, "shannon": 1.4708692676271016, "kl_divergence": 0.46732401885277464, "jsd": 0.27969272211828072, "city_similarity": 0.72030727788171922 }, "geometry": { "type": "Polygon", "coordinates": [ [ [ 9.292301623478309, 45.446965825417657 ], [ 9.285907851440191, 45.446982008036912 ], [ 9.282730435058836, 45.450887558687782 ], [ 9.28594723914842, 45.454777190303382 ], [ 9.292341891985652, 45.454761003309223 ], [ 9.29551885981398, 45.450855189074865 ], [ 9.292301623478309, 45.446965825417657 ] ] ] } },
{ "type": "Feature", "properties": { "from_id": "158", "population": 27.463512410606256, "gravity_community": 1.9401332169971794, "gravity_education": 1.2009233000254207, "gravity_essential_services": 1.3164457815753841, "gravity_food_and_drink": 5.8409607480552852, "gravity_healthcare": 0.74050326829287905, "gravity_shelter": 1.6593759674112294, "avg_gravity": 2.1163903803928963, "min_tt_community": 24.0, "min_tt_education": 44.0, "min_tt_essential_services": 30.0, "min_tt_food_and_drink": 21.0, "min_tt_healthcare": 28.0, "min_tt_shelter": 44.0, "avg_tt_community": 44.0, "avg_tt_education": 53.6, "avg_tt_essential_services": 42.25, "avg_tt_food_and_drink": 43.277777777777779, "avg_tt_healthcare": 38.5, "avg_tt_shelter": 48.166666666666664, "avg_tt_all": 44.965740740740735, "n_unreachable_categories": 0, "count_community": 6.0, "count_education": 5.0, "count_essential_services": 4.0, "count_food_and_drink": 18.0, "count_healthcare": 2.0, "count_shelter": 6.0, "gravity_community_per_100": 7.0644030814059704, "gravity_education_per_100": 4.3727957373785546, "gravity_essential_services_per_100": 4.7934356024576807, "gravity_food_and_drink_per_100": 21.268076204992408, "gravity_healthcare_per_100": 2.6963166881993605, "gravity_shelter_per_100": 6.0421112296269417, "shannon": 1.5548777590079403, "kl_divergence": 0.3366905006425136, "jsd": 0.24811994126317222, "city_similarity": 0.75188005873682773 }, "geometry": { "type": "Polygon", "coordinates": [ [ [ 9.30191306391788, 45.450838467371398 ], [ 9.29551885981398, 45.450855189074865 ], [ 9.292341891985652, 45.454761003309223 ], [ 9.295559577054672, 45.458650359386169 ], [ 9.301954662133845, 45.458633633162059 ], [ 9.305131181048489, 45.454727555382163 ], [ 9.30191306391788, 45.450838467371398 ] ] ] } },
{ "type": "Feature", "properties": { "from_id": "159", "population": 6.3630617364124342, "gravity_community": 1.7672266149163331, "gravity_education": 0.77690947500246876, "gravity_essential_services": 1.0344888547672453, "gravity_food_and_drink": 7.6446117883345277, "gravity_healthcare": 0.53399354486184791, "gravity_shelter": 2.4369896564241378, "avg_gravity": 2.3657033223844266, "min_tt_community": 37.0, "min_tt_education": 22.0, "min_tt_essential_services": 43.0, "min_tt_food_and_drink": 32.0, "min_tt_healthcare": 45.0, "min_tt_shelter": 20.0, "avg_tt_community": 46.5, "avg_tt_education": 39.0, "avg_tt_essential_services": 51.0, "avg_tt_food_and_drink": 50.310344827586206, "avg_tt_healthcare": 49.5, "avg_tt_shelter": 42.571428571428569, "avg_tt_all": 46.480295566502463, "n_unreachable_categories": 0, "count_community": 6.0, "count_education": 2.0, "count_essential_services": 4.0, "count_food_and_drink": 29.0, "count_healthcare": 2.0, "count_shelter": 7.0, "gravity_community_per_100": 27.773211829824479, "gravity_education_per_100": 12.209679980890757, "gravity_essential_services_per_100": 16.257721480956459, "gravity_food_and_drink_per_100": 120.14046232788314, "gravity_healthcare_per_100": 8.3920849267591642, "gravity_shelter_per_100": 38.299010089412391, "shannon": 1.3051975442859522, "kl_divergence": 0.26730089500462767, "jsd": 0.21872766541851038, "city_similarity": 0.78127233458148959 }, "geometry": { "type": "Polygon", "coordinates": [ [ [ 9.292341891985652, 45.454761003309223 ], [ 9.28594723914842, 45.454777190303382 ], [ 9.282769390340654, 45.458682737750088 ], [ 9.285986642987332, 45.462572361858612 ], [ 9.292382176984383, 45.462556170488348 ], [ 9.295559577054672, 45.458650359386169 ], [ 9.292341891985652, 45.454761003309223 ] ] ] } },
{ "type": "Feature", "properties": { "from_id": "160", "population": 0.373465, "gravity_community": 0.77253748352396534, "gravity_education": 0.71521302214034055, "gravity_essential_services": 0.57200247764440959, "gravity_food_and_drink": 4.9640201569427633, "gravity_healthcare": 0.60352728653770549, "gravity_shelter": 0.62544325436251968, "avg_gravity": 1.3754572801919505, "min_tt_community": 46.0, "min_tt_education": 35.0, "min_tt_essential_services": 42.0, "min_tt_food_and_drink": 12.0, "min_tt_healthcare": 40.0, "min_tt_shelter": 40.0, "avg_tt_community": 51.0, "avg_tt_education": 38.5, "avg_tt_essential_services": 47.0, "avg_tt_food_and_drink": 45.8125, "avg_tt_healthcare": 45.0, "avg_tt_shelter": 43.5, "avg_tt_all": 45.135416666666664, "n_unreachable_categories": 0, "count_community": 3.0, "count_education": 2.0, "count_essential_services": 2.0, "count_food_and_drink": 16.0, "count_healthcare": 2.0, "count_shelter": 2.0, "gravity_community_per_100": 206.85672915104908, "gravity_education_per_100": 191.50737609691419, "gravity_essential_services_per_100": 153.16093279006321, "gravity_food_and_drink_per_100": 1329.1794832026465, "gravity_healthcare_per_100": 161.60210101018984, "gravity_shelter_per_100": 167.47037991847154, "shannon": 1.3253763531500302, "kl_divergence": 0.10611809515797718, "jsd": 0.14570499308382953, "city_similarity": 0.85429500691617044 }, "geometry": { "type": "Polygon", "coordinates": [ [ [ 9.305131181048489, 45.454727555382163 ], [ 9.301954662133845, 45.458633633162059 ], [ 9.305173228358505, 45.462522713518766 ], [ 9.309989254250986, 45.462509745277707 ], [ 9.310730152335234, 45.454712461675769 ], [ 9.305131181048489, 45.454727555382163 ] ] ] } },
{ "type": "Feature", "properties": { "from_id": "161", "population": 9.8004788532968021, "gravity_community": 0.81214395795361949, "gravity_education": 1.2173574240635494, "gravity_essential_services": 1.0638304235163343, "gravity_food_and_drink": 7.4333910656076565, "gravity_healthcare": 0.66324612504062941, "gravity_shelter": 0.95894895798196245, "avg_gravity": 2.0248196590272918, "min_tt_community": 43.0, "min_tt_education": 30.0, "min_tt_essential_services": 37.0, "min_tt_food_and_drink": 7.0, "min_tt_healthcare": 34.0, "min_tt_shelter": 35.0, "avg_tt_community": 49.333333333333336, "avg_tt_education": 47.0, "avg_tt_essential_services": 50.25, "avg_tt_food_and_drink": 48.0, "avg_tt_healthcare": 42.0, "avg_tt_shelter": 43.333333333333336, "avg_tt_all": 46.652777777777779, "n_unreachable_categories": 0, "count_community": 3.0, "count_education": 4.0, "count_essential_services": 4.0, "count_food_and_drink": 25.0, "count_healthcare": 2.0, "count_shelter": 3.0, "gravity_community_per_100": 8.2867783310447205, "gravity_education_per_100": 12.421407589222442, "gravity_essential_services_per_100": 10.854882087301993, "gravity_food_and_drink_per_100": 75.84722314978643, "gravity_healthcare_per_100": 6.7674869255752608, "gravity_shelter_per_100": 9.7847153423465603, "shannon": 1.2857618575956651, "kl_divergence": 0.080233553236569971, "jsd": 0.12662259455376237, "city_similarity": 0.87337740544623765 }, "geometry": { "type": "Polygon", "coordinates": [ [ [ 9.301954662133845, 45.458633633162059 ], [ 9.295559577054672, 45.458650359386169 ], [ 9.292382176984383, 45.462556170488348 ], [ 9.295600310971295, 45.466445518984465 ], [ 9.301996277386538, 45.466428788238474 ], [ 9.305173228358505, 45.462522713518766 ], [ 9.301954662133845, 45.458633633162059 ] ] ] } },
{ "type": "Feature", "properties": { "from_id": "162", "population": 111.53502467646291, "gravity_community": 12.3014258933649, "gravity_education": 14.251579739460579, "gravity_essential_services": 14.261300977810301, "gravity_food_and_drink": 43.64231087353474, "gravity_healthcare": 8.4528472678333539, "gravity_shelter": 0.28344806502718034, "avg_gravity": 15.532152136171844, "min_tt_community": 9.0, "min_tt_education": 25.0, "min_tt_essential_services": 21.0, "min_tt_food_and_drink": 18.0, "min_tt_healthcare": 19.0, "min_tt_shelter": 47.0, "avg_tt_community": 39.454545454545453, "avg_tt_education": 41.738095238095241, "avg_tt_essential_services": 43.31818181818182, "avg_tt_food_and_drink": 44.857142857142854, "avg_tt_healthcare": 47.448275862068968, "avg_tt_shelter": 47.0, "avg_tt_all": 43.969373538339056, "n_unreachable_categories": 0, "count_community": 33.0, "count_education": 42.0, "count_essential_services": 44.0, "count_food_and_drink": 140.0, "count_healthcare": 29.0, "count_shelter": 1.0, "gravity_community_per_100": 11.029204439635413, "gravity_education_per_100": 12.777672108650254, "gravity_essential_services_per_100": 12.786387970217433, "gravity_food_and_drink_per_100": 39.128794744189911, "gravity_healthcare_per_100": 7.5786483146017058, "gravity_shelter_per_100": 0.25413368208721615, "shannon": 1.4160712023926747, "kl_divergence": 0.098676472684877198, "jsd": 0.15223184766502232, "city_similarity": 0.84776815233497771 }, "geometry": { "type": "Polygon", "coordinates": [ [ [ 9.10044511566759, 45.423909756523216 ], [ 9.094053875081343, 45.423915197942435 ], [ 9.090864506954851, 45.427815436527453 ], [ 9.094066821920705, 45.431710498529199 ], [ 9.10045894227971, 45.431705055638915 ], [ 9.103647867780067, 45.427804552218127 ], [ 9.10044511566759, 45.423909756523216 ] ] ] } },
{ "type": "Feature", "properties": { "from_id": "163", "population": 3776.969029418949, "gravity_community": 13.108457879493109, "gravity_education": 21.112513570657043, "gravity_essential_services": 19.327057738191201, "gravity_food_and_drink": 58.527629143466825, "gravity_healthcare": 11.31227132249742, "gravity_shelter": 0.3419951893353394, "avg_gravity": 20.621654140606822, "min_tt_community": 10.0, "min_tt_education": 4.0, "min_tt_essential_services": 5.0, "min_tt_food_and_drink": 3.0, "min_tt_healthcare": 17.0, "min_tt_shelter": 40.0, "avg_tt_community": 40.057142857142857, "avg_tt_education": 38.830188679245282, "avg_tt_essential_services": 39.725490196078432, "avg_tt_food_and_drink": 41.43292682926829, "avg_tt_healthcare": 45.333333333333336, "avg_tt_shelter": 40.0, "avg_tt_all": 40.896513649178033, "n_unreachable_categories": 0, "count_community": 35.0, "count_education": 53.0, "count_essential_services": 51.0, "count_food_and_drink": 164.0, "count_healthcare": 36.0, "count_shelter": 1.0, "gravity_community_per_100": 0.34706289030677384, "gravity_education_per_100": 0.55898032009822973, "gravity_essential_services_per_100": 0.51170813389392511, "gravity_food_and_drink_per_100": 1.5495925089031177, "gravity_healthcare_per_100": 0.29950659468970298, "gravity_shelter_per_100": 0.0090547522807713395, "shannon": 1.4149146279437215, "kl_divergence": 0.098022002201369612, "jsd": 0.15266239569382384, "city_similarity": 0.84733760430617622 }, "geometry": { "type": "Polygon", "coordinates": [ [ [ 9.119618825630011, 45.423891286610953 ], [ 9.113227591061932, 45.423897800857183 ], [ 9.11003954533288, 45.427798573577086 ], [ 9.113243177216658, 45.431693096740709 ], [ 9.119635291554468, 45.43168658073337 ], [ 9.122822894118732, 45.427785543323708 ], [ 9.119618825630011, 45.423891286610953 ] ] ] } },
{ "type": "Feature", "properties": { "from_id": "164", "population": 6361.909828605415, "gravity_community": 16.27586538886877, "gravity_education": 23.795761213221486, "gravity_essential_services": 23.105737307339275, "gravity_food_and_drink": 69.378742451023896, "gravity_healthcare": 14.708487105530532, "gravity_shelter": 0.43537701529967482, "avg_gravity": 24.616661746880609, "min_tt_community": 14.0, "min_tt_education": 10.0, "min_tt_essential_services": 5.0, "min_tt_food_and_drink": 3.0, "min_tt_healthcare": 12.0, "min_tt_shelter": 31.0, "avg_tt_community": 39.022727272727273, "avg_tt_education": 40.353846153846156, "avg_tt_essential_services": 36.482758620689658, "avg_tt_food_and_drink": 38.349726775956285, "avg_tt_healthcare": 39.125, "avg_tt_shelter": 31.0, "avg_tt_all": 37.389009803869897, "n_unreachable_categories": 0, "count_community": 44.0, "count_education": 65.0, "count_essential_services": 58.0, "count_food_and_drink": 183.0, "count_healthcare": 40.0, "count_shelter": 1.0, "gravity_community_per_100": 0.25583300969917361, "gravity_education_per_100": 0.37403487088463999, "gravity_essential_services_per_100": 0.36318869537332393, "gravity_food_and_drink_per_100": 1.0905332568385728, "gravity_healthcare_per_100": 0.23119609522593243, "gravity_shelter_per_100": 0.0068434955387463138, "shannon": 1.4310186729417322, "kl_divergence": 0.11802667963231964, "jsd": 0.16648373113648149, "city_similarity": 0.83351626886351848 }, "geometry": { "type": "Polygon", "coordinates": [ [ [ 9.11003954533288, 45.427798573577086 ], [ 9.103647867780067, 45.427804552218127 ], [ 9.10045894227971, 45.431705055638915 ], [ 9.103662137198391, 45.435599845217787 ], [ 9.110054694702592, 45.435593864960438 ], [ 9.113243177216658, 45.431693096740709 ], [ 9.11003954533288, 45.427798573577086 ] ] ] } },
{ "type": "Feature", "properties": { "from_id": "165", "population": 7932.5255614575372, "gravity_community": 13.865495279022639, "gravity_education": 14.850699868692089, "gravity_essential_services": 18.30535838358972, "gravity_food_and_drink": 46.585289965433269, "gravity_healthcare": 11.626279308741323, "gravity_shelter": 0.30720055559943632, "avg_gravity": 17.59005389351308, "min_tt_community": 8.0, "min_tt_education": 13.0, "min_tt_essential_services": 8.0, "min_tt_food_and_drink": 6.0, "min_tt_healthcare": 6.0, "min_tt_shelter": 44.0, "avg_tt_community": 35.25, "avg_tt_education": 41.883720930232556, "avg_tt_essential_services": 31.675, "avg_tt_food_and_drink": 38.233333333333334, "avg_tt_healthcare": 37.8, "avg_tt_shelter": 44.0, "avg_tt_all": 38.140342377260986, "n_unreachable_categories": 0, "count_community": 32.0, "count_education": 43.0, "count_essential_services": 40.0, "count_food_and_drink": 120.0, "count_healthcare": 30.0, "count_shelter": 1.0, "gravity_community_per_100": 0.17479294799114353, "gravity_education_per_100": 0.18721275782392052, "gravity_essential_services_per_100": 0.23076330787424856, "gravity_food_and_drink_per_100": 0.58726933313371632, "gravity_healthcare_per_100": 0.1465646623974457, "gravity_shelter_per_100": 0.0038726702261390597, "shannon": 1.4604690065661508, "kl_divergence": 0.12917562308098482, "jsd": 0.17373200681864659, "city_similarity": 0.82626799318135347 }, "geometry": { "type": "Polygon", "coordinates": [ [ [ 9.090864506954851, 45.427815436527453 ], [ 9.084472823922521, 45.427820342195211 ], [ 9.081282576021971, 45.43172031119078 ], [ 9.084484453481052, 45.435615639463641 ], [ 9.090877016467523, 45.435610732469662 ], [ 9.094066821920705, 45.431710498529199 ], [ 9.090864506954851, 45.427815436527453 ] ] ] } },
{ "type": "Feature", "properties": { "from_id": "166", "population": 2530.2498774237224, "gravity_community": 16.928580740479269, "gravity_education": 28.983683690889787, "gravity_essential_services": 25.006829435088616, "gravity_food_and_drink": 91.070105329816698, "gravity_healthcare": 18.413950864772989, "gravity_shelter": 1.0779918160743485, "avg_gravity": 30.246856979520288, "min_tt_community": 8.0, "min_tt_education": 3.0, "min_tt_essential_services": 6.0, "min_tt_food_and_drink": 2.0, "min_tt_healthcare": 5.0, "min_tt_shelter": 24.0, "avg_tt_community": 44.019230769230766, "avg_tt_education": 42.915662650602407, "avg_tt_essential_services": 42.378378378378379, "avg_tt_food_and_drink": 42.158490566037734, "avg_tt_healthcare": 44.637931034482762, "avg_tt_shelter": 40.0, "avg_tt_all": 42.684948899788672, "n_unreachable_categories": 0, "count_community": 52.0, "count_education": 83.0, "count_essential_services": 74.0, "count_food_and_drink": 265.0, "count_healthcare": 58.0, "count_shelter": 3.0, "gravity_community_per_100": 0.66904778423369782, "gravity_education_per_100": 1.1454870109667079, "gravity_essential_services_per_100": 0.98831461897155959, "gravity_food_and_drink_per_100": 3.5992534232446425, "gravity_healthcare_per_100": 0.72775226783221536, "gravity_shelter_per_100": 0.042604164343323668, "shannon": 1.4072028298278005, "kl_divergence": 0.083820568898665626, "jsd": 0.14031709615775742, "city_similarity": 0.85968290384224255 }, "geometry": { "type": "Polygon", "coordinates": [ [ [ 9.119635291554468, 45.43168658073337 ], [ 9.113243177216658, 45.431693096740709 ], [ 9.110054694702592, 45.435593864960438 ], [ 9.113258769752779, 45.439488381935085 ], [ 9.119651764220519, 45.439481864166176 ], [ 9.122839803388048, 45.435580831184389 ], [ 9.119635291554468, 45.43168658073337 ] ] ] } },
{ "type": "Feature", "properties": { "from_id": "167", "population": 8416.6542038194093, "gravity_community": 17.358258926533203, "gravity_education": 23.028661556127378, "gravity_essential_services": 26.201561943744753, "gravity_food_and_drink": 74.274286624701375, "gravity_healthcare": 17.409788702192149, "gravity_shelter": 0.45937197640609895, "avg_gravity": 26.45532162161749, "min_tt_community": 14.0, "min_tt_education": 7.0, "min_tt_essential_services": 7.0, "min_tt_food_and_drink": 1.0, "min_tt_healthcare": 9.0, "min_tt_shelter": 29.0, "avg_tt_community": 39.130434782608695, "avg_tt_education": 40.6875, "avg_tt_essential_services": 34.483333333333334, "avg_tt_food_and_drink": 38.694736842105264, "avg_tt_healthcare": 36.333333333333336, "avg_tt_shelter": 29.0, "avg_tt_all": 36.388223048563439, "n_unreachable_categories": 0, "count_community": 46.0, "count_education": 64.0, "count_essential_services": 60.0, "count_food_and_drink": 190.0, "count_healthcare": 42.0, "count_shelter": 1.0, "gravity_community_per_100": 0.20623704510345892, "gravity_education_per_100": 0.27360826521395115, "gravity_essential_services_per_100": 0.31130614742203261, "gravity_food_and_drink_per_100": 0.882468078479407, "gravity_healthcare_per_100": 0.20684928096834165, "gravity_shelter_per_100": 0.0054578929498807216, "shannon": 1.4285559350844574, "kl_divergence": 0.1134403965722902, "jsd": 0.16347211683374277, "city_similarity": 0.83652788316625726 }, "geometry": { "type": "Polygon", "coordinates": [ [ [ 9.10045894227971, 45.431705055638915 ], [ 9.094066821920705, 45.431710498529199 ], [ 9.090877016467523, 45.435610732469662 ], [ 9.094079774060862, 45.4395057884281 ], [ 9.100472774552822, 45.439500344066346 ], [ 9.103662137198391, 45.435599845217787 ], [ 9.10045894227971, 45.431705055638915 ] ] ] } },
{ "type": "Feature", "properties": { "from_id": "168", "population": 2855.3421711090768, "gravity_community": 15.182594683608251, "gravity_education": 20.761711239630202, "gravity_essential_services": 24.917301562590751, "gravity_food_and_drink": 58.870327933243161, "gravity_healthcare": 15.94699442327207, "gravity_shelter": 0.67594593229224298, "avg_gravity": 22.725812629106112, "min_tt_community": 5.0, "min_tt_education": 10.0, "min_tt_essential_services": 2.0, "min_tt_food_and_drink": 1.0, "min_tt_healthcare": 5.0, "min_tt_shelter": 48.0, "avg_tt_community": 34.828571428571429, "avg_tt_education": 40.946428571428569, "avg_tt_essential_services": 33.129629629629626, "avg_tt_food_and_drink": 37.590277777777779, "avg_tt_healthcare": 31.205882352941178, "avg_tt_shelter": 56.0, "avg_tt_all": 38.950131626724762, "n_unreachable_categories": 0, "count_community": 35.0, "count_education": 56.0, "count_essential_services": 54.0, "count_food_and_drink": 144.0, "count_healthcare": 34.0, "count_shelter": 3.0, "gravity_community_per_100": 0.5317259289352001, "gravity_education_per_100": 0.72711815241274225, "gravity_essential_services_per_100": 0.87265553721403311, "gravity_food_and_drink_per_100": 2.0617608820723805, "gravity_healthcare_per_100": 0.55849679189509926, "gravity_shelter_per_100": 0.023673027321614869, "shannon": 1.4798200042399863, "kl_divergence": 0.12679333405214782, "jsd": 0.17216140493565363, "city_similarity": 0.82783859506434632 }, "geometry": { "type": "Polygon", "coordinates": [ [ [ 9.090877016467523, 45.435610732469662 ], [ 9.084484453481052, 45.435615639463641 ], [ 9.081293767893609, 45.439515603742528 ], [ 9.084496087801266, 45.44341092604482 ], [ 9.090889531102174, 45.443406017724229 ], [ 9.094079774060862, 45.4395057884281 ], [ 9.090877016467523, 45.435610732469662 ] ] ] } },
{ "type": "Feature", "properties": { "from_id": "169", "population": 6709.5713837479771, "gravity_community": 18.669781867538465, "gravity_education": 29.765356105972057, "gravity_essential_services": 31.373069670088455, "gravity_food_and_drink": 96.093351931500891, "gravity_healthcare": 22.074954520427053, "gravity_shelter": 0.65104048920010149, "avg_gravity": 33.104592430787839, "min_tt_community": 12.0, "min_tt_education": 13.0, "min_tt_essential_services": 7.0, "min_tt_food_and_drink": 9.0, "min_tt_healthcare": 6.0, "min_tt_shelter": 16.0, "avg_tt_community": 42.127272727272725, "avg_tt_education": 43.235955056179776, "avg_tt_essential_services": 39.75, "avg_tt_food_and_drink": 40.287356321839077, "avg_tt_healthcare": 40.18333333333333, "avg_tt_shelter": 16.0, "avg_tt_all": 36.930652906437487, "n_unreachable_categories": 0, "count_community": 55.0, "count_education": 89.0, "count_essential_services": 84.0, "count_food_and_drink": 261.0, "count_healthcare": 60.0, "count_shelter": 1.0, "gravity_community_per_100": 0.27825595406527287, "gravity_education_per_100": 0.44362529889867691, "gravity_essential_services_per_100": 0.46758679319040808, "gravity_food_and_drink_per_100": 1.4321831669346217, "gravity_healthcare_per_100": 0.32900692544828325, "gravity_shelter_per_100": 0.0097031606337337935, "shannon": 1.4188617823514775, "kl_divergence": 0.10607221111475718, "jsd": 0.1596247802304282, "city_similarity": 0.84037521976957175 }, "geometry": { "type": "Polygon", "coordinates": [ [ [ 9.110054694702592, 45.435593864960438 ], [ 9.103662137198391, 45.435599845217787 ], [ 9.100472774552822, 45.439500344066346 ], [ 9.103676412459278, 45.443395127529016 ], [ 9.11006985027516, 45.443389145654912 ], [ 9.113258769752779, 45.439488381935085 ], [ 9.110054694702592, 45.435593864960438 ] ] ] } },
{ "type": "Feature", "properties": { "from_id": "170", "population": 3906.7053763659228, "gravity_community": 18.719412648604905, "gravity_education": 29.534757873754533, "gravity_essential_services": 31.298127210012435, "gravity_food_and_drink": 88.280982421610986, "gravity_healthcare": 23.935822133002862, "gravity_shelter": 0.92983490293777016, "avg_gravity": 32.116489531653912, "min_tt_community": 7.0, "min_tt_education": 5.0, "min_tt_essential_services": 4.0, "min_tt_food_and_drink": 3.0, "min_tt_healthcare": 2.0, "min_tt_shelter": 30.0, "avg_tt_community": 37.340425531914896, "avg_tt_education": 36.479452054794521, "avg_tt_essential_services": 31.746268656716417, "avg_tt_food_and_drink": 35.59903381642512, "avg_tt_healthcare": 32.02, "avg_tt_shelter": 45.333333333333336, "avg_tt_all": 36.419752232197389, "n_unreachable_categories": 0, "count_community": 47.0, "count_education": 73.0, "count_essential_services": 67.0, "count_food_and_drink": 207.0, "count_healthcare": 50.0, "count_shelter": 3.0, "gravity_community_per_100": 0.47916110495176345, "gravity_education_per_100": 0.75600166965311866, "gravity_essential_services_per_100": 0.80113866275542978, "gravity_food_and_drink_per_100": 2.259729718951351, "gravity_healthcare_per_100": 0.61268562195156706, "gravity_shelter_per_100": 0.023800998881638644, "shannon": 1.4523468295745989, "kl_divergence": 0.10887192578129305, "jsd": 0.15967463622522779, "city_similarity": 0.84032536377477218 }, "geometry": { "type": "Polygon", "coordinates": [ [ [ 9.100472774552822, 45.439500344066346 ], [ 9.094079774060862, 45.4395057884281 ], [ 9.090889531102174, 45.443406017724229 ], [ 9.094092731504473, 45.447301067639231 ], [ 9.100486612489775, 45.447295621805601 ], [ 9.103676412459278, 45.443395127529016 ], [ 9.100472774552822, 45.439500344066346 ] ] ] } },
{ "type": "Feature", "properties": { "from_id": "171", "population": 7937.4810246872994, "gravity_community": 20.532321002688889, "gravity_education": 34.379645919753429, "gravity_essential_services": 33.156279903557952, "gravity_food_and_drink": 139.35775344309371, "gravity_healthcare": 27.525239693800881, "gravity_shelter": 1.4763753529723109, "avg_gravity": 42.737935885977862, "min_tt_community": 8.0, "min_tt_education": 10.0, "min_tt_essential_services": 3.0, "min_tt_food_and_drink": 1.0, "min_tt_healthcare": 10.0, "min_tt_shelter": 1.0, "avg_tt_community": 45.015384615384619, "avg_tt_education": 42.009900990099013, "avg_tt_essential_services": 42.734693877551024, "avg_tt_food_and_drink": 42.910224438902745, "avg_tt_healthcare": 42.451219512195124, "avg_tt_shelter": 34.666666666666664, "avg_tt_all": 41.631348350133194, "n_unreachable_categories": 0, "count_community": 65.0, "count_education": 101.0, "count_essential_services": 98.0, "count_food_and_drink": 403.0, "count_healthcare": 82.0, "count_shelter": 3.0, "gravity_community_per_100": 0.25867552865737736, "gravity_education_per_100": 0.43313043285174757, "gravity_essential_services_per_100": 0.41771791076330989, "gravity_food_and_drink_per_100": 1.7556924294957137, "gravity_healthcare_per_100": 0.34677550230597559, "gravity_shelter_per_100": 0.018600048911996906, "shannon": 1.3448009428408121, "kl_divergence": 0.05399972246075653, "jsd": 0.11414865009015712, "city_similarity": 0.88585134990984282 }, "geometry": { "type": "Polygon", "coordinates": [ [ [ 9.119651764220519, 45.439481864166176 ], [ 9.113258769752779, 45.439488381935085 ], [ 9.11006985027516, 45.443389145654912 ], [ 9.113274368673503, 45.447283656440412 ], [ 9.119668243631555, 45.447277136909427 ], [ 9.122856719580797, 45.443376108355224 ], [ 9.119651764220519, 45.439481864166176 ] ] ] } },
{ "type": "Feature", "properties": { "from_id": "172", "population": 3495.1777705851732, "gravity_community": 4.0450499000873972, "gravity_education": 4.575073721545035, "gravity_essential_services": 6.3963040436967171, "gravity_food_and_drink": 12.865705915329166, "gravity_healthcare": 4.525521331840678, "gravity_shelter": 0.0, "avg_gravity": 5.4012758187498315, "min_tt_community": 37.0, "min_tt_education": 36.0, "min_tt_essential_services": 41.0, "min_tt_food_and_drink": 39.0, "min_tt_healthcare": 44.0, "min_tt_shelter": null, "avg_tt_community": 49.133333333333333, "avg_tt_education": 51.666666666666664, "avg_tt_essential_services": 49.625, "avg_tt_food_and_drink": 51.745098039215684, "avg_tt_healthcare": 53.736842105263158, "avg_tt_shelter": null, "avg_tt_all": 51.181388028895768, "n_unreachable_categories": 1, "count_community": 15.0, "count_education": 18.0, "count_essential_services": 24.0, "count_food_and_drink": 51.0, "count_healthcare": 19.0, "count_shelter": 0.0, "gravity_community_per_100": 0.11573230792807894, "gravity_education_per_100": 0.13089673893122358, "gravity_essential_services_per_100": 0.1830036828892348, "gravity_food_and_drink_per_100": 0.36809875662419167, "gravity_healthcare_per_100": 0.12947900304032323, "gravity_shelter_per_100": 0.0, "shannon": 1.4946738256525014, "kl_divergence": 0.17515293659807674, "jsd": 0.20806682724065417, "city_similarity": 0.79193317275934583 }, "geometry": { "type": "Polygon", "coordinates": [ [ [ 9.065315748851019, 45.443423503895595 ], [ 9.071709196555531, 45.443419669130705 ], [ 9.074900762458576, 45.439519974694704 ], [ 9.071699322866522, 45.435624380186503 ], [ 9.067528844186448, 45.435626921856795 ], [ 9.063084691755082, 45.44070820513852 ], [ 9.065315748851019, 45.443423503895595 ] ] ] } },
{ "type": "Feature", "properties": { "from_id": "173", "population": 38.829843722739668, "gravity_community": 10.997097915329306, "gravity_education": 13.482649665460091, "gravity_essential_services": 16.769522159332865, "gravity_food_and_drink": 38.014662513738749, "gravity_healthcare": 11.596318357918586, "gravity_shelter": 0.38941304082041556, "avg_gravity": 15.208277275433337, "min_tt_community": 17.0, "min_tt_education": 16.0, "min_tt_essential_services": 18.0, "min_tt_food_and_drink": 19.0, "min_tt_healthcare": 20.0, "min_tt_shelter": 61.0, "avg_tt_community": 38.620689655172413, "avg_tt_education": 38.916666666666664, "avg_tt_essential_services": 38.454545454545453, "avg_tt_food_and_drink": 41.972727272727276, "avg_tt_healthcare": 38.354838709677416, "avg_tt_shelter": 61.0, "avg_tt_all": 42.886577959798196, "n_unreachable_categories": 0, "count_community": 29.0, "count_education": 36.0, "count_essential_services": 44.0, "count_food_and_drink": 110.0, "count_healthcare": 31.0, "count_shelter": 2.0, "gravity_community_per_100": 28.321252060278439, "gravity_education_per_100": 34.722389720987557, "gravity_essential_services_per_100": 43.187199719560653, "gravity_food_and_drink_per_100": 97.900632269288451, "gravity_healthcare_per_100": 29.86444766742007, "gravity_shelter_per_100": 1.0028704817896708, "shannon": 1.4895269347658489, "kl_divergence": 0.12493818689395673, "jsd": 0.1720371442610818, "city_similarity": 0.82796285573891826 }, "geometry": { "type": "Polygon", "coordinates": [ [ [ 9.081293767893609, 45.439515603742528 ], [ 9.074900762458576, 45.439519974694704 ], [ 9.071709196555531, 45.443419669130705 ], [ 9.074911078417076, 45.447315257741053 ], [ 9.081304964347936, 45.447310885607202 ], [ 9.084496087801266, 45.44341092604482 ], [ 9.081293767893609, 45.439515603742528 ] ] ] } },
{ "type": "Feature", "properties": { "from_id": "174", "population": 49.670083072820518, "gravity_community": 1.3976746512624594, "gravity_education": 2.8403566161734641, "gravity_essential_services": 2.1297946043059039, "gravity_food_and_drink": 5.1733996318301836, "gravity_healthcare": 1.6986357448520026, "gravity_shelter": 0.38941304082041556, "avg_gravity": 2.2715457148740712, "min_tt_community": 43.0, "min_tt_education": 41.0, "min_tt_essential_services": 44.0, "min_tt_food_and_drink": 39.0, "min_tt_healthcare": 39.0, "min_tt_shelter": 61.0, "avg_tt_community": 54.833333333333336, "avg_tt_education": 51.090909090909093, "avg_tt_essential_services": 54.222222222222221, "avg_tt_food_and_drink": 54.454545454545453, "avg_tt_healthcare": 53.571428571428569, "avg_tt_shelter": 61.0, "avg_tt_all": 54.862073112073112, "n_unreachable_categories": 0, "count_community": 6.0, "count_education": 11.0, "count_essential_services": 9.0, "count_food_and_drink": 22.0, "count_healthcare": 7.0, "count_shelter": 2.0, "gravity_community_per_100": 2.813916476067396, "gravity_education_per_100": 5.7184454715110151, "gravity_essential_services_per_100": 4.2878821063847345, "gravity_food_and_drink_per_100": 10.415524419891838, "gravity_healthcare_per_100": 3.4198367302137584, "gravity_shelter_per_100": 0.78399917360617921, "shannon": 1.5884367879124301, "kl_divergence": 0.18112374142271886, "jsd": 0.20659379162303745, "city_similarity": 0.79340620837696252 }, "geometry": { "type": "Polygon", "coordinates": [ [ [ 9.062123302451116, 45.447322928307422 ], [ 9.065315748851019, 45.443423503895595 ], [ 9.063084691755082, 45.44070820513852 ], [ 9.057295739034622, 45.447325451813676 ], [ 9.062123302451116, 45.447322928307422 ] ] ] } },
{ "type": "Feature", "properties": { "from_id": "175", "population": 44.326224599464027, "gravity_community": 3.8975384079750435, "gravity_education": 6.9252086301625884, "gravity_essential_services": 5.5514571181093757, "gravity_food_and_drink": 14.581711918354799, "gravity_healthcare": 4.3728724347467507, "gravity_shelter": 0.50922004621856942, "avg_gravity": 5.9730014259278548, "min_tt_community": 33.0, "min_tt_education": 31.0, "min_tt_essential_services": 34.0, "min_tt_food_and_drink": 29.0, "min_tt_healthcare": 29.0, "min_tt_shelter": 51.0, "avg_tt_community": 50.866666666666667, "avg_tt_education": 48.84, "avg_tt_essential_services": 50.238095238095241, "avg_tt_food_and_drink": 50.785714285714285, "avg_tt_healthcare": 51.647058823529413, "avg_tt_shelter": 51.0, "avg_tt_all": 50.562922502334267, "n_unreachable_categories": 0, "count_community": 15.0, "count_education": 25.0, "count_essential_services": 21.0, "count_food_and_drink": 56.0, "count_healthcare": 17.0, "count_shelter": 2.0, "gravity_community_per_100": 8.7928499284420685, "gravity_education_per_100": 15.623276497692801, "gravity_essential_services_per_100": 12.524091930393055, "gravity_food_and_drink_per_100": 32.896354359335881, "gravity_healthcare_per_100": 9.8652038928657717, "gravity_shelter_per_100": 1.1488008528132727, "shannon": 1.5303149178896085, "kl_divergence": 0.15403923514572132, "jsd": 0.18997786459072813, "city_similarity": 0.81002213540927182 }, "geometry": { "type": "Polygon", "coordinates": [ [ [ 9.071709196555531, 45.443419669130705 ], [ 9.065315748851019, 45.443423503895595 ], [ 9.062123302451116, 45.447322928307422 ], [ 9.065324745906031, 45.451218783189958 ], [ 9.071719074287667, 45.451214947388365 ], [ 9.074911078417076, 45.447315257741053 ], [ 9.071709196555531, 45.443419669130705 ] ] ] } },
{ "type": "Feature", "properties": { "from_id": "176", "population": 1069.8428097474909, "gravity_community": 2.0910169628419419, "gravity_education": 3.7973330243538381, "gravity_essential_services": 2.6526115028926229, "gravity_food_and_drink": 7.0752693676866789, "gravity_healthcare": 1.7922527645829387, "gravity_shelter": 0.41087478648098674, "avg_gravity": 2.9698930681398346, "min_tt_community": 41.0, "min_tt_education": 39.0, "min_tt_essential_services": 42.0, "min_tt_food_and_drink": 37.0, "min_tt_healthcare": 37.0, "min_tt_shelter": 59.0, "avg_tt_community": 54.888888888888886, "avg_tt_education": 52.0, "avg_tt_essential_services": 53.545454545454547, "avg_tt_food_and_drink": 54.366666666666667, "avg_tt_healthcare": 51.571428571428569, "avg_tt_shelter": 59.0, "avg_tt_all": 54.228739778739772, "n_unreachable_categories": 0, "count_community": 9.0, "count_education": 15.0, "count_essential_services": 11.0, "count_food_and_drink": 30.0, "count_healthcare": 7.0, "count_shelter": 2.0, "gravity_community_per_100": 0.1954508591159736, "gravity_education_per_100": 0.35494308039983008, "gravity_essential_services_per_100": 0.2479440417530781, "gravity_food_and_drink_per_100": 0.66133728275059545, "gravity_healthcare_per_100": 0.16752486891097154, "gravity_shelter_per_100": 0.038405154732774553, "shannon": 1.549791998342632, "kl_divergence": 0.17942374191747351, "jsd": 0.20259694618877827, "city_similarity": 0.79740305381122178 }, "geometry": { "type": "Polygon", "coordinates": [ [ [ 9.055737090266144, 45.455121502064685 ], [ 9.0621318609192, 45.455118202740834 ], [ 9.065324745906031, 45.451218783189958 ], [ 9.062123302451116, 45.447322928307422 ], [ 9.057295739034622, 45.447325451813676 ], [ 9.053188381417058, 45.452019377602511 ], [ 9.055737090266144, 45.455121502064685 ] ] ] } },
{ "type": "Feature", "properties": { "from_id": "177", "population": 5.9899893666585697, "gravity_community": 11.769656410499294, "gravity_education": 18.995222295898103, "gravity_essential_services": 18.628575921138268, "gravity_food_and_drink": 46.667381652920731, "gravity_healthcare": 13.697797792634832, "gravity_shelter": 0.7718124905449637, "avg_gravity": 18.421741093939364, "min_tt_community": 9.0, "min_tt_education": 6.0, "min_tt_essential_services": 14.0, "min_tt_food_and_drink": 7.0, "min_tt_healthcare": 9.0, "min_tt_shelter": 35.0, "avg_tt_community": 38.516129032258064, "avg_tt_education": 34.06666666666667, "avg_tt_essential_services": 36.8125, "avg_tt_food_and_drink": 37.418032786885249, "avg_tt_healthcare": 34.545454545454547, "avg_tt_shelter": 35.5, "avg_tt_all": 36.143130505210756, "n_unreachable_categories": 0, "count_community": 31.0, "count_education": 45.0, "count_essential_services": 48.0, "count_food_and_drink": 122.0, "count_healthcare": 33.0, "count_shelter": 2.0, "gravity_community_per_100": 196.48876967981715, "gravity_education_per_100": 317.11612714421756, "gravity_essential_services_per_100": 310.99514174146111, "gravity_food_and_drink_per_100": 779.08955753211069, "gravity_healthcare_per_100": 228.67816542178528, "gravity_shelter_per_100": 12.885039409936521, "shannon": 1.4873487083650896, "kl_divergence": 0.13034654855879779, "jsd": 0.17558313907867484, "city_similarity": 0.82441686092132516 }, "geometry": { "type": "Polygon", "coordinates": [ [ [ 9.081304964347936, 45.447310885607202 ], [ 9.074911078417076, 45.447315257741053 ], [ 9.071719074287667, 45.451214947388365 ], [ 9.074921398600004, 45.45511053010074 ], [ 9.081316165387255, 45.455106156784893 ], [ 9.084507726885558, 45.451206201938795 ], [ 9.081304964347936, 45.447310885607202 ] ] ] } },
{ "type": "Feature", "properties": { "from_id": "178", "population": 4010.914314212499, "gravity_community": 4.8521957915304554, "gravity_education": 9.7872769865888358, "gravity_essential_services": 7.5710651499542108, "gravity_food_and_drink": 21.177249573234334, "gravity_healthcare": 6.2493212770853868, "gravity_shelter": 0.53728472297973429, "avg_gravity": 8.3623989168954935, "min_tt_community": 39.0, "min_tt_education": 32.0, "min_tt_essential_services": 35.0, "min_tt_food_and_drink": 33.0, "min_tt_healthcare": 33.0, "min_tt_shelter": 49.0, "avg_tt_community": 47.117647058823529, "avg_tt_education": 48.085714285714289, "avg_tt_essential_services": 47.962962962962962, "avg_tt_food_and_drink": 49.128205128205131, "avg_tt_healthcare": 47.409090909090907, "avg_tt_shelter": 49.0, "avg_tt_all": 48.117270057466136, "n_unreachable_categories": 0, "count_community": 17.0, "count_education": 35.0, "count_essential_services": 27.0, "count_food_and_drink": 78.0, "count_healthcare": 22.0, "count_shelter": 2.0, "gravity_community_per_100": 0.12097480552842807, "gravity_education_per_100": 0.24401610754705103, "gravity_essential_services_per_100": 0.18876157795559165, "gravity_food_and_drink_per_100": 0.52799057557010576, "gravity_healthcare_per_100": 0.15580789783868457, "gravity_shelter_per_100": 0.013395567217077898, "shannon": 1.4924090695714936, "kl_divergence": 0.13863754131526634, "jsd": 0.1795465179059893, "city_similarity": 0.8204534820940107 }, "geometry": { "type": "Polygon", "coordinates": [ [ [ 9.071719074287667, 45.451214947388365 ], [ 9.065324745906031, 45.451218783189958 ], [ 9.0621318609192, 45.455118202740834 ], [ 9.065333746645548, 45.459014051798128 ], [ 9.071728956064964, 45.45901021495952 ], [ 9.074921398600004, 45.45511053010074 ], [ 9.071719074287667, 45.451214947388365 ] ] ] } },
{ "type": "Feature", "properties": { "from_id": "179", "population": 1486.8030767242765, "gravity_community": 15.526607357996539, "gravity_education": 27.363521449278103, "gravity_essential_services": 25.841751910698733, "gravity_food_and_drink": 67.473700795848373, "gravity_healthcare": 19.895127482473463, "gravity_shelter": 1.5964306368319219, "avg_gravity": 26.282856605521189, "min_tt_community": 11.0, "min_tt_education": 4.0, "min_tt_essential_services": 7.0, "min_tt_food_and_drink": 5.0, "min_tt_healthcare": 5.0, "min_tt_shelter": 23.0, "avg_tt_community": 34.527777777777779, "avg_tt_education": 33.196721311475407, "avg_tt_essential_services": 34.266666666666666, "avg_tt_food_and_drink": 34.588607594936711, "avg_tt_healthcare": 34.5, "avg_tt_shelter": 36.75, "avg_tt_all": 34.638295558476095, "n_unreachable_categories": 0, "count_community": 36.0, "count_education": 61.0, "count_essential_services": 60.0, "count_food_and_drink": 158.0, "count_healthcare": 46.0, "count_shelter": 4.0, "gravity_community_per_100": 1.0442948095187394, "gravity_education_per_100": 1.8404267436388007, "gravity_essential_services_per_100": 1.738074955268001, "gravity_food_and_drink_per_100": 4.5381733366133723, "gravity_healthcare_per_100": 1.3381144950484225, "gravity_shelter_per_100": 0.10737337457958297, "shannon": 1.4972032224430452, "kl_divergence": 0.12539448401585754, "jsd": 0.17252281581510168, "city_similarity": 0.82747718418489835 }, "geometry": { "type": "Polygon", "coordinates": [ [ [ 9.090902050861377, 45.451201292291252 ], [ 9.084507726885558, 45.451206201938795 ], [ 9.081316165387255, 45.455106156784893 ], [ 9.084519370736325, 45.459001467145619 ], [ 9.090914575747711, 45.45899655617076 ], [ 9.094105694254209, 45.45509633616264 ], [ 9.090902050861377, 45.451201292291252 ] ] ] } },
{ "type": "Feature", "properties": { "from_id": "180", "population": 4804.3827032388062, "gravity_community": 1.2037418585413375, "gravity_education": 3.0086846925147253, "gravity_essential_services": 2.079294355874826, "gravity_food_and_drink": 7.4192932026459069, "gravity_healthcare": 0.96976349192294953, "gravity_shelter": 0.74130766894511124, "avg_gravity": 2.5703475450741426, "min_tt_community": 50.0, "min_tt_education": 47.0, "min_tt_essential_services": 47.0, "min_tt_food_and_drink": 45.0, "min_tt_healthcare": 48.0, "min_tt_shelter": 37.0, "avg_tt_community": 53.2, "avg_tt_education": 51.666666666666664, "avg_tt_essential_services": 55.0, "avg_tt_food_and_drink": 53.58064516129032, "avg_tt_healthcare": 53.0, "avg_tt_shelter": 37.0, "avg_tt_all": 50.574551971326166, "n_unreachable_categories": 0, "count_community": 5.0, "count_education": 12.0, "count_essential_services": 9.0, "count_food_and_drink": 31.0, "count_healthcare": 4.0, "count_shelter": 2.0, "gravity_community_per_100": 0.025055078516743726, "gravity_education_per_100": 0.062623751652558055, "gravity_essential_services_per_100": 0.043279115847143057, "gravity_food_and_drink_per_100": 0.15442760622804458, "gravity_healthcare_per_100": 0.020184975923529101, "gravity_shelter_per_100": 0.0154298213680057, "shannon": 1.4284336842351444, "kl_divergence": 0.10548115263077612, "jsd": 0.15451306352037042, "city_similarity": 0.84548693647962958 }, "geometry": { "type": "Polygon", "coordinates": [ [ [ 9.0621318609192, 45.455118202740834 ], [ 9.055737090266144, 45.455121502064685 ], [ 9.052543324240634, 45.45902065133771 ], [ 9.055744771020199, 45.462916766704026 ], [ 9.062140422892337, 45.462913466488196 ], [ 9.065333746645548, 45.459014051798128 ], [ 9.0621318609192, 45.455118202740834 ] ] ] } },
{ "type": "Feature", "properties": { "from_id": "181", "population": 19.143037161257954, "gravity_community": 7.5747448597019522, "gravity_education": 14.698909008971983, "gravity_essential_services": 11.294985747564176, "gravity_food_and_drink": 32.226174254936303, "gravity_healthcare": 8.7622413688255953, "gravity_shelter": 2.1463924941390977, "avg_gravity": 12.783907955689854, "min_tt_community": 21.0, "min_tt_education": 18.0, "min_tt_essential_services": 19.0, "min_tt_food_and_drink": 17.0, "min_tt_healthcare": 19.0, "min_tt_shelter": 2.0, "avg_tt_community": 41.545454545454547, "avg_tt_education": 40.390243902439025, "avg_tt_essential_services": 41.969696969696969, "avg_tt_food_and_drink": 40.157303370786515, "avg_tt_healthcare": 43.629629629629626, "avg_tt_shelter": 17.666666666666668, "avg_tt_all": 37.559832514112223, "n_unreachable_categories": 0, "count_community": 22.0, "count_education": 41.0, "count_essential_services": 33.0, "count_food_and_drink": 89.0, "count_healthcare": 27.0, "count_shelter": 3.0, "gravity_community_per_100": 39.56919059339166, "gravity_education_per_100": 76.784623490779808, "gravity_essential_services_per_100": 59.003102028256961, "gravity_food_and_drink_per_100": 168.3441033074744, "gravity_healthcare_per_100": 45.772472231098142, "gravity_shelter_per_100": 11.212392662973084, "shannon": 1.522190552592392, "kl_divergence": 0.1523990960457898, "jsd": 0.18885273641460429, "city_similarity": 0.81114726358539568 }, "geometry": { "type": "Polygon", "coordinates": [ [ [ 9.081316165387255, 45.455106156784893 ], [ 9.074921398600004, 45.45511053010074 ], [ 9.071728956064964, 45.45901021495952 ], [ 9.074931723009485, 45.462905791773807 ], [ 9.081327371013874, 45.462901417275624 ], [ 9.084519370736325, 45.459001467145619 ], [ 9.081316165387255, 45.455106156784893 ] ] ] } },
{ "type": "Feature", "properties": { "from_id": "182", "population": 990.45692526153971, "gravity_community": 15.92362115138361, "gravity_education": 27.375368832652342, "gravity_essential_services": 26.67565654727218, "gravity_food_and_drink": 85.591031174128688, "gravity_healthcare": 20.975790910288865, "gravity_shelter": 0.58480354764257325, "avg_gravity": 29.521045360561377, "min_tt_community": 15.0, "min_tt_education": 17.0, "min_tt_essential_services": 14.0, "min_tt_food_and_drink": 13.0, "min_tt_healthcare": 14.0, "min_tt_shelter": 20.0, "avg_tt_community": 44.48, "avg_tt_education": 44.011764705882356, "avg_tt_essential_services": 39.575342465753423, "avg_tt_food_and_drink": 40.858921161825727, "avg_tt_healthcare": 40.0, "avg_tt_shelter": 20.0, "avg_tt_all": 38.154338055576915, "n_unreachable_categories": 0, "count_community": 50.0, "count_education": 85.0, "count_essential_services": 73.0, "count_food_and_drink": 241.0, "count_healthcare": 58.0, "count_shelter": 1.0, "gravity_community_per_100": 1.6077045599109547, "gravity_education_per_100": 2.7639131126700551, "gravity_essential_services_per_100": 2.6932677097722566, "gravity_food_and_drink_per_100": 8.6415702683413063, "gravity_healthcare_per_100": 2.1177893127204905, "gravity_shelter_per_100": 0.059043814296936767, "shannon": 1.4199070353877787, "kl_divergence": 0.10798900467585977, "jsd": 0.16062098008486586, "city_similarity": 0.83937901991513408 }, "geometry": { "type": "Polygon", "coordinates": [ [ [ 9.11006985027516, 45.443389145654912 ], [ 9.103676412459278, 45.443395127529016 ], [ 9.100486612489775, 45.447295621805601 ], [ 9.103690693565667, 45.451190399151891 ], [ 9.1100850120537, 45.451184415660599 ], [ 9.113274368673503, 45.447283656440412 ], [ 9.11006985027516, 45.443389145654912 ] ] ] } },
{ "type": "Feature", "properties": { "from_id": "183", "population": 604.20808941270661, "gravity_community": 15.890616626774769, "gravity_education": 25.262047030227997, "gravity_essential_services": 26.328827569721213, "gravity_food_and_drink": 68.085483466894885, "gravity_healthcare": 19.948730689975314, "gravity_shelter": 0.91455287847097477, "avg_gravity": 26.071709710344194, "min_tt_community": 2.0, "min_tt_education": 3.0, "min_tt_essential_services": 2.0, "min_tt_food_and_drink": 5.0, "min_tt_healthcare": 1.0, "min_tt_shelter": 43.0, "avg_tt_community": 32.857142857142854, "avg_tt_education": 33.701754385964911, "avg_tt_essential_services": 30.660714285714285, "avg_tt_food_and_drink": 35.296296296296298, "avg_tt_healthcare": 29.375, "avg_tt_shelter": 44.333333333333336, "avg_tt_all": 34.370706859741951, "n_unreachable_categories": 0, "count_community": 35.0, "count_education": 57.0, "count_essential_services": 56.0, "count_food_and_drink": 162.0, "count_healthcare": 40.0, "count_shelter": 3.0, "gravity_community_per_100": 2.6299907110182073, "gravity_education_per_100": 4.1810176779961417, "gravity_essential_services_per_100": 4.3575761448862709, "gravity_food_and_drink_per_100": 11.268548809578887, "gravity_healthcare_per_100": 3.3016325070002925, "gravity_shelter_per_100": 0.15136389176118528, "shannon": 1.4603705493801344, "kl_divergence": 0.10592730825607664, "jsd": 0.15807563439586222, "city_similarity": 0.84192436560413775 }, "geometry": { "type": "Polygon", "coordinates": [ [ [ 9.090889531102174, 45.443406017724229 ], [ 9.084496087801266, 45.44341092604482 ], [ 9.081304964347936, 45.447310885607202 ], [ 9.084507726885558, 45.451206201938795 ], [ 9.090902050861377, 45.451201292291252 ], [ 9.094092731504473, 45.447301067639231 ], [ 9.090889531102174, 45.443406017724229 ] ] ] } },
{ "type": "Feature", "properties": { "from_id": "184", "population": 4538.6213173435372, "gravity_community": 17.056840199067786, "gravity_education": 29.864338250948151, "gravity_essential_services": 28.34439254855198, "gravity_food_and_drink": 81.644069034666956, "gravity_healthcare": 25.213566564560153, "gravity_shelter": 1.0078821224604808, "avg_gravity": 30.521848120042581, "min_tt_community": 12.0, "min_tt_education": 8.0, "min_tt_essential_services": 2.0, "min_tt_food_and_drink": 1.0, "min_tt_healthcare": 2.0, "min_tt_shelter": 40.0, "avg_tt_community": 37.441860465116278, "avg_tt_education": 37.08, "avg_tt_essential_services": 33.153846153846153, "avg_tt_food_and_drink": 36.651960784313722, "avg_tt_healthcare": 34.163636363636364, "avg_tt_shelter": 40.666666666666664, "avg_tt_all": 36.52632840559653, "n_unreachable_categories": 0, "count_community": 43.0, "count_education": 75.0, "count_essential_services": 65.0, "count_food_and_drink": 204.0, "count_healthcare": 56.0, "count_shelter": 3.0, "gravity_community_per_100": 0.37581545157530755, "gravity_education_per_100": 0.65800462657738978, "gravity_essential_services_per_100": 0.62451547654436179, "gravity_food_and_drink_per_100": 1.7988737840427138, "gravity_healthcare_per_100": 0.55553360374462124, "gravity_shelter_per_100": 0.022206790388284606, "shannon": 1.4579638041007492, "kl_divergence": 0.11146174857331928, "jsd": 0.16204974137477673, "city_similarity": 0.83795025862522321 }, "geometry": { "type": "Polygon", "coordinates": [ [ [ 9.100486612489775, 45.447295621805601 ], [ 9.094092731504473, 45.447301067639231 ], [ 9.090902050861377, 45.451201292291252 ], [ 9.094105694254209, 45.45509633616264 ], [ 9.100500456093414, 45.455090888856731 ], [ 9.103690693565667, 45.451190399151891 ], [ 9.100486612489775, 45.447295621805601 ] ] ] } },
{ "type": "Feature", "properties": { "from_id": "185", "population": 2703.0854956195503, "gravity_community": 18.646112007043705, "gravity_education": 38.261267100275269, "gravity_essential_services": 32.577117464304884, "gravity_food_and_drink": 127.93990798420396, "gravity_healthcare": 30.778220582222488, "gravity_shelter": 0.73632817358799907, "avg_gravity": 41.48982555193971, "min_tt_community": 3.0, "min_tt_education": 5.0, "min_tt_essential_services": 4.0, "min_tt_food_and_drink": 2.0, "min_tt_healthcare": 18.0, "min_tt_shelter": 24.0, "avg_tt_community": 43.754385964912281, "avg_tt_education": 44.571428571428569, "avg_tt_essential_services": 44.049504950495049, "avg_tt_food_and_drink": 43.570694087403602, "avg_tt_healthcare": 42.98924731182796, "avg_tt_shelter": 41.0, "avg_tt_all": 43.322543481011245, "n_unreachable_categories": 0, "count_community": 57.0, "count_education": 119.0, "count_essential_services": 101.0, "count_food_and_drink": 389.0, "count_healthcare": 93.0, "count_shelter": 2.0, "gravity_community_per_100": 0.68980844435961852, "gravity_education_per_100": 1.4154664054199937, "gravity_essential_services_per_100": 1.2051826520876718, "gravity_food_and_drink_per_100": 4.733106229585978, "gravity_healthcare_per_100": 1.1386328931178733, "gravity_shelter_per_100": 0.027240284289240798, "shannon": 1.3678170617498999, "kl_divergence": 0.073748335061231074, "jsd": 0.13352339111895928, "city_similarity": 0.86647660888104072 }, "geometry": { "type": "Polygon", "coordinates": [ [ [ 9.119668243631555, 45.447277136909427 ], [ 9.113274368673503, 45.447283656440412 ], [ 9.1100850120537, 45.451184415660599 ], [ 9.11328997398204, 45.45507892025671 ], [ 9.119684729790965, 45.455072398963182 ], [ 9.122873642700458, 45.451171374836292 ], [ 9.119668243631555, 45.447277136909427 ] ] ] } },
{ "type": "Feature", "properties": { "from_id": "186", "population": 940.59153426436842, "gravity_community": 17.645354239025856, "gravity_education": 34.628291714388595, "gravity_essential_services": 32.890513907513999, "gravity_food_and_drink": 105.75198618513649, "gravity_healthcare": 30.160987292789244, "gravity_shelter": 3.1726617382794089, "avg_gravity": 37.374965846188935, "min_tt_community": 9.0, "min_tt_education": 8.0, "min_tt_essential_services": 9.0, "min_tt_food_and_drink": 6.0, "min_tt_healthcare": 12.0, "min_tt_shelter": 31.0, "avg_tt_community": 40.387755102040813, "avg_tt_education": 41.204081632653065, "avg_tt_essential_services": 41.563829787234042, "avg_tt_food_and_drink": 41.215946843853821, "avg_tt_healthcare": 41.108433734939759, "avg_tt_shelter": 56.357142857142854, "avg_tt_all": 43.639531659644057, "n_unreachable_categories": 0, "count_community": 49.0, "count_education": 98.0, "count_essential_services": 94.0, "count_food_and_drink": 301.0, "count_healthcare": 84.0, "count_shelter": 14.0, "gravity_community_per_100": 1.8759848027790504, "gravity_education_per_100": 3.6815440553025174, "gravity_essential_services_per_100": 3.4967903398405018, "gravity_food_and_drink_per_100": 11.24313608327812, "gravity_healthcare_per_100": 3.206597783848649, "gravity_shelter_per_100": 0.33730494297513858, "shannon": 1.4707317388362346, "kl_divergence": 0.084673090524534284, "jsd": 0.14237675010096007, "city_similarity": 0.85762324989903993 }, "geometry": { "type": "Polygon", "coordinates": [ [ [ 9.1100850120537, 45.451184415660599 ], [ 9.103690693565667, 45.451190399151891 ], [ 9.100500456093414, 45.455090888856731 ], [ 9.10370498052049, 45.458985660086448 ], [ 9.110100180041332, 45.458979674977527 ], [ 9.11328997398204, 45.45507892025671 ], [ 9.1100850120537, 45.451184415660599 ] ] ] } },
{ "type": "Feature", "properties": { "from_id": "187", "population": 4740.8233919716713, "gravity_community": 15.791522420790333, "gravity_education": 30.884500954128359, "gravity_essential_services": 28.679623236767164, "gravity_food_and_drink": 86.085528509875047, "gravity_healthcare": 23.929289966537386, "gravity_shelter": 7.9580769989731293, "avg_gravity": 32.221423681178571, "min_tt_community": 3.0, "min_tt_education": 4.0, "min_tt_essential_services": 3.0, "min_tt_food_and_drink": 2.0, "min_tt_healthcare": 3.0, "min_tt_shelter": 32.0, "avg_tt_community": 35.135135135135137, "avg_tt_education": 37.493506493506494, "avg_tt_essential_services": 37.83098591549296, "avg_tt_food_and_drink": 39.407239819004523, "avg_tt_healthcare": 40.12903225806452, "avg_tt_shelter": 48.586206896551722, "avg_tt_all": 39.763684419625889, "n_unreachable_categories": 0, "count_community": 37.0, "count_education": 77.0, "count_essential_services": 71.0, "count_food_and_drink": 221.0, "count_healthcare": 63.0, "count_shelter": 29.0, "gravity_community_per_100": 0.33309661877581065, "gravity_education_per_100": 0.65145858431321435, "gravity_essential_services_per_100": 0.60495025580017503, "gravity_food_and_drink_per_100": 1.8158349592953884, "gravity_healthcare_per_100": 0.50474966030289903, "gravity_shelter_per_100": 0.16786276013676663, "shannon": 1.5471657897102988, "kl_divergence": 0.12623154106474929, "jsd": 0.16969917088658812, "city_similarity": 0.83030082911341185 }, "geometry": { "type": "Polygon", "coordinates": [ [ [ 9.100500456093414, 45.455090888856731 ], [ 9.094105694254209, 45.45509633616264 ], [ 9.090914575747711, 45.45899655617076 ], [ 9.094118662312736, 45.462891593998393 ], [ 9.100514305366589, 45.462886145219805 ], [ 9.10370498052049, 45.458985660086448 ], [ 9.100500456093414, 45.455090888856731 ] ] ] } },
{ "type": "Feature", "properties": { "from_id": "188", "population": 6230.2990650745396, "gravity_community": 21.068512913555722, "gravity_education": 41.306082206718919, "gravity_essential_services": 44.028823775573294, "gravity_food_and_drink": 156.66548846114961, "gravity_healthcare": 40.674172606316326, "gravity_shelter": 8.3472583065103496, "avg_gravity": 52.015056378304045, "min_tt_community": 12.0, "min_tt_education": 8.0, "min_tt_essential_services": 9.0, "min_tt_food_and_drink": 4.0, "min_tt_healthcare": 7.0, "min_tt_shelter": 38.0, "avg_tt_community": 42.274193548387096, "avg_tt_education": 41.034188034188034, "avg_tt_essential_services": 43.634328358208954, "avg_tt_food_and_drink": 44.384297520661157, "avg_tt_healthcare": 41.401785714285715, "avg_tt_shelter": 46.586206896551722, "avg_tt_all": 43.219166678713783, "n_unreachable_categories": 0, "count_community": 62.0, "count_education": 117.0, "count_essential_services": 134.0, "count_food_and_drink": 484.0, "count_healthcare": 113.0, "count_shelter": 29.0, "gravity_community_per_100": 0.33816214428068803, "gravity_education_per_100": 0.66298714997920782, "gravity_essential_services_per_100": 0.70668876912165579, "gravity_food_and_drink_per_100": 2.5145741291838815, "gravity_healthcare_per_100": 0.65284462561878154, "gravity_shelter_per_100": 0.13397845302969388, "shannon": 1.4205953384044929, "kl_divergence": 0.049899443946800834, "jsd": 0.10955080970360587, "city_similarity": 0.89044919029639413 }, "geometry": { "type": "Polygon", "coordinates": [ [ [ 9.119684729790965, 45.455072398963182 ], [ 9.11328997398204, 45.45507892025671 ], [ 9.110100180041332, 45.458979674977527 ], [ 9.113305585681603, 45.462874173384073 ], [ 9.119701222702142, 45.462867650327517 ], [ 9.122890572750517, 45.458966630627643 ], [ 9.119684729790965, 45.455072398963182 ] ] ] } },
{ "type": "Feature", "properties": { "from_id": "189", "population": 6672.5776256702984, "gravity_community": 15.699824622177585, "gravity_education": 30.59796389357669, "gravity_essential_services": 28.122289078534383, "gravity_food_and_drink": 86.615445411648409, "gravity_healthcare": 26.357720259516324, "gravity_shelter": 10.193587704786564, "avg_gravity": 32.931138495039995, "min_tt_community": 12.0, "min_tt_education": 11.0, "min_tt_essential_services": 5.0, "min_tt_food_and_drink": 6.0, "min_tt_healthcare": 11.0, "min_tt_shelter": 36.0, "avg_tt_community": 41.844444444444441, "avg_tt_education": 39.916666666666664, "avg_tt_essential_services": 41.430379746835442, "avg_tt_food_and_drink": 42.496031746031747, "avg_tt_healthcare": 43.065789473684212, "avg_tt_shelter": 39.275862068965516, "avg_tt_all": 41.338195691104673, "n_unreachable_categories": 0, "count_community": 45.0, "count_education": 84.0, "count_essential_services": 79.0, "count_food_and_drink": 252.0, "count_healthcare": 77.0, "count_shelter": 29.0, "gravity_community_per_100": 0.23528875200759392, "gravity_education_per_100": 0.45856287644915861, "gravity_essential_services_per_100": 0.42146065068384031, "gravity_food_and_drink_per_100": 1.2980807458638954, "gravity_healthcare_per_100": 0.39501556577048502, "gravity_shelter_per_100": 0.15276836444090916, "shannon": 1.5431602800713862, "kl_divergence": 0.11867514402230754, "jsd": 0.16604142461029206, "city_similarity": 0.83395857538970797 }, "geometry": { "type": "Polygon", "coordinates": [ [ [ 9.110100180041332, 45.458979674977527 ], [ 9.10370498052049, 45.458985660086448 ], [ 9.100514305366589, 45.462886145219805 ], [ 9.103719273326698, 45.466780910332773 ], [ 9.110115354241179, 45.466774923605776 ], [ 9.113305585681603, 45.462874173384073 ], [ 9.110100180041332, 45.458979674977527 ] ] ] } },
{ "type": "Feature", "properties": { "from_id": "190", "population": 5350.6066987224613, "gravity_community": 19.318854569468879, "gravity_education": 36.601782438361084, "gravity_essential_services": 39.714501517711298, "gravity_food_and_drink": 131.90728066822123, "gravity_healthcare": 36.220127855203529, "gravity_shelter": 11.358683913492495, "avg_gravity": 45.853538493743088, "min_tt_community": 4.0, "min_tt_education": 6.0, "min_tt_essential_services": 13.0, "min_tt_food_and_drink": 7.0, "min_tt_healthcare": 4.0, "min_tt_shelter": 35.0, "avg_tt_community": 44.372881355932201, "avg_tt_education": 42.641509433962263, "avg_tt_essential_services": 42.344827586206897, "avg_tt_food_and_drink": 45.377358490566039, "avg_tt_healthcare": 42.127450980392155, "avg_tt_shelter": 40.393939393939391, "avg_tt_all": 42.876327873499825, "n_unreachable_categories": 0, "count_community": 59.0, "count_education": 106.0, "count_essential_services": 116.0, "count_food_and_drink": 424.0, "count_healthcare": 103.0, "count_shelter": 33.0, "gravity_community_per_100": 0.36105914071541734, "gravity_education_per_100": 0.68406789172338756, "gravity_essential_services_per_100": 0.74224295961042586, "gravity_food_and_drink_per_100": 2.4652770815637806, "gravity_healthcare_per_100": 0.67693497008202141, "gravity_shelter_per_100": 0.2122877750705271, "shannon": 1.4502105242976935, "kl_divergence": 0.062213586460913073, "jsd": 0.12117943075856259, "city_similarity": 0.87882056924143737 }, "geometry": { "type": "Polygon", "coordinates": [ [ [ 9.119701222702142, 45.462867650327517 ], [ 9.113305585681603, 45.462874173384073 ], [ 9.110115354241179, 45.466774923605776 ], [ 9.113321203775405, 45.470669415822549 ], [ 9.119717722368486, 45.470662891002476 ], [ 9.122907509734462, 45.466761875729354 ], [ 9.119701222702142, 45.462867650327517 ] ] ] } },
{ "type": "Feature", "properties": { "from_id": "191", "population": 1185.127419452049, "gravity_community": 11.375702432097475, "gravity_education": 22.967162749756877, "gravity_essential_services": 18.179438668834454, "gravity_food_and_drink": 51.293889518279457, "gravity_healthcare": 15.372954868519599, "gravity_shelter": 10.34950622184197, "avg_gravity": 21.589775743221637, "min_tt_community": 13.0, "min_tt_education": 13.0, "min_tt_essential_services": 15.0, "min_tt_food_and_drink": 10.0, "min_tt_healthcare": 12.0, "min_tt_shelter": 34.0, "avg_tt_community": 37.931034482758619, "avg_tt_education": 39.16393442622951, "avg_tt_essential_services": 37.565217391304351, "avg_tt_food_and_drink": 38.613636363636367, "avg_tt_healthcare": 43.372093023255815, "avg_tt_shelter": 38.655172413793103, "avg_tt_all": 39.21684801682963, "n_unreachable_categories": 0, "count_community": 29.0, "count_education": 61.0, "count_essential_services": 46.0, "count_food_and_drink": 132.0, "count_healthcare": 44.0, "count_shelter": 29.0, "gravity_community_per_100": 0.95987167669760787, "gravity_education_per_100": 1.9379488123206099, "gravity_essential_services_per_100": 1.5339649028827491, "gravity_food_and_drink_per_100": 4.328132880597388, "gravity_healthcare_per_100": 1.2971562902179228, "gravity_shelter_per_100": 0.87328215109790719, "shannon": 1.6288966544875678, "kl_divergence": 0.21899687501154599, "jsd": 0.218844784467433, "city_similarity": 0.78115521553256695 }, "geometry": { "type": "Polygon", "coordinates": [ [ [ 9.100514305366589, 45.462886145219805 ], [ 9.094118662312736, 45.462891593998393 ], [ 9.090927105763752, 45.466791809362846 ], [ 9.094131635682725, 45.470686841146524 ], [ 9.100528160312155, 45.470681390894875 ], [ 9.103719273326698, 45.466780910332773 ], [ 9.100514305366589, 45.462886145219805 ] ] ] } },
{ "type": "Feature", "properties": { "from_id": "192", "population": 1209.0929019161013, "gravity_community": 0.2, "gravity_education": 0.422197070587367, "gravity_essential_services": 1.4335193546937472, "gravity_food_and_drink": 1.6951369651531487, "gravity_healthcare": 0.21102261270724551, "gravity_shelter": 0.56689613005436068, "avg_gravity": 0.75479535553264487, "min_tt_community": 60.0, "min_tt_education": 57.0, "min_tt_essential_services": 57.0, "min_tt_food_and_drink": 56.0, "min_tt_healthcare": 58.0, "min_tt_shelter": 47.0, "avg_tt_community": 60.0, "avg_tt_education": 58.0, "avg_tt_essential_services": 57.0, "avg_tt_food_and_drink": 57.875, "avg_tt_healthcare": 58.0, "avg_tt_shelter": 47.0, "avg_tt_all": 56.3125, "n_unreachable_categories": 0, "count_community": 1.0, "count_education": 2.0, "count_essential_services": 3.0, "count_food_and_drink": 8.0, "count_healthcare": 1.0, "count_shelter": 2.0, "gravity_community_per_100": 0.016541326120023653, "gravity_education_per_100": 0.034918497157521419, "gravity_essential_services_per_100": 0.11856155572677565, "gravity_food_and_drink_per_100": 0.14019906679352701, "gravity_healthcare_per_100": 0.017452969277449975, "gravity_shelter_per_100": 0.046886068817042603, "shannon": 1.4976864081301329, "kl_divergence": 0.20013903029243096, "jsd": 0.19384509980772358, "city_similarity": 0.80615490019227642 }, "geometry": { "type": "Polygon", "coordinates": [ [ [ 9.052543324240634, 45.45902065133771 ], [ 9.055737090266144, 45.455121502064685 ], [ 9.053188381417058, 45.452019377602511 ], [ 9.047058404175441, 45.459023042651388 ], [ 9.052543324240634, 45.45902065133771 ] ] ] } },
{ "type": "Feature", "properties": { "from_id": "193", "population": 17.67723167275819, "gravity_community": 0.61116652635794666, "gravity_education": 1.2563404310444444, "gravity_essential_services": 0.82441172164042797, "gravity_food_and_drink": 1.982824091776614, "gravity_healthcare": 1.2226527153689606, "gravity_shelter": 0.5823083159824578, "avg_gravity": 1.0799506336951419, "min_tt_community": 58.0, "min_tt_education": 55.0, "min_tt_essential_services": 56.0, "min_tt_food_and_drink": 54.0, "min_tt_healthcare": 56.0, "min_tt_shelter": 46.0, "avg_tt_community": 59.333333333333336, "avg_tt_education": 58.333333333333336, "avg_tt_essential_services": 59.0, "avg_tt_food_and_drink": 56.444444444444443, "avg_tt_healthcare": 56.0, "avg_tt_shelter": 46.0, "avg_tt_all": 55.851851851851855, "n_unreachable_categories": 0, "count_community": 3.0, "count_education": 6.0, "count_essential_services": 4.0, "count_food_and_drink": 9.0, "count_healthcare": 2.0, "count_shelter": 2.0, "gravity_community_per_100": 3.4573655970114121, "gravity_education_per_100": 7.1071107416697492, "gravity_essential_services_per_100": 4.6636924655510521, "gravity_food_and_drink_per_100": 11.216824718274639, "gravity_healthcare_per_100": 6.9165395238506218, "gravity_shelter_per_100": 3.2941148634705866, "shannon": 1.6373588061242454, "kl_divergence": 0.29763543059016589, "jsd": 0.25648620543417139, "city_similarity": 0.74351379456582856 }, "geometry": { "type": "Polygon", "coordinates": [ [ [ 9.046154471722243, 45.466818674491485 ], [ 9.052550565867472, 45.466815911043923 ], [ 9.055744771020199, 45.462916766704026 ], [ 9.052543324240634, 45.45902065133771 ], [ 9.047058404175441, 45.459023042651388 ], [ 9.043288115296056, 45.463329671631627 ], [ 9.046154471722243, 45.466818674491485 ] ] ] } },
{ "type": "Feature", "properties": { "from_id": "194", "population": 11.107501643383793, "gravity_community": 0.0, "gravity_education": 0.0, "gravity_essential_services": 1.0, "gravity_food_and_drink": 0.0, "gravity_healthcare": 0.0, "gravity_shelter": 0.0, "avg_gravity": 0.16666666666666666, "min_tt_community": null, "min_tt_education": null, "min_tt_essential_services": null, "min_tt_food_and_drink": null, "min_tt_healthcare": null, "min_tt_shelter": null, "avg_tt_community": null, "avg_tt_education": null, "avg_tt_essential_services": null, "avg_tt_food_and_drink": null, "avg_tt_healthcare": null, "avg_tt_shelter": null, "avg_tt_all": null, "n_unreachable_categories": 6, "count_community": 0.0, "count_education": 0.0, "count_essential_services": 1.0, "count_food_and_drink": 0.0, "count_healthcare": 0.0, "count_shelter": 0.0, "gravity_community_per_100": 0.0, "gravity_education_per_100": 0.0, "gravity_essential_services_per_100": 9.0029246189277146, "gravity_food_and_drink_per_100": 0.0, "gravity_healthcare_per_100": 0.0, "gravity_shelter_per_100": 0.0, "shannon": 1.1412925456691193e-08, "kl_divergence": 2.1531951698718053, "jsd": 0.71192501368991457, "city_similarity": 0.28807498631008543 }, "geometry": { "type": "Polygon", "coordinates": [ [ [ 9.046154471722243, 45.466818674491485 ], [ 9.043288115296056, 45.463329671631627 ], [ 9.042974472045898, 45.463687896728509 ], [ 9.043179981112397, 45.464466030505172 ], [ 9.043251719659471, 45.464145538038409 ], [ 9.04295539855957, 45.465469360351562 ], [ 9.043491196471939, 45.465644407631778 ], [ 9.044374440895954, 45.468990873308073 ], [ 9.046154471722243, 45.466818674491485 ] ], [ [ 9.043322563171387, 45.463829040527337 ], [ 9.043268871174314, 45.46406891729989 ], [ 9.043268870424233, 45.464068916329069 ], [ 9.043322563171387, 45.463829040527337 ] ] ] } },
{ "type": "Feature", "properties": { "from_id": "195", "population": 3.3315280923391368, "gravity_community": 0.0, "gravity_education": 1.2054373932404934, "gravity_essential_services": 0.41087478648098674, "gravity_food_and_drink": 1.2391006615849418, "gravity_healthcare": 0.2, "gravity_shelter": 0.53728472297973429, "avg_gravity": 0.59878292738102612, "min_tt_community": null, "min_tt_education": 59.0, "min_tt_essential_services": 59.0, "min_tt_food_and_drink": 57.0, "min_tt_healthcare": 60.0, "min_tt_shelter": 49.0, "avg_tt_community": null, "avg_tt_education": 59.0, "avg_tt_essential_services": 59.0, "avg_tt_food_and_drink": 58.833333333333336, "avg_tt_healthcare": 60.0, "avg_tt_shelter": 49.0, "avg_tt_all": 57.166666666666671, "n_unreachable_categories": 1, "count_community": 0.0, "count_education": 2.0, "count_essential_services": 2.0, "count_food_and_drink": 6.0, "count_healthcare": 1.0, "count_shelter": 2.0, "gravity_community_per_100": 0.0, "gravity_education_per_100": 36.182717354609792, "gravity_essential_services_per_100": 12.33292276375502, "gravity_food_and_drink_per_100": 37.193162634115531, "gravity_healthcare_per_100": 6.0032511945464568, "gravity_shelter_per_100": 16.127275775198257, "shannon": 1.4180693679496301, "kl_divergence": 0.33598392733363097, "jsd": 0.25710644182068831, "city_similarity": 0.74289355817931169 }, "geometry": { "type": "Polygon", "coordinates": [ [ [ 9.046160834553937, 45.474613924259216 ], [ 9.052557810460479, 45.474611160064569 ], [ 9.055752454920144, 45.470712020657629 ], [ 9.052550565867472, 45.466815911043923 ], [ 9.046154471722243, 45.466818674491485 ], [ 9.044374440895954, 45.468990873308073 ], [ 9.045715816229322, 45.474072345193576 ], [ 9.046160834553937, 45.474613924259216 ] ] ] } },
{ "type": "Feature", "properties": { "from_id": "196", "population": 0.0, "gravity_community": 0.0, "gravity_education": 0.0, "gravity_essential_services": 0.0, "gravity_food_and_drink": 0.0, "gravity_healthcare": 1.0, "gravity_shelter": 0.0, "avg_gravity": 0.16666666666666666, "min_tt_community": null, "min_tt_education": null, "min_tt_essential_services": null, "min_tt_food_and_drink": null, "min_tt_healthcare": null, "min_tt_shelter": null, "avg_tt_community": null, "avg_tt_education": null, "avg_tt_essential_services": null, "avg_tt_food_and_drink": null, "avg_tt_healthcare": null, "avg_tt_shelter": null, "avg_tt_all": null, "n_unreachable_categories": 6, "count_community": 0.0, "count_education": 0.0, "count_essential_services": 0.0, "count_food_and_drink": 0.0, "count_healthcare": 1.0, "count_shelter": 0.0, "gravity_community_per_100": 0.0, "gravity_education_per_100": 0.0, "gravity_essential_services_per_100": 0.0, "gravity_food_and_drink_per_100": 0.0, "gravity_healthcare_per_100": 0.0, "gravity_shelter_per_100": 0.0, "shannon": 1.1412925456691193e-08, "kl_divergence": 2.4746322859329108, "jsd": 0.73834359549605511, "city_similarity": 0.26165640450394489 }, "geometry": { "type": "Polygon", "coordinates": [ [ [ 9.046160834553937, 45.474613924259216 ], [ 9.045715816229322, 45.474072345193576 ], [ 9.045932385335378, 45.474892676546496 ], [ 9.046160834553937, 45.474613924259216 ] ] ] } },
{ "type": "Feature", "properties": { "from_id": "197", "population": 0.0, "gravity_community": 0.67483000841265339, "gravity_education": 1.3748940527700315, "gravity_essential_services": 0.87550562213371752, "gravity_food_and_drink": 1.1838558041232119, "gravity_healthcare": 1.4600474163497781, "gravity_shelter": 0.30720055559943632, "avg_gravity": 0.9793889098981382, "min_tt_community": 53.0, "min_tt_education": 47.0, "min_tt_essential_services": 52.0, "min_tt_food_and_drink": 44.0, "min_tt_healthcare": 51.0, "min_tt_shelter": 44.0, "avg_tt_community": 55.666666666666664, "avg_tt_education": 55.166666666666664, "avg_tt_essential_services": 56.75, "avg_tt_food_and_drink": 54.2, "avg_tt_healthcare": 55.0, "avg_tt_shelter": 44.0, "avg_tt_all": 53.463888888888881, "n_unreachable_categories": 0, "count_community": 3.0, "count_education": 6.0, "count_essential_services": 4.0, "count_food_and_drink": 5.0, "count_healthcare": 3.0, "count_shelter": 1.0, "gravity_community_per_100": 0.0, "gravity_education_per_100": 0.0, "gravity_essential_services_per_100": 0.0, "gravity_food_and_drink_per_100": 0.0, "gravity_healthcare_per_100": 0.0, "gravity_shelter_per_100": 0.0, "shannon": 1.6849243832768761, "kl_divergence": 0.44787553599398794, "jsd": 0.32702068757570063, "city_similarity": 0.67297931242429931 }, "geometry": { "type": "Polygon", "coordinates": [ [ [ 9.062148988372297, 45.470708719549584 ], [ 9.055752454920144, 45.470712020657629 ], [ 9.052557810460479, 45.474611160064569 ], [ 9.055760141967562, 45.478507263925579 ], [ 9.062157557360836, 45.478503961925071 ], [ 9.065351759185505, 45.474604556956116 ], [ 9.062148988372297, 45.470708719549584 ] ] ] } },
{ "type": "Feature", "properties": { "from_id": "198", "population": 1789.248077173427, "gravity_community": 13.340302174669938, "gravity_education": 25.310742484513796, "gravity_essential_services": 21.125720314861134, "gravity_food_and_drink": 61.23131721419724, "gravity_healthcare": 16.022810473231633, "gravity_shelter": 8.3972289023988438, "avg_gravity": 24.238020260645428, "min_tt_community": 3.0, "min_tt_education": 3.0, "min_tt_essential_services": 2.0, "min_tt_food_and_drink": 2.0, "min_tt_healthcare": 1.0, "min_tt_shelter": 17.0, "avg_tt_community": 32.481481481481481, "avg_tt_education": 36.0, "avg_tt_essential_services": 36.588235294117645, "avg_tt_food_and_drink": 37.287671232876711, "avg_tt_healthcare": 39.047619047619051, "avg_tt_shelter": 46.285714285714285, "avg_tt_all": 37.94845355696819, "n_unreachable_categories": 0, "count_community": 28.0, "count_education": 59.0, "count_essential_services": 51.0, "count_food_and_drink": 146.0, "count_healthcare": 42.0, "count_shelter": 28.0, "gravity_community_per_100": 0.74558147329376168, "gravity_education_per_100": 1.4146021900159624, "gravity_essential_services_per_100": 1.1807038154393097, "gravity_food_and_drink_per_100": 3.4221815295130957, "gravity_healthcare_per_100": 0.89550525036996231, "gravity_shelter_per_100": 0.4693160780513122, "shannon": 1.5972913776522657, "kl_divergence": 0.18043358569183424, "jsd": 0.19877934410196987, "city_similarity": 0.80122065589803015 }, "geometry": { "type": "Polygon", "coordinates": [ [ [ 9.090914575747711, 45.45899655617076 ], [ 9.084519370736325, 45.459001467145619 ], [ 9.081327371013874, 45.462901417275624 ], [ 9.084531019355964, 45.466796721665382 ], [ 9.090927105763752, 45.466791809362846 ], [ 9.094118662312736, 45.462891593998393 ], [ 9.090914575747711, 45.45899655617076 ] ] ] } },
{ "type": "Feature", "properties": { "from_id": "199", "population": 6471.2066327026268, "gravity_community": 4.4043093289219604, "gravity_education": 7.6925579984206829, "gravity_essential_services": 5.6761517615625028, "gravity_food_and_drink": 17.024957317099418, "gravity_healthcare": 5.5712226673634957, "gravity_shelter": 1.3333571592605138, "avg_gravity": 6.9504260387714289, "min_tt_community": 34.0, "min_tt_education": 31.0, "min_tt_essential_services": 31.0, "min_tt_food_and_drink": 29.0, "min_tt_healthcare": 32.0, "min_tt_shelter": 21.0, "avg_tt_community": 49.25, "avg_tt_education": 45.12, "avg_tt_essential_services": 46.0, "avg_tt_food_and_drink": 44.111111111111114, "avg_tt_healthcare": 50.0, "avg_tt_shelter": 34.333333333333336, "avg_tt_all": 44.802407407407408, "n_unreachable_categories": 0, "count_community": 16.0, "count_education": 25.0, "count_essential_services": 19.0, "count_food_and_drink": 54.0, "count_healthcare": 18.0, "count_shelter": 3.0, "gravity_community_per_100": 0.06806009418188752, "gravity_education_per_100": 0.11887362643538354, "gravity_essential_services_per_100": 0.08771396253795595, "gravity_food_and_drink_per_100": 0.26308783328077928, "gravity_healthcare_per_100": 0.086092486047485969, "gravity_shelter_per_100": 0.020604459646247644, "shannon": 1.5607909064656886, "kl_divergence": 0.17037392361610915, "jsd": 0.19949695554967053, "city_similarity": 0.80050304445032949 }, "geometry": { "type": "Polygon", "coordinates": [ [ [ 9.071728956064964, 45.45901021495952 ], [ 9.065333746645548, 45.459014051798128 ], [ 9.062140422892337, 45.462913466488196 ], [ 9.06534275107142, 45.466809309720162 ], [ 9.071738841889458, 45.466805471844253 ], [ 9.074931723009485, 45.462905791773807 ], [ 9.071728956064964, 45.45901021495952 ] ] ] } },
{ "type": "Feature", "properties": { "from_id": "200", "population": 614.15928386249777, "gravity_community": 1.4830232860477737, "gravity_education": 3.1887230517087666, "gravity_essential_services": 3.0335848975829744, "gravity_food_and_drink": 9.0987552030392749, "gravity_healthcare": 2.4340849153493997, "gravity_shelter": 0.782163405603576, "avg_gravity": 3.3367224598886271, "min_tt_community": 47.0, "min_tt_education": 45.0, "min_tt_essential_services": 45.0, "min_tt_food_and_drink": 43.0, "min_tt_healthcare": 46.0, "min_tt_shelter": 35.0, "avg_tt_community": 52.333333333333336, "avg_tt_education": 49.5, "avg_tt_essential_services": 54.615384615384613, "avg_tt_food_and_drink": 52.621621621621621, "avg_tt_healthcare": 53.666666666666664, "avg_tt_shelter": 35.0, "avg_tt_all": 49.622834372834376, "n_unreachable_categories": 0, "count_community": 6.0, "count_education": 12.0, "count_essential_services": 13.0, "count_food_and_drink": 37.0, "count_healthcare": 7.0, "count_shelter": 2.0, "gravity_community_per_100": 0.24147209445747028, "gravity_education_per_100": 0.51920131071773878, "gravity_essential_services_per_100": 0.49394106338416183, "gravity_food_and_drink_per_100": 1.4814976248207896, "gravity_healthcare_per_100": 0.39632795258605252, "gravity_shelter_per_100": 0.1273551383420416, "shannon": 1.4538650792759029, "kl_divergence": 0.081616069461486626, "jsd": 0.13913582177522582, "city_similarity": 0.86086417822477412 }, "geometry": { "type": "Polygon", "coordinates": [ [ [ 9.062140422892337, 45.462913466488196 ], [ 9.055744771020199, 45.462916766704026 ], [ 9.052550565867472, 45.466815911043923 ], [ 9.055752454920144, 45.470712020657629 ], [ 9.062148988372297, 45.470708719549584 ], [ 9.06534275107142, 45.466809309720162 ], [ 9.062140422892337, 45.462913466488196 ] ] ] } },
{ "type": "Feature", "properties": { "from_id": "201", "population": 638.87410580947528, "gravity_community": 7.5548588464086546, "gravity_education": 15.019628807562739, "gravity_essential_services": 10.852496384426031, "gravity_food_and_drink": 32.078822599848941, "gravity_healthcare": 9.1738309236207822, "gravity_shelter": 7.6102958752851588, "avg_gravity": 13.714988906192053, "min_tt_community": 16.0, "min_tt_education": 15.0, "min_tt_essential_services": 18.0, "min_tt_food_and_drink": 10.0, "min_tt_healthcare": 18.0, "min_tt_shelter": 23.0, "avg_tt_community": 42.31818181818182, "avg_tt_education": 41.883720930232556, "avg_tt_essential_services": 42.25, "avg_tt_food_and_drink": 41.516483516483518, "avg_tt_healthcare": 44.730769230769234, "avg_tt_shelter": 49.892857142857146, "avg_tt_all": 43.765335439754047, "n_unreachable_categories": 0, "count_community": 22.0, "count_education": 43.0, "count_essential_services": 32.0, "count_food_and_drink": 91.0, "count_healthcare": 27.0, "count_shelter": 28.0, "gravity_community_per_100": 1.1825270077015237, "gravity_education_per_100": 2.3509528201228878, "gravity_essential_services_per_100": 1.698690913552608, "gravity_food_and_drink_per_100": 5.0211492856177005, "gravity_healthcare_per_100": 1.4359371964210734, "gravity_shelter_per_100": 1.1912043086552482, "shannon": 1.6518448817575564, "kl_divergence": 0.27866288184032523, "jsd": 0.23898010083568422, "city_similarity": 0.76101989916431578 }, "geometry": { "type": "Polygon", "coordinates": [ [ [ 9.081327371013874, 45.462901417275624 ], [ 9.074931723009485, 45.462905791773807 ], [ 9.071738841889458, 45.466805471844253 ], [ 9.074942051647643, 45.470701042760332 ], [ 9.081338581230098, 45.470696667079501 ], [ 9.084531019355964, 45.466796721665382 ], [ 9.081327371013874, 45.462901417275624 ] ] ] } },
{ "type": "Feature", "properties": { "from_id": "202", "population": 1756.8492581237531, "gravity_community": 8.396130750667206, "gravity_education": 16.696084699326967, "gravity_essential_services": 13.816552805161013, "gravity_food_and_drink": 36.261311711117749, "gravity_healthcare": 8.9468602963483015, "gravity_shelter": 10.315465178908223, "avg_gravity": 15.738734240254912, "min_tt_community": 16.0, "min_tt_education": 15.0, "min_tt_essential_services": 18.0, "min_tt_food_and_drink": 9.0, "min_tt_healthcare": 18.0, "min_tt_shelter": 27.0, "avg_tt_community": 40.347826086956523, "avg_tt_education": 40.434782608695649, "avg_tt_essential_services": 39.714285714285715, "avg_tt_food_and_drink": 38.989583333333336, "avg_tt_healthcare": 44.75, "avg_tt_shelter": 37.392857142857146, "avg_tt_all": 40.271555814354727, "n_unreachable_categories": 0, "count_community": 23.0, "count_education": 46.0, "count_essential_services": 36.0, "count_food_and_drink": 96.0, "count_healthcare": 28.0, "count_shelter": 28.0, "gravity_community_per_100": 0.47790843248748321, "gravity_education_per_100": 0.95034247372809533, "gravity_essential_services_per_100": 0.78643928847467282, "gravity_food_and_drink_per_100": 2.0639967568898556, "gravity_healthcare_per_100": 0.50925600218559453, "gravity_shelter_per_100": 0.58715710133974386, "shannon": 1.6501600078594274, "kl_divergence": 0.26824148670586045, "jsd": 0.2363327900681837, "city_similarity": 0.76366720993181625 }, "geometry": { "type": "Polygon", "coordinates": [ [ [ 9.090927105763752, 45.466791809362846 ], [ 9.084531019355964, 45.466796721665382 ], [ 9.081338581230098, 45.470696667079501 ], [ 9.084542672746872, 45.474591965498149 ], [ 9.090939640912083, 45.474587051867559 ], [ 9.094131635682725, 45.470686841146524 ], [ 9.090927105763752, 45.466791809362846 ] ] ] } },
{ "type": "Feature", "properties": { "from_id": "203", "population": 2875.3627661998512, "gravity_community": 2.5076905687533912, "gravity_education": 4.3754482464932689, "gravity_essential_services": 3.3302385342364005, "gravity_food_and_drink": 11.226254580762156, "gravity_healthcare": 1.7254515966698962, "gravity_shelter": 6.570001401406814, "avg_gravity": 4.9558474880536538, "min_tt_community": 35.0, "min_tt_education": 29.0, "min_tt_essential_services": 34.0, "min_tt_food_and_drink": 26.0, "min_tt_healthcare": 33.0, "min_tt_shelter": 26.0, "avg_tt_community": 48.666666666666664, "avg_tt_education": 44.142857142857146, "avg_tt_essential_services": 48.583333333333336, "avg_tt_food_and_drink": 49.024390243902438, "avg_tt_healthcare": 47.5, "avg_tt_shelter": 54.678571428571431, "avg_tt_all": 48.765969802555169, "n_unreachable_categories": 0, "count_community": 9.0, "count_education": 14.0, "count_essential_services": 12.0, "count_food_and_drink": 41.0, "count_healthcare": 6.0, "count_shelter": 28.0, "gravity_community_per_100": 0.087213015283898104, "gravity_education_per_100": 0.15217030344577936, "gravity_essential_services_per_100": 0.11581976971336121, "gravity_food_and_drink_per_100": 0.39042915602607753, "gravity_healthcare_per_100": 0.060008135910805255, "gravity_shelter_per_100": 0.22849295673706893, "shannon": 1.5836672623673205, "kl_divergence": 0.59010694140812914, "jsd": 0.30399645305373962, "city_similarity": 0.69600354694626043 }, "geometry": { "type": "Polygon", "coordinates": [ [ [ 9.071738841889458, 45.466805471844253 ], [ 9.06534275107142, 45.466809309720162 ], [ 9.062148988372297, 45.470708719549584 ], [ 9.065351759185505, 45.474604556956116 ], [ 9.071748731763185, 45.47460071804263 ], [ 9.074942051647643, 45.470701042760332 ], [ 9.071738841889458, 45.466805471844253 ] ] ] } },
{ "type": "Feature", "properties": { "from_id": "204", "population": 2679.0800559653248, "gravity_community": 4.9432251879019544, "gravity_education": 9.9960425331455021, "gravity_essential_services": 7.3787859183917979, "gravity_food_and_drink": 21.854324297985318, "gravity_healthcare": 5.7284642306667157, "gravity_shelter": 9.4576356160517054, "avg_gravity": 9.8930796306904991, "min_tt_community": 21.0, "min_tt_education": 15.0, "min_tt_essential_services": 20.0, "min_tt_food_and_drink": 12.0, "min_tt_healthcare": 19.0, "min_tt_shelter": 12.0, "avg_tt_community": 43.666666666666664, "avg_tt_education": 43.633333333333333, "avg_tt_essential_services": 44.260869565217391, "avg_tt_food_and_drink": 42.323076923076925, "avg_tt_healthcare": 47.625, "avg_tt_shelter": 41.107142857142854, "avg_tt_all": 43.769348224239529, "n_unreachable_categories": 0, "count_community": 15.0, "count_education": 30.0, "count_essential_services": 23.0, "count_food_and_drink": 65.0, "count_healthcare": 17.0, "count_shelter": 28.0, "gravity_community_per_100": 0.18451203714107803, "gravity_education_per_100": 0.37311473805674439, "gravity_essential_services_per_100": 0.27542237500376143, "gravity_food_and_drink_per_100": 0.81573987493668898, "gravity_healthcare_per_100": 0.21382206246175939, "gravity_shelter_per_100": 0.35301802926691322, "shannon": 1.6560837356188465, "kl_divergence": 0.36297517881827041, "jsd": 0.26081207191923766, "city_similarity": 0.73918792808076228 }, "geometry": { "type": "Polygon", "coordinates": [ [ [ 9.081338581230098, 45.470696667079501 ], [ 9.074942051647643, 45.470701042760332 ], [ 9.071748731763185, 45.47460071804263 ], [ 9.074952384516605, 45.47849628306038 ], [ 9.081349796038239, 45.478491906196588 ], [ 9.084542672746872, 45.474591965498149 ], [ 9.081338581230098, 45.470696667079501 ] ] ] } },
{ "type": "Feature", "properties": { "from_id": "205", "population": 84.258123730712867, "gravity_community": 5.9617432614252053, "gravity_education": 11.603041387800372, "gravity_essential_services": 9.2308508389085482, "gravity_food_and_drink": 24.895575758093045, "gravity_healthcare": 6.2099858689001328, "gravity_shelter": 13.63015890542767, "avg_gravity": 11.921892670092495, "min_tt_community": 6.0, "min_tt_education": 4.0, "min_tt_essential_services": 4.0, "min_tt_food_and_drink": 12.0, "min_tt_healthcare": 5.0, "min_tt_shelter": 15.0, "avg_tt_community": 43.333333333333336, "avg_tt_education": 45.621621621621621, "avg_tt_essential_services": 43.75, "avg_tt_food_and_drink": 43.0, "avg_tt_healthcare": 44.3125, "avg_tt_shelter": 29.068965517241381, "avg_tt_all": 41.514403412032721, "n_unreachable_categories": 0, "count_community": 18.0, "count_education": 37.0, "count_essential_services": 28.0, "count_food_and_drink": 76.0, "count_healthcare": 17.0, "count_shelter": 29.0, "gravity_community_per_100": 7.0755708737104186, "gravity_education_per_100": 13.770828110157593, "gravity_essential_services_per_100": 10.955443143275, "gravity_food_and_drink_per_100": 29.546795793434427, "gravity_healthcare_per_100": 7.3701924442883548, "gravity_shelter_per_100": 16.176670333877077, "shannon": 1.6455254895728255, "kl_divergence": 0.33536045954681432, "jsd": 0.25462524851367146, "city_similarity": 0.74537475148632848 }, "geometry": { "type": "Polygon", "coordinates": [ [ [ 9.090939640912083, 45.474587051867559 ], [ 9.084542672746872, 45.474591965498149 ], [ 9.081349796038239, 45.478491906196588 ], [ 9.084554330911452, 45.48238719864397 ], [ 9.090952181195282, 45.482382283684977 ], [ 9.094144614366849, 45.478482077607154 ], [ 9.090939640912083, 45.474587051867559 ] ] ] } },
{ "type": "Feature", "properties": { "from_id": "206", "population": 3753.4848014216595, "gravity_community": 2.1862739706880339, "gravity_education": 4.0765723110155996, "gravity_essential_services": 4.1446307316958908, "gravity_food_and_drink": 9.9396836722871811, "gravity_healthcare": 1.4231476293194096, "gravity_shelter": 3.8361850723789881, "avg_gravity": 4.2677488978975173, "min_tt_community": 37.0, "min_tt_education": 31.0, "min_tt_essential_services": 36.0, "min_tt_food_and_drink": 28.0, "min_tt_healthcare": 35.0, "min_tt_shelter": 28.0, "avg_tt_community": 49.25, "avg_tt_education": 46.785714285714285, "avg_tt_essential_services": 50.75, "avg_tt_food_and_drink": 50.684210526315788, "avg_tt_healthcare": 47.8, "avg_tt_shelter": 54.0, "avg_tt_all": 49.878320802005014, "n_unreachable_categories": 0, "count_community": 8.0, "count_education": 14.0, "count_essential_services": 13.0, "count_food_and_drink": 38.0, "count_healthcare": 5.0, "count_shelter": 16.0, "gravity_community_per_100": 0.05824651187770806, "gravity_education_per_100": 0.10860766798553621, "gravity_essential_services_per_100": 0.11042087422669415, "gravity_food_and_drink_per_100": 0.26481214652907226, "gravity_healthcare_per_100": 0.037915369439630663, "gravity_shelter_per_100": 0.10220329308183171, "shannon": 1.5904909553905477, "kl_divergence": 0.36629811154861519, "jsd": 0.25499011406495137, "city_similarity": 0.74500988593504869 }, "geometry": { "type": "Polygon", "coordinates": [ [ [ 9.071748731763185, 45.47460071804263 ], [ 9.065351759185505, 45.474604556956116 ], [ 9.062157557360836, 45.478503961925071 ], [ 9.065360770989658, 45.482399793506062 ], [ 9.071758625688179, 45.482395953554729 ], [ 9.074952384516605, 45.47849628306038 ], [ 9.071748731763185, 45.47460071804263 ] ] ] } },
{ "type": "Feature", "properties": { "from_id": "207", "population": 173.90023482568154, "gravity_community": 3.4037870326359263, "gravity_education": 5.1101681592774053, "gravity_essential_services": 4.3383286030442942, "gravity_food_and_drink": 13.997434594503778, "gravity_healthcare": 3.3996009908862681, "gravity_shelter": 8.9937945337164766, "avg_gravity": 6.540518985677358, "min_tt_community": 23.0, "min_tt_education": 21.0, "min_tt_essential_services": 22.0, "min_tt_food_and_drink": 19.0, "min_tt_healthcare": 22.0, "min_tt_shelter": 26.0, "avg_tt_community": 48.416666666666664, "avg_tt_education": 48.555555555555557, "avg_tt_essential_services": 50.5, "avg_tt_food_and_drink": 48.92, "avg_tt_healthcare": 46.625, "avg_tt_shelter": 44.310344827586206, "avg_tt_all": 47.887927841634742, "n_unreachable_categories": 0, "count_community": 12.0, "count_education": 18.0, "count_essential_services": 16.0, "count_food_and_drink": 50.0, "count_healthcare": 9.0, "count_shelter": 29.0, "gravity_community_per_100": 1.9573217000240968, "gravity_education_per_100": 2.9385631160302133, "gravity_essential_services_per_100": 2.4947226824581672, "gravity_food_and_drink_per_100": 8.0491177073653031, "gravity_healthcare_per_100": 1.954914548731947, "gravity_shelter_per_100": 5.1718127596158228, "shannon": 1.619968595061021, "kl_divergence": 0.48873778374339361, "jsd": 0.28455065751513636, "city_similarity": 0.71544934248486358 }, "geometry": { "type": "Polygon", "coordinates": [ [ [ 9.081349796038239, 45.478491906196588 ], [ 9.074952384516605, 45.47849628306038 ], [ 9.071758625688179, 45.482395953554729 ], [ 9.074962721618505, 45.486291512674036 ], [ 9.081361015440606, 45.486287134626927 ], [ 9.084554330911452, 45.48238719864397 ], [ 9.081349796038239, 45.478491906196588 ] ] ] } },
{ "type": "Feature", "properties": { "from_id": "208", "population": 201.92019660862638, "gravity_community": 14.406440076240791, "gravity_education": 27.574049537128747, "gravity_essential_services": 23.171652880974186, "gravity_food_and_drink": 64.573010346130616, "gravity_healthcare": 21.030192060986312, "gravity_shelter": 17.378972503187423, "avg_gravity": 28.022386234108012, "min_tt_community": 11.0, "min_tt_education": 5.0, "min_tt_essential_services": 6.0, "min_tt_food_and_drink": 10.0, "min_tt_healthcare": 5.0, "min_tt_shelter": 17.0, "avg_tt_community": 42.128205128205131, "avg_tt_education": 42.139240506329116, "avg_tt_essential_services": 41.0, "avg_tt_food_and_drink": 44.155778894472363, "avg_tt_healthcare": 46.102941176470587, "avg_tt_shelter": 27.470588235294116, "avg_tt_all": 40.499458990128552, "n_unreachable_categories": 0, "count_community": 40.0, "count_education": 79.0, "count_essential_services": 65.0, "count_food_and_drink": 199.0, "count_healthcare": 68.0, "count_shelter": 34.0, "gravity_community_per_100": 7.1347197151180488, "gravity_education_per_100": 13.655914564393177, "gravity_essential_services_per_100": 11.475648929704068, "gravity_food_and_drink_per_100": 31.979470816032251, "gravity_healthcare_per_100": 10.415100824088572, "gravity_shelter_per_100": 8.6068520113777289, "shannon": 1.5980310091253873, "kl_divergence": 0.17340056415576066, "jsd": 0.19736386667552558, "city_similarity": 0.80263613332447448 }, "geometry": { "type": "Polygon", "coordinates": [ [ [ 9.110115354241179, 45.466774923605776 ], [ 9.103719273326698, 45.466780910332773 ], [ 9.100528160312155, 45.470681390894875 ], [ 9.103733571987227, 45.474576149890922 ], [ 9.110130534656365, 45.474570161545408 ], [ 9.113321203775405, 45.470669415822549 ], [ 9.110115354241179, 45.466774923605776 ] ] ] } },
{ "type": "Feature", "properties": { "from_id": "209", "population": 5115.6050172261721, "gravity_community": 19.176422100996341, "gravity_education": 38.55718538187211, "gravity_essential_services": 36.168663935493612, "gravity_food_and_drink": 117.90670770582618, "gravity_healthcare": 32.450916118613982, "gravity_shelter": 16.891753423817708, "avg_gravity": 43.525274777769987, "min_tt_community": 8.0, "min_tt_education": 4.0, "min_tt_essential_services": 5.0, "min_tt_food_and_drink": 4.0, "min_tt_healthcare": 6.0, "min_tt_shelter": 21.0, "avg_tt_community": 44.288135593220339, "avg_tt_education": 43.991304347826087, "avg_tt_essential_services": 43.214953271028037, "avg_tt_food_and_drink": 46.291989664082685, "avg_tt_healthcare": 43.357142857142854, "avg_tt_shelter": 30.675675675675677, "avg_tt_all": 41.969866901495948, "n_unreachable_categories": 0, "count_community": 59.0, "count_education": 115.0, "count_essential_services": 107.0, "count_food_and_drink": 387.0, "count_healthcare": 98.0, "count_shelter": 37.0, "gravity_community_per_100": 0.374861273230089, "gravity_education_per_100": 0.75371701396091995, "gravity_essential_services_per_100": 0.70702612523250086, "gravity_food_and_drink_per_100": 2.304843851485598, "gravity_healthcare_per_100": 0.63435147962634919, "gravity_shelter_per_100": 0.33020050154257025, "shannon": 1.4890076148193303, "kl_divergence": 0.086101158863210556, "jsd": 0.14128642445089032, "city_similarity": 0.85871357554910965 }, "geometry": { "type": "Polygon", "coordinates": [ [ [ 9.119717722368486, 45.470662891002476 ], [ 9.113321203775405, 45.470669415822549 ], [ 9.110130534656365, 45.474570161545408 ], [ 9.113336828266664, 45.478464647572203 ], [ 9.119734228793392, 45.478458120988151 ], [ 9.122924453655775, 45.474557110141482 ], [ 9.119717722368486, 45.470662891002476 ] ] ] } },
{ "type": "Feature", "properties": { "from_id": "210", "population": 5345.8671511831317, "gravity_community": 9.9621883645883944, "gravity_education": 17.970709190697168, "gravity_essential_services": 14.622120751260326, "gravity_food_and_drink": 37.948015478337418, "gravity_healthcare": 10.90894933224194, "gravity_shelter": 19.742616277903963, "avg_gravity": 18.525766565838204, "min_tt_community": 12.0, "min_tt_education": 14.0, "min_tt_essential_services": 9.0, "min_tt_food_and_drink": 13.0, "min_tt_healthcare": 15.0, "min_tt_shelter": 11.0, "avg_tt_community": 43.5, "avg_tt_education": 42.188679245283019, "avg_tt_essential_services": 40.487804878048777, "avg_tt_food_and_drink": 41.128440366972477, "avg_tt_healthcare": 46.555555555555557, "avg_tt_shelter": 26.361111111111111, "avg_tt_all": 40.036931859495162, "n_unreachable_categories": 0, "count_community": 30.0, "count_education": 53.0, "count_essential_services": 41.0, "count_food_and_drink": 109.0, "count_healthcare": 36.0, "count_shelter": 36.0, "gravity_community_per_100": 0.18635308515632665, "gravity_education_per_100": 0.33616078893243617, "gravity_essential_services_per_100": 0.27352196262535627, "gravity_food_and_drink_per_100": 0.70985706163571372, "gravity_healthcare_per_100": 0.20406323284385403, "gravity_shelter_per_100": 0.369306152202727, "shannon": 1.6741211858835479, "kl_divergence": 0.30012672688474978, "jsd": 0.24908209337175524, "city_similarity": 0.75091790662824476 }, "geometry": { "type": "Polygon", "coordinates": [ [ [ 9.100528160312155, 45.470681390894875 ], [ 9.094131635682725, 45.470686841146524 ], [ 9.090939640912083, 45.474587051867559 ], [ 9.094144614366849, 45.478482077607154 ], [ 9.100542020932963, 45.47847662588201 ], [ 9.103733571987227, 45.474576149890922 ], [ 9.100528160312155, 45.470681390894875 ] ] ] } },
{ "type": "Feature", "properties": { "from_id": "211", "population": 488.01687930429063, "gravity_community": 18.172820126225485, "gravity_education": 34.155336865504786, "gravity_essential_services": 39.193337652553275, "gravity_food_and_drink": 135.01153834665018, "gravity_healthcare": 35.067886456999283, "gravity_shelter": 12.193701600468263, "avg_gravity": 45.632436841400214, "min_tt_community": 13.0, "min_tt_education": 11.0, "min_tt_essential_services": 8.0, "min_tt_food_and_drink": 7.0, "min_tt_healthcare": 9.0, "min_tt_shelter": 28.0, "avg_tt_community": 44.035714285714285, "avg_tt_education": 42.910891089108908, "avg_tt_essential_services": 45.214876033057848, "avg_tt_food_and_drink": 46.958241758241755, "avg_tt_healthcare": 44.5, "avg_tt_shelter": 40.833333333333336, "avg_tt_all": 44.075509416576018, "n_unreachable_categories": 0, "count_community": 56.0, "count_education": 101.0, "count_essential_services": 122.0, "count_food_and_drink": 455.0, "count_healthcare": 110.0, "count_shelter": 36.0, "gravity_community_per_100": 3.7238097485751678, "gravity_education_per_100": 6.9988023599093774, "gravity_essential_services_per_100": 8.0311438629800467, "gravity_food_and_drink_per_100": 27.665341932254588, "gravity_healthcare_per_100": 7.1857937592223298, "gravity_shelter_per_100": 2.498622920143954, "shannon": 1.4294306786282114, "kl_divergence": 0.054178068855270323, "jsd": 0.11266478714732159, "city_similarity": 0.88733521285267836 }, "geometry": { "type": "Polygon", "coordinates": [ [ [ 9.129321409745248, 45.474550047083717 ], [ 9.122924453655775, 45.474557110141482 ], [ 9.119734228793392, 45.478458120988151 ], [ 9.122941404517952, 45.482352333864092 ], [ 9.12933924271997, 45.482345268896815 ], [ 9.132529022964455, 45.478443992963321 ], [ 9.129321409745248, 45.474550047083717 ] ] ] } },
{ "type": "Feature", "properties": { "from_id": "212", "population": 1100.2962733209386, "gravity_community": 12.555003391605647, "gravity_education": 23.957226203939449, "gravity_essential_services": 19.982104418194751, "gravity_food_and_drink": 59.711481786295764, "gravity_healthcare": 17.903828762655777, "gravity_shelter": 21.339164499931144, "avg_gravity": 25.908134843770423, "min_tt_community": 13.0, "min_tt_education": 9.0, "min_tt_essential_services": 8.0, "min_tt_food_and_drink": 3.0, "min_tt_healthcare": 13.0, "min_tt_shelter": 7.0, "avg_tt_community": 46.80952380952381, "avg_tt_education": 46.025641025641029, "avg_tt_essential_services": 45.703125, "avg_tt_food_and_drink": 48.328431372549019, "avg_tt_healthcare": 47.806451612903224, "avg_tt_shelter": 22.75, "avg_tt_all": 42.903862136769511, "n_unreachable_categories": 0, "count_community": 42.0, "count_education": 78.0, "count_essential_services": 64.0, "count_food_and_drink": 204.0, "count_healthcare": 62.0, "count_shelter": 36.0, "gravity_community_per_100": 1.1410566132076279, "gravity_education_per_100": 2.177343210627372, "gravity_essential_services_per_100": 1.8160658090647097, "gravity_food_and_drink_per_100": 5.4268548602889704, "gravity_healthcare_per_100": 1.6271825322663365, "gravity_shelter_per_100": 1.9394016881948355, "shannon": 1.5920534348005908, "kl_divergence": 0.16974131248663421, "jsd": 0.19366512786616363, "city_similarity": 0.80633487213383637 }, "geometry": { "type": "Polygon", "coordinates": [ [ [ 9.110130534656365, 45.474570161545408 ], [ 9.103733571987227, 45.474576149890922 ], [ 9.100542020932963, 45.47847662588201 ], [ 9.103747876505029, 45.482371378760959 ], [ 9.110145721290023, 45.482365388796488 ], [ 9.113336828266664, 45.478464647572203 ], [ 9.110130534656365, 45.474570161545408 ] ] ] } },
{ "type": "Feature", "properties": { "from_id": "213", "population": 1196.4371948306407, "gravity_community": 13.595794844996764, "gravity_education": 25.357823164208654, "gravity_essential_services": 19.120561766831131, "gravity_food_and_drink": 58.947768101753326, "gravity_healthcare": 19.246610457293745, "gravity_shelter": 14.130181456011131, "avg_gravity": 25.066456631849125, "min_tt_community": 19.0, "min_tt_education": 20.0, "min_tt_essential_services": 22.0, "min_tt_food_and_drink": 19.0, "min_tt_healthcare": 19.0, "min_tt_shelter": 19.0, "avg_tt_community": 43.714285714285715, "avg_tt_education": 42.013333333333335, "avg_tt_essential_services": 46.233333333333334, "avg_tt_food_and_drink": 47.96078431372549, "avg_tt_healthcare": 46.28125, "avg_tt_shelter": 35.472222222222221, "avg_tt_all": 43.612534819483351, "n_unreachable_categories": 0, "count_community": 42.0, "count_education": 75.0, "count_essential_services": 61.0, "count_food_and_drink": 204.0, "count_healthcare": 64.0, "count_shelter": 36.0, "gravity_community_per_100": 1.1363567518411437, "gravity_education_per_100": 2.1194445704104119, "gravity_essential_services_per_100": 1.598124987207348, "gravity_food_and_drink_per_100": 4.9269421208605575, "gravity_healthcare_per_100": 1.6086603242068349, "gravity_shelter_per_100": 1.181021579491375, "shannon": 1.5895027950053424, "kl_divergence": 0.16784031681443751, "jsd": 0.19228694043118741, "city_similarity": 0.80771305956881256 }, "geometry": { "type": "Polygon", "coordinates": [ [ [ 9.119734228793392, 45.478458120988151 ], [ 9.113336828266664, 45.478464647572203 ], [ 9.110145721290023, 45.482365388796488 ], [ 9.113352459158603, 45.486259868633127 ], [ 9.119750741980264, 45.486253340284584 ], [ 9.122941404517952, 45.482352333864092 ], [ 9.119734228793392, 45.478458120988151 ] ] ] } },
{ "type": "Feature", "properties": { "from_id": "214", "population": 1726.561138107211, "gravity_community": 8.8975167534099082, "gravity_education": 16.110160012543897, "gravity_essential_services": 12.037520642034361, "gravity_food_and_drink": 31.69989004167536, "gravity_healthcare": 11.51188002466427, "gravity_shelter": 19.22546942768232, "avg_gravity": 16.580406150335019, "min_tt_community": 25.0, "min_tt_education": 21.0, "min_tt_essential_services": 20.0, "min_tt_food_and_drink": 11.0, "min_tt_healthcare": 25.0, "min_tt_shelter": 11.0, "avg_tt_community": 48.064516129032256, "avg_tt_education": 49.155172413793103, "avg_tt_essential_services": 48.642857142857146, "avg_tt_food_and_drink": 48.73394495412844, "avg_tt_healthcare": 50.205128205128204, "avg_tt_shelter": 26.055555555555557, "avg_tt_all": 45.142862400082457, "n_unreachable_categories": 0, "count_community": 31.0, "count_education": 58.0, "count_essential_services": 42.0, "count_food_and_drink": 109.0, "count_healthcare": 40.0, "count_shelter": 36.0, "gravity_community_per_100": 0.51533169356308162, "gravity_education_per_100": 0.93307787699919464, "gravity_essential_services_per_100": 0.69719631563298212, "gravity_food_and_drink_per_100": 1.8360131791467991, "gravity_healthcare_per_100": 0.66675194816932337, "gravity_shelter_per_100": 1.1135122297933078, "shannon": 1.683399805796129, "kl_divergence": 0.3105335177985899, "jsd": 0.25574614139327551, "city_similarity": 0.74425385860672444 }, "geometry": { "type": "Polygon", "coordinates": [ [ [ 9.100542020932963, 45.47847662588201 ], [ 9.094144614366849, 45.478482077607154 ], [ 9.090952181195282, 45.482382283684977 ], [ 9.094157598367779, 45.486277303380319 ], [ 9.10055588723187, 45.486271850181282 ], [ 9.103747876505029, 45.482371378760959 ], [ 9.100542020932963, 45.47847662588201 ] ] ] } },
{ "type": "Feature", "properties": { "from_id": "215", "population": 54.762346798037917, "gravity_community": 12.798830321628639, "gravity_education": 21.402522764878722, "gravity_essential_services": 12.998992613238137, "gravity_food_and_drink": 42.578946551054926, "gravity_healthcare": 14.023728072123061, "gravity_shelter": 17.031345074244449, "avg_gravity": 20.139060899527991, "min_tt_community": 16.0, "min_tt_education": 15.0, "min_tt_essential_services": 18.0, "min_tt_food_and_drink": 12.0, "min_tt_healthcare": 17.0, "min_tt_shelter": 19.0, "avg_tt_community": 41.810810810810814, "avg_tt_education": 40.033333333333331, "avg_tt_essential_services": 43.925, "avg_tt_food_and_drink": 46.690647482014391, "avg_tt_healthcare": 42.097560975609753, "avg_tt_shelter": 30.815789473684209, "avg_tt_all": 40.895523679242082, "n_unreachable_categories": 0, "count_community": 37.0, "count_education": 60.0, "count_essential_services": 40.0, "count_food_and_drink": 139.0, "count_healthcare": 41.0, "count_shelter": 38.0, "gravity_community_per_100": 23.371588454436377, "gravity_education_per_100": 39.082552184643689, "gravity_essential_services_per_100": 23.737099253941903, "gravity_food_and_drink_per_100": 77.752231306092398, "gravity_healthcare_per_100": 25.608340204707076, "gravity_shelter_per_100": 31.100466050250908, "shannon": 1.6377616768606662, "kl_divergence": 0.25708475687092514, "jsd": 0.23026294911161882, "city_similarity": 0.76973705088838118 }, "geometry": { "type": "Polygon", "coordinates": [ [ [ 9.110145721290023, 45.482365388796488 ], [ 9.103747876505029, 45.482371378760959 ], [ 9.10055588723187, 45.486271850181282 ], [ 9.103762186883046, 45.490166596942949 ], [ 9.110160914145276, 45.490160605359065 ], [ 9.113352459158603, 45.486259868633127 ], [ 9.110145721290023, 45.482365388796488 ] ] ] } },
{ "type": "Feature", "properties": { "from_id": "216", "population": 17.152649221541139, "gravity_community": 20.133628236362277, "gravity_education": 35.501202734729361, "gravity_essential_services": 32.20420182948542, "gravity_food_and_drink": 134.56534047628426, "gravity_healthcare": 30.075994977700717, "gravity_shelter": 11.482101132353355, "avg_gravity": 43.993744897819234, "min_tt_community": 5.0, "min_tt_education": 9.0, "min_tt_essential_services": 19.0, "min_tt_food_and_drink": 2.0, "min_tt_healthcare": 15.0, "min_tt_shelter": 15.0, "avg_tt_community": 41.948275862068968, "avg_tt_education": 41.441176470588232, "avg_tt_essential_services": 47.678571428571431, "avg_tt_food_and_drink": 47.568329718004335, "avg_tt_healthcare": 45.571428571428569, "avg_tt_shelter": 45.783783783783782, "avg_tt_all": 44.998594305740887, "n_unreachable_categories": 0, "count_community": 58.0, "count_education": 102.0, "count_essential_services": 112.0, "count_food_and_drink": 461.0, "count_healthcare": 98.0, "count_shelter": 37.0, "gravity_community_per_100": 117.37911722159792, "gravity_education_per_100": 206.97212585765007, "gravity_essential_services_per_100": 187.75060000085469, "gravity_food_and_drink_per_100": 784.51636676211217, "gravity_healthcare_per_100": 175.34314722608451, "gravity_shelter_per_100": 66.940686444712966, "shannon": 1.4134819588366694, "kl_divergence": 0.04937562688914271, "jsd": 0.10669798545148193, "city_similarity": 0.8933020145485181 }, "geometry": { "type": "Polygon", "coordinates": [ [ [ 9.12933924271997, 45.482345268896815 ], [ 9.122941404517952, 45.482352333864092 ], [ 9.119750741980264, 45.486253340284584 ], [ 9.122958362324484, 45.490147546897234 ], [ 9.129357083000423, 45.490140480019924 ], [ 9.13254730073773, 45.486239208440217 ], [ 9.12933924271997, 45.482345268896815 ] ] ] } },
{ "type": "Feature", "properties": { "from_id": "217", "population": 1677.3901027231782, "gravity_community": 17.343602804458239, "gravity_education": 32.72920375006224, "gravity_essential_services": 17.993002953494017, "gravity_food_and_drink": 74.677356534067911, "gravity_healthcare": 21.418297675929065, "gravity_shelter": 13.0514090202236, "avg_gravity": 29.535478789705845, "min_tt_community": 1.0, "min_tt_education": 2.0, "min_tt_essential_services": 13.0, "min_tt_food_and_drink": 9.0, "min_tt_healthcare": 8.0, "min_tt_shelter": 2.0, "avg_tt_community": 36.953488372093027, "avg_tt_education": 39.569767441860463, "avg_tt_essential_services": 43.942307692307693, "avg_tt_food_and_drink": 45.99583333333333, "avg_tt_healthcare": 41.883333333333333, "avg_tt_shelter": 42.138888888888886, "avg_tt_all": 41.747269843636118, "n_unreachable_categories": 0, "count_community": 43.0, "count_education": 86.0, "count_essential_services": 53.0, "count_food_and_drink": 240.0, "count_healthcare": 60.0, "count_shelter": 36.0, "gravity_community_per_100": 1.0339635828482336, "gravity_education_per_100": 1.9511980961928677, "gravity_essential_services_per_100": 1.0726784976424428, "gravity_food_and_drink_per_100": 4.451996969150593, "gravity_healthcare_per_100": 1.2768823210031635, "gravity_shelter_per_100": 0.77807833723563413, "shannon": 1.5294122293794525, "kl_divergence": 0.1424609355830945, "jsd": 0.17574709216286513, "city_similarity": 0.8242529078371349 }, "geometry": { "type": "Polygon", "coordinates": [ [ [ 9.119750741980264, 45.486253340284584 ], [ 9.113352459158603, 45.486259868633127 ], [ 9.110160914145276, 45.490160605359065 ], [ 9.113368096454437, 45.494055079005349 ], [ 9.119767261932504, 45.494048548891861 ], [ 9.122958362324484, 45.490147546897234 ], [ 9.119750741980264, 45.486253340284584 ] ] ] } },
{ "type": "Feature", "properties": { "from_id": "218", "population": 4943.6557935828005, "gravity_community": 0.0, "gravity_education": 0.22870596721658404, "gravity_essential_services": 1.0, "gravity_food_and_drink": 0.45330855154635052, "gravity_healthcare": 0.20543739324049337, "gravity_shelter": 0.24131065371890606, "avg_gravity": 0.35479376095372234, "min_tt_community": null, "min_tt_education": 55.0, "min_tt_essential_services": null, "min_tt_food_and_drink": 52.0, "min_tt_healthcare": 59.0, "min_tt_shelter": 53.0, "avg_tt_community": null, "avg_tt_education": 55.0, "avg_tt_essential_services": null, "avg_tt_food_and_drink": 55.5, "avg_tt_healthcare": 59.0, "avg_tt_shelter": 53.0, "avg_tt_all": 55.625, "n_unreachable_categories": 2, "count_community": 0.0, "count_education": 1.0, "count_essential_services": 1.0, "count_food_and_drink": 2.0, "count_healthcare": 1.0, "count_shelter": 1.0, "gravity_community_per_100": 0.0, "gravity_education_per_100": 0.0046262518420772713, "gravity_essential_services_per_100": 0.020227945507413112, "gravity_food_and_drink_per_100": 0.0091695006787239457, "gravity_healthcare_per_100": 0.0041555763956536984, "gravity_shelter_per_100": 0.0048812187537842664, "shannon": 1.5607104116705564, "kl_divergence": 0.47691703006002673, "jsd": 0.31355218725514061, "city_similarity": 0.68644781274485944 }, "geometry": { "type": "Polygon", "coordinates": [ [ [ 9.052565058021152, 45.482406398399675 ], [ 9.055760141967562, 45.478507263925579 ], [ 9.052557810460479, 45.474611160064569 ], [ 9.046160834553937, 45.474613924259216 ], [ 9.045932385335378, 45.474892676546496 ], [ 9.047916862097567, 45.482408442794174 ], [ 9.052565058021152, 45.482406398399675 ] ] ] } },
{ "type": "Feature", "properties": { "from_id": "219", "population": 949.49095092080722, "gravity_community": 1.6931765890437784, "gravity_education": 1.4385578166328208, "gravity_essential_services": 0.89930796389273648, "gravity_food_and_drink": 2.2355171593685417, "gravity_healthcare": 0.48540203883674082, "gravity_shelter": 0.31555240672189722, "avg_gravity": 1.1779189957494192, "min_tt_community": 52.0, "min_tt_education": 45.0, "min_tt_essential_services": 51.0, "min_tt_food_and_drink": 43.0, "min_tt_healthcare": 49.0, "min_tt_shelter": 43.0, "avg_tt_community": 54.666666666666664, "avg_tt_education": 53.5, "avg_tt_essential_services": 55.75, "avg_tt_food_and_drink": 56.3, "avg_tt_healthcare": 53.0, "avg_tt_shelter": 43.0, "avg_tt_all": 52.702777777777776, "n_unreachable_categories": 0, "count_community": 4.0, "count_education": 6.0, "count_essential_services": 4.0, "count_food_and_drink": 10.0, "count_healthcare": 2.0, "count_shelter": 1.0, "gravity_community_per_100": 0.17832466832904012, "gravity_education_per_100": 0.151508322984829, "gravity_essential_services_per_100": 0.094714748257536965, "gravity_food_and_drink_per_100": 0.23544375617277433, "gravity_healthcare_per_100": 0.051122344911871204, "gravity_shelter_per_100": 0.033233850877238742, "shannon": 1.5827606816114601, "kl_divergence": 0.25400984106150315, "jsd": 0.2385769448858279, "city_similarity": 0.76142305511417208 }, "geometry": { "type": "Polygon", "coordinates": [ [ [ 9.062157557360836, 45.478503961925071 ], [ 9.055760141967562, 45.478507263925579 ], [ 9.052565058021152, 45.482406398399675 ], [ 9.055767832164035, 45.486302496507918 ], [ 9.062166129859728, 45.486299193614713 ], [ 9.065360770989658, 45.482399793506062 ], [ 9.062157557360836, 45.478503961925071 ] ] ] } },
{ "type": "Feature", "properties": { "from_id": "220", "population": 3910.1756612587569, "gravity_community": 1.0, "gravity_education": 0.21675967734687365, "gravity_essential_services": 0.0, "gravity_food_and_drink": 0.2349237886176038, "gravity_healthcare": 0.0, "gravity_shelter": 0.2349237886176038, "avg_gravity": 0.28110120909701358, "min_tt_community": null, "min_tt_education": 57.0, "min_tt_essential_services": null, "min_tt_food_and_drink": 54.0, "min_tt_healthcare": null, "min_tt_shelter": 54.0, "avg_tt_community": null, "avg_tt_education": 57.0, "avg_tt_essential_services": null, "avg_tt_food_and_drink": 54.0, "avg_tt_healthcare": null, "avg_tt_shelter": 54.0, "avg_tt_all": 55.0, "n_unreachable_categories": 3, "count_community": 1.0, "count_education": 1.0, "count_essential_services": 0.0, "count_food_and_drink": 1.0, "count_healthcare": 0.0, "count_shelter": 1.0, "gravity_community_per_100": 0.025574298615476568, "gravity_education_per_100": 0.0055434767162632981, "gravity_essential_services_per_100": 0.0, "gravity_food_and_drink_per_100": 0.0060080111219856947, "gravity_healthcare_per_100": 0.0, "gravity_shelter_per_100": 0.0060080111219856947, "shannon": 1.3862943658795783, "kl_divergence": 1.1803025954470181, "jsd": 0.49351107172237341, "city_similarity": 0.50648892827762659 }, "geometry": { "type": "Polygon", "coordinates": [ [ [ 9.052572308550982, 45.490201626049313 ], [ 9.055767832164035, 45.486302496507918 ], [ 9.052565058021152, 45.482406398399675 ], [ 9.047916862097567, 45.482408442794174 ], [ 9.049975467124979, 45.490202791681767 ], [ 9.052572308550982, 45.490201626049313 ] ] ] } },
{ "type": "Feature", "properties": { "from_id": "221", "population": 2403.6915218981303, "gravity_community": 0.52653135625345704, "gravity_education": 0.0, "gravity_essential_services": 0.0, "gravity_food_and_drink": 0.77347900547042125, "gravity_healthcare": 1.3419951893353395, "gravity_shelter": 0.0, "avg_gravity": 0.44033425850986968, "min_tt_community": 40.0, "min_tt_education": null, "min_tt_essential_services": null, "min_tt_food_and_drink": 33.0, "min_tt_healthcare": 40.0, "min_tt_shelter": null, "avg_tt_community": 51.5, "avg_tt_education": null, "avg_tt_essential_services": null, "avg_tt_food_and_drink": 35.5, "avg_tt_healthcare": 40.0, "avg_tt_shelter": null, "avg_tt_all": 42.333333333333336, "n_unreachable_categories": 3, "count_community": 2.0, "count_education": 0.0, "count_essential_services": 0.0, "count_food_and_drink": 2.0, "count_healthcare": 2.0, "count_shelter": 0.0, "gravity_community_per_100": 0.021905113507979152, "gravity_education_per_100": 0.0, "gravity_essential_services_per_100": 0.0, "gravity_food_and_drink_per_100": 0.03217879658949023, "gravity_healthcare_per_100": 0.055830591284675421, "gravity_shelter_per_100": 0.0, "shannon": 1.0986122956054485, "kl_divergence": 0.89101397459643239, "jsd": 0.44832009211832546, "city_similarity": 0.55167990788167454 }, "geometry": { "type": "Polygon", "coordinates": [ [ [ 9.062166129859728, 45.486299193614713 ], [ 9.055767832164035, 45.486302496507918 ], [ 9.052572308550982, 45.490201626049313 ], [ 9.055775525511152, 45.494097718404738 ], [ 9.062174705870735, 45.494094414618573 ], [ 9.065369786485736, 45.490195019370042 ], [ 9.062166129859728, 45.486299193614713 ] ] ] } },
{ "type": "Feature", "properties": { "from_id": "222", "population": 1899.7320821083204, "gravity_community": 0.30720055559943632, "gravity_education": 1.0, "gravity_essential_services": 0.0, "gravity_food_and_drink": 0.69478515381110806, "gravity_healthcare": 0.30720055559943632, "gravity_shelter": 0.0, "avg_gravity": 0.38486437750166341, "min_tt_community": 44.0, "min_tt_education": null, "min_tt_essential_services": null, "min_tt_food_and_drink": 37.0, "min_tt_healthcare": 44.0, "min_tt_shelter": null, "avg_tt_community": 44.0, "avg_tt_education": null, "avg_tt_essential_services": null, "avg_tt_food_and_drink": 39.5, "avg_tt_healthcare": 44.0, "avg_tt_shelter": null, "avg_tt_all": 42.5, "n_unreachable_categories": 3, "count_community": 1.0, "count_education": 1.0, "count_essential_services": 0.0, "count_food_and_drink": 2.0, "count_healthcare": 1.0, "count_shelter": 0.0, "gravity_community_per_100": 0.016170730519984983, "gravity_education_per_100": 0.052639001542270171, "gravity_essential_services_per_100": 0.0, "gravity_food_and_drink_per_100": 0.036572796783009336, "gravity_healthcare_per_100": 0.016170730519984983, "gravity_shelter_per_100": 0.0, "shannon": 1.3321790449897528, "kl_divergence": 0.45634605646133469, "jsd": 0.33755062011405862, "city_similarity": 0.66244937988594144 }, "geometry": { "type": "Polygon", "coordinates": [ [ [ 9.052579562051461, 45.497996843013581 ], [ 9.055775525511152, 45.494097718404738 ], [ 9.052572308550982, 45.490201626049313 ], [ 9.049975467124979, 45.490202791681767 ], [ 9.052034640998405, 45.497997092537254 ], [ 9.052579562051461, 45.497996843013581 ] ] ] } },
{ "type": "Feature", "properties": { "from_id": "223", "population": 370.89494866663489, "gravity_community": 0.52098979996239059, "gravity_education": 1.6331493473265684, "gravity_essential_services": 0.62409762455379969, "gravity_food_and_drink": 1.9213028293839003, "gravity_healthcare": 0.54396607926981622, "gravity_shelter": 2.9438956383710826, "avg_gravity": 1.3645668864779263, "min_tt_community": 43.0, "min_tt_education": 40.0, "min_tt_essential_services": 41.0, "min_tt_food_and_drink": 38.0, "min_tt_healthcare": 41.0, "min_tt_shelter": 45.0, "avg_tt_community": 51.0, "avg_tt_education": 43.0, "avg_tt_essential_services": 43.5, "avg_tt_food_and_drink": 49.0, "avg_tt_healthcare": 49.5, "avg_tt_shelter": 58.357142857142854, "avg_tt_all": 49.059523809523803, "n_unreachable_categories": 0, "count_community": 2.0, "count_education": 3.0, "count_essential_services": 2.0, "count_food_and_drink": 7.0, "count_healthcare": 2.0, "count_shelter": 14.0, "gravity_community_per_100": 0.14046829212297063, "gravity_education_per_100": 0.4403266620906352, "gravity_essential_services_per_100": 0.1682680302865884, "gravity_food_and_drink_per_100": 0.51801806314455678, "gravity_healthcare_per_100": 0.14666311343019661, "gravity_shelter_per_100": 0.79372761720114282, "shannon": 1.4671009287477448, "kl_divergence": 1.3645417272039913, "jsd": 0.43907520041149789, "city_similarity": 0.56092479958850205 }, "geometry": { "type": "Polygon", "coordinates": [ [ [ 9.071758625688179, 45.482395953554729 ], [ 9.065360770989658, 45.482399793506062 ], [ 9.062166129859728, 45.486299193614713 ], [ 9.065369786485736, 45.490195019370042 ], [ 9.071768523666483, 45.490191178380577 ], [ 9.074962721618505, 45.486291512674036 ], [ 9.071758625688179, 45.482395953554729 ] ] ] } },
{ "type": "Feature", "properties": { "from_id": "224", "population": 172.11164258415718, "gravity_community": 6.6716977197837783, "gravity_education": 9.8693079235021823, "gravity_essential_services": 5.2021765078099147, "gravity_food_and_drink": 14.370361744250975, "gravity_healthcare": 5.9758215253601286, "gravity_shelter": 13.4365776849334, "avg_gravity": 9.2543238509400627, "min_tt_community": 28.0, "min_tt_education": 31.0, "min_tt_essential_services": 28.0, "min_tt_food_and_drink": 20.0, "min_tt_healthcare": 29.0, "min_tt_shelter": 27.0, "avg_tt_community": 46.421052631578945, "avg_tt_education": 50.973684210526315, "avg_tt_essential_services": 47.333333333333336, "avg_tt_food_and_drink": 43.340909090909093, "avg_tt_healthcare": 47.666666666666664, "avg_tt_shelter": 37.638888888888886, "avg_tt_all": 45.562422470317209, "n_unreachable_categories": 0, "count_community": 20.0, "count_education": 38.0, "count_essential_services": 18.0, "count_food_and_drink": 44.0, "count_healthcare": 21.0, "count_shelter": 36.0, "gravity_community_per_100": 3.8763779251723354, "gravity_education_per_100": 5.7342477099864997, "gravity_essential_services_per_100": 3.022559328179216, "gravity_food_and_drink_per_100": 8.3494419834058107, "gravity_healthcare_per_100": 3.4720611782193296, "gravity_shelter_per_100": 7.8068964325660515, "shannon": 1.7319937553919789, "kl_divergence": 0.63771278359748762, "jsd": 0.35075298567490332, "city_similarity": 0.64924701432509668 }, "geometry": { "type": "Polygon", "coordinates": [ [ [ 9.090952181195282, 45.482382283684977 ], [ 9.084554330911452, 45.48238719864397 ], [ 9.081361015440606, 45.486287134626927 ], [ 9.084565993852108, 45.490182421102901 ], [ 9.09096472661594, 45.490177504815129 ], [ 9.094157598367779, 45.486277303380319 ], [ 9.090952181195282, 45.482382283684977 ] ] ] } },
{ "type": "Feature", "properties": { "from_id": "225", "population": 45.138797779693945, "gravity_community": 3.0927562846652443, "gravity_education": 2.6274030740710934, "gravity_essential_services": 3.4393096048163643, "gravity_food_and_drink": 11.467674990738237, "gravity_healthcare": 3.2442512477752818, "gravity_shelter": 7.1623763043503388, "avg_gravity": 5.1722952510694258, "min_tt_community": 14.0, "min_tt_education": 36.0, "min_tt_essential_services": 37.0, "min_tt_food_and_drink": 7.0, "min_tt_healthcare": 13.0, "min_tt_shelter": 46.0, "avg_tt_community": 46.2, "avg_tt_education": 50.4, "avg_tt_essential_services": 50.0, "avg_tt_food_and_drink": 48.675, "avg_tt_healthcare": 46.142857142857146, "avg_tt_shelter": 51.0, "avg_tt_all": 48.736309523809517, "n_unreachable_categories": 0, "count_community": 10.0, "count_education": 10.0, "count_essential_services": 13.0, "count_food_and_drink": 40.0, "count_healthcare": 8.0, "count_shelter": 28.0, "gravity_community_per_100": 6.8516585216998092, "gravity_education_per_100": 5.8207200973638953, "gravity_essential_services_per_100": 7.6194089652152091, "gravity_food_and_drink_per_100": 25.405362027380058, "gravity_healthcare_per_100": 7.1872788097044422, "gravity_shelter_per_100": 15.867450301417623, "shannon": 1.6006278801583305, "kl_divergence": 0.58875448460893154, "jsd": 0.30201114473715945, "city_similarity": 0.6979888552628406 }, "geometry": { "type": "Polygon", "coordinates": [ [ [ 9.081361015440606, 45.486287134626927 ], [ 9.074962721618505, 45.486291512674036 ], [ 9.071768523666483, 45.490191178380577 ], [ 9.07497306295547, 45.494086731601321 ], [ 9.081372239439514, 45.494082352370604 ], [ 9.084565993852108, 45.490182421102901 ], [ 9.081361015440606, 45.486287134626927 ] ] ] } },
{ "type": "Feature", "properties": { "from_id": "226", "population": 694.25567197319151, "gravity_community": 1.8387680925888867, "gravity_education": 1.0617778242849378, "gravity_essential_services": 2.5187344507177554, "gravity_food_and_drink": 5.7243020902660584, "gravity_healthcare": 1.1360731678938734, "gravity_shelter": 0.42778229005411916, "avg_gravity": 2.1179063193009386, "min_tt_community": 27.0, "min_tt_education": 55.0, "min_tt_essential_services": 54.0, "min_tt_food_and_drink": 20.0, "min_tt_healthcare": 27.0, "min_tt_shelter": 57.0, "avg_tt_community": 51.571428571428569, "avg_tt_education": 57.8, "avg_tt_essential_services": 57.0, "avg_tt_food_and_drink": 53.652173913043477, "avg_tt_healthcare": 49.5, "avg_tt_shelter": 57.5, "avg_tt_all": 54.503933747411999, "n_unreachable_categories": 0, "count_community": 7.0, "count_education": 5.0, "count_essential_services": 8.0, "count_food_and_drink": 23.0, "count_healthcare": 4.0, "count_shelter": 2.0, "gravity_community_per_100": 0.26485460138378103, "gravity_education_per_100": 0.15293758008014346, "gravity_essential_services_per_100": 0.36279638069921533, "gravity_food_and_drink_per_100": 0.82452363320225064, "gravity_healthcare_per_100": 0.16363901855709181, "gravity_shelter_per_100": 0.061617399370795176, "shannon": 1.4968829169042916, "kl_divergence": 0.12387242877479025, "jsd": 0.16525417435453066, "city_similarity": 0.8347458256454694 }, "geometry": { "type": "Polygon", "coordinates": [ [ [ 9.071768523666483, 45.490191178380577 ], [ 9.065369786485736, 45.490195019370042 ], [ 9.062174705870735, 45.494094414618573 ], [ 9.065378805675596, 45.497990234548169 ], [ 9.071778425700137, 45.497986392520268 ], [ 9.07497306295547, 45.494086731601321 ], [ 9.071768523666483, 45.490191178380577 ] ] ] } },
{ "type": "Feature", "properties": { "from_id": "227", "population": 537.37647195767966, "gravity_community": 6.2240179172621515, "gravity_education": 8.3862960892819594, "gravity_essential_services": 5.6415914479204501, "gravity_food_and_drink": 16.177875477965266, "gravity_healthcare": 5.7669009934773801, "gravity_shelter": 10.778737119225669, "avg_gravity": 8.8292365075221451, "min_tt_community": 23.0, "min_tt_education": 31.0, "min_tt_essential_services": 28.0, "min_tt_food_and_drink": 11.0, "min_tt_healthcare": 23.0, "min_tt_shelter": 27.0, "avg_tt_community": 46.80952380952381, "avg_tt_education": 50.75, "avg_tt_essential_services": 49.764705882352942, "avg_tt_food_and_drink": 47.982142857142854, "avg_tt_healthcare": 47.6, "avg_tt_shelter": 45.416666666666664, "avg_tt_all": 48.053839869281042, "n_unreachable_categories": 0, "count_community": 21.0, "count_education": 32.0, "count_essential_services": 18.0, "count_food_and_drink": 56.0, "count_healthcare": 20.0, "count_shelter": 36.0, "gravity_community_per_100": 1.1582230041795196, "gravity_education_per_100": 1.560599789330265, "gravity_essential_services_per_100": 1.0498396826656649, "gravity_food_and_drink_per_100": 3.0105291768783156, "gravity_healthcare_per_100": 1.0731584455992975, "gravity_shelter_per_100": 2.0058074146712053, "shannon": 1.7056269530355388, "kl_divergence": 0.53281269752099403, "jsd": 0.31375282881591043, "city_similarity": 0.68624717118408962 }, "geometry": { "type": "Polygon", "coordinates": [ [ [ 9.09096472661594, 45.490177504815129 ], [ 9.084565993852108, 45.490182421102901 ], [ 9.081372239439514, 45.494082352370604 ], [ 9.08457766157124, 45.497977632875035 ], [ 9.090977277176641, 45.497972715258136 ], [ 9.094170587688197, 45.494072518466083 ], [ 9.09096472661594, 45.490177504815129 ] ] ] } },
{ "type": "Feature", "properties": { "from_id": "228", "population": 9.6985824250774737, "gravity_community": 1.1402638567055283, "gravity_education": 2.103655494670809, "gravity_essential_services": 3.371893266419153, "gravity_food_and_drink": 5.9764232730831601, "gravity_healthcare": 0.76470239206077439, "gravity_shelter": 0.27594593229224301, "avg_gravity": 2.2721473692052783, "min_tt_community": 44.0, "min_tt_education": 46.0, "min_tt_essential_services": 45.0, "min_tt_food_and_drink": 41.0, "min_tt_healthcare": 45.0, "min_tt_shelter": 48.0, "avg_tt_community": 47.0, "avg_tt_education": 54.444444444444443, "avg_tt_essential_services": 49.777777777777779, "avg_tt_food_and_drink": 48.727272727272727, "avg_tt_healthcare": 51.333333333333336, "avg_tt_shelter": 48.0, "avg_tt_all": 49.880471380471384, "n_unreachable_categories": 0, "count_community": 4.0, "count_education": 9.0, "count_essential_services": 10.0, "count_food_and_drink": 22.0, "count_healthcare": 3.0, "count_shelter": 1.0, "gravity_community_per_100": 11.7570156825926, "gravity_education_per_100": 21.690339912268204, "gravity_essential_services_per_100": 34.766867142361967, "gravity_food_and_drink_per_100": 61.621616553260559, "gravity_healthcare_per_100": 7.8846820962566166, "gravity_shelter_per_100": 2.8452192309953865, "shannon": 1.4500892700558312, "kl_divergence": 0.13407254336410182, "jsd": 0.17668898421241022, "city_similarity": 0.82331101578758981 }, "geometry": { "type": "Polygon", "coordinates": [ [ [ 9.081372239439514, 45.494082352370604 ], [ 9.07497306295547, 45.494086731601321 ], [ 9.071778425700137, 45.497986392520268 ], [ 9.074983408529631, 45.501881939842342 ], [ 9.081383468037274, 45.501877559427676 ], [ 9.08457766157124, 45.497977632875035 ], [ 9.081372239439514, 45.494082352370604 ] ] ] } },
{ "type": "Feature", "properties": { "from_id": "229", "population": 337.88416284157518, "gravity_community": 2.9996324726016392, "gravity_education": 3.7212202903290059, "gravity_essential_services": 5.3652530643527845, "gravity_food_and_drink": 12.936529293880564, "gravity_healthcare": 2.1328553959303278, "gravity_shelter": 0.62600549141939177, "avg_gravity": 4.6302493347522855, "min_tt_community": 27.0, "min_tt_education": 33.0, "min_tt_essential_services": 32.0, "min_tt_food_and_drink": 23.0, "min_tt_healthcare": 30.0, "min_tt_shelter": 35.0, "avg_tt_community": 42.888888888888886, "avg_tt_education": 47.846153846153847, "avg_tt_essential_services": 44.857142857142854, "avg_tt_food_and_drink": 43.65, "avg_tt_healthcare": 46.142857142857146, "avg_tt_shelter": 44.5, "avg_tt_all": 44.98084045584045, "n_unreachable_categories": 0, "count_community": 9.0, "count_education": 13.0, "count_essential_services": 15.0, "count_food_and_drink": 40.0, "count_healthcare": 7.0, "count_shelter": 2.0, "gravity_community_per_100": 0.8877694791537436, "gravity_education_per_100": 1.1013301893269813, "gravity_essential_services_per_100": 1.5878971713949221, "gravity_food_and_drink_per_100": 3.8286876736351081, "gravity_healthcare_per_100": 0.63123864048353362, "gravity_shelter_per_100": 0.18527222056066267, "shannon": 1.4740803268460252, "kl_divergence": 0.10245487239817731, "jsd": 0.15500276128575469, "city_similarity": 0.84499723871424526 }, "geometry": { "type": "Polygon", "coordinates": [ [ [ 9.071778425700137, 45.497986392520268 ], [ 9.065378805675596, 45.497990234548169 ], [ 9.062183285395628, 45.50188962493673 ], [ 9.0653878285611, 45.505785439040487 ], [ 9.071788331791179, 45.505781595973886 ], [ 9.074983408529631, 45.501881939842342 ], [ 9.071778425700137, 45.497986392520268 ] ] ] } },
{ "type": "Feature", "properties": { "from_id": "230", "population": 1.0131445391381328, "gravity_community": 6.4855069650877795, "gravity_education": 8.2251649614175477, "gravity_essential_services": 9.1406546612070958, "gravity_food_and_drink": 28.757547391227515, "gravity_healthcare": 5.9824138689413937, "gravity_shelter": 2.4495324264001344, "avg_gravity": 10.173470045713577, "min_tt_community": 15.0, "min_tt_education": 16.0, "min_tt_essential_services": 16.0, "min_tt_food_and_drink": 12.0, "min_tt_healthcare": 15.0, "min_tt_shelter": 18.0, "avg_tt_community": 41.166666666666664, "avg_tt_education": 41.043478260869563, "avg_tt_essential_services": 36.45, "avg_tt_food_and_drink": 37.527027027027025, "avg_tt_healthcare": 45.263157894736842, "avg_tt_shelter": 41.142857142857146, "avg_tt_all": 40.432197832026205, "n_unreachable_categories": 0, "count_community": 18.0, "count_education": 23.0, "count_essential_services": 21.0, "count_food_and_drink": 74.0, "count_healthcare": 19.0, "count_shelter": 7.0, "gravity_community_per_100": 640.13639856410862, "gravity_education_per_100": 811.84516558857172, "gravity_essential_services_per_100": 902.20637906047591, "gravity_food_and_drink_per_100": 2838.4446917802206, "gravity_healthcare_per_100": 590.47980202612996, "gravity_shelter_per_100": 241.77521881368631, "shannon": 1.5311484448377737, "kl_divergence": 0.11473058569419109, "jsd": 0.16262739158389575, "city_similarity": 0.83737260841610428 }, "geometry": { "type": "Polygon", "coordinates": [ [ [ 9.090977277176641, 45.497972715258136 ], [ 9.08457766157124, 45.497977632875035 ], [ 9.081383468037274, 45.501877559427676 ], [ 9.084589334071255, 45.505772833960435 ], [ 9.09098983287997, 45.505767915014026 ], [ 9.094183582330777, 45.501867722864525 ], [ 9.090977277176641, 45.497972715258136 ] ] ] } },
{ "type": "Feature", "properties": { "from_id": "231", "population": 555.6700891644366, "gravity_community": 5.0264055747920677, "gravity_education": 4.5251870041194842, "gravity_essential_services": 6.1292198427151696, "gravity_food_and_drink": 19.680483309177205, "gravity_healthcare": 2.9286740859108296, "gravity_shelter": 1.386881322797259, "avg_gravity": 6.6128085232520029, "min_tt_community": 18.0, "min_tt_education": 20.0, "min_tt_essential_services": 20.0, "min_tt_food_and_drink": 20.0, "min_tt_healthcare": 23.0, "min_tt_shelter": 26.0, "avg_tt_community": 40.454545454545453, "avg_tt_education": 38.75, "avg_tt_essential_services": 35.6, "avg_tt_food_and_drink": 42.175438596491226, "avg_tt_healthcare": 44.111111111111114, "avg_tt_shelter": 50.2, "avg_tt_all": 41.881849193691302, "n_unreachable_categories": 0, "count_community": 12.0, "count_education": 12.0, "count_essential_services": 15.0, "count_food_and_drink": 57.0, "count_healthcare": 9.0, "count_shelter": 5.0, "gravity_community_per_100": 0.90456651758065543, "gravity_education_per_100": 0.81436577069030758, "gravity_essential_services_per_100": 1.103032170029469, "gravity_food_and_drink_per_100": 3.5417568253081302, "gravity_healthcare_per_100": 0.52705267802243749, "gravity_shelter_per_100": 0.24958718308604988, "shannon": 1.4410744970398468, "kl_divergence": 0.075903966733724654, "jsd": 0.12988660264236312, "city_similarity": 0.87011339735763693 }, "geometry": { "type": "Polygon", "coordinates": [ [ [ 9.081383468037274, 45.501877559427676 ], [ 9.074983408529631, 45.501881939842342 ], [ 9.071788331791179, 45.505781595973886 ], [ 9.074993758343124, 45.509677137397148 ], [ 9.081394701236201, 45.509672755798228 ], [ 9.084589334071255, 45.505772833960435 ], [ 9.081383468037274, 45.501877559427676 ] ] ] } },
{ "type": "Feature", "properties": { "from_id": "232", "population": 226.39919072427386, "gravity_community": 2.799201336332918, "gravity_education": 3.5909383424769938, "gravity_essential_services": 4.7208516309065587, "gravity_food_and_drink": 12.529504364209423, "gravity_healthcare": 1.8689675945156958, "gravity_shelter": 0.63487633128515297, "avg_gravity": 4.3573899332877906, "min_tt_community": 24.0, "min_tt_education": 21.0, "min_tt_essential_services": 21.0, "min_tt_food_and_drink": 20.0, "min_tt_healthcare": 29.0, "min_tt_shelter": 32.0, "avg_tt_community": 41.75, "avg_tt_education": 40.9, "avg_tt_essential_services": 36.0, "avg_tt_food_and_drink": 38.529411764705884, "avg_tt_healthcare": 45.333333333333336, "avg_tt_shelter": 45.0, "avg_tt_all": 41.252124183006536, "n_unreachable_categories": 0, "count_community": 8.0, "count_education": 10.0, "count_essential_services": 12.0, "count_food_and_drink": 34.0, "count_healthcare": 6.0, "count_shelter": 2.0, "gravity_community_per_100": 1.2364007695336676, "gravity_education_per_100": 1.5861091777710068, "gravity_essential_services_per_100": 2.085189269362703, "gravity_food_and_drink_per_100": 5.5342531588237014, "gravity_healthcare_per_100": 0.82551867280827274, "gravity_shelter_per_100": 0.28042341019599915, "shannon": 1.4778692853293343, "kl_divergence": 0.097221365378593869, "jsd": 0.1505550126710877, "city_similarity": 0.84944498732891227 }, "geometry": { "type": "Polygon", "coordinates": [ [ [ 9.06539685514411, 45.513580632847081 ], [ 9.071798241941655, 45.513576788741474 ], [ 9.074993758343124, 45.509677137397148 ], [ 9.071788331791179, 45.505781595973886 ], [ 9.0653878285611, 45.505785439040487 ], [ 9.064714809606835, 45.506606640697896 ], [ 9.066596863680951, 45.506908416750584 ], [ 9.06647777557373, 45.50690841674804 ], [ 9.066380500793457, 45.50691223144532 ], [ 9.066283226013184, 45.50691223144532 ], [ 9.066182136535645, 45.506919860839844 ], [ 9.066094398498535, 45.506923675537109 ], [ 9.0660400390625, 45.506931304931634 ], [ 9.065990447998047, 45.506950378417962 ], [ 9.065961837768555, 45.506969451904297 ], [ 9.06593132019043, 45.506992340087891 ], [ 9.065898895263672, 45.507041931152344 ], [ 9.065884590148926, 45.507068634033189 ], [ 9.065763473510742, 45.50738525390625 ], [ 9.065720558166504, 45.507568359375007 ], [ 9.065703392028809, 45.507675170898438 ], [ 9.065685272216797, 45.507797241210923 ], [ 9.065638542175293, 45.508247375488281 ], [ 9.065622329711914, 45.508659362792969 ], [ 9.065627098083496, 45.508705139160149 ], [ 9.06563663482666, 45.508792877197259 ], [ 9.06564998626709, 45.508857727050788 ], [ 9.065659523010254, 45.508922576904304 ], [ 9.065685272216797, 45.509017944335945 ], [ 9.065709114074707, 45.509078979492195 ], [ 9.065736770629883, 45.509132385253913 ], [ 9.065762519836426, 45.509174346923821 ], [ 9.065810203552246, 45.509239196777337 ], [ 9.065839767456055, 45.509277343750007 ], [ 9.065890312194824, 45.50933456420897 ], [ 9.065944671630859, 45.509414672851562 ], [ 9.066045761108398, 45.509571075439446 ], [ 9.06609058380127, 45.509674072265632 ], [ 9.066105842590332, 45.50972747802733 ], [ 9.066141128540039, 45.509887695312493 ], [ 9.066157341003418, 45.509986877441406 ], [ 9.066162109375, 45.510105133056641 ], [ 9.066162109375, 45.510200500488274 ], [ 9.066150665283203, 45.510322570800774 ], [ 9.066092491149902, 45.510974884033203 ], [ 9.066065788269043, 45.511142730712884 ], [ 9.066032409667969, 45.511276245117188 ], [ 9.065999031066895, 45.511348724365234 ], [ 9.065964698791504, 45.511398315429695 ], [ 9.065933227539062, 45.511440277099609 ], [ 9.065841674804688, 45.511524200439446 ], [ 9.0657958984375, 45.511562347412109 ], [ 9.065742492675781, 45.511600494384766 ], [ 9.065688133239746, 45.511634826660149 ], [ 9.06562328338623, 45.511684417724602 ], [ 9.065564155578613, 45.511730194091797 ], [ 9.065526962280273, 45.511756896972642 ], [ 9.065472602844238, 45.511802673339837 ], [ 9.065420150756836, 45.511852264404304 ], [ 9.065366744995117, 45.511909484863274 ], [ 9.065301895141602, 45.511978149414062 ], [ 9.065242767333984, 45.512065887451165 ], [ 9.065217018127441, 45.512115478515618 ], [ 9.065164566040039, 45.512248992919929 ], [ 9.06512451171875, 45.512374877929688 ], [ 9.065077781677246, 45.512474060058594 ], [ 9.065022468566895, 45.512500762939439 ], [ 9.064990043640137, 45.512508392333977 ], [ 9.064953804016113, 45.512519836425774 ], [ 9.064871788024902, 45.512535095214844 ], [ 9.06456801791591, 45.512573203651961 ], [ 9.06539685514411, 45.513580632847081 ] ] ] } },
{ "type": "Feature", "properties": { "from_id": "233", "population": 289.57136170160669, "gravity_community": 10.536332823555812, "gravity_education": 16.39578078025011, "gravity_essential_services": 9.9964024518471977, "gravity_food_and_drink": 33.292414418256392, "gravity_healthcare": 10.553181212203278, "gravity_shelter": 13.444500590954927, "avg_gravity": 15.703102046177952, "min_tt_community": 10.0, "min_tt_education": 12.0, "min_tt_essential_services": 9.0, "min_tt_food_and_drink": 8.0, "min_tt_healthcare": 10.0, "min_tt_shelter": 8.0, "avg_tt_community": 40.793103448275865, "avg_tt_education": 42.145833333333336, "avg_tt_essential_services": 43.555555555555557, "avg_tt_food_and_drink": 44.596153846153847, "avg_tt_healthcare": 39.862068965517238, "avg_tt_shelter": 37.666666666666664, "avg_tt_all": 41.436563635917082, "n_unreachable_categories": 0, "count_community": 29.0, "count_education": 48.0, "count_essential_services": 28.0, "count_food_and_drink": 104.0, "count_healthcare": 29.0, "count_shelter": 36.0, "gravity_community_per_100": 3.6385962899235667, "gravity_education_per_100": 5.6620864314425532, "gravity_essential_services_per_100": 3.4521378057227032, "gravity_food_and_drink_per_100": 11.497136395885404, "gravity_healthcare_per_100": 3.6444146790586176, "gravity_shelter_per_100": 4.6428971815275784, "shannon": 1.647997200943653, "kl_divergence": 0.31872384961860095, "jsd": 0.25043635189315855, "city_similarity": 0.74956364810684151 }, "geometry": { "type": "Polygon", "coordinates": [ [ [ 9.10055588723187, 45.486271850181282 ], [ 9.094157598367779, 45.486277303380319 ], [ 9.09096472661594, 45.490177504815129 ], [ 9.094170587688197, 45.494072518466083 ], [ 9.100569759211734, 45.49406706379277 ], [ 9.103762186883046, 45.490166596942949 ], [ 9.10055588723187, 45.486271850181282 ] ] ] } },
{ "type": "Feature", "properties": { "from_id": "234", "population": 2040.4905859314501, "gravity_community": 15.745006195555948, "gravity_education": 25.740751112972227, "gravity_essential_services": 12.589815807124429, "gravity_food_and_drink": 51.738164224852206, "gravity_healthcare": 15.080739718023302, "gravity_shelter": 13.705778136297539, "avg_gravity": 22.433375865804276, "min_tt_community": 6.0, "min_tt_education": 6.0, "min_tt_essential_services": 13.0, "min_tt_food_and_drink": 4.0, "min_tt_healthcare": 5.0, "min_tt_shelter": 10.0, "avg_tt_community": 35.771428571428572, "avg_tt_education": 37.666666666666664, "avg_tt_essential_services": 42.277777777777779, "avg_tt_food_and_drink": 41.945578231292515, "avg_tt_healthcare": 32.1875, "avg_tt_shelter": 40.324324324324323, "avg_tt_all": 38.362212595248309, "n_unreachable_categories": 0, "count_community": 36.0, "count_education": 63.0, "count_essential_services": 36.0, "count_food_and_drink": 147.0, "count_healthcare": 32.0, "count_shelter": 37.0, "gravity_community_per_100": 0.77162846543438546, "gravity_education_per_100": 1.261498155906561, "gravity_essential_services_per_100": 0.61699945561755121, "gravity_food_and_drink_per_100": 2.5355747574417058, "gravity_healthcare_per_100": 0.73907421195668954, "gravity_shelter_per_100": 0.671690339117202, "shannon": 1.5954530239152434, "kl_divergence": 0.24351877404988428, "jsd": 0.22200179668987061, "city_similarity": 0.77799820331012937 }, "geometry": { "type": "Polygon", "coordinates": [ [ [ 9.110160914145276, 45.490160605359065 ], [ 9.103762186883046, 45.490166596942949 ], [ 9.100569759211734, 45.49406706379277 ], [ 9.103776503124232, 45.497961804436962 ], [ 9.110176113225258, 45.497955811233247 ], [ 9.113368096454437, 45.494055079005349 ], [ 9.110160914145276, 45.490160605359065 ] ] ] } },
{ "type": "Feature", "properties": { "from_id": "235", "population": 6248.2309438292996, "gravity_community": 20.245261689679722, "gravity_education": 36.573606735494444, "gravity_essential_services": 23.987139788190184, "gravity_food_and_drink": 105.3431578192267, "gravity_healthcare": 24.905180960564, "gravity_shelter": 6.1115859728110706, "avg_gravity": 36.194322160994354, "min_tt_community": 8.0, "min_tt_education": 1.0, "min_tt_essential_services": 3.0, "min_tt_food_and_drink": 3.0, "min_tt_healthcare": 2.0, "min_tt_shelter": 12.0, "avg_tt_community": 39.388888888888886, "avg_tt_education": 40.142857142857146, "avg_tt_essential_services": 45.229729729729726, "avg_tt_food_and_drink": 43.70700636942675, "avg_tt_healthcare": 38.920634920634917, "avg_tt_shelter": 33.785714285714285, "avg_tt_all": 40.195805222875279, "n_unreachable_categories": 0, "count_community": 54.0, "count_education": 98.0, "count_essential_services": 74.0, "count_food_and_drink": 314.0, "count_healthcare": 64.0, "count_shelter": 14.0, "gravity_community_per_100": 0.32401589940707576, "gravity_education_per_100": 0.58534338862129021, "gravity_essential_services_per_100": 0.38390289993809662, "gravity_food_and_drink_per_100": 1.6859677365681038, "gravity_healthcare_per_100": 0.39859571748320455, "gravity_shelter_per_100": 0.097813061452967281, "shannon": 1.4238064422388166, "kl_divergence": 0.070816465657021918, "jsd": 0.12816678102674098, "city_similarity": 0.87183321897325905 }, "geometry": { "type": "Polygon", "coordinates": [ [ [ 9.129357083000423, 45.490140480019924 ], [ 9.122958362324484, 45.490147546897234 ], [ 9.119767261932504, 45.494048548891861 ], [ 9.122975327078866, 45.497942749241005 ], [ 9.129374930590288, 45.497935680453146 ], [ 9.132565585999313, 45.494034413226899 ], [ 9.129357083000423, 45.490140480019924 ] ] ] } },
{ "type": "Feature", "properties": { "from_id": "236", "population": 3960.4066848755961, "gravity_community": 10.98027721242787, "gravity_education": 16.777866042558436, "gravity_essential_services": 10.216265710103691, "gravity_food_and_drink": 40.93087742219992, "gravity_healthcare": 11.024164774646307, "gravity_shelter": 12.23993625335452, "avg_gravity": 17.02823123588179, "min_tt_community": 10.0, "min_tt_education": 15.0, "min_tt_essential_services": 12.0, "min_tt_food_and_drink": 11.0, "min_tt_healthcare": 11.0, "min_tt_shelter": 11.0, "avg_tt_community": 36.185185185185183, "avg_tt_education": 35.804878048780488, "avg_tt_essential_services": 37.730769230769234, "avg_tt_food_and_drink": 38.954545454545453, "avg_tt_healthcare": 34.307692307692307, "avg_tt_shelter": 42.444444444444443, "avg_tt_all": 37.57125244523619, "n_unreachable_categories": 0, "count_community": 27.0, "count_education": 41.0, "count_essential_services": 26.0, "count_food_and_drink": 110.0, "count_healthcare": 26.0, "count_shelter": 36.0, "gravity_community_per_100": 0.27725125438153791, "gravity_education_per_100": 0.42363997885953125, "gravity_essential_services_per_100": 0.25796001580137229, "gravity_food_and_drink_per_100": 1.0335018769287234, "gravity_healthcare_per_100": 0.27835941234890116, "gravity_shelter_per_100": 0.309057559671779, "shannon": 1.610847466810625, "kl_divergence": 0.28967895975483271, "jsd": 0.23416296848726229, "city_similarity": 0.76583703151273774 }, "geometry": { "type": "Polygon", "coordinates": [ [ [ 9.100569759211734, 45.49406706379277 ], [ 9.094170587688197, 45.494072518466083 ], [ 9.090977277176641, 45.497972715258136 ], [ 9.094183582330777, 45.501867722864525 ], [ 9.100583636875411, 45.501862266716515 ], [ 9.103776503124232, 45.497961804436962 ], [ 9.100569759211734, 45.49406706379277 ] ] ] } },
{ "type": "Feature", "properties": { "from_id": "237", "population": 2874.9404820124596, "gravity_community": 16.529032161665498, "gravity_education": 28.356528271425773, "gravity_essential_services": 14.95087012398114, "gravity_food_and_drink": 70.711173000157885, "gravity_healthcare": 19.751705725856361, "gravity_shelter": 7.7726132847534029, "avg_gravity": 26.345320427973345, "min_tt_community": 8.0, "min_tt_education": 6.0, "min_tt_essential_services": 5.0, "min_tt_food_and_drink": 5.0, "min_tt_healthcare": 5.0, "min_tt_shelter": 13.0, "avg_tt_community": 37.365853658536587, "avg_tt_education": 37.130434782608695, "avg_tt_essential_services": 42.30952380952381, "avg_tt_food_and_drink": 43.133971291866025, "avg_tt_healthcare": 37.5, "avg_tt_shelter": 37.842105263157897, "avg_tt_all": 39.213648134282167, "n_unreachable_categories": 0, "count_community": 41.0, "count_education": 69.0, "count_essential_services": 42.0, "count_food_and_drink": 209.0, "count_healthcare": 47.0, "count_shelter": 19.0, "gravity_community_per_100": 0.57493476004397726, "gravity_education_per_100": 0.9863344458378559, "gravity_essential_services_per_100": 0.52004103102390231, "gravity_food_and_drink_per_100": 2.4595699786682204, "gravity_healthcare_per_100": 0.68703007416801054, "gravity_shelter_per_100": 0.27035736333966015, "shannon": 1.4787018966318275, "kl_divergence": 0.10463767534994795, "jsd": 0.15400289701051126, "city_similarity": 0.84599710298948871 }, "geometry": { "type": "Polygon", "coordinates": [ [ [ 9.119767261932504, 45.494048548891861 ], [ 9.113368096454437, 45.494055079005349 ], [ 9.110176113225258, 45.497955811233247 ], [ 9.113383740157396, 45.50185027868897 ], [ 9.119783788653519, 45.501843746810032 ], [ 9.122975327078866, 45.497942749241005 ], [ 9.119767261932504, 45.494048548891861 ] ] ] } },
{ "type": "Feature", "properties": { "from_id": "238", "population": 4212.0828645224019, "gravity_community": 15.955072051595472, "gravity_education": 24.903318366750756, "gravity_essential_services": 13.322634885653791, "gravity_food_and_drink": 63.908400741555404, "gravity_healthcare": 16.719228288915211, "gravity_shelter": 10.225148801426556, "avg_gravity": 24.172300522649532, "min_tt_community": 2.0, "min_tt_education": 9.0, "min_tt_essential_services": 12.0, "min_tt_food_and_drink": 4.0, "min_tt_healthcare": 2.0, "min_tt_shelter": 6.0, "avg_tt_community": 35.054054054054056, "avg_tt_education": 35.457627118644069, "avg_tt_essential_services": 39.057142857142857, "avg_tt_food_and_drink": 40.514285714285712, "avg_tt_healthcare": 33.771428571428572, "avg_tt_shelter": 41.964285714285715, "avg_tt_all": 37.636470671640161, "n_unreachable_categories": 0, "count_community": 37.0, "count_education": 59.0, "count_essential_services": 35.0, "count_food_and_drink": 175.0, "count_healthcare": 36.0, "count_shelter": 28.0, "gravity_community_per_100": 0.37879292893266903, "gravity_education_per_100": 0.59123524317403198, "gravity_essential_services_per_100": 0.31629565025578893, "gravity_food_and_drink_per_100": 1.5172636151070078, "gravity_healthcare_per_100": 0.39693493282713388, "gravity_shelter_per_100": 0.24275754134732486, "shannon": 1.5222548775611193, "kl_divergence": 0.15266916917880299, "jsd": 0.17968658691610612, "city_similarity": 0.82031341308389383 }, "geometry": { "type": "Polygon", "coordinates": [ [ [ 9.110176113225258, 45.497955811233247 ], [ 9.103776503124232, 45.497961804436962 ], [ 9.100583636875411, 45.501862266716515 ], [ 9.103790825231536, 45.505757001243076 ], [ 9.110191318533104, 45.505751006419061 ], [ 9.113383740157396, 45.50185027868897 ], [ 9.110176113225258, 45.497955811233247 ] ] ] } },
{ "type": "Feature", "properties": { "from_id": "239", "population": 5954.8421391811562, "gravity_community": 21.593691207893716, "gravity_education": 33.630243607508802, "gravity_essential_services": 24.078584992094381, "gravity_food_and_drink": 113.87232938981603, "gravity_healthcare": 23.14875933477186, "gravity_shelter": 5.2230816386091998, "avg_gravity": 36.924448361782332, "min_tt_community": 9.0, "min_tt_education": 3.0, "min_tt_essential_services": 8.0, "min_tt_food_and_drink": 4.0, "min_tt_healthcare": 1.0, "min_tt_shelter": 29.0, "avg_tt_community": 40.8, "avg_tt_education": 40.215053763440864, "avg_tt_essential_services": 45.315068493150683, "avg_tt_food_and_drink": 43.498507462686568, "avg_tt_healthcare": 39.921875, "avg_tt_shelter": 42.625, "avg_tt_all": 42.062584119879688, "n_unreachable_categories": 0, "count_community": 60.0, "count_education": 93.0, "count_essential_services": 74.0, "count_food_and_drink": 336.0, "count_healthcare": 64.0, "count_shelter": 16.0, "gravity_community_per_100": 0.36262407471414582, "gravity_education_per_100": 0.56475457823191355, "gravity_essential_services_per_100": 0.40435303622348245, "gravity_food_and_drink_per_100": 1.9122644518243181, "gravity_healthcare_per_100": 0.38873842150171628, "gravity_shelter_per_100": 0.08771150462986782, "shannon": 1.4105109300314937, "kl_divergence": 0.062066276920385424, "jsd": 0.11992921452603596, "city_similarity": 0.880070785473964 }, "geometry": { "type": "Polygon", "coordinates": [ [ [ 9.129374930590288, 45.497935680453146 ], [ 9.122975327078866, 45.497942749241005 ], [ 9.119783788653519, 45.501843746810032 ], [ 9.122992298784597, 45.505737940895465 ], [ 9.129392785493241, 45.50573087019653 ], [ 9.132583878752971, 45.501829607323437 ], [ 9.129374930590288, 45.497935680453146 ] ] ] } },
{ "type": "Feature", "properties": { "from_id": "240", "population": 3798.1051722189986, "gravity_community": 16.330588197282708, "gravity_education": 24.188849204099999, "gravity_essential_services": 14.825544029945457, "gravity_food_and_drink": 68.773591152892536, "gravity_healthcare": 17.747866472224381, "gravity_shelter": 5.1082536726018626, "avg_gravity": 24.495782121507826, "min_tt_community": 7.0, "min_tt_education": 15.0, "min_tt_essential_services": 15.0, "min_tt_food_and_drink": 11.0, "min_tt_healthcare": 14.0, "min_tt_shelter": 26.0, "avg_tt_community": 42.170212765957444, "avg_tt_education": 42.111111111111114, "avg_tt_essential_services": 45.416666666666664, "avg_tt_food_and_drink": 41.71, "avg_tt_healthcare": 44.018181818181816, "avg_tt_shelter": 41.133333333333333, "avg_tt_all": 42.759917615875061, "n_unreachable_categories": 0, "count_community": 47.0, "count_education": 72.0, "count_essential_services": 48.0, "count_food_and_drink": 201.0, "count_healthcare": 55.0, "count_shelter": 15.0, "gravity_community_per_100": 0.42996671910856415, "gravity_education_per_100": 0.63686622953539607, "gravity_essential_services_per_100": 0.39034053449562078, "gravity_food_and_drink_per_100": 1.8107342486441038, "gravity_healthcare_per_100": 0.46728212272898689, "gravity_shelter_per_100": 0.13449479256040256, "shannon": 1.5121666025827811, "kl_divergence": 0.11985282905300784, "jsd": 0.16634693009167459, "city_similarity": 0.83365306990832544 }, "geometry": { "type": "Polygon", "coordinates": [ [ [ 9.119783788653519, 45.501843746810032 ], [ 9.113383740157396, 45.50185027868897 ], [ 9.110191318533104, 45.505751006419061 ], [ 9.113399390270702, 45.509645467684017 ], [ 9.119800322146714, 45.509638934039145 ], [ 9.122992298784597, 45.505737940895465 ], [ 9.119783788653519, 45.501843746810032 ] ] ] } },
{ "type": "Feature", "properties": { "from_id": "241", "population": 94.381908554274148, "gravity_community": 11.524036598124855, "gravity_education": 17.351836747468091, "gravity_essential_services": 13.057989076999517, "gravity_food_and_drink": 48.628808555318102, "gravity_healthcare": 10.953500809721055, "gravity_shelter": 6.3192465660742903, "avg_gravity": 17.97256972561765, "min_tt_community": 4.0, "min_tt_education": 4.0, "min_tt_essential_services": 5.0, "min_tt_food_and_drink": 10.0, "min_tt_healthcare": 7.0, "min_tt_shelter": 13.0, "avg_tt_community": 34.703703703703702, "avg_tt_education": 35.0, "avg_tt_essential_services": 34.5, "avg_tt_food_and_drink": 34.054054054054056, "avg_tt_healthcare": 33.0, "avg_tt_shelter": 43.111111111111114, "avg_tt_all": 35.728144811478145, "n_unreachable_categories": 0, "count_community": 27.0, "count_education": 41.0, "count_essential_services": 29.0, "count_food_and_drink": 111.0, "count_healthcare": 25.0, "count_shelter": 18.0, "gravity_community_per_100": 12.210005894824619, "gravity_education_per_100": 18.384706362967801, "gravity_essential_services_per_100": 13.835267030535354, "gravity_food_and_drink_per_100": 51.523442681130135, "gravity_healthcare_per_100": 11.605508913206881, "gravity_shelter_per_100": 6.6954002762514797, "shannon": 1.5646877254003906, "kl_divergence": 0.16493225324925495, "jsd": 0.18903750123712326, "city_similarity": 0.81096249876287674 }, "geometry": { "type": "Polygon", "coordinates": [ [ [ 9.100583636875411, 45.501862266716515 ], [ 9.094183582330777, 45.501867722864525 ], [ 9.09098983287997, 45.505767915014026 ], [ 9.094196582298199, 45.509662916575685 ], [ 9.100597520225772, 45.509657458952582 ], [ 9.103790825231536, 45.505757001243076 ], [ 9.100583636875411, 45.501862266716515 ] ] ] } },
{ "type": "Feature", "properties": { "from_id": "242", "population": 2935.4248131715835, "gravity_community": 12.848471079505426, "gravity_education": 18.555866263690746, "gravity_essential_services": 11.649529165431435, "gravity_food_and_drink": 48.88270972298303, "gravity_healthcare": 12.222651592273472, "gravity_shelter": 4.8305544017094189, "avg_gravity": 18.164963704265592, "min_tt_community": 16.0, "min_tt_education": 25.0, "min_tt_essential_services": 30.0, "min_tt_food_and_drink": 17.0, "min_tt_healthcare": 20.0, "min_tt_shelter": 27.0, "avg_tt_community": 43.410256410256409, "avg_tt_education": 43.637931034482762, "avg_tt_essential_services": 45.371428571428574, "avg_tt_food_and_drink": 41.83916083916084, "avg_tt_healthcare": 42.810810810810814, "avg_tt_shelter": 40.642857142857146, "avg_tt_all": 42.952074134832749, "n_unreachable_categories": 0, "count_community": 39.0, "count_education": 58.0, "count_essential_services": 36.0, "count_food_and_drink": 143.0, "count_healthcare": 37.0, "count_shelter": 14.0, "gravity_community_per_100": 0.43770397462925575, "gravity_education_per_100": 0.63213563435276809, "gravity_essential_services_per_100": 0.39686007671389428, "gravity_food_and_drink_per_100": 1.665268669244764, "gravity_healthcare_per_100": 0.41638442032066536, "gravity_shelter_per_100": 0.16456065847894227, "shannon": 1.5464469357247452, "kl_divergence": 0.1531883671134876, "jsd": 0.18639686912523507, "city_similarity": 0.81360313087476488 }, "geometry": { "type": "Polygon", "coordinates": [ [ [ 9.110191318533104, 45.505751006419061 ], [ 9.103790825231536, 45.505757001243076 ], [ 9.100597520225772, 45.509657458952582 ], [ 9.103805153207915, 45.513552187361334 ], [ 9.110206530071951, 45.513546190916607 ], [ 9.113399390270702, 45.509645467684017 ], [ 9.110191318533104, 45.505751006419061 ] ] ] } },
{ "type": "Feature", "properties": { "from_id": "243", "population": 12.781747093415447, "gravity_community": 38.697792710847871, "gravity_education": 62.971224982685229, "gravity_essential_services": 94.741451642537726, "gravity_food_and_drink": 664.37297253115571, "gravity_healthcare": 72.903731789532216, "gravity_shelter": 6.8891091693311832, "avg_gravity": 156.76271380434832, "min_tt_community": 1.0, "min_tt_education": 11.0, "min_tt_essential_services": 3.0, "min_tt_food_and_drink": 1.0, "min_tt_healthcare": 2.0, "min_tt_shelter": 7.0, "avg_tt_community": 43.405172413793103, "avg_tt_education": 40.824858757062145, "avg_tt_essential_services": 46.132450331125831, "avg_tt_food_and_drink": 42.373648996397321, "avg_tt_healthcare": 41.885167464114829, "avg_tt_shelter": 41.05263157894737, "avg_tt_all": 42.6123215902401, "n_unreachable_categories": 0, "count_community": 116.0, "count_education": 177.0, "count_essential_services": 303.0, "count_food_and_drink": 1944.0, "count_healthcare": 209.0, "count_shelter": 19.0, "gravity_community_per_100": 302.75824132667395, "gravity_education_per_100": 492.66523991172562, "gravity_essential_services_per_100": 741.22458338535, "gravity_food_and_drink_per_100": 5197.8259910447559, "gravity_healthcare_per_100": 570.37376234027329, "gravity_shelter_per_100": 53.898024417022981, "shannon": 1.0283752573932179, "kl_divergence": 0.0059495521141365564, "jsd": 0.039699244220785815, "city_similarity": 0.96030075577921414 }, "geometry": { "type": "Polygon", "coordinates": [ [ [ 9.186765189131359, 45.43549419717128 ], [ 9.180372664364892, 45.435504470450709 ], [ 9.17718859884031, 45.439407103210947 ], [ 9.180397503284048, 45.443299726977628 ], [ 9.186790908345735, 45.443289450920858 ], [ 9.189974528548337, 45.43938655387506 ], [ 9.186765189131359, 45.43549419717128 ] ] ] } },
{ "type": "Feature", "properties": { "from_id": "244", "population": 9958.7136477932618, "gravity_community": 43.94604746938893, "gravity_education": 69.313453113265538, "gravity_essential_services": 103.93234505228227, "gravity_food_and_drink": 798.32347523448914, "gravity_healthcare": 86.269799563699081, "gravity_shelter": 6.9187569761647136, "avg_gravity": 184.78397956821496, "min_tt_community": 7.0, "min_tt_education": 7.0, "min_tt_essential_services": 3.0, "min_tt_food_and_drink": 2.0, "min_tt_healthcare": 5.0, "min_tt_shelter": 9.0, "avg_tt_community": 42.5390625, "avg_tt_education": 39.603174603174601, "avg_tt_essential_services": 45.558558558558559, "avg_tt_food_and_drink": 38.550048123195381, "avg_tt_healthcare": 39.935344827586206, "avg_tt_shelter": 38.235294117647058, "avg_tt_all": 40.736913788360305, "n_unreachable_categories": 0, "count_community": 128.0, "count_education": 189.0, "count_essential_services": 333.0, "count_food_and_drink": 2078.0, "count_healthcare": 233.0, "count_shelter": 17.0, "gravity_community_per_100": 0.4412823686232496, "gravity_education_per_100": 0.6960080946661682, "gravity_essential_services_per_100": 1.0436322272938585, "gravity_food_and_drink_per_100": 8.0163312599252059, "gravity_healthcare_per_100": 0.8662745271605985, "gravity_shelter_per_100": 0.069474404233902554, "shannon": 1.0351741014236877, "kl_divergence": 0.0063336916405726884, "jsd": 0.041519132458390506, "city_similarity": 0.95848086754160944 }, "geometry": { "type": "Polygon", "coordinates": [ [ [ 9.17718859884031, 45.439407103210947 ], [ 9.170795628932051, 45.43941684118203 ], [ 9.167610683109721, 45.443319205552143 ], [ 9.170819152219803, 45.447212096346476 ], [ 9.177213002606024, 45.44720235574276 ], [ 9.180397503284048, 45.443299726977628 ], [ 9.17718859884031, 45.439407103210947 ] ] ] } },
{ "type": "Feature", "properties": { "from_id": "245", "population": 6367.4378245732678, "gravity_community": 30.98327055809893, "gravity_education": 59.812353468626227, "gravity_essential_services": 63.314786768165654, "gravity_food_and_drink": 546.06855188537293, "gravity_healthcare": 68.860020475904619, "gravity_shelter": 4.2388589681782856, "avg_gravity": 128.87964035405778, "min_tt_community": 7.0, "min_tt_education": 1.0, "min_tt_essential_services": 5.0, "min_tt_food_and_drink": 2.0, "min_tt_healthcare": 3.0, "min_tt_shelter": 15.0, "avg_tt_community": 42.577777777777776, "avg_tt_education": 40.993975903614455, "avg_tt_essential_services": 42.211956521739133, "avg_tt_food_and_drink": 39.189430336307481, "avg_tt_healthcare": 41.25, "avg_tt_shelter": 30.777777777777779, "avg_tt_all": 39.500153052869436, "n_unreachable_categories": 0, "count_community": 90.0, "count_education": 166.0, "count_essential_services": 184.0, "count_food_and_drink": 1459.0, "count_healthcare": 193.0, "count_shelter": 9.0, "gravity_community_per_100": 0.48658929088444397, "gravity_education_per_100": 0.93934727148489627, "gravity_essential_services_per_100": 0.99435265035208842, "gravity_food_and_drink_per_100": 8.5759542052845923, "gravity_healthcare_per_100": 1.0814400135979256, "gravity_shelter_per_100": 0.06657087332395531, "shannon": 1.0446716506897011, "kl_divergence": 0.010318312844246351, "jsd": 0.053418520572717239, "city_similarity": 0.94658147942728277 }, "geometry": { "type": "Polygon", "coordinates": [ [ [ 9.158009679607662, 45.439435243728099 ], [ 9.151616700431781, 45.439443908302145 ], [ 9.14843042952316, 45.443345739559213 ], [ 9.151637582276205, 45.44723917078413 ], [ 9.158031441934709, 45.447230503867623 ], [ 9.16121726823739, 45.443328408068915 ], [ 9.158009679607662, 45.439435243728099 ] ] ] } },
{ "type": "Feature", "properties": { "from_id": "246", "population": 4693.4107308023486, "gravity_community": 52.689425910126587, "gravity_education": 79.094303142486737, "gravity_essential_services": 145.63675693986096, "gravity_food_and_drink": 990.05825204481198, "gravity_healthcare": 101.61715224548563, "gravity_shelter": 8.004379062479579, "avg_gravity": 229.51671155754192, "min_tt_community": 5.0, "min_tt_education": 4.0, "min_tt_essential_services": 4.0, "min_tt_food_and_drink": 2.0, "min_tt_healthcare": 5.0, "min_tt_shelter": 20.0, "avg_tt_community": 38.210144927536234, "avg_tt_education": 37.940298507462686, "avg_tt_essential_services": 40.888077858880777, "avg_tt_food_and_drink": 36.53577235772358, "avg_tt_healthcare": 38.456603773584902, "avg_tt_shelter": 39.590909090909093, "avg_tt_all": 38.603634419349547, "n_unreachable_categories": 0, "count_community": 138.0, "count_education": 202.0, "count_essential_services": 411.0, "count_food_and_drink": 2460.0, "count_healthcare": 265.0, "count_shelter": 22.0, "gravity_community_per_100": 1.1226255048238494, "gravity_education_per_100": 1.6852201454136402, "gravity_essential_services_per_100": 3.10300472924866, "gravity_food_and_drink_per_100": 21.094643295272807, "gravity_healthcare_per_100": 2.1651024824778964, "gravity_shelter_per_100": 0.17054503689497494, "shannon": 1.0187290638042403, "kl_divergence": 0.008039276122021221, "jsd": 0.046318797908549314, "city_similarity": 0.95368120209145069 }, "geometry": { "type": "Polygon", "coordinates": [ [ [ 9.186790908345735, 45.443289450920858 ], [ 9.180397503284048, 45.443299726977628 ], [ 9.177213002606024, 45.44720235574276 ], [ 9.180422352374313, 45.451094972809159 ], [ 9.186816638091681, 45.451084693974266 ], [ 9.190000693264892, 45.447181800851418 ], [ 9.186790908345735, 45.443289450920858 ] ] ] } },
{ "type": "Feature", "properties": { "from_id": "247", "population": 7202.0148024550945, "gravity_community": 38.052119040368709, "gravity_education": 62.91435403559592, "gravity_essential_services": 92.96375038921893, "gravity_food_and_drink": 711.18679956162384, "gravity_healthcare": 79.615073436277569, "gravity_shelter": 5.0246096720113798, "avg_gravity": 164.95945102251605, "min_tt_community": 8.0, "min_tt_education": 9.0, "min_tt_essential_services": 17.0, "min_tt_food_and_drink": 2.0, "min_tt_healthcare": 6.0, "min_tt_shelter": 13.0, "avg_tt_community": 43.321428571428569, "avg_tt_education": 42.021739130434781, "avg_tt_essential_services": 46.022875816993462, "avg_tt_food_and_drink": 38.791068580542266, "avg_tt_healthcare": 41.543478260869563, "avg_tt_shelter": 32.272727272727273, "avg_tt_all": 40.662219605499324, "n_unreachable_categories": 0, "count_community": 113.0, "count_education": 184.0, "count_essential_services": 306.0, "count_food_and_drink": 1881.0, "count_healthcare": 230.0, "count_shelter": 11.0, "gravity_community_per_100": 0.5283538021526577, "gravity_education_per_100": 0.87356601952760571, "gravity_essential_services_per_100": 1.290801989986587, "gravity_food_and_drink_per_100": 9.874831128078041, "gravity_healthcare_per_100": 1.1054555651445979, "gravity_shelter_per_100": 0.069766722366337547, "shannon": 1.0462951609538915, "kl_divergence": 0.007068847456522232, "jsd": 0.045019244259441135, "city_similarity": 0.95498075574055885 }, "geometry": { "type": "Polygon", "coordinates": [ [ [ 9.167610683109721, 45.443319205552143 ], [ 9.16121726823739, 45.443328408068915 ], [ 9.158031441934709, 45.447230503867623 ], [ 9.161239475350623, 45.451123661654307 ], [ 9.167633770883569, 45.451114456649655 ], [ 9.170819152219803, 45.447212096346476 ], [ 9.167610683109721, 45.443319205552143 ] ] ] } },
{ "type": "Feature", "properties": { "from_id": "248", "population": 4997.0459096391451, "gravity_community": 41.514016189611915, "gravity_education": 71.799338894151958, "gravity_essential_services": 113.07008517044326, "gravity_food_and_drink": 779.91850142526846, "gravity_healthcare": 95.309340592517628, "gravity_shelter": 4.941372357821435, "avg_gravity": 184.42544243830244, "min_tt_community": 7.0, "min_tt_education": 3.0, "min_tt_essential_services": 2.0, "min_tt_food_and_drink": 1.0, "min_tt_healthcare": 5.0, "min_tt_shelter": 15.0, "avg_tt_community": 40.192982456140349, "avg_tt_education": 39.114583333333336, "avg_tt_essential_services": 41.655279503105589, "avg_tt_food_and_drink": 37.421052631578945, "avg_tt_healthcare": 38.552, "avg_tt_shelter": 36.333333333333336, "avg_tt_all": 38.878205209581928, "n_unreachable_categories": 0, "count_community": 114.0, "count_education": 192.0, "count_essential_services": 322.0, "count_food_and_drink": 1961.0, "count_healthcare": 251.0, "count_shelter": 12.0, "gravity_community_per_100": 0.83077115840646321, "gravity_education_per_100": 1.4368356863732887, "gravity_essential_services_per_100": 2.2627385702487666, "gravity_food_and_drink_per_100": 15.60759127549399, "gravity_healthcare_per_100": 1.9073136872460767, "gravity_shelter_per_100": 0.098885870715930024, "shannon": 1.051066326434863, "kl_divergence": 0.0070145252240531369, "jsd": 0.044703350955485464, "city_similarity": 0.9552966490445145 }, "geometry": { "type": "Polygon", "coordinates": [ [ [ 9.158031441934709, 45.447230503867623 ], [ 9.151637582276205, 45.44723917078413 ], [ 9.148450875310653, 45.451140997830144 ], [ 9.151658472671802, 45.455034422573796 ], [ 9.158053213173483, 45.455025753314203 ], [ 9.161239475350623, 45.451123661654307 ], [ 9.158031441934709, 45.447230503867623 ] ] ] } },
{ "type": "Feature", "properties": { "from_id": "249", "population": 9587.8127273018035, "gravity_community": 53.887252095063836, "gravity_education": 80.929937835321653, "gravity_essential_services": 143.62009890912344, "gravity_food_and_drink": 1045.7714766563317, "gravity_healthcare": 106.39211081297871, "gravity_shelter": 6.6232050262467448, "avg_gravity": 239.53734688917768, "min_tt_community": 8.0, "min_tt_education": 7.0, "min_tt_essential_services": 5.0, "min_tt_food_and_drink": 1.0, "min_tt_healthcare": 1.0, "min_tt_shelter": 19.0, "avg_tt_community": 39.248275862068965, "avg_tt_education": 39.550458715596328, "avg_tt_essential_services": 40.204488778054866, "avg_tt_food_and_drink": 34.917348608837969, "avg_tt_healthcare": 37.210526315789473, "avg_tt_shelter": 39.722222222222221, "avg_tt_all": 38.475553417094972, "n_unreachable_categories": 0, "count_community": 145.0, "count_education": 218.0, "count_essential_services": 401.0, "count_food_and_drink": 2446.0, "count_healthcare": 267.0, "count_shelter": 18.0, "gravity_community_per_100": 0.56203905549403399, "gravity_education_per_100": 0.84409176667447172, "gravity_essential_services_per_100": 1.4979443486641912, "gravity_food_and_drink_per_100": 10.907299781507437, "gravity_healthcare_per_100": 1.1096598759174923, "gravity_shelter_per_100": 0.069079415864963842, "shannon": 1.0268852452093364, "kl_divergence": 0.0074410052574777055, "jsd": 0.045148697678165539, "city_similarity": 0.95485130232183446 }, "geometry": { "type": "Polygon", "coordinates": [ [ [ 9.177213002606024, 45.44720235574276 ], [ 9.170819152219803, 45.447212096346476 ], [ 9.167633770883569, 45.451114456649655 ], [ 9.170842685140391, 45.455007340816628 ], [ 9.177237416365127, 45.454997597579556 ], [ 9.180422352374313, 45.451094972809159 ], [ 9.177213002606024, 45.44720235574276 ] ] ] } },
{ "type": "Feature", "properties": { "from_id": "250", "population": 9094.2463027220456, "gravity_community": 52.503032831321335, "gravity_education": 79.59604268898326, "gravity_essential_services": 155.57747422651002, "gravity_food_and_drink": 1013.0178270526619, "gravity_healthcare": 110.90058235856993, "gravity_shelter": 4.084099080558409, "avg_gravity": 235.94650970643417, "min_tt_community": 4.0, "min_tt_education": 4.0, "min_tt_essential_services": 3.0, "min_tt_food_and_drink": 1.0, "min_tt_healthcare": 3.0, "min_tt_shelter": 20.0, "avg_tt_community": 41.114093959731541, "avg_tt_education": 40.657534246575345, "avg_tt_essential_services": 40.453703703703702, "avg_tt_food_and_drink": 37.469299960891668, "avg_tt_healthcare": 37.654804270462634, "avg_tt_shelter": 37.909090909090907, "avg_tt_all": 39.209754508409297, "n_unreachable_categories": 0, "count_community": 149.0, "count_education": 219.0, "count_essential_services": 432.0, "count_food_and_drink": 2557.0, "count_healthcare": 281.0, "count_shelter": 11.0, "gravity_community_per_100": 0.57732143031585126, "gravity_education_per_100": 0.87523517661006123, "gravity_essential_services_per_100": 1.7107242210928828, "gravity_food_and_drink_per_100": 11.139107006035786, "gravity_healthcare_per_100": 1.2194587508079224, "gravity_shelter_per_100": 0.044908604238440036, "shannon": 1.0161740063256817, "kl_divergence": 0.010847920880967768, "jsd": 0.055784491062740652, "city_similarity": 0.94421550893725936 }, "geometry": { "type": "Polygon", "coordinates": [ [ [ 9.167633770883569, 45.451114456649655 ], [ 9.161239475350623, 45.451123661654307 ], [ 9.158053213173483, 45.455025753314203 ], [ 9.161261691558146, 45.458918904546451 ], [ 9.167656868112354, 45.458909697053244 ], [ 9.170842685140391, 45.455007340816628 ], [ 9.167633770883569, 45.451114456649655 ] ] ] } },
{ "type": "Feature", "properties": { "from_id": "251", "population": 8956.153856161729, "gravity_community": 66.417218825670133, "gravity_education": 88.627813964691157, "gravity_essential_services": 198.84867731071813, "gravity_food_and_drink": 1285.7849017752233, "gravity_healthcare": 127.98475708201083, "gravity_shelter": 9.2754818390971376, "avg_gravity": 296.15647513290179, "min_tt_community": 4.0, "min_tt_education": 3.0, "min_tt_essential_services": 2.0, "min_tt_food_and_drink": 2.0, "min_tt_healthcare": 2.0, "min_tt_shelter": 14.0, "avg_tt_community": 35.666666666666664, "avg_tt_education": 36.715596330275233, "avg_tt_essential_services": 36.862903225806448, "avg_tt_food_and_drink": 36.236690186016681, "avg_tt_healthcare": 37.246835443037973, "avg_tt_shelter": 42.928571428571431, "avg_tt_all": 37.609543880062404, "n_unreachable_categories": 0, "count_community": 159.0, "count_education": 218.0, "count_essential_services": 496.0, "count_food_and_drink": 3118.0, "count_healthcare": 317.0, "count_shelter": 28.0, "gravity_community_per_100": 0.74158193229313341, "gravity_education_per_100": 0.98957449132828657, "gravity_essential_services_per_100": 2.2202463301131496, "gravity_food_and_drink_per_100": 14.356440525981121, "gravity_healthcare_per_100": 1.4290147214695159, "gravity_shelter_per_100": 0.10356545887960282, "shannon": 0.98050647386750311, "kl_divergence": 0.01256885118394269, "jsd": 0.057745073929248866, "city_similarity": 0.94225492607075112 }, "geometry": { "type": "Polygon", "coordinates": [ [ [ 9.186816638091681, 45.451084693974266 ], [ 9.180422352374313, 45.451094972809159 ], [ 9.177237416365127, 45.454997597579556 ], [ 9.180447211640802, 45.458890207945309 ], [ 9.186842378374491, 45.458879926331576 ], [ 9.190026868695941, 45.45497703713125 ], [ 9.186816638091681, 45.451084693974266 ] ] ] } },
{ "type": "Feature", "properties": { "from_id": "252", "population": 8017.8849709544265, "gravity_community": 64.282576140661831, "gravity_education": 91.448822268189247, "gravity_essential_services": 202.10902675368888, "gravity_food_and_drink": 1287.923784824274, "gravity_healthcare": 131.63029837855856, "gravity_shelter": 7.8723676409566909, "avg_gravity": 297.5444793343882, "min_tt_community": 4.0, "min_tt_education": 1.0, "min_tt_essential_services": 6.0, "min_tt_food_and_drink": 2.0, "min_tt_healthcare": 2.0, "min_tt_shelter": 10.0, "avg_tt_community": 36.54375, "avg_tt_education": 37.513157894736842, "avg_tt_essential_services": 36.958498023715414, "avg_tt_food_and_drink": 36.305360561582638, "avg_tt_healthcare": 36.39622641509434, "avg_tt_shelter": 48.333333333333336, "avg_tt_all": 38.675054371410425, "n_unreachable_categories": 0, "count_community": 160.0, "count_education": 228.0, "count_essential_services": 507.0, "count_food_and_drink": 3134.0, "count_healthcare": 318.0, "count_shelter": 27.0, "gravity_community_per_100": 0.80173981509502512, "gravity_education_per_100": 1.140560417110891, "gravity_essential_services_per_100": 2.5207274422849495, "gravity_food_and_drink_per_100": 16.063136219712607, "gravity_healthcare_per_100": 1.6417084911470072, "gravity_shelter_per_100": 0.098185090824763815, "shannon": 0.98562829529030938, "kl_divergence": 0.011906981171222998, "jsd": 0.056250097881600084, "city_similarity": 0.94374990211839993 }, "geometry": { "type": "Polygon", "coordinates": [ [ [ 9.177237416365127, 45.454997597579556 ], [ 9.170842685140391, 45.455007340816628 ], [ 9.167656868112354, 45.458909697053244 ], [ 9.17086622769866, 45.462802574592537 ], [ 9.177261840122647, 45.462792828721398 ], [ 9.180447211640802, 45.458890207945309 ], [ 9.177237416365127, 45.454997597579556 ] ] ] } },
{ "type": "Feature", "properties": { "from_id": "253", "population": 10051.644051428402, "gravity_community": 19.783089585918688, "gravity_education": 40.230343234947178, "gravity_essential_services": 42.182668352041539, "gravity_food_and_drink": 201.80457672074925, "gravity_healthcare": 39.123249314538143, "gravity_shelter": 1.5316537764623814, "avg_gravity": 57.442596830776203, "min_tt_community": 7.0, "min_tt_education": 8.0, "min_tt_essential_services": 8.0, "min_tt_food_and_drink": 2.0, "min_tt_healthcare": 2.0, "min_tt_shelter": 18.0, "avg_tt_community": 42.896551724137929, "avg_tt_education": 42.504273504273506, "avg_tt_essential_services": 46.507246376811594, "avg_tt_food_and_drink": 43.106060606060609, "avg_tt_healthcare": 43.96521739130435, "avg_tt_shelter": 38.5, "avg_tt_all": 42.913224933764667, "n_unreachable_categories": 0, "count_community": 58.0, "count_education": 117.0, "count_essential_services": 138.0, "count_food_and_drink": 594.0, "count_healthcare": 116.0, "count_shelter": 4.0, "gravity_community_per_100": 0.19681446621766702, "gravity_education_per_100": 0.4002364491730106, "gravity_essential_services_per_100": 0.41965939239608385, "gravity_food_and_drink_per_100": 2.0076773081919028, "gravity_healthcare_per_100": 0.38922239102745071, "gravity_shelter_per_100": 0.015237843367968485, "shannon": 1.2640865888080248, "kl_divergence": 0.025730685733151022, "jsd": 0.080829850457652924, "city_similarity": 0.9191701495423471 }, "geometry": { "type": "Polygon", "coordinates": [ [ [ 9.129250150830236, 45.443369052930265 ], [ 9.122856719580797, 45.443376108355224 ], [ 9.119668243631555, 45.447277136909427 ], [ 9.122873642700458, 45.451171374836292 ], [ 9.129267954618749, 45.45116431750391 ], [ 9.132455986679096, 45.447263024152306 ], [ 9.129250150830236, 45.443369052930265 ] ] ] } },
{ "type": "Feature", "properties": { "from_id": "254", "population": 6233.5621380459379, "gravity_community": 30.514132943857977, "gravity_education": 58.898406676390543, "gravity_essential_services": 67.848069418327171, "gravity_food_and_drink": 498.25286251825594, "gravity_healthcare": 69.127341031617917, "gravity_shelter": 4.0621429310719952, "avg_gravity": 121.45049258658692, "min_tt_community": 7.0, "min_tt_education": 8.0, "min_tt_essential_services": 9.0, "min_tt_food_and_drink": 4.0, "min_tt_healthcare": 4.0, "min_tt_shelter": 5.0, "avg_tt_community": 40.590361445783131, "avg_tt_education": 40.09375, "avg_tt_essential_services": 42.151041666666664, "avg_tt_food_and_drink": 40.560551124002899, "avg_tt_healthcare": 41.636363636363633, "avg_tt_shelter": 38.2, "avg_tt_all": 40.538677978802724, "n_unreachable_categories": 0, "count_community": 83.0, "count_education": 160.0, "count_essential_services": 193.0, "count_food_and_drink": 1379.0, "count_healthcare": 198.0, "count_shelter": 10.0, "gravity_community_per_100": 0.4895135761560464, "gravity_education_per_100": 0.94485954213738998, "gravity_essential_services_per_100": 1.0884317492276703, "gravity_food_and_drink_per_100": 7.9930680321163114, "gravity_healthcare_per_100": 1.1089540699322773, "gravity_shelter_per_100": 0.065165676400000927, "shannon": 1.0707938090980962, "kl_divergence": 0.0080646969848516374, "jsd": 0.046961562487895236, "city_similarity": 0.95303843751210482 }, "geometry": { "type": "Polygon", "coordinates": [ [ [ 9.14843042952316, 45.443345739559213 ], [ 9.142037005921573, 45.443353868531887 ], [ 9.138849854528214, 45.447255430926866 ], [ 9.142056571044062, 45.451149129000463 ], [ 9.148450875310653, 45.451140997830144 ], [ 9.151637582276205, 45.44723917078413 ], [ 9.14843042952316, 45.443345739559213 ] ] ] } },
{ "type": "Feature", "properties": { "from_id": "255", "population": 7518.2859803814217, "gravity_community": 26.039360714458056, "gravity_education": 54.179683527916922, "gravity_essential_services": 59.6949360874655, "gravity_food_and_drink": 342.36002319169256, "gravity_healthcare": 59.164221337131892, "gravity_shelter": 2.4235304697314906, "avg_gravity": 90.643625888066069, "min_tt_community": 9.0, "min_tt_education": 9.0, "min_tt_essential_services": 2.0, "min_tt_food_and_drink": 2.0, "min_tt_healthcare": 4.0, "min_tt_shelter": 25.0, "avg_tt_community": 38.388059701492537, "avg_tt_education": 41.735099337748345, "avg_tt_essential_services": 40.412121212121214, "avg_tt_food_and_drink": 42.495431472081215, "avg_tt_healthcare": 41.80473372781065, "avg_tt_shelter": 41.428571428571431, "avg_tt_all": 41.044002813304225, "n_unreachable_categories": 0, "count_community": 67.0, "count_education": 151.0, "count_essential_services": 165.0, "count_food_and_drink": 988.0, "count_healthcare": 169.0, "count_shelter": 7.0, "gravity_community_per_100": 0.34634703684332335, "gravity_education_per_100": 0.72063876885364564, "gravity_essential_services_per_100": 0.79399661363289908, "gravity_food_and_drink_per_100": 4.5536977987411404, "gravity_healthcare_per_100": 0.78693762769224074, "gravity_shelter_per_100": 0.032235146096538068, "shannon": 1.1544714143859462, "kl_divergence": 0.011689397443439525, "jsd": 0.055442925488523406, "city_similarity": 0.94455707451147664 }, "geometry": { "type": "Polygon", "coordinates": [ [ [ 9.138849854528214, 45.447255430926866 ], [ 9.132455986679096, 45.447263024152306 ], [ 9.129267954618749, 45.45116431750391 ], [ 9.132474234536797, 45.455058282390702 ], [ 9.138868983233213, 45.455050687112447 ], [ 9.142056571044062, 45.451149129000463 ], [ 9.138849854528214, 45.447255430926866 ] ] ] } },
{ "type": "Feature", "properties": { "from_id": "256", "population": 12018.347034657516, "gravity_community": 22.935756955964127, "gravity_education": 43.58549807688194, "gravity_essential_services": 49.895152095920366, "gravity_food_and_drink": 215.71933714019326, "gravity_healthcare": 48.751363721510231, "gravity_shelter": 1.2814287462929035, "avg_gravity": 63.694756122793812, "min_tt_community": 8.0, "min_tt_education": 8.0, "min_tt_essential_services": 9.0, "min_tt_food_and_drink": 4.0, "min_tt_healthcare": 3.0, "min_tt_shelter": 35.0, "avg_tt_community": 42.015151515151516, "avg_tt_education": 41.254098360655739, "avg_tt_essential_services": 43.844155844155843, "avg_tt_food_and_drink": 44.167673716012082, "avg_tt_healthcare": 42.392857142857146, "avg_tt_shelter": 42.75, "avg_tt_all": 42.737322763138714, "n_unreachable_categories": 0, "count_community": 66.0, "count_education": 122.0, "count_essential_services": 154.0, "count_food_and_drink": 662.0, "count_healthcare": 140.0, "count_shelter": 4.0, "gravity_community_per_100": 0.19083952967761611, "gravity_education_per_100": 0.36265800905227386, "gravity_essential_services_per_100": 0.41515819065664233, "gravity_food_and_drink_per_100": 1.7949168593494567, "gravity_healthcare_per_100": 0.4056411716263898, "gravity_shelter_per_100": 0.01066227113094359, "shannon": 1.2656899960768366, "kl_divergence": 0.027007504028965641, "jsd": 0.083040963299248857, "city_similarity": 0.91695903670075118 }, "geometry": { "type": "Polygon", "coordinates": [ [ [ 9.129267954618749, 45.45116431750391 ], [ 9.122873642700458, 45.451171374836292 ], [ 9.119684729790965, 45.455072398963182 ], [ 9.122890572750517, 45.458966630627643 ], [ 9.12928576569831, 45.458959571387311 ], [ 9.132474234536797, 45.455058282390702 ], [ 9.129267954618749, 45.45116431750391 ] ] ] } },
{ "type": "Feature", "properties": { "from_id": "257", "population": 7081.4143787738649, "gravity_community": 32.986625806298008, "gravity_education": 61.309956698851465, "gravity_essential_services": 81.836178264695889, "gravity_food_and_drink": 523.69936584269601, "gravity_healthcare": 76.972024292428472, "gravity_shelter": 2.9167353081449168, "avg_gravity": 129.95348103551913, "min_tt_community": 5.0, "min_tt_education": 3.0, "min_tt_essential_services": 6.0, "min_tt_food_and_drink": 5.0, "min_tt_healthcare": 7.0, "min_tt_shelter": 25.0, "avg_tt_community": 39.551724137931032, "avg_tt_education": 40.421686746987952, "avg_tt_essential_services": 38.879629629629626, "avg_tt_food_and_drink": 41.242198100407059, "avg_tt_healthcare": 39.217391304347828, "avg_tt_shelter": 38.625, "avg_tt_all": 39.656271653217253, "n_unreachable_categories": 0, "count_community": 87.0, "count_education": 166.0, "count_essential_services": 216.0, "count_food_and_drink": 1474.0, "count_healthcare": 207.0, "count_shelter": 8.0, "gravity_community_per_100": 0.46581973659349091, "gravity_education_per_100": 0.86578688125672398, "gravity_essential_services_per_100": 1.1556473592337029, "gravity_food_and_drink_per_100": 7.3954063105310563, "gravity_healthcare_per_100": 1.0869583415870665, "gravity_shelter_per_100": 0.041188598098250886, "shannon": 1.0631253141325903, "kl_divergence": 0.0086166422342790205, "jsd": 0.049488389303172509, "city_similarity": 0.95051161069682744 }, "geometry": { "type": "Polygon", "coordinates": [ [ [ 9.148450875310653, 45.451140997830144 ], [ 9.142056571044062, 45.451149129000463 ], [ 9.138868983233213, 45.455050687112447 ], [ 9.142076144178898, 45.45894437877768 ], [ 9.148471329471143, 45.458936245409092 ], [ 9.151658472671802, 45.455034422573796 ], [ 9.148450875310653, 45.451140997830144 ] ] ] } },
{ "type": "Feature", "properties": { "from_id": "258", "population": 9309.3011183704257, "gravity_community": 26.971638601451708, "gravity_education": 51.91389470421371, "gravity_essential_services": 67.409541524703741, "gravity_food_and_drink": 325.82012996939585, "gravity_healthcare": 62.771038581998411, "gravity_shelter": 1.7493096849801075, "avg_gravity": 89.439258844457243, "min_tt_community": 6.0, "min_tt_education": 1.0, "min_tt_essential_services": 7.0, "min_tt_food_and_drink": 3.0, "min_tt_healthcare": 2.0, "min_tt_shelter": 26.0, "avg_tt_community": 38.159420289855071, "avg_tt_education": 40.468085106382979, "avg_tt_essential_services": 38.165714285714287, "avg_tt_food_and_drink": 40.938529088913285, "avg_tt_healthcare": 37.797468354430379, "avg_tt_shelter": 40.8, "avg_tt_all": 39.388202854215997, "n_unreachable_categories": 0, "count_community": 69.0, "count_education": 141.0, "count_essential_services": 175.0, "count_food_and_drink": 911.0, "count_healthcare": 159.0, "count_shelter": 5.0, "gravity_community_per_100": 0.28972785667258594, "gravity_education_per_100": 0.55765619829151181, "gravity_essential_services_per_100": 0.72410958317463514, "gravity_food_and_drink_per_100": 3.4999418949553758, "gravity_healthcare_per_100": 0.67428303998169903, "gravity_shelter_per_100": 0.018790988310906854, "shannon": 1.1794673486241825, "kl_divergence": 0.013118192024570263, "jsd": 0.059569836579793881, "city_similarity": 0.94043016342020613 }, "geometry": { "type": "Polygon", "coordinates": [ [ [ 9.138868983233213, 45.455050687112447 ], [ 9.132474234536797, 45.455058282390702 ], [ 9.12928576569831, 45.458959571387311 ], [ 9.132492489867751, 45.462853529938627 ], [ 9.138888119772203, 45.462845932606996 ], [ 9.142076144178898, 45.45894437877768 ], [ 9.138868983233213, 45.455050687112447 ] ] ] } },
{ "type": "Feature", "properties": { "from_id": "259", "population": 8304.5754248560224, "gravity_community": 32.327324818189858, "gravity_education": 59.855035660500363, "gravity_essential_services": 95.151608889525988, "gravity_food_and_drink": 508.21284471782633, "gravity_healthcare": 79.853622172424494, "gravity_shelter": 2.7676225118821178, "avg_gravity": 129.69467646172487, "min_tt_community": 6.0, "min_tt_education": 9.0, "min_tt_essential_services": 7.0, "min_tt_food_and_drink": 5.0, "min_tt_healthcare": 6.0, "min_tt_shelter": 14.0, "avg_tt_community": 40.397727272727273, "avg_tt_education": 42.362068965517238, "avg_tt_essential_services": 39.470119521912352, "avg_tt_food_and_drink": 43.273817455029977, "avg_tt_healthcare": 38.536585365853661, "avg_tt_shelter": 46.444444444444443, "avg_tt_all": 41.747460504247492, "n_unreachable_categories": 0, "count_community": 88.0, "count_education": 174.0, "count_essential_services": 251.0, "count_food_and_drink": 1501.0, "count_healthcare": 206.0, "count_shelter": 9.0, "gravity_community_per_100": 0.38927125306650245, "gravity_education_per_100": 0.72074769146356543, "gravity_essential_services_per_100": 1.1457733119592401, "gravity_food_and_drink_per_100": 6.119672815502633, "gravity_healthcare_per_100": 0.96156176670294891, "gravity_shelter_per_100": 0.033326478119501221, "shannon": 1.0812098168214228, "kl_divergence": 0.0065577991937628491, "jsd": 0.043552064983260988, "city_similarity": 0.95644793501673897 }, "geometry": { "type": "Polygon", "coordinates": [ [ [ 9.148471329471143, 45.458936245409092 ], [ 9.142076144178898, 45.45894437877768 ], [ 9.138888119772203, 45.462845932606996 ], [ 9.142095725330114, 45.46673961786361 ], [ 9.148491792008839, 45.466731482296169 ], [ 9.151679371622867, 45.462829663671243 ], [ 9.148471329471143, 45.458936245409092 ] ] ] } },
{ "type": "Feature", "properties": { "from_id": "260", "population": 8500.4971468951135, "gravity_community": 24.439755099802301, "gravity_education": 44.795172144331161, "gravity_essential_services": 56.043290484188894, "gravity_food_and_drink": 232.53459596995401, "gravity_healthcare": 52.731708520112697, "gravity_shelter": 7.7849166011165423, "avg_gravity": 69.721573136584269, "min_tt_community": 8.0, "min_tt_education": 6.0, "min_tt_essential_services": 10.0, "min_tt_food_and_drink": 2.0, "min_tt_healthcare": 3.0, "min_tt_shelter": 33.0, "avg_tt_community": 41.347826086956523, "avg_tt_education": 38.890756302521005, "avg_tt_essential_services": 38.243243243243242, "avg_tt_food_and_drink": 41.921130952380949, "avg_tt_healthcare": 37.595419847328245, "avg_tt_shelter": 52.9375, "avg_tt_all": 41.822646072071656, "n_unreachable_categories": 0, "count_community": 69.0, "count_education": 119.0, "count_essential_services": 148.0, "count_food_and_drink": 672.0, "count_healthcare": 132.0, "count_shelter": 32.0, "gravity_community_per_100": 0.28750971475508524, "gravity_education_per_100": 0.52697120380415652, "gravity_essential_services_per_100": 0.65929426850827466, "gravity_food_and_drink_per_100": 2.7355411330840744, "gravity_healthcare_per_100": 0.62033675923735176, "gravity_shelter_per_100": 0.091581897700654558, "shannon": 1.3234776632814496, "kl_divergence": 0.020299786246679781, "jsd": 0.069908122092484218, "city_similarity": 0.9300918779075158 }, "geometry": { "type": "Polygon", "coordinates": [ [ [ 9.12928576569831, 45.458959571387311 ], [ 9.122890572750517, 45.458966630627643 ], [ 9.119701222702142, 45.462867650327517 ], [ 9.122907509734462, 45.466761875729354 ], [ 9.129303584072586, 45.466754814580575 ], [ 9.132492489867751, 45.462853529938627 ], [ 9.12928576569831, 45.458959571387311 ] ] ] } },
{ "type": "Feature", "properties": { "from_id": "261", "population": 4164.3737394106729, "gravity_community": 50.079166368414164, "gravity_education": 75.997165548845075, "gravity_essential_services": 171.529972954112, "gravity_food_and_drink": 930.14112995432822, "gravity_healthcare": 113.06132910927835, "gravity_shelter": 3.5961841224653863, "avg_gravity": 224.06749134290718, "min_tt_community": 4.0, "min_tt_education": 3.0, "min_tt_essential_services": 2.0, "min_tt_food_and_drink": 1.0, "min_tt_healthcare": 1.0, "min_tt_shelter": 8.0, "avg_tt_community": 41.881944444444443, "avg_tt_education": 39.792270531400966, "avg_tt_essential_services": 38.319004524886878, "avg_tt_food_and_drink": 40.335928376800311, "avg_tt_healthcare": 36.978417266187051, "avg_tt_shelter": 45.0, "avg_tt_all": 40.384594190619943, "n_unreachable_categories": 0, "count_community": 144.0, "count_education": 207.0, "count_essential_services": 442.0, "count_food_and_drink": 2569.0, "count_healthcare": 279.0, "count_shelter": 11.0, "gravity_community_per_100": 1.2025617656378071, "gravity_education_per_100": 1.8249362402232399, "gravity_essential_services_per_100": 4.1189860393843105, "gravity_food_and_drink_per_100": 22.335678499546933, "gravity_healthcare_per_100": 2.7149659512855919, "gravity_shelter_per_100": 0.086355940832877912, "shannon": 1.0071683674183864, "kl_divergence": 0.012274005609865579, "jsd": 0.059045483488977903, "city_similarity": 0.94095451651102213 }, "geometry": { "type": "Polygon", "coordinates": [ [ [ 9.158074993328464, 45.462820992067918 ], [ 9.151679371622867, 45.462829663671243 ], [ 9.148491792008839, 45.466731482296169 ], [ 9.151700279133708, 45.470624894076508 ], [ 9.158096782404142, 45.470616220128825 ], [ 9.161283916864534, 45.466714136745438 ], [ 9.158074993328464, 45.462820992067918 ] ] ] } },
{ "type": "Feature", "properties": { "from_id": "262", "population": 9459.3513920369605, "gravity_community": 29.426065365450224, "gravity_education": 54.704512727565984, "gravity_essential_services": 87.235403274208934, "gravity_food_and_drink": 368.92194501284922, "gravity_healthcare": 70.38931521539898, "gravity_shelter": 8.1226536422464743, "avg_gravity": 103.1333158729533, "min_tt_community": 2.0, "min_tt_education": 5.0, "min_tt_essential_services": 2.0, "min_tt_food_and_drink": 3.0, "min_tt_healthcare": 3.0, "min_tt_shelter": 19.0, "avg_tt_community": 40.151898734177216, "avg_tt_education": 40.43333333333333, "avg_tt_essential_services": 40.061135371179041, "avg_tt_food_and_drink": 43.53796889295517, "avg_tt_healthcare": 38.662983425414367, "avg_tt_shelter": 53.030303030303031, "avg_tt_all": 42.646270464560367, "n_unreachable_categories": 0, "count_community": 79.0, "count_education": 150.0, "count_essential_services": 230.0, "count_food_and_drink": 1093.0, "count_healthcare": 181.0, "count_shelter": 33.0, "gravity_community_per_100": 0.31107910200081557, "gravity_education_per_100": 0.57831145562070085, "gravity_essential_services_per_100": 0.92221337022795402, "gravity_food_and_drink_per_100": 3.9000765456647892, "gravity_healthcare_per_100": 0.74412411906649201, "gravity_shelter_per_100": 0.085869033780521783, "shannon": 1.2187003014347422, "kl_divergence": 0.0049504757884709606, "jsd": 0.034872417052987409, "city_similarity": 0.96512758294701262 }, "geometry": { "type": "Polygon", "coordinates": [ [ [ 9.138888119772203, 45.462845932606996 ], [ 9.132492489867751, 45.462853529938627 ], [ 9.129303584072586, 45.466754814580575 ], [ 9.132510752675715, 45.470648766796145 ], [ 9.138907264149127, 45.470641167410569 ], [ 9.142095725330114, 45.46673961786361 ], [ 9.138888119772203, 45.462845932606996 ] ] ] } },
{ "type": "Feature", "properties": { "from_id": "263", "population": 14159.539805133913, "gravity_community": 55.724128568031894, "gravity_education": 71.259054227832479, "gravity_essential_services": 180.23313954664755, "gravity_food_and_drink": 1101.8461893065933, "gravity_healthcare": 114.47410834608007, "gravity_shelter": 12.075543935194579, "avg_gravity": 255.93536065506331, "min_tt_community": 4.0, "min_tt_education": 3.0, "min_tt_essential_services": 2.0, "min_tt_food_and_drink": 1.0, "min_tt_healthcare": 6.0, "min_tt_shelter": 16.0, "avg_tt_community": 37.2, "avg_tt_education": 39.095238095238095, "avg_tt_essential_services": 36.903083700440526, "avg_tt_food_and_drink": 38.741968911917098, "avg_tt_healthcare": 38.956521739130437, "avg_tt_shelter": 34.071428571428569, "avg_tt_all": 37.494706836359121, "n_unreachable_categories": 0, "count_community": 140.0, "count_education": 189.0, "count_essential_services": 454.0, "count_food_and_drink": 2895.0, "count_healthcare": 300.0, "count_shelter": 28.0, "gravity_community_per_100": 0.39354477147504219, "gravity_education_per_100": 0.50325826409976715, "gravity_essential_services_per_100": 1.2728742743552959, "gravity_food_and_drink_per_100": 7.7816525428820089, "gravity_healthcare_per_100": 0.80845924317804796, "gravity_shelter_per_100": 0.085282036714330739, "shannon": 0.97156795045383504, "kl_divergence": 0.014099845122594622, "jsd": 0.061163127896551275, "city_similarity": 0.93883687210344868 }, "geometry": { "type": "Polygon", "coordinates": [ [ [ 9.205999473689197, 45.451051709817243 ], [ 9.199605198869335, 45.451063062477779 ], [ 9.196421589561529, 45.454966219921026 ], [ 9.199632701179434, 45.458858288987038 ], [ 9.206027857010138, 45.458846933257341 ], [ 9.209211020091852, 45.45494351153112 ], [ 9.205999473689197, 45.451051709817243 ] ] ] } },
{ "type": "Feature", "properties": { "from_id": "264", "population": 9680.3206315680291, "gravity_community": 70.607105937826077, "gravity_education": 86.488537288362195, "gravity_essential_services": 230.13985723284938, "gravity_food_and_drink": 1373.1364850715649, "gravity_healthcare": 132.30562914936181, "gravity_shelter": 11.170872391760369, "avg_gravity": 317.3080811786208, "min_tt_community": 2.0, "min_tt_education": 2.0, "min_tt_essential_services": 4.0, "min_tt_food_and_drink": 2.0, "min_tt_healthcare": 4.0, "min_tt_shelter": 2.0, "avg_tt_community": 33.563291139240505, "avg_tt_education": 36.549763033175353, "avg_tt_essential_services": 34.826815642458101, "avg_tt_food_and_drink": 36.933780630105019, "avg_tt_healthcare": 37.708333333333336, "avg_tt_shelter": 39.4, "avg_tt_all": 36.496997296385388, "n_unreachable_categories": 0, "count_community": 158.0, "count_education": 211.0, "count_essential_services": 537.0, "count_food_and_drink": 3428.0, "count_healthcare": 336.0, "count_shelter": 30.0, "gravity_community_per_100": 0.72938809183213038, "gravity_education_per_100": 0.89344703114810664, "gravity_essential_services_per_100": 2.3773991171568363, "gravity_food_and_drink_per_100": 14.184824421968994, "gravity_healthcare_per_100": 1.3667484186206216, "gravity_shelter_per_100": 0.11539775196424354, "shannon": 0.95227511127556663, "kl_divergence": 0.017232819619808548, "jsd": 0.067772983178383928, "city_similarity": 0.93222701682161602 }, "geometry": { "type": "Polygon", "coordinates": [ [ [ 9.196421589561529, 45.454966219921026 ], [ 9.190026868695941, 45.45497703713125 ], [ 9.186842378374491, 45.458879926331576 ], [ 9.190053054846869, 45.462772262714587 ], [ 9.196448656906496, 45.462761442579954 ], [ 9.199632701179434, 45.458858288987038 ], [ 9.196421589561529, 45.454966219921026 ] ] ] } },
{ "type": "Feature", "properties": { "from_id": "265", "population": 3807.8213771963374, "gravity_community": 48.616718379772131, "gravity_education": 64.77563474063372, "gravity_essential_services": 171.72006402668626, "gravity_food_and_drink": 974.32392350172847, "gravity_healthcare": 103.94488176355109, "gravity_shelter": 12.993657498975708, "avg_gravity": 229.39581331855788, "min_tt_community": 10.0, "min_tt_education": 6.0, "min_tt_essential_services": 7.0, "min_tt_food_and_drink": 3.0, "min_tt_healthcare": 1.0, "min_tt_shelter": 7.0, "avg_tt_community": 40.097014925373138, "avg_tt_education": 43.2, "avg_tt_essential_services": 39.809421841541756, "avg_tt_food_and_drink": 40.628666914222059, "avg_tt_healthcare": 39.935714285714283, "avg_tt_shelter": 31.714285714285715, "avg_tt_all": 39.230850613522826, "n_unreachable_categories": 0, "count_community": 134.0, "count_education": 191.0, "count_essential_services": 467.0, "count_food_and_drink": 2693.0, "count_healthcare": 280.0, "count_shelter": 28.0, "gravity_community_per_100": 1.2767594265560891, "gravity_education_per_100": 1.7011206231613576, "gravity_essential_services_per_100": 4.5096669989578686, "gravity_food_and_drink_per_100": 25.587437723224138, "gravity_healthcare_per_100": 2.729773050438745, "gravity_shelter_per_100": 0.34123600378920121, "shannon": 0.99828285397599215, "kl_divergence": 0.011554295256504237, "jsd": 0.055263073963972634, "city_similarity": 0.94473692603602732 }, "geometry": { "type": "Polygon", "coordinates": [ [ [ 9.215605729516099, 45.454931620352568 ], [ 9.209211020091852, 45.45494351153112 ], [ 9.206027857010138, 45.458846933257341 ], [ 9.209239849819264, 45.462738728050887 ], [ 9.215635440431795, 45.46272683365757 ], [ 9.218818156926647, 45.458823147685841 ], [ 9.215605729516099, 45.454931620352568 ] ] ] } },
{ "type": "Feature", "properties": { "from_id": "266", "population": 10226.001850993871, "gravity_community": 64.811128472909914, "gravity_education": 82.335104555694528, "gravity_essential_services": 224.72376505017505, "gravity_food_and_drink": 1300.6346276563825, "gravity_healthcare": 126.59774401594611, "gravity_shelter": 11.975463401541319, "avg_gravity": 301.84630552544155, "min_tt_community": 4.0, "min_tt_education": 2.0, "min_tt_essential_services": 2.0, "min_tt_food_and_drink": 1.0, "min_tt_healthcare": 2.0, "min_tt_shelter": 15.0, "avg_tt_community": 36.101910828025481, "avg_tt_education": 40.822222222222223, "avg_tt_essential_services": 35.372439478584731, "avg_tt_food_and_drink": 38.666373755125953, "avg_tt_healthcare": 38.885542168674696, "avg_tt_shelter": 33.964285714285715, "avg_tt_all": 37.302129027819802, "n_unreachable_categories": 0, "count_community": 157.0, "count_education": 225.0, "count_essential_services": 537.0, "count_food_and_drink": 3414.0, "count_healthcare": 332.0, "count_shelter": 28.0, "gravity_community_per_100": 0.63378756837024119, "gravity_education_per_100": 0.80515440692681217, "gravity_essential_services_per_100": 2.1975721139570692, "gravity_food_and_drink_per_100": 12.718896853416597, "gravity_healthcare_per_100": 1.2379984461242983, "gravity_shelter_per_100": 0.11710797216780688, "shannon": 0.95676460117979878, "kl_divergence": 0.01603661858476442, "jsd": 0.065329400266821283, "city_similarity": 0.93467059973317868 }, "geometry": { "type": "Polygon", "coordinates": [ [ [ 9.206027857010138, 45.458846933257341 ], [ 9.199632701179434, 45.458858288987038 ], [ 9.196448656906496, 45.462761442579954 ], [ 9.19966021475334, 45.466653504798664 ], [ 9.206056251955706, 45.466642145998946 ], [ 9.209239849819264, 45.462738728050887 ], [ 9.206027857010138, 45.458846933257341 ] ] ] } },
{ "type": "Feature", "properties": { "from_id": "267", "population": 5538.1774951893876, "gravity_community": 55.395528049652775, "gravity_education": 71.675431383904609, "gravity_essential_services": 201.24721773771853, "gravity_food_and_drink": 1165.300022699487, "gravity_healthcare": 116.30323927567669, "gravity_shelter": 13.966725841161669, "avg_gravity": 270.64802749793358, "min_tt_community": 9.0, "min_tt_education": 8.0, "min_tt_essential_services": 3.0, "min_tt_food_and_drink": 1.0, "min_tt_healthcare": 3.0, "min_tt_shelter": 6.0, "avg_tt_community": 39.80263157894737, "avg_tt_education": 41.482926829268294, "avg_tt_essential_services": 37.691119691119688, "avg_tt_food_and_drink": 39.461881977671453, "avg_tt_healthcare": 38.328903654485053, "avg_tt_shelter": 34.21875, "avg_tt_all": 38.497702288581976, "n_unreachable_categories": 0, "count_community": 152.0, "count_education": 205.0, "count_essential_services": 518.0, "count_food_and_drink": 3135.0, "count_healthcare": 301.0, "count_shelter": 32.0, "gravity_community_per_100": 1.0002483325565286, "gravity_education_per_100": 1.2942061074453437, "gravity_essential_services_per_100": 3.6338166826998113, "gravity_food_and_drink_per_100": 21.041218410058153, "gravity_healthcare_per_100": 2.1000272991737958, "gravity_shelter_per_100": 0.25218992806376372, "shannon": 0.97152370534316046, "kl_divergence": 0.01460448880744205, "jsd": 0.062154653014983491, "city_similarity": 0.93784534698501654 }, "geometry": { "type": "Polygon", "coordinates": [ [ [ 9.215635440431795, 45.46272683365757 ], [ 9.209239849819264, 45.462738728050887 ], [ 9.206056251955706, 45.466642145998946 ], [ 9.20926869135468, 45.470533933871742 ], [ 9.215665163516404, 45.4705220362628 ], [ 9.218848314609629, 45.466618353997063 ], [ 9.215635440431795, 45.46272683365757 ] ] ] } },
{ "type": "Feature", "properties": { "from_id": "268", "population": 12073.131225440613, "gravity_community": 74.708782292667735, "gravity_education": 90.987662224231272, "gravity_essential_services": 277.50343069684862, "gravity_food_and_drink": 1575.7342844093414, "gravity_healthcare": 141.0964993595851, "gravity_shelter": 9.3408863222785286, "avg_gravity": 361.56192421749211, "min_tt_community": 3.0, "min_tt_education": 2.0, "min_tt_essential_services": 1.0, "min_tt_food_and_drink": 1.0, "min_tt_healthcare": 2.0, "min_tt_shelter": 17.0, "avg_tt_community": 33.470238095238095, "avg_tt_education": 38.094420600858371, "avg_tt_essential_services": 34.0144, "avg_tt_food_and_drink": 37.021799746514574, "avg_tt_healthcare": 38.327913279132794, "avg_tt_shelter": 38.48, "avg_tt_all": 36.568128620290636, "n_unreachable_categories": 0, "count_community": 168.0, "count_education": 234.0, "count_essential_services": 627.0, "count_food_and_drink": 3945.0, "count_healthcare": 369.0, "count_shelter": 25.0, "gravity_community_per_100": 0.61880203981582427, "gravity_education_per_100": 0.75363764813970746, "gravity_essential_services_per_100": 2.298520785660731, "gravity_food_and_drink_per_100": 13.051579204978239, "gravity_healthcare_per_100": 1.1686818997068902, "gravity_shelter_per_100": 0.077369210587186585, "shannon": 0.93120506722930763, "kl_divergence": 0.02152639255950899, "jsd": 0.076249152775545309, "city_similarity": 0.92375084722445466 }, "geometry": { "type": "Polygon", "coordinates": [ [ [ 9.196448656906496, 45.462761442579954 ], [ 9.190053054846869, 45.462772262714587 ], [ 9.186868129199469, 45.466675147992824 ], [ 9.190079251723072, 45.47056747760152 ], [ 9.19647573533765, 45.470556654541674 ], [ 9.19966021475334, 45.466653504798664 ], [ 9.196448656906496, 45.462761442579954 ] ] ] } },
{ "type": "Feature", "properties": { "from_id": "269", "population": 1743.0752398842378, "gravity_community": 45.611739647793804, "gravity_education": 67.95904982237829, "gravity_essential_services": 163.17060261983985, "gravity_food_and_drink": 964.60996044233843, "gravity_healthcare": 104.01524842962759, "gravity_shelter": 13.579082571331774, "avg_gravity": 226.49094725555162, "min_tt_community": 4.0, "min_tt_education": 4.0, "min_tt_essential_services": 3.0, "min_tt_food_and_drink": 1.0, "min_tt_healthcare": 5.0, "min_tt_shelter": 8.0, "avg_tt_community": 43.375, "avg_tt_education": 40.670212765957444, "avg_tt_essential_services": 41.86752136752137, "avg_tt_food_and_drink": 40.713323353293411, "avg_tt_healthcare": 38.772058823529413, "avg_tt_shelter": 37.542857142857144, "avg_tt_all": 40.490162242193129, "n_unreachable_categories": 0, "count_community": 136.0, "count_education": 188.0, "count_essential_services": 468.0, "count_food_and_drink": 2672.0, "count_healthcare": 272.0, "count_shelter": 35.0, "gravity_community_per_100": 2.616739576360628, "gravity_education_per_100": 3.8988018570495919, "gravity_essential_services_per_100": 9.3610762683242772, "gravity_food_and_drink_per_100": 55.339548079771973, "gravity_healthcare_per_100": 5.9673412856541699, "gravity_shelter_per_100": 0.7790302025191751, "shannon": 1.0054728006382585, "kl_divergence": 0.010691820498113798, "jsd": 0.052952784627678481, "city_similarity": 0.9470472153723215 }, "geometry": { "type": "Polygon", "coordinates": [ [ [ 9.22524433982052, 45.466605920796056 ], [ 9.218848314609629, 45.466618353997063 ], [ 9.215665163516404, 45.4705220362628 ], [ 9.218878484645085, 45.47441354960808 ], [ 9.225275391582604, 45.474401113045772 ], [ 9.228458095544452, 45.470497166499875 ], [ 9.22524433982052, 45.466605920796056 ] ] ] } },
{ "type": "Feature", "properties": { "from_id": "270", "population": 10415.995049695322, "gravity_community": 64.835392747031065, "gravity_education": 82.944767040665994, "gravity_essential_services": 242.48939396206939, "gravity_food_and_drink": 1411.8018363340486, "gravity_healthcare": 130.69008616280217, "gravity_shelter": 11.400634442925051, "avg_gravity": 324.02701844825702, "min_tt_community": 8.0, "min_tt_education": 5.0, "min_tt_essential_services": 2.0, "min_tt_food_and_drink": 2.0, "min_tt_healthcare": 5.0, "min_tt_shelter": 11.0, "avg_tt_community": 36.370370370370374, "avg_tt_education": 40.373913043478261, "avg_tt_essential_services": 35.412969283276453, "avg_tt_food_and_drink": 37.813819577735124, "avg_tt_healthcare": 38.841498559077813, "avg_tt_shelter": 38.633333333333333, "avg_tt_all": 37.907650694545225, "n_unreachable_categories": 0, "count_community": 162.0, "count_education": 230.0, "count_essential_services": 586.0, "count_food_and_drink": 3647.0, "count_healthcare": 347.0, "count_shelter": 30.0, "gravity_community_per_100": 0.62245990361648218, "gravity_education_per_100": 0.79632110657629585, "gravity_essential_services_per_100": 2.3280482834826466, "gravity_food_and_drink_per_100": 13.554171537124004, "gravity_healthcare_per_100": 1.2547057246021347, "gravity_shelter_per_100": 0.10945314766886848, "shannon": 0.95003601934571102, "kl_divergence": 0.017741061750616564, "jsd": 0.068788384240957484, "city_similarity": 0.93121161575904254 }, "geometry": { "type": "Polygon", "coordinates": [ [ [ 9.206056251955706, 45.466642145998946 ], [ 9.19966021475334, 45.466653504798664 ], [ 9.19647573533765, 45.470556654541674 ], [ 9.199687739596721, 45.474448709912686 ], [ 9.206084658531749, 45.47443734804213 ], [ 9.20926869135468, 45.470533933871742 ], [ 9.206056251955706, 45.466642145998946 ] ] ] } },
{ "type": "Feature", "properties": { "from_id": "271", "population": 5030.4424752023479, "gravity_community": 71.720442438527343, "gravity_education": 87.087222173390188, "gravity_essential_services": 269.71738243240361, "gravity_food_and_drink": 1570.960865682853, "gravity_healthcare": 137.19659545162682, "gravity_shelter": 7.3315368021057914, "avg_gravity": 357.3356741634845, "min_tt_community": 5.0, "min_tt_education": 3.0, "min_tt_essential_services": 2.0, "min_tt_food_and_drink": 2.0, "min_tt_healthcare": 3.0, "min_tt_shelter": 11.0, "avg_tt_community": 36.926136363636367, "avg_tt_education": 39.381974248927037, "avg_tt_essential_services": 34.624213836477985, "avg_tt_food_and_drink": 36.735535074244751, "avg_tt_healthcare": 40.164893617021278, "avg_tt_shelter": 36.555555555555557, "avg_tt_all": 37.398051449310493, "n_unreachable_categories": 0, "count_community": 177.0, "count_education": 233.0, "count_essential_services": 636.0, "count_food_and_drink": 3906.0, "count_healthcare": 376.0, "count_shelter": 18.0, "gravity_community_per_100": 1.4257283090319488, "gravity_education_per_100": 1.7312040163999121, "gravity_essential_services_per_100": 5.3617029468477195, "gravity_food_and_drink_per_100": 31.229079219709426, "gravity_healthcare_per_100": 2.7273265945876486, "gravity_shelter_per_100": 0.1457433782067229, "shannon": 0.93782628700922943, "kl_divergence": 0.021873092108977546, "jsd": 0.077562313316156165, "city_similarity": 0.92243768668384385 }, "geometry": { "type": "Polygon", "coordinates": [ [ [ 9.19647573533765, 45.470556654541674 ], [ 9.190079251723072, 45.47056747760152 ], [ 9.186893890571914, 45.474470358958079 ], [ 9.190105459329944, 45.478362681792113 ], [ 9.196502824860566, 45.478351855806245 ], [ 9.199687739596721, 45.474448709912686 ], [ 9.19647573533765, 45.470556654541674 ] ] ] } },
{ "type": "Feature", "properties": { "from_id": "272", "population": 5059.5896118633937, "gravity_community": 55.812803194300848, "gravity_education": 76.113726392957261, "gravity_essential_services": 207.93771586606843, "gravity_food_and_drink": 1270.8038225027758, "gravity_healthcare": 123.12301541149795, "gravity_shelter": 12.286157762802697, "avg_gravity": 291.01287352173387, "min_tt_community": 9.0, "min_tt_education": 6.0, "min_tt_essential_services": 1.0, "min_tt_food_and_drink": 2.0, "min_tt_healthcare": 3.0, "min_tt_shelter": 17.0, "avg_tt_community": 40.993670886075947, "avg_tt_education": 40.943925233644862, "avg_tt_essential_services": 38.075925925925922, "avg_tt_food_and_drink": 37.750077041602466, "avg_tt_healthcare": 38.59375, "avg_tt_shelter": 38.15625, "avg_tt_all": 39.085599847874867, "n_unreachable_categories": 0, "count_community": 158.0, "count_education": 214.0, "count_essential_services": 540.0, "count_food_and_drink": 3245.0, "count_healthcare": 320.0, "count_shelter": 32.0, "gravity_community_per_100": 1.1031092929638928, "gravity_education_per_100": 1.5043458507877949, "gravity_essential_services_per_100": 4.1097743457000888, "gravity_food_and_drink_per_100": 25.116737126724235, "gravity_healthcare_per_100": 2.4334585382736811, "gravity_shelter_per_100": 0.24282913645792378, "shannon": 0.97585603389185505, "kl_divergence": 0.01418556212611621, "jsd": 0.061322952976437368, "city_similarity": 0.93867704702356258 }, "geometry": { "type": "Polygon", "coordinates": [ [ [ 9.215665163516404, 45.4705220362628 ], [ 9.20926869135468, 45.470533933871742 ], [ 9.206084658531749, 45.47443734804213 ], [ 9.209297544704043, 45.478329128993771 ], [ 9.215694898776048, 45.478317228168315 ], [ 9.218878484645085, 45.47441354960808 ], [ 9.215665163516404, 45.4705220362628 ] ] ] } },
{ "type": "Feature", "properties": { "from_id": "273", "population": 13946.32042627645, "gravity_community": 12.689153739220995, "gravity_education": 30.84978115922787, "gravity_essential_services": 40.878951138336632, "gravity_food_and_drink": 222.60587441097275, "gravity_healthcare": 36.730956455365799, "gravity_shelter": 12.54421584714752, "avg_gravity": 59.383155458378603, "min_tt_community": 4.0, "min_tt_education": 7.0, "min_tt_essential_services": 3.0, "min_tt_food_and_drink": 4.0, "min_tt_healthcare": 6.0, "min_tt_shelter": 15.0, "avg_tt_community": 44.615384615384613, "avg_tt_education": 43.295454545454547, "avg_tt_essential_services": 45.34375, "avg_tt_food_and_drink": 47.11898395721925, "avg_tt_healthcare": 44.160714285714285, "avg_tt_shelter": 41.837837837837839, "avg_tt_all": 44.395354206935089, "n_unreachable_categories": 0, "count_community": 39.0, "count_education": 89.0, "count_essential_services": 128.0, "count_food_and_drink": 748.0, "count_healthcare": 112.0, "count_shelter": 37.0, "gravity_community_per_100": 0.090985674725450813, "gravity_education_per_100": 0.22120373128028367, "gravity_essential_services_per_100": 0.2931163911974663, "gravity_food_and_drink_per_100": 1.5961620528347966, "gravity_healthcare_per_100": 0.26337381712641927, "gravity_shelter_per_100": 0.08994641929718461, "shannon": 1.1738686800244758, "kl_divergence": 0.010451705541044758, "jsd": 0.048751086587411861, "city_similarity": 0.9512489134125881 }, "geometry": { "type": "Polygon", "coordinates": [ [ [ 9.244365037069473, 45.450976077118405 ], [ 9.237970787290351, 45.450989577414617 ], [ 9.234789832982289, 45.454893798889628 ], [ 9.238003575635075, 45.458784784057364 ], [ 9.244398706412445, 45.458771280111385 ], [ 9.247579213418541, 45.454866794647842 ], [ 9.244365037069473, 45.450976077118405 ] ] ] } },
{ "type": "Feature", "properties": { "from_id": "274", "population": 3997.7582448825624, "gravity_community": 25.302607308664435, "gravity_education": 42.152764752957978, "gravity_essential_services": 75.275773503442721, "gravity_food_and_drink": 468.64532973799049, "gravity_healthcare": 62.801974525665351, "gravity_shelter": 12.299638882835822, "avg_gravity": 114.41301478525946, "min_tt_community": 8.0, "min_tt_education": 13.0, "min_tt_essential_services": 8.0, "min_tt_food_and_drink": 7.0, "min_tt_healthcare": 8.0, "min_tt_shelter": 13.0, "avg_tt_community": 44.987012987012989, "avg_tt_education": 43.4140625, "avg_tt_essential_services": 44.269230769230766, "avg_tt_food_and_drink": 45.448, "avg_tt_healthcare": 43.0, "avg_tt_shelter": 42.083333333333336, "avg_tt_all": 43.866939931596185, "n_unreachable_categories": 0, "count_community": 78.0, "count_education": 128.0, "count_essential_services": 234.0, "count_food_and_drink": 1500.0, "count_healthcare": 187.0, "count_shelter": 36.0, "gravity_community_per_100": 0.63291989557031658, "gravity_education_per_100": 1.0544100511059356, "gravity_essential_services_per_100": 1.8829496155702132, "gravity_food_and_drink_per_100": 11.722703100866404, "gravity_healthcare_per_100": 1.5709297731061327, "gravity_shelter_per_100": 0.30766339857044395, "shannon": 1.0613675262670494, "kl_divergence": 0.0046015702002428858, "jsd": 0.03442776197351325, "city_similarity": 0.96557223802648673 }, "geometry": { "type": "Polygon", "coordinates": [ [ [ 9.234789832982289, 45.454893798889628 ], [ 9.228395136081561, 45.454906764031207 ], [ 9.225213300771903, 45.458810717845232 ], [ 9.228426609367643, 45.462701970616351 ], [ 9.234822187450357, 45.462689001969665 ], [ 9.238003575635075, 45.458784784057364 ], [ 9.234789832982289, 45.454893798889628 ] ] ] } },
{ "type": "Feature", "properties": { "from_id": "275", "population": 3266.543903614157, "gravity_community": 40.238491948802071, "gravity_education": 58.603402331349642, "gravity_essential_services": 145.76185408878493, "gravity_food_and_drink": 823.38226637826403, "gravity_healthcare": 94.774747860818238, "gravity_shelter": 13.957417836315889, "avg_gravity": 196.11969674072247, "min_tt_community": 5.0, "min_tt_education": 6.0, "min_tt_essential_services": 8.0, "min_tt_food_and_drink": 4.0, "min_tt_healthcare": 3.0, "min_tt_shelter": 11.0, "avg_tt_community": 42.152542372881356, "avg_tt_education": 41.841176470588238, "avg_tt_essential_services": 42.782407407407405, "avg_tt_food_and_drink": 42.088050314465406, "avg_tt_healthcare": 39.446640316205531, "avg_tt_shelter": 35.121212121212125, "avg_tt_all": 40.572004833793343, "n_unreachable_categories": 0, "count_community": 118.0, "count_education": 170.0, "count_essential_services": 432.0, "count_food_and_drink": 2386.0, "count_healthcare": 253.0, "count_shelter": 33.0, "gravity_community_per_100": 1.2318368629388863, "gravity_education_per_100": 1.794049125331207, "gravity_essential_services_per_100": 4.4622652684236588, "gravity_food_and_drink_per_100": 25.20652685755304, "gravity_healthcare_per_100": 2.9013768269257891, "gravity_shelter_per_100": 0.42728395050417589, "shannon": 1.0154568138824656, "kl_divergence": 0.010295781541306214, "jsd": 0.051950636556260553, "city_similarity": 0.94804936344373947 }, "geometry": { "type": "Polygon", "coordinates": [ [ [ 9.225213300771903, 45.458810717845232 ], [ 9.218818156926647, 45.458823147685841 ], [ 9.215635440431795, 45.46272683365757 ], [ 9.218848314609629, 45.466618353997063 ], [ 9.22524433982052, 45.466605920796056 ], [ 9.228426609367643, 45.462701970616351 ], [ 9.225213300771903, 45.458810717845232 ] ] ] } },
{ "type": "Feature", "properties": { "from_id": "276", "population": 8866.9322915652356, "gravity_community": 15.936932671431272, "gravity_education": 33.871827993475542, "gravity_essential_services": 50.285593531062567, "gravity_food_and_drink": 275.1195821404504, "gravity_healthcare": 42.690565513560685, "gravity_shelter": 11.930710969779799, "avg_gravity": 71.639202136626707, "min_tt_community": 13.0, "min_tt_education": 8.0, "min_tt_essential_services": 8.0, "min_tt_food_and_drink": 6.0, "min_tt_healthcare": 6.0, "min_tt_shelter": 21.0, "avg_tt_community": 44.244897959183675, "avg_tt_education": 41.178947368421049, "avg_tt_essential_services": 45.773584905660378, "avg_tt_food_and_drink": 46.098888888888887, "avg_tt_healthcare": 44.12977099236641, "avg_tt_shelter": 44.5, "avg_tt_all": 44.321015019086737, "n_unreachable_categories": 0, "count_community": 49.0, "count_education": 95.0, "count_essential_services": 160.0, "count_food_and_drink": 900.0, "count_healthcare": 131.0, "count_shelter": 38.0, "gravity_community_per_100": 0.17973445772887484, "gravity_education_per_100": 0.38200165378161827, "gravity_essential_services_per_100": 0.56711376468834973, "gravity_food_and_drink_per_100": 3.1027594786323212, "gravity_healthcare_per_100": 0.4814581200103506, "gravity_shelter_per_100": 0.13455285974303668, "shannon": 1.1545569607723738, "kl_divergence": 0.0068356239260274863, "jsd": 0.040001998197983231, "city_similarity": 0.95999800180201678 }, "geometry": { "type": "Polygon", "coordinates": [ [ [ 9.244398706412445, 45.458771280111385 ], [ 9.238003575635075, 45.458784784057364 ], [ 9.234822187450357, 45.462689001969665 ], [ 9.2380363774085, 45.466579979997022 ], [ 9.244432389544929, 45.466566472400288 ], [ 9.247613330243853, 45.462661990427357 ], [ 9.244398706412445, 45.458771280111385 ] ] ] } },
{ "type": "Feature", "properties": { "from_id": "277", "population": 3093.1049666758408, "gravity_community": 10.339883481143714, "gravity_education": 23.122185768477372, "gravity_essential_services": 23.864787367352353, "gravity_food_and_drink": 127.79412374979998, "gravity_healthcare": 21.667864205644168, "gravity_shelter": 7.3375907372105598, "avg_gravity": 35.687739218271361, "min_tt_community": 25.0, "min_tt_education": 19.0, "min_tt_essential_services": 21.0, "min_tt_food_and_drink": 15.0, "min_tt_healthcare": 18.0, "min_tt_shelter": 22.0, "avg_tt_community": 46.088235294117645, "avg_tt_education": 43.972222222222221, "avg_tt_essential_services": 48.036144578313255, "avg_tt_food_and_drink": 47.75, "avg_tt_healthcare": 46.61643835616438, "avg_tt_shelter": 44.782608695652172, "avg_tt_all": 46.207608191078286, "n_unreachable_categories": 0, "count_community": 34.0, "count_education": 72.0, "count_essential_services": 83.0, "count_food_and_drink": 441.0, "count_healthcare": 73.0, "count_shelter": 23.0, "gravity_community_per_100": 0.33428815357197472, "gravity_education_per_100": 0.74753964115633553, "gravity_essential_services_per_100": 0.77154793078360462, "gravity_food_and_drink_per_100": 4.1315805679604942, "gravity_healthcare_per_100": 0.70052146432426499, "gravity_shelter_per_100": 0.23722411027958962, "shannon": 1.2636262069321724, "kl_divergence": 0.013864196474363447, "jsd": 0.056522828893365483, "city_similarity": 0.94347717110663454 }, "geometry": { "type": "Polygon", "coordinates": [ [ [ 9.254008894714037, 45.462647947533064 ], [ 9.247613330243853, 45.462661990427357 ], [ 9.244432389544929, 45.466566472400288 ], [ 9.247647461042597, 45.470457175502283 ], [ 9.254043907048821, 45.470443128811532 ], [ 9.257224399901004, 45.466538382815671 ], [ 9.254008894714037, 45.462647947533064 ] ] ] } },
{ "type": "Feature", "properties": { "from_id": "278", "population": 149.19603958573833, "gravity_community": 30.847229792173842, "gravity_education": 52.969942966722634, "gravity_essential_services": 101.09725278015581, "gravity_food_and_drink": 612.17339344628078, "gravity_healthcare": 76.677042215669132, "gravity_shelter": 14.406426131279868, "avg_gravity": 148.02854788871369, "min_tt_community": 6.0, "min_tt_education": 7.0, "min_tt_essential_services": 3.0, "min_tt_food_and_drink": 2.0, "min_tt_healthcare": 2.0, "min_tt_shelter": 9.0, "avg_tt_community": 43.285714285714285, "avg_tt_education": 40.02097902097902, "avg_tt_essential_services": 43.807189542483663, "avg_tt_food_and_drink": 43.737012987012989, "avg_tt_healthcare": 40.097087378640779, "avg_tt_shelter": 40.128205128205131, "avg_tt_all": 41.846031390505978, "n_unreachable_categories": 0, "count_community": 91.0, "count_education": 143.0, "count_essential_services": 306.0, "count_food_and_drink": 1849.0, "count_healthcare": 207.0, "count_shelter": 39.0, "gravity_community_per_100": 20.675635813004874, "gravity_education_per_100": 35.503585158024556, "gravity_essential_services_per_100": 67.761351481490479, "gravity_food_and_drink_per_100": 410.31477453829046, "gravity_healthcare_per_100": 51.393483653167095, "gravity_shelter_per_100": 9.6560379024008487, "shannon": 1.0351728981129948, "kl_divergence": 0.0067319858462178061, "jsd": 0.041864917866745753, "city_similarity": 0.95813508213325427 }, "geometry": { "type": "Polygon", "coordinates": [ [ [ 9.234822187450357, 45.462689001969665 ], [ 9.228426609367643, 45.462701970616351 ], [ 9.22524433982052, 45.466605920796056 ], [ 9.228458095544452, 45.470497166499875 ], [ 9.234854555170054, 45.470484194347137 ], [ 9.2380363774085, 45.466579979997022 ], [ 9.234822187450357, 45.462689001969665 ] ] ] } },
{ "type": "Feature", "properties": { "from_id": "279", "population": 14681.61779376121, "gravity_community": 20.633916839339747, "gravity_education": 42.447551864199802, "gravity_essential_services": 60.007717781343089, "gravity_food_and_drink": 385.45079230701651, "gravity_healthcare": 53.889339901100129, "gravity_shelter": 11.159538001216358, "avg_gravity": 95.598142782369266, "min_tt_community": 1.0, "min_tt_education": 5.0, "min_tt_essential_services": 2.0, "min_tt_food_and_drink": 1.0, "min_tt_healthcare": 7.0, "min_tt_shelter": 1.0, "avg_tt_community": 40.145454545454548, "avg_tt_education": 38.636363636363633, "avg_tt_essential_services": 44.378378378378379, "avg_tt_food_and_drink": 44.782284768211923, "avg_tt_healthcare": 42.425806451612907, "avg_tt_shelter": 33.25, "avg_tt_all": 40.603047963336898, "n_unreachable_categories": 0, "count_community": 55.0, "count_education": 110.0, "count_essential_services": 185.0, "count_food_and_drink": 1208.0, "count_healthcare": 156.0, "count_shelter": 24.0, "gravity_community_per_100": 0.14054252827714872, "gravity_education_per_100": 0.28912039844980447, "gravity_essential_services_per_100": 0.4087268761814703, "gravity_food_and_drink_per_100": 2.6253972669879033, "gravity_healthcare_per_100": 0.36705314535568284, "gravity_shelter_per_100": 0.076010274603105929, "shannon": 1.0507594394890152, "kl_divergence": 0.0052837089693912563, "jsd": 0.036992583963280604, "city_similarity": 0.96300741603671935 }, "geometry": { "type": "Polygon", "coordinates": [ [ [ 9.244432389544929, 45.466566472400288 ], [ 9.2380363774085, 45.466579979997022 ], [ 9.234854555170054, 45.470484194347137 ], [ 9.238069192617386, 45.474375165233674 ], [ 9.244466086473865, 45.474361653985156 ], [ 9.247647461042597, 45.470457175502283 ], [ 9.244432389544929, 45.466566472400288 ] ] ] } },
{ "type": "Feature", "properties": { "from_id": "280", "population": 2907.9511585032583, "gravity_community": 13.057960131152431, "gravity_education": 27.256273636073178, "gravity_essential_services": 26.810193426854589, "gravity_food_and_drink": 177.80194005093645, "gravity_healthcare": 28.125061046423756, "gravity_shelter": 7.4794819445351166, "avg_gravity": 46.755151705995921, "min_tt_community": 7.0, "min_tt_education": 5.0, "min_tt_essential_services": 8.0, "min_tt_food_and_drink": 5.0, "min_tt_healthcare": 11.0, "min_tt_shelter": 13.0, "avg_tt_community": 43.282051282051285, "avg_tt_education": 42.35, "avg_tt_essential_services": 45.395348837209305, "avg_tt_food_and_drink": 46.238421955403091, "avg_tt_healthcare": 45.769230769230766, "avg_tt_shelter": 34.470588235294116, "avg_tt_all": 42.91760684653142, "n_unreachable_categories": 0, "count_community": 39.0, "count_education": 80.0, "count_essential_services": 86.0, "count_food_and_drink": 584.0, "count_healthcare": 91.0, "count_shelter": 17.0, "gravity_community_per_100": 0.44904330985646435, "gravity_education_per_100": 0.93730163095662733, "gravity_essential_services_per_100": 0.92196161371066399, "gravity_food_and_drink_per_100": 6.1143372209336651, "gravity_healthcare_per_100": 0.96717790339023135, "gravity_shelter_per_100": 0.2572079631621067, "shannon": 1.1633926317413179, "kl_divergence": 0.0050925186924675632, "jsd": 0.035555024466069306, "city_similarity": 0.96444497553393072 }, "geometry": { "type": "Polygon", "coordinates": [ [ [ 9.254043907048821, 45.470443128811532 ], [ 9.247647461042597, 45.470457175502283 ], [ 9.244466086473865, 45.474361653985156 ], [ 9.247681605821803, 45.47825234987274 ], [ 9.254078933725145, 45.478238299384458 ], [ 9.257259860263037, 45.474333556806563 ], [ 9.254043907048821, 45.470443128811532 ] ] ] } },
{ "type": "Feature", "properties": { "from_id": "281", "population": 1868.7372136333315, "gravity_community": 31.47266619027145, "gravity_education": 61.520481889500438, "gravity_essential_services": 105.92975252927927, "gravity_food_and_drink": 669.50090836977427, "gravity_healthcare": 79.895521020299071, "gravity_shelter": 10.643626690996726, "avg_gravity": 159.82715944835354, "min_tt_community": 7.0, "min_tt_education": 3.0, "min_tt_essential_services": 7.0, "min_tt_food_and_drink": 1.0, "min_tt_healthcare": 1.0, "min_tt_shelter": 7.0, "avg_tt_community": 41.273809523809526, "avg_tt_education": 37.922077922077925, "avg_tt_essential_services": 42.003300330033007, "avg_tt_food_and_drink": 40.050218340611352, "avg_tt_healthcare": 37.814634146341461, "avg_tt_shelter": 35.653846153846153, "avg_tt_all": 39.119647736119909, "n_unreachable_categories": 0, "count_community": 85.0, "count_education": 154.0, "count_essential_services": 304.0, "count_food_and_drink": 1832.0, "count_healthcare": 205.0, "count_shelter": 26.0, "gravity_community_per_100": 1.6841675737317854, "gravity_education_per_100": 3.2920884456454926, "gravity_essential_services_per_100": 5.668520525864797, "gravity_food_and_drink_per_100": 35.82638069630363, "gravity_healthcare_per_100": 4.2753748594196681, "gravity_shelter_per_100": 0.56956251597851104, "shannon": 1.0231559300558468, "kl_divergence": 0.006805271564526017, "jsd": 0.042043407040373321, "city_similarity": 0.95795659295962665 }, "geometry": { "type": "Polygon", "coordinates": [ [ [ 9.234854555170054, 45.470484194347137 ], [ 9.228458095544452, 45.470497166499875 ], [ 9.225275391582604, 45.474401113045772 ], [ 9.228489594618473, 45.478292351681858 ], [ 9.234886936148046, 45.478279376022101 ], [ 9.238069192617386, 45.474375165233674 ], [ 9.234854555170054, 45.470484194347137 ] ] ] } },
{ "type": "Feature", "properties": { "from_id": "282", "population": 6632.1965961435708, "gravity_community": 21.98657273811175, "gravity_education": 44.942122736021588, "gravity_essential_services": 51.945366421095393, "gravity_food_and_drink": 365.03051719554617, "gravity_healthcare": 50.761903601732193, "gravity_shelter": 10.670640502007712, "avg_gravity": 90.889520532419127, "min_tt_community": 4.0, "min_tt_education": 8.0, "min_tt_essential_services": 7.0, "min_tt_food_and_drink": 5.0, "min_tt_healthcare": 8.0, "min_tt_shelter": 3.0, "avg_tt_community": 40.45, "avg_tt_education": 40.0, "avg_tt_essential_services": 42.543624161073822, "avg_tt_food_and_drink": 43.52316076294278, "avg_tt_healthcare": 42.197278911564624, "avg_tt_shelter": 34.875, "avg_tt_all": 40.5981773059302, "n_unreachable_categories": 0, "count_community": 60.0, "count_education": 123.0, "count_essential_services": 150.0, "count_food_and_drink": 1101.0, "count_healthcare": 147.0, "count_shelter": 24.0, "gravity_community_per_100": 0.33151268089513963, "gravity_education_per_100": 0.67763556288657256, "gravity_essential_services_per_100": 0.78323019633193791, "gravity_food_and_drink_per_100": 5.5039158128665964, "gravity_healthcare_per_100": 0.76538599038588162, "gravity_shelter_per_100": 0.16089149872626482, "shannon": 1.0815662325739819, "kl_divergence": 0.0039709448822312964, "jsd": 0.031922649046667841, "city_similarity": 0.96807735095333214 }, "geometry": { "type": "Polygon", "coordinates": [ [ [ 9.244466086473865, 45.474361653985156 ], [ 9.238069192617386, 45.474375165233674 ], [ 9.234886936148046, 45.478279376022101 ], [ 9.238102021268491, 45.48217033976735 ], [ 9.244499797206192, 45.482156824866074 ], [ 9.247681605821803, 45.47825234987274 ], [ 9.244466086473865, 45.474361653985156 ] ] ] } },
{ "type": "Feature", "properties": { "from_id": "283", "population": 1986.1241954621262, "gravity_community": 45.699086921071064, "gravity_education": 74.83659414145913, "gravity_essential_services": 142.08886549691627, "gravity_food_and_drink": 858.03556057119079, "gravity_healthcare": 106.59286186113384, "gravity_shelter": 3.6490382190371289, "avg_gravity": 205.15033453513468, "min_tt_community": 8.0, "min_tt_education": 10.0, "min_tt_essential_services": 3.0, "min_tt_food_and_drink": 1.0, "min_tt_healthcare": 2.0, "min_tt_shelter": 19.0, "avg_tt_community": 41.395348837209305, "avg_tt_education": 40.555555555555557, "avg_tt_essential_services": 40.468421052631577, "avg_tt_food_and_drink": 40.131421232876711, "avg_tt_healthcare": 38.02952029520295, "avg_tt_shelter": 39.3, "avg_tt_all": 39.980044495579357, "n_unreachable_categories": 0, "count_community": 129.0, "count_education": 207.0, "count_essential_services": 383.0, "count_food_and_drink": 2336.0, "count_healthcare": 272.0, "count_shelter": 10.0, "gravity_community_per_100": 2.3009178894997513, "gravity_education_per_100": 3.7679715252673986, "gravity_essential_services_per_100": 7.15407756582188, "gravity_food_and_drink_per_100": 43.201505854045813, "gravity_healthcare_per_100": 5.3668779678872038, "gravity_shelter_per_100": 0.18372658806405004, "shannon": 1.0180830004708514, "kl_divergence": 0.010387442462249928, "jsd": 0.05472008196798419, "city_similarity": 0.94527991803201583 }, "geometry": { "type": "Polygon", "coordinates": [ [ [ 9.158053213173483, 45.455025753314203 ], [ 9.151658472671802, 45.455034422573796 ], [ 9.148471329471143, 45.458936245409092 ], [ 9.151679371622867, 45.462829663671243 ], [ 9.158074993328464, 45.462820992067918 ], [ 9.161261691558146, 45.458918904546451 ], [ 9.158053213173483, 45.455025753314203 ] ] ] } },
{ "type": "Feature", "properties": { "from_id": "284", "population": 12934.936451763708, "gravity_community": 74.166765983681231, "gravity_education": 92.581433331125382, "gravity_essential_services": 258.87318412148107, "gravity_food_and_drink": 1540.173664281434, "gravity_healthcare": 141.72613353996297, "gravity_shelter": 9.069391738574188, "avg_gravity": 352.76509549937646, "min_tt_community": 1.0, "min_tt_education": 3.0, "min_tt_essential_services": 2.0, "min_tt_food_and_drink": 1.0, "min_tt_healthcare": 4.0, "min_tt_shelter": 17.0, "avg_tt_community": 34.017751479289942, "avg_tt_education": 37.086580086580085, "avg_tt_essential_services": 34.658249158249156, "avg_tt_food_and_drink": 36.94898764133579, "avg_tt_healthcare": 37.492957746478872, "avg_tt_shelter": 43.571428571428569, "avg_tt_all": 37.295992447227071, "n_unreachable_categories": 0, "count_community": 169.0, "count_education": 231.0, "count_essential_services": 594.0, "count_food_and_drink": 3807.0, "count_healthcare": 356.0, "count_shelter": 28.0, "gravity_community_per_100": 0.57338330389376146, "gravity_education_per_100": 0.71574710611354952, "gravity_essential_services_per_100": 2.0013487123563189, "gravity_food_and_drink_per_100": 11.907083347683766, "gravity_healthcare_per_100": 1.0956848073315297, "gravity_shelter_per_100": 0.070115471942172214, "shannon": 0.93734101227145983, "kl_divergence": 0.019667586088100424, "jsd": 0.072585600067596331, "city_similarity": 0.92741439993240371 }, "geometry": { "type": "Polygon", "coordinates": [ [ [ 9.186842378374491, 45.458879926331576 ], [ 9.180447211640802, 45.458890207945309 ], [ 9.177261840122647, 45.462792828721398 ], [ 9.180472081088633, 45.466685432386193 ], [ 9.186868129199469, 45.466675147992824 ], [ 9.190053054846869, 45.462772262714587 ], [ 9.186842378374491, 45.458879926331576 ] ] ] } },
{ "type": "Feature", "properties": { "from_id": "285", "population": 5240.2153121712254, "gravity_community": 58.533305901333435, "gravity_education": 85.000794513841157, "gravity_essential_services": 187.23848667727518, "gravity_food_and_drink": 1101.7447514622245, "gravity_healthcare": 121.88655461268166, "gravity_shelter": 4.0243480489211994, "avg_gravity": 259.73804020271285, "min_tt_community": 4.0, "min_tt_education": 3.0, "min_tt_essential_services": 4.0, "min_tt_food_and_drink": 2.0, "min_tt_healthcare": 3.0, "min_tt_shelter": 15.0, "avg_tt_community": 40.543209876543209, "avg_tt_education": 40.349137931034484, "avg_tt_essential_services": 37.883817427385893, "avg_tt_food_and_drink": 37.741946778711487, "avg_tt_healthcare": 36.78, "avg_tt_shelter": 42.666666666666664, "avg_tt_all": 39.327463113390287, "n_unreachable_categories": 0, "count_community": 162.0, "count_education": 232.0, "count_essential_services": 483.0, "count_food_and_drink": 2856.0, "count_healthcare": 300.0, "count_shelter": 12.0, "gravity_community_per_100": 1.1170019248136736, "gravity_education_per_100": 1.6220859153709473, "gravity_essential_services_per_100": 3.5731067431978283, "gravity_food_and_drink_per_100": 21.02479928454941, "gravity_healthcare_per_100": 2.3259837115772886, "gravity_shelter_per_100": 0.07679737967205312, "shannon": 1.0025337951773516, "kl_divergence": 0.01241065877774198, "jsd": 0.059360871215975018, "city_similarity": 0.940639128784025 }, "geometry": { "type": "Polygon", "coordinates": [ [ [ 9.167656868112354, 45.458909697053244 ], [ 9.161261691558146, 45.458918904546451 ], [ 9.158074993328464, 45.462820992067918 ], [ 9.161283916864534, 45.466714136745438 ], [ 9.16767997480083, 45.466704926762986 ], [ 9.17086622769866, 45.462802574592537 ], [ 9.167656868112354, 45.458909697053244 ] ] ] } },
{ "type": "Feature", "properties": { "from_id": "286", "population": 9049.1506519350824, "gravity_community": 66.105081533541693, "gravity_education": 86.429520450317852, "gravity_essential_services": 238.44409182880435, "gravity_food_and_drink": 1356.9093999272386, "gravity_healthcare": 130.31704743044327, "gravity_shelter": 5.8616083539136117, "avg_gravity": 314.01112492070996, "min_tt_community": 6.0, "min_tt_education": 7.0, "min_tt_essential_services": 2.0, "min_tt_food_and_drink": 1.0, "min_tt_healthcare": 4.0, "min_tt_shelter": 12.0, "avg_tt_community": 37.633136094674555, "avg_tt_education": 38.676991150442475, "avg_tt_essential_services": 36.015570934256054, "avg_tt_food_and_drink": 38.483689538807646, "avg_tt_healthcare": 37.643504531722051, "avg_tt_shelter": 48.0, "avg_tt_all": 39.408815374983796, "n_unreachable_categories": 0, "count_community": 169.0, "count_education": 226.0, "count_essential_services": 578.0, "count_food_and_drink": 3556.0, "count_healthcare": 331.0, "count_shelter": 20.0, "gravity_community_per_100": 0.73051144882205821, "gravity_education_per_100": 0.95511196326293502, "gravity_essential_services_per_100": 2.6349886414789121, "gravity_food_and_drink_per_100": 14.994881311176705, "gravity_healthcare_per_100": 1.4401025294299425, "gravity_shelter_per_100": 0.064775232277298395, "shannon": 0.94710299296663225, "kl_divergence": 0.019216820630690232, "jsd": 0.072248459212713362, "city_similarity": 0.92775154078728661 }, "geometry": { "type": "Polygon", "coordinates": [ [ [ 9.177261840122647, 45.462792828721398 ], [ 9.17086622769866, 45.462802574592537 ], [ 9.16767997480083, 45.466704926762986 ], [ 9.17088977989946, 45.470597797674287 ], [ 9.177286273883611, 45.470588049168349 ], [ 9.180472081088633, 45.466685432386193 ], [ 9.177261840122647, 45.462792828721398 ] ] ] } },
{ "type": "Feature", "properties": { "from_id": "287", "population": 5857.7898943321343, "gravity_community": 71.8742026178912, "gravity_education": 87.887788806941288, "gravity_essential_services": 274.69550642875737, "gravity_food_and_drink": 1578.0836916304202, "gravity_healthcare": 137.45854041314672, "gravity_shelter": 6.2477818809930517, "avg_gravity": 359.37458529635825, "min_tt_community": 4.0, "min_tt_education": 8.0, "min_tt_essential_services": 1.0, "min_tt_food_and_drink": 1.0, "min_tt_healthcare": 1.0, "min_tt_shelter": 24.0, "avg_tt_community": 34.511904761904759, "avg_tt_education": 37.479820627802688, "avg_tt_essential_services": 34.422955974842765, "avg_tt_food_and_drink": 36.627461007414986, "avg_tt_healthcare": 38.584487534626042, "avg_tt_shelter": 41.222222222222221, "avg_tt_all": 37.141475354802246, "n_unreachable_categories": 0, "count_community": 168.0, "count_education": 224.0, "count_essential_services": 637.0, "count_food_and_drink": 3911.0, "count_healthcare": 361.0, "count_shelter": 18.0, "gravity_community_per_100": 1.2269849877585242, "gravity_education_per_100": 1.5003574793964449, "gravity_essential_services_per_100": 4.6894052430003779, "gravity_food_and_drink_per_100": 26.939916249938197, "gravity_healthcare_per_100": 2.3465939013304062, "gravity_shelter_per_100": 0.10665766430165521, "shannon": 0.9246066302859014, "kl_divergence": 0.024231742469120476, "jsd": 0.081544270330987045, "city_similarity": 0.91845572966901301 }, "geometry": { "type": "Polygon", "coordinates": [ [ [ 9.186868129199469, 45.466675147992824 ], [ 9.180472081088633, 45.466685432386193 ], [ 9.177286273883611, 45.470588049168349 ], [ 9.180496960722925, 45.474480646131838 ], [ 9.186893890571914, 45.474470358958079 ], [ 9.190079251723072, 45.47056747760152 ], [ 9.186868129199469, 45.466675147992824 ] ] ] } },
{ "type": "Feature", "properties": { "from_id": "288", "population": 4284.2161008589128, "gravity_community": 57.860922471019059, "gravity_education": 80.54058352980924, "gravity_essential_services": 204.42977923409359, "gravity_food_and_drink": 1122.0003075650172, "gravity_healthcare": 117.96505211326216, "gravity_shelter": 3.8935379829060848, "avg_gravity": 264.44836381601789, "min_tt_community": 4.0, "min_tt_education": 6.0, "min_tt_essential_services": 4.0, "min_tt_food_and_drink": 1.0, "min_tt_healthcare": 2.0, "min_tt_shelter": 23.0, "avg_tt_community": 41.158536585365852, "avg_tt_education": 40.708520179372201, "avg_tt_essential_services": 37.445297504798468, "avg_tt_food_and_drink": 39.25065789473684, "avg_tt_healthcare": 38.16339869281046, "avg_tt_shelter": 47.53846153846154, "avg_tt_all": 40.710812065924223, "n_unreachable_categories": 0, "count_community": 164.0, "count_education": 223.0, "count_essential_services": 522.0, "count_food_and_drink": 3040.0, "count_healthcare": 306.0, "count_shelter": 13.0, "gravity_community_per_100": 1.3505603150928573, "gravity_education_per_100": 1.8799374642577489, "gravity_essential_services_per_100": 4.771696254843655, "gravity_food_and_drink_per_100": 26.189162291325012, "gravity_healthcare_per_100": 2.7534804346030111, "gravity_shelter_per_100": 0.090880989456285755, "shannon": 0.9847056374531401, "kl_divergence": 0.015194149285370353, "jsd": 0.065187069814910195, "city_similarity": 0.93481293018508982 }, "geometry": { "type": "Polygon", "coordinates": [ [ [ 9.16767997480083, 45.466704926762986 ], [ 9.161283916864534, 45.466714136745438 ], [ 9.158096782404142, 45.470616220128825 ], [ 9.161306151274365, 45.474509358251304 ], [ 9.167703090953754, 45.474500145778926 ], [ 9.17088977989946, 45.470597797674287 ], [ 9.16767997480083, 45.466704926762986 ] ] ] } },
{ "type": "Feature", "properties": { "from_id": "289", "population": 6610.89333737165, "gravity_community": 61.099373747503158, "gravity_education": 81.239672522180427, "gravity_essential_services": 235.01399480164653, "gravity_food_and_drink": 1319.4089454659741, "gravity_healthcare": 121.48360383354635, "gravity_shelter": 3.756728618452561, "avg_gravity": 303.66705316488384, "min_tt_community": 8.0, "min_tt_education": 2.0, "min_tt_essential_services": 9.0, "min_tt_food_and_drink": 5.0, "min_tt_healthcare": 7.0, "min_tt_shelter": 19.0, "avg_tt_community": 39.506024096385545, "avg_tt_education": 40.394618834080717, "avg_tt_essential_services": 37.276206322795339, "avg_tt_food_and_drink": 38.487579433853263, "avg_tt_healthcare": 40.578635014836799, "avg_tt_shelter": 37.4, "avg_tt_all": 38.940510616991943, "n_unreachable_categories": 0, "count_community": 166.0, "count_education": 223.0, "count_essential_services": 601.0, "count_food_and_drink": 3462.0, "count_healthcare": 337.0, "count_shelter": 10.0, "gravity_community_per_100": 0.92422265236236545, "gravity_education_per_100": 1.2288758625544485, "gravity_essential_services_per_100": 3.5549506368995973, "gravity_food_and_drink_per_100": 19.958103665162792, "gravity_healthcare_per_100": 1.8376276493041355, "gravity_shelter_per_100": 0.056826338389331155, "shannon": 0.95412495156094701, "kl_divergence": 0.02152832023899336, "jsd": 0.077994313286016081, "city_similarity": 0.92200568671398386 }, "geometry": { "type": "Polygon", "coordinates": [ [ [ 9.177286273883611, 45.470588049168349 ], [ 9.17088977989946, 45.470597797674287 ], [ 9.167703090953754, 45.474500145778926 ], [ 9.170913341747639, 45.478393010061922 ], [ 9.177310717653054, 45.478383258920452 ], [ 9.180496960722925, 45.474480646131838 ], [ 9.177286273883611, 45.470588049168349 ] ] ] } },
{ "type": "Feature", "properties": { "from_id": "290", "population": 3373.0277588963454, "gravity_community": 63.899442116462751, "gravity_education": 81.499840909448011, "gravity_essential_services": 247.7175390057559, "gravity_food_and_drink": 1426.0814451707333, "gravity_healthcare": 124.04162224156437, "gravity_shelter": 4.8616415823179659, "avg_gravity": 324.6835885043804, "min_tt_community": 3.0, "min_tt_education": 6.0, "min_tt_essential_services": 1.0, "min_tt_food_and_drink": 1.0, "min_tt_healthcare": 2.0, "min_tt_shelter": 22.0, "avg_tt_community": 37.810975609756099, "avg_tt_education": 40.085585585585584, "avg_tt_essential_services": 36.519354838709674, "avg_tt_food_and_drink": 36.625782583949913, "avg_tt_healthcare": 40.866666666666667, "avg_tt_shelter": 39.46153846153846, "avg_tt_all": 38.561650624367736, "n_unreachable_categories": 0, "count_community": 164.0, "count_education": 222.0, "count_essential_services": 620.0, "count_food_and_drink": 3514.0, "count_healthcare": 345.0, "count_shelter": 13.0, "gravity_community_per_100": 1.8944238436202683, "gravity_education_per_100": 2.41622206323362, "gravity_essential_services_per_100": 7.3440705713850711, "gravity_food_and_drink_per_100": 42.278971508889903, "gravity_healthcare_per_100": 3.6774563124897255, "gravity_shelter_per_100": 0.14413286607248957, "shannon": 0.95627598393415714, "kl_divergence": 0.021224803614284873, "jsd": 0.076934412226975987, "city_similarity": 0.92306558777302405 }, "geometry": { "type": "Polygon", "coordinates": [ [ [ 9.186893890571914, 45.474470358958079 ], [ 9.180496960722925, 45.474480646131838 ], [ 9.177310717653054, 45.478383258920452 ], [ 9.180521850548809, 45.482275849182308 ], [ 9.186919662497136, 45.482265559227393 ], [ 9.190105459329944, 45.478362681792113 ], [ 9.186893890571914, 45.474470358958079 ] ] ] } },
{ "type": "Feature", "properties": { "from_id": "291", "population": 9206.9196876950991, "gravity_community": 41.680427780177872, "gravity_education": 57.316372335082271, "gravity_essential_services": 169.80649525979851, "gravity_food_and_drink": 898.20998764815363, "gravity_healthcare": 87.113442629701296, "gravity_shelter": 3.0278918897058995, "avg_gravity": 209.52576959043657, "min_tt_community": 8.0, "min_tt_education": 9.0, "min_tt_essential_services": 5.0, "min_tt_food_and_drink": 6.0, "min_tt_healthcare": 11.0, "min_tt_shelter": 12.0, "avg_tt_community": 43.84375, "avg_tt_education": 42.162650602409641, "avg_tt_essential_services": 41.1625, "avg_tt_food_and_drink": 41.654220147802413, "avg_tt_healthcare": 42.703125, "avg_tt_shelter": 47.5, "avg_tt_all": 43.171040958368678, "n_unreachable_categories": 0, "count_community": 128.0, "count_education": 166.0, "count_essential_services": 480.0, "count_food_and_drink": 2571.0, "count_healthcare": 257.0, "count_shelter": 10.0, "gravity_community_per_100": 0.45270762854468144, "gravity_education_per_100": 0.62253581305466021, "gravity_essential_services_per_100": 1.8443355760639706, "gravity_food_and_drink_per_100": 9.7558143018082042, "gravity_healthcare_per_100": 0.94617359100163567, "gravity_shelter_per_100": 0.032887132639514913, "shannon": 0.97445693113016019, "kl_divergence": 0.020200095027803167, "jsd": 0.075013867988591276, "city_similarity": 0.92498613201140878 }, "geometry": { "type": "Polygon", "coordinates": [ [ [ 9.167703090953754, 45.474500145778926 ], [ 9.161306151274365, 45.474509358251304 ], [ 9.158118580405002, 45.478411437496973 ], [ 9.161328394792221, 45.482304569064127 ], [ 9.167726216575895, 45.482295354101154 ], [ 9.170913341747639, 45.478393010061922 ], [ 9.167703090953754, 45.474500145778926 ] ] ] } },
{ "type": "Feature", "properties": { "from_id": "292", "population": 8856.2229383037302, "gravity_community": 65.289375381999548, "gravity_education": 81.875307726162873, "gravity_essential_services": 243.29973245093083, "gravity_food_and_drink": 1449.2377463514231, "gravity_healthcare": 127.43115170830636, "gravity_shelter": 6.7898223677794149, "avg_gravity": 328.9871893311003, "min_tt_community": 6.0, "min_tt_education": 5.0, "min_tt_essential_services": 3.0, "min_tt_food_and_drink": 1.0, "min_tt_healthcare": 6.0, "min_tt_shelter": 7.0, "avg_tt_community": 39.74285714285714, "avg_tt_education": 40.884955752212392, "avg_tt_essential_services": 36.161666666666669, "avg_tt_food_and_drink": 35.357018561484921, "avg_tt_healthcare": 39.870588235294115, "avg_tt_shelter": 42.789473684210527, "avg_tt_all": 39.134426673787623, "n_unreachable_categories": 0, "count_community": 175.0, "count_education": 226.0, "count_essential_services": 600.0, "count_food_and_drink": 3451.0, "count_healthcare": 341.0, "count_shelter": 19.0, "gravity_community_per_100": 0.73721467759826631, "gravity_education_per_100": 0.92449465530104191, "gravity_essential_services_per_100": 2.7472177941528995, "gravity_food_and_drink_per_100": 16.364061253284142, "gravity_healthcare_per_100": 1.4388882551404447, "gravity_shelter_per_100": 0.076667247596184596, "shannon": 0.97160590076601894, "kl_divergence": 0.017313431111764217, "jsd": 0.06884054195667208, "city_similarity": 0.93115945804332789 }, "geometry": { "type": "Polygon", "coordinates": [ [ [ 9.196502824860566, 45.478351855806245 ], [ 9.190105459329944, 45.478362681792113 ], [ 9.186919662497136, 45.482265559227393 ], [ 9.190131677672882, 45.486157875286409 ], [ 9.196529925480826, 45.486147046373723 ], [ 9.199715275715246, 45.482243904329181 ], [ 9.196502824860566, 45.478351855806245 ] ] ] } },
{ "type": "Feature", "properties": { "from_id": "293", "population": 4205.7436944549336, "gravity_community": 35.230804168287534, "gravity_education": 62.648862114168722, "gravity_essential_services": 116.25224765686981, "gravity_food_and_drink": 572.47183191196586, "gravity_healthcare": 84.768838809687935, "gravity_shelter": 2.6505574274818962, "avg_gravity": 145.67052368141029, "min_tt_community": 4.0, "min_tt_education": 6.0, "min_tt_essential_services": 2.0, "min_tt_food_and_drink": 3.0, "min_tt_healthcare": 2.0, "min_tt_shelter": 10.0, "avg_tt_community": 41.72, "avg_tt_education": 41.614525139664806, "avg_tt_essential_services": 39.261437908496731, "avg_tt_food_and_drink": 43.584651435266551, "avg_tt_healthcare": 37.901869158878505, "avg_tt_shelter": 44.875, "avg_tt_all": 41.492913940384433, "n_unreachable_categories": 0, "count_community": 100.0, "count_education": 179.0, "count_essential_services": 306.0, "count_food_and_drink": 1707.0, "count_healthcare": 215.0, "count_shelter": 8.0, "gravity_community_per_100": 0.83768310025020343, "gravity_education_per_100": 1.4896024737971592, "gravity_essential_services_per_100": 2.7641305819501718, "gravity_food_and_drink_per_100": 13.611667127189463, "gravity_healthcare_per_100": 2.0155493289201498, "gravity_shelter_per_100": 0.063022324231895674, "shannon": 1.0641696719676335, "kl_divergence": 0.0077816391290003242, "jsd": 0.047997259796869154, "city_similarity": 0.9520027402031308 }, "geometry": { "type": "Polygon", "coordinates": [ [ [ 9.148491792008839, 45.466731482296169 ], [ 9.142095725330114, 45.46673961786361 ], [ 9.138907264149127, 45.470641167410569 ], [ 9.142115314501739, 45.474534846258308 ], [ 9.14851226292796, 45.474526708491418 ], [ 9.151700279133708, 45.470624894076508 ], [ 9.148491792008839, 45.466731482296169 ] ] ] } },
{ "type": "Feature", "properties": { "from_id": "294", "population": 12228.115906547737, "gravity_community": 22.167936232395306, "gravity_education": 41.201723167326257, "gravity_essential_services": 52.010054380217667, "gravity_food_and_drink": 187.53715486234589, "gravity_healthcare": 45.93231205586109, "gravity_shelter": 10.505458107728092, "avg_gravity": 59.892439800979048, "min_tt_community": 4.0, "min_tt_education": 4.0, "min_tt_essential_services": 9.0, "min_tt_food_and_drink": 6.0, "min_tt_healthcare": 7.0, "min_tt_shelter": 34.0, "avg_tt_community": 43.772727272727273, "avg_tt_education": 41.504347826086956, "avg_tt_essential_services": 42.114864864864863, "avg_tt_food_and_drink": 44.842735042735043, "avg_tt_healthcare": 41.125, "avg_tt_shelter": 42.939393939393938, "avg_tt_all": 42.71651149096801, "n_unreachable_categories": 0, "count_community": 66.0, "count_education": 115.0, "count_essential_services": 148.0, "count_food_and_drink": 586.0, "count_healthcare": 128.0, "count_shelter": 33.0, "gravity_community_per_100": 0.18128660540848435, "gravity_education_per_100": 0.33694253049453143, "gravity_essential_services_per_100": 0.42533170913409535, "gravity_food_and_drink_per_100": 1.5336553586470845, "gravity_healthcare_per_100": 0.37562869379792113, "gravity_shelter_per_100": 0.085912320328128233, "shannon": 1.374145291394, "kl_divergence": 0.033125407821335245, "jsd": 0.089214893358625799, "city_similarity": 0.91078510664137424 }, "geometry": { "type": "Polygon", "coordinates": [ [ [ 9.129303584072586, 45.466754814580575 ], [ 9.122907509734462, 45.466761875729354 ], [ 9.119717722368486, 45.470662891002476 ], [ 9.122924453655775, 45.474557110141482 ], [ 9.129321409745248, 45.474550047083717 ], [ 9.132510752675715, 45.470648766796145 ], [ 9.129303584072586, 45.466754814580575 ] ] ] } },
{ "type": "Feature", "properties": { "from_id": "295", "population": 6761.752539505289, "gravity_community": 41.491030783546236, "gravity_education": 65.045898169123717, "gravity_essential_services": 149.67912842239062, "gravity_food_and_drink": 799.94606741748601, "gravity_healthcare": 92.880568502818235, "gravity_shelter": 1.8014079701369246, "avg_gravity": 191.80735021091698, "min_tt_community": 3.0, "min_tt_education": 12.0, "min_tt_essential_services": 8.0, "min_tt_food_and_drink": 6.0, "min_tt_healthcare": 5.0, "min_tt_shelter": 19.0, "avg_tt_community": 42.861788617886177, "avg_tt_education": 41.582887700534762, "avg_tt_essential_services": 40.031784841075797, "avg_tt_food_and_drink": 42.897967823878069, "avg_tt_healthcare": 39.498007968127489, "avg_tt_shelter": 30.75, "avg_tt_all": 39.603739491917047, "n_unreachable_categories": 0, "count_community": 123.0, "count_education": 187.0, "count_essential_services": 409.0, "count_food_and_drink": 2363.0, "count_healthcare": 251.0, "count_shelter": 4.0, "gravity_community_per_100": 0.61361356454759952, "gravity_education_per_100": 0.96196803697111755, "gravity_essential_services_per_100": 2.2136144076242936, "gravity_food_and_drink_per_100": 11.830454645357555, "gravity_healthcare_per_100": 1.3736167947609286, "gravity_shelter_per_100": 0.026641140142474384, "shannon": 0.987504019638761, "kl_divergence": 0.017050096582919158, "jsd": 0.071278169594542709, "city_similarity": 0.9287218304054573 }, "geometry": { "type": "Polygon", "coordinates": [ [ [ 9.158096782404142, 45.470616220128825 ], [ 9.151700279133708, 45.470624894076508 ], [ 9.14851226292796, 45.474526708491418 ], [ 9.151721195208632, 45.478420113789667 ], [ 9.158118580405002, 45.478411437496973 ], [ 9.161306151274365, 45.474509358251304 ], [ 9.158096782404142, 45.470616220128825 ] ] ] } },
{ "type": "Feature", "properties": { "from_id": "296", "population": 5206.5643153199471, "gravity_community": 27.630882402969505, "gravity_education": 51.147776321616767, "gravity_essential_services": 77.77212270309191, "gravity_food_and_drink": 309.33332773334467, "gravity_healthcare": 60.504209463856689, "gravity_shelter": 8.9818926192990602, "avg_gravity": 89.228368540696451, "min_tt_community": 6.0, "min_tt_education": 5.0, "min_tt_essential_services": 3.0, "min_tt_food_and_drink": 4.0, "min_tt_healthcare": 2.0, "min_tt_shelter": 28.0, "avg_tt_community": 42.375, "avg_tt_education": 42.668918918918919, "avg_tt_essential_services": 41.737556561085974, "avg_tt_food_and_drink": 44.040254237288138, "avg_tt_healthcare": 39.969325153374236, "avg_tt_shelter": 49.060606060606062, "avg_tt_all": 43.308610155212222, "n_unreachable_categories": 0, "count_community": 80.0, "count_education": 148.0, "count_essential_services": 221.0, "count_food_and_drink": 945.0, "count_healthcare": 163.0, "count_shelter": 33.0, "gravity_community_per_100": 0.53069319285402061, "gravity_education_per_100": 0.98237096910755628, "gravity_essential_services_per_100": 1.4937321041872649, "gravity_food_and_drink_per_100": 5.9412178357838252, "gravity_healthcare_per_100": 1.1620755223521839, "gravity_shelter_per_100": 0.17251093188017436, "shannon": 1.2688608098090564, "kl_divergence": 0.010318997567633995, "jsd": 0.050358376443468453, "city_similarity": 0.94964162355653159 }, "geometry": { "type": "Polygon", "coordinates": [ [ [ 9.138907264149127, 45.470641167410569 ], [ 9.132510752675715, 45.470648766796145 ], [ 9.129321409745248, 45.474550047083717 ], [ 9.132529022964455, 45.478443992963321 ], [ 9.13892641636793, 45.478436391523239 ], [ 9.142115314501739, 45.474534846258308 ], [ 9.138907264149127, 45.470641167410569 ] ] ] } },
{ "type": "Feature", "properties": { "from_id": "297", "population": 9221.6721314294718, "gravity_community": 32.168683906609047, "gravity_education": 57.991092266543511, "gravity_essential_services": 98.47445351991837, "gravity_food_and_drink": 448.39715866723066, "gravity_healthcare": 73.850279896468223, "gravity_shelter": 2.8945232834549923, "avg_gravity": 118.96269859003746, "min_tt_community": 10.0, "min_tt_education": 9.0, "min_tt_essential_services": 4.0, "min_tt_food_and_drink": 3.0, "min_tt_healthcare": 4.0, "min_tt_shelter": 22.0, "avg_tt_community": 42.494505494505496, "avg_tt_education": 43.220930232558139, "avg_tt_essential_services": 39.755555555555553, "avg_tt_food_and_drink": 42.783497350492048, "avg_tt_healthcare": 40.980392156862742, "avg_tt_shelter": 44.222222222222221, "avg_tt_all": 42.242850502032702, "n_unreachable_categories": 0, "count_community": 92.0, "count_education": 172.0, "count_essential_services": 270.0, "count_food_and_drink": 1321.0, "count_healthcare": 205.0, "count_shelter": 9.0, "gravity_community_per_100": 0.34883786202906897, "gravity_education_per_100": 0.62885658305826342, "gravity_essential_services_per_100": 1.0678589752101024, "gravity_food_and_drink_per_100": 4.8624279011069502, "gravity_healthcare_per_100": 0.80083393601438446, "gravity_shelter_per_100": 0.03138826930953037, "shannon": 1.1501245834059828, "kl_divergence": 0.0078996620544962391, "jsd": 0.046784640049180058, "city_similarity": 0.95321535995081996 }, "geometry": { "type": "Polygon", "coordinates": [ [ [ 9.14851226292796, 45.474526708491418 ], [ 9.142115314501739, 45.474534846258308 ], [ 9.13892641636793, 45.478436391523239 ], [ 9.142134911697813, 45.48233006396184 ], [ 9.148532742232721, 45.482321923994903 ], [ 9.151721195208632, 45.478420113789667 ], [ 9.14851226292796, 45.474526708491418 ] ] ] } },
{ "type": "Feature", "properties": { "from_id": "298", "population": 6163.5845411906867, "gravity_community": 35.312372663756094, "gravity_education": 59.884789810043088, "gravity_essential_services": 121.31684179486092, "gravity_food_and_drink": 608.74572376976369, "gravity_healthcare": 74.342433127984776, "gravity_shelter": 2.5885250537976163, "avg_gravity": 150.36511437003438, "min_tt_community": 7.0, "min_tt_education": 6.0, "min_tt_essential_services": 9.0, "min_tt_food_and_drink": 1.0, "min_tt_healthcare": 7.0, "min_tt_shelter": 23.0, "avg_tt_community": 44.342592592592595, "avg_tt_education": 43.961111111111109, "avg_tt_essential_services": 40.967455621301774, "avg_tt_food_and_drink": 42.928210880538415, "avg_tt_healthcare": 42.111627906976743, "avg_tt_shelter": 48.888888888888886, "avg_tt_all": 43.866647833568244, "n_unreachable_categories": 0, "count_community": 108.0, "count_education": 180.0, "count_essential_services": 338.0, "count_food_and_drink": 1784.0, "count_healthcare": 215.0, "count_shelter": 9.0, "gravity_community_per_100": 0.57291941771491328, "gravity_education_per_100": 0.97159030447036743, "gravity_essential_services_per_100": 1.968283893635453, "gravity_food_and_drink_per_100": 9.8764885871455199, "gravity_healthcare_per_100": 1.2061558113004034, "gravity_shelter_per_100": 0.041997072263692238, "shannon": 1.0656391922952293, "kl_divergence": 0.0080418490984668512, "jsd": 0.048337895459899902, "city_similarity": 0.95166210454010014 }, "geometry": { "type": "Polygon", "coordinates": [ [ [ 9.158118580405002, 45.478411437496973 ], [ 9.151721195208632, 45.478420113789667 ], [ 9.148532742232721, 45.482321923994903 ], [ 9.151742119851948, 45.486215322810786 ], [ 9.158140387335536, 45.486206644172448 ], [ 9.161328394792221, 45.482304569064127 ], [ 9.158118580405002, 45.478411437496973 ] ] ] } },
{ "type": "Feature", "properties": { "from_id": "299", "population": 4918.863293088415, "gravity_community": 23.622048968230228, "gravity_education": 42.559372287242404, "gravity_essential_services": 58.196440680941848, "gravity_food_and_drink": 233.07973588551144, "gravity_healthcare": 44.790718869358386, "gravity_shelter": 4.2249086260757993, "avg_gravity": 67.745537552893339, "min_tt_community": 6.0, "min_tt_education": 3.0, "min_tt_essential_services": 9.0, "min_tt_food_and_drink": 4.0, "min_tt_healthcare": 12.0, "min_tt_shelter": 6.0, "avg_tt_community": 42.463768115942031, "avg_tt_education": 43.5234375, "avg_tt_essential_services": 45.138297872340424, "avg_tt_food_and_drink": 45.269692923898532, "avg_tt_healthcare": 43.724637681159422, "avg_tt_shelter": 42.083333333333336, "avg_tt_all": 43.700527904445615, "n_unreachable_categories": 0, "count_community": 69.0, "count_education": 128.0, "count_essential_services": 188.0, "count_food_and_drink": 750.0, "count_healthcare": 138.0, "count_shelter": 12.0, "gravity_community_per_100": 0.48023389878352585, "gravity_education_per_100": 0.86522779250733306, "gravity_essential_services_per_100": 1.1831278328616031, "gravity_food_and_drink_per_100": 4.7384877764953552, "gravity_healthcare_per_100": 0.91059084590325268, "gravity_shelter_per_100": 0.08589197085457316, "shannon": 1.265518585848193, "kl_divergence": 0.016123902421103863, "jsd": 0.063050190988535468, "city_similarity": 0.93694980901146452 }, "geometry": { "type": "Polygon", "coordinates": [ [ [ 9.13892641636793, 45.478436391523239 ], [ 9.132529022964455, 45.478443992963321 ], [ 9.12933924271997, 45.482345268896815 ], [ 9.13254730073773, 45.486239208440217 ], [ 9.138945576432558, 45.486231604945068 ], [ 9.142134911697813, 45.48233006396184 ], [ 9.13892641636793, 45.478436391523239 ] ] ] } },
{ "type": "Feature", "properties": { "from_id": "300", "population": 1655.8461497788373, "gravity_community": 29.846488248091596, "gravity_education": 53.183897703867636, "gravity_essential_services": 81.458067365446738, "gravity_food_and_drink": 370.12309336907322, "gravity_healthcare": 59.812313307798291, "gravity_shelter": 3.3806073159453578, "avg_gravity": 99.634077885037129, "min_tt_community": 7.0, "min_tt_education": 6.0, "min_tt_essential_services": 11.0, "min_tt_food_and_drink": 4.0, "min_tt_healthcare": 5.0, "min_tt_shelter": 16.0, "avg_tt_community": 41.168674698795179, "avg_tt_education": 40.360544217687078, "avg_tt_essential_services": 40.207048458149778, "avg_tt_food_and_drink": 41.770093457943922, "avg_tt_healthcare": 41.421686746987952, "avg_tt_shelter": 42.0, "avg_tt_all": 41.154674596593985, "n_unreachable_categories": 0, "count_community": 83.0, "count_education": 147.0, "count_essential_services": 227.0, "count_food_and_drink": 1070.0, "count_healthcare": 167.0, "count_shelter": 10.0, "gravity_community_per_100": 1.8024916295561657, "gravity_education_per_100": 3.211886425014252, "gravity_essential_services_per_100": 4.9194224581991906, "gravity_food_and_drink_per_100": 22.352504996826465, "gravity_healthcare_per_100": 3.6121902578803655, "gravity_shelter_per_100": 0.20416192146818032, "shannon": 1.1770924321257048, "kl_divergence": 0.0072674868769702023, "jsd": 0.043872812800974506, "city_similarity": 0.95612718719902545 }, "geometry": { "type": "Polygon", "coordinates": [ [ [ 9.148532742232721, 45.482321923994903 ], [ 9.142134911697813, 45.48233006396184 ], [ 9.138945576432558, 45.486231604945068 ], [ 9.142154516922371, 45.490125270974261 ], [ 9.148553229927341, 45.490117128806666 ], [ 9.151742119851948, 45.486215322810786 ], [ 9.148532742232721, 45.482321923994903 ] ] ] } },
{ "type": "Feature", "properties": { "from_id": "301", "population": 4145.3946001152444, "gravity_community": 22.12639014859019, "gravity_education": 38.596441745693298, "gravity_essential_services": 43.81601467965163, "gravity_food_and_drink": 184.15005636749771, "gravity_healthcare": 35.173723771491474, "gravity_shelter": 4.5347069121311625, "avg_gravity": 54.732888937509252, "min_tt_community": 11.0, "min_tt_education": 11.0, "min_tt_essential_services": 13.0, "min_tt_food_and_drink": 11.0, "min_tt_healthcare": 10.0, "min_tt_shelter": 16.0, "avg_tt_community": 41.746031746031747, "avg_tt_education": 41.765765765765764, "avg_tt_essential_services": 47.78, "avg_tt_food_and_drink": 45.790268456375841, "avg_tt_healthcare": 44.264150943396224, "avg_tt_shelter": 41.53846153846154, "avg_tt_all": 43.814113075005189, "n_unreachable_categories": 0, "count_community": 63.0, "count_education": 111.0, "count_essential_services": 150.0, "count_food_and_drink": 596.0, "count_healthcare": 107.0, "count_shelter": 13.0, "gravity_community_per_100": 0.53375835796126769, "gravity_education_per_100": 0.93106797950236864, "gravity_essential_services_per_100": 1.0569805508607917, "gravity_food_and_drink_per_100": 4.4422805096136866, "gravity_healthcare_per_100": 0.84850122037872167, "gravity_shelter_per_100": 0.10939144157724079, "shannon": 1.2957345518697159, "kl_divergence": 0.018667440061579561, "jsd": 0.067565760309332104, "city_similarity": 0.93243423969066785 }, "geometry": { "type": "Polygon", "coordinates": [ [ [ 9.138945576432558, 45.486231604945068 ], [ 9.13254730073773, 45.486239208440217 ], [ 9.129357083000423, 45.490140480019924 ], [ 9.132565585999313, 45.494034413226899 ], [ 9.138964744346955, 45.494026807676136 ], [ 9.142154516922371, 45.490125270974261 ], [ 9.138945576432558, 45.486231604945068 ] ] ] } },
{ "type": "Feature", "properties": { "from_id": "302", "population": 952.01596083686661, "gravity_community": 32.823155689852229, "gravity_education": 56.446428076164189, "gravity_essential_services": 102.98322289621244, "gravity_food_and_drink": 548.34881843450364, "gravity_healthcare": 62.600306565151996, "gravity_shelter": 2.6873966021522402, "avg_gravity": 134.31488804400612, "min_tt_community": 6.0, "min_tt_education": 8.0, "min_tt_essential_services": 4.0, "min_tt_food_and_drink": 1.0, "min_tt_healthcare": 8.0, "min_tt_shelter": 24.0, "avg_tt_community": 42.925531914893618, "avg_tt_education": 41.076433121019107, "avg_tt_essential_services": 40.541516245487365, "avg_tt_food_and_drink": 42.412960609911053, "avg_tt_healthcare": 42.213483146067418, "avg_tt_shelter": 47.0, "avg_tt_all": 42.694987506229758, "n_unreachable_categories": 0, "count_community": 94.0, "count_education": 157.0, "count_essential_services": 277.0, "count_food_and_drink": 1576.0, "count_healthcare": 178.0, "count_shelter": 9.0, "gravity_community_per_100": 3.4477526680329116, "gravity_education_per_100": 5.9291472410341877, "gravity_essential_services_per_100": 10.817384070502911, "gravity_food_and_drink_per_100": 57.598700126044037, "gravity_healthcare_per_100": 6.5755522113435365, "gravity_shelter_per_100": 0.28228482637937002, "shannon": 1.0477805278842385, "kl_divergence": 0.0073257107288634228, "jsd": 0.045847897017783905, "city_similarity": 0.95415210298221609 }, "geometry": { "type": "Polygon", "coordinates": [ [ [ 9.158140387335536, 45.486206644172448 ], [ 9.151742119851948, 45.486215322810786 ], [ 9.148553229927341, 45.490117128806666 ], [ 9.151763053067967, 45.494010521139927 ], [ 9.158162203200236, 45.494001840155299 ], [ 9.161350647422681, 45.490099769183949 ], [ 9.158140387335536, 45.486206644172448 ] ] ] } },
{ "type": "Feature", "properties": { "from_id": "303", "population": 10058.915786771477, "gravity_community": 44.400712550876797, "gravity_education": 70.178043638206034, "gravity_essential_services": 152.19997137880512, "gravity_food_and_drink": 978.13584466715508, "gravity_healthcare": 104.80759178569261, "gravity_shelter": 10.448797015974096, "avg_gravity": 226.69516017278499, "min_tt_community": 2.0, "min_tt_education": 5.0, "min_tt_essential_services": 2.0, "min_tt_food_and_drink": 2.0, "min_tt_healthcare": 4.0, "min_tt_shelter": 13.0, "avg_tt_community": 42.3359375, "avg_tt_education": 39.274193548387096, "avg_tt_essential_services": 39.544117647058826, "avg_tt_food_and_drink": 38.318650793650797, "avg_tt_healthcare": 37.065134099616856, "avg_tt_shelter": 39.517241379310342, "avg_tt_all": 39.342545828003985, "n_unreachable_categories": 0, "count_community": 128.0, "count_education": 186.0, "count_essential_services": 408.0, "count_food_and_drink": 2521.0, "count_healthcare": 261.0, "count_shelter": 29.0, "gravity_community_per_100": 0.44140654412544506, "gravity_education_per_100": 0.69767005834264451, "gravity_essential_services_per_100": 1.5130852529749175, "gravity_food_and_drink_per_100": 9.7240683330255706, "gravity_healthcare_per_100": 1.0419372624982657, "gravity_shelter_per_100": 0.10387597667052104, "shannon": 0.99720377629230605, "kl_divergence": 0.0099166009496117532, "jsd": 0.050950025601668711, "city_similarity": 0.94904997439833128 }, "geometry": { "type": "Polygon", "coordinates": [ [ [ 9.225275391582604, 45.474401113045772 ], [ 9.218878484645085, 45.47441354960808 ], [ 9.215694898776048, 45.478317228168315 ], [ 9.21890866703923, 45.482208734518977 ], [ 9.225306456064557, 45.482196294594438 ], [ 9.228489594618473, 45.478292351681858 ], [ 9.225275391582604, 45.474401113045772 ] ] ] } },
{ "type": "Feature", "properties": { "from_id": "304", "population": 11297.866743549092, "gravity_community": 64.326586893946867, "gravity_education": 82.26298914428078, "gravity_essential_services": 243.53118476879206, "gravity_food_and_drink": 1483.5411997743342, "gravity_healthcare": 132.24251663443255, "gravity_shelter": 9.3989959158416223, "avg_gravity": 335.88391218860471, "min_tt_community": 4.0, "min_tt_education": 5.0, "min_tt_essential_services": 1.0, "min_tt_food_and_drink": 1.0, "min_tt_healthcare": 4.0, "min_tt_shelter": 5.0, "avg_tt_community": 38.976608187134502, "avg_tt_education": 40.230088495575224, "avg_tt_essential_services": 35.870370370370374, "avg_tt_food_and_drink": 35.39881288863765, "avg_tt_healthcare": 38.111436950146626, "avg_tt_shelter": 38.833333333333336, "avg_tt_all": 37.903441704199615, "n_unreachable_categories": 0, "count_community": 171.0, "count_education": 226.0, "count_essential_services": 594.0, "count_food_and_drink": 3541.0, "count_healthcare": 341.0, "count_shelter": 24.0, "gravity_community_per_100": 0.56936931859880857, "gravity_education_per_100": 0.72812851321026317, "gravity_essential_services_per_100": 2.1555501608995753, "gravity_food_and_drink_per_100": 13.131162133961382, "gravity_healthcare_per_100": 1.1705087308623197, "gravity_shelter_per_100": 0.083192660430415372, "shannon": 0.96101941784539191, "kl_divergence": 0.017467928471942062, "jsd": 0.068660801238627028, "city_similarity": 0.93133919876137294 }, "geometry": { "type": "Polygon", "coordinates": [ [ [ 9.206084658531749, 45.47443734804213 ], [ 9.199687739596721, 45.474448709912686 ], [ 9.196502824860566, 45.478351855806245 ], [ 9.199715275715246, 45.482243904329181 ], [ 9.206113076744119, 45.482232539386928 ], [ 9.209297544704043, 45.478329128993771 ], [ 9.206084658531749, 45.47443734804213 ] ] ] } },
{ "type": "Feature", "properties": { "from_id": "305", "population": 9531.6054900052386, "gravity_community": 57.437457373099704, "gravity_education": 79.102255030814106, "gravity_essential_services": 203.9497953436591, "gravity_food_and_drink": 1272.5957930171214, "gravity_healthcare": 123.65646889556415, "gravity_shelter": 10.091769521938282, "avg_gravity": 291.13892319703274, "min_tt_community": 6.0, "min_tt_education": 7.0, "min_tt_essential_services": 4.0, "min_tt_food_and_drink": 1.0, "min_tt_healthcare": 3.0, "min_tt_shelter": 23.0, "avg_tt_community": 41.739393939393942, "avg_tt_education": 39.344339622641506, "avg_tt_essential_services": 37.502912621359222, "avg_tt_food_and_drink": 36.633834346018546, "avg_tt_healthcare": 36.95737704918033, "avg_tt_shelter": 44.96875, "avg_tt_all": 39.524434596432258, "n_unreachable_categories": 0, "count_community": 165.0, "count_education": 212.0, "count_essential_services": 515.0, "count_food_and_drink": 3129.0, "count_healthcare": 306.0, "count_shelter": 32.0, "gravity_community_per_100": 0.60260002822534087, "gravity_education_per_100": 0.82989434585558608, "gravity_essential_services_per_100": 2.1397213256205276, "gravity_food_and_drink_per_100": 13.351326745022702, "gravity_healthcare_per_100": 1.2973309588319542, "gravity_shelter_per_100": 0.10587691163383155, "shannon": 0.98385146639586107, "kl_divergence": 0.012747388577506187, "jsd": 0.058049469575891237, "city_similarity": 0.94195053042410881 }, "geometry": { "type": "Polygon", "coordinates": [ [ [ 9.215694898776048, 45.478317228168315 ], [ 9.209297544704043, 45.478329128993771 ], [ 9.206113076744119, 45.482232539386928 ], [ 9.209326409873299, 45.486124313417051 ], [ 9.215724646216856, 45.486112409374186 ], [ 9.21890866703923, 45.482208734518977 ], [ 9.215694898776048, 45.478317228168315 ] ] ] } },
{ "type": "Feature", "properties": { "from_id": "306", "population": 12369.312552025318, "gravity_community": 44.571748033252206, "gravity_education": 73.710957186229834, "gravity_essential_services": 145.89580883692176, "gravity_food_and_drink": 967.09724227752179, "gravity_healthcare": 105.38883483363671, "gravity_shelter": 11.959949232231839, "avg_gravity": 224.77075673329901, "min_tt_community": 4.0, "min_tt_education": 3.0, "min_tt_essential_services": 5.0, "min_tt_food_and_drink": 1.0, "min_tt_healthcare": 5.0, "min_tt_shelter": 20.0, "avg_tt_community": 39.909090909090907, "avg_tt_education": 38.97948717948718, "avg_tt_essential_services": 38.013550135501355, "avg_tt_food_and_drink": 37.134663341645883, "avg_tt_healthcare": 36.891891891891895, "avg_tt_shelter": 47.219512195121951, "avg_tt_all": 39.691365942123191, "n_unreachable_categories": 0, "count_community": 121.0, "count_education": 195.0, "count_essential_services": 370.0, "count_food_and_drink": 2406.0, "count_healthcare": 260.0, "count_shelter": 41.0, "gravity_community_per_100": 0.36034135159721664, "gravity_education_per_100": 0.59591797746399899, "gravity_essential_services_per_100": 1.1794981186164075, "gravity_food_and_drink_per_100": 7.8185205379030691, "gravity_healthcare_per_100": 0.85201852884201412, "gravity_shelter_per_100": 0.096690492555089894, "shannon": 1.0186534268586238, "kl_divergence": 0.0065132965467592369, "jsd": 0.040911204113269956, "city_similarity": 0.95908879588673002 }, "geometry": { "type": "Polygon", "coordinates": [ [ [ 9.225306456064557, 45.482196294594438 ], [ 9.21890866703923, 45.482208734518977 ], [ 9.215724646216856, 45.486112409374186 ], [ 9.21893886179828, 45.490003908729776 ], [ 9.225337533272775, 45.489991465442088 ], [ 9.228521106596194, 45.486087526162358 ], [ 9.225306456064557, 45.482196294594438 ] ] ] } },
{ "type": "Feature", "properties": { "from_id": "307", "population": 11093.993062873118, "gravity_community": 56.622284899260919, "gravity_education": 79.202777534588549, "gravity_essential_services": 218.86161903717237, "gravity_food_and_drink": 1305.6539752635533, "gravity_healthcare": 118.15406565022458, "gravity_shelter": 6.8960762305958054, "avg_gravity": 297.56513310256588, "min_tt_community": 5.0, "min_tt_education": 5.0, "min_tt_essential_services": 2.0, "min_tt_food_and_drink": 1.0, "min_tt_healthcare": 3.0, "min_tt_shelter": 19.0, "avg_tt_community": 39.993506493506494, "avg_tt_education": 41.608108108108105, "avg_tt_essential_services": 38.326126126126127, "avg_tt_food_and_drink": 36.565244472127063, "avg_tt_healthcare": 38.699029126213595, "avg_tt_shelter": 45.863636363636367, "avg_tt_all": 40.175941781619628, "n_unreachable_categories": 0, "count_community": 154.0, "count_education": 222.0, "count_essential_services": 556.0, "count_food_and_drink": 3212.0, "count_healthcare": 309.0, "count_shelter": 22.0, "gravity_community_per_100": 0.51038687854197107, "gravity_education_per_100": 0.71392488787149688, "gravity_essential_services_per_100": 1.9727939056461936, "gravity_food_and_drink_per_100": 11.769017412071605, "gravity_healthcare_per_100": 1.0650273979856364, "gravity_shelter_per_100": 0.062160451980757439, "shannon": 0.97278443205491671, "kl_divergence": 0.01576317980320743, "jsd": 0.065142873530142184, "city_similarity": 0.93485712646985786 }, "geometry": { "type": "Polygon", "coordinates": [ [ [ 9.206113076744119, 45.482232539386928 ], [ 9.199715275715246, 45.482243904329181 ], [ 9.196529925480826, 45.486147046373723 ], [ 9.199742823114592, 45.490039088048185 ], [ 9.206141506598675, 45.49002772003341 ], [ 9.209326409873299, 45.486124313417051 ], [ 9.206113076744119, 45.482232539386928 ] ] ] } },
{ "type": "Feature", "properties": { "from_id": "308", "population": 5013.5268022995751, "gravity_community": 46.405261199950928, "gravity_education": 72.447604546874288, "gravity_essential_services": 152.13299228600545, "gravity_food_and_drink": 1012.3774920853486, "gravity_healthcare": 105.33662210300544, "gravity_shelter": 9.1484499492779872, "avg_gravity": 232.97473702841049, "min_tt_community": 5.0, "min_tt_education": 6.0, "min_tt_essential_services": 5.0, "min_tt_food_and_drink": 1.0, "min_tt_healthcare": 3.0, "min_tt_shelter": 30.0, "avg_tt_community": 39.912698412698411, "avg_tt_education": 40.336683417085425, "avg_tt_essential_services": 37.702842377260978, "avg_tt_food_and_drink": 37.64804035700427, "avg_tt_healthcare": 37.962686567164177, "avg_tt_shelter": 50.0, "avg_tt_all": 40.59382518853554, "n_unreachable_categories": 0, "count_community": 126.0, "count_education": 199.0, "count_essential_services": 387.0, "count_food_and_drink": 2577.0, "count_healthcare": 269.0, "count_shelter": 34.0, "gravity_community_per_100": 0.92560113927517129, "gravity_education_per_100": 1.4450427294742785, "gravity_essential_services_per_100": 3.0344505631489986, "gravity_food_and_drink_per_100": 20.192920712441335, "gravity_healthcare_per_100": 2.1010483489325367, "gravity_shelter_per_100": 0.18247533742278649, "shannon": 0.99429752190880993, "kl_divergence": 0.0090552997700383206, "jsd": 0.048381174511938976, "city_similarity": 0.95161882548806098 }, "geometry": { "type": "Polygon", "coordinates": [ [ [ 9.215724646216856, 45.486112409374186 ], [ 9.209326409873299, 45.486124313417051 ], [ 9.206141506598675, 45.49002772003341 ], [ 9.209355286868393, 45.493919487141596 ], [ 9.215754405844956, 45.493907579880457 ], [ 9.21893886179828, 45.490003908729776 ], [ 9.215724646216856, 45.486112409374186 ] ] ] } },
{ "type": "Feature", "properties": { "from_id": "309", "population": 11793.716478253573, "gravity_community": 40.57075365697672, "gravity_education": 68.177957918390319, "gravity_essential_services": 113.12866205395281, "gravity_food_and_drink": 788.96741817074133, "gravity_healthcare": 92.085860388822027, "gravity_shelter": 11.115461884539478, "avg_gravity": 185.67435234557044, "min_tt_community": 5.0, "min_tt_education": 3.0, "min_tt_essential_services": 5.0, "min_tt_food_and_drink": 1.0, "min_tt_healthcare": 4.0, "min_tt_shelter": 17.0, "avg_tt_community": 38.849056603773583, "avg_tt_education": 38.59550561797753, "avg_tt_essential_services": 39.323432343234323, "avg_tt_food_and_drink": 38.154150197628461, "avg_tt_healthcare": 38.584745762711862, "avg_tt_shelter": 45.702702702702702, "avg_tt_all": 39.868265538004742, "n_unreachable_categories": 0, "count_community": 106.0, "count_education": 178.0, "count_essential_services": 303.0, "count_food_and_drink": 2024.0, "count_healthcare": 237.0, "count_shelter": 37.0, "gravity_community_per_100": 0.34400312854548531, "gravity_education_per_100": 0.57808713685888258, "gravity_essential_services_per_100": 0.9592282658528436, "gravity_food_and_drink_per_100": 6.6897268526466434, "gravity_healthcare_per_100": 0.78080442715931908, "gravity_shelter_per_100": 0.094249017305403873, "shannon": 1.0397767907264135, "kl_divergence": 0.0045501553258811434, "jsd": 0.034089913741396284, "city_similarity": 0.96591008625860375 }, "geometry": { "type": "Polygon", "coordinates": [ [ [ 9.225337533272775, 45.489991465442088 ], [ 9.21893886179828, 45.490003908729776 ], [ 9.215754405844956, 45.493907579880457 ], [ 9.218969068928468, 45.497799072240589 ], [ 9.22536862321367, 45.497786625588837 ], [ 9.22855263148411, 45.493882689941415 ], [ 9.225337533272775, 45.489991465442088 ] ] ] } },
{ "type": "Feature", "properties": { "from_id": "310", "population": 12834.211135736747, "gravity_community": 44.117768103747849, "gravity_education": 70.071593246522497, "gravity_essential_services": 143.56819171352507, "gravity_food_and_drink": 935.81403401162504, "gravity_healthcare": 95.21155595883566, "gravity_shelter": 5.4537709507617986, "avg_gravity": 215.70615233083629, "min_tt_community": 8.0, "min_tt_education": 8.0, "min_tt_essential_services": 3.0, "min_tt_food_and_drink": 4.0, "min_tt_healthcare": 6.0, "min_tt_shelter": 25.0, "avg_tt_community": 38.931623931623932, "avg_tt_education": 41.298969072164951, "avg_tt_essential_services": 37.836956521739133, "avg_tt_food_and_drink": 38.590506838294452, "avg_tt_healthcare": 38.701195219123505, "avg_tt_shelter": 47.684210526315788, "avg_tt_all": 40.507243684876961, "n_unreachable_categories": 0, "count_community": 117.0, "count_education": 195.0, "count_essential_services": 368.0, "count_food_and_drink": 2486.0, "count_healthcare": 251.0, "count_shelter": 19.0, "gravity_community_per_100": 0.34375130373928725, "gravity_education_per_100": 0.54597507011092228, "gravity_essential_services_per_100": 1.1186366672257768, "gravity_food_and_drink_per_100": 7.2915586639046266, "gravity_healthcare_per_100": 0.74185748505975502, "gravity_shelter_per_100": 0.042494009901207115, "shannon": 0.97121506815012404, "kl_divergence": 0.012449254976837023, "jsd": 0.057501124605496674, "city_similarity": 0.94249887539450328 }, "geometry": { "type": "Polygon", "coordinates": [ [ [ 9.206141506598675, 45.49002772003341 ], [ 9.199742823114592, 45.490039088048185 ], [ 9.196557037204018, 45.493942226244179 ], [ 9.199770381800436, 45.497834261069798 ], [ 9.206169948101273, 45.497822889981656 ], [ 9.209355286868393, 45.493919487141596 ], [ 9.206141506598675, 45.49002772003341 ] ] ] } },
{ "type": "Feature", "properties": { "from_id": "311", "population": 11018.395510271552, "gravity_community": 39.511492017256231, "gravity_education": 67.277529011795323, "gravity_essential_services": 131.27113030961985, "gravity_food_and_drink": 846.87754889500627, "gravity_healthcare": 84.969582401736005, "gravity_shelter": 5.2071093930662471, "avg_gravity": 195.85239867141334, "min_tt_community": 5.0, "min_tt_education": 6.0, "min_tt_essential_services": 6.0, "min_tt_food_and_drink": 1.0, "min_tt_healthcare": 2.0, "min_tt_shelter": 27.0, "avg_tt_community": 38.392156862745097, "avg_tt_education": 41.763157894736842, "avg_tt_essential_services": 39.823863636363633, "avg_tt_food_and_drink": 41.207634228187921, "avg_tt_healthcare": 39.108108108108105, "avg_tt_shelter": 47.277777777777779, "avg_tt_all": 41.262116417986554, "n_unreachable_categories": 0, "count_community": 102.0, "count_education": 190.0, "count_essential_services": 353.0, "count_food_and_drink": 2384.0, "count_healthcare": 222.0, "count_shelter": 18.0, "gravity_community_per_100": 0.35859569553863707, "gravity_education_per_100": 0.61059279410580214, "gravity_essential_services_per_100": 1.1913815417793496, "gravity_food_and_drink_per_100": 7.6860333077128278, "gravity_healthcare_per_100": 0.77116112162179862, "gravity_shelter_per_100": 0.047258327114978613, "shannon": 0.9554313312082533, "kl_divergence": 0.014423975259950549, "jsd": 0.061818963795224884, "city_similarity": 0.93818103620477511 }, "geometry": { "type": "Polygon", "coordinates": [ [ [ 9.196557037204018, 45.493942226244179 ], [ 9.190157906757296, 45.493953058084479 ], [ 9.186971238027155, 45.497855927678494 ], [ 9.190184146588591, 45.501748230186379 ], [ 9.196584160035728, 45.501737395417656 ], [ 9.199770381800436, 45.497834261069798 ], [ 9.196557037204018, 45.493942226244179 ] ] ] } },
{ "type": "Feature", "properties": { "from_id": "312", "population": 9060.883112898473, "gravity_community": 41.792532138360265, "gravity_education": 69.401451328778109, "gravity_essential_services": 119.96796781591279, "gravity_food_and_drink": 802.79592860188995, "gravity_healthcare": 88.174062439107473, "gravity_shelter": 9.9397781873533866, "avg_gravity": 188.67862008523366, "min_tt_community": 2.0, "min_tt_education": 10.0, "min_tt_essential_services": 9.0, "min_tt_food_and_drink": 3.0, "min_tt_healthcare": 4.0, "min_tt_shelter": 19.0, "avg_tt_community": 39.009174311926607, "avg_tt_education": 42.39108910891089, "avg_tt_essential_services": 40.126888217522655, "avg_tt_food_and_drink": 40.564091112103618, "avg_tt_healthcare": 39.235042735042732, "avg_tt_shelter": 46.030303030303031, "avg_tt_all": 41.226098085968253, "n_unreachable_categories": 0, "count_community": 109.0, "count_education": 202.0, "count_essential_services": 331.0, "count_food_and_drink": 2239.0, "count_healthcare": 235.0, "count_shelter": 33.0, "gravity_community_per_100": 0.46124126773986507, "gravity_education_per_100": 0.76594577442438039, "gravity_essential_services_per_100": 1.3240206977743079, "gravity_food_and_drink_per_100": 8.8600185942039467, "gravity_healthcare_per_100": 0.97312879264040753, "gravity_shelter_per_100": 0.10969988315160778, "shannon": 1.0133415627648523, "kl_divergence": 0.0063014154751813607, "jsd": 0.040140625062599647, "city_similarity": 0.95985937493740037 }, "geometry": { "type": "Polygon", "coordinates": [ [ [ 9.215754405844956, 45.493907579880457 ], [ 9.209355286868393, 45.493919487141596 ], [ 9.206169948101273, 45.497822889981656 ], [ 9.209384175695282, 45.501714650167493 ], [ 9.215784177666487, 45.501702739687204 ], [ 9.218969068928468, 45.497799072240589 ], [ 9.215754405844956, 45.493907579880457 ] ] ] } },
{ "type": "Feature", "properties": { "from_id": "313", "population": 5353.9839463891294, "gravity_community": 51.751350616251088, "gravity_education": 73.063006670257209, "gravity_essential_services": 205.63470704865995, "gravity_food_and_drink": 1163.7546579267594, "gravity_healthcare": 104.69075315355231, "gravity_shelter": 3.5569290178590771, "avg_gravity": 267.07523407222317, "min_tt_community": 5.0, "min_tt_education": 6.0, "min_tt_essential_services": 4.0, "min_tt_food_and_drink": 1.0, "min_tt_healthcare": 4.0, "min_tt_shelter": 10.0, "avg_tt_community": 42.04, "avg_tt_education": 43.014218009478675, "avg_tt_essential_services": 39.769230769230766, "avg_tt_food_and_drink": 38.664567451110372, "avg_tt_healthcare": 42.606557377049178, "avg_tt_shelter": 41.1, "avg_tt_all": 41.199095601144826, "n_unreachable_categories": 0, "count_community": 150.0, "count_education": 212.0, "count_essential_services": 559.0, "count_food_and_drink": 3018.0, "count_healthcare": 305.0, "count_shelter": 10.0, "gravity_community_per_100": 0.96659517724466815, "gravity_education_per_100": 1.3646474737663878, "gravity_essential_services_per_100": 3.8407792983269129, "gravity_food_and_drink_per_100": 21.73623734362571, "gravity_healthcare_per_100": 1.9553804083435582, "gravity_shelter_per_100": 0.06643518272515489, "shannon": 0.98079099734143027, "kl_divergence": 0.018677745132664417, "jsd": 0.072564938146088789, "city_similarity": 0.92743506185391122 }, "geometry": { "type": "Polygon", "coordinates": [ [ [ 9.177310717653054, 45.478383258920452 ], [ 9.170913341747639, 45.478393010061922 ], [ 9.167726216575895, 45.482295354101154 ], [ 9.170936913248054, 45.486188211755504 ], [ 9.177335171436011, 45.486178457977807 ], [ 9.180521850548809, 45.482275849182308 ], [ 9.177310717653054, 45.478383258920452 ] ] ] } },
{ "type": "Feature", "properties": { "from_id": "314", "population": 10772.421178361084, "gravity_community": 48.941431797736769, "gravity_education": 65.880353256482636, "gravity_essential_services": 194.15415766468004, "gravity_food_and_drink": 1137.2708267072567, "gravity_healthcare": 94.465286820706666, "gravity_shelter": 3.4669502267936503, "avg_gravity": 257.36316774560942, "min_tt_community": 8.0, "min_tt_education": 8.0, "min_tt_essential_services": 5.0, "min_tt_food_and_drink": 5.0, "min_tt_healthcare": 4.0, "min_tt_shelter": 14.0, "avg_tt_community": 42.113475177304963, "avg_tt_education": 42.827225130890049, "avg_tt_essential_services": 40.647058823529413, "avg_tt_food_and_drink": 37.90556318681319, "avg_tt_healthcare": 41.196226415094337, "avg_tt_shelter": 38.333333333333336, "avg_tt_all": 40.503813677827551, "n_unreachable_categories": 0, "count_community": 141.0, "count_education": 192.0, "count_essential_services": 544.0, "count_food_and_drink": 2912.0, "count_healthcare": 265.0, "count_shelter": 9.0, "gravity_community_per_100": 0.45432155861160556, "gravity_education_per_100": 0.61156495987010473, "gravity_essential_services_per_100": 1.8023260922501234, "gravity_food_and_drink_per_100": 10.557244354609248, "gravity_healthcare_per_100": 0.87691787441863278, "gravity_shelter_per_100": 0.032183574791503945, "shannon": 0.96040495442687601, "kl_divergence": 0.022496651774777325, "jsd": 0.079347221591486661, "city_similarity": 0.92065277840851334 }, "geometry": { "type": "Polygon", "coordinates": [ [ [ 9.186919662497136, 45.482265559227393 ], [ 9.180521850548809, 45.482275849182308 ], [ 9.177335171436011, 45.486178457977807 ], [ 9.180546750571413, 45.490071041537661 ], [ 9.186945444980445, 45.490060748800857 ], [ 9.190131677672882, 45.486157875286409 ], [ 9.186919662497136, 45.482265559227393 ] ] ] } },
{ "type": "Feature", "properties": { "from_id": "315", "population": 5300.5670859250486, "gravity_community": 37.102113927564794, "gravity_education": 57.501691002841568, "gravity_essential_services": 147.52890127661595, "gravity_food_and_drink": 752.16103980242497, "gravity_healthcare": 75.277906061957651, "gravity_shelter": 2.7509138748341733, "avg_gravity": 178.72042765770652, "min_tt_community": 7.0, "min_tt_education": 7.0, "min_tt_essential_services": 1.0, "min_tt_food_and_drink": 1.0, "min_tt_healthcare": 4.0, "min_tt_shelter": 12.0, "avg_tt_community": 43.875, "avg_tt_education": 42.0, "avg_tt_essential_services": 41.792682926829265, "avg_tt_food_and_drink": 40.271744471744469, "avg_tt_healthcare": 41.844339622641506, "avg_tt_shelter": 47.111111111111114, "avg_tt_all": 42.815813022054392, "n_unreachable_categories": 0, "count_community": 112.0, "count_education": 165.0, "count_essential_services": 410.0, "count_food_and_drink": 2036.0, "count_healthcare": 213.0, "count_shelter": 9.0, "gravity_community_per_100": 0.69996499103057341, "gravity_education_per_100": 1.0848214930724991, "gravity_essential_services_per_100": 2.783266372919972, "gravity_food_and_drink_per_100": 14.190199418467669, "gravity_healthcare_per_100": 1.4201858941064651, "gravity_shelter_per_100": 0.051898482374439885, "shannon": 1.0231554229205699, "kl_divergence": 0.014576186450659428, "jsd": 0.063654565199900606, "city_similarity": 0.93634543480009935 }, "geometry": { "type": "Polygon", "coordinates": [ [ [ 9.167726216575895, 45.482295354101154 ], [ 9.161328394792221, 45.482304569064127 ], [ 9.158140387335536, 45.486206644172448 ], [ 9.161350647422681, 45.490099769183949 ], [ 9.167749351672013, 45.490090551729693 ], [ 9.170936913248054, 45.486188211755504 ], [ 9.167726216575895, 45.482295354101154 ] ] ] } },
{ "type": "Feature", "properties": { "from_id": "316", "population": 12281.701948440868, "gravity_community": 51.987011468056679, "gravity_education": 71.644683939281151, "gravity_essential_services": 199.3262073144993, "gravity_food_and_drink": 1180.1708999785567, "gravity_healthcare": 102.52200035093212, "gravity_shelter": 4.6814216303026805, "avg_gravity": 268.38870411360477, "min_tt_community": 8.0, "min_tt_education": 9.0, "min_tt_essential_services": 2.0, "min_tt_food_and_drink": 2.0, "min_tt_healthcare": 3.0, "min_tt_shelter": 10.0, "avg_tt_community": 40.874125874125873, "avg_tt_education": 41.201005025125632, "avg_tt_essential_services": 40.552875695732837, "avg_tt_food_and_drink": 37.92840492840493, "avg_tt_healthcare": 38.656716417910445, "avg_tt_shelter": 43.428571428571431, "avg_tt_all": 40.440283228311863, "n_unreachable_categories": 0, "count_community": 143.0, "count_education": 199.0, "count_essential_services": 540.0, "count_food_and_drink": 3003.0, "count_healthcare": 268.0, "count_shelter": 14.0, "gravity_community_per_100": 0.42328833321554671, "gravity_education_per_100": 0.58334491620175055, "gravity_essential_services_per_100": 1.6229526506283867, "gravity_food_and_drink_per_100": 9.6091804290070435, "gravity_healthcare_per_100": 0.83475401684004413, "gravity_shelter_per_100": 0.038117043142355166, "shannon": 0.95747229581481852, "kl_divergence": 0.020463666297888941, "jsd": 0.074878530256109702, "city_similarity": 0.92512146974389031 }, "geometry": { "type": "Polygon", "coordinates": [ [ [ 9.196529925480826, 45.486147046373723 ], [ 9.190131677672882, 45.486157875286409 ], [ 9.186945444980445, 45.490060748800857 ], [ 9.190157906757296, 45.493953058084479 ], [ 9.196557037204018, 45.493942226244179 ], [ 9.199742823114592, 45.490039088048185 ], [ 9.196529925480826, 45.486147046373723 ] ] ] } },
{ "type": "Feature", "properties": { "from_id": "317", "population": 8187.2638892476871, "gravity_community": 26.901643864259508, "gravity_education": 42.781677915257369, "gravity_essential_services": 107.72007090505481, "gravity_food_and_drink": 620.75714570555908, "gravity_healthcare": 54.537103150540766, "gravity_shelter": 2.0042051686577564, "avg_gravity": 142.45030778488822, "min_tt_community": 12.0, "min_tt_education": 10.0, "min_tt_essential_services": 7.0, "min_tt_food_and_drink": 6.0, "min_tt_healthcare": 10.0, "min_tt_shelter": 23.0, "avg_tt_community": 44.8, "avg_tt_education": 45.357664233576642, "avg_tt_essential_services": 43.666666666666664, "avg_tt_food_and_drink": 42.56434023991276, "avg_tt_healthcare": 44.684210526315788, "avg_tt_shelter": 48.714285714285715, "avg_tt_all": 44.964527896792923, "n_unreachable_categories": 0, "count_community": 85.0, "count_education": 137.0, "count_essential_services": 324.0, "count_food_and_drink": 1834.0, "count_healthcare": 171.0, "count_shelter": 7.0, "gravity_community_per_100": 0.32857917160321864, "gravity_education_per_100": 0.5225393793821943, "gravity_essential_services_per_100": 1.3157029303345567, "gravity_food_and_drink_per_100": 7.5819853140534272, "gravity_healthcare_per_100": 0.66612123278650148, "gravity_shelter_per_100": 0.024479547694680689, "shannon": 0.96714810007172003, "kl_divergence": 0.018106827578482657, "jsd": 0.07100598593855395, "city_similarity": 0.92899401406144611 }, "geometry": { "type": "Polygon", "coordinates": [ [ [ 9.177335171436011, 45.486178457977807 ], [ 9.170936913248054, 45.486188211755504 ], [ 9.167749351672013, 45.490090551729693 ], [ 9.170960494405563, 45.493983402755099 ], [ 9.177359635237524, 45.49397364634045 ], [ 9.180546750571413, 45.490071041537661 ], [ 9.177335171436011, 45.486178457977807 ] ] ] } },
{ "type": "Feature", "properties": { "from_id": "318", "population": 2055.7217296168824, "gravity_community": 28.019477174247655, "gravity_education": 46.653744398581566, "gravity_essential_services": 86.904157637692819, "gravity_food_and_drink": 514.32310934639793, "gravity_healthcare": 51.362505693966646, "gravity_shelter": 1.9686169426286431, "avg_gravity": 121.53860186558587, "min_tt_community": 6.0, "min_tt_education": 15.0, "min_tt_essential_services": 7.0, "min_tt_food_and_drink": 8.0, "min_tt_healthcare": 11.0, "min_tt_shelter": 29.0, "avg_tt_community": 43.86904761904762, "avg_tt_education": 42.34306569343066, "avg_tt_essential_services": 40.654166666666669, "avg_tt_food_and_drink": 42.013944223107572, "avg_tt_healthcare": 42.432432432432435, "avg_tt_shelter": 43.0, "avg_tt_all": 42.385442772447497, "n_unreachable_categories": 0, "count_community": 84.0, "count_education": 137.0, "count_essential_services": 240.0, "count_food_and_drink": 1506.0, "count_healthcare": 149.0, "count_shelter": 6.0, "gravity_community_per_100": 1.3629995135318995, "gravity_education_per_100": 2.2694581531361377, "gravity_essential_services_per_100": 4.2274280796695587, "gravity_food_and_drink_per_100": 25.019101658386933, "gravity_healthcare_per_100": 2.498514509721065, "gravity_shelter_per_100": 0.095762812362523764, "shannon": 0.99770160447229639, "kl_divergence": 0.011840639065170803, "jsd": 0.058154282281654972, "city_similarity": 0.94184571771834502 }, "geometry": { "type": "Polygon", "coordinates": [ [ [ 9.167749351672013, 45.490090551729693 ], [ 9.161350647422681, 45.490099769183949 ], [ 9.158162203200236, 45.494001840155299 ], [ 9.161372909170337, 45.497894958610864 ], [ 9.167772496246879, 45.497885738664642 ], [ 9.170960494405563, 45.493983402755099 ], [ 9.167749351672013, 45.490090551729693 ] ] ] } },
{ "type": "Feature", "properties": { "from_id": "319", "population": 5821.8504765408543, "gravity_community": 40.130247793792179, "gravity_education": 62.318935935432606, "gravity_essential_services": 156.44018574266755, "gravity_food_and_drink": 933.02080954581243, "gravity_healthcare": 84.557190106831072, "gravity_shelter": 3.8901024292787163, "avg_gravity": 213.39291192563573, "min_tt_community": 8.0, "min_tt_education": 5.0, "min_tt_essential_services": 3.0, "min_tt_food_and_drink": 1.0, "min_tt_healthcare": 2.0, "min_tt_shelter": 23.0, "avg_tt_community": 41.061946902654867, "avg_tt_education": 41.079096045197737, "avg_tt_essential_services": 42.334070796460175, "avg_tt_food_and_drink": 39.818615751789977, "avg_tt_healthcare": 40.621739130434783, "avg_tt_shelter": 46.307692307692307, "avg_tt_all": 41.870526822371637, "n_unreachable_categories": 0, "count_community": 113.0, "count_education": 177.0, "count_essential_services": 452.0, "count_food_and_drink": 2514.0, "count_healthcare": 231.0, "count_shelter": 13.0, "gravity_community_per_100": 0.6893039928712873, "gravity_education_per_100": 1.0704317499486933, "gravity_essential_services_per_100": 2.687121326338477, "gravity_food_and_drink_per_100": 16.0261898395608, "gravity_healthcare_per_100": 1.4524108863247907, "gravity_shelter_per_100": 0.066819002737254815, "shannon": 0.96394930499829434, "kl_divergence": 0.018656145739425048, "jsd": 0.071306686593698404, "city_similarity": 0.92869331340630157 }, "geometry": { "type": "Polygon", "coordinates": [ [ [ 9.186945444980445, 45.490060748800857 ], [ 9.180546750571413, 45.490071041537661 ], [ 9.177359635237524, 45.49397364634045 ], [ 9.180571660795867, 45.497866223197981 ], [ 9.186971238027155, 45.497855927678494 ], [ 9.190157906757296, 45.493953058084479 ], [ 9.186945444980445, 45.490060748800857 ] ] ] } },
{ "type": "Feature", "properties": { "from_id": "320", "population": 8077.676205874578, "gravity_community": 30.493273181215869, "gravity_education": 53.698774240939308, "gravity_essential_services": 97.104877223946772, "gravity_food_and_drink": 571.19449205254716, "gravity_healthcare": 59.516709498023367, "gravity_shelter": 2.3612942485687896, "avg_gravity": 135.72823674087354, "min_tt_community": 3.0, "min_tt_education": 7.0, "min_tt_essential_services": 7.0, "min_tt_food_and_drink": 2.0, "min_tt_healthcare": 5.0, "min_tt_shelter": 20.0, "avg_tt_community": 43.858695652173914, "avg_tt_education": 43.509316770186338, "avg_tt_essential_services": 43.881756756756758, "avg_tt_food_and_drink": 43.153575615474793, "avg_tt_healthcare": 42.954545454545453, "avg_tt_shelter": 42.857142857142854, "avg_tt_all": 43.369172184380012, "n_unreachable_categories": 0, "count_community": 92.0, "count_education": 161.0, "count_essential_services": 296.0, "count_food_and_drink": 1706.0, "count_healthcare": 176.0, "count_shelter": 7.0, "gravity_community_per_100": 0.37750056333081666, "gravity_education_per_100": 0.66477997969126679, "gravity_essential_services_per_100": 1.2021387679952582, "gravity_food_and_drink_per_100": 7.0712724488404195, "gravity_healthcare_per_100": 0.73680484313965433, "gravity_shelter_per_100": 0.029232345892393069, "shannon": 1.0155139171415009, "kl_divergence": 0.010960520378569394, "jsd": 0.056167083475356525, "city_similarity": 0.94383291652464352 }, "geometry": { "type": "Polygon", "coordinates": [ [ [ 9.177359635237524, 45.49397364634045 ], [ 9.170960494405563, 45.493983402755099 ], [ 9.167772496246879, 45.497885738664642 ], [ 9.170984085225026, 45.501778583060783 ], [ 9.177384109062633, 45.501768824008444 ], [ 9.180571660795867, 45.497866223197981 ], [ 9.177359635237524, 45.49397364634045 ] ] ] } },
{ "type": "Feature", "properties": { "from_id": "321", "population": 6606.4551429139283, "gravity_community": 26.632755780563727, "gravity_education": 48.531655546175344, "gravity_essential_services": 69.55080341439249, "gravity_food_and_drink": 390.15572848410687, "gravity_healthcare": 44.87247016475353, "gravity_shelter": 2.4547327374313399, "avg_gravity": 97.033024354570543, "min_tt_community": 4.0, "min_tt_education": 6.0, "min_tt_essential_services": 1.0, "min_tt_food_and_drink": 2.0, "min_tt_healthcare": 2.0, "min_tt_shelter": 9.0, "avg_tt_community": 45.444444444444443, "avg_tt_education": 42.778571428571432, "avg_tt_essential_services": 42.729064039408868, "avg_tt_food_and_drink": 43.943123938879459, "avg_tt_healthcare": 43.624060150375939, "avg_tt_shelter": 38.166666666666664, "avg_tt_all": 42.780988444724471, "n_unreachable_categories": 0, "count_community": 82.0, "count_education": 140.0, "count_essential_services": 203.0, "count_food_and_drink": 1178.0, "count_healthcare": 134.0, "count_shelter": 6.0, "gravity_community_per_100": 0.40313231838302832, "gravity_education_per_100": 0.73460962795199336, "gravity_essential_services_per_100": 1.0527703875957224, "gravity_food_and_drink_per_100": 5.9056743751993412, "gravity_healthcare_per_100": 0.67922159757466383, "gravity_shelter_per_100": 0.037156579199122873, "shannon": 1.0783164348309058, "kl_divergence": 0.0069103388971999483, "jsd": 0.045280109045525235, "city_similarity": 0.95471989095447474 }, "geometry": { "type": "Polygon", "coordinates": [ [ [ 9.167772496246879, 45.497885738664642 ], [ 9.161372909170337, 45.497894958610864 ], [ 9.158184028003605, 45.501797025445583 ], [ 9.161395180039776, 45.505690137344928 ], [ 9.167795650305266, 45.505680914906058 ], [ 9.170984085225026, 45.501778583060783 ], [ 9.167772496246879, 45.497885738664642 ] ] ] } },
{ "type": "Feature", "properties": { "from_id": "322", "population": 8427.9376034700854, "gravity_community": 33.036877164088949, "gravity_education": 57.434480472932279, "gravity_essential_services": 101.42524038501298, "gravity_food_and_drink": 607.11233606704786, "gravity_healthcare": 66.245855557957938, "gravity_shelter": 4.3929750220049621, "avg_gravity": 144.94129411150749, "min_tt_community": 6.0, "min_tt_education": 4.0, "min_tt_essential_services": 9.0, "min_tt_food_and_drink": 1.0, "min_tt_healthcare": 3.0, "min_tt_shelter": 26.0, "avg_tt_community": 42.666666666666664, "avg_tt_education": 41.668711656441715, "avg_tt_essential_services": 43.364238410596023, "avg_tt_food_and_drink": 43.24722222222222, "avg_tt_healthcare": 41.568306010928964, "avg_tt_shelter": 47.466666666666669, "avg_tt_all": 43.330301938920378, "n_unreachable_categories": 0, "count_community": 96.0, "count_education": 163.0, "count_essential_services": 302.0, "count_food_and_drink": 1800.0, "count_healthcare": 184.0, "count_shelter": 15.0, "gravity_community_per_100": 0.39199242707357584, "gravity_education_per_100": 0.68147728632072968, "gravity_essential_services_per_100": 1.2034408079059884, "gravity_food_and_drink_per_100": 7.2035694215044712, "gravity_healthcare_per_100": 0.78602688670454968, "gravity_shelter_per_100": 0.052123962334465035, "shannon": 1.017624999531735, "kl_divergence": 0.0078479476721322397, "jsd": 0.045876627240531244, "city_similarity": 0.95412337275946879 }, "geometry": { "type": "Polygon", "coordinates": [ [ [ 9.186971238027155, 45.497855927678494 ], [ 9.180571660795867, 45.497866223197981 ], [ 9.177384109062633, 45.501768824008444 ], [ 9.180596581227308, 45.505661394163319 ], [ 9.186997041642586, 45.505651095860401 ], [ 9.190184146588591, 45.501748230186379 ], [ 9.186971238027155, 45.497855927678494 ] ] ] } },
{ "type": "Feature", "properties": { "from_id": "323", "population": 9599.939819068044, "gravity_community": 17.177084456537973, "gravity_education": 35.500451171151909, "gravity_essential_services": 32.256742339395274, "gravity_food_and_drink": 232.47592710566133, "gravity_healthcare": 34.081902445433414, "gravity_shelter": 8.6280346007917199, "avg_gravity": 60.020023686495257, "min_tt_community": 14.0, "min_tt_education": 10.0, "min_tt_essential_services": 11.0, "min_tt_food_and_drink": 10.0, "min_tt_healthcare": 11.0, "min_tt_shelter": 11.0, "avg_tt_community": 42.647058823529413, "avg_tt_education": 43.694444444444443, "avg_tt_essential_services": 45.91346153846154, "avg_tt_food_and_drink": 46.226315789473681, "avg_tt_healthcare": 44.631067961165051, "avg_tt_shelter": 38.68181818181818, "avg_tt_all": 43.632361123148719, "n_unreachable_categories": 0, "count_community": 51.0, "count_education": 108.0, "count_essential_services": 104.0, "count_food_and_drink": 760.0, "count_healthcare": 104.0, "count_shelter": 22.0, "gravity_community_per_100": 0.17892908476800756, "gravity_education_per_100": 0.36979868457756926, "gravity_essential_services_per_100": 0.33600983909633236, "gravity_food_and_drink_per_100": 2.4216394215711858, "gravity_healthcare_per_100": 0.35502204271882681, "gravity_shelter_per_100": 0.089875923843336383, "shannon": 1.1445136580989503, "kl_divergence": 0.0055867408517312764, "jsd": 0.037505390719958141, "city_similarity": 0.96249460928004182 }, "geometry": { "type": "Polygon", "coordinates": [ [ [ 9.254078933725145, 45.478238299384458 ], [ 9.247681605821803, 45.47825234987274 ], [ 9.244499797206192, 45.482156824866074 ], [ 9.247715764588508, 45.486047513538736 ], [ 9.254113974750231, 45.486033459251907 ], [ 9.257295335150806, 45.482128720091403 ], [ 9.254078933725145, 45.478238299384458 ] ] ] } },
{ "type": "Feature", "properties": { "from_id": "324", "population": 1785.6234042533781, "gravity_community": 33.611484732951943, "gravity_education": 62.002942249417515, "gravity_essential_services": 99.294672384624704, "gravity_food_and_drink": 685.03065276219331, "gravity_healthcare": 82.824266807454393, "gravity_shelter": 11.018233448365828, "avg_gravity": 162.29704206416793, "min_tt_community": 4.0, "min_tt_education": 4.0, "min_tt_essential_services": 3.0, "min_tt_food_and_drink": 1.0, "min_tt_healthcare": 3.0, "min_tt_shelter": 10.0, "avg_tt_community": 39.011363636363633, "avg_tt_education": 36.542483660130721, "avg_tt_essential_services": 38.869731800766282, "avg_tt_food_and_drink": 37.490218642117377, "avg_tt_healthcare": 36.427860696517413, "avg_tt_shelter": 39.7, "avg_tt_all": 38.006943072649243, "n_unreachable_categories": 0, "count_community": 88.0, "count_education": 153.0, "count_essential_services": 261.0, "count_food_and_drink": 1738.0, "count_healthcare": 202.0, "count_shelter": 30.0, "gravity_community_per_100": 1.8823389440846792, "gravity_education_per_100": 3.4723414859889106, "gravity_essential_services_per_100": 5.5607846619899526, "gravity_food_and_drink_per_100": 38.36366902060319, "gravity_healthcare_per_100": 4.6383950059215122, "gravity_shelter_per_100": 0.61705247714161082, "shannon": 1.0342065186479465, "kl_divergence": 0.0049454087885014422, "jsd": 0.035567171778813488, "city_similarity": 0.96443282822118648 }, "geometry": { "type": "Polygon", "coordinates": [ [ [ 9.234886936148046, 45.478279376022101 ], [ 9.228489594618473, 45.478292351681858 ], [ 9.225306456064557, 45.482196294594438 ], [ 9.228521106596194, 45.486087526162358 ], [ 9.234919330391007, 45.486074546994622 ], [ 9.238102021268491, 45.48217033976735 ], [ 9.234886936148046, 45.478279376022101 ] ] ] } },
{ "type": "Feature", "properties": { "from_id": "325", "population": 12753.2875814537, "gravity_community": 29.892378211365429, "gravity_education": 57.821463204328218, "gravity_essential_services": 73.215312925689688, "gravity_food_and_drink": 515.94239020349335, "gravity_healthcare": 64.30429661862658, "gravity_shelter": 11.132568322412455, "avg_gravity": 125.38473491431928, "min_tt_community": 5.0, "min_tt_education": 4.0, "min_tt_essential_services": 4.0, "min_tt_food_and_drink": 1.0, "min_tt_healthcare": 1.0, "min_tt_shelter": 7.0, "avg_tt_community": 39.814814814814817, "avg_tt_education": 38.65562913907285, "avg_tt_essential_services": 42.449275362318843, "avg_tt_food_and_drink": 40.896022330774599, "avg_tt_healthcare": 39.065088757396452, "avg_tt_shelter": 37.107142857142854, "avg_tt_all": 39.664662210253404, "n_unreachable_categories": 0, "count_community": 81.0, "count_education": 151.0, "count_essential_services": 208.0, "count_food_and_drink": 1433.0, "count_healthcare": 169.0, "count_shelter": 28.0, "gravity_community_per_100": 0.23438958794308085, "gravity_education_per_100": 0.45338476714360548, "gravity_essential_services_per_100": 0.57408971967480826, "gravity_food_and_drink_per_100": 4.0455638352717438, "gravity_healthcare_per_100": 0.50421741223918026, "gravity_shelter_per_100": 0.087291753215083492, "shannon": 1.0660352376033015, "kl_divergence": 0.0025414610787923681, "jsd": 0.02538929825216624, "city_similarity": 0.97461070174783371 }, "geometry": { "type": "Polygon", "coordinates": [ [ [ 9.244499797206192, 45.482156824866074 ], [ 9.238102021268491, 45.48217033976735 ], [ 9.234919330391007, 45.486074546994622 ], [ 9.238134863368579, 45.489965503598093 ], [ 9.244533521748858, 45.489951985043064 ], [ 9.247715764588508, 45.486047513538736 ], [ 9.244499797206192, 45.482156824866074 ] ] ] } },
{ "type": "Feature", "properties": { "from_id": "326", "population": 7644.523593335588, "gravity_community": 19.097607478955567, "gravity_education": 35.736819250453969, "gravity_essential_services": 32.821853527846862, "gravity_food_and_drink": 243.16115992231482, "gravity_healthcare": 35.236675018707913, "gravity_shelter": 9.1693391192409557, "avg_gravity": 62.537242386253347, "min_tt_community": 4.0, "min_tt_education": 12.0, "min_tt_essential_services": 18.0, "min_tt_food_and_drink": 6.0, "min_tt_healthcare": 18.0, "min_tt_shelter": 24.0, "avg_tt_community": 42.017857142857146, "avg_tt_education": 42.907407407407405, "avg_tt_essential_services": 44.865384615384613, "avg_tt_food_and_drink": 45.835012594458441, "avg_tt_healthcare": 44.592592592592595, "avg_tt_shelter": 39.807692307692307, "avg_tt_all": 43.337657776732094, "n_unreachable_categories": 0, "count_community": 56.0, "count_education": 108.0, "count_essential_services": 104.0, "count_food_and_drink": 794.0, "count_healthcare": 109.0, "count_shelter": 26.0, "gravity_community_per_100": 0.24982076706002521, "gravity_education_per_100": 0.46748262091321086, "gravity_essential_services_per_100": 0.4293511966718318, "gravity_food_and_drink_per_100": 3.1808543325616792, "gravity_healthcare_per_100": 0.46094010422607451, "gravity_shelter_per_100": 0.11994650820666819, "shannon": 1.1462385200275078, "kl_divergence": 0.0067514234149791911, "jsd": 0.04128843321554912, "city_similarity": 0.95871156678445091 }, "geometry": { "type": "Polygon", "coordinates": [ [ [ 9.254113974750231, 45.486033459251907 ], [ 9.247715764588508, 45.486047513538736 ], [ 9.244533521748858, 45.489951985043064 ], [ 9.247749937349747, 45.493842666500328 ], [ 9.254149030131295, 45.493828608413921 ], [ 9.257330824571618, 45.489923872670268 ], [ 9.254113974750231, 45.486033459251907 ] ] ] } },
{ "type": "Feature", "properties": { "from_id": "327", "population": 1333.1540576717191, "gravity_community": 34.713436982221779, "gravity_education": 64.309129344464154, "gravity_essential_services": 91.957712471986028, "gravity_food_and_drink": 653.31329463126735, "gravity_healthcare": 77.510626376368648, "gravity_shelter": 13.175536174941636, "avg_gravity": 155.82995599687493, "min_tt_community": 8.0, "min_tt_education": 7.0, "min_tt_essential_services": 8.0, "min_tt_food_and_drink": 1.0, "min_tt_healthcare": 1.0, "min_tt_shelter": 13.0, "avg_tt_community": 37.471910112359552, "avg_tt_education": 37.408536585365852, "avg_tt_essential_services": 39.239669421487605, "avg_tt_food_and_drink": 37.105423522242532, "avg_tt_healthcare": 36.486910994764401, "avg_tt_shelter": 45.30952380952381, "avg_tt_all": 38.836995740957292, "n_unreachable_categories": 0, "count_community": 89.0, "count_education": 164.0, "count_essential_services": 243.0, "count_food_and_drink": 1641.0, "count_healthcare": 191.0, "count_shelter": 42.0, "gravity_community_per_100": 2.6038578799247634, "gravity_education_per_100": 4.823833297764291, "gravity_essential_services_per_100": 6.8977558852114331, "gravity_food_and_drink_per_100": 49.005086161778138, "gravity_healthcare_per_100": 5.8140787203345976, "gravity_shelter_per_100": 0.98829809646695987, "shannon": 1.0705312008648966, "kl_divergence": 0.003114450545918484, "jsd": 0.028076317862341677, "city_similarity": 0.97192368213765834 }, "geometry": { "type": "Polygon", "coordinates": [ [ [ 9.234919330391007, 45.486074546994622 ], [ 9.228521106596194, 45.486087526162358 ], [ 9.225337533272775, 45.489991465442088 ], [ 9.22855263148411, 45.493882689941415 ], [ 9.234951737905611, 45.49386970726475 ], [ 9.238134863368579, 45.489965503598093 ], [ 9.234919330391007, 45.486074546994622 ] ] ] } },
{ "type": "Feature", "properties": { "from_id": "328", "population": 11028.61825811836, "gravity_community": 27.948612946347982, "gravity_education": 52.386306538498374, "gravity_essential_services": 54.41672942513523, "gravity_food_and_drink": 407.60663371685769, "gravity_healthcare": 54.337818134380008, "gravity_shelter": 12.814300875405799, "avg_gravity": 101.58506693943751, "min_tt_community": 10.0, "min_tt_education": 6.0, "min_tt_essential_services": 10.0, "min_tt_food_and_drink": 5.0, "min_tt_healthcare": 9.0, "min_tt_shelter": 14.0, "avg_tt_community": 39.710526315789473, "avg_tt_education": 38.744525547445257, "avg_tt_essential_services": 42.534591194968556, "avg_tt_food_and_drink": 40.251561106155222, "avg_tt_healthcare": 40.688741721854306, "avg_tt_shelter": 38.676470588235297, "avg_tt_all": 40.101069412408023, "n_unreachable_categories": 0, "count_community": 76.0, "count_education": 137.0, "count_essential_services": 159.0, "count_food_and_drink": 1121.0, "count_healthcare": 151.0, "count_shelter": 34.0, "gravity_community_per_100": 0.25341898950736202, "gravity_education_per_100": 0.47500335320733306, "gravity_essential_services_per_100": 0.49341384524827592, "gravity_food_and_drink_per_100": 3.6958993790252124, "gravity_healthcare_per_100": 0.49269833140140634, "gravity_shelter_per_100": 0.11619135394384485, "shannon": 1.1331826958121232, "kl_divergence": 0.0033422147978398467, "jsd": 0.028987379348452264, "city_similarity": 0.9710126206515477 }, "geometry": { "type": "Polygon", "coordinates": [ [ [ 9.244533521748858, 45.489951985043064 ], [ 9.238134863368579, 45.489965503598093 ], [ 9.234951737905611, 45.49386970726475 ], [ 9.238167718924419, 45.497760656726008 ], [ 9.244567260108816, 45.49774713451621 ], [ 9.247749937349747, 45.493842666500328 ], [ 9.244533521748858, 45.489951985043064 ] ] ] } },
{ "type": "Feature", "properties": { "from_id": "329", "population": 3075.4838513799286, "gravity_community": 19.584495973922433, "gravity_education": 37.051610628796638, "gravity_essential_services": 27.866392884652981, "gravity_food_and_drink": 220.55426812205178, "gravity_healthcare": 32.261641949618067, "gravity_shelter": 12.206918549860955, "avg_gravity": 58.254221351483814, "min_tt_community": 11.0, "min_tt_education": 7.0, "min_tt_essential_services": 21.0, "min_tt_food_and_drink": 5.0, "min_tt_healthcare": 5.0, "min_tt_shelter": 11.0, "avg_tt_community": 41.696428571428569, "avg_tt_education": 42.871559633027523, "avg_tt_essential_services": 45.466666666666669, "avg_tt_food_and_drink": 43.472429210134131, "avg_tt_healthcare": 44.051546391752581, "avg_tt_shelter": 38.064516129032256, "avg_tt_all": 42.603857767006957, "n_unreachable_categories": 0, "count_community": 56.0, "count_education": 109.0, "count_essential_services": 90.0, "count_food_and_drink": 671.0, "count_healthcare": 98.0, "count_shelter": 31.0, "gravity_community_per_100": 0.63679397845432129, "gravity_education_per_100": 1.2047408609273651, "gravity_essential_services_per_100": 0.90608158687452389, "gravity_food_and_drink_per_100": 7.1713681092193688, "gravity_healthcare_per_100": 1.0489940285377437, "gravity_shelter_per_100": 0.39691050708602721, "shannon": 1.212552926967855, "kl_divergence": 0.015498392560695143, "jsd": 0.060933150665327687, "city_similarity": 0.93906684933467233 }, "geometry": { "type": "Polygon", "coordinates": [ [ [ 9.254149030131295, 45.493828608413921 ], [ 9.247749937349747, 45.493842666500328 ], [ 9.244567260108816, 45.49774713451621 ], [ 9.247784124112568, 45.5016378087576 ], [ 9.254184099875568, 45.501623746870557 ], [ 9.257366328532791, 45.497719014543186 ], [ 9.254149030131295, 45.493828608413921 ] ] ] } },
{ "type": "Feature", "properties": { "from_id": "330", "population": 73.143609676967728, "gravity_community": 33.083976809857148, "gravity_education": 60.411218748940236, "gravity_essential_services": 74.715562517090135, "gravity_food_and_drink": 568.7040122578876, "gravity_healthcare": 67.063464142036793, "gravity_shelter": 12.249288740041816, "avg_gravity": 136.03792053597562, "min_tt_community": 2.0, "min_tt_education": 4.0, "min_tt_essential_services": 1.0, "min_tt_food_and_drink": 1.0, "min_tt_healthcare": 1.0, "min_tt_shelter": 16.0, "avg_tt_community": 37.892857142857146, "avg_tt_education": 39.213836477987421, "avg_tt_essential_services": 41.285714285714285, "avg_tt_food_and_drink": 39.897554527428952, "avg_tt_healthcare": 37.497041420118343, "avg_tt_shelter": 38.636363636363633, "avg_tt_all": 39.070561248411629, "n_unreachable_categories": 0, "count_community": 84.0, "count_education": 159.0, "count_essential_services": 210.0, "count_food_and_drink": 1516.0, "count_healthcare": 169.0, "count_shelter": 33.0, "gravity_community_per_100": 45.231534177721883, "gravity_education_per_100": 82.592613374894995, "gravity_essential_services_per_100": 102.14913216214623, "gravity_food_and_drink_per_100": 777.51701723434007, "gravity_healthcare_per_100": 91.687386551219774, "gravity_shelter_per_100": 16.746902147897423, "shannon": 1.056364759283879, "kl_divergence": 0.0036619485107191483, "jsd": 0.030517486392958263, "city_similarity": 0.96948251360704174 }, "geometry": { "type": "Polygon", "coordinates": [ [ [ 9.234951737905611, 45.49386970726475 ], [ 9.22855263148411, 45.493882689941415 ], [ 9.22536862321367, 45.497786625588837 ], [ 9.228584169288723, 45.50167784301911 ], [ 9.234984158698543, 45.501664856832548 ], [ 9.238167718924419, 45.497760656726008 ], [ 9.234951737905611, 45.49386970726475 ] ] ] } },
{ "type": "Feature", "properties": { "from_id": "331", "population": 8372.6410922794603, "gravity_community": 27.301192641618012, "gravity_education": 47.408703127191316, "gravity_essential_services": 44.79391495127328, "gravity_food_and_drink": 347.7394949991434, "gravity_healthcare": 46.519444624996581, "gravity_shelter": 14.169682908100516, "avg_gravity": 87.988738875387185, "min_tt_community": 3.0, "min_tt_education": 4.0, "min_tt_essential_services": 2.0, "min_tt_food_and_drink": 1.0, "min_tt_healthcare": 4.0, "min_tt_shelter": 5.0, "avg_tt_community": 38.628571428571426, "avg_tt_education": 38.247933884297524, "avg_tt_essential_services": 40.421487603305785, "avg_tt_food_and_drink": 38.95384615384615, "avg_tt_healthcare": 39.912, "avg_tt_shelter": 32.516129032258064, "avg_tt_all": 38.113328017046491, "n_unreachable_categories": 0, "count_community": 70.0, "count_education": 121.0, "count_essential_services": 122.0, "count_food_and_drink": 910.0, "count_healthcare": 125.0, "count_shelter": 31.0, "gravity_community_per_100": 0.32607623258559187, "gravity_education_per_100": 0.56623355288581045, "gravity_essential_services_per_100": 0.53500340522870893, "gravity_food_and_drink_per_100": 4.1532831894561832, "gravity_healthcare_per_100": 0.55561254940084404, "gravity_shelter_per_100": 0.16923791133441271, "shannon": 1.1565951719850942, "kl_divergence": 0.0064672849323057988, "jsd": 0.040256756995085144, "city_similarity": 0.95974324300491487 }, "geometry": { "type": "Polygon", "coordinates": [ [ [ 9.244567260108816, 45.49774713451621 ], [ 9.238167718924419, 45.497760656726008 ], [ 9.234984158698543, 45.501664856832548 ], [ 9.238200587942789, 45.505555799151118 ], [ 9.244601012293023, 45.505542273285556 ], [ 9.247784124112568, 45.5016378087576 ], [ 9.244567260108816, 45.49774713451621 ] ] ] } },
{ "type": "Feature", "properties": { "from_id": "332", "population": 10100.60449022504, "gravity_community": 23.847271714752917, "gravity_education": 44.969740770781897, "gravity_essential_services": 47.024701996396267, "gravity_food_and_drink": 345.28314848307127, "gravity_healthcare": 47.307849814258873, "gravity_shelter": 12.794600583174253, "avg_gravity": 86.87121889373924, "min_tt_community": 6.0, "min_tt_education": 8.0, "min_tt_essential_services": 14.0, "min_tt_food_and_drink": 2.0, "min_tt_healthcare": 3.0, "min_tt_shelter": 18.0, "avg_tt_community": 37.1, "avg_tt_education": 39.775, "avg_tt_essential_services": 44.263888888888886, "avg_tt_food_and_drink": 41.337125129265772, "avg_tt_healthcare": 40.9765625, "avg_tt_shelter": 31.862068965517242, "avg_tt_all": 39.219107580611983, "n_unreachable_categories": 0, "count_community": 60.0, "count_education": 120.0, "count_essential_services": 144.0, "count_food_and_drink": 967.0, "count_healthcare": 129.0, "count_shelter": 29.0, "gravity_community_per_100": 0.23609747058041278, "gravity_education_per_100": 0.44521831158028025, "gravity_essential_services_per_100": 0.46556324467416671, "gravity_food_and_drink_per_100": 3.4184404390571124, "gravity_healthcare_per_100": 0.46836652063786388, "gravity_shelter_per_100": 0.12667163233206838, "shannon": 1.1311271334329265, "kl_divergence": 0.0026687346022873275, "jsd": 0.025786157245885098, "city_similarity": 0.97421384275411493 }, "geometry": { "type": "Polygon", "coordinates": [ [ [ 9.234984158698543, 45.501664856832548 ], [ 9.228584169288723, 45.50167784301911 ], [ 9.22539972589365, 45.505581775034706 ], [ 9.228615720016533, 45.509472985395483 ], [ 9.235016592776486, 45.509459995698059 ], [ 9.238200587942789, 45.505555799151118 ], [ 9.234984158698543, 45.501664856832548 ] ] ] } },
{ "type": "Feature", "properties": { "from_id": "333", "population": 7550.6989522049234, "gravity_community": 27.585548828721119, "gravity_education": 47.081618286318069, "gravity_essential_services": 62.024120822527273, "gravity_food_and_drink": 307.91051519630508, "gravity_healthcare": 46.467872088227693, "gravity_shelter": 3.8425477129528498, "avg_gravity": 82.485370489175352, "min_tt_community": 8.0, "min_tt_education": 6.0, "min_tt_essential_services": 3.0, "min_tt_food_and_drink": 1.0, "min_tt_healthcare": 4.0, "min_tt_shelter": 34.0, "avg_tt_community": 41.692307692307693, "avg_tt_education": 39.032, "avg_tt_essential_services": 39.838323353293411, "avg_tt_food_and_drink": 41.819954128440365, "avg_tt_healthcare": 41.056451612903224, "avg_tt_shelter": 48.928571428571431, "avg_tt_all": 42.061268035919362, "n_unreachable_categories": 0, "count_community": 78.0, "count_education": 125.0, "count_essential_services": 167.0, "count_food_and_drink": 872.0, "count_healthcare": 125.0, "count_shelter": 14.0, "gravity_community_per_100": 0.36533768599880023, "gravity_education_per_100": 0.62353986808823159, "gravity_essential_services_per_100": 0.8214354884909727, "gravity_food_and_drink_per_100": 4.0779074512882065, "gravity_healthcare_per_100": 0.61541153186432285, "gravity_shelter_per_100": 0.050889960482807556, "shannon": 1.1895190777227627, "kl_divergence": 0.0040862813243619407, "jsd": 0.03190018942036435, "city_similarity": 0.96809981057963568 }, "geometry": { "type": "Polygon", "coordinates": [ [ [ 9.148553229927341, 45.490117128806666 ], [ 9.142154516922371, 45.490125270974261 ], [ 9.138964744346955, 45.494026807676136 ], [ 9.142174130179457, 45.497920467295671 ], [ 9.148573726016046, 45.497912322926815 ], [ 9.151763053067967, 45.494010521139927 ], [ 9.148553229927341, 45.490117128806666 ] ] ] } },
{ "type": "Feature", "properties": { "from_id": "334", "population": 10428.367897627488, "gravity_community": 25.653404120579669, "gravity_education": 47.308337190147796, "gravity_essential_services": 63.263976119489172, "gravity_food_and_drink": 343.19247764636231, "gravity_healthcare": 41.464492329912169, "gravity_shelter": 2.1946802271664478, "avg_gravity": 87.179561272276274, "min_tt_community": 6.0, "min_tt_education": 7.0, "min_tt_essential_services": 5.0, "min_tt_food_and_drink": 3.0, "min_tt_healthcare": 5.0, "min_tt_shelter": 36.0, "avg_tt_community": 42.219178082191782, "avg_tt_education": 41.606060606060609, "avg_tt_essential_services": 39.776470588235291, "avg_tt_food_and_drink": 42.78029556650246, "avg_tt_healthcare": 40.601769911504427, "avg_tt_shelter": 49.375, "avg_tt_all": 42.726462459082427, "n_unreachable_categories": 0, "count_community": 73.0, "count_education": 132.0, "count_essential_services": 171.0, "count_food_and_drink": 1015.0, "count_healthcare": 113.0, "count_shelter": 8.0, "gravity_community_per_100": 0.24599634739023699, "gravity_education_per_100": 0.45365044323868464, "gravity_essential_services_per_100": 0.60665270673738003, "gravity_food_and_drink_per_100": 3.2909510003424458, "gravity_healthcare_per_100": 0.39761248104169367, "gravity_shelter_per_100": 0.021045289624522644, "shannon": 1.0948183415616488, "kl_divergence": 0.0054343299927709192, "jsd": 0.038905407958904292, "city_similarity": 0.96109459204109571 }, "geometry": { "type": "Polygon", "coordinates": [ [ [ 9.158162203200236, 45.494001840155299 ], [ 9.151763053067967, 45.494010521139927 ], [ 9.148573726016046, 45.497912322926815 ], [ 9.151783994861006, 45.501805708777162 ], [ 9.158184028003605, 45.501797025445583 ], [ 9.161372909170337, 45.497894958610864 ], [ 9.158162203200236, 45.494001840155299 ] ] ] } },
{ "type": "Feature", "properties": { "from_id": "335", "population": 6989.6547650500788, "gravity_community": 22.598071904267897, "gravity_education": 40.377048146330544, "gravity_essential_services": 41.535388808389108, "gravity_food_and_drink": 182.64937792365555, "gravity_healthcare": 30.44281885195436, "gravity_shelter": 4.7974101029062792, "avg_gravity": 53.733352622917288, "min_tt_community": 8.0, "min_tt_education": 2.0, "min_tt_essential_services": 3.0, "min_tt_food_and_drink": 5.0, "min_tt_healthcare": 8.0, "min_tt_shelter": 33.0, "avg_tt_community": 39.327868852459019, "avg_tt_education": 40.8125, "avg_tt_essential_services": 43.745901639344261, "avg_tt_food_and_drink": 42.664772727272727, "avg_tt_healthcare": 40.452380952380949, "avg_tt_shelter": 48.0, "avg_tt_all": 42.500570695242828, "n_unreachable_categories": 0, "count_community": 61.0, "count_education": 112.0, "count_essential_services": 123.0, "count_food_and_drink": 528.0, "count_healthcare": 84.0, "count_shelter": 17.0, "gravity_community_per_100": 0.32330741165162524, "gravity_education_per_100": 0.57766870472952836, "gravity_essential_services_per_100": 0.59424092039675325, "gravity_food_and_drink_per_100": 2.6131387609720798, "gravity_healthcare_per_100": 0.4355410943066263, "gravity_shelter_per_100": 0.068635866350573713, "shannon": 1.3145830023370171, "kl_divergence": 0.022813237874889668, "jsd": 0.073945122156670332, "city_similarity": 0.92605487784332963 }, "geometry": { "type": "Polygon", "coordinates": [ [ [ 9.138964744346955, 45.494026807676136 ], [ 9.132565585999313, 45.494034413226899 ], [ 9.129374930590288, 45.497935680453146 ], [ 9.132583878752971, 45.501829607323437 ], [ 9.138983920115079, 45.501821999716491 ], [ 9.142174130179457, 45.497920467295671 ], [ 9.138964744346955, 45.494026807676136 ] ] ] } },
{ "type": "Feature", "properties": { "from_id": "336", "population": 4210.7619288267369, "gravity_community": 24.220381962939641, "gravity_education": 44.071593019699776, "gravity_essential_services": 46.475591512734837, "gravity_food_and_drink": 225.07657143073163, "gravity_healthcare": 34.20993652029204, "gravity_shelter": 3.61519965349048, "avg_gravity": 62.944879016648066, "min_tt_community": 4.0, "min_tt_education": 3.0, "min_tt_essential_services": 11.0, "min_tt_food_and_drink": 6.0, "min_tt_healthcare": 6.0, "min_tt_shelter": 34.0, "avg_tt_community": 39.369230769230768, "avg_tt_education": 38.939130434782612, "avg_tt_essential_services": 42.172932330827066, "avg_tt_food_and_drink": 42.747706422018346, "avg_tt_healthcare": 40.936170212765958, "avg_tt_shelter": 48.53846153846154, "avg_tt_all": 42.117271951347711, "n_unreachable_categories": 0, "count_community": 65.0, "count_education": 115.0, "count_essential_services": 134.0, "count_food_and_drink": 654.0, "count_healthcare": 94.0, "count_shelter": 13.0, "gravity_community_per_100": 0.57520188441734754, "gravity_education_per_100": 1.0466417661370762, "gravity_essential_services_per_100": 1.1037335355999225, "gravity_food_and_drink_per_100": 5.3452694603763957, "gravity_healthcare_per_100": 0.81244052973149461, "gravity_shelter_per_100": 0.085856187421590915, "shannon": 1.2371185837049572, "kl_divergence": 0.010054346857237433, "jsd": 0.049264254044249424, "city_similarity": 0.95073574595575061 }, "geometry": { "type": "Polygon", "coordinates": [ [ [ 9.148573726016046, 45.497912322926815 ], [ 9.142174130179457, 45.497920467295671 ], [ 9.138983920115079, 45.501821999716491 ], [ 9.142193751473114, 45.505715652926106 ], [ 9.148594230503061, 45.505707506355385 ], [ 9.151783994861006, 45.501805708777162 ], [ 9.148573726016046, 45.497912322926815 ] ] ] } },
{ "type": "Feature", "properties": { "from_id": "337", "population": 6385.0031882006369, "gravity_community": 23.341475809677206, "gravity_education": 39.671648575768543, "gravity_essential_services": 32.297013415970341, "gravity_food_and_drink": 141.39504841622406, "gravity_healthcare": 28.296714805696741, "gravity_shelter": 4.6427933994799879, "avg_gravity": 44.940782403802814, "min_tt_community": 16.0, "min_tt_education": 10.0, "min_tt_essential_services": 15.0, "min_tt_food_and_drink": 1.0, "min_tt_healthcare": 4.0, "min_tt_shelter": 27.0, "avg_tt_community": 38.58064516129032, "avg_tt_education": 40.772727272727273, "avg_tt_essential_services": 43.9375, "avg_tt_food_and_drink": 42.633004926108377, "avg_tt_healthcare": 40.835443037974684, "avg_tt_shelter": 45.06666666666667, "avg_tt_all": 41.970997844127886, "n_unreachable_categories": 0, "count_community": 62.0, "count_education": 110.0, "count_essential_services": 97.0, "count_food_and_drink": 407.0, "count_healthcare": 79.0, "count_shelter": 15.0, "gravity_community_per_100": 0.36556717548413764, "gravity_education_per_100": 0.62132543095798265, "gravity_essential_services_per_100": 0.50582611259544241, "gravity_food_and_drink_per_100": 2.2144867316201093, "gravity_healthcare_per_100": 0.44317463862803586, "gravity_shelter_per_100": 0.072714034161482963, "shannon": 1.3891486495329943, "kl_divergence": 0.05021719955308547, "jsd": 0.10868128535152516, "city_similarity": 0.8913187146484749 }, "geometry": { "type": "Polygon", "coordinates": [ [ [ 9.138983920115079, 45.501821999716491 ], [ 9.132583878752971, 45.501829607323437 ], [ 9.129392785493241, 45.50573087019653 ], [ 9.132602179002475, 45.509624790729895 ], [ 9.13900310374088, 45.509617181066183 ], [ 9.142193751473114, 45.505715652926106 ], [ 9.138983920115079, 45.501821999716491 ] ] ] } },
{ "type": "Feature", "properties": { "from_id": "338", "population": 2672.0772528535008, "gravity_community": 13.361886201510739, "gravity_education": 26.887199660931309, "gravity_essential_services": 32.726721282003851, "gravity_food_and_drink": 164.52137830135945, "gravity_healthcare": 22.044665021982979, "gravity_shelter": 1.2731123999760086, "avg_gravity": 43.46916047796072, "min_tt_community": 21.0, "min_tt_education": 9.0, "min_tt_essential_services": 8.0, "min_tt_food_and_drink": 8.0, "min_tt_healthcare": 16.0, "min_tt_shelter": 24.0, "avg_tt_community": 45.954545454545453, "avg_tt_education": 42.822784810126585, "avg_tt_essential_services": 46.141509433962263, "avg_tt_food_and_drink": 44.916179337231966, "avg_tt_healthcare": 46.125, "avg_tt_shelter": 33.333333333333336, "avg_tt_all": 43.21555872819993, "n_unreachable_categories": 0, "count_community": 44.0, "count_education": 79.0, "count_essential_services": 106.0, "count_food_and_drink": 513.0, "count_healthcare": 72.0, "count_shelter": 3.0, "gravity_community_per_100": 0.50005613375293068, "gravity_education_per_100": 1.0062283802692671, "gravity_essential_services_per_100": 1.2247670327291291, "gravity_food_and_drink_per_100": 6.1570591990058565, "gravity_healthcare_per_100": 0.82500103612055264, "gravity_shelter_per_100": 0.047645044641447275, "shannon": 1.1750484297190187, "kl_divergence": 0.010691002526990623, "jsd": 0.054217699806735908, "city_similarity": 0.94578230019326415 }, "geometry": { "type": "Polygon", "coordinates": [ [ [ 9.158184028003605, 45.501797025445583 ], [ 9.151783994861006, 45.501805708777162 ], [ 9.148594230503061, 45.505707506355385 ], [ 9.151804945235384, 45.509600885722527 ], [ 9.15820586175014, 45.509592200043379 ], [ 9.161395180039776, 45.505690137344928 ], [ 9.158184028003605, 45.501797025445583 ] ] ] } },
{ "type": "Feature", "properties": { "from_id": "339", "population": 368.11770490015152, "gravity_community": 19.689858376271587, "gravity_education": 34.061747134600942, "gravity_essential_services": 27.674229504222779, "gravity_food_and_drink": 122.21657136983004, "gravity_healthcare": 24.334024532095398, "gravity_shelter": 2.4843042606599912, "avg_gravity": 38.41012252961346, "min_tt_community": 4.0, "min_tt_education": 10.0, "min_tt_essential_services": 8.0, "min_tt_food_and_drink": 13.0, "min_tt_healthcare": 16.0, "min_tt_shelter": 22.0, "avg_tt_community": 38.78846153846154, "avg_tt_education": 41.144329896907216, "avg_tt_essential_services": 44.770114942528735, "avg_tt_food_and_drink": 42.304469273743017, "avg_tt_healthcare": 43.136986301369866, "avg_tt_shelter": 40.0, "avg_tt_all": 41.690726992168393, "n_unreachable_categories": 0, "count_community": 52.0, "count_education": 97.0, "count_essential_services": 87.0, "count_food_and_drink": 359.0, "count_healthcare": 73.0, "count_shelter": 7.0, "gravity_community_per_100": 5.3487941802778209, "gravity_education_per_100": 9.2529499888737679, "gravity_essential_services_per_100": 7.5177665012687047, "gravity_food_and_drink_per_100": 33.200405669969101, "gravity_healthcare_per_100": 6.6103923305443217, "gravity_shelter_per_100": 0.67486682319010849, "shannon": 1.3640707771242417, "kl_divergence": 0.049733663755389637, "jsd": 0.10827280711704032, "city_similarity": 0.89172719288295965 }, "geometry": { "type": "Polygon", "coordinates": [ [ [ 9.148594230503061, 45.505707506355385 ], [ 9.142193751473114, 45.505715652926106 ], [ 9.13900310374088, 45.509617181066183 ], [ 9.142213380807389, 45.513510827865638 ], [ 9.148614743392613, 45.513502679092447 ], [ 9.151804945235384, 45.509600885722527 ], [ 9.148594230503061, 45.505707506355385 ] ] ] } },
{ "type": "Feature", "properties": { "from_id": "340", "population": 4209.9028332027319, "gravity_community": 18.139900021130721, "gravity_education": 33.919418765044824, "gravity_essential_services": 24.347049266473729, "gravity_food_and_drink": 118.95768066487452, "gravity_healthcare": 22.561019556875323, "gravity_shelter": 2.6151235030176831, "avg_gravity": 36.756698629569463, "min_tt_community": 5.0, "min_tt_education": 9.0, "min_tt_essential_services": 7.0, "min_tt_food_and_drink": 2.0, "min_tt_healthcare": 7.0, "min_tt_shelter": 23.0, "avg_tt_community": 39.333333333333336, "avg_tt_education": 40.760416666666664, "avg_tt_essential_services": 39.469696969696969, "avg_tt_food_and_drink": 41.901449275362317, "avg_tt_healthcare": 40.875, "avg_tt_shelter": 37.857142857142854, "avg_tt_all": 40.032839850367026, "n_unreachable_categories": 0, "count_community": 48.0, "count_education": 96.0, "count_essential_services": 66.0, "count_food_and_drink": 345.0, "count_healthcare": 64.0, "count_shelter": 7.0, "gravity_community_per_100": 0.43088642992101034, "gravity_education_per_100": 0.80570550221559945, "gravity_essential_services_per_100": 0.5783280572286138, "gravity_food_and_drink_per_100": 2.8256633318630797, "gravity_healthcare_per_100": 0.53590356952993545, "gravity_shelter_per_100": 0.062118381507351744, "shannon": 1.3333998924615296, "kl_divergence": 0.050246104439121191, "jsd": 0.1075789001180716, "city_similarity": 0.89242109988192841 }, "geometry": { "type": "Polygon", "coordinates": [ [ [ 9.15820586175014, 45.509592200043379 ], [ 9.151804945235384, 45.509600885722527 ], [ 9.148614743392613, 45.513502679092447 ], [ 9.151825904195421, 45.517396051976114 ], [ 9.158227704444347, 45.517387363948743 ], [ 9.161417460035594, 45.513485305386197 ], [ 9.15820586175014, 45.509592200043379 ] ] ] } },
{ "type": "Feature", "properties": { "from_id": "341", "population": 3775.7180909764616, "gravity_community": 19.290564775469146, "gravity_education": 30.167446116989751, "gravity_essential_services": 20.283791528089914, "gravity_food_and_drink": 84.456231142637151, "gravity_healthcare": 20.83135028461788, "gravity_shelter": 2.7091233105807584, "avg_gravity": 29.623084526397435, "min_tt_community": 3.0, "min_tt_education": 5.0, "min_tt_essential_services": 2.0, "min_tt_food_and_drink": 7.0, "min_tt_healthcare": 2.0, "min_tt_shelter": 19.0, "avg_tt_community": 36.326086956521742, "avg_tt_education": 40.061728395061728, "avg_tt_essential_services": 43.203389830508478, "avg_tt_food_and_drink": 44.003861003861005, "avg_tt_healthcare": 41.0, "avg_tt_shelter": 39.714285714285715, "avg_tt_all": 40.718225316706445, "n_unreachable_categories": 0, "count_community": 46.0, "count_education": 81.0, "count_essential_services": 59.0, "count_food_and_drink": 259.0, "count_healthcare": 57.0, "count_shelter": 7.0, "gravity_community_per_100": 0.51091115148589639, "gravity_education_per_100": 0.79898566021352413, "gravity_essential_services_per_100": 0.53721679000786315, "gravity_food_and_drink_per_100": 2.236825660911443, "gravity_healthcare_per_100": 0.55171889909902028, "gravity_shelter_per_100": 0.0717512071956658, "shannon": 1.4074257064064497, "kl_divergence": 0.073287362107852805, "jsd": 0.13016670902907865, "city_similarity": 0.86983329097092132 }, "geometry": { "type": "Polygon", "coordinates": [ [ [ 9.13900310374088, 45.509617181066183 ], [ 9.132602179002475, 45.509624790729895 ], [ 9.12941064771297, 45.513526049250125 ], [ 9.132620486751604, 45.517419963446322 ], [ 9.139022295228319, 45.517412351725312 ], [ 9.142213380807389, 45.513510827865638 ], [ 9.13900310374088, 45.509617181066183 ] ] ] } },
{ "type": "Feature", "properties": { "from_id": "342", "population": 5850.8493281594383, "gravity_community": 17.84822233274523, "gravity_education": 28.799642378688127, "gravity_essential_services": 19.240580136879249, "gravity_food_and_drink": 81.800287404475966, "gravity_healthcare": 19.937680670419638, "gravity_shelter": 2.5781557449423742, "avg_gravity": 28.367428111358425, "min_tt_community": 3.0, "min_tt_education": 6.0, "min_tt_essential_services": 7.0, "min_tt_food_and_drink": 6.0, "min_tt_healthcare": 3.0, "min_tt_shelter": 29.0, "avg_tt_community": 37.069767441860463, "avg_tt_education": 41.432098765432102, "avg_tt_essential_services": 44.362068965517238, "avg_tt_food_and_drink": 46.007547169811318, "avg_tt_healthcare": 42.053571428571431, "avg_tt_shelter": 38.285714285714285, "avg_tt_all": 41.535128009484474, "n_unreachable_categories": 0, "count_community": 43.0, "count_education": 81.0, "count_essential_services": 58.0, "count_food_and_drink": 265.0, "count_healthcare": 56.0, "count_shelter": 7.0, "gravity_community_per_100": 0.30505352867051061, "gravity_education_per_100": 0.49223011503780983, "gravity_essential_services_per_100": 0.32885106174716611, "gravity_food_and_drink_per_100": 1.3980925301012448, "gravity_healthcare_per_100": 0.340765580382697, "gravity_shelter_per_100": 0.044064640881008824, "shannon": 1.3895927838825302, "kl_divergence": 0.065874796737388178, "jsd": 0.12337751194595718, "city_similarity": 0.87662248805404286 }, "geometry": { "type": "Polygon", "coordinates": [ [ [ 9.148614743392613, 45.513502679092447 ], [ 9.142213380807389, 45.513510827865638 ], [ 9.139022295228319, 45.517412351725312 ], [ 9.142233018186332, 45.521305992114343 ], [ 9.14863526468894, 45.521297841138086 ], [ 9.151825904195421, 45.517396051976114 ], [ 9.148614743392613, 45.513502679092447 ] ], [ [ 9.147710800170898, 45.52018737792968 ], [ 9.147815609610563, 45.519930553756147 ], [ 9.147815609610563, 45.519930553756147 ], [ 9.147710800170898, 45.52018737792968 ] ] ] } },
{ "type": "Feature", "properties": { "from_id": "343", "population": 6653.6299907002622, "gravity_community": 2.42939636351504, "gravity_education": 4.569003041581059, "gravity_essential_services": 5.4585617938288999, "gravity_food_and_drink": 18.624102427784933, "gravity_healthcare": 4.6033154502073392, "gravity_shelter": 4.2976673648743757, "avg_gravity": 6.6636744069652751, "min_tt_community": 11.0, "min_tt_education": 38.0, "min_tt_essential_services": 28.0, "min_tt_food_and_drink": 11.0, "min_tt_healthcare": 14.0, "min_tt_shelter": 26.0, "avg_tt_community": 36.833333333333336, "avg_tt_education": 49.529411764705884, "avg_tt_essential_services": 45.888888888888886, "avg_tt_food_and_drink": 45.966666666666669, "avg_tt_healthcare": 46.533333333333331, "avg_tt_shelter": 35.454545454545453, "avg_tt_all": 43.367696573578932, "n_unreachable_categories": 0, "count_community": 6.0, "count_education": 17.0, "count_essential_services": 18.0, "count_food_and_drink": 60.0, "count_healthcare": 15.0, "count_shelter": 11.0, "gravity_community_per_100": 0.036512345395078964, "gravity_education_per_100": 0.068669328591567699, "gravity_essential_services_per_100": 0.082038854000873185, "gravity_food_and_drink_per_100": 0.27990889865856272, "gravity_healthcare_per_100": 0.06918502316241458, "gravity_shelter_per_100": 0.064591318887302102, "shannon": 1.5087528346754595, "kl_divergence": 0.13689765163889009, "jsd": 0.16705111973953007, "city_similarity": 0.83294888026046987 }, "geometry": { "type": "Polygon", "coordinates": [ [ [ 9.273120291361558, 45.447013299622924 ], [ 9.266726503561392, 45.447028408588139 ], [ 9.26354775836084, 45.450933428610249 ], [ 9.266763248856307, 45.454823603398836 ], [ 9.273157917463511, 45.454808490348952 ], [ 9.276336214648001, 45.450903206595633 ], [ 9.273120291361558, 45.447013299622924 ] ] ] } },
{ "type": "Feature", "properties": { "from_id": "344", "population": 187.86498623031, "gravity_community": 2.3980239035496638, "gravity_education": 1.4246451364266592, "gravity_essential_services": 2.529599512250067, "gravity_food_and_drink": 9.2196539589681787, "gravity_healthcare": 0.63929619596242282, "gravity_shelter": 2.589846481046024, "avg_gravity": 3.1335108647005026, "min_tt_community": 30.0, "min_tt_education": 47.0, "min_tt_essential_services": 35.0, "min_tt_food_and_drink": 31.0, "min_tt_healthcare": 37.0, "min_tt_shelter": 14.0, "avg_tt_community": 46.125, "avg_tt_education": 54.0, "avg_tt_essential_services": 44.8, "avg_tt_food_and_drink": 44.7, "avg_tt_healthcare": 43.0, "avg_tt_shelter": 44.875, "avg_tt_all": 46.25, "n_unreachable_categories": 0, "count_community": 8.0, "count_education": 6.0, "count_essential_services": 6.0, "count_food_and_drink": 30.0, "count_healthcare": 2.0, "count_shelter": 8.0, "gravity_community_per_100": 1.276461330910192, "gravity_education_per_100": 0.75833457048783903, "gravity_essential_services_per_100": 1.3464986547035147, "gravity_food_and_drink_per_100": 4.9075956855874656, "gravity_healthcare_per_100": 0.34029555415860629, "gravity_shelter_per_100": 1.378567945530331, "shannon": 1.4577713277517228, "kl_divergence": 0.27492192402663296, "jsd": 0.22529127610163843, "city_similarity": 0.77470872389836154 }, "geometry": { "type": "Polygon", "coordinates": [ [ [ 9.282730435058836, 45.450887558687782 ], [ 9.276336214648001, 45.450903206595633 ], [ 9.273157917463511, 45.454808490348952 ], [ 9.276374288946345, 45.458698389888291 ], [ 9.282769390340654, 45.458682737750088 ], [ 9.28594723914842, 45.454777190303382 ], [ 9.282730435058836, 45.450887558687782 ] ] ] } },
{ "type": "Feature", "properties": { "from_id": "345", "population": 0.373465, "gravity_community": 3.2895493808081762, "gravity_education": 8.2414015575793833, "gravity_essential_services": 10.69372913837346, "gravity_food_and_drink": 39.991530321775066, "gravity_healthcare": 9.6224201034639467, "gravity_shelter": 5.6640976457685364, "avg_gravity": 12.917121357961427, "min_tt_community": 13.0, "min_tt_education": 24.0, "min_tt_essential_services": 16.0, "min_tt_food_and_drink": 14.0, "min_tt_healthcare": 30.0, "min_tt_shelter": 22.0, "avg_tt_community": 35.25, "avg_tt_education": 39.956521739130437, "avg_tt_essential_services": 40.93333333333333, "avg_tt_food_and_drink": 45.385826771653541, "avg_tt_healthcare": 46.793103448275865, "avg_tt_shelter": 42.647058823529413, "avg_tt_all": 41.827640685987099, "n_unreachable_categories": 0, "count_community": 8.0, "count_education": 23.0, "count_essential_services": 30.0, "count_food_and_drink": 127.0, "count_healthcare": 30.0, "count_shelter": 17.0, "gravity_community_per_100": 880.81865256668652, "gravity_education_per_100": 2206.7400044393407, "gravity_essential_services_per_100": 2863.3818800619765, "gravity_food_and_drink_per_100": 10708.240483519223, "gravity_healthcare_per_100": 2576.5252710331479, "gravity_shelter_per_100": 1516.6341279018211, "shannon": 1.3906487955792235, "kl_divergence": 0.083458200748875472, "jsd": 0.12973671198169107, "city_similarity": 0.87026328801830899 }, "geometry": { "type": "Polygon", "coordinates": [ [ [ 9.26354775836084, 45.450933428610249 ], [ 9.257153522724927, 45.450948002715528 ], [ 9.253973896713582, 45.454852755548984 ], [ 9.257188954057401, 45.458743198118668 ], [ 9.263584070684448, 45.45872862007333 ], [ 9.266763248856307, 45.454823603398836 ], [ 9.26354775836084, 45.450933428610249 ] ] ] } },
{ "type": "Feature", "properties": { "from_id": "346", "population": 405.91995334344625, "gravity_community": 8.9268293793098294, "gravity_education": 22.252869210029843, "gravity_essential_services": 23.2068729008143, "gravity_food_and_drink": 119.01006353285338, "gravity_healthcare": 22.842316521302667, "gravity_shelter": 9.134194212374215, "avg_gravity": 34.228857626114042, "min_tt_community": 12.0, "min_tt_education": 5.0, "min_tt_essential_services": 15.0, "min_tt_food_and_drink": 6.0, "min_tt_healthcare": 12.0, "min_tt_shelter": 16.0, "avg_tt_community": 43.925925925925924, "avg_tt_education": 43.723076923076924, "avg_tt_essential_services": 43.542857142857144, "avg_tt_food_and_drink": 46.58717948717949, "avg_tt_healthcare": 45.918918918918919, "avg_tt_shelter": 44.482758620689658, "avg_tt_all": 44.696786169774676, "n_unreachable_categories": 0, "count_community": 27.0, "count_education": 65.0, "count_essential_services": 70.0, "count_food_and_drink": 391.0, "count_healthcare": 74.0, "count_shelter": 29.0, "gravity_community_per_100": 2.1991600328542846, "gravity_education_per_100": 5.4820831118892634, "gravity_essential_services_per_100": 5.7171057272907975, "gravity_food_and_drink_per_100": 29.318603964304195, "gravity_healthcare_per_100": 5.6272958087320069, "gravity_shelter_per_100": 2.2502451868006186, "shannon": 1.2915960232520671, "kl_divergence": 0.030154899941790769, "jsd": 0.081034280033117079, "city_similarity": 0.91896571996688292 }, "geometry": { "type": "Polygon", "coordinates": [ [ [ 9.253973896713582, 45.454852755548984 ], [ 9.247579213418541, 45.454866794647842 ], [ 9.244398706412445, 45.458771280111385 ], [ 9.247613330243853, 45.462661990427357 ], [ 9.254008894714037, 45.462647947533064 ], [ 9.257188954057401, 45.458743198118668 ], [ 9.253973896713582, 45.454852755548984 ] ] ] } },
{ "type": "Feature", "properties": { "from_id": "347", "population": 2580.075292813905, "gravity_community": 1.5213471831402461, "gravity_education": 2.7807175904559847, "gravity_essential_services": 3.6405900963142983, "gravity_food_and_drink": 15.92727652053745, "gravity_healthcare": 1.9879817200634951, "gravity_shelter": 0.96389258852357163, "avg_gravity": 4.4703009498391744, "min_tt_community": 33.0, "min_tt_education": 32.0, "min_tt_essential_services": 18.0, "min_tt_food_and_drink": 18.0, "min_tt_healthcare": 19.0, "min_tt_shelter": 40.0, "avg_tt_community": 45.8, "avg_tt_education": 52.545454545454547, "avg_tt_essential_services": 48.0, "avg_tt_food_and_drink": 42.978723404255319, "avg_tt_healthcare": 49.857142857142854, "avg_tt_shelter": 54.0, "avg_tt_all": 48.863553467808778, "n_unreachable_categories": 0, "count_community": 5.0, "count_education": 11.0, "count_essential_services": 12.0, "count_food_and_drink": 47.0, "count_healthcare": 7.0, "count_shelter": 4.0, "gravity_community_per_100": 0.05896522428541303, "gravity_education_per_100": 0.10777660629520827, "gravity_essential_services_per_100": 0.14110402539236616, "gravity_food_and_drink_per_100": 0.61731828388491339, "gravity_healthcare_per_100": 0.077051306432819031, "gravity_shelter_per_100": 0.037359087589739381, "shannon": 1.3803193536022837, "kl_divergence": 0.049776230000406298, "jsd": 0.10544441071674554, "city_similarity": 0.8945555892832544 }, "geometry": { "type": "Polygon", "coordinates": [ [ [ 9.273157917463511, 45.454808490348952 ], [ 9.266763248856307, 45.454823603398836 ], [ 9.263584070684448, 45.45872862007333 ], [ 9.266800009199773, 45.46261878750169 ], [ 9.273195558974731, 45.46260367036605 ], [ 9.276374288946345, 45.458698389888291 ], [ 9.273157917463511, 45.454808490348952 ] ] ] } },
{ "type": "Feature", "properties": { "from_id": "348", "population": 14.949001069895422, "gravity_community": 4.5705369593542686, "gravity_education": 9.3410401735431439, "gravity_essential_services": 10.521314417279214, "gravity_food_and_drink": 45.016021530893497, "gravity_healthcare": 7.5644399858522844, "gravity_shelter": 3.971726393644186, "avg_gravity": 13.497513243427766, "min_tt_community": 35.0, "min_tt_education": 33.0, "min_tt_essential_services": 11.0, "min_tt_food_and_drink": 12.0, "min_tt_healthcare": 28.0, "min_tt_shelter": 40.0, "avg_tt_community": 47.3125, "avg_tt_education": 46.8125, "avg_tt_essential_services": 46.542857142857144, "avg_tt_food_and_drink": 47.901315789473685, "avg_tt_healthcare": 48.629629629629626, "avg_tt_shelter": 49.93333333333333, "avg_tt_all": 47.855355982548964, "n_unreachable_categories": 0, "count_community": 16.0, "count_education": 32.0, "count_essential_services": 35.0, "count_food_and_drink": 153.0, "count_healthcare": 27.0, "count_shelter": 15.0, "gravity_community_per_100": 30.574196482991105, "gravity_education_per_100": 62.486049267561462, "gravity_essential_services_per_100": 70.381387813713076, "gravity_food_and_drink_per_100": 301.13063287919351, "gravity_healthcare_per_100": 50.601641878838954, "gravity_shelter_per_100": 26.568506986346552, "shannon": 1.3867308231281155, "kl_divergence": 0.051285046226374927, "jsd": 0.10492440753608795, "city_similarity": 0.895075592463912 }, "geometry": { "type": "Polygon", "coordinates": [ [ [ 9.263584070684448, 45.45872862007333 ], [ 9.257188954057401, 45.458743198118668 ], [ 9.254008894714037, 45.462647947533064 ], [ 9.257224399901004, 45.466538382815671 ], [ 9.263620397879992, 45.466523800829194 ], [ 9.266800009199773, 45.46261878750169 ], [ 9.263584070684448, 45.45872862007333 ] ] ] } },
{ "type": "Feature", "properties": { "from_id": "349", "population": 97.07389988120957, "gravity_community": 1.920512235389527, "gravity_education": 1.8182974163103216, "gravity_essential_services": 2.4397343722328158, "gravity_food_and_drink": 18.543406899050968, "gravity_healthcare": 1.4978463564676527, "gravity_shelter": 1.3754657055963599, "avg_gravity": 4.5992104975079409, "min_tt_community": 19.0, "min_tt_education": 18.0, "min_tt_essential_services": 7.0, "min_tt_food_and_drink": 6.0, "min_tt_healthcare": 6.0, "min_tt_shelter": 25.0, "avg_tt_community": 39.8, "avg_tt_education": 43.0, "avg_tt_essential_services": 33.8, "avg_tt_food_and_drink": 34.236842105263158, "avg_tt_healthcare": 31.333333333333332, "avg_tt_shelter": 41.25, "avg_tt_all": 37.23669590643275, "n_unreachable_categories": 0, "count_community": 5.0, "count_education": 5.0, "count_essential_services": 5.0, "count_food_and_drink": 39.0, "count_healthcare": 3.0, "count_shelter": 4.0, "gravity_community_per_100": 1.9784022664585221, "gravity_education_per_100": 1.8731063844508078, "gravity_essential_services_per_100": 2.5132753244881951, "gravity_food_and_drink_per_100": 19.102361110187953, "gravity_healthcare_per_100": 1.5429959631791699, "gravity_shelter_per_100": 1.4169263903886964, "shannon": 1.2278986650068853, "kl_divergence": 0.072905412074255022, "jsd": 0.12313453221189248, "city_similarity": 0.87686546778810748 }, "geometry": { "type": "Polygon", "coordinates": [ [ [ 9.282769390340654, 45.458682737750088 ], [ 9.276374288946345, 45.458698389888291 ], [ 9.273195558974731, 45.46260367036605 ], [ 9.276412378838225, 45.466493562471491 ], [ 9.282808361576812, 45.466477906101773 ], [ 9.285986642987332, 45.462572361858612 ], [ 9.282769390340654, 45.458682737750088 ] ] ] } },
{ "type": "Feature", "properties": { "from_id": "350", "population": 82.922095512347099, "gravity_community": 2.2980807515654642, "gravity_education": 2.029069871837839, "gravity_essential_services": 2.0956666150828704, "gravity_food_and_drink": 12.778938615394843, "gravity_healthcare": 1.329062999936178, "gravity_shelter": 1.5152673777411823, "avg_gravity": 3.6743477052597293, "min_tt_community": 27.0, "min_tt_education": 39.0, "min_tt_essential_services": 39.0, "min_tt_food_and_drink": 24.0, "min_tt_healthcare": 16.0, "min_tt_shelter": 49.0, "avg_tt_community": 48.375, "avg_tt_education": 51.875, "avg_tt_essential_services": 50.5, "avg_tt_food_and_drink": 45.974358974358971, "avg_tt_healthcare": 45.75, "avg_tt_shelter": 51.333333333333336, "avg_tt_all": 48.967948717948723, "n_unreachable_categories": 0, "count_community": 8.0, "count_education": 8.0, "count_essential_services": 8.0, "count_food_and_drink": 40.0, "count_healthcare": 4.0, "count_shelter": 6.0, "gravity_community_per_100": 2.7713732237064366, "gravity_education_per_100": 2.4469592323986924, "gravity_essential_services_per_100": 2.5272716543575839, "gravity_food_and_drink_per_100": 15.410776267095249, "gravity_healthcare_per_100": 1.6027851101981385, "gravity_shelter_per_100": 1.8273385017333035, "shannon": 1.415450101650118, "kl_divergence": 0.12570316453596292, "jsd": 0.15853604957464754, "city_similarity": 0.84146395042535249 }, "geometry": { "type": "Polygon", "coordinates": [ [ [ 9.273195558974731, 45.46260367036605 ], [ 9.266800009199773, 45.46261878750169 ], [ 9.263620397879992, 45.466523800829194 ], [ 9.266836784599363, 45.470413960896799 ], [ 9.273233215902966, 45.470398839674274 ], [ 9.276412378838225, 45.466493562471491 ], [ 9.273195558974731, 45.46260367036605 ] ] ] } },
{ "type": "Feature", "properties": { "from_id": "351", "population": 13.973399352175075, "gravity_community": 1.8603455903778197, "gravity_education": 1.848141684442604, "gravity_essential_services": 1.7322074346204639, "gravity_food_and_drink": 15.754918671590785, "gravity_healthcare": 1.2616337344687527, "gravity_shelter": 1.4046280338970638, "avg_gravity": 3.9769791915662478, "min_tt_community": 11.0, "min_tt_education": 7.0, "min_tt_essential_services": 25.0, "min_tt_food_and_drink": 5.0, "min_tt_healthcare": 24.0, "min_tt_shelter": 29.0, "avg_tt_community": 19.333333333333332, "avg_tt_education": 22.666666666666668, "avg_tt_essential_services": 42.4, "avg_tt_food_and_drink": 27.827586206896552, "avg_tt_healthcare": 35.333333333333336, "avg_tt_shelter": 39.75, "avg_tt_all": 31.218486590038314, "n_unreachable_categories": 0, "count_community": 3.0, "count_education": 3.0, "count_essential_services": 5.0, "count_food_and_drink": 30.0, "count_healthcare": 3.0, "count_shelter": 4.0, "gravity_community_per_100": 13.313479014598128, "gravity_education_per_100": 13.226142314145809, "gravity_essential_services_per_100": 12.396464102708347, "gravity_food_and_drink_per_100": 112.74936237429156, "gravity_healthcare_per_100": 9.0288247166740341, "gravity_shelter_per_100": 10.052156948326406, "shannon": 1.2562885313586742, "kl_divergence": 0.084306733074032761, "jsd": 0.12426092265018311, "city_similarity": 0.87573907734981693 }, "geometry": { "type": "Polygon", "coordinates": [ [ [ 9.282808361576812, 45.466477906101773 ], [ 9.276412378838225, 45.466493562471491 ], [ 9.273233215902966, 45.470398839674274 ], [ 9.276450484331489, 45.474288724345278 ], [ 9.282847348775336, 45.474273063742892 ], [ 9.286026062965041, 45.470367522702652 ], [ 9.282808361576812, 45.466477906101773 ] ] ] } },
{ "type": "Feature", "properties": { "from_id": "352", "population": 1529.357143164181, "gravity_community": 6.6819033939285806, "gravity_education": 15.11893905939913, "gravity_essential_services": 12.408995589390665, "gravity_food_and_drink": 78.415952127733902, "gravity_healthcare": 11.889618699661373, "gravity_shelter": 4.8336705584556983, "avg_gravity": 21.558179904761559, "min_tt_community": 27.0, "min_tt_education": 28.0, "min_tt_essential_services": 17.0, "min_tt_food_and_drink": 8.0, "min_tt_healthcare": 15.0, "min_tt_shelter": 27.0, "avg_tt_community": 45.909090909090907, "avg_tt_education": 49.642857142857146, "avg_tt_essential_services": 48.727272727272727, "avg_tt_food_and_drink": 49.477031802120145, "avg_tt_healthcare": 48.97674418604651, "avg_tt_shelter": 43.466666666666669, "avg_tt_all": 47.699943905675674, "n_unreachable_categories": 0, "count_community": 22.0, "count_education": 56.0, "count_essential_services": 44.0, "count_food_and_drink": 284.0, "count_healthcare": 43.0, "count_shelter": 15.0, "gravity_community_per_100": 0.43690928726458095, "gravity_education_per_100": 0.98858132169956248, "gravity_essential_services_per_100": 0.81138638184387268, "gravity_food_and_drink_per_100": 5.1273799895748562, "gravity_healthcare_per_100": 0.77742591080211709, "gravity_shelter_per_100": 0.31605897811776129, "shannon": 1.2549965914208188, "kl_divergence": 0.022545164217434334, "jsd": 0.072091485209668418, "city_similarity": 0.92790851479033154 }, "geometry": { "type": "Polygon", "coordinates": [ [ [ 9.263620397879992, 45.466523800829194 ], [ 9.257224399901004, 45.466538382815671 ], [ 9.254043907048821, 45.470443128811532 ], [ 9.257259860263037, 45.474333556806563 ], [ 9.263656739954952, 45.474318970877867 ], [ 9.266836784599363, 45.470413960896799 ], [ 9.263620397879992, 45.466523800829194 ] ] ] } },
{ "type": "Feature", "properties": { "from_id": "353", "population": 127.56868896871727, "gravity_community": 0.55875486668221308, "gravity_education": 1.4361069383320917, "gravity_essential_services": 2.3129449163197449, "gravity_food_and_drink": 9.5491611315735589, "gravity_healthcare": 0.70888921964715379, "gravity_shelter": 0.52777572346082824, "avg_gravity": 2.5156054660025986, "min_tt_community": 40.0, "min_tt_education": 12.0, "min_tt_essential_services": 18.0, "min_tt_food_and_drink": 15.0, "min_tt_healthcare": 26.0, "min_tt_shelter": 45.0, "avg_tt_community": 48.5, "avg_tt_education": 43.25, "avg_tt_essential_services": 48.625, "avg_tt_food_and_drink": 42.833333333333336, "avg_tt_healthcare": 42.0, "avg_tt_shelter": 50.0, "avg_tt_all": 45.868055555555564, "n_unreachable_categories": 0, "count_community": 2.0, "count_education": 4.0, "count_essential_services": 8.0, "count_food_and_drink": 25.0, "count_healthcare": 2.0, "count_shelter": 2.0, "gravity_community_per_100": 0.43800314262007695, "gravity_education_per_100": 1.1257518987941135, "gravity_essential_services_per_100": 1.8130976613602505, "gravity_food_and_drink_per_100": 7.4855054236037724, "gravity_healthcare_per_100": 0.55569217288185002, "gravity_shelter_per_100": 0.41371885823036941, "shannon": 1.2772120122184598, "kl_divergence": 0.055949648786990505, "jsd": 0.11314057799586393, "city_similarity": 0.88685942200413603 }, "geometry": { "type": "Polygon", "coordinates": [ [ [ 9.305173228358505, 45.462522713518766 ], [ 9.301996277386538, 45.466428788238474 ], [ 9.305215292889976, 45.470317860940511 ], [ 9.309333008777198, 45.470306784186995 ], [ 9.309578895568848, 45.469360351562486 ], [ 9.307623863220215, 45.469284057617188 ], [ 9.309339034171522, 45.469350991117722 ], [ 9.309989254250986, 45.462509745277707 ], [ 9.305173228358505, 45.462522713518766 ] ] ] } },
{ "type": "Feature", "properties": { "from_id": "354", "population": 1055.0001386989247, "gravity_community": 2.0998873072722959, "gravity_education": 1.9522236370508168, "gravity_essential_services": 2.2855892566245504, "gravity_food_and_drink": 17.392542653301067, "gravity_healthcare": 1.3051511729971792, "gravity_shelter": 2.1305368488997782, "avg_gravity": 4.5276551460242809, "min_tt_community": 25.0, "min_tt_education": 25.0, "min_tt_essential_services": 29.0, "min_tt_food_and_drink": 3.0, "min_tt_healthcare": 28.0, "min_tt_shelter": 6.0, "avg_tt_community": 41.166666666666664, "avg_tt_education": 44.666666666666664, "avg_tt_essential_services": 48.625, "avg_tt_food_and_drink": 35.368421052631582, "avg_tt_healthcare": 43.25, "avg_tt_shelter": 25.5, "avg_tt_all": 39.762792397660817, "n_unreachable_categories": 0, "count_community": 6.0, "count_education": 6.0, "count_essential_services": 8.0, "count_food_and_drink": 39.0, "count_healthcare": 4.0, "count_shelter": 4.0, "gravity_community_per_100": 0.19904142475867109, "gravity_education_per_100": 0.18504487017967503, "gravity_essential_services_per_100": 0.2166435029518807, "gravity_food_and_drink_per_100": 1.6485820252829879, "gravity_healthcare_per_100": 0.12371099539444159, "gravity_shelter_per_100": 0.20194659419924396, "shannon": 1.337440305892069, "kl_divergence": 0.064432289965382111, "jsd": 0.11567220711700971, "city_similarity": 0.88432779288299024 }, "geometry": { "type": "Polygon", "coordinates": [ [ [ 9.292382176984383, 45.462556170488348 ], [ 9.285986642987332, 45.462572361858612 ], [ 9.282808361576812, 45.466477906101773 ], [ 9.286026062965041, 45.470367522702652 ], [ 9.2924224784828, 45.470351326955104 ], [ 9.295600310971295, 45.466445518984465 ], [ 9.292382176984383, 45.462556170488348 ] ] ] } },
{ "type": "Feature", "properties": { "from_id": "355", "population": 20.208442955858381, "gravity_community": 1.2406789229287041, "gravity_education": 1.462114269157996, "gravity_essential_services": 2.0195499889930866, "gravity_food_and_drink": 7.2015897559475039, "gravity_healthcare": 1.471860906803012, "gravity_shelter": 1.4692493529958757, "avg_gravity": 2.4775071994710296, "min_tt_community": 34.0, "min_tt_education": 21.0, "min_tt_essential_services": 32.0, "min_tt_food_and_drink": 24.0, "min_tt_healthcare": 28.0, "min_tt_shelter": 25.0, "avg_tt_community": 53.4, "avg_tt_education": 40.5, "avg_tt_essential_services": 52.375, "avg_tt_food_and_drink": 41.571428571428569, "avg_tt_healthcare": 28.0, "avg_tt_shelter": 39.0, "avg_tt_all": 42.474404761904765, "n_unreachable_categories": 0, "count_community": 5.0, "count_education": 4.0, "count_essential_services": 8.0, "count_food_and_drink": 21.0, "count_healthcare": 2.0, "count_shelter": 4.0, "gravity_community_per_100": 6.1394087888846194, "gravity_education_per_100": 7.2351653828635651, "gravity_essential_services_per_100": 9.9935952186144252, "gravity_food_and_drink_per_100": 35.636539498258472, "gravity_healthcare_per_100": 7.2833959054540767, "gravity_shelter_per_100": 7.2704728226968305, "shannon": 1.4865909450715864, "kl_divergence": 0.18024975144918959, "jsd": 0.19237503235806061, "city_similarity": 0.80762496764193936 }, "geometry": { "type": "Polygon", "coordinates": [ [ [ 9.301996277386538, 45.466428788238474 ], [ 9.295600310971295, 45.466445518984465 ], [ 9.2924224784828, 45.470351326955104 ], [ 9.295641061572242, 45.474240667869793 ], [ 9.302037909684531, 45.47422393260068 ], [ 9.305215292889976, 45.470317860940511 ], [ 9.301996277386538, 45.466428788238474 ] ] ] } },
{ "type": "Feature", "properties": { "from_id": "356", "population": 86.381372725099865, "gravity_community": 2.3809706985588481, "gravity_education": 3.220179752034825, "gravity_essential_services": 4.2009452920401671, "gravity_food_and_drink": 20.460271374207892, "gravity_healthcare": 1.6821675253960127, "gravity_shelter": 2.3457897626006212, "avg_gravity": 5.7150540674730612, "min_tt_community": 10.0, "min_tt_education": 21.0, "min_tt_essential_services": 38.0, "min_tt_food_and_drink": 3.0, "min_tt_healthcare": 29.0, "min_tt_shelter": 11.0, "avg_tt_community": 31.6, "avg_tt_education": 40.777777777777779, "avg_tt_essential_services": 48.266666666666666, "avg_tt_food_and_drink": 36.86, "avg_tt_healthcare": 42.4, "avg_tt_shelter": 22.0, "avg_tt_all": 36.98407407407408, "n_unreachable_categories": 0, "count_community": 5.0, "count_education": 9.0, "count_essential_services": 15.0, "count_food_and_drink": 50.0, "count_healthcare": 5.0, "count_shelter": 4.0, "gravity_community_per_100": 2.7563473737978796, "gravity_education_per_100": 3.7278636011987527, "gravity_essential_services_per_100": 4.8632536848068595, "gravity_food_and_drink_per_100": 23.685976187621691, "gravity_healthcare_per_100": 1.9473729952745062, "gravity_shelter_per_100": 2.7156199173470696, "shannon": 1.3223768032588732, "kl_divergence": 0.048254302842523092, "jsd": 0.10466013008972389, "city_similarity": 0.89533986991027614 }, "geometry": { "type": "Polygon", "coordinates": [ [ [ 9.2924224784828, 45.470351326955104 ], [ 9.286026062965041, 45.470367522702652 ], [ 9.282847348775336, 45.474273063742892 ], [ 9.286065499089668, 45.478162672835573 ], [ 9.292462796489204, 45.478146472709511 ], [ 9.295641061572242, 45.474240667869793 ], [ 9.2924224784828, 45.470351326955104 ] ] ] } },
{ "type": "Feature", "properties": { "from_id": "357", "population": 242.94869125806434, "gravity_community": 1.3946250296150051, "gravity_education": 3.2606490926798077, "gravity_essential_services": 4.4517360196924409, "gravity_food_and_drink": 14.894981569655801, "gravity_healthcare": 1.1207776864910446, "gravity_shelter": 0.94476148215531686, "avg_gravity": 4.3445884800482366, "min_tt_community": 30.0, "min_tt_education": 7.0, "min_tt_essential_services": 1.0, "min_tt_food_and_drink": 1.0, "min_tt_healthcare": 17.0, "min_tt_shelter": 35.0, "avg_tt_community": 49.2, "avg_tt_education": 49.18181818181818, "avg_tt_essential_services": 46.5, "avg_tt_food_and_drink": 41.410256410256409, "avg_tt_healthcare": 41.0, "avg_tt_shelter": 43.666666666666664, "avg_tt_all": 45.159790209790209, "n_unreachable_categories": 0, "count_community": 5.0, "count_education": 11.0, "count_essential_services": 14.0, "count_food_and_drink": 39.0, "count_healthcare": 3.0, "count_shelter": 3.0, "gravity_community_per_100": 0.57404097235231044, "gravity_education_per_100": 1.3421142858581152, "gravity_essential_services_per_100": 1.8323770326318527, "gravity_food_and_drink_per_100": 6.1309165702951214, "gravity_healthcare_per_100": 0.46132279235064289, "gravity_shelter_per_100": 0.38887284276488437, "shannon": 1.3729358728276715, "kl_divergence": 0.092152199946203078, "jsd": 0.14786093632344338, "city_similarity": 0.85213906367655667 }, "geometry": { "type": "Polygon", "coordinates": [ [ [ 9.305215292889976, 45.470317860940511 ], [ 9.302037909684531, 45.47422393260068 ], [ 9.305257374651568, 45.478112997647472 ], [ 9.310015186423897, 45.478100184006458 ], [ 9.309113502502441, 45.471725463867173 ], [ 9.309135980462244, 45.471488808397758 ], [ 9.309310913085938, 45.471256256103523 ], [ 9.309416770935059, 45.471099853515611 ], [ 9.3094482421875, 45.471046447753899 ], [ 9.30948543548584, 45.470973968505866 ], [ 9.309541702270508, 45.470851898193359 ], [ 9.309551239013672, 45.470798492431641 ], [ 9.309552192687988, 45.470710754394524 ], [ 9.309514045715334, 45.470634460449219 ], [ 9.30947208404541, 45.470573425292976 ], [ 9.309419631958008, 45.470500946044922 ], [ 9.309349060058594, 45.470382690429688 ], [ 9.309326171875, 45.470333099365234 ], [ 9.309333008777198, 45.470306784186995 ], [ 9.305215292889976, 45.470317860940511 ] ] ] } },
{ "type": "Feature", "properties": { "from_id": "358", "population": 1676.1895785172651, "gravity_community": 2.53101782443825, "gravity_education": 5.0907155702342122, "gravity_essential_services": 6.2427528971281081, "gravity_food_and_drink": 18.966717567492715, "gravity_healthcare": 2.0325191524547215, "gravity_shelter": 1.3753561691973835, "avg_gravity": 6.0398465301575648, "min_tt_community": 15.0, "min_tt_education": 25.0, "min_tt_essential_services": 25.0, "min_tt_food_and_drink": 17.0, "min_tt_healthcare": 20.0, "min_tt_shelter": 21.0, "avg_tt_community": 40.142857142857146, "avg_tt_education": 44.0625, "avg_tt_essential_services": 38.411764705882355, "avg_tt_food_and_drink": 38.470588235294116, "avg_tt_healthcare": 42.333333333333336, "avg_tt_shelter": 29.666666666666668, "avg_tt_all": 38.847951680672267, "n_unreachable_categories": 0, "count_community": 7.0, "count_education": 16.0, "count_essential_services": 17.0, "count_food_and_drink": 51.0, "count_healthcare": 6.0, "count_shelter": 3.0, "gravity_community_per_100": 0.15099830334687764, "gravity_education_per_100": 0.30370762564562603, "gravity_essential_services_per_100": 0.3724371620691237, "gravity_food_and_drink_per_100": 1.131537733593978, "gravity_healthcare_per_100": 0.12125830982988575, "gravity_shelter_per_100": 0.082052542673246132, "shannon": 1.3980010027288761, "kl_divergence": 0.078867037274545249, "jsd": 0.13580039696326152, "city_similarity": 0.86419960303673848 }, "geometry": { "type": "Polygon", "coordinates": [ [ [ 9.302037909684531, 45.47422393260068 ], [ 9.295641061572242, 45.474240667869793 ], [ 9.292462796489204, 45.478146472709511 ], [ 9.295681828865909, 45.482035806042205 ], [ 9.3020795590364, 45.482019066248746 ], [ 9.305257374651568, 45.478112997647472 ], [ 9.302037909684531, 45.47422393260068 ] ] ] } },
{ "type": "Feature", "properties": { "from_id": "359", "population": 111.18407567642812, "gravity_community": 2.0724820539571178, "gravity_education": 5.0658841312063601, "gravity_essential_services": 8.1741540180017171, "gravity_food_and_drink": 16.15275117938705, "gravity_healthcare": 1.9681554347167047, "gravity_shelter": 0.74212434421704021, "avg_gravity": 5.6959251935809982, "min_tt_community": 28.0, "min_tt_education": 23.0, "min_tt_essential_services": 18.0, "min_tt_food_and_drink": 16.0, "min_tt_healthcare": 29.0, "min_tt_shelter": 44.0, "avg_tt_community": 41.0, "avg_tt_education": 42.0, "avg_tt_essential_services": 33.176470588235297, "avg_tt_food_and_drink": 40.673913043478258, "avg_tt_healthcare": 42.833333333333336, "avg_tt_shelter": 52.666666666666664, "avg_tt_all": 42.058397271952259, "n_unreachable_categories": 0, "count_community": 6.0, "count_education": 15.0, "count_essential_services": 18.0, "count_food_and_drink": 46.0, "count_healthcare": 6.0, "count_shelter": 3.0, "gravity_community_per_100": 1.8640097885856688, "gravity_education_per_100": 4.5563036796287957, "gravity_essential_services_per_100": 7.3519107554488583, "gravity_food_and_drink_per_100": 14.527935840736189, "gravity_healthcare_per_100": 1.7701774491920057, "gravity_shelter_per_100": 0.66747359251049321, "shannon": 1.4202958532626839, "kl_divergence": 0.091760659703085487, "jsd": 0.14658595763772045, "city_similarity": 0.85341404236227958 }, "geometry": { "type": "Polygon", "coordinates": [ [ [ 9.311697636408475, 45.485890844035055 ], [ 9.313643051635067, 45.483499176909966 ], [ 9.310496548854623, 45.481502712040701 ], [ 9.310015186423897, 45.478100184006458 ], [ 9.305257374651568, 45.478112997647472 ], [ 9.3020795590364, 45.482019066248746 ], [ 9.305299473651946, 45.485908123639668 ], [ 9.307242436566044, 45.48590291414444 ], [ 9.307280142560302, 45.484838887505376 ], [ 9.309328079223633, 45.484863281249993 ], [ 9.309343338012695, 45.484928131103516 ], [ 9.30957481352236, 45.485896616898764 ], [ 9.311697636408475, 45.485890844035055 ] ] ] } },
{ "type": "Feature", "properties": { "from_id": "360", "population": 325.76898588053274, "gravity_community": 4.3967767781726481, "gravity_education": 8.6581898806976589, "gravity_essential_services": 11.784615093003925, "gravity_food_and_drink": 28.264841322912826, "gravity_healthcare": 3.9315975342013334, "gravity_shelter": 0.94476148215531686, "avg_gravity": 9.6634636818572837, "min_tt_community": 11.0, "min_tt_education": 6.0, "min_tt_essential_services": 1.0, "min_tt_food_and_drink": 1.0, "min_tt_healthcare": 12.0, "min_tt_shelter": 35.0, "avg_tt_community": 37.18181818181818, "avg_tt_education": 32.421052631578945, "avg_tt_essential_services": 22.9, "avg_tt_food_and_drink": 35.955223880597018, "avg_tt_healthcare": 37.7, "avg_tt_shelter": 43.666666666666664, "avg_tt_all": 34.970793560110131, "n_unreachable_categories": 0, "count_community": 11.0, "count_education": 19.0, "count_essential_services": 20.0, "count_food_and_drink": 67.0, "count_healthcare": 10.0, "count_shelter": 3.0, "gravity_community_per_100": 1.3496609464797398, "gravity_education_per_100": 2.657769847947657, "gravity_essential_services_per_100": 3.6174760654857501, "gravity_food_and_drink_per_100": 8.6763450629024028, "gravity_healthcare_per_100": 1.206866738272975, "gravity_shelter_per_100": 0.29000964582361549, "shannon": 1.4039042406342939, "kl_divergence": 0.062705191271044541, "jsd": 0.12139036361854602, "city_similarity": 0.87860963638145395 }, "geometry": { "type": "Polygon", "coordinates": [ [ [ 9.3020795590364, 45.482019066248746 ], [ 9.295681828865909, 45.482035806042205 ], [ 9.292503131011902, 45.48594160775167 ], [ 9.295722612860695, 45.489830933501743 ], [ 9.302121225450726, 45.489814189182688 ], [ 9.305299473651946, 45.485908123639668 ], [ 9.3020795590364, 45.482019066248746 ] ] ] } },
{ "type": "Feature", "properties": { "from_id": "361", "population": 1708.1907514779111, "gravity_community": 6.3322175925611912, "gravity_education": 10.369207954613854, "gravity_essential_services": 5.6449687294833382, "gravity_food_and_drink": 29.791898199339272, "gravity_healthcare": 5.4062052859031944, "gravity_shelter": 2.8083348017146719, "avg_gravity": 10.058805427269254, "min_tt_community": 11.0, "min_tt_education": 15.0, "min_tt_essential_services": 37.0, "min_tt_food_and_drink": 6.0, "min_tt_healthcare": 14.0, "min_tt_shelter": 37.0, "avg_tt_community": 45.05, "avg_tt_education": 49.513513513513516, "avg_tt_essential_services": 51.333333333333336, "avg_tt_food_and_drink": 51.678260869565214, "avg_tt_healthcare": 48.684210526315788, "avg_tt_shelter": 43.777777777777779, "avg_tt_all": 48.3395160034176, "n_unreachable_categories": 0, "count_community": 20.0, "count_education": 37.0, "count_essential_services": 19.0, "count_food_and_drink": 115.0, "count_healthcare": 19.0, "count_shelter": 9.0, "gravity_community_per_100": 0.37069733500679675, "gravity_education_per_100": 0.60702869077370369, "gravity_essential_services_per_100": 0.33046477535365198, "gravity_food_and_drink_per_100": 1.7440615559804191, "gravity_healthcare_per_100": 0.31648721205320862, "gravity_shelter_per_100": 0.16440405143775227, "shannon": 1.4125899706658076, "kl_divergence": 0.092852917089115611, "jsd": 0.14424598911708947, "city_similarity": 0.85575401088291048 }, "geometry": { "type": "Polygon", "coordinates": [ [ [ 9.273233215902966, 45.470398839674274 ], [ 9.266836784599363, 45.470413960896799 ], [ 9.263656739954952, 45.474318970877867 ], [ 9.26687357506265, 45.478209123584215 ], [ 9.273270888255974, 45.478193998273689 ], [ 9.276450484331489, 45.474288724345278 ], [ 9.273233215902966, 45.470398839674274 ] ] ] } },
{ "type": "Feature", "properties": { "from_id": "362", "population": 777.07757150724944, "gravity_community": 1.9822299481036956, "gravity_education": 2.242463571481029, "gravity_essential_services": 0.77859537669864043, "gravity_food_and_drink": 5.1319569890737933, "gravity_healthcare": 2.269588314257394, "gravity_shelter": 1.6606773919409741, "avg_gravity": 2.3442519319259207, "min_tt_community": 37.0, "min_tt_education": 41.0, "min_tt_essential_services": 49.0, "min_tt_food_and_drink": 33.0, "min_tt_healthcare": 40.0, "min_tt_shelter": 50.0, "avg_tt_community": 52.875, "avg_tt_education": 47.625, "avg_tt_essential_services": 50.333333333333336, "avg_tt_food_and_drink": 53.047619047619051, "avg_tt_healthcare": 51.6, "avg_tt_shelter": 53.714285714285715, "avg_tt_all": 51.532539682539685, "n_unreachable_categories": 0, "count_community": 8.0, "count_education": 8.0, "count_essential_services": 3.0, "count_food_and_drink": 21.0, "count_healthcare": 6.0, "count_shelter": 7.0, "gravity_community_per_100": 0.25508778283986328, "gravity_education_per_100": 0.28857654032292568, "gravity_essential_services_per_100": 0.10019532222355189, "gravity_food_and_drink_per_100": 0.66041759243155773, "gravity_healthcare_per_100": 0.29206714972550474, "gravity_shelter_per_100": 0.21370805860731001, "shannon": 1.6141824691524207, "kl_divergence": 0.35930550238819542, "jsd": 0.2661837458726557, "city_similarity": 0.7338162541273443 }, "geometry": { "type": "Polygon", "coordinates": [ [ [ 9.282847348775336, 45.474273063742892 ], [ 9.276450484331489, 45.474288724345278 ], [ 9.273270888255974, 45.478193998273689 ], [ 9.27648860543399, 45.482083875509701 ], [ 9.282886351944256, 45.482068210673489 ], [ 9.286065499089668, 45.478162672835573 ], [ 9.282847348775336, 45.474273063742892 ] ] ] } },
{ "type": "Feature", "properties": { "from_id": "363", "population": 135.63138374254888, "gravity_community": 9.8212016352568519, "gravity_education": 19.204514932847832, "gravity_essential_services": 14.36989706546108, "gravity_food_and_drink": 84.702959567834327, "gravity_healthcare": 14.897048439416444, "gravity_shelter": 5.5536925627116336, "avg_gravity": 24.75821903392136, "min_tt_community": 16.0, "min_tt_education": 16.0, "min_tt_essential_services": 20.0, "min_tt_food_and_drink": 19.0, "min_tt_healthcare": 16.0, "min_tt_shelter": 15.0, "avg_tt_community": 43.5, "avg_tt_education": 46.90625, "avg_tt_essential_services": 48.791666666666664, "avg_tt_food_and_drink": 48.792079207920793, "avg_tt_healthcare": 48.403846153846153, "avg_tt_shelter": 39.6, "avg_tt_all": 45.998973671405601, "n_unreachable_categories": 0, "count_community": 30.0, "count_education": 64.0, "count_essential_services": 49.0, "count_food_and_drink": 303.0, "count_healthcare": 52.0, "count_shelter": 15.0, "gravity_community_per_100": 7.2410981619852377, "gravity_education_per_100": 14.159344543222552, "gravity_essential_services_per_100": 10.594817120451676, "gravity_food_and_drink_per_100": 62.45085556939739, "gravity_healthcare_per_100": 10.983481867068127, "gravity_shelter_per_100": 4.0946957919809135, "shannon": 1.2963185362942151, "kl_divergence": 0.026877722280369686, "jsd": 0.07943755864949989, "city_similarity": 0.92056244135050014 }, "geometry": { "type": "Polygon", "coordinates": [ [ [ 9.263656739954952, 45.474318970877867 ], [ 9.257259860263037, 45.474333556806563 ], [ 9.254078933725145, 45.478238299384458 ], [ 9.257295335150806, 45.482128720091403 ], [ 9.263693096916814, 45.482114130219415 ], [ 9.26687357506265, 45.478209123584215 ], [ 9.263656739954952, 45.474318970877867 ] ] ] } },
{ "type": "Feature", "properties": { "from_id": "364", "population": 55.337948105573915, "gravity_community": 2.7138717247872353, "gravity_education": 5.6655753894813126, "gravity_essential_services": 8.444084941488498, "gravity_food_and_drink": 16.509459964142625, "gravity_healthcare": 2.2317438939477041, "gravity_shelter": 0.74212434421704021, "avg_gravity": 6.0511433763440685, "min_tt_community": 25.0, "min_tt_education": 21.0, "min_tt_essential_services": 19.0, "min_tt_food_and_drink": 19.0, "min_tt_healthcare": 26.0, "min_tt_shelter": 44.0, "avg_tt_community": 46.555555555555557, "avg_tt_education": 42.882352941176471, "avg_tt_essential_services": 31.764705882352942, "avg_tt_food_and_drink": 39.739130434782609, "avg_tt_healthcare": 44.428571428571431, "avg_tt_shelter": 52.666666666666664, "avg_tt_all": 43.006163818184284, "n_unreachable_categories": 0, "count_community": 9.0, "count_education": 17.0, "count_essential_services": 18.0, "count_food_and_drink": 46.0, "count_healthcare": 7.0, "count_shelter": 3.0, "gravity_community_per_100": 4.9041784484124742, "gravity_education_per_100": 10.238137812180007, "gravity_essential_services_per_100": 15.259121869460801, "gravity_food_and_drink_per_100": 29.833885298106509, "gravity_healthcare_per_100": 4.0329357526773055, "gravity_shelter_per_100": 1.3410767287598249, "shannon": 1.4751596683217714, "kl_divergence": 0.11457721026870879, "jsd": 0.16367701745349078, "city_similarity": 0.83632298254650927 }, "geometry": { "type": "Polygon", "coordinates": [ [ [ 9.292462796489204, 45.478146472709511 ], [ 9.286065499089668, 45.478162672835573 ], [ 9.282886351944256, 45.482068210673489 ], [ 9.286104951369337, 45.485957812257404 ], [ 9.292503131011902, 45.48594160775167 ], [ 9.295681828865909, 45.482035806042205 ], [ 9.292462796489204, 45.478146472709511 ] ] ] } },
{ "type": "Feature", "properties": { "from_id": "365", "population": 73.196116801265035, "gravity_community": 8.5569003221409865, "gravity_education": 15.023542833394144, "gravity_essential_services": 11.141768757534294, "gravity_food_and_drink": 45.523723994914995, "gravity_healthcare": 9.1090816170298581, "gravity_shelter": 3.8674282295709372, "avg_gravity": 15.537074292430868, "min_tt_community": 7.0, "min_tt_education": 4.0, "min_tt_essential_services": 22.0, "min_tt_food_and_drink": 2.0, "min_tt_healthcare": 2.0, "min_tt_shelter": 30.0, "avg_tt_community": 40.217391304347828, "avg_tt_education": 43.355555555555554, "avg_tt_essential_services": 49.0, "avg_tt_food_and_drink": 48.7875, "avg_tt_healthcare": 47.033333333333331, "avg_tt_shelter": 46.07692307692308, "avg_tt_all": 45.745117211693298, "n_unreachable_categories": 0, "count_community": 23.0, "count_education": 45.0, "count_essential_services": 38.0, "count_food_and_drink": 160.0, "count_healthcare": 30.0, "count_shelter": 13.0, "gravity_community_per_100": 11.69037470303766, "gravity_education_per_100": 20.525054456351288, "gravity_essential_services_per_100": 15.221803074315185, "gravity_food_and_drink_per_100": 62.194179123622874, "gravity_healthcare_per_100": 12.444760753855221, "gravity_shelter_per_100": 5.2836521916475458, "shannon": 1.4322004147603868, "kl_divergence": 0.066116959744229126, "jsd": 0.12296285293333101, "city_similarity": 0.87703714706666902 }, "geometry": { "type": "Polygon", "coordinates": [ [ [ 9.273270888255974, 45.478193998273689 ], [ 9.26687357506265, 45.478209123584215 ], [ 9.263693096916814, 45.482114130219415 ], [ 9.266910380597214, 45.486004275563985 ], [ 9.273308576041515, 45.485989146164343 ], [ 9.27648860543399, 45.482083875509701 ], [ 9.273270888255974, 45.478193998273689 ] ] ] } },
{ "type": "Feature", "properties": { "from_id": "366", "population": 3213.9182108299801, "gravity_community": 10.186200402822465, "gravity_education": 20.816581707393542, "gravity_essential_services": 14.566689288469174, "gravity_food_and_drink": 74.4374515755093, "gravity_healthcare": 12.44250890335692, "gravity_shelter": 5.5749738757923595, "avg_gravity": 23.004067625557294, "min_tt_community": 15.0, "min_tt_education": 21.0, "min_tt_essential_services": 24.0, "min_tt_food_and_drink": 6.0, "min_tt_healthcare": 20.0, "min_tt_shelter": 31.0, "avg_tt_community": 43.06666666666667, "avg_tt_education": 47.380281690140848, "avg_tt_essential_services": 49.52, "avg_tt_food_and_drink": 48.486692015209123, "avg_tt_healthcare": 45.975609756097562, "avg_tt_shelter": 47.157894736842103, "avg_tt_all": 46.931190810826052, "n_unreachable_categories": 0, "count_community": 30.0, "count_education": 71.0, "count_essential_services": 51.0, "count_food_and_drink": 263.0, "count_healthcare": 41.0, "count_shelter": 19.0, "gravity_community_per_100": 0.31694024970821905, "gravity_education_per_100": 0.64770104096761538, "gravity_essential_services_per_100": 0.45323770964001575, "gravity_food_and_drink_per_100": 2.316096636332452, "gravity_healthcare_per_100": 0.38714454093539913, "gravity_shelter_per_100": 0.17346346453392314, "shannon": 1.3656587925594545, "kl_divergence": 0.053583966757407092, "jsd": 0.10971917937933667, "city_similarity": 0.89028082062066338 }, "geometry": { "type": "Polygon", "coordinates": [ [ [ 9.263693096916814, 45.482114130219415 ], [ 9.257295335150806, 45.482128720091403 ], [ 9.254113974750231, 45.486033459251907 ], [ 9.257330824571618, 45.489923872670268 ], [ 9.263729468773073, 45.489909278853879 ], [ 9.266910380597214, 45.486004275563985 ], [ 9.263693096916814, 45.482114130219415 ] ] ] } },
{ "type": "Feature", "properties": { "from_id": "367", "population": 371.31915867157903, "gravity_community": 5.9126098068918429, "gravity_education": 10.895879771744308, "gravity_essential_services": 7.9374154624272633, "gravity_food_and_drink": 25.130696976844575, "gravity_healthcare": 5.971481767347977, "gravity_shelter": 1.6298290871684493, "avg_gravity": 9.5796521454040686, "min_tt_community": 16.0, "min_tt_education": 23.0, "min_tt_essential_services": 27.0, "min_tt_food_and_drink": 18.0, "min_tt_healthcare": 22.0, "min_tt_shelter": 50.0, "avg_tt_community": 41.411764705882355, "avg_tt_education": 43.18181818181818, "avg_tt_essential_services": 42.416666666666664, "avg_tt_food_and_drink": 45.05, "avg_tt_healthcare": 47.647058823529413, "avg_tt_shelter": 54.428571428571431, "avg_tt_all": 45.689313301078009, "n_unreachable_categories": 0, "count_community": 17.0, "count_education": 33.0, "count_essential_services": 24.0, "count_food_and_drink": 80.0, "count_healthcare": 18.0, "count_shelter": 7.0, "gravity_community_per_100": 1.5923255422759841, "gravity_education_per_100": 2.9343704781420654, "gravity_essential_services_per_100": 2.1376261571915482, "gravity_food_and_drink_per_100": 6.7679505325691922, "gravity_healthcare_per_100": 1.6081803558726626, "gravity_shelter_per_100": 0.43892943552906888, "shannon": 1.5223977519267855, "kl_divergence": 0.12912114689574952, "jsd": 0.17218906048648089, "city_similarity": 0.82781093951351914 }, "geometry": { "type": "Polygon", "coordinates": [ [ [ 9.282886351944256, 45.482068210673489 ], [ 9.27648860543399, 45.482083875509701 ], [ 9.273308576041515, 45.485989146164343 ], [ 9.276526742153582, 45.48987901596481 ], [ 9.282925371091615, 45.4898633468936 ], [ 9.286104951369337, 45.485957812257404 ], [ 9.282886351944256, 45.482068210673489 ] ] ] } },
{ "type": "Feature", "properties": { "from_id": "368", "population": 215.07334064764794, "gravity_community": 9.6045653766826931, "gravity_education": 17.753456581455609, "gravity_essential_services": 14.41425403540444, "gravity_food_and_drink": 56.957677871646403, "gravity_healthcare": 11.033305996579131, "gravity_shelter": 3.4940773008852575, "avg_gravity": 18.876222860442255, "min_tt_community": 2.0, "min_tt_education": 7.0, "min_tt_essential_services": 6.0, "min_tt_food_and_drink": 4.0, "min_tt_healthcare": 5.0, "min_tt_shelter": 32.0, "avg_tt_community": 38.333333333333336, "avg_tt_education": 40.755102040816325, "avg_tt_essential_services": 45.909090909090907, "avg_tt_food_and_drink": 46.267759562841533, "avg_tt_healthcare": 43.484848484848484, "avg_tt_shelter": 47.583333333333336, "avg_tt_all": 43.722244610710653, "n_unreachable_categories": 0, "count_community": 24.0, "count_education": 49.0, "count_essential_services": 45.0, "count_food_and_drink": 183.0, "count_healthcare": 33.0, "count_shelter": 12.0, "gravity_community_per_100": 4.4657163680819636, "gravity_education_per_100": 8.2546058604915071, "gravity_essential_services_per_100": 6.702018014877603, "gravity_food_and_drink_per_100": 26.482909364838243, "gravity_healthcare_per_100": 5.1300202820836187, "gravity_shelter_per_100": 1.6245980512338636, "shannon": 1.4047859032985384, "kl_divergence": 0.052111308158159793, "jsd": 0.11018131064805685, "city_similarity": 0.88981868935194319 }, "geometry": { "type": "Polygon", "coordinates": [ [ [ 9.273308576041515, 45.485989146164343 ], [ 9.266910380597214, 45.486004275563985 ], [ 9.263729468773073, 45.489909278853879 ], [ 9.266947201210641, 45.493799416836168 ], [ 9.273346279267358, 45.493784283346272 ], [ 9.276526742153582, 45.48987901596481 ], [ 9.273308576041515, 45.485989146164343 ] ] ] } },
{ "type": "Feature", "properties": { "from_id": "369", "population": 1977.284318253372, "gravity_community": 6.4734961585348838, "gravity_education": 13.673681224442355, "gravity_essential_services": 13.852593770664788, "gravity_food_and_drink": 32.801212689795747, "gravity_healthcare": 6.3637441817821339, "gravity_shelter": 0.22870596721658404, "avg_gravity": 12.232238998739417, "min_tt_community": 10.0, "min_tt_education": 3.0, "min_tt_essential_services": 11.0, "min_tt_food_and_drink": 3.0, "min_tt_healthcare": 9.0, "min_tt_shelter": 55.0, "avg_tt_community": 38.352941176470587, "avg_tt_education": 36.8125, "avg_tt_essential_services": 30.0, "avg_tt_food_and_drink": 37.139240506329116, "avg_tt_healthcare": 44.05263157894737, "avg_tt_shelter": 55.0, "avg_tt_all": 40.226218876957844, "n_unreachable_categories": 0, "count_community": 17.0, "count_education": 32.0, "count_essential_services": 27.0, "count_food_and_drink": 79.0, "count_healthcare": 19.0, "count_shelter": 1.0, "gravity_community_per_100": 0.32739328880397062, "gravity_education_per_100": 0.69153844483634797, "gravity_essential_services_per_100": 0.70058684240723834, "gravity_food_and_drink_per_100": 1.6589021814915621, "gravity_healthcare_per_100": 0.3218426466560726, "gravity_shelter_per_100": 0.011566670766832904, "shannon": 1.4551488771902561, "kl_divergence": 0.12379168682333601, "jsd": 0.16998684969509884, "city_similarity": 0.83001315030490119 }, "geometry": { "type": "Polygon", "coordinates": [ [ [ 9.292503131011902, 45.48594160775167 ], [ 9.286104951369337, 45.485957812257404 ], [ 9.282925371091615, 45.4898633468936 ], [ 9.286144419812178, 45.493752940968214 ], [ 9.292543482059205, 45.493736732081587 ], [ 9.295722612860695, 45.489830933501743 ], [ 9.292503131011902, 45.48594160775167 ] ] ] } },
{ "type": "Feature", "properties": { "from_id": "370", "population": 2548.367800490882, "gravity_community": 9.5491219803308116, "gravity_education": 17.123014364408064, "gravity_essential_services": 14.151072977347026, "gravity_food_and_drink": 95.486245922036161, "gravity_healthcare": 14.742888356442849, "gravity_shelter": 4.9748195691703243, "avg_gravity": 26.004527194955873, "min_tt_community": 22.0, "min_tt_education": 26.0, "min_tt_essential_services": 35.0, "min_tt_food_and_drink": 16.0, "min_tt_healthcare": 33.0, "min_tt_shelter": 42.0, "avg_tt_community": 48.617647058823529, "avg_tt_education": 48.935483870967744, "avg_tt_essential_services": 49.734693877551024, "avg_tt_food_and_drink": 50.055710306406688, "avg_tt_healthcare": 50.571428571428569, "avg_tt_shelter": 48.222222222222221, "avg_tt_all": 49.356197651233295, "n_unreachable_categories": 0, "count_community": 34.0, "count_education": 62.0, "count_essential_services": 50.0, "count_food_and_drink": 359.0, "count_healthcare": 56.0, "count_shelter": 18.0, "gravity_community_per_100": 0.37471521883502851, "gravity_education_per_100": 0.671920841297309, "gravity_essential_services_per_100": 0.55529947343633679, "gravity_food_and_drink_per_100": 3.7469570092528643, "gravity_healthcare_per_100": 0.57852278441137839, "gravity_shelter_per_100": 0.19521591695720078, "shannon": 1.2474184303883049, "kl_divergence": 0.019958534944698049, "jsd": 0.068789756574157743, "city_similarity": 0.93121024342584224 }, "geometry": { "type": "Polygon", "coordinates": [ [ [ 9.263729468773073, 45.489909278853879 ], [ 9.257330824571618, 45.489923872670268 ], [ 9.254149030131295, 45.493828608413921 ], [ 9.257366328532791, 45.497719014543186 ], [ 9.263765855531224, 45.497704416781353 ], [ 9.266947201210641, 45.493799416836168 ], [ 9.263729468773073, 45.489909278853879 ] ] ] } },
{ "type": "Feature", "properties": { "from_id": "371", "population": 383.46188547072705, "gravity_community": 1.1344944042219569, "gravity_education": 2.7147750546216249, "gravity_essential_services": 5.0620589117895545, "gravity_food_and_drink": 8.8412999562293013, "gravity_healthcare": 1.0549757847843471, "gravity_shelter": 0.21675967734687365, "avg_gravity": 3.1707272981656094, "min_tt_community": 41.0, "min_tt_education": 36.0, "min_tt_essential_services": 31.0, "min_tt_food_and_drink": 29.0, "min_tt_healthcare": 42.0, "min_tt_shelter": 57.0, "avg_tt_community": 47.25, "avg_tt_education": 49.5, "avg_tt_essential_services": 46.176470588235297, "avg_tt_food_and_drink": 47.645161290322584, "avg_tt_healthcare": 50.0, "avg_tt_shelter": 57.0, "avg_tt_all": 49.595271979759652, "n_unreachable_categories": 0, "count_community": 4.0, "count_education": 10.0, "count_essential_services": 17.0, "count_food_and_drink": 31.0, "count_healthcare": 4.0, "count_shelter": 1.0, "gravity_community_per_100": 0.29585584570661655, "gravity_education_per_100": 0.70796476976819833, "gravity_essential_services_per_100": 1.3200944092723879, "gravity_food_and_drink_per_100": 2.3056528670055356, "gravity_healthcare_per_100": 0.27511881226195101, "gravity_shelter_per_100": 0.056527046248882218, "shannon": 1.3877607394796219, "kl_divergence": 0.12638638698980154, "jsd": 0.17115792975439906, "city_similarity": 0.82884207024560097 }, "geometry": { "type": "Polygon", "coordinates": [ [ [ 9.311697636408475, 45.485890844035055 ], [ 9.314918433439237, 45.489779625302475 ], [ 9.321317028596702, 45.489761805743029 ], [ 9.322065158198887, 45.488841900809248 ], [ 9.313643051635067, 45.483499176909966 ], [ 9.311697636408475, 45.485890844035055 ] ] ] } },
{ "type": "Feature", "properties": { "from_id": "372", "population": 639.1960417476289, "gravity_community": 2.6853104715710989, "gravity_education": 5.1687526476560652, "gravity_essential_services": 8.7421742138735219, "gravity_food_and_drink": 14.999839065592589, "gravity_healthcare": 2.792284590973936, "gravity_shelter": 0.0, "avg_gravity": 5.7313934982778685, "min_tt_community": 18.0, "min_tt_education": 21.0, "min_tt_essential_services": 23.0, "min_tt_food_and_drink": 23.0, "min_tt_healthcare": 24.0, "min_tt_shelter": null, "avg_tt_community": 39.142857142857146, "avg_tt_education": 35.153846153846153, "avg_tt_essential_services": 29.941176470588236, "avg_tt_food_and_drink": 35.486486486486484, "avg_tt_healthcare": 41.625, "avg_tt_shelter": null, "avg_tt_all": 36.269873250755602, "n_unreachable_categories": 1, "count_community": 7.0, "count_education": 13.0, "count_essential_services": 18.0, "count_food_and_drink": 37.0, "count_healthcare": 8.0, "count_shelter": 0.0, "gravity_community_per_100": 0.42010749381820001, "gravity_education_per_100": 0.80863339414996294, "gravity_essential_services_per_100": 1.3676827831992673, "gravity_food_and_drink_per_100": 2.346672708513879, "gravity_healthcare_per_100": 0.43684322314317492, "gravity_shelter_per_100": 0.0, "shannon": 1.4160466414175992, "kl_divergence": 0.13446262271257975, "jsd": 0.18284827824734029, "city_similarity": 0.81715172175265971 }, "geometry": { "type": "Polygon", "coordinates": [ [ [ 9.31174063525228, 45.493685954641016 ], [ 9.314918433439237, 45.489779625302475 ], [ 9.311697636408475, 45.485890844035055 ], [ 9.30957481352236, 45.485896616898764 ], [ 9.309758186340332, 45.486663818359375 ], [ 9.307217544652044, 45.486605319414195 ], [ 9.307242436566044, 45.48590291414444 ], [ 9.305299473651946, 45.485908123639668 ], [ 9.302121225450726, 45.489814189182688 ], [ 9.305341589899792, 45.493703238917163 ], [ 9.306966177785872, 45.49369888474213 ], [ 9.307115301259948, 45.489490495537709 ], [ 9.307435989379883, 45.48948669433593 ], [ 9.307522773742676, 45.489482879638672 ], [ 9.307792663574221, 45.490871429443366 ], [ 9.308085441589355, 45.490867614746094 ], [ 9.308151245117188, 45.491123199462884 ], [ 9.309560775756836, 45.490974426269524 ], [ 9.311559677124023, 45.490756988525391 ], [ 9.311649322509766, 45.49076843261718 ], [ 9.311702728271484, 45.490798950195312 ], [ 9.312003135681152, 45.492149353027337 ], [ 9.310698373620294, 45.493688794302706 ], [ 9.31174063525228, 45.493685954641016 ] ] ] } },
{ "type": "Feature", "properties": { "from_id": "373", "population": 187.91347610462338, "gravity_community": 1.4873526464138853, "gravity_education": 3.6100372252642039, "gravity_essential_services": 5.4951219466056784, "gravity_food_and_drink": 9.8488391529849846, "gravity_healthcare": 2.554235256314771, "gravity_shelter": 0.0, "avg_gravity": 3.8325977045972546, "min_tt_community": 29.0, "min_tt_education": 33.0, "min_tt_essential_services": 35.0, "min_tt_food_and_drink": 34.0, "min_tt_healthcare": 36.0, "min_tt_shelter": null, "avg_tt_community": 38.0, "avg_tt_education": 45.333333333333336, "avg_tt_essential_services": 40.0, "avg_tt_food_and_drink": 42.266666666666666, "avg_tt_healthcare": 44.6, "avg_tt_shelter": null, "avg_tt_all": 42.04, "n_unreachable_categories": 1, "count_community": 4.0, "count_education": 12.0, "count_essential_services": 16.0, "count_food_and_drink": 30.0, "count_healthcare": 6.0, "count_shelter": 0.0, "gravity_community_per_100": 0.79150930377435058, "gravity_education_per_100": 1.9211167288791287, "gravity_essential_services_per_100": 2.9242830586275752, "gravity_food_and_drink_per_100": 5.2411563859855947, "gravity_healthcare_per_100": 1.3592613522260988, "gravity_shelter_per_100": 0.0, "shannon": 1.3884495452135199, "kl_divergence": 0.15186566022823839, "jsd": 0.19219408138142582, "city_similarity": 0.8078059186185742 }, "geometry": { "type": "Polygon", "coordinates": [ [ [ 9.321317028596702, 45.489761805743029 ], [ 9.314918433439237, 45.489779625302475 ], [ 9.31174063525228, 45.493685954641016 ], [ 9.314961882478078, 45.497574728178044 ], [ 9.321361360407831, 45.497556903801083 ], [ 9.324538708218963, 45.493650310705171 ], [ 9.321317028596702, 45.489761805743029 ] ] ] } },
{ "type": "Feature", "properties": { "from_id": "374", "population": 1542.381596766455, "gravity_community": 6.4346872479801807, "gravity_education": 11.943498243482299, "gravity_essential_services": 15.26395042116941, "gravity_food_and_drink": 34.963176619115515, "gravity_healthcare": 6.6714930424955252, "gravity_shelter": 0.46153209720236615, "avg_gravity": 12.623056278574218, "min_tt_community": 4.0, "min_tt_education": 1.0, "min_tt_essential_services": 6.0, "min_tt_food_and_drink": 4.0, "min_tt_healthcare": 7.0, "min_tt_shelter": 50.0, "avg_tt_community": 40.941176470588232, "avg_tt_education": 38.310344827586206, "avg_tt_essential_services": 27.03846153846154, "avg_tt_food_and_drink": 37.132530120481931, "avg_tt_healthcare": 41.833333333333336, "avg_tt_shelter": 55.0, "avg_tt_all": 40.042641048408541, "n_unreachable_categories": 0, "count_community": 17.0, "count_education": 29.0, "count_essential_services": 27.0, "count_food_and_drink": 83.0, "count_healthcare": 18.0, "count_shelter": 2.0, "gravity_community_per_100": 0.41719165098120081, "gravity_education_per_100": 0.7743543017189386, "gravity_essential_services_per_100": 0.98963514950967446, "gravity_food_and_drink_per_100": 2.2668305101937483, "gravity_healthcare_per_100": 0.43254490694663755, "gravity_shelter_per_100": 0.029923340512487368, "shannon": 1.4490035540232491, "kl_divergence": 0.09656635676754903, "jsd": 0.1502246895548269, "city_similarity": 0.84977531044517307 }, "geometry": { "type": "Polygon", "coordinates": [ [ [ 9.302121225450726, 45.489814189182688 ], [ 9.295722612860695, 45.489830933501743 ], [ 9.292543482059205, 45.493736732081587 ], [ 9.295763413565007, 45.497626050248492 ], [ 9.302162908936101, 45.497609301402612 ], [ 9.305341589899792, 45.493703238917163 ], [ 9.302121225450726, 45.489814189182688 ] ] ] } },
{ "type": "Feature", "properties": { "from_id": "375", "population": 4416.0631222898792, "gravity_community": 3.659628288819202, "gravity_education": 5.9789265641318199, "gravity_essential_services": 9.392150043801756, "gravity_food_and_drink": 20.228358203075985, "gravity_healthcare": 4.9292084471811428, "gravity_shelter": 0.0, "avg_gravity": 7.364711924501651, "min_tt_community": 12.0, "min_tt_education": 21.0, "min_tt_essential_services": 14.0, "min_tt_food_and_drink": 13.0, "min_tt_healthcare": 18.0, "min_tt_shelter": null, "avg_tt_community": 40.8, "avg_tt_education": 35.533333333333331, "avg_tt_essential_services": 32.285714285714285, "avg_tt_food_and_drink": 38.283018867924525, "avg_tt_healthcare": 37.5, "avg_tt_shelter": null, "avg_tt_all": 36.880413297394433, "n_unreachable_categories": 1, "count_community": 10.0, "count_education": 15.0, "count_essential_services": 21.0, "count_food_and_drink": 53.0, "count_healthcare": 11.0, "count_shelter": 0.0, "gravity_community_per_100": 0.082870832854435292, "gravity_education_per_100": 0.13539042351893607, "gravity_essential_services_per_100": 0.21268151708238281, "gravity_food_and_drink_per_100": 0.45806315813227988, "gravity_healthcare_per_100": 0.11161997260186762, "gravity_shelter_per_100": 0.0, "shannon": 1.3878995088873614, "kl_divergence": 0.098899231092574605, "jsd": 0.15843983122086736, "city_similarity": 0.84156016877913264 }, "geometry": { "type": "Polygon", "coordinates": [ [ [ 9.305341589899792, 45.493703238917163 ], [ 9.302162908936101, 45.497609301402612 ], [ 9.305383723403786, 45.501498343480009 ], [ 9.311783651713842, 45.501481054531062 ], [ 9.314961882478078, 45.497574728178044 ], [ 9.31174063525228, 45.493685954641016 ], [ 9.310698373620294, 45.493688794302706 ], [ 9.306803703308105, 45.498283386230469 ], [ 9.306966177785872, 45.49369888474213 ], [ 9.305341589899792, 45.493703238917163 ] ] ] } },
{ "type": "Feature", "properties": { "from_id": "376", "population": 145.7245000865795, "gravity_community": 1.8472041985966547, "gravity_education": 3.724032831946487, "gravity_essential_services": 5.6864822650987241, "gravity_food_and_drink": 10.979108387827859, "gravity_healthcare": 2.2106095375019401, "gravity_shelter": 0.0, "avg_gravity": 4.074572870161945, "min_tt_community": 27.0, "min_tt_education": 36.0, "min_tt_essential_services": 29.0, "min_tt_food_and_drink": 28.0, "min_tt_healthcare": 33.0, "min_tt_shelter": null, "avg_tt_community": 45.666666666666664, "avg_tt_education": 47.0, "avg_tt_essential_services": 41.588235294117645, "avg_tt_food_and_drink": 45.027777777777779, "avg_tt_healthcare": 43.857142857142854, "avg_tt_shelter": null, "avg_tt_all": 44.627964519140988, "n_unreachable_categories": 1, "count_community": 6.0, "count_education": 13.0, "count_essential_services": 17.0, "count_food_and_drink": 36.0, "count_healthcare": 7.0, "count_shelter": 0.0, "gravity_community_per_100": 1.2676002988510324, "gravity_education_per_100": 2.555529667100537, "gravity_essential_services_per_100": 3.9022142891004648, "gravity_food_and_drink_per_100": 7.534154093035025, "gravity_healthcare_per_100": 1.5169786385875728, "gravity_shelter_per_100": 0.0, "shannon": 1.3961873724085834, "kl_divergence": 0.13001762668701336, "jsd": 0.17937926563655646, "city_similarity": 0.82062073436344352 }, "geometry": { "type": "Polygon", "coordinates": [ [ [ 9.321361360407831, 45.497556903801083 ], [ 9.314961882478078, 45.497574728178044 ], [ 9.311783651713842, 45.501481054531062 ], [ 9.315005349319962, 45.505369820337066 ], [ 9.321405710383697, 45.505351991141268 ], [ 9.324583490586733, 45.501445400958858 ], [ 9.321361360407831, 45.497556903801083 ] ] ] } },
{ "type": "Feature", "properties": { "from_id": "377", "population": 59.162145152485877, "gravity_community": 5.1603325850472963, "gravity_education": 9.5861713367365358, "gravity_essential_services": 12.471442073771367, "gravity_food_and_drink": 30.174159280440936, "gravity_healthcare": 6.6218930618583816, "gravity_shelter": 0.2226527153689607, "avg_gravity": 10.70610850887058, "min_tt_community": 19.0, "min_tt_education": 7.0, "min_tt_essential_services": 13.0, "min_tt_food_and_drink": 10.0, "min_tt_healthcare": 16.0, "min_tt_shelter": 56.0, "avg_tt_community": 39.357142857142854, "avg_tt_education": 39.46153846153846, "avg_tt_essential_services": 32.730769230769234, "avg_tt_food_and_drink": 39.1, "avg_tt_healthcare": 38.647058823529413, "avg_tt_shelter": 56.0, "avg_tt_all": 40.882751562163328, "n_unreachable_categories": 0, "count_community": 14.0, "count_education": 26.0, "count_essential_services": 27.0, "count_food_and_drink": 80.0, "count_healthcare": 17.0, "count_shelter": 1.0, "gravity_community_per_100": 8.7223554381723929, "gravity_education_per_100": 16.203217973298496, "gravity_essential_services_per_100": 21.080104586517585, "gravity_food_and_drink_per_100": 51.002476672658439, "gravity_healthcare_per_100": 11.192787287869569, "gravity_shelter_per_100": 0.37634320864311199, "shannon": 1.4127838649769293, "kl_divergence": 0.08521064150984313, "jsd": 0.1423322029704516, "city_similarity": 0.85766779702954843 }, "geometry": { "type": "Polygon", "coordinates": [ [ [ 9.302162908936101, 45.497609301402612 ], [ 9.295763413565007, 45.497626050248492 ], [ 9.292583849639433, 45.501531845699333 ], [ 9.295804230987256, 45.505421156282488 ], [ 9.302204609501116, 45.505404402908532 ], [ 9.305383723403786, 45.501498343480009 ], [ 9.302162908936101, 45.497609301402612 ] ] ] } },
{ "type": "Feature", "properties": { "from_id": "378", "population": 1071.7138475721208, "gravity_community": 1.9160799426002324, "gravity_education": 3.8713237151248725, "gravity_essential_services": 5.8898183702943117, "gravity_food_and_drink": 11.37500644226218, "gravity_healthcare": 3.2892311801289811, "gravity_shelter": 0.0, "avg_gravity": 4.3902432750684293, "min_tt_community": 26.0, "min_tt_education": 35.0, "min_tt_essential_services": 28.0, "min_tt_food_and_drink": 27.0, "min_tt_healthcare": 32.0, "min_tt_shelter": null, "avg_tt_community": 44.333333333333336, "avg_tt_education": 45.53846153846154, "avg_tt_essential_services": 40.235294117647058, "avg_tt_food_and_drink": 43.694444444444443, "avg_tt_healthcare": 42.571428571428569, "avg_tt_shelter": null, "avg_tt_all": 43.274592401062989, "n_unreachable_categories": 1, "count_community": 6.0, "count_education": 13.0, "count_essential_services": 17.0, "count_food_and_drink": 36.0, "count_healthcare": 8.0, "count_shelter": 0.0, "gravity_community_per_100": 0.17878652468109404, "gravity_education_per_100": 0.36122736716475545, "gravity_essential_services_per_100": 0.54957005395024128, "gravity_food_and_drink_per_100": 1.0613846660684023, "gravity_healthcare_per_100": 0.30691319213430551, "gravity_shelter_per_100": 0.0, "shannon": 1.4082548945174087, "kl_divergence": 0.12980544582402792, "jsd": 0.17975498482287602, "city_similarity": 0.820245015177124 }, "geometry": { "type": "Polygon", "coordinates": [ [ [ 9.311783651713842, 45.501481054531062 ], [ 9.305383723403786, 45.501498343480009 ], [ 9.302204609501116, 45.505404402908532 ], [ 9.305425874172618, 45.509293437328253 ], [ 9.311826685802036, 45.509276143705215 ], [ 9.315005349319962, 45.505369820337066 ], [ 9.311783651713842, 45.501481054531062 ] ] ] } },
{ "type": "Feature", "properties": { "from_id": "379", "population": 24.188026864089878, "gravity_community": 1.3244191610467968, "gravity_education": 1.6287528862710645, "gravity_essential_services": 2.1649963785548305, "gravity_food_and_drink": 8.0578480925240861, "gravity_healthcare": 2.9245478795399036, "gravity_shelter": 0.0, "avg_gravity": 2.683427399656114, "min_tt_community": 41.0, "min_tt_education": 47.0, "min_tt_essential_services": 26.0, "min_tt_food_and_drink": 26.0, "min_tt_healthcare": 26.0, "min_tt_shelter": null, "avg_tt_community": 50.2, "avg_tt_education": 54.714285714285715, "avg_tt_essential_services": 50.25, "avg_tt_food_and_drink": 45.653846153846153, "avg_tt_healthcare": 44.333333333333336, "avg_tt_shelter": null, "avg_tt_all": 49.030293040293046, "n_unreachable_categories": 1, "count_community": 5.0, "count_education": 7.0, "count_essential_services": 8.0, "count_food_and_drink": 26.0, "count_healthcare": 7.0, "count_shelter": 0.0, "gravity_community_per_100": 5.4755155039663901, "gravity_education_per_100": 6.7337153849830962, "gravity_essential_services_per_100": 8.950694451927518, "gravity_food_and_drink_per_100": 33.313374992513175, "gravity_healthcare_per_100": 12.090890654176333, "gravity_shelter_per_100": 0.0, "shannon": 1.3922546715212165, "kl_divergence": 0.091066419853520097, "jsd": 0.15242820901342269, "city_similarity": 0.84757179098657731 }, "geometry": { "type": "Polygon", "coordinates": [ [ [ 9.321405710383697, 45.505351991141268 ], [ 9.315005349319962, 45.505369820337066 ], [ 9.311826685802036, 45.509276143705215 ], [ 9.315048833973854, 45.513164901779597 ], [ 9.321450078533449, 45.51314706776364 ], [ 9.324628291304707, 45.509240480494029 ], [ 9.321405710383697, 45.505351991141268 ] ] ] } },
{ "type": "Feature", "properties": { "from_id": "380", "population": 96.781476616559601, "gravity_community": 4.4626331751208248, "gravity_education": 8.382828385567489, "gravity_essential_services": 9.8198476795805547, "gravity_food_and_drink": 25.688790387674494, "gravity_healthcare": 5.6909743636703789, "gravity_shelter": 0.67951714797085394, "avg_gravity": 9.1207651899307667, "min_tt_community": 23.0, "min_tt_education": 16.0, "min_tt_essential_services": 11.0, "min_tt_food_and_drink": 9.0, "min_tt_healthcare": 9.0, "min_tt_shelter": 49.0, "avg_tt_community": 38.166666666666664, "avg_tt_education": 41.6, "avg_tt_essential_services": 36.956521739130437, "avg_tt_food_and_drink": 36.707692307692305, "avg_tt_healthcare": 33.230769230769234, "avg_tt_shelter": 55.666666666666664, "avg_tt_all": 40.388052768487547, "n_unreachable_categories": 0, "count_community": 12.0, "count_education": 25.0, "count_essential_services": 24.0, "count_food_and_drink": 65.0, "count_healthcare": 13.0, "count_shelter": 3.0, "gravity_community_per_100": 4.6110405948871991, "gravity_education_per_100": 8.6616041402008968, "gravity_essential_services_per_100": 10.146412333101713, "gravity_food_and_drink_per_100": 26.543085811194437, "gravity_healthcare_per_100": 5.8802309725212814, "gravity_shelter_per_100": 0.70211487954771146, "shannon": 1.4731550977131134, "kl_divergence": 0.10653891074095143, "jsd": 0.15800727547922214, "city_similarity": 0.84199272452077789 }, "geometry": { "type": "Polygon", "coordinates": [ [ [ 9.302204609501116, 45.505404402908532 ], [ 9.295804230987256, 45.505421156282488 ], [ 9.292624233760911, 45.509326948604965 ], [ 9.295845065135866, 45.513216251603787 ], [ 9.302246327154375, 45.513199493700519 ], [ 9.305425874172618, 45.509293437328253 ], [ 9.302204609501116, 45.505404402908532 ] ] ] } },
{ "type": "Feature", "properties": { "from_id": "381", "population": 81.350992269857102, "gravity_community": 1.01310099345299, "gravity_education": 2.5649372825157983, "gravity_essential_services": 5.4651856288232219, "gravity_food_and_drink": 7.1401388832775528, "gravity_healthcare": 1.0926928857481124, "gravity_shelter": 0.0, "avg_gravity": 2.879342612302946, "min_tt_community": 37.0, "min_tt_education": 40.0, "min_tt_essential_services": 42.0, "min_tt_food_and_drink": 42.0, "min_tt_healthcare": 44.0, "min_tt_shelter": null, "avg_tt_community": 40.666666666666664, "avg_tt_education": 51.1, "avg_tt_essential_services": 47.75, "avg_tt_food_and_drink": 46.96, "avg_tt_healthcare": 48.75, "avg_tt_shelter": null, "avg_tt_all": 47.045333333333332, "n_unreachable_categories": 1, "count_community": 3.0, "count_education": 10.0, "count_essential_services": 17.0, "count_food_and_drink": 25.0, "count_healthcare": 4.0, "count_shelter": 0.0, "gravity_community_per_100": 1.2453455885237841, "gravity_education_per_100": 3.1529268555291883, "gravity_essential_services_per_100": 6.7180319211032309, "gravity_food_and_drink_per_100": 8.7769536474642127, "gravity_healthcare_per_100": 1.3431832301730717, "gravity_shelter_per_100": 0.0, "shannon": 1.3571410447803176, "kl_divergence": 0.19672046050858832, "jsd": 0.21571192014087012, "city_similarity": 0.78428807985912985 }, "geometry": { "type": "Polygon", "coordinates": [ [ [ 9.321317028596702, 45.489761805743029 ], [ 9.324538708218963, 45.493650310705171 ], [ 9.329624234947502, 45.493635748894192 ], [ 9.322065158198887, 45.488841900809248 ], [ 9.321317028596702, 45.489761805743029 ] ] ] } },
{ "type": "Feature", "properties": { "from_id": "382", "population": 1087.6907523025723, "gravity_community": 0.0, "gravity_education": 0.0, "gravity_essential_services": 0.0, "gravity_food_and_drink": 0.0, "gravity_healthcare": 1.0, "gravity_shelter": 0.0, "avg_gravity": 0.16666666666666666, "min_tt_community": null, "min_tt_education": null, "min_tt_essential_services": null, "min_tt_food_and_drink": null, "min_tt_healthcare": null, "min_tt_shelter": null, "avg_tt_community": null, "avg_tt_education": null, "avg_tt_essential_services": null, "avg_tt_food_and_drink": null, "avg_tt_healthcare": null, "avg_tt_shelter": null, "avg_tt_all": null, "n_unreachable_categories": 6, "count_community": 0.0, "count_education": 0.0, "count_essential_services": 0.0, "count_food_and_drink": 0.0, "count_healthcare": 1.0, "count_shelter": 0.0, "gravity_community_per_100": 0.0, "gravity_education_per_100": 0.0, "gravity_essential_services_per_100": 0.0, "gravity_food_and_drink_per_100": 0.0, "gravity_healthcare_per_100": 0.091937896675416561, "gravity_shelter_per_100": 0.0, "shannon": 1.1412925456691193e-08, "kl_divergence": 2.4746322859329108, "jsd": 0.73834359549605511, "city_similarity": 0.26165640450394489 }, "geometry": { "type": "Polygon", "coordinates": [ [ [ 9.334160297982033, 45.497520179522219 ], [ 9.335743521256211, 45.497515537073177 ], [ 9.332398985010878, 45.495395120529018 ], [ 9.334160297982033, 45.497520179522219 ] ] ] } },
{ "type": "Feature", "properties": { "from_id": "383", "population": 0.38407331812659573, "gravity_community": 1.1358483148222713, "gravity_education": 2.7121319869774414, "gravity_essential_services": 5.2513282188107713, "gravity_food_and_drink": 7.124705878164133, "gravity_healthcare": 1.349636741269223, "gravity_shelter": 0.0, "avg_gravity": 2.9289418566739731, "min_tt_community": 36.0, "min_tt_education": 45.0, "min_tt_essential_services": 38.0, "min_tt_food_and_drink": 38.0, "min_tt_healthcare": 42.0, "min_tt_shelter": null, "avg_tt_community": 47.75, "avg_tt_education": 55.833333333333336, "avg_tt_essential_services": 50.0625, "avg_tt_food_and_drink": 51.464285714285715, "avg_tt_healthcare": 49.4, "avg_tt_shelter": null, "avg_tt_all": 50.902023809523811, "n_unreachable_categories": 1, "count_community": 4.0, "count_education": 12.0, "count_essential_services": 17.0, "count_food_and_drink": 28.0, "count_healthcare": 5.0, "count_shelter": 0.0, "gravity_community_per_100": 295.73736607443283, "gravity_education_per_100": 706.1495446250932, "gravity_essential_services_per_100": 1367.2723334245943, "gravity_food_and_drink_per_100": 1855.037968509891, "gravity_healthcare_per_100": 351.4008074948764, "gravity_shelter_per_100": 0.0, "shannon": 1.3884789881233619, "kl_divergence": 0.18113011819294259, "jsd": 0.20841802896020772, "city_similarity": 0.79158197103979222 }, "geometry": { "type": "Polygon", "coordinates": [ [ [ 9.324538708218963, 45.493650310705171 ], [ 9.321361360407831, 45.497556903801083 ], [ 9.324583490586733, 45.501445400958858 ], [ 9.330983400908375, 45.501427036337368 ], [ 9.334160297982033, 45.497520179522219 ], [ 9.332398985010878, 45.495395120529018 ], [ 9.329624234947502, 45.493635748894192 ], [ 9.324538708218963, 45.493650310705171 ] ] ] } },
{ "type": "Feature", "properties": { "from_id": "384", "population": 2842.9598542043905, "gravity_community": 0.0, "gravity_education": 0.0, "gravity_essential_services": 0.0, "gravity_food_and_drink": 0.0, "gravity_healthcare": 1.0, "gravity_shelter": 0.0, "avg_gravity": 0.16666666666666666, "min_tt_community": null, "min_tt_education": null, "min_tt_essential_services": null, "min_tt_food_and_drink": null, "min_tt_healthcare": null, "min_tt_shelter": null, "avg_tt_community": null, "avg_tt_education": null, "avg_tt_essential_services": null, "avg_tt_food_and_drink": null, "avg_tt_healthcare": null, "avg_tt_shelter": null, "avg_tt_all": null, "n_unreachable_categories": 6, "count_community": 0.0, "count_education": 0.0, "count_essential_services": 0.0, "count_food_and_drink": 0.0, "count_healthcare": 1.0, "count_shelter": 0.0, "gravity_community_per_100": 0.0, "gravity_education_per_100": 0.0, "gravity_essential_services_per_100": 0.0, "gravity_food_and_drink_per_100": 0.0, "gravity_healthcare_per_100": 0.035174608551757143, "gravity_shelter_per_100": 0.0, "shannon": 1.1412925456691193e-08, "kl_divergence": 2.4746322859329108, "jsd": 0.73834359549605511, "city_similarity": 0.26165640450394489 }, "geometry": { "type": "Polygon", "coordinates": [ [ [ 9.343127389990679, 45.502195951590799 ], [ 9.335743521256211, 45.497515537073177 ], [ 9.334160297982033, 45.497520179522219 ], [ 9.330983400908375, 45.501427036337368 ], [ 9.334206414216654, 45.505315256933976 ], [ 9.340282934989265, 45.50529731702585 ], [ 9.341454593731072, 45.504248526188135 ], [ 9.341457890956596, 45.5042494938915 ], [ 9.343127389990679, 45.502195951590799 ] ] ] } },
{ "type": "Feature", "properties": { "from_id": "385", "population": 2058.3259906783023, "gravity_community": 0.0, "gravity_education": 0.0, "gravity_essential_services": 1.0, "gravity_food_and_drink": 0.0, "gravity_healthcare": 0.0, "gravity_shelter": 0.0, "avg_gravity": 0.16666666666666666, "min_tt_community": null, "min_tt_education": null, "min_tt_essential_services": null, "min_tt_food_and_drink": null, "min_tt_healthcare": null, "min_tt_shelter": null, "avg_tt_community": null, "avg_tt_education": null, "avg_tt_essential_services": null, "avg_tt_food_and_drink": null, "avg_tt_healthcare": null, "avg_tt_shelter": null, "avg_tt_all": null, "n_unreachable_categories": 6, "count_community": 0.0, "count_education": 0.0, "count_essential_services": 1.0, "count_food_and_drink": 0.0, "count_healthcare": 0.0, "count_shelter": 0.0, "gravity_community_per_100": 0.0, "gravity_education_per_100": 0.0, "gravity_essential_services_per_100": 0.048583169261272326, "gravity_food_and_drink_per_100": 0.0, "gravity_healthcare_per_100": 0.0, "gravity_shelter_per_100": 0.0, "shannon": 1.1412925456691193e-08, "kl_divergence": 2.1531951698718053, "jsd": 0.71192501368991457, "city_similarity": 0.28807498631008543 }, "geometry": { "type": "Polygon", "coordinates": [ [ [ 9.330983400908375, 45.501427036337368 ], [ 9.324583490586733, 45.501445400958858 ], [ 9.321405710383697, 45.505351991141268 ], [ 9.324628291304707, 45.509240480494029 ], [ 9.331029084936649, 45.50922211090765 ], [ 9.334206414216654, 45.505315256933976 ], [ 9.330983400908375, 45.501427036337368 ] ] ] } },
{ "type": "Feature", "properties": { "from_id": "386", "population": 9202.0359714727783, "gravity_community": 0.0, "gravity_education": 0.0, "gravity_essential_services": 1.0, "gravity_food_and_drink": 0.0, "gravity_healthcare": 0.0, "gravity_shelter": 0.0, "avg_gravity": 0.16666666666666666, "min_tt_community": null, "min_tt_education": null, "min_tt_essential_services": null, "min_tt_food_and_drink": null, "min_tt_healthcare": null, "min_tt_shelter": null, "avg_tt_community": null, "avg_tt_education": null, "avg_tt_essential_services": null, "avg_tt_food_and_drink": null, "avg_tt_healthcare": null, "avg_tt_shelter": null, "avg_tt_all": null, "n_unreachable_categories": 6, "count_community": 0.0, "count_education": 0.0, "count_essential_services": 1.0, "count_food_and_drink": 0.0, "count_healthcare": 0.0, "count_shelter": 0.0, "gravity_community_per_100": 0.0, "gravity_education_per_100": 0.0, "gravity_essential_services_per_100": 0.010867160301264838, "gravity_food_and_drink_per_100": 0.0, "gravity_healthcare_per_100": 0.0, "gravity_shelter_per_100": 0.0, "shannon": 1.1412925456691193e-08, "kl_divergence": 2.1531951698718053, "jsd": 0.71192501368991457, "city_similarity": 0.28807498631008543 }, "geometry": { "type": "Polygon", "coordinates": [ [ [ 9.341457890956596, 45.5042494938915 ], [ 9.341978073120117, 45.504402160644524 ], [ 9.342020534576228, 45.5037419667159 ], [ 9.343223278405274, 45.502665420847514 ], [ 9.343445777893066, 45.502685546875 ], [ 9.343490600585938, 45.502426147460938 ], [ 9.343127389990679, 45.502195951590799 ], [ 9.341457890956596, 45.5042494938915 ] ] ] } },
{ "type": "Feature", "properties": { "from_id": "387", "population": 1.2853436343114222, "gravity_community": 0.0, "gravity_education": 0.0, "gravity_essential_services": 1.0, "gravity_food_and_drink": 0.0, "gravity_healthcare": 0.0, "gravity_shelter": 0.0, "avg_gravity": 0.16666666666666666, "min_tt_community": null, "min_tt_education": null, "min_tt_essential_services": null, "min_tt_food_and_drink": null, "min_tt_healthcare": null, "min_tt_shelter": null, "avg_tt_community": null, "avg_tt_education": null, "avg_tt_essential_services": null, "avg_tt_food_and_drink": null, "avg_tt_healthcare": null, "avg_tt_shelter": null, "avg_tt_all": null, "n_unreachable_categories": 6, "count_community": 0.0, "count_education": 0.0, "count_essential_services": 1.0, "count_food_and_drink": 0.0, "count_healthcare": 0.0, "count_shelter": 0.0, "gravity_community_per_100": 0.0, "gravity_education_per_100": 0.0, "gravity_essential_services_per_100": 77.800206365491903, "gravity_food_and_drink_per_100": 0.0, "gravity_healthcare_per_100": 0.0, "gravity_shelter_per_100": 0.0, "shannon": 1.1412925456691193e-08, "kl_divergence": 2.1531951698718053, "jsd": 0.71192501368991457, "city_similarity": 0.28807498631008543 }, "geometry": { "type": "Polygon", "coordinates": [ [ [ 9.334206414216654, 45.505315256933976 ], [ 9.331029084936649, 45.50922211090765 ], [ 9.333103029217398, 45.511723819950468 ], [ 9.336420672648204, 45.508754262831616 ], [ 9.337161064147949, 45.508769989013679 ], [ 9.337129592895508, 45.507896423339844 ], [ 9.33713738633638, 45.508112750365235 ], [ 9.340282934989265, 45.50529731702585 ], [ 9.334206414216654, 45.505315256933976 ] ] ] } },
{ "type": "Feature", "properties": { "from_id": "388", "population": 3243.846414596082, "gravity_community": 0.0, "gravity_education": 0.0, "gravity_essential_services": 1.0, "gravity_food_and_drink": 0.47001662093549013, "gravity_healthcare": 0.0, "gravity_shelter": 0.0, "avg_gravity": 0.24500277015591501, "min_tt_community": null, "min_tt_education": null, "min_tt_essential_services": null, "min_tt_food_and_drink": 53.0, "min_tt_healthcare": null, "min_tt_shelter": null, "avg_tt_community": null, "avg_tt_education": null, "avg_tt_essential_services": null, "avg_tt_food_and_drink": 54.0, "avg_tt_healthcare": null, "avg_tt_shelter": null, "avg_tt_all": 54.0, "n_unreachable_categories": 5, "count_community": 0.0, "count_education": 0.0, "count_essential_services": 1.0, "count_food_and_drink": 2.0, "count_healthcare": 0.0, "count_shelter": 0.0, "gravity_community_per_100": 0.0, "gravity_education_per_100": 0.0, "gravity_essential_services_per_100": 0.030827600083048884, "gravity_food_and_drink_per_100": 0.014489484422585271, "gravity_healthcare_per_100": 0.0, "gravity_shelter_per_100": 0.0, "shannon": 0.63651417745556094, "kl_divergence": 0.3564828285003912, "jsd": 0.32307267013307533, "city_similarity": 0.67692732986692472 }, "geometry": { "type": "Polygon", "coordinates": [ [ [ 9.33314222204746, 45.514475470295601 ], [ 9.333197593688965, 45.514095306396484 ], [ 9.333218574523926, 45.513935089111335 ], [ 9.333227157592773, 45.513862609863281 ], [ 9.333300590515137, 45.513282775878892 ], [ 9.333254814147949, 45.512718200683594 ], [ 9.333258628845215, 45.512611389160163 ], [ 9.333250045776367, 45.51252746582032 ], [ 9.333274841308594, 45.511978149414062 ], [ 9.331948280334473, 45.511981964111314 ], [ 9.332817396703035, 45.511979464855052 ], [ 9.333103029217398, 45.511723819950468 ], [ 9.331029084936649, 45.50922211090765 ], [ 9.324628291304707, 45.509240480494029 ], [ 9.321450078533449, 45.51314706776364 ], [ 9.324673110382127, 45.517035549310734 ], [ 9.327177583067851, 45.517028403517244 ], [ 9.329765001581244, 45.514711587255547 ], [ 9.330116271972656, 45.514736175537109 ], [ 9.332688765078551, 45.515032973239926 ], [ 9.33314222204746, 45.514475470295601 ] ] ] } },
{ "type": "Feature", "properties": { "from_id": "389", "population": 5682.3488390937482, "gravity_community": 8.2138480145602308, "gravity_education": 15.732208697620635, "gravity_essential_services": 13.313978788631736, "gravity_food_and_drink": 38.617573855783888, "gravity_healthcare": 8.7899735573823232, "gravity_shelter": 1.5887061377371376, "avg_gravity": 14.376048175285993, "min_tt_community": 6.0, "min_tt_education": 16.0, "min_tt_essential_services": 18.0, "min_tt_food_and_drink": 13.0, "min_tt_healthcare": 17.0, "min_tt_shelter": 42.0, "avg_tt_community": 34.0, "avg_tt_education": 37.625, "avg_tt_essential_services": 36.516129032258064, "avg_tt_food_and_drink": 39.640776699029125, "avg_tt_healthcare": 43.07692307692308, "avg_tt_shelter": 50.5, "avg_tt_all": 40.226471468035044, "n_unreachable_categories": 0, "count_community": 19.0, "count_education": 40.0, "count_essential_services": 32.0, "count_food_and_drink": 103.0, "count_healthcare": 26.0, "count_shelter": 6.0, "gravity_community_per_100": 0.14455022468965878, "gravity_education_per_100": 0.27686101545518094, "gravity_essential_services_per_100": 0.23430414368497524, "gravity_food_and_drink_per_100": 0.67960582761305499, "gravity_healthcare_per_100": 0.15468908731735301, "gravity_shelter_per_100": 0.027958616810130812, "shannon": 1.4946888926458428, "kl_divergence": 0.10716288141039344, "jsd": 0.15847790222521296, "city_similarity": 0.84152209777478704 }, "geometry": { "type": "Polygon", "coordinates": [ [ [ 9.282925371091615, 45.4898633468936 ], [ 9.276526742153582, 45.48987901596481 ], [ 9.273346279267358, 45.493784283346272 ], [ 9.276564894498124, 45.497674145710683 ], [ 9.282964406225449, 45.49765847240333 ], [ 9.286144419812178, 45.493752940968214 ], [ 9.282925371091615, 45.4898633468936 ] ] ] } },
{ "type": "Feature", "properties": { "from_id": "390", "population": 482.18419195048023, "gravity_community": 8.1810139077079942, "gravity_education": 16.565080550856798, "gravity_essential_services": 15.098826707904136, "gravity_food_and_drink": 41.958039703533082, "gravity_healthcare": 10.083261646139579, "gravity_shelter": 1.1112858619039092, "avg_gravity": 15.499584729674249, "min_tt_community": 12.0, "min_tt_education": 4.0, "min_tt_essential_services": 7.0, "min_tt_food_and_drink": 3.0, "min_tt_healthcare": 7.0, "min_tt_shelter": 47.0, "avg_tt_community": 37.333333333333336, "avg_tt_education": 35.512820512820511, "avg_tt_essential_services": 28.3, "avg_tt_food_and_drink": 34.989795918367349, "avg_tt_healthcare": 37.130434782608695, "avg_tt_shelter": 47.75, "avg_tt_all": 36.836064091188312, "n_unreachable_categories": 0, "count_community": 21.0, "count_education": 39.0, "count_essential_services": 30.0, "count_food_and_drink": 98.0, "count_healthcare": 24.0, "count_shelter": 4.0, "gravity_community_per_100": 1.6966574276554001, "gravity_education_per_100": 3.4354258864956764, "gravity_essential_services_per_100": 3.1313400480484375, "gravity_food_and_drink_per_100": 8.7016622286618066, "gravity_healthcare_per_100": 2.0911638777189774, "gravity_shelter_per_100": 0.23046916104998255, "shannon": 1.4864123013294952, "kl_divergence": 0.11487297498281646, "jsd": 0.16325399703437984, "city_similarity": 0.83674600296562018 }, "geometry": { "type": "Polygon", "coordinates": [ [ [ 9.292543482059205, 45.493736732081587 ], [ 9.286144419812178, 45.493752940968214 ], [ 9.282964406225449, 45.49765847240333 ], [ 9.286183904426332, 45.501548058968048 ], [ 9.292583849639433, 45.501531845699333 ], [ 9.295763413565007, 45.497626050248492 ], [ 9.292543482059205, 45.493736732081587 ] ] ] } },
{ "type": "Feature", "properties": { "from_id": "391", "population": 3710.2602134211302, "gravity_community": 9.3864185654482206, "gravity_education": 18.976624723066752, "gravity_essential_services": 11.163967211666575, "gravity_food_and_drink": 51.98994041009778, "gravity_healthcare": 12.631484954986517, "gravity_shelter": 4.6109437714356734, "avg_gravity": 18.126563272783585, "min_tt_community": 6.0, "min_tt_education": 6.0, "min_tt_essential_services": 11.0, "min_tt_food_and_drink": 8.0, "min_tt_healthcare": 9.0, "min_tt_shelter": 20.0, "avg_tt_community": 41.846153846153847, "avg_tt_education": 42.773584905660378, "avg_tt_essential_services": 46.2, "avg_tt_food_and_drink": 46.6, "avg_tt_healthcare": 43.333333333333336, "avg_tt_shelter": 49.875, "avg_tt_all": 45.104678680857923, "n_unreachable_categories": 0, "count_community": 26.0, "count_education": 53.0, "count_essential_services": 35.0, "count_food_and_drink": 165.0, "count_healthcare": 34.0, "count_shelter": 16.0, "gravity_community_per_100": 0.25298545184229165, "gravity_education_per_100": 0.51146344545923161, "gravity_essential_services_per_100": 0.3008944540138489, "gravity_food_and_drink_per_100": 1.4012478214340462, "gravity_healthcare_per_100": 0.34044741415425867, "gravity_shelter_per_100": 0.12427548220894316, "shannon": 1.46076339231979, "kl_divergence": 0.091966746392111942, "jsd": 0.14364086176742052, "city_similarity": 0.85635913823257948 }, "geometry": { "type": "Polygon", "coordinates": [ [ [ 9.273346279267358, 45.493784283346272 ], [ 9.266947201210641, 45.493799416836168 ], [ 9.263765855531224, 45.497704416781353 ], [ 9.266984036910523, 45.501594547400835 ], [ 9.273383997941277, 45.50157940981957 ], [ 9.276564894498124, 45.497674145710683 ], [ 9.273346279267358, 45.493784283346272 ] ] ] } },
{ "type": "Feature", "properties": { "from_id": "392", "population": 4511.8767848505231, "gravity_community": 8.6770059160487296, "gravity_education": 16.865625507424173, "gravity_essential_services": 12.763376089467787, "gravity_food_and_drink": 42.118623930289765, "gravity_healthcare": 9.8042035527769738, "gravity_shelter": 2.3311150599163235, "avg_gravity": 15.426658342653958, "min_tt_community": 16.0, "min_tt_education": 10.0, "min_tt_essential_services": 17.0, "min_tt_food_and_drink": 10.0, "min_tt_healthcare": 18.0, "min_tt_shelter": 29.0, "avg_tt_community": 36.409090909090907, "avg_tt_education": 36.261904761904759, "avg_tt_essential_services": 34.225806451612904, "avg_tt_food_and_drink": 36.39622641509434, "avg_tt_healthcare": 35.208333333333336, "avg_tt_shelter": 43.285714285714285, "avg_tt_all": 36.96451269279175, "n_unreachable_categories": 0, "count_community": 22.0, "count_education": 42.0, "count_essential_services": 31.0, "count_food_and_drink": 106.0, "count_healthcare": 24.0, "count_shelter": 7.0, "gravity_community_per_100": 0.1923147800751876, "gravity_education_per_100": 0.37380509955532676, "gravity_essential_services_per_100": 0.28288396820416789, "gravity_food_and_drink_per_100": 0.93350563277151066, "gravity_healthcare_per_100": 0.21729767944232065, "gravity_shelter_per_100": 0.051666195046449009, "shannon": 1.4999362161722689, "kl_divergence": 0.1152869338635079, "jsd": 0.16321471783904587, "city_similarity": 0.83678528216095416 }, "geometry": { "type": "Polygon", "coordinates": [ [ [ 9.282964406225449, 45.49765847240333 ], [ 9.276564894498124, 45.497674145710683 ], [ 9.273383997941277, 45.50157940981957 ], [ 9.276603062475484, 45.505469264747362 ], [ 9.283003457353812, 45.505453587202709 ], [ 9.286183904426332, 45.501548058968048 ], [ 9.282964406225449, 45.49765847240333 ] ] ] } },
{ "type": "Feature", "properties": { "from_id": "393", "population": 1089.334288160667, "gravity_community": 8.4900031083661354, "gravity_education": 16.213341255479456, "gravity_essential_services": 10.254620234820475, "gravity_food_and_drink": 47.592116769444758, "gravity_healthcare": 10.512114509716818, "gravity_shelter": 5.7711392686389145, "avg_gravity": 16.472222524411094, "min_tt_community": 14.0, "min_tt_education": 7.0, "min_tt_essential_services": 12.0, "min_tt_food_and_drink": 12.0, "min_tt_healthcare": 10.0, "min_tt_shelter": 8.0, "avg_tt_community": 44.42307692307692, "avg_tt_education": 45.8, "avg_tt_essential_services": 45.483870967741936, "avg_tt_food_and_drink": 46.803921568627452, "avg_tt_healthcare": 43.466666666666669, "avg_tt_shelter": 45.764705882352942, "avg_tt_all": 45.290373668077656, "n_unreachable_categories": 0, "count_community": 26.0, "count_education": 50.0, "count_essential_services": 31.0, "count_food_and_drink": 153.0, "count_healthcare": 30.0, "count_shelter": 17.0, "gravity_community_per_100": 0.77937536719801992, "gravity_education_per_100": 1.4883715156763828, "gravity_essential_services_per_100": 0.94136578149351446, "gravity_food_and_drink_per_100": 4.3689175386009094, "gravity_healthcare_per_100": 0.96500354610763672, "gravity_shelter_per_100": 0.52978588219998479, "shannon": 1.4707473773215294, "kl_divergence": 0.10550955073930017, "jsd": 0.15247675759572987, "city_similarity": 0.84752324240427013 }, "geometry": { "type": "Polygon", "coordinates": [ [ [ 9.263765855531224, 45.497704416781353 ], [ 9.257366328532791, 45.497719014543186 ], [ 9.254184099875568, 45.501623746870557 ], [ 9.257401847041645, 45.505514145710237 ], [ 9.263802257198769, 45.505499544001886 ], [ 9.266984036910523, 45.501594547400835 ], [ 9.263765855531224, 45.497704416781353 ] ] ] } },
{ "type": "Feature", "properties": { "from_id": "394", "population": 350.59911643738297, "gravity_community": 10.553097855549947, "gravity_education": 19.226847115070097, "gravity_essential_services": 13.884209767877174, "gravity_food_and_drink": 59.357596334291443, "gravity_healthcare": 12.609729517250068, "gravity_shelter": 6.0117299949899499, "avg_gravity": 20.273868430838114, "min_tt_community": 10.0, "min_tt_education": 9.0, "min_tt_essential_services": 7.0, "min_tt_food_and_drink": 6.0, "min_tt_healthcare": 5.0, "min_tt_shelter": 16.0, "avg_tt_community": 44.15625, "avg_tt_education": 42.763636363636365, "avg_tt_essential_services": 43.475, "avg_tt_food_and_drink": 44.458100558659218, "avg_tt_healthcare": 39.375, "avg_tt_shelter": 44.0, "avg_tt_all": 43.0379978203826, "n_unreachable_categories": 0, "count_community": 32.0, "count_education": 55.0, "count_essential_services": 40.0, "count_food_and_drink": 179.0, "count_healthcare": 32.0, "count_shelter": 18.0, "gravity_community_per_100": 3.0100183830425395, "gravity_education_per_100": 5.4839975954428892, "gravity_essential_services_per_100": 3.9601382653104586, "gravity_food_and_drink_per_100": 16.93033255116395, "gravity_healthcare_per_100": 3.5966233016739979, "gravity_shelter_per_100": 1.7147019810198654, "shannon": 1.4638791808908493, "kl_divergence": 0.093642931589810713, "jsd": 0.14440384775993481, "city_similarity": 0.85559615224006524 }, "geometry": { "type": "Polygon", "coordinates": [ [ [ 9.273383997941277, 45.50157940981957 ], [ 9.266984036910523, 45.501594547400835 ], [ 9.263802257198769, 45.505499544001886 ], [ 9.267020887704456, 45.509389667257985 ], [ 9.27342173207105, 45.509374525584256 ], [ 9.276603062475484, 45.505469264747362 ], [ 9.273383997941277, 45.50157940981957 ] ] ] } },
{ "type": "Feature", "properties": { "from_id": "395", "population": 424.03706584367939, "gravity_community": 7.3787582540024559, "gravity_education": 14.832755262520191, "gravity_essential_services": 12.668232403025261, "gravity_food_and_drink": 40.427945404339532, "gravity_healthcare": 8.6386679288120973, "gravity_shelter": 1.9262364230100368, "avg_gravity": 14.312099279284929, "min_tt_community": 15.0, "min_tt_education": 16.0, "min_tt_essential_services": 20.0, "min_tt_food_and_drink": 12.0, "min_tt_healthcare": 15.0, "min_tt_shelter": 37.0, "avg_tt_community": 38.9, "avg_tt_education": 38.6, "avg_tt_essential_services": 36.0, "avg_tt_food_and_drink": 39.112149532710283, "avg_tt_healthcare": 37.913043478260867, "avg_tt_shelter": 48.571428571428569, "avg_tt_all": 39.849436930399953, "n_unreachable_categories": 0, "count_community": 20.0, "count_education": 40.0, "count_essential_services": 32.0, "count_food_and_drink": 108.0, "count_healthcare": 23.0, "count_shelter": 7.0, "gravity_community_per_100": 1.7401210527012334, "gravity_education_per_100": 3.4979855435534648, "gravity_essential_services_per_100": 2.9875294929277212, "gravity_food_and_drink_per_100": 9.5340593218903251, "gravity_healthcare_per_100": 2.0372435866247427, "gravity_shelter_per_100": 0.45426133189029777, "shannon": 1.4825085136624727, "kl_divergence": 0.099890333218050381, "jsd": 0.15233245168839099, "city_similarity": 0.84766754831160895 }, "geometry": { "type": "Polygon", "coordinates": [ [ [ 9.292583849639433, 45.501531845699333 ], [ 9.286183904426332, 45.501548058968048 ], [ 9.283003457353812, 45.505453587202709 ], [ 9.286223405219936, 45.509343166256969 ], [ 9.292624233760911, 45.509326948604965 ], [ 9.295804230987256, 45.505421156282488 ], [ 9.292583849639433, 45.501531845699333 ] ] ] } },
{ "type": "Feature", "properties": { "from_id": "396", "population": 1292.7726756240431, "gravity_community": 8.3994152009031975, "gravity_education": 16.718099947893453, "gravity_essential_services": 13.706897832144481, "gravity_food_and_drink": 51.413968146842421, "gravity_healthcare": 10.323548743275264, "gravity_shelter": 4.3300252757450659, "avg_gravity": 17.481992524467316, "min_tt_community": 7.0, "min_tt_education": 14.0, "min_tt_essential_services": 11.0, "min_tt_food_and_drink": 5.0, "min_tt_healthcare": 14.0, "min_tt_shelter": 19.0, "avg_tt_community": 38.545454545454547, "avg_tt_education": 40.638297872340424, "avg_tt_essential_services": 41.153846153846153, "avg_tt_food_and_drink": 41.430555555555557, "avg_tt_healthcare": 38.928571428571431, "avg_tt_shelter": 48.2, "avg_tt_all": 41.482787592628021, "n_unreachable_categories": 0, "count_community": 22.0, "count_education": 47.0, "count_essential_services": 39.0, "count_food_and_drink": 145.0, "count_healthcare": 28.0, "count_shelter": 15.0, "gravity_community_per_100": 0.64972097254829886, "gravity_education_per_100": 1.2931971926018118, "gravity_essential_services_per_100": 1.0602713137890181, "gravity_food_and_drink_per_100": 3.9770308513075614, "gravity_healthcare_per_100": 0.79855870548098584, "gravity_shelter_per_100": 0.33494096505829146, "shannon": 1.476211997524298, "kl_divergence": 0.092887545067643129, "jsd": 0.14459083591072261, "city_similarity": 0.85540916408927736 }, "geometry": { "type": "Polygon", "coordinates": [ [ [ 9.283003457353812, 45.505453587202709 ], [ 9.276603062475484, 45.505469264747362 ], [ 9.27342173207105, 45.509374525584256 ], [ 9.276641246093536, 45.513264373074897 ], [ 9.283042524484758, 45.513248691291771 ], [ 9.286223405219936, 45.509343166256969 ], [ 9.283003457353812, 45.505453587202709 ] ] ] } },
{ "type": "Feature", "properties": { "from_id": "397", "population": 2135.4612556570701, "gravity_community": 12.686720534716025, "gravity_education": 22.4083322346054, "gravity_essential_services": 14.445989437901996, "gravity_food_and_drink": 92.474997556121636, "gravity_healthcare": 15.276493497652815, "gravity_shelter": 8.7554706657496162, "avg_gravity": 27.674667321124584, "min_tt_community": 10.0, "min_tt_education": 23.0, "min_tt_essential_services": 5.0, "min_tt_food_and_drink": 5.0, "min_tt_healthcare": 18.0, "min_tt_shelter": 12.0, "avg_tt_community": 43.157894736842103, "avg_tt_education": 44.352112676056336, "avg_tt_essential_services": 40.108108108108105, "avg_tt_food_and_drink": 42.838129496402878, "avg_tt_healthcare": 41.822222222222223, "avg_tt_shelter": 33.80952380952381, "avg_tt_all": 41.014665174859239, "n_unreachable_categories": 0, "count_community": 38.0, "count_education": 71.0, "count_essential_services": 38.0, "count_food_and_drink": 278.0, "count_healthcare": 45.0, "count_shelter": 21.0, "gravity_community_per_100": 0.59409743450542674, "gravity_education_per_100": 1.0493438911730795, "gravity_essential_services_per_100": 0.67648098974556403, "gravity_food_and_drink_per_100": 4.3304460481849185, "gravity_healthcare_per_100": 0.71537207510479139, "gravity_shelter_per_100": 0.41000372367119364, "shannon": 1.3515963235270307, "kl_divergence": 0.064522098344695925, "jsd": 0.1210581737244936, "city_similarity": 0.87894182627550643 }, "geometry": { "type": "Polygon", "coordinates": [ [ [ 9.263802257198769, 45.505499544001886 ], [ 9.257401847041645, 45.505514145710237 ], [ 9.254219183990282, 45.509418874621872 ], [ 9.257437380105506, 45.513309266171476 ], [ 9.263838673783219, 45.513294660515491 ], [ 9.267020887704456, 45.509389667257985 ], [ 9.263802257198769, 45.505499544001886 ] ] ] } },
{ "type": "Feature", "properties": { "from_id": "398", "population": 448.69789558514924, "gravity_community": 10.586060325831641, "gravity_education": 21.179325792668809, "gravity_essential_services": 13.251754538413964, "gravity_food_and_drink": 73.480674330602696, "gravity_healthcare": 13.867605655525873, "gravity_shelter": 7.0196305083217503, "avg_gravity": 23.230841858560783, "min_tt_community": 11.0, "min_tt_education": 17.0, "min_tt_essential_services": 17.0, "min_tt_food_and_drink": 5.0, "min_tt_healthcare": 11.0, "min_tt_shelter": 14.0, "avg_tt_community": 40.8, "avg_tt_education": 42.55, "avg_tt_essential_services": 39.5, "avg_tt_food_and_drink": 42.972727272727276, "avg_tt_healthcare": 40.820512820512818, "avg_tt_shelter": 38.421052631578945, "avg_tt_all": 40.844048787469838, "n_unreachable_categories": 0, "count_community": 30.0, "count_education": 61.0, "count_essential_services": 36.0, "count_food_and_drink": 220.0, "count_healthcare": 39.0, "count_shelter": 19.0, "gravity_community_per_100": 2.3592845943764247, "gravity_education_per_100": 4.720174977653671, "gravity_essential_services_per_100": 2.9533801403575302, "gravity_food_and_drink_per_100": 16.376424996327689, "gravity_healthcare_per_100": 3.0906330945548692, "gravity_shelter_per_100": 1.5644447137795048, "shannon": 1.3934495024915083, "kl_divergence": 0.072056719928040733, "jsd": 0.12685865144413699, "city_similarity": 0.87314134855586301 }, "geometry": { "type": "Polygon", "coordinates": [ [ [ 9.27342173207105, 45.509374525584256 ], [ 9.267020887704456, 45.509389667257985 ], [ 9.263838673783219, 45.513294660515491 ], [ 9.267057753600042, 45.517184776407738 ], [ 9.273459481664458, 45.517169630640396 ], [ 9.276641246093536, 45.513264373074897 ], [ 9.27342173207105, 45.509374525584256 ] ] ] } },
{ "type": "Feature", "properties": { "from_id": "399", "population": 1365.9445683386962, "gravity_community": 19.361641782919751, "gravity_education": 34.845818196158618, "gravity_essential_services": 26.587418743455817, "gravity_food_and_drink": 210.09028842494752, "gravity_healthcare": 30.305548595263083, "gravity_shelter": 13.436908142149333, "avg_gravity": 55.771270647482346, "min_tt_community": 2.0, "min_tt_education": 10.0, "min_tt_essential_services": 15.0, "min_tt_food_and_drink": 4.0, "min_tt_healthcare": 5.0, "min_tt_shelter": 8.0, "avg_tt_community": 40.480769230769234, "avg_tt_education": 42.717171717171716, "avg_tt_essential_services": 44.879518072289159, "avg_tt_food_and_drink": 43.7626582278481, "avg_tt_healthcare": 44.5, "avg_tt_shelter": 36.4375, "avg_tt_all": 42.129602874679698, "n_unreachable_categories": 0, "count_community": 52.0, "count_education": 100.0, "count_essential_services": 83.0, "count_food_and_drink": 632.0, "count_healthcare": 94.0, "count_shelter": 32.0, "gravity_community_per_100": 1.4174544290964879, "gravity_education_per_100": 2.5510418946604236, "gravity_essential_services_per_100": 1.9464493186419896, "gravity_food_and_drink_per_100": 15.380586686651993, "gravity_healthcare_per_100": 2.2186514224454674, "gravity_shelter_per_100": 0.98370815724182092, "shannon": 1.2145103043831329, "kl_divergence": 0.017472059158252527, "jsd": 0.064314337148695805, "city_similarity": 0.93568566285130417 }, "geometry": { "type": "Polygon", "coordinates": [ [ [ 9.254184099875568, 45.501623746870557 ], [ 9.247784124112568, 45.5016378087576 ], [ 9.244601012293023, 45.505542273285556 ], [ 9.247818324884024, 45.509432940310582 ], [ 9.254219183990282, 45.509418874621872 ], [ 9.257401847041645, 45.505514145710237 ], [ 9.254184099875568, 45.501623746870557 ] ] ] } },
{ "type": "Feature", "properties": { "from_id": "400", "population": 4402.3567666913132, "gravity_community": 19.248948443957232, "gravity_education": 35.427381281259464, "gravity_essential_services": 26.648977588833304, "gravity_food_and_drink": 213.59219690275506, "gravity_healthcare": 30.367681342001489, "gravity_shelter": 13.28207511528559, "avg_gravity": 56.427876779015357, "min_tt_community": 14.0, "min_tt_education": 7.0, "min_tt_essential_services": 11.0, "min_tt_food_and_drink": 2.0, "min_tt_healthcare": 10.0, "min_tt_shelter": 4.0, "avg_tt_community": 41.018518518518519, "avg_tt_education": 39.619565217391305, "avg_tt_essential_services": 41.453333333333333, "avg_tt_food_and_drink": 41.955592105263158, "avg_tt_healthcare": 41.639534883720927, "avg_tt_shelter": 33.466666666666669, "avg_tt_all": 39.858868454148983, "n_unreachable_categories": 0, "count_community": 54.0, "count_education": 93.0, "count_essential_services": 75.0, "count_food_and_drink": 608.0, "count_healthcare": 86.0, "count_shelter": 30.0, "gravity_community_per_100": 0.43724190164678989, "gravity_education_per_100": 0.80473671623587395, "gravity_essential_services_per_100": 0.60533434705842615, "gravity_food_and_drink_per_100": 4.8517693640555377, "gravity_healthcare_per_100": 0.68980509648301358, "gravity_shelter_per_100": 0.30170374231773178, "shannon": 1.2039924461148559, "kl_divergence": 0.018249084269135712, "jsd": 0.066219004124904307, "city_similarity": 0.93378099587509567 }, "geometry": { "type": "Polygon", "coordinates": [ [ [ 9.244601012293023, 45.505542273285556 ], [ 9.238200587942789, 45.505555799151118 ], [ 9.235016592776486, 45.509459995698059 ], [ 9.238233470430467, 45.513350930873507 ], [ 9.244634778308436, 45.513337401351173 ], [ 9.247818324884024, 45.509432940310582 ], [ 9.244601012293023, 45.505542273285556 ] ] ] } },
{ "type": "Feature", "properties": { "from_id": "401", "population": 5612.3130050401105, "gravity_community": 19.577813542350643, "gravity_education": 40.114637692048589, "gravity_essential_services": 32.55816856797275, "gravity_food_and_drink": 237.06330688819452, "gravity_healthcare": 34.411599978743141, "gravity_shelter": 13.700130690145787, "avg_gravity": 62.904276226575909, "min_tt_community": 8.0, "min_tt_education": 5.0, "min_tt_essential_services": 10.0, "min_tt_food_and_drink": 7.0, "min_tt_healthcare": 9.0, "min_tt_shelter": 4.0, "avg_tt_community": 39.566037735849058, "avg_tt_education": 38.196078431372548, "avg_tt_essential_services": 40.292134831460672, "avg_tt_food_and_drink": 40.592424242424244, "avg_tt_healthcare": 39.456521739130437, "avg_tt_shelter": 27.444444444444443, "avg_tt_all": 37.591273570780231, "n_unreachable_categories": 0, "count_community": 53.0, "count_education": 103.0, "count_essential_services": 89.0, "count_food_and_drink": 660.0, "count_healthcare": 92.0, "count_shelter": 27.0, "gravity_community_per_100": 0.348836808010688, "gravity_education_per_100": 0.71476123402283209, "gravity_essential_services_per_100": 0.58012032719369078, "gravity_food_and_drink_per_100": 4.2239858446116774, "gravity_healthcare_per_100": 0.61314470429286405, "gravity_shelter_per_100": 0.24410845720547752, "shannon": 1.192056152417774, "kl_divergence": 0.011651823509867907, "jsd": 0.053212134754477607, "city_similarity": 0.94678786524552239 }, "geometry": { "type": "Polygon", "coordinates": [ [ [ 9.235016592776486, 45.509459995698059 ], [ 9.228615720016533, 45.509472985395483 ], [ 9.225430841319131, 45.513376913779766 ], [ 9.228647283674052, 45.517268117070607 ], [ 9.235049040146132, 45.517255123861361 ], [ 9.238233470430467, 45.513350930873507 ], [ 9.235016592776486, 45.509459995698059 ] ] ] } },
{ "type": "Feature", "properties": { "from_id": "402", "population": 3317.7754583170845, "gravity_community": 13.685600770124806, "gravity_education": 25.118351917967544, "gravity_essential_services": 18.931123645223362, "gravity_food_and_drink": 131.28978856836113, "gravity_healthcare": 19.902294865090113, "gravity_shelter": 10.517207260699546, "avg_gravity": 36.574061171244416, "min_tt_community": 7.0, "min_tt_education": 6.0, "min_tt_essential_services": 7.0, "min_tt_food_and_drink": 3.0, "min_tt_healthcare": 7.0, "min_tt_shelter": 13.0, "avg_tt_community": 39.702702702702702, "avg_tt_education": 40.637681159420289, "avg_tt_essential_services": 42.884615384615387, "avg_tt_food_and_drink": 41.173441734417345, "avg_tt_healthcare": 42.689655172413794, "avg_tt_shelter": 36.5, "avg_tt_all": 40.598016025594916, "n_unreachable_categories": 0, "count_community": 37.0, "count_education": 69.0, "count_essential_services": 53.0, "count_food_and_drink": 369.0, "count_healthcare": 58.0, "count_shelter": 26.0, "gravity_community_per_100": 0.41249327876657205, "gravity_education_per_100": 0.75708414368429355, "gravity_essential_services_per_100": 0.57059689189533114, "gravity_food_and_drink_per_100": 3.9571631720658051, "gravity_healthcare_per_100": 0.59986865039942749, "gravity_shelter_per_100": 0.31699575190764467, "shannon": 1.2901261570250324, "kl_divergence": 0.033745444173132869, "jsd": 0.086983901475054276, "city_similarity": 0.9130160985249457 }, "geometry": { "type": "Polygon", "coordinates": [ [ [ 9.254219183990282, 45.509418874621872 ], [ 9.247818324884024, 45.509432940310582 ], [ 9.244634778308436, 45.513337401351173 ], [ 9.247852539671166, 45.517228061159365 ], [ 9.254254282482671, 45.517213991667937 ], [ 9.257437380105506, 45.513309266171476 ], [ 9.254219183990282, 45.509418874621872 ] ] ] } },
{ "type": "Feature", "properties": { "from_id": "403", "population": 5309.8517228050732, "gravity_community": 12.825022411781736, "gravity_education": 25.256991868195922, "gravity_essential_services": 18.148987797092829, "gravity_food_and_drink": 132.48279684309279, "gravity_healthcare": 20.113556947900282, "gravity_shelter": 11.271632594504666, "avg_gravity": 36.683164743761374, "min_tt_community": 14.0, "min_tt_education": 5.0, "min_tt_essential_services": 8.0, "min_tt_food_and_drink": 6.0, "min_tt_healthcare": 7.0, "min_tt_shelter": 8.0, "avg_tt_community": 39.571428571428569, "avg_tt_education": 39.0, "avg_tt_essential_services": 38.541666666666664, "avg_tt_food_and_drink": 41.100795755968171, "avg_tt_healthcare": 39.24074074074074, "avg_tt_shelter": 33.42307692307692, "avg_tt_all": 38.479618109646843, "n_unreachable_categories": 0, "count_community": 35.0, "count_education": 67.0, "count_essential_services": 48.0, "count_food_and_drink": 377.0, "count_healthcare": 54.0, "count_shelter": 26.0, "gravity_community_per_100": 0.24153259038665903, "gravity_education_per_100": 0.47566284684976534, "gravity_essential_services_per_100": 0.34179839182976535, "gravity_food_and_drink_per_100": 2.4950375972665606, "gravity_healthcare_per_100": 0.37879696077981534, "gravity_shelter_per_100": 0.21227772794661245, "shannon": 1.2544244749440987, "kl_divergence": 0.033159879951116536, "jsd": 0.086470113407149621, "city_similarity": 0.91352988659285039 }, "geometry": { "type": "Polygon", "coordinates": [ [ [ 9.244634778308436, 45.513337401351173 ], [ 9.238233470430467, 45.513350930873507 ], [ 9.235049040146132, 45.517255123861361 ], [ 9.238266366394237, 45.521146051893204 ], [ 9.244668558162028, 45.521132518713124 ], [ 9.247852539671166, 45.517228061159365 ], [ 9.244634778308436, 45.513337401351173 ] ] ] } },
{ "type": "Feature", "properties": { "from_id": "404", "population": 3495.0710572529706, "gravity_community": 9.4661477313089346, "gravity_education": 16.784347060851957, "gravity_essential_services": 12.224916989771163, "gravity_food_and_drink": 79.331933418815595, "gravity_healthcare": 12.863183321508785, "gravity_shelter": 7.469288486927729, "avg_gravity": 23.023302834864026, "min_tt_community": 9.0, "min_tt_education": 8.0, "min_tt_essential_services": 9.0, "min_tt_food_and_drink": 8.0, "min_tt_healthcare": 10.0, "min_tt_shelter": 16.0, "avg_tt_community": 41.03846153846154, "avg_tt_education": 41.744680851063826, "avg_tt_essential_services": 41.65625, "avg_tt_food_and_drink": 45.016129032258064, "avg_tt_healthcare": 45.25, "avg_tt_shelter": 39.857142857142854, "avg_tt_all": 42.427110713154384, "n_unreachable_categories": 0, "count_community": 26.0, "count_education": 47.0, "count_essential_services": 33.0, "count_food_and_drink": 248.0, "count_healthcare": 40.0, "count_shelter": 21.0, "gravity_community_per_100": 0.27084278334384038, "gravity_education_per_100": 0.48022906504350132, "gravity_essential_services_per_100": 0.34977592127639345, "gravity_food_and_drink_per_100": 2.269823191553888, "gravity_healthcare_per_100": 0.36803781985533912, "gravity_shelter_per_100": 0.21370920260483586, "shannon": 1.3056937614372297, "kl_divergence": 0.046960494882260853, "jsd": 0.10136422348632854, "city_similarity": 0.89863577651367144 }, "geometry": { "type": "Polygon", "coordinates": [ [ [ 9.254254282482671, 45.517213991667937 ], [ 9.247852539671166, 45.517228061159365 ], [ 9.244668558162028, 45.521132518713124 ], [ 9.247886768481056, 45.525023171303992 ], [ 9.254289395359985, 45.525009098008816 ], [ 9.257472927731706, 45.521104375926953 ], [ 9.254254282482671, 45.517213991667937 ] ] ] } },
{ "type": "Feature", "properties": { "from_id": "405", "population": 2865.7904304061694, "gravity_community": 12.026691181794124, "gravity_education": 28.657363367839139, "gravity_essential_services": 23.429886302557804, "gravity_food_and_drink": 145.73856244672743, "gravity_healthcare": 22.267342239236697, "gravity_shelter": 9.8913262070387056, "avg_gravity": 40.335195290865649, "min_tt_community": 11.0, "min_tt_education": 3.0, "min_tt_essential_services": 7.0, "min_tt_food_and_drink": 4.0, "min_tt_healthcare": 12.0, "min_tt_shelter": 15.0, "avg_tt_community": 45.60526315789474, "avg_tt_education": 41.1875, "avg_tt_essential_services": 40.5625, "avg_tt_food_and_drink": 42.13095238095238, "avg_tt_healthcare": 39.288135593220339, "avg_tt_shelter": 38.653846153846153, "avg_tt_all": 41.238032880985607, "n_unreachable_categories": 0, "count_community": 38.0, "count_education": 80.0, "count_essential_services": 64.0, "count_food_and_drink": 421.0, "count_healthcare": 59.0, "count_shelter": 26.0, "gravity_community_per_100": 0.4196640150022965, "gravity_education_per_100": 0.9999811243621719, "gravity_essential_services_per_100": 0.81757151723188204, "gravity_food_and_drink_per_100": 5.0854577815751814, "gravity_healthcare_per_100": 0.7770052549195211, "gravity_shelter_per_100": 0.3451517634398969, "shannon": 1.2660670882069369, "kl_divergence": 0.026215725942223031, "jsd": 0.076937096972655605, "city_similarity": 0.92306290302734439 }, "geometry": { "type": "Polygon", "coordinates": [ [ [ 9.235049040146132, 45.517255123861361 ], [ 9.228647283674052, 45.517268117070607 ], [ 9.22546196949653, 45.521172041824066 ], [ 9.228678860267792, 45.525063238044545 ], [ 9.235081500814175, 45.525050241322518 ], [ 9.238266366394237, 45.521146051893204 ], [ 9.235049040146132, 45.517255123861361 ] ] ] } },
{ "type": "Feature", "properties": { "from_id": "406", "population": 1070.8591408834006, "gravity_community": 8.2572416263983044, "gravity_education": 15.671974451768403, "gravity_essential_services": 10.390441463749791, "gravity_food_and_drink": 71.930333612930795, "gravity_healthcare": 11.403387798969522, "gravity_shelter": 7.2051509325183449, "avg_gravity": 20.80975498105586, "min_tt_community": 8.0, "min_tt_education": 13.0, "min_tt_essential_services": 11.0, "min_tt_food_and_drink": 2.0, "min_tt_healthcare": 10.0, "min_tt_shelter": 17.0, "avg_tt_community": 42.583333333333336, "avg_tt_education": 42.891304347826086, "avg_tt_essential_services": 41.633333333333333, "avg_tt_food_and_drink": 44.928251121076237, "avg_tt_healthcare": 45.25, "avg_tt_shelter": 41.333333333333336, "avg_tt_all": 43.103259244817053, "n_unreachable_categories": 0, "count_community": 24.0, "count_education": 46.0, "count_essential_services": 30.0, "count_food_and_drink": 224.0, "count_healthcare": 36.0, "count_shelter": 21.0, "gravity_community_per_100": 0.77108569289388784, "gravity_education_per_100": 1.4634954172254508, "gravity_essential_services_per_100": 0.97029021531050674, "gravity_food_and_drink_per_100": 6.7170677138350969, "gravity_healthcare_per_100": 1.064882145896644, "gravity_shelter_per_100": 0.6728383460941918, "shannon": 1.3244868136196581, "kl_divergence": 0.057036298264129634, "jsd": 0.11090310266035154, "city_similarity": 0.88909689733964847 }, "geometry": { "type": "Polygon", "coordinates": [ [ [ 9.244668558162028, 45.521132518713124 ], [ 9.238266366394237, 45.521146051893204 ], [ 9.235081500814175, 45.525050241322518 ], [ 9.238299275840889, 45.528941162210309 ], [ 9.244702351860765, 45.528927625371445 ], [ 9.247886768481056, 45.525023171303992 ], [ 9.244668558162028, 45.521132518713124 ] ] ] } },
{ "type": "Feature", "properties": { "from_id": "407", "population": 3281.0262677656674, "gravity_community": 4.7678386804031367, "gravity_education": 9.0430767536820404, "gravity_essential_services": 7.2199290517633123, "gravity_food_and_drink": 36.164240415184707, "gravity_healthcare": 5.5998659284724521, "gravity_shelter": 3.9843979635502045, "avg_gravity": 11.12989146550931, "min_tt_community": 10.0, "min_tt_education": 8.0, "min_tt_essential_services": 9.0, "min_tt_food_and_drink": 6.0, "min_tt_healthcare": 12.0, "min_tt_shelter": 29.0, "avg_tt_community": 41.92307692307692, "avg_tt_education": 45.074074074074076, "avg_tt_essential_services": 46.75, "avg_tt_food_and_drink": 47.966942148760332, "avg_tt_healthcare": 46.222222222222221, "avg_tt_shelter": 47.571428571428569, "avg_tt_all": 45.917957323260346, "n_unreachable_categories": 0, "count_community": 13.0, "count_education": 27.0, "count_essential_services": 21.0, "count_food_and_drink": 121.0, "count_healthcare": 18.0, "count_shelter": 14.0, "gravity_community_per_100": 0.1453154681279028, "gravity_education_per_100": 0.27561732262022542, "gravity_essential_services_per_100": 0.22005093719289184, "gravity_food_and_drink_per_100": 1.1022234344930144, "gravity_healthcare_per_100": 0.17067421810938083, "gravity_shelter_per_100": 0.12143755149706628, "shannon": 1.3681673311610991, "kl_divergence": 0.070522728767784329, "jsd": 0.11987539258999566, "city_similarity": 0.88012460741000431 }, "geometry": { "type": "Polygon", "coordinates": [ [ [ 9.254289395359985, 45.525009098008816 ], [ 9.247886768481056, 45.525023171303992 ], [ 9.244702351860765, 45.528927625371445 ], [ 9.247921011320759, 45.532818270744514 ], [ 9.254324522629464, 45.532804193644559 ], [ 9.257508489927581, 45.52889947497674 ], [ 9.254289395359985, 45.525009098008816 ] ] ] } },
{ "type": "Feature", "properties": { "from_id": "408", "population": 5174.7469371258685, "gravity_community": 5.0377090094928967, "gravity_education": 16.114263896203767, "gravity_essential_services": 13.369725096168146, "gravity_food_and_drink": 77.830828083815618, "gravity_healthcare": 14.778128969992164, "gravity_shelter": 5.1149234798724752, "avg_gravity": 22.040929755924179, "min_tt_community": 14.0, "min_tt_education": 13.0, "min_tt_essential_services": 10.0, "min_tt_food_and_drink": 8.0, "min_tt_healthcare": 8.0, "min_tt_shelter": 33.0, "avg_tt_community": 46.125, "avg_tt_education": 42.916666666666664, "avg_tt_essential_services": 40.594594594594597, "avg_tt_food_and_drink": 43.706382978723404, "avg_tt_healthcare": 40.702702702702702, "avg_tt_shelter": 41.0, "avg_tt_all": 42.507557823781234, "n_unreachable_categories": 0, "count_community": 16.0, "count_education": 48.0, "count_essential_services": 37.0, "count_food_and_drink": 235.0, "count_healthcare": 38.0, "count_shelter": 15.0, "gravity_community_per_100": 0.097351794603716707, "gravity_education_per_100": 0.31140196983533786, "gravity_essential_services_per_100": 0.25836481007888457, "gravity_food_and_drink_per_100": 1.5040509039277583, "gravity_healthcare_per_100": 0.28558167480553465, "gravity_shelter_per_100": 0.098843934631388561, "shannon": 1.2704311342176839, "kl_divergence": 0.030666467485813101, "jsd": 0.083094759061860618, "city_similarity": 0.91690524093813941 }, "geometry": { "type": "Polygon", "coordinates": [ [ [ 9.235081500814175, 45.525050241322518 ], [ 9.228678860267792, 45.525063238044545 ], [ 9.225493110432277, 45.528967159167685 ], [ 9.22871044980427, 45.532858348317362 ], [ 9.235113974787318, 45.532845348081601 ], [ 9.238299275840889, 45.528941162210309 ], [ 9.235081500814175, 45.525050241322518 ] ] ] } },
{ "type": "Feature", "properties": { "from_id": "409", "population": 9545.3586081788053, "gravity_community": 7.6452714499512942, "gravity_education": 13.289573244170631, "gravity_essential_services": 10.48119921548459, "gravity_food_and_drink": 38.578459564213645, "gravity_healthcare": 9.0353641219025764, "gravity_shelter": 2.1442133505708219, "avg_gravity": 13.529013491048927, "min_tt_community": 5.0, "min_tt_education": 7.0, "min_tt_essential_services": 7.0, "min_tt_food_and_drink": 5.0, "min_tt_healthcare": 6.0, "min_tt_shelter": 26.0, "avg_tt_community": 39.0, "avg_tt_education": 38.029411764705884, "avg_tt_essential_services": 41.482758620689658, "avg_tt_food_and_drink": 37.908163265306122, "avg_tt_healthcare": 38.347826086956523, "avg_tt_shelter": 46.428571428571431, "avg_tt_all": 40.199455194371602, "n_unreachable_categories": 0, "count_community": 19.0, "count_education": 34.0, "count_essential_services": 29.0, "count_food_and_drink": 98.0, "count_healthcare": 23.0, "count_shelter": 7.0, "gravity_community_per_100": 0.080094124943619741, "gravity_education_per_100": 0.139225499949092, "gravity_essential_services_per_100": 0.10980414299473175, "gravity_food_and_drink_per_100": 0.4041593527052848, "gravity_healthcare_per_100": 0.094657146921235127, "gravity_shelter_per_100": 0.022463413252317026, "shannon": 1.4968373959934138, "kl_divergence": 0.098004169675436181, "jsd": 0.15156723991464846, "city_similarity": 0.84843276008535151 }, "geometry": { "type": "Polygon", "coordinates": [ [ [ 9.292624233760911, 45.509326948604965 ], [ 9.286223405219936, 45.509343166256969 ], [ 9.283042524484758, 45.513248691291771 ], [ 9.286262922201143, 45.517138262835019 ], [ 9.292664634431969, 45.517122040798526 ], [ 9.295845065135866, 45.513216251603787 ], [ 9.292624233760911, 45.509326948604965 ] ] ] } },
{ "type": "Feature", "properties": { "from_id": "410", "population": 4165.3823899758891, "gravity_community": 7.9177198855925788, "gravity_education": 15.725703094813083, "gravity_essential_services": 9.4949694891858218, "gravity_food_and_drink": 63.47277943768232, "gravity_healthcare": 11.949082433783287, "gravity_shelter": 6.3312558923171025, "avg_gravity": 19.1485850388957, "min_tt_community": 24.0, "min_tt_education": 26.0, "min_tt_essential_services": 23.0, "min_tt_food_and_drink": 14.0, "min_tt_healthcare": 26.0, "min_tt_shelter": 26.0, "avg_tt_community": 44.0, "avg_tt_education": 45.692307692307693, "avg_tt_essential_services": 39.703703703703702, "avg_tt_food_and_drink": 44.150753768844218, "avg_tt_healthcare": 43.441176470588232, "avg_tt_shelter": 42.10526315789474, "avg_tt_all": 43.182200798889767, "n_unreachable_categories": 0, "count_community": 25.0, "count_education": 52.0, "count_essential_services": 27.0, "count_food_and_drink": 199.0, "count_healthcare": 35.0, "count_shelter": 19.0, "gravity_community_per_100": 0.19008386612107442, "gravity_education_per_100": 0.37753323998914085, "gravity_essential_services_per_100": 0.22794952780411554, "gravity_food_and_drink_per_100": 1.5238163869524046, "gravity_healthcare_per_100": 0.28686639820966003, "gravity_shelter_per_100": 0.15199699090180652, "shannon": 1.3716479750671486, "kl_divergence": 0.076888428243918144, "jsd": 0.13037779478476555, "city_similarity": 0.86962220521523448 }, "geometry": { "type": "Polygon", "coordinates": [ [ [ 9.263838673783219, 45.513294660515491 ], [ 9.257437380105506, 45.513309266171476 ], [ 9.254254282482671, 45.517213991667937 ], [ 9.257472927731706, 45.521104375926953 ], [ 9.263875105292087, 45.52108976632227 ], [ 9.267057753600042, 45.517184776407738 ], [ 9.263838673783219, 45.513294660515491 ] ] ] } },
{ "type": "Feature", "properties": { "from_id": "411", "population": 430.54262994109405, "gravity_community": 6.9056690495807933, "gravity_education": 14.678279024359677, "gravity_essential_services": 11.421158735638498, "gravity_food_and_drink": 43.911139303149788, "gravity_healthcare": 9.6792275341407983, "gravity_shelter": 3.7463949244652288, "avg_gravity": 15.056978095222464, "min_tt_community": 10.0, "min_tt_education": 5.0, "min_tt_essential_services": 15.0, "min_tt_food_and_drink": 5.0, "min_tt_healthcare": 4.0, "min_tt_shelter": 16.0, "avg_tt_community": 35.625, "avg_tt_education": 37.0, "avg_tt_essential_services": 43.06666666666667, "avg_tt_food_and_drink": 38.536363636363639, "avg_tt_healthcare": 38.333333333333336, "avg_tt_shelter": 44.272727272727273, "avg_tt_all": 39.472348484848489, "n_unreachable_categories": 0, "count_community": 16.0, "count_education": 35.0, "count_essential_services": 31.0, "count_food_and_drink": 110.0, "count_healthcare": 24.0, "count_shelter": 11.0, "gravity_community_per_100": 1.6039454793421066, "gravity_education_per_100": 3.4092510250071935, "gravity_essential_services_per_100": 2.652735859675758, "gravity_food_and_drink_per_100": 10.199022407875759, "gravity_healthcare_per_100": 2.2481461441960091, "gravity_shelter_per_100": 0.87015655684962079, "shannon": 1.4824161625673211, "kl_divergence": 0.089453880109606781, "jsd": 0.14293930799727439, "city_similarity": 0.85706069200272561 }, "geometry": { "type": "Polygon", "coordinates": [ [ [ 9.283042524484758, 45.513248691291771 ], [ 9.276641246093536, 45.513264373074897 ], [ 9.273459481664458, 45.517169630640396 ], [ 9.276679445360157, 45.521059470693352 ], [ 9.283081607626345, 45.521043784670617 ], [ 9.286262922201143, 45.517138262835019 ], [ 9.283042524484758, 45.513248691291771 ] ] ] } },
{ "type": "Feature", "properties": { "from_id": "412", "population": 5888.5797815000442, "gravity_community": 4.5166516247383814, "gravity_education": 10.543932935797626, "gravity_essential_services": 7.1771605771224145, "gravity_food_and_drink": 27.753317418608326, "gravity_healthcare": 5.8357056001461514, "gravity_shelter": 1.4354395926483998, "avg_gravity": 9.5437012915102155, "min_tt_community": 12.0, "min_tt_education": 8.0, "min_tt_essential_services": 3.0, "min_tt_food_and_drink": 9.0, "min_tt_healthcare": 13.0, "min_tt_shelter": 25.0, "avg_tt_community": 28.333333333333332, "avg_tt_education": 28.904761904761905, "avg_tt_essential_services": 37.733333333333334, "avg_tt_food_and_drink": 32.049180327868854, "avg_tt_healthcare": 32.307692307692307, "avg_tt_shelter": 27.666666666666668, "avg_tt_all": 31.165827978942733, "n_unreachable_categories": 0, "count_community": 9.0, "count_education": 21.0, "count_essential_services": 16.0, "count_food_and_drink": 61.0, "count_healthcare": 13.0, "count_shelter": 3.0, "gravity_community_per_100": 0.07670188385539406, "gravity_education_per_100": 0.17905731648441192, "gravity_essential_services_per_100": 0.12188270930234589, "gravity_food_and_drink_per_100": 0.47130748751676937, "gravity_healthcare_per_100": 0.099102089411779629, "gravity_shelter_per_100": 0.024376668838861158, "shannon": 1.4343396717586507, "kl_divergence": 0.077464841829373632, "jsd": 0.13402684748381102, "city_similarity": 0.865973152516189 }, "geometry": { "type": "Polygon", "coordinates": [ [ [ 9.292664634431969, 45.517122040798526 ], [ 9.286262922201143, 45.517138262835019 ], [ 9.283081607626345, 45.521043784670617 ], [ 9.286302455378104, 45.524933348702284 ], [ 9.292705051660944, 45.524917122280101 ], [ 9.295885916019255, 45.521011336212446 ], [ 9.292664634431969, 45.517122040798526 ] ] ] } },
{ "type": "Feature", "properties": { "from_id": "413", "population": 3857.0038439999648, "gravity_community": 6.9961051475365119, "gravity_education": 14.288653695094133, "gravity_essential_services": 10.047002073287397, "gravity_food_and_drink": 50.712467355193894, "gravity_healthcare": 9.7264438873089993, "gravity_shelter": 6.0488970035830434, "avg_gravity": 16.303261527000661, "min_tt_community": 5.0, "min_tt_education": 7.0, "min_tt_essential_services": 11.0, "min_tt_food_and_drink": 1.0, "min_tt_healthcare": 7.0, "min_tt_shelter": 7.0, "avg_tt_community": 41.95, "avg_tt_education": 40.692307692307693, "avg_tt_essential_services": 40.2, "avg_tt_food_and_drink": 42.833333333333336, "avg_tt_healthcare": 40.615384615384613, "avg_tt_shelter": 44.666666666666664, "avg_tt_all": 41.82628205128205, "n_unreachable_categories": 0, "count_community": 20.0, "count_education": 39.0, "count_essential_services": 26.0, "count_food_and_drink": 144.0, "count_healthcare": 26.0, "count_shelter": 18.0, "gravity_community_per_100": 0.18138704109459983, "gravity_education_per_100": 0.37045992882070522, "gravity_essential_services_per_100": 0.26048721960484228, "gravity_food_and_drink_per_100": 1.314815058690783, "gravity_healthcare_per_100": 0.2521761522856571, "gravity_shelter_per_100": 0.15682890783199072, "shannon": 1.4340345195528332, "kl_divergence": 0.093746267882160561, "jsd": 0.14060897794763316, "city_similarity": 0.85939102205236684 }, "geometry": { "type": "Polygon", "coordinates": [ [ [ 9.273459481664458, 45.517169630640396 ], [ 9.267057753600042, 45.517184776407738 ], [ 9.263875105292087, 45.52108976632227 ], [ 9.267094634604888, 45.524979874850125 ], [ 9.273497246729296, 45.524964724988074 ], [ 9.276679445360157, 45.521059470693352 ], [ 9.273459481664458, 45.517169630640396 ] ] ] } },
{ "type": "Feature", "properties": { "from_id": "414", "population": 4227.5935855313901, "gravity_community": 4.9772871984166835, "gravity_education": 7.8098277612214622, "gravity_essential_services": 5.4684563240115498, "gravity_food_and_drink": 33.338940784034243, "gravity_healthcare": 5.3865342173929998, "gravity_shelter": 3.4775759335841587, "avg_gravity": 10.076437036443515, "min_tt_community": 17.0, "min_tt_education": 21.0, "min_tt_essential_services": 19.0, "min_tt_food_and_drink": 13.0, "min_tt_healthcare": 23.0, "min_tt_shelter": 30.0, "avg_tt_community": 46.9375, "avg_tt_education": 44.708333333333336, "avg_tt_essential_services": 46.722222222222221, "avg_tt_food_and_drink": 46.727272727272727, "avg_tt_healthcare": 47.277777777777779, "avg_tt_shelter": 46.916666666666664, "avg_tt_all": 46.54829545454546, "n_unreachable_categories": 0, "count_community": 16.0, "count_education": 24.0, "count_essential_services": 18.0, "count_food_and_drink": 110.0, "count_healthcare": 18.0, "count_shelter": 12.0, "gravity_community_per_100": 0.11773334162136734, "gravity_education_per_100": 0.18473459198987313, "gravity_essential_services_per_100": 0.12935151436332279, "gravity_food_and_drink_per_100": 0.78860325879323345, "gravity_healthcare_per_100": 0.12741371913866067, "gravity_shelter_per_100": 0.082258993520235524, "shannon": 1.391500289946167, "kl_divergence": 0.073232662165164011, "jsd": 0.12447802015826327, "city_similarity": 0.87552197984173674 }, "geometry": { "type": "Polygon", "coordinates": [ [ [ 9.263875105292087, 45.52108976632227 ], [ 9.257472927731706, 45.521104375926953 ], [ 9.254289395359985, 45.525009098008816 ], [ 9.257508489927581, 45.52889947497674 ], [ 9.263911551732889, 45.528884861422277 ], [ 9.267094634604888, 45.524979874850125 ], [ 9.263875105292087, 45.52108976632227 ] ] ] } },
{ "type": "Feature", "properties": { "from_id": "415", "population": 431.29191541289339, "gravity_community": 4.5412311853177281, "gravity_education": 10.914217753881868, "gravity_essential_services": 7.8823159821696693, "gravity_food_and_drink": 32.019461814282749, "gravity_healthcare": 7.2872059253915431, "gravity_shelter": 2.7722305119145401, "avg_gravity": 10.902777195493016, "min_tt_community": 11.0, "min_tt_education": 9.0, "min_tt_essential_services": 3.0, "min_tt_food_and_drink": 2.0, "min_tt_healthcare": 9.0, "min_tt_shelter": 11.0, "avg_tt_community": 35.909090909090907, "avg_tt_education": 32.173913043478258, "avg_tt_essential_services": 40.444444444444443, "avg_tt_food_and_drink": 35.810810810810814, "avg_tt_healthcare": 40.89473684210526, "avg_tt_shelter": 40.857142857142854, "avg_tt_all": 37.681689817845424, "n_unreachable_categories": 0, "count_community": 11.0, "count_education": 23.0, "count_essential_services": 19.0, "count_food_and_drink": 74.0, "count_healthcare": 19.0, "count_shelter": 7.0, "gravity_community_per_100": 1.0529367750773213, "gravity_education_per_100": 2.5305871415264627, "gravity_essential_services_per_100": 1.8276057817183069, "gravity_food_and_drink_per_100": 7.4240811547856653, "gravity_healthcare_per_100": 1.6896226581050569, "gravity_shelter_per_100": 0.64277358625203318, "shannon": 1.4846595944880949, "kl_divergence": 0.088912774244766374, "jsd": 0.14320042516070144, "city_similarity": 0.85679957483929858 }, "geometry": { "type": "Polygon", "coordinates": [ [ [ 9.283081607626345, 45.521043784670617 ], [ 9.276679445360157, 45.521059470693352 ], [ 9.273497246729296, 45.524964724988074 ], [ 9.27671766028323, 45.528854557602784 ], [ 9.283120706786637, 45.528838867339246 ], [ 9.286302455378104, 45.524933348702284 ], [ 9.283081607626345, 45.521043784670617 ] ] ] } },
{ "type": "Feature", "properties": { "from_id": "416", "population": 8574.182280643181, "gravity_community": 3.5350523442809578, "gravity_education": 7.8558706736153336, "gravity_essential_services": 6.071168219199861, "gravity_food_and_drink": 23.509365402384329, "gravity_healthcare": 5.3810910048951008, "gravity_shelter": 1.9627444675346843, "avg_gravity": 8.0525486853183761, "min_tt_community": 14.0, "min_tt_education": 9.0, "min_tt_essential_services": 6.0, "min_tt_food_and_drink": 10.0, "min_tt_healthcare": 5.0, "min_tt_shelter": 15.0, "avg_tt_community": 44.636363636363633, "avg_tt_education": 37.7, "avg_tt_essential_services": 41.857142857142854, "avg_tt_food_and_drink": 38.6, "avg_tt_healthcare": 40.357142857142854, "avg_tt_shelter": 29.5, "avg_tt_all": 38.775108225108227, "n_unreachable_categories": 0, "count_community": 11.0, "count_education": 20.0, "count_essential_services": 15.0, "count_food_and_drink": 60.0, "count_healthcare": 14.0, "count_shelter": 4.0, "gravity_community_per_100": 0.04122903186070101, "gravity_education_per_100": 0.091622389360096923, "gravity_essential_services_per_100": 0.070807547827691386, "gravity_food_and_drink_per_100": 0.27418784244251926, "gravity_healthcare_per_100": 0.06275923264476535, "gravity_shelter_per_100": 0.022891331246429388, "shannon": 1.4729839833652756, "kl_divergence": 0.088900172581540149, "jsd": 0.14383092989703392, "city_similarity": 0.85616907010296606 }, "geometry": { "type": "Polygon", "coordinates": [ [ [ 9.273497246729296, 45.524964724988074 ], [ 9.267094634604888, 45.524979874850125 ], [ 9.263911551732889, 45.528884861422277 ], [ 9.267131530726607, 45.532774962585229 ], [ 9.273535027273352, 45.532759808627326 ], [ 9.27671766028323, 45.528854557602784 ], [ 9.273497246729296, 45.524964724988074 ] ] ] } },
{ "type": "Feature", "properties": { "from_id": "417", "population": 4716.9410282386852, "gravity_community": 2.8728686455404446, "gravity_education": 7.7462055079916308, "gravity_essential_services": 3.9977219925679686, "gravity_food_and_drink": 20.46245471719255, "gravity_healthcare": 4.9857402910949871, "gravity_shelter": 1.2348759715972528, "avg_gravity": 6.8833111876641384, "min_tt_community": 26.0, "min_tt_education": 7.0, "min_tt_essential_services": 18.0, "min_tt_food_and_drink": 8.0, "min_tt_healthcare": 26.0, "min_tt_shelter": 28.0, "avg_tt_community": 33.714285714285715, "avg_tt_education": 26.266666666666666, "avg_tt_essential_services": 35.9, "avg_tt_food_and_drink": 35.18, "avg_tt_healthcare": 35.1, "avg_tt_shelter": 34.0, "avg_tt_all": 33.36015873015873, "n_unreachable_categories": 0, "count_community": 7.0, "count_education": 15.0, "count_essential_services": 10.0, "count_food_and_drink": 50.0, "count_healthcare": 11.0, "count_shelter": 3.0, "gravity_community_per_100": 0.060905333103415532, "gravity_education_per_100": 0.16422095297816514, "gravity_essential_services_per_100": 0.08475242680870923, "gravity_food_and_drink_per_100": 0.43380772824360009, "gravity_healthcare_per_100": 0.10569859282206612, "gravity_shelter_per_100": 0.026179593177113724, "shannon": 1.4128710033360363, "kl_divergence": 0.066439960423846436, "jsd": 0.12409059418114189, "city_similarity": 0.87590940581885812 }, "geometry": { "type": "Polygon", "coordinates": [ [ [ 9.292705051660944, 45.524917122280101 ], [ 9.286302455378104, 45.524933348702284 ], [ 9.283120706786637, 45.528838867339246 ], [ 9.286342004758984, 45.532728423858792 ], [ 9.292745485456178, 45.532712193049719 ], [ 9.295926783645861, 45.528806410108501 ], [ 9.292705051660944, 45.524917122280101 ] ] ] } },
{ "type": "Feature", "properties": { "from_id": "418", "population": 4656.4288720331479, "gravity_community": 2.4687252302773515, "gravity_education": 5.9230321686803951, "gravity_essential_services": 3.2224402663513239, "gravity_food_and_drink": 16.277062078054552, "gravity_healthcare": 4.2087928174865903, "gravity_shelter": 1.2987501114044835, "avg_gravity": 5.5664671120424494, "min_tt_community": 25.0, "min_tt_education": 19.0, "min_tt_essential_services": 22.0, "min_tt_food_and_drink": 16.0, "min_tt_healthcare": 22.0, "min_tt_shelter": 25.0, "avg_tt_community": 45.25, "avg_tt_education": 35.93333333333333, "avg_tt_essential_services": 40.111111111111114, "avg_tt_food_and_drink": 37.238095238095241, "avg_tt_healthcare": 35.375, "avg_tt_shelter": 32.666666666666664, "avg_tt_all": 37.762367724867723, "n_unreachable_categories": 0, "count_community": 8.0, "count_education": 15.0, "count_essential_services": 9.0, "count_food_and_drink": 42.0, "count_healthcare": 9.0, "count_shelter": 3.0, "gravity_community_per_100": 0.053017565566279679, "gravity_education_per_100": 0.12720117350561411, "gravity_essential_services_per_100": 0.069204112312453339, "gravity_food_and_drink_per_100": 0.34956105902993123, "gravity_healthcare_per_100": 0.090386709067219045, "gravity_shelter_per_100": 0.027891548375298322, "shannon": 1.4649951041809264, "kl_divergence": 0.10116254687719817, "jsd": 0.15182345287243457, "city_similarity": 0.84817654712756541 }, "geometry": { "type": "Polygon", "coordinates": [ [ [ 9.283120706786637, 45.528838867339246 ], [ 9.27671766028323, 45.528854557602784 ], [ 9.273535027273352, 45.532759808627326 ], [ 9.276755890870644, 45.536649633803258 ], [ 9.283159821973712, 45.536633939297779 ], [ 9.286342004758984, 45.532728423858792 ], [ 9.283120706786637, 45.528838867339246 ] ] ] } },
{ "type": "Feature", "properties": { "from_id": "419", "population": 5593.3349089809417, "gravity_community": 0.58616818098366907, "gravity_education": 0.0, "gravity_essential_services": 1.0, "gravity_food_and_drink": 1.2946053589381095, "gravity_healthcare": 0.3807307877431757, "gravity_shelter": 0.0, "avg_gravity": 0.54358405461082582, "min_tt_community": 36.0, "min_tt_education": null, "min_tt_essential_services": null, "min_tt_food_and_drink": 29.0, "min_tt_healthcare": 36.0, "min_tt_shelter": null, "avg_tt_community": 47.5, "avg_tt_education": null, "avg_tt_essential_services": null, "avg_tt_food_and_drink": 44.25, "avg_tt_healthcare": 36.0, "avg_tt_shelter": null, "avg_tt_all": 42.583333333333336, "n_unreachable_categories": 3, "count_community": 2.0, "count_education": 0.0, "count_essential_services": 1.0, "count_food_and_drink": 4.0, "count_healthcare": 1.0, "count_shelter": 0.0, "gravity_community_per_100": 0.010479761904521179, "gravity_education_per_100": 0.0, "gravity_essential_services_per_100": 0.017878421662081229, "gravity_food_and_drink_per_100": 0.023145500493085541, "gravity_healthcare_per_100": 0.0068068655630088432, "gravity_shelter_per_100": 0.0, "shannon": 1.2130075708089068, "kl_divergence": 0.34225697199796984, "jsd": 0.27991703077958291, "city_similarity": 0.72008296922041715 }, "geometry": { "type": "Polygon", "coordinates": [ [ [ 9.062174705870735, 45.494094414618573 ], [ 9.055775525511152, 45.494097718404738 ], [ 9.052579562051461, 45.497996843013581 ], [ 9.055783222010493, 45.501892929616076 ], [ 9.062183285395628, 45.50188962493673 ], [ 9.065378805675596, 45.497990234548169 ], [ 9.062174705870735, 45.494094414618573 ] ] ] } },
{ "type": "Feature", "properties": { "from_id": "420", "population": 7.314527, "gravity_community": 0.29906975624424414, "gravity_education": 0.0, "gravity_essential_services": 1.0, "gravity_food_and_drink": 0.69478515381110806, "gravity_healthcare": 0.30720055559943632, "gravity_shelter": 0.0, "avg_gravity": 0.38350924427579808, "min_tt_community": 45.0, "min_tt_education": null, "min_tt_essential_services": null, "min_tt_food_and_drink": 37.0, "min_tt_healthcare": 44.0, "min_tt_shelter": null, "avg_tt_community": 45.0, "avg_tt_education": null, "avg_tt_essential_services": null, "avg_tt_food_and_drink": 39.5, "avg_tt_healthcare": 44.0, "avg_tt_shelter": null, "avg_tt_all": 42.833333333333336, "n_unreachable_categories": 3, "count_community": 1.0, "count_education": 0.0, "count_essential_services": 1.0, "count_food_and_drink": 2.0, "count_healthcare": 1.0, "count_shelter": 0.0, "gravity_community_per_100": 4.0887094441546825, "gravity_education_per_100": 0.0, "gravity_essential_services_per_100": 13.671424003219895, "gravity_food_and_drink_per_100": 9.4987024288940098, "gravity_healthcare_per_100": 4.1998690496246214, "gravity_shelter_per_100": 0.0, "shannon": 1.3321790449897528, "kl_divergence": 0.37481533733586908, "jsd": 0.30336094431128241, "city_similarity": 0.69663905568871765 }, "geometry": { "type": "Polygon", "coordinates": [ [ [ 9.055783222010493, 45.501892929616076 ], [ 9.052579562051461, 45.497996843013581 ], [ 9.052034640998405, 45.497997092537254 ], [ 9.053726996694209, 45.504401279915804 ], [ 9.055783222010493, 45.501892929616076 ] ] ] } },
{ "type": "Feature", "properties": { "from_id": "421", "population": 0.0, "gravity_community": 1.3693029556350129, "gravity_education": 1.6974125903621649, "gravity_essential_services": 3.2869404648218148, "gravity_food_and_drink": 9.590716615812152, "gravity_healthcare": 1.0864469330350035, "gravity_shelter": 0.32413131933855249, "avg_gravity": 2.89249181316745, "min_tt_community": 35.0, "min_tt_education": 37.0, "min_tt_essential_services": 36.0, "min_tt_food_and_drink": 35.0, "min_tt_healthcare": 39.0, "min_tt_shelter": 42.0, "avg_tt_community": 41.0, "avg_tt_education": 40.4, "avg_tt_essential_services": 45.909090909090907, "avg_tt_food_and_drink": 47.333333333333336, "avg_tt_healthcare": 49.75, "avg_tt_shelter": 42.0, "avg_tt_all": 44.398737373737369, "n_unreachable_categories": 0, "count_community": 4.0, "count_education": 5.0, "count_essential_services": 11.0, "count_food_and_drink": 31.0, "count_healthcare": 4.0, "count_shelter": 1.0, "gravity_community_per_100": 0.0, "gravity_education_per_100": 0.0, "gravity_essential_services_per_100": 0.0, "gravity_food_and_drink_per_100": 0.0, "gravity_healthcare_per_100": 0.0, "gravity_shelter_per_100": 0.0, "shannon": 1.3116374809762688, "kl_divergence": 0.040584706335619503, "jsd": 0.097869400531454626, "city_similarity": 0.90213059946854535 }, "geometry": { "type": "Polygon", "coordinates": [ [ [ 9.0653878285611, 45.505785439040487 ], [ 9.062183285395628, 45.50188962493673 ], [ 9.055783222010493, 45.501892929616076 ], [ 9.053726996694209, 45.504401279915804 ], [ 9.053849220275879, 45.504863739013679 ], [ 9.064714809606835, 45.506606640697896 ], [ 9.0653878285611, 45.505785439040487 ] ] ] } },
{ "type": "Feature", "properties": { "from_id": "422", "population": 8.1040080700957713, "gravity_community": 1.5995857238991629, "gravity_education": 1.9906917825678752, "gravity_essential_services": 4.830386666939301, "gravity_food_and_drink": 9.1046203459264916, "gravity_healthcare": 0.94084256014005185, "gravity_shelter": 0.3419951893353394, "avg_gravity": 3.1346870448013697, "min_tt_community": 34.0, "min_tt_education": 27.0, "min_tt_essential_services": 27.0, "min_tt_food_and_drink": 27.0, "min_tt_healthcare": 38.0, "min_tt_shelter": 40.0, "avg_tt_community": 43.8, "avg_tt_education": 34.8, "avg_tt_essential_services": 43.833333333333336, "avg_tt_food_and_drink": 44.103448275862071, "avg_tt_healthcare": 44.0, "avg_tt_shelter": 40.0, "avg_tt_all": 41.756130268199236, "n_unreachable_categories": 0, "count_community": 5.0, "count_education": 5.0, "count_essential_services": 13.0, "count_food_and_drink": 29.0, "count_healthcare": 3.0, "count_shelter": 1.0, "gravity_community_per_100": 19.738204972940746, "gravity_education_per_100": 24.564286774511437, "gravity_essential_services_per_100": 59.604909387537376, "gravity_food_and_drink_per_100": 112.34712832435389, "gravity_healthcare_per_100": 11.609595548304201, "gravity_shelter_per_100": 4.2200746393296438, "shannon": 1.3398849646155107, "kl_divergence": 0.085324915987429847, "jsd": 0.14070554514695111, "city_similarity": 0.85929445485304889 }, "geometry": { "type": "Polygon", "coordinates": [ [ [ 9.055798624472214, 45.517483319982652 ], [ 9.062200454994146, 45.517480013516185 ], [ 9.06539685514411, 45.513580632847081 ], [ 9.06456801791591, 45.512573203651961 ], [ 9.063807487487793, 45.512668609619134 ], [ 9.063788414001467, 45.512672424316413 ], [ 9.063488960266113, 45.512699127197266 ], [ 9.062844276428223, 45.512775421142585 ], [ 9.06251049041748, 45.512825012207024 ], [ 9.062135696411133, 45.512912750244141 ], [ 9.061884880065918, 45.512969970703125 ], [ 9.060818672180176, 45.513160705566406 ], [ 9.060713768005371, 45.512336730957024 ], [ 9.060701370239258, 45.512237548828132 ], [ 9.060687065124512, 45.512184143066406 ], [ 9.060673713684082, 45.51215744018554 ], [ 9.060626983642578, 45.512069702148438 ], [ 9.060611724853516, 45.512031555175781 ], [ 9.060579299926758, 45.511970520019531 ], [ 9.06056022644043, 45.511924743652344 ], [ 9.060548782348633, 45.511890411376946 ], [ 9.060548782348633, 45.511833190917955 ], [ 9.06057071685791, 45.511615753173828 ], [ 9.060748100280762, 45.509967803955085 ], [ 9.060388565063477, 45.509910583496087 ], [ 9.060242652893066, 45.510059356689446 ], [ 9.060067176818848, 45.510185241699212 ], [ 9.059845924377441, 45.510353088378906 ], [ 9.059606552124023, 45.510536193847649 ], [ 9.059432029724121, 45.510776519775398 ], [ 9.059288024902344, 45.510986328124986 ], [ 9.058977127075195, 45.511451721191406 ], [ 9.058721542358398, 45.511806488037109 ], [ 9.058674812316895, 45.511878967285163 ], [ 9.058563232421875, 45.512054443359382 ], [ 9.05851936340332, 45.512126922607415 ], [ 9.058481216430664, 45.512203216552727 ], [ 9.058438301086426, 45.51226806640625 ], [ 9.058391571044922, 45.512340545654276 ], [ 9.05836296081543, 45.512393951416016 ], [ 9.05825138092041, 45.512592315673835 ], [ 9.058234214782715, 45.512626647949219 ], [ 9.058195114135742, 45.512687683105462 ], [ 9.05816173553467, 45.512737274169922 ], [ 9.058128356933594, 45.512802124023423 ], [ 9.058099746704102, 45.512851715087884 ], [ 9.058090209960938, 45.512874603271477 ], [ 9.058066368103027, 45.512928009033189 ], [ 9.058056831359863, 45.512962341308601 ], [ 9.058043479919435, 45.513008117675774 ], [ 9.058032989501953, 45.513042449951172 ], [ 9.057979583740234, 45.51316833496093 ], [ 9.057903289794922, 45.513339996337876 ], [ 9.057943344116211, 45.513488769531243 ], [ 9.057938575744631, 45.513530731201172 ], [ 9.057929039001465, 45.513557434082031 ], [ 9.05791187286377, 45.513587951660156 ], [ 9.05787467956543, 45.513660430908189 ], [ 9.057853698730469, 45.513690948486335 ], [ 9.057085037231445, 45.514732360839844 ], [ 9.056890487670898, 45.515010833740234 ], [ 9.05681324005127, 45.515125274658196 ], [ 9.056632041931152, 45.515403747558594 ], [ 9.056554794311523, 45.515518188476562 ], [ 9.056460380554199, 45.515659332275391 ], [ 9.056356430053711, 45.515823364257805 ], [ 9.056275367736816, 45.515956878662116 ], [ 9.056198120117188, 45.51606750488282 ], [ 9.056088447570801, 45.516231536865227 ], [ 9.05597972869873, 45.516384124755866 ], [ 9.055912971496582, 45.516487121582024 ], [ 9.055842399597168, 45.516593933105469 ], [ 9.055765151977539, 45.516712188720703 ], [ 9.055632591247559, 45.516952514648438 ], [ 9.055605888366699, 45.517024993896484 ], [ 9.055582046508789, 45.517101287841783 ], [ 9.05557986980158, 45.517217378966507 ], [ 9.055798624472214, 45.517483319982652 ] ] ] } },
{ "type": "Feature", "properties": { "from_id": "423", "population": 540.5378992258311, "gravity_community": 15.907310981671603, "gravity_education": 26.218419618937912, "gravity_essential_services": 15.561769830597974, "gravity_food_and_drink": 75.537498219872518, "gravity_healthcare": 19.082872713488243, "gravity_shelter": 3.2984111396994336, "avg_gravity": 25.934380417377948, "min_tt_community": 16.0, "min_tt_education": 13.0, "min_tt_essential_services": 11.0, "min_tt_food_and_drink": 9.0, "min_tt_healthcare": 10.0, "min_tt_shelter": 18.0, "avg_tt_community": 41.565217391304351, "avg_tt_education": 44.469135802469133, "avg_tt_essential_services": 44.469387755102041, "avg_tt_food_and_drink": 44.789029535864977, "avg_tt_healthcare": 43.527272727272724, "avg_tt_shelter": 41.111111111111114, "avg_tt_all": 43.321859053854062, "n_unreachable_categories": 0, "count_community": 46.0, "count_education": 81.0, "count_essential_services": 49.0, "count_food_and_drink": 237.0, "count_healthcare": 56.0, "count_shelter": 9.0, "gravity_community_per_100": 2.9428669117289212, "gravity_education_per_100": 4.850431330807413, "gravity_essential_services_per_100": 2.8789414864130425, "gravity_food_and_drink_per_100": 13.97450545615003, "gravity_healthcare_per_100": 3.5303487028049476, "gravity_shelter_per_100": 0.61020904258951725, "shannon": 1.433434897018929, "kl_divergence": 0.091701501856858894, "jsd": 0.14504268819621013, "city_similarity": 0.85495731180378987 }, "geometry": { "type": "Polygon", "coordinates": [ [ [ 9.129392785493241, 45.50573087019653 ], [ 9.122992298784597, 45.505737940895465 ], [ 9.119800322146714, 45.509638934039145 ], [ 9.123009277445179, 45.513533121860661 ], [ 9.12941064771297, 45.513526049250125 ], [ 9.132602179002475, 45.509624790729895 ], [ 9.129392785493241, 45.50573087019653 ] ] ] } },
{ "type": "Feature", "properties": { "from_id": "424", "population": 3035.6087666799426, "gravity_community": 10.019998633930628, "gravity_education": 14.666469204138126, "gravity_essential_services": 8.626099767803856, "gravity_food_and_drink": 35.352968038429715, "gravity_healthcare": 10.521319519867655, "gravity_shelter": 2.4423417810520385, "avg_gravity": 13.604866157537003, "min_tt_community": 26.0, "min_tt_education": 23.0, "min_tt_essential_services": 20.0, "min_tt_food_and_drink": 4.0, "min_tt_healthcare": 22.0, "min_tt_shelter": 26.0, "avg_tt_community": 44.5625, "avg_tt_education": 47.32, "avg_tt_essential_services": 45.92, "avg_tt_food_and_drink": 48.138211382113823, "avg_tt_healthcare": 47.472222222222221, "avg_tt_shelter": 41.571428571428569, "avg_tt_all": 45.830727029294103, "n_unreachable_categories": 0, "count_community": 32.0, "count_education": 50.0, "count_essential_services": 26.0, "count_food_and_drink": 123.0, "count_healthcare": 36.0, "count_shelter": 7.0, "gravity_community_per_100": 0.3300820166259284, "gravity_education_per_100": 0.48314754408154187, "gravity_essential_services_per_100": 0.2841637520120307, "gravity_food_and_drink_per_100": 1.1646088397977383, "gravity_healthcare_per_100": 0.34659669043500829, "gravity_shelter_per_100": 0.080456408212420519, "shannon": 1.504580889218158, "kl_divergence": 0.14498452414220353, "jsd": 0.18187795996289896, "city_similarity": 0.81812204003710098 }, "geometry": { "type": "Polygon", "coordinates": [ [ [ 9.119800322146714, 45.509638934039145 ], [ 9.113399390270702, 45.509645467684017 ], [ 9.110206530071951, 45.513546190916607 ], [ 9.113415046797586, 45.517440645990582 ], [ 9.119816862415504, 45.517434110579316 ], [ 9.123009277445179, 45.513533121860661 ], [ 9.119800322146714, 45.509638934039145 ] ] ] } },
{ "type": "Feature", "properties": { "from_id": "425", "population": 52.097547982477273, "gravity_community": 5.5066430018108612, "gravity_education": 8.5147771469115163, "gravity_essential_services": 6.1863051089697239, "gravity_food_and_drink": 31.135951443848207, "gravity_healthcare": 6.0112126452176016, "gravity_shelter": 2.2039084968055893, "avg_gravity": 9.9264663072605828, "min_tt_community": 24.0, "min_tt_education": 27.0, "min_tt_essential_services": 30.0, "min_tt_food_and_drink": 2.0, "min_tt_healthcare": 7.0, "min_tt_shelter": 34.0, "avg_tt_community": 45.611111111111114, "avg_tt_education": 48.333333333333336, "avg_tt_essential_services": 45.117647058823529, "avg_tt_food_and_drink": 34.985915492957744, "avg_tt_healthcare": 45.368421052631582, "avg_tt_shelter": 43.857142857142854, "avg_tt_all": 43.878928484333365, "n_unreachable_categories": 0, "count_community": 18.0, "count_education": 30.0, "count_essential_services": 18.0, "count_food_and_drink": 71.0, "count_healthcare": 19.0, "count_shelter": 7.0, "gravity_community_per_100": 10.569869821249535, "gravity_education_per_100": 16.343911521086206, "gravity_essential_services_per_100": 11.874465015225772, "gravity_food_and_drink_per_100": 59.764715710460337, "gravity_healthcare_per_100": 11.538379209784384, "gravity_shelter_per_100": 4.2303497614645167, "shannon": 1.5458650011128925, "kl_divergence": 0.15266300557367452, "jsd": 0.18643453539401389, "city_similarity": 0.81356546460598611 }, "geometry": { "type": "Polygon", "coordinates": [ [ [ 9.094209587593145, 45.517458099599686 ], [ 9.100611409265673, 45.517452640501062 ], [ 9.103805153207915, 45.513552187361334 ], [ 9.100597520225772, 45.509657458952582 ], [ 9.094196582298199, 45.509662916575685 ], [ 9.091002393728518, 45.513563104082891 ], [ 9.093416299807826, 45.51649474528422 ], [ 9.093481063842773, 45.516502380371087 ], [ 9.09446907043457, 45.516593933105469 ], [ 9.094148635864258, 45.517269134521477 ], [ 9.094116196775692, 45.517344689486983 ], [ 9.094209587593145, 45.517458099599686 ] ] ] } },
{ "type": "Feature", "properties": { "from_id": "426", "population": 31.093382237247607, "gravity_community": 1.3938073419578894, "gravity_education": 1.6760460507031256, "gravity_essential_services": 3.4011751575947504, "gravity_food_and_drink": 8.4871987810636256, "gravity_healthcare": 1.9842528865816274, "gravity_shelter": 0.29906975624424414, "avg_gravity": 2.8735916623575437, "min_tt_community": 30.0, "min_tt_education": 38.0, "min_tt_essential_services": 39.0, "min_tt_food_and_drink": 18.0, "min_tt_healthcare": 23.0, "min_tt_shelter": 45.0, "avg_tt_community": 49.0, "avg_tt_education": 48.0, "avg_tt_essential_services": 49.555555555555557, "avg_tt_food_and_drink": 46.285714285714285, "avg_tt_healthcare": 42.666666666666664, "avg_tt_shelter": 45.0, "avg_tt_all": 46.751322751322753, "n_unreachable_categories": 0, "count_community": 5.0, "count_education": 6.0, "count_essential_services": 10.0, "count_food_and_drink": 28.0, "count_healthcare": 6.0, "count_shelter": 1.0, "gravity_community_per_100": 4.4826494953907252, "gravity_education_per_100": 5.3903626112933596, "gravity_essential_services_per_100": 10.938582144725286, "gravity_food_and_drink_per_100": 27.295836510498944, "gravity_healthcare_per_100": 6.3815922997422811, "gravity_shelter_per_100": 0.96184375814214373, "shannon": 1.4204252556148473, "kl_divergence": 0.060360735882429385, "jsd": 0.12043148071207814, "city_similarity": 0.8795685192879219 }, "geometry": { "type": "Polygon", "coordinates": [ [ [ 9.110206530071951, 45.513546190916607 ], [ 9.103805153207915, 45.513552187361334 ], [ 9.100611409265673, 45.517452640501062 ], [ 9.103819487056324, 45.521347362791836 ], [ 9.110221747844935, 45.52134136472592 ], [ 9.113415046797586, 45.517440645990582 ], [ 9.110206530071951, 45.513546190916607 ] ] ] } },
{ "type": "Feature", "properties": { "from_id": "427", "population": 13.234341730096506, "gravity_community": 14.697983173639413, "gravity_education": 20.433112591899892, "gravity_essential_services": 11.495977402581529, "gravity_food_and_drink": 43.340135276974763, "gravity_healthcare": 13.690051009592336, "gravity_shelter": 2.7149880390922672, "avg_gravity": 17.728707915630032, "min_tt_community": 9.0, "min_tt_education": 9.0, "min_tt_essential_services": 13.0, "min_tt_food_and_drink": 13.0, "min_tt_healthcare": 5.0, "min_tt_shelter": 6.0, "avg_tt_community": 41.1, "avg_tt_education": 38.480769230769234, "avg_tt_essential_services": 40.793103448275865, "avg_tt_food_and_drink": 44.164179104477611, "avg_tt_healthcare": 41.578947368421055, "avg_tt_shelter": 19.75, "avg_tt_all": 37.644499858657291, "n_unreachable_categories": 0, "count_community": 40.0, "count_education": 52.0, "count_essential_services": 30.0, "count_food_and_drink": 134.0, "count_healthcare": 38.0, "count_shelter": 4.0, "gravity_community_per_100": 111.05942005573581, "gravity_education_per_100": 154.39462731593596, "gravity_essential_services_per_100": 86.864746558858116, "gravity_food_and_drink_per_100": 327.48236490232085, "gravity_healthcare_per_100": 103.44338455806601, "gravity_shelter_per_100": 20.51471916368952, "shannon": 1.4852151057234615, "kl_divergence": 0.14976292895659515, "jsd": 0.18345815783240102, "city_similarity": 0.81654184216759895 }, "geometry": { "type": "Polygon", "coordinates": [ [ [ 9.12941064771297, 45.513526049250125 ], [ 9.123009277445179, 45.513533121860661 ], [ 9.119816862415504, 45.517434110579316 ], [ 9.123026263064114, 45.52132829213668 ], [ 9.129428517253155, 45.521321217614016 ], [ 9.132620486751604, 45.517419963446322 ], [ 9.12941064771297, 45.513526049250125 ] ] ] } },
{ "type": "Feature", "properties": { "from_id": "428", "population": 3377.3576202160207, "gravity_community": 2.4704700741465513, "gravity_education": 3.09129756582051, "gravity_essential_services": 4.4756121773220423, "gravity_food_and_drink": 13.548715367223148, "gravity_healthcare": 4.4115264419160702, "gravity_shelter": 1.0814172018205901, "avg_gravity": 4.8465064713748189, "min_tt_community": 16.0, "min_tt_education": 24.0, "min_tt_essential_services": 23.0, "min_tt_food_and_drink": 2.0, "min_tt_healthcare": 9.0, "min_tt_shelter": 29.0, "avg_tt_community": 41.285714285714285, "avg_tt_education": 41.666666666666664, "avg_tt_essential_services": 41.230769230769234, "avg_tt_food_and_drink": 34.4375, "avg_tt_healthcare": 34.125, "avg_tt_shelter": 51.25, "avg_tt_all": 40.665941697191698, "n_unreachable_categories": 0, "count_community": 7.0, "count_education": 9.0, "count_essential_services": 13.0, "count_food_and_drink": 32.0, "count_healthcare": 9.0, "count_shelter": 4.0, "gravity_community_per_100": 0.073148015459154614, "gravity_education_per_100": 0.091530063245798238, "gravity_essential_services_per_100": 0.13251816007082412, "gravity_food_and_drink_per_100": 0.4011631840858047, "gravity_healthcare_per_100": 0.13062064898042697, "gravity_shelter_per_100": 0.03201962372440207, "shannon": 1.5613018314256055, "kl_divergence": 0.12705236899909267, "jsd": 0.17209093928080554, "city_similarity": 0.82790906071919446 }, "geometry": { "type": "Polygon", "coordinates": [ [ [ 9.0942225982183, 45.525253271936542 ], [ 9.100625303997983, 45.525247811362028 ], [ 9.103819487056324, 45.521347362791836 ], [ 9.100611409265673, 45.517452640501062 ], [ 9.094209587593145, 45.517458099599686 ], [ 9.093909506756219, 45.517824482122464 ], [ 9.09323787689209, 45.519306182861335 ], [ 9.093087196350098, 45.519409179687507 ], [ 9.092908859252931, 45.519462585449219 ], [ 9.093067169189453, 45.519706726074219 ], [ 9.093374252319336, 45.519611358642564 ], [ 9.093316078186035, 45.519680023193359 ], [ 9.092828750610352, 45.520271301269531 ], [ 9.092700004577637, 45.520423889160156 ], [ 9.095558166503908, 45.521644592285149 ], [ 9.09429931640625, 45.522830963134766 ], [ 9.096076011657715, 45.523780822753906 ], [ 9.096301078796387, 45.523929595947273 ], [ 9.096371650695801, 45.523960113525384 ], [ 9.095438003540039, 45.524486541748047 ], [ 9.094776153564453, 45.524860382080071 ], [ 9.094303131103516, 45.525077819824219 ], [ 9.094141641131179, 45.525154974666876 ], [ 9.0942225982183, 45.525253271936542 ] ] ] } },
{ "type": "Feature", "properties": { "from_id": "429", "population": 132.2166400785737, "gravity_community": 9.0315690547145699, "gravity_education": 13.398832333567347, "gravity_essential_services": 8.5694153355822333, "gravity_food_and_drink": 30.710347262435828, "gravity_healthcare": 9.2224223916874148, "gravity_shelter": 1.5905761403768932, "avg_gravity": 12.087193753060715, "min_tt_community": 5.0, "min_tt_education": 7.0, "min_tt_essential_services": 6.0, "min_tt_food_and_drink": 1.0, "min_tt_healthcare": 2.0, "min_tt_shelter": 23.0, "avg_tt_community": 39.260869565217391, "avg_tt_education": 36.25, "avg_tt_essential_services": 35.0, "avg_tt_food_and_drink": 39.202702702702702, "avg_tt_healthcare": 32.9, "avg_tt_shelter": 23.666666666666668, "avg_tt_all": 34.380039822431122, "n_unreachable_categories": 0, "count_community": 23.0, "count_education": 32.0, "count_essential_services": 18.0, "count_food_and_drink": 75.0, "count_healthcare": 20.0, "count_shelter": 3.0, "gravity_community_per_100": 6.8308868303923687, "gravity_education_per_100": 10.133998508512006, "gravity_essential_services_per_100": 6.4813440505594473, "gravity_food_and_drink_per_100": 23.227293663025534, "gravity_healthcare_per_100": 6.9752357843965136, "gravity_shelter_per_100": 1.2030075332663466, "shannon": 1.5038349118733376, "kl_divergence": 0.16089935343509182, "jsd": 0.18989910455642098, "city_similarity": 0.81010089544357899 }, "geometry": { "type": "Polygon", "coordinates": [ [ [ 9.119816862415504, 45.517434110579316 ], [ 9.113415046797586, 45.517440645990582 ], [ 9.110221747844935, 45.52134136472592 ], [ 9.113430709741277, 45.525235813608752 ], [ 9.1198334094633, 45.525229276430586 ], [ 9.123026263064114, 45.52132829213668 ], [ 9.119816862415504, 45.517434110579316 ] ] ] } },
{ "type": "Feature", "properties": { "from_id": "430", "population": 191.00525191140511, "gravity_community": 3.7082550870179536, "gravity_education": 6.4354759316528991, "gravity_essential_services": 4.5814435440975343, "gravity_food_and_drink": 16.131765261037245, "gravity_healthcare": 4.9204619401187681, "gravity_shelter": 1.1268966097645681, "avg_gravity": 6.150716395614829, "min_tt_community": 6.0, "min_tt_education": 10.0, "min_tt_essential_services": 19.0, "min_tt_food_and_drink": 4.0, "min_tt_healthcare": 11.0, "min_tt_shelter": 46.0, "avg_tt_community": 41.2, "avg_tt_education": 42.166666666666664, "avg_tt_essential_services": 39.0, "avg_tt_food_and_drink": 36.166666666666664, "avg_tt_healthcare": 36.5, "avg_tt_shelter": 47.25, "avg_tt_all": 40.380555555555553, "n_unreachable_categories": 0, "count_community": 10.0, "count_education": 18.0, "count_essential_services": 12.0, "count_food_and_drink": 37.0, "count_healthcare": 12.0, "count_shelter": 4.0, "gravity_community_per_100": 1.9414414263006607, "gravity_education_per_100": 3.3692664820744809, "gravity_essential_services_per_100": 2.3985955874252962, "gravity_food_and_drink_per_100": 8.4457181672259551, "gravity_healthcare_per_100": 2.5760872493710538, "gravity_shelter_per_100": 0.58998200232068065, "shannon": 1.5880893606460724, "kl_divergence": 0.18142770304174349, "jsd": 0.2049511436346878, "city_similarity": 0.7950488563653122 }, "geometry": { "type": "Polygon", "coordinates": [ [ [ 9.110221747844935, 45.52134136472592 ], [ 9.103819487056324, 45.521347362791836 ], [ 9.100625303997983, 45.525247811362028 ], [ 9.10383382677972, 45.529142527534617 ], [ 9.110236971855198, 45.529136527847086 ], [ 9.113430709741277, 45.525235813608752 ], [ 9.110221747844935, 45.52134136472592 ] ], [ [ 9.10403540523658, 45.52163088522267 ], [ 9.104974746704102, 45.522174835205078 ], [ 9.104035405236578, 45.52163088522267 ], [ 9.10403540523658, 45.52163088522267 ] ] ] } },
{ "type": "Feature", "properties": { "from_id": "431", "population": 43.794290575084851, "gravity_community": 2.3349053124352106, "gravity_education": 4.0678178171747863, "gravity_essential_services": 2.9612466861750462, "gravity_food_and_drink": 10.668314069398628, "gravity_healthcare": 4.3694840820641261, "gravity_shelter": 0.90909540039764547, "avg_gravity": 4.218477227940908, "min_tt_community": 10.0, "min_tt_education": 19.0, "min_tt_essential_services": 28.0, "min_tt_food_and_drink": 10.0, "min_tt_healthcare": 20.0, "min_tt_shelter": 54.0, "avg_tt_community": 38.5, "avg_tt_education": 43.083333333333336, "avg_tt_essential_services": 38.125, "avg_tt_food_and_drink": 37.333333333333336, "avg_tt_healthcare": 38.888888888888886, "avg_tt_shelter": 55.25, "avg_tt_all": 41.863425925925931, "n_unreachable_categories": 0, "count_community": 6.0, "count_education": 12.0, "count_essential_services": 8.0, "count_food_and_drink": 27.0, "count_healthcare": 10.0, "count_shelter": 4.0, "gravity_community_per_100": 5.3315290230173717, "gravity_education_per_100": 9.2884660620328017, "gravity_essential_services_per_100": 6.7617185877186889, "gravity_food_and_drink_per_100": 24.360056823178621, "gravity_healthcare_per_100": 9.9772916165240577, "gravity_shelter_per_100": 2.0758308639319338, "shannon": 1.5962807885946257, "kl_divergence": 0.18257854522295039, "jsd": 0.20422043359628719, "city_similarity": 0.79577956640371283 }, "geometry": { "type": "Polygon", "coordinates": [ [ [ 9.10383382677972, 45.529142527534617 ], [ 9.100625303997983, 45.525247811362028 ], [ 9.0942225982183, 45.525253271936542 ], [ 9.092815945814667, 45.526970432376466 ], [ 9.092923164367676, 45.527359008789062 ], [ 9.093762397766113, 45.528003692626953 ], [ 9.094141960144043, 45.528282165527337 ], [ 9.093314170837402, 45.528839111328118 ], [ 9.099003791809082, 45.532035827636705 ], [ 9.101438187497221, 45.532067519818312 ], [ 9.10383382677972, 45.529142527534617 ] ] ] } },
{ "type": "Feature", "properties": { "from_id": "432", "population": 70.250750579244524, "gravity_community": 5.3664731976217315, "gravity_education": 8.8598664570072252, "gravity_essential_services": 6.313852720014423, "gravity_food_and_drink": 18.28383813213372, "gravity_healthcare": 6.6212824689444778, "gravity_shelter": 1.0636823732038638, "avg_gravity": 7.7514992248209067, "min_tt_community": 13.0, "min_tt_education": 8.0, "min_tt_essential_services": 5.0, "min_tt_food_and_drink": 4.0, "min_tt_healthcare": 5.0, "min_tt_shelter": 38.0, "avg_tt_community": 41.866666666666667, "avg_tt_education": 36.38095238095238, "avg_tt_essential_services": 35.5, "avg_tt_food_and_drink": 33.975, "avg_tt_healthcare": 35.0, "avg_tt_shelter": 38.666666666666664, "avg_tt_all": 36.898214285714282, "n_unreachable_categories": 0, "count_community": 15.0, "count_education": 21.0, "count_essential_services": 14.0, "count_food_and_drink": 40.0, "count_healthcare": 15.0, "count_shelter": 3.0, "gravity_community_per_100": 7.6390261361951168, "gravity_education_per_100": 12.611774798068648, "gravity_essential_services_per_100": 8.9875946775718027, "gravity_food_and_drink_per_100": 26.026537768460017, "gravity_healthcare_per_100": 9.4252124202936631, "gravity_shelter_per_100": 1.5141224320500386, "shannon": 1.5990359048703964, "kl_divergence": 0.21959432374535726, "jsd": 0.22524193756280214, "city_similarity": 0.77475806243719791 }, "geometry": { "type": "Polygon", "coordinates": [ [ [ 9.123043255644907, 45.529123451723578 ], [ 9.1198334094633, 45.525229276430586 ], [ 9.113430709741277, 45.525235813608752 ], [ 9.110236971855198, 45.529136527847086 ], [ 9.112773403882388, 45.53221440368501 ], [ 9.120432360207527, 45.532313012686629 ], [ 9.123043255644907, 45.529123451723578 ] ] ] } },
{ "type": "Feature", "properties": { "from_id": "433", "population": 0.0, "gravity_community": 8.4497147654065667, "gravity_education": 12.485651176743092, "gravity_essential_services": 12.97255534120513, "gravity_food_and_drink": 41.307440445913507, "gravity_healthcare": 8.1048780588007503, "gravity_shelter": 3.6668646874347988, "avg_gravity": 14.497850745917306, "min_tt_community": 8.0, "min_tt_education": 1.0, "min_tt_essential_services": 1.0, "min_tt_food_and_drink": 1.0, "min_tt_healthcare": 2.0, "min_tt_shelter": 1.0, "avg_tt_community": 37.285714285714285, "avg_tt_education": 39.46875, "avg_tt_essential_services": 27.5, "avg_tt_food_and_drink": 29.682926829268293, "avg_tt_healthcare": 38.857142857142854, "avg_tt_shelter": 37.333333333333336, "avg_tt_all": 35.021311217576461, "n_unreachable_categories": 0, "count_community": 21.0, "count_education": 32.0, "count_essential_services": 23.0, "count_food_and_drink": 82.0, "count_healthcare": 21.0, "count_shelter": 9.0, "gravity_community_per_100": 0.0, "gravity_education_per_100": 0.0, "gravity_essential_services_per_100": 0.0, "gravity_food_and_drink_per_100": 0.0, "gravity_healthcare_per_100": 0.0, "gravity_shelter_per_100": 0.0, "shannon": 1.5555065500804766, "kl_divergence": 0.14611850924022424, "jsd": 0.18246873274634506, "city_similarity": 0.81753126725365499 }, "geometry": { "type": "Polygon", "coordinates": [ [ [ 9.09098983287997, 45.505767915014026 ], [ 9.084589334071255, 45.505772833960435 ], [ 9.081394701236201, 45.509672755798228 ], [ 9.084601011354563, 45.513568024359166 ], [ 9.091002393728518, 45.513563104082891 ], [ 9.094196582298199, 45.509662916575685 ], [ 9.09098983287997, 45.505767915014026 ] ] ] } },
{ "type": "Feature", "properties": { "from_id": "434", "population": 5462.5001211236322, "gravity_community": 4.6662404680365706, "gravity_education": 6.6750888654957699, "gravity_essential_services": 9.5369915736070006, "gravity_food_and_drink": 27.596408566426064, "gravity_healthcare": 3.9964643111013927, "gravity_shelter": 2.2325110002497834, "avg_gravity": 9.1172841308194297, "min_tt_community": 11.0, "min_tt_education": 3.0, "min_tt_essential_services": 8.0, "min_tt_food_and_drink": 9.0, "min_tt_healthcare": 14.0, "min_tt_shelter": 16.0, "avg_tt_community": 35.18181818181818, "avg_tt_education": 34.8, "avg_tt_essential_services": 29.294117647058822, "avg_tt_food_and_drink": 36.656716417910445, "avg_tt_healthcare": 40.909090909090907, "avg_tt_shelter": 45.142857142857146, "avg_tt_all": 36.997433383122576, "n_unreachable_categories": 0, "count_community": 11.0, "count_education": 15.0, "count_essential_services": 18.0, "count_food_and_drink": 67.0, "count_healthcare": 11.0, "count_shelter": 7.0, "gravity_community_per_100": 0.085423164568767612, "gravity_education_per_100": 0.12219842045738406, "gravity_essential_services_per_100": 0.17459023088580267, "gravity_food_and_drink_per_100": 0.50519739962494503, "gravity_healthcare_per_100": 0.073161816429933968, "gravity_shelter_per_100": 0.040869765688729312, "shannon": 1.4432471553888906, "kl_divergence": 0.071708218193780371, "jsd": 0.12571207485237831, "city_similarity": 0.87428792514762166 }, "geometry": { "type": "Polygon", "coordinates": [ [ [ 9.084601011354563, 45.513568024359166 ], [ 9.081394701236201, 45.509672755798228 ], [ 9.074993758343124, 45.509677137397148 ], [ 9.071798241941655, 45.513576788741474 ], [ 9.07440831489593, 45.516748403137093 ], [ 9.074597358703613, 45.516643524169922 ], [ 9.075051307678223, 45.516391754150384 ], [ 9.075963020324707, 45.515964508056641 ], [ 9.076395034790039, 45.515758514404297 ], [ 9.076489448547363, 45.515716552734368 ], [ 9.076623916625977, 45.515651702880859 ], [ 9.076798439025879, 45.515571594238281 ], [ 9.076907157897949, 45.515522003173828 ], [ 9.076977729797363, 45.515491485595703 ], [ 9.07703685760498, 45.515460968017571 ], [ 9.077140808105469, 45.515522003173821 ], [ 9.077211380004883, 45.515533447265618 ], [ 9.077276229858398, 45.515544891357422 ], [ 9.077393531799316, 45.515571594238281 ], [ 9.077561378479004, 45.515609741210938 ], [ 9.077688217163086, 45.515644073486321 ], [ 9.078046798706055, 45.515739440917969 ], [ 9.078317642211914, 45.515823364257805 ], [ 9.078525543212891, 45.515888214111328 ], [ 9.07872200012207, 45.515949249267585 ], [ 9.079047203063965, 45.516040802001946 ], [ 9.079159736633301, 45.516067504882827 ], [ 9.079318046569824, 45.516109466552734 ], [ 9.079524040222168, 45.516162872314453 ], [ 9.079619407653809, 45.516181945800781 ], [ 9.079657554626465, 45.516181945800774 ], [ 9.079700469970703, 45.516170501708977 ], [ 9.079804420471191, 45.516143798828125 ], [ 9.080141067504883, 45.516071319580064 ], [ 9.080340385437012, 45.516033172607415 ], [ 9.080493927001953, 45.515998840332024 ], [ 9.080810546875, 45.515945434570298 ], [ 9.083032712335255, 45.515482374707211 ], [ 9.084601011354563, 45.513568024359166 ] ] ] } },
{ "type": "Feature", "properties": { "from_id": "435", "population": 974.45766162050552, "gravity_community": 2.4661336796550488, "gravity_education": 3.2162631635171706, "gravity_essential_services": 6.7185322902630906, "gravity_food_and_drink": 14.529009517981644, "gravity_healthcare": 1.6518048131609033, "gravity_shelter": 0.95844442206796221, "avg_gravity": 4.9233646477743038, "min_tt_community": 19.0, "min_tt_education": 31.0, "min_tt_essential_services": 20.0, "min_tt_food_and_drink": 12.0, "min_tt_healthcare": 20.0, "min_tt_shelter": 34.0, "avg_tt_community": 41.285714285714285, "avg_tt_education": 44.1, "avg_tt_essential_services": 31.307692307692307, "avg_tt_food_and_drink": 34.142857142857146, "avg_tt_healthcare": 35.0, "avg_tt_shelter": 44.0, "avg_tt_all": 38.306043956043958, "n_unreachable_categories": 0, "count_community": 7.0, "count_education": 10.0, "count_essential_services": 14.0, "count_food_and_drink": 35.0, "count_healthcare": 4.0, "count_shelter": 3.0, "gravity_community_per_100": 0.25307756065603848, "gravity_education_per_100": 0.33005673721817558, "gravity_essential_services_per_100": 0.68946374530939525, "gravity_food_and_drink_per_100": 1.4909841740912748, "gravity_healthcare_per_100": 0.16951016736981489, "gravity_shelter_per_100": 0.098356702380900413, "shannon": 1.4565934000414662, "kl_divergence": 0.10924899032488214, "jsd": 0.15971118547390065, "city_similarity": 0.84028881452609938 }, "geometry": { "type": "Polygon", "coordinates": [ [ [ 9.069846958577815, 45.521373186823567 ], [ 9.069858551025391, 45.52135086059571 ], [ 9.069915771484375, 45.52125167846679 ], [ 9.069931983947754, 45.521217346191406 ], [ 9.069968223571777, 45.521160125732415 ], [ 9.070025444030762, 45.521076202392571 ], [ 9.070093154907227, 45.520973205566406 ], [ 9.07015323638916, 45.52088546752929 ], [ 9.070217132568359, 45.520790100097656 ], [ 9.070273399353027, 45.520706176757798 ], [ 9.070308685302734, 45.520629882812493 ], [ 9.070321083068848, 45.520599365234368 ], [ 9.070353507995605, 45.520511627197259 ], [ 9.070404052734375, 45.520366668701172 ], [ 9.070442199707031, 45.520267486572266 ], [ 9.070487022399902, 45.520149230957031 ], [ 9.070512771606445, 45.520076751708984 ], [ 9.07056713104248, 45.519901275634766 ], [ 9.070598602294924, 45.519813537597649 ], [ 9.070638656616211, 45.519725799560547 ], [ 9.070686340332031, 45.519626617431634 ], [ 9.070737838745117, 45.519538879394524 ], [ 9.070771217346191, 45.519458770751939 ], [ 9.070887565612793, 45.519157409667962 ], [ 9.070904731750488, 45.518692016601562 ], [ 9.07440831489593, 45.516748403137093 ], [ 9.071798241941655, 45.513576788741474 ], [ 9.06539685514411, 45.513580632847081 ], [ 9.062200454994146, 45.517480013516185 ], [ 9.065405885426484, 45.521375815967993 ], [ 9.06595635200244, 45.521375499462266 ], [ 9.067231178283693, 45.520648956298835 ], [ 9.067316055297852, 45.520767211914062 ], [ 9.067045859619885, 45.521374865199462 ], [ 9.069846958577815, 45.521373186823567 ] ] ] } },
{ "type": "Feature", "properties": { "from_id": "436", "population": 1652.4768548545944, "gravity_community": 3.3825679717039017, "gravity_education": 4.9198293766005339, "gravity_essential_services": 5.7843910084559456, "gravity_food_and_drink": 21.532630945860532, "gravity_healthcare": 3.1774601999751773, "gravity_shelter": 1.5484809177673649, "avg_gravity": 6.7242267367272426, "min_tt_community": 31.0, "min_tt_education": 21.0, "min_tt_essential_services": 21.0, "min_tt_food_and_drink": 21.0, "min_tt_healthcare": 23.0, "min_tt_shelter": 24.0, "avg_tt_community": 41.1, "avg_tt_education": 40.785714285714285, "avg_tt_essential_services": 34.714285714285715, "avg_tt_food_and_drink": 40.885245901639344, "avg_tt_healthcare": 44.4, "avg_tt_shelter": 45.6, "avg_tt_all": 41.247540983606555, "n_unreachable_categories": 0, "count_community": 10.0, "count_education": 14.0, "count_essential_services": 14.0, "count_food_and_drink": 61.0, "count_healthcare": 10.0, "count_shelter": 5.0, "gravity_community_per_100": 0.20469684412018843, "gravity_education_per_100": 0.29772455584761831, "gravity_essential_services_per_100": 0.35004369298503302, "gravity_food_and_drink_per_100": 1.303051893441209, "gravity_healthcare_per_100": 0.19228470224200325, "gravity_shelter_per_100": 0.093706663014267721, "shannon": 1.4137791300771649, "kl_divergence": 0.058147713522109339, "jsd": 0.11454747096451036, "city_similarity": 0.88545252903548965 }, "geometry": { "type": "MultiPolygon", "coordinates": [ [ [ [ 9.094209587593145, 45.517458099599686 ], [ 9.094116196775692, 45.517344689486983 ], [ 9.09392261505127, 45.517795562744134 ], [ 9.093909506756219, 45.517824482122464 ], [ 9.094209587593145, 45.517458099599686 ] ] ], [ [ [ 9.091002393728518, 45.513563104082891 ], [ 9.084601011354563, 45.513568024359166 ], [ 9.083032712335255, 45.515482374707211 ], [ 9.083812713623047, 45.515319824218743 ], [ 9.083943367004395, 45.515289306640611 ], [ 9.084122657775879, 45.515254974365234 ], [ 9.084257125854492, 45.515247344970696 ], [ 9.084399223327637, 45.515239715576179 ], [ 9.084578514099121, 45.515247344970696 ], [ 9.084698677062988, 45.515251159667969 ], [ 9.084812164306641, 45.51525497436522 ], [ 9.084922790527344, 45.515262603759759 ], [ 9.085102081298828, 45.515266418457024 ], [ 9.085567474365234, 45.5152587890625 ], [ 9.086446762084961, 45.515235900878892 ], [ 9.086592674255371, 45.515541076660156 ], [ 9.085982322692871, 45.515987396240234 ], [ 9.08592414855957, 45.516819000244134 ], [ 9.087492942810059, 45.517219543457024 ], [ 9.088480949401855, 45.51531982421875 ], [ 9.088617324829102, 45.515262603759766 ], [ 9.088648796081543, 45.51524734497071 ], [ 9.088746070861816, 45.515270233154297 ], [ 9.088849067687988, 45.515300750732422 ], [ 9.088955879211426, 45.515331268310547 ], [ 9.089108467102053, 45.515377044677734 ], [ 9.089312553405762, 45.515445709228516 ], [ 9.089489936828613, 45.515499114990227 ], [ 9.089709281921387, 45.515571594238281 ], [ 9.090190887451172, 45.515720367431634 ], [ 9.091610908508301, 45.516155242919929 ], [ 9.091947555541992, 45.516242980957024 ], [ 9.092066764831543, 45.516273498535163 ], [ 9.092160224914551, 45.516300201416009 ], [ 9.092302322387695, 45.516342163085938 ], [ 9.092445373535156, 45.516372680664062 ], [ 9.092575073242188, 45.516395568847642 ], [ 9.093416299807826, 45.51649474528422 ], [ 9.091002393728518, 45.513563104082891 ] ] ] ] } },
{ "type": "Feature", "properties": { "from_id": "437", "population": 0.0, "gravity_community": 2.1000143508917986, "gravity_education": 2.2534180477775325, "gravity_essential_services": 6.4053516945482425, "gravity_food_and_drink": 13.064845235550932, "gravity_healthcare": 1.5501107548571369, "gravity_shelter": 0.73149742640681781, "avg_gravity": 4.3508729183387436, "min_tt_community": 17.0, "min_tt_education": 36.0, "min_tt_essential_services": 17.0, "min_tt_food_and_drink": 19.0, "min_tt_healthcare": 18.0, "min_tt_shelter": 37.0, "avg_tt_community": 41.833333333333336, "avg_tt_education": 43.285714285714285, "avg_tt_essential_services": 33.92307692307692, "avg_tt_food_and_drink": 35.787878787878789, "avg_tt_healthcare": 38.25, "avg_tt_shelter": 37.5, "avg_tt_all": 38.430000555000554, "n_unreachable_categories": 0, "count_community": 6.0, "count_education": 7.0, "count_essential_services": 14.0, "count_food_and_drink": 33.0, "count_healthcare": 4.0, "count_shelter": 2.0, "gravity_community_per_100": 0.0, "gravity_education_per_100": 0.0, "gravity_essential_services_per_100": 0.0, "gravity_food_and_drink_per_100": 0.0, "gravity_healthcare_per_100": 0.0, "gravity_shelter_per_100": 0.0, "shannon": 1.4073069880879443, "kl_divergence": 0.085200756990115173, "jsd": 0.14142265811066246, "city_similarity": 0.85857734188933754 }, "geometry": { "type": "MultiPolygon", "coordinates": [ [ [ [ 9.065405885426484, 45.521375815967993 ], [ 9.064923710672218, 45.521963993489727 ], [ 9.06595635200244, 45.521375499462266 ], [ 9.065405885426484, 45.521375815967993 ] ] ], [ [ [ 9.067045859619885, 45.521374865199462 ], [ 9.066664695739746, 45.522232055664062 ], [ 9.067733764648438, 45.522422790527344 ], [ 9.067785263061525, 45.522281646728516 ], [ 9.067821502685547, 45.522300720214837 ], [ 9.067889213562012, 45.522327423095696 ], [ 9.067943572998047, 45.52235412597657 ], [ 9.068007469177246, 45.522380828857422 ], [ 9.068111419677734, 45.522426605224609 ], [ 9.068210601806641, 45.522457122802734 ], [ 9.068327903747559, 45.522495269775391 ], [ 9.068549156188965, 45.522548675537102 ], [ 9.068745613098145, 45.52259826660157 ], [ 9.069148063659668, 45.522682189941413 ], [ 9.069197654724121, 45.522632598876953 ], [ 9.069219589233398, 45.522613525390618 ], [ 9.069273948669434, 45.522556304931641 ], [ 9.069304466247559, 45.522514343261712 ], [ 9.069356918334961, 45.522438049316406 ], [ 9.06942081451416, 45.522331237792976 ], [ 9.069472312927246, 45.522239685058594 ], [ 9.069513320922852, 45.522148132324212 ], [ 9.069561004638672, 45.522037506103516 ], [ 9.069601058959961, 45.521934509277344 ], [ 9.069666862487793, 45.521778106689446 ], [ 9.069705009460449, 45.52166748046875 ], [ 9.06974983215332, 45.521560668945312 ], [ 9.069807052612305, 45.521450042724609 ], [ 9.069846958577815, 45.521373186823567 ], [ 9.067045859619885, 45.521374865199462 ] ] ] ] } },
{ "type": "Feature", "properties": { "from_id": "438", "population": 27.074309043980811, "gravity_community": 1.7344752295948926, "gravity_education": 1.9837413031842699, "gravity_essential_services": 4.8981224639097887, "gravity_food_and_drink": 12.237256641782182, "gravity_healthcare": 3.0498453059976196, "gravity_shelter": 0.4718609068030119, "avg_gravity": 4.062550308545295, "min_tt_community": 24.0, "min_tt_education": 32.0, "min_tt_essential_services": 23.0, "min_tt_food_and_drink": 12.0, "min_tt_healthcare": 17.0, "min_tt_shelter": 28.0, "avg_tt_community": 40.8, "avg_tt_education": 41.666666666666664, "avg_tt_essential_services": 43.25, "avg_tt_food_and_drink": 39.272727272727273, "avg_tt_healthcare": 42.888888888888886, "avg_tt_shelter": 28.0, "avg_tt_all": 39.313047138047139, "n_unreachable_categories": 0, "count_community": 5.0, "count_education": 6.0, "count_essential_services": 13.0, "count_food_and_drink": 33.0, "count_healthcare": 9.0, "count_shelter": 1.0, "gravity_community_per_100": 6.4063508574764647, "gravity_education_per_100": 7.3270246711071563, "gravity_essential_services_per_100": 18.091403388921368, "gravity_food_and_drink_per_100": 45.198777268529341, "gravity_healthcare_per_100": 11.264720739662474, "gravity_shelter_per_100": 1.742836376863758, "shannon": 1.4091424895663218, "kl_divergence": 0.06655881725836417, "jsd": 0.12659614172586267, "city_similarity": 0.87340385827413736 }, "geometry": { "type": "Polygon", "coordinates": [ [ [ 9.0942225982183, 45.525253271936542 ], [ 9.094141641131179, 45.525154974666876 ], [ 9.093552589416504, 45.52543640136718 ], [ 9.093470573425293, 45.525566101074219 ], [ 9.093375205993652, 45.525714874267571 ], [ 9.093207359313965, 45.525917053222649 ], [ 9.09296703338623, 45.526145935058594 ], [ 9.092880249023438, 45.526268005371087 ], [ 9.092761993408203, 45.526462554931634 ], [ 9.092781066894531, 45.526844024658203 ], [ 9.092815945814667, 45.526970432376466 ], [ 9.0942225982183, 45.525253271936542 ] ] ] } },
{ "type": "Feature", "properties": { "from_id": "439", "population": 0.0, "gravity_community": 1.0817025626108401, "gravity_education": 1.1762652275828698, "gravity_essential_services": 3.3195750507846098, "gravity_food_and_drink": 7.9228690426728274, "gravity_healthcare": 0.86245140325794634, "gravity_shelter": 0.47001662093549013, "avg_gravity": 2.4721466513074306, "min_tt_community": 33.0, "min_tt_education": 53.0, "min_tt_essential_services": 34.0, "min_tt_food_and_drink": 36.0, "min_tt_healthcare": 35.0, "min_tt_shelter": 53.0, "avg_tt_community": 50.25, "avg_tt_education": 54.0, "avg_tt_essential_services": 48.75, "avg_tt_food_and_drink": 50.56666666666667, "avg_tt_healthcare": 47.666666666666664, "avg_tt_shelter": 54.0, "avg_tt_all": 50.872222222222227, "n_unreachable_categories": 0, "count_community": 4.0, "count_education": 5.0, "count_essential_services": 12.0, "count_food_and_drink": 30.0, "count_healthcare": 3.0, "count_shelter": 2.0, "gravity_community_per_100": 0.0, "gravity_education_per_100": 0.0, "gravity_essential_services_per_100": 0.0, "gravity_food_and_drink_per_100": 0.0, "gravity_healthcare_per_100": 0.0, "gravity_shelter_per_100": 0.0, "shannon": 1.3444713436063052, "kl_divergence": 0.069839370868231707, "jsd": 0.12760770431523344, "city_similarity": 0.87239229568476651 }, "geometry": { "type": "Polygon", "coordinates": [ [ [ 9.055798624472214, 45.517483319982652 ], [ 9.05557986980158, 45.517217378966507 ], [ 9.05557918548584, 45.517253875732415 ], [ 9.055583953857422, 45.517337799072259 ], [ 9.055593490600586, 45.517440795898438 ], [ 9.055607795715332, 45.517543792724616 ], [ 9.055614471435547, 45.517589569091797 ], [ 9.055622100830078, 45.51763916015625 ], [ 9.055606824514262, 45.517717239117275 ], [ 9.055798624472214, 45.517483319982652 ] ] ] } },
{ "type": "Feature", "properties": { "from_id": "440", "population": 0.0, "gravity_community": 0.19470652041020778, "gravity_education": 0.0, "gravity_essential_services": 0.67300121047843364, "gravity_food_and_drink": 1.5606018534466102, "gravity_healthcare": 0.2, "gravity_shelter": 0.24131065371890606, "avg_gravity": 0.47827003967569298, "min_tt_community": 61.0, "min_tt_education": null, "min_tt_essential_services": 47.0, "min_tt_food_and_drink": 45.0, "min_tt_healthcare": 60.0, "min_tt_shelter": 53.0, "avg_tt_community": 61.0, "avg_tt_education": null, "avg_tt_essential_services": 56.333333333333336, "avg_tt_food_and_drink": 56.428571428571431, "avg_tt_healthcare": 60.0, "avg_tt_shelter": 53.0, "avg_tt_all": 57.352380952380955, "n_unreachable_categories": 1, "count_community": 1.0, "count_education": 0.0, "count_essential_services": 3.0, "count_food_and_drink": 7.0, "count_healthcare": 1.0, "count_shelter": 1.0, "gravity_community_per_100": 0.0, "gravity_education_per_100": 0.0, "gravity_essential_services_per_100": 0.0, "gravity_food_and_drink_per_100": 0.0, "gravity_healthcare_per_100": 0.0, "gravity_shelter_per_100": 0.0, "shannon": 1.2636256749043349, "kl_divergence": 0.20692389605225991, "jsd": 0.23057400778198942, "city_similarity": 0.76942599221801056 }, "geometry": { "type": "Polygon", "coordinates": [ [ [ 9.065405885426484, 45.521375815967993 ], [ 9.062200454994146, 45.517480013516185 ], [ 9.055798624472214, 45.517483319982652 ], [ 9.055606824514262, 45.517717239117275 ], [ 9.055604934692383, 45.517726898193359 ], [ 9.055493354797363, 45.518096923828118 ], [ 9.055230140686037, 45.518974304199219 ], [ 9.056710243225098, 45.519153594970696 ], [ 9.057766914367676, 45.519165039062493 ], [ 9.057614326477051, 45.520263671875 ], [ 9.057571411132812, 45.520462036132812 ], [ 9.057515144348145, 45.520671844482429 ], [ 9.057476043701172, 45.52082443237304 ], [ 9.057440757751465, 45.520988464355462 ], [ 9.057400703430176, 45.521137237548821 ], [ 9.057350158691406, 45.521270751953125 ], [ 9.05732250213623, 45.521362304687507 ], [ 9.057295799255371, 45.521411895751953 ], [ 9.057247161865234, 45.521522521972656 ], [ 9.057156562805176, 45.521686553955078 ], [ 9.057000160217285, 45.521987915039055 ], [ 9.056313514709473, 45.523899078369141 ], [ 9.057663917541504, 45.523395538330092 ], [ 9.057686805725098, 45.52339935302733 ], [ 9.057750701904297, 45.523414611816406 ], [ 9.057809829711914, 45.5234375 ], [ 9.057851791381836, 45.52344894409179 ], [ 9.057906150817871, 45.523471832275384 ], [ 9.057965278625488, 45.523490905761719 ], [ 9.058029174804688, 45.523521423339844 ], [ 9.058191299438477, 45.52357101440429 ], [ 9.058274269104004, 45.523590087890618 ], [ 9.058540344238281, 45.523639678955071 ], [ 9.058706283569336, 45.523666381835945 ], [ 9.060958862304688, 45.524223327636719 ], [ 9.064923710672218, 45.521963993489727 ], [ 9.065405885426484, 45.521375815967993 ] ] ] } },
{ "type": "Feature", "properties": { "from_id": "441", "population": 0.0, "gravity_community": 2.9983024465222048, "gravity_education": 5.7598415355571619, "gravity_essential_services": 3.4931056356758412, "gravity_food_and_drink": 13.343249547187567, "gravity_healthcare": 4.2161193687407152, "gravity_shelter": 1.0259716193148465, "avg_gravity": 5.1394316921663892, "min_tt_community": 16.0, "min_tt_education": 12.0, "min_tt_essential_services": 21.0, "min_tt_food_and_drink": 14.0, "min_tt_healthcare": 12.0, "min_tt_shelter": 48.0, "avg_tt_community": 39.375, "avg_tt_education": 41.625, "avg_tt_essential_services": 32.5, "avg_tt_food_and_drink": 34.448275862068968, "avg_tt_healthcare": 34.8, "avg_tt_shelter": 51.0, "avg_tt_all": 38.958045977011494, "n_unreachable_categories": 0, "count_community": 8.0, "count_education": 16.0, "count_essential_services": 8.0, "count_food_and_drink": 30.0, "count_healthcare": 10.0, "count_shelter": 4.0, "gravity_community_per_100": 0.0, "gravity_education_per_100": 0.0, "gravity_essential_services_per_100": 0.0, "gravity_food_and_drink_per_100": 0.0, "gravity_healthcare_per_100": 0.0, "gravity_shelter_per_100": 0.0, "shannon": 1.5907407876326354, "kl_divergence": 0.20963238897363376, "jsd": 0.2178369257245204, "city_similarity": 0.7821630742754796 }, "geometry": { "type": "Polygon", "coordinates": [ [ [ 9.110236971855198, 45.529136527847086 ], [ 9.10383382677972, 45.529142527534617 ], [ 9.101438187497221, 45.532067519818312 ], [ 9.112773403882388, 45.53221440368501 ], [ 9.110236971855198, 45.529136527847086 ] ] ] } },
{ "type": "Feature", "properties": { "from_id": "442", "population": 0.0, "gravity_community": 35.303789810590303, "gravity_education": 61.2787313913297, "gravity_essential_services": 86.047209528154241, "gravity_food_and_drink": 609.10921590031228, "gravity_healthcare": 72.817470036826691, "gravity_shelter": 12.378577050036442, "avg_gravity": 146.15583228620827, "min_tt_community": 6.0, "min_tt_education": 10.0, "min_tt_essential_services": 2.0, "min_tt_food_and_drink": 2.0, "min_tt_healthcare": 1.0, "min_tt_shelter": 2.0, "avg_tt_community": 39.702127659574465, "avg_tt_education": 40.923976608187132, "avg_tt_essential_services": 41.577235772357724, "avg_tt_food_and_drink": 41.136897767332549, "avg_tt_healthcare": 39.612244897959187, "avg_tt_shelter": 39.794117647058826, "avg_tt_all": 40.457766725411652, "n_unreachable_categories": 0, "count_community": 94.0, "count_education": 171.0, "count_essential_services": 246.0, "count_food_and_drink": 1703.0, "count_healthcare": 196.0, "count_shelter": 34.0, "gravity_community_per_100": 0.0, "gravity_education_per_100": 0.0, "gravity_essential_services_per_100": 0.0, "gravity_food_and_drink_per_100": 0.0, "gravity_healthcare_per_100": 0.0, "gravity_shelter_per_100": 0.0, "shannon": 1.0560630627389009, "kl_divergence": 0.0031083594276348123, "jsd": 0.028067593095954593, "city_similarity": 0.97193240690404537 }, "geometry": { "type": "Polygon", "coordinates": [ [ [ 9.22536862321367, 45.497786625588837 ], [ 9.218969068928468, 45.497799072240589 ], [ 9.215784177666487, 45.501702739687204 ], [ 9.218999288436015, 45.505594225051432 ], [ 9.22539972589365, 45.505581775034706 ], [ 9.228584169288723, 45.50167784301911 ], [ 9.22536862321367, 45.497786625588837 ] ] ] } },
{ "type": "Feature", "properties": { "from_id": "443", "population": 167.22462165511845, "gravity_community": 31.380221040580892, "gravity_education": 53.216762303504517, "gravity_essential_services": 90.567637930260176, "gravity_food_and_drink": 568.45669335649643, "gravity_healthcare": 64.713228605403245, "gravity_shelter": 5.7556936745214573, "avg_gravity": 135.68170615179446, "min_tt_community": 13.0, "min_tt_education": 3.0, "min_tt_essential_services": 8.0, "min_tt_food_and_drink": 7.0, "min_tt_healthcare": 8.0, "min_tt_shelter": 24.0, "avg_tt_community": 41.382022471910112, "avg_tt_education": 41.506578947368418, "avg_tt_essential_services": 41.261538461538464, "avg_tt_food_and_drink": 43.662844036697251, "avg_tt_healthcare": 41.614130434782609, "avg_tt_shelter": 46.210526315789473, "avg_tt_all": 42.606273444681058, "n_unreachable_categories": 0, "count_community": 89.0, "count_education": 152.0, "count_essential_services": 260.0, "count_food_and_drink": 1745.0, "count_healthcare": 184.0, "count_shelter": 19.0, "gravity_community_per_100": 18.765311429616499, "gravity_education_per_100": 31.823520828923129, "gravity_essential_services_per_100": 54.159272141781557, "gravity_food_and_drink_per_100": 339.93600208519109, "gravity_healthcare_per_100": 38.698385420100898, "gravity_shelter_per_100": 3.4418936742412929, "shannon": 1.004758911952357, "kl_divergence": 0.0075618537401278543, "jsd": 0.044323972280618094, "city_similarity": 0.95567602771938187 }, "geometry": { "type": "Polygon", "coordinates": [ [ [ 9.206169948101273, 45.497822889981656 ], [ 9.199770381800436, 45.497834261069798 ], [ 9.196584160035728, 45.501737395417656 ], [ 9.199797951778461, 45.505629423394062 ], [ 9.206198401257783, 45.505618049231707 ], [ 9.209384175695282, 45.501714650167493 ], [ 9.206169948101273, 45.497822889981656 ] ] ] } },
{ "type": "Feature", "properties": { "from_id": "444", "population": 0.0, "gravity_community": 27.670370530505636, "gravity_education": 50.75703540180227, "gravity_essential_services": 76.197853001686596, "gravity_food_and_drink": 481.95553214549113, "gravity_healthcare": 59.160828923208371, "gravity_shelter": 8.3790110569501568, "avg_gravity": 117.35343850994069, "min_tt_community": 9.0, "min_tt_education": 7.0, "min_tt_essential_services": 7.0, "min_tt_food_and_drink": 6.0, "min_tt_healthcare": 13.0, "min_tt_shelter": 9.0, "avg_tt_community": 40.324675324675326, "avg_tt_education": 40.93150684931507, "avg_tt_essential_services": 42.466960352422909, "avg_tt_food_and_drink": 44.893939393939391, "avg_tt_healthcare": 43.284916201117319, "avg_tt_shelter": 35.15, "avg_tt_all": 41.175333020244999, "n_unreachable_categories": 0, "count_community": 77.0, "count_education": 146.0, "count_essential_services": 227.0, "count_food_and_drink": 1519.0, "count_healthcare": 179.0, "count_shelter": 20.0, "gravity_community_per_100": 0.0, "gravity_education_per_100": 0.0, "gravity_essential_services_per_100": 0.0, "gravity_food_and_drink_per_100": 0.0, "gravity_healthcare_per_100": 0.0, "gravity_shelter_per_100": 0.0, "shannon": 1.0349268121678132, "kl_divergence": 0.0048794793205323419, "jsd": 0.035493786204836161, "city_similarity": 0.96450621379516388 }, "geometry": { "type": "Polygon", "coordinates": [ [ [ 9.215784177666487, 45.501702739687204 ], [ 9.209384175695282, 45.501714650167493 ], [ 9.206198401257783, 45.505618049231707 ], [ 9.209413076359922, 45.509509802494811 ], [ 9.215813961687585, 45.509497888794478 ], [ 9.218999288436015, 45.505594225051432 ], [ 9.215784177666487, 45.501702739687204 ] ] ] } },
{ "type": "Feature", "properties": { "from_id": "445", "population": 9155.2869072118974, "gravity_community": 26.504562613602722, "gravity_education": 51.398481707084834, "gravity_essential_services": 79.308394626337275, "gravity_food_and_drink": 452.18108340477801, "gravity_healthcare": 54.788279891725338, "gravity_shelter": 4.7967694364407611, "avg_gravity": 111.49626194666149, "min_tt_community": 5.0, "min_tt_education": 3.0, "min_tt_essential_services": 10.0, "min_tt_food_and_drink": 3.0, "min_tt_healthcare": 3.0, "min_tt_shelter": 22.0, "avg_tt_community": 39.774647887323944, "avg_tt_education": 40.780141843971634, "avg_tt_essential_services": 42.901709401709404, "avg_tt_food_and_drink": 45.152932960893857, "avg_tt_healthcare": 40.834437086092713, "avg_tt_shelter": 43.93333333333333, "avg_tt_all": 42.229533752220817, "n_unreachable_categories": 0, "count_community": 71.0, "count_education": 141.0, "count_essential_services": 234.0, "count_food_and_drink": 1433.0, "count_healthcare": 151.0, "count_shelter": 15.0, "gravity_community_per_100": 0.28950007664668898, "gravity_education_per_100": 0.56140765688726468, "gravity_essential_services_per_100": 0.86625788388852831, "gravity_food_and_drink_per_100": 4.9390159804667748, "gravity_healthcare_per_100": 0.59843323805141435, "gravity_shelter_per_100": 0.052393436547162713, "shannon": 1.02678900921084, "kl_divergence": 0.0060836962488205219, "jsd": 0.040053153368076778, "city_similarity": 0.9599468466319232 }, "geometry": { "type": "Polygon", "coordinates": [ [ [ 9.196584160035728, 45.501737395417656 ], [ 9.190184146588591, 45.501748230186379 ], [ 9.186997041642586, 45.505651095860401 ], [ 9.190210397172176, 45.509543391592175 ], [ 9.196611293981553, 45.509532553894232 ], [ 9.199797951778461, 45.505629423394062 ], [ 9.196584160035728, 45.501737395417656 ] ] ] } },
{ "type": "Feature", "properties": { "from_id": "446", "population": 5351.0825767912447, "gravity_community": 25.925887714814216, "gravity_education": 54.698247830202646, "gravity_essential_services": 75.078233447565509, "gravity_food_and_drink": 405.93884440621633, "gravity_healthcare": 53.173034801907775, "gravity_shelter": 7.428649183653679, "avg_gravity": 103.70714956406003, "min_tt_community": 8.0, "min_tt_education": 5.0, "min_tt_essential_services": 2.0, "min_tt_food_and_drink": 2.0, "min_tt_healthcare": 5.0, "min_tt_shelter": 4.0, "avg_tt_community": 39.74285714285714, "avg_tt_education": 40.551020408163268, "avg_tt_essential_services": 43.027397260273972, "avg_tt_food_and_drink": 44.414731785428344, "avg_tt_healthcare": 40.945578231292515, "avg_tt_shelter": 35.444444444444443, "avg_tt_all": 40.687671545409955, "n_unreachable_categories": 0, "count_community": 70.0, "count_education": 148.0, "count_essential_services": 219.0, "count_food_and_drink": 1250.0, "count_healthcare": 147.0, "count_shelter": 18.0, "gravity_community_per_100": 0.48449799349500178, "gravity_education_per_100": 1.0221903146746472, "gravity_essential_services_per_100": 1.403047558510784, "gravity_food_and_drink_per_100": 7.5861068967026837, "gravity_healthcare_per_100": 0.99368742752224104, "gravity_shelter_per_100": 0.13882516438586226, "shannon": 1.0896625543527594, "kl_divergence": 0.0021011482773528219, "jsd": 0.023418659268718955, "city_similarity": 0.976581340731281 }, "geometry": { "type": "Polygon", "coordinates": [ [ [ 9.206198401257783, 45.505618049231707 ], [ 9.199797951778461, 45.505629423394062 ], [ 9.196611293981553, 45.509532553894232 ], [ 9.199825533054351, 45.513424575021041 ], [ 9.206226866074068, 45.513413197783635 ], [ 9.209413076359922, 45.509509802494811 ], [ 9.206198401257783, 45.505618049231707 ] ] ] } },
{ "type": "Feature", "properties": { "from_id": "447", "population": 2178.8087590448158, "gravity_community": 24.985512234471134, "gravity_education": 51.114318897262635, "gravity_essential_services": 57.837854560255714, "gravity_food_and_drink": 372.15766439801575, "gravity_healthcare": 51.03832000477037, "gravity_shelter": 13.192441203778014, "avg_gravity": 95.054351883092281, "min_tt_community": 9.0, "min_tt_education": 9.0, "min_tt_essential_services": 6.0, "min_tt_food_and_drink": 1.0, "min_tt_healthcare": 5.0, "min_tt_shelter": 10.0, "avg_tt_community": 40.857142857142854, "avg_tt_education": 40.986013986013987, "avg_tt_essential_services": 43.433526011560694, "avg_tt_food_and_drink": 41.554820415879014, "avg_tt_healthcare": 41.25, "avg_tt_shelter": 32.586206896551722, "avg_tt_all": 40.111285027858045, "n_unreachable_categories": 0, "count_community": 70.0, "count_education": 143.0, "count_essential_services": 173.0, "count_food_and_drink": 1059.0, "count_healthcare": 144.0, "count_shelter": 29.0, "gravity_community_per_100": 1.1467510459901364, "gravity_education_per_100": 2.3459754641187978, "gravity_essential_services_per_100": 2.6545631561354508, "gravity_food_and_drink_per_100": 17.080786133849063, "gravity_healthcare_per_100": 2.3424873703530289, "gravity_shelter_per_100": 0.60548871712639651, "shannon": 1.1541341855560874, "kl_divergence": 0.001695217331573426, "jsd": 0.020449700769102051, "city_similarity": 0.97955029923089798 }, "geometry": { "type": "Polygon", "coordinates": [ [ [ 9.22539972589365, 45.505581775034706 ], [ 9.218999288436015, 45.505594225051432 ], [ 9.215813961687585, 45.509497888794478 ], [ 9.219029520327155, 45.513389367162404 ], [ 9.225430841319131, 45.513376913779766 ], [ 9.228615720016533, 45.509472985395483 ], [ 9.22539972589365, 45.505581775034706 ] ] ] } },
{ "type": "Feature", "properties": { "from_id": "448", "population": 7923.3427432441013, "gravity_community": 22.491845195622879, "gravity_education": 47.054995290660777, "gravity_essential_services": 55.032421907658964, "gravity_food_and_drink": 276.0636555514443, "gravity_healthcare": 42.727385640586391, "gravity_shelter": 6.569021718808604, "avg_gravity": 74.989887550796979, "min_tt_community": 4.0, "min_tt_education": 4.0, "min_tt_essential_services": 4.0, "min_tt_food_and_drink": 5.0, "min_tt_healthcare": 4.0, "min_tt_shelter": 14.0, "avg_tt_community": 42.015873015873019, "avg_tt_education": 38.528925619834709, "avg_tt_essential_services": 41.209150326797385, "avg_tt_food_and_drink": 43.636038186157521, "avg_tt_healthcare": 40.796610169491522, "avg_tt_shelter": 40.944444444444443, "avg_tt_all": 41.188506960433102, "n_unreachable_categories": 0, "count_community": 63.0, "count_education": 121.0, "count_essential_services": 153.0, "count_food_and_drink": 838.0, "count_healthcare": 118.0, "count_shelter": 18.0, "gravity_community_per_100": 0.2838681339993871, "gravity_education_per_100": 0.59387807413458893, "gravity_essential_services_per_100": 0.694560663232482, "gravity_food_and_drink_per_100": 3.4841816705055715, "gravity_healthcare_per_100": 0.53925959061935347, "gravity_shelter_per_100": 0.082907201312346746, "shannon": 1.178144423394424, "kl_divergence": 0.0020576049559697376, "jsd": 0.022451282446940612, "city_similarity": 0.97754871755305939 }, "geometry": { "type": "Polygon", "coordinates": [ [ [ 9.196611293981553, 45.509532553894232 ], [ 9.190210397172176, 45.509543391592175 ], [ 9.187022855832058, 45.513446253346629 ], [ 9.19023665851347, 45.517338542301928 ], [ 9.196638439047087, 45.517327701673949 ], [ 9.199825533054351, 45.513424575021041 ], [ 9.196611293981553, 45.509532553894232 ] ] ] } },
{ "type": "Feature", "properties": { "from_id": "449", "population": 9312.7994993830289, "gravity_community": 21.023509947539797, "gravity_education": 48.968670054327177, "gravity_essential_services": 51.83434871785974, "gravity_food_and_drink": 303.67087362769149, "gravity_healthcare": 44.331145903565954, "gravity_shelter": 10.989598129693793, "avg_gravity": 80.136357730112977, "min_tt_community": 11.0, "min_tt_education": 2.0, "min_tt_essential_services": 4.0, "min_tt_food_and_drink": 2.0, "min_tt_healthcare": 3.0, "min_tt_shelter": 2.0, "avg_tt_community": 41.655737704918032, "avg_tt_education": 40.970588235294116, "avg_tt_essential_services": 42.228187919463089, "avg_tt_food_and_drink": 43.287981859410429, "avg_tt_healthcare": 41.224, "avg_tt_shelter": 31.869565217391305, "avg_tt_all": 40.206010156079493, "n_unreachable_categories": 0, "count_community": 61.0, "count_education": 136.0, "count_essential_services": 149.0, "count_food_and_drink": 883.0, "count_healthcare": 125.0, "count_shelter": 23.0, "gravity_community_per_100": 0.22574855121634047, "gravity_education_per_100": 0.52582115675926822, "gravity_essential_services_per_100": 0.55659255545331732, "gravity_food_and_drink_per_100": 3.2607904169719282, "gravity_healthcare_per_100": 0.47602384123595581, "gravity_shelter_per_100": 0.11800531226321205, "shannon": 1.1784220449596121, "kl_divergence": 0.0037431025373758299, "jsd": 0.030115438062756808, "city_similarity": 0.96988456193724315 }, "geometry": { "type": "Polygon", "coordinates": [ [ [ 9.215813961687585, 45.509497888794478 ], [ 9.209413076359922, 45.509509802494811 ], [ 9.206226866074068, 45.513413197783635 ], [ 9.209441988868278, 45.517304944123602 ], [ 9.215843757914399, 45.517293027202335 ], [ 9.219029520327155, 45.513389367162404 ], [ 9.215813961687585, 45.509497888794478 ] ] ] } },
{ "type": "Feature", "properties": { "from_id": "450", "population": 6597.220482771575, "gravity_community": 17.413952035093629, "gravity_education": 38.508236384588372, "gravity_essential_services": 34.844757858532127, "gravity_food_and_drink": 220.93167505005997, "gravity_healthcare": 33.784366536215693, "gravity_shelter": 12.0980772005692, "avg_gravity": 59.596844177509837, "min_tt_community": 7.0, "min_tt_education": 4.0, "min_tt_essential_services": 8.0, "min_tt_food_and_drink": 3.0, "min_tt_healthcare": 6.0, "min_tt_shelter": 7.0, "avg_tt_community": 44.018867924528301, "avg_tt_education": 41.296296296296298, "avg_tt_essential_services": 40.96907216494845, "avg_tt_food_and_drink": 42.504643962848299, "avg_tt_healthcare": 41.315789473684212, "avg_tt_shelter": 34.185185185185183, "avg_tt_all": 40.714975834581793, "n_unreachable_categories": 0, "count_community": 53.0, "count_education": 108.0, "count_essential_services": 97.0, "count_food_and_drink": 646.0, "count_healthcare": 95.0, "count_shelter": 27.0, "gravity_community_per_100": 0.26395892149685757, "gravity_education_per_100": 0.58370394752079857, "gravity_essential_services_per_100": 0.5281733110107214, "gravity_food_and_drink_per_100": 3.3488599574171545, "gravity_healthcare_per_100": 0.51210000672923484, "gravity_shelter_per_100": 0.18338142907551647, "shannon": 1.2203772288847023, "kl_divergence": 0.011854836171422417, "jsd": 0.053201124171238463, "city_similarity": 0.94679887582876154 }, "geometry": { "type": "Polygon", "coordinates": [ [ [ 9.225430841319131, 45.513376913779766 ], [ 9.219029520327155, 45.513389367162404 ], [ 9.215843757914399, 45.517293027202335 ], [ 9.219059764608128, 45.521184498573547 ], [ 9.22546196949653, 45.521172041824066 ], [ 9.228647283674052, 45.517268117070607 ], [ 9.225430841319131, 45.513376913779766 ] ] ] } },
{ "type": "Feature", "properties": { "from_id": "451", "population": 6203.2850809772426, "gravity_community": 18.774345518811863, "gravity_education": 42.855180304924389, "gravity_essential_services": 47.585814570851426, "gravity_food_and_drink": 230.4322453308931, "gravity_healthcare": 38.007227742626768, "gravity_shelter": 7.4554786632538166, "avg_gravity": 64.185048688560229, "min_tt_community": 7.0, "min_tt_education": 4.0, "min_tt_essential_services": 8.0, "min_tt_food_and_drink": 3.0, "min_tt_healthcare": 3.0, "min_tt_shelter": 14.0, "avg_tt_community": 42.137254901960787, "avg_tt_education": 37.299065420560744, "avg_tt_essential_services": 42.229629629629628, "avg_tt_food_and_drink": 44.402017291066279, "avg_tt_healthcare": 42.166666666666664, "avg_tt_shelter": 32.823529411764703, "avg_tt_all": 40.176360553608134, "n_unreachable_categories": 0, "count_community": 52.0, "count_education": 107.0, "count_essential_services": 135.0, "count_food_and_drink": 694.0, "count_healthcare": 108.0, "count_shelter": 17.0, "gravity_community_per_100": 0.30265166397695564, "gravity_education_per_100": 0.69084653930128803, "gravity_essential_services_per_100": 0.76710668540409777, "gravity_food_and_drink_per_100": 3.714680887994779, "gravity_healthcare_per_100": 0.61269516468263374, "gravity_shelter_per_100": 0.12018597510722992, "shannon": 1.2089025877834529, "kl_divergence": 0.0043280615427943696, "jsd": 0.032543979768925348, "city_similarity": 0.96745602023107469 }, "geometry": { "type": "Polygon", "coordinates": [ [ [ 9.206226866074068, 45.513413197783635 ], [ 9.199825533054351, 45.513424575021041 ], [ 9.196638439047087, 45.517327701673949 ], [ 9.199853125633801, 45.521219715950799 ], [ 9.206255342556005, 45.521208335637503 ], [ 9.209441988868278, 45.517304944123602 ], [ 9.206226866074068, 45.513413197783635 ] ] ] } },
{ "type": "Feature", "properties": { "from_id": "452", "population": 3879.9167519748303, "gravity_community": 24.264301466859454, "gravity_education": 48.163717636396292, "gravity_essential_services": 66.666363673565684, "gravity_food_and_drink": 354.84640128610204, "gravity_healthcare": 44.823783663953911, "gravity_shelter": 3.1531859186109878, "avg_gravity": 90.319625607581386, "min_tt_community": 8.0, "min_tt_education": 5.0, "min_tt_essential_services": 7.0, "min_tt_food_and_drink": 2.0, "min_tt_healthcare": 9.0, "min_tt_shelter": 8.0, "avg_tt_community": 42.75, "avg_tt_education": 40.511278195488721, "avg_tt_essential_services": 43.919191919191917, "avg_tt_food_and_drink": 43.615019011406844, "avg_tt_healthcare": 42.335877862595417, "avg_tt_shelter": 39.0, "avg_tt_all": 42.021894498113816, "n_unreachable_categories": 0, "count_community": 72.0, "count_education": 133.0, "count_essential_services": 199.0, "count_food_and_drink": 1052.0, "count_healthcare": 131.0, "count_shelter": 8.0, "gravity_community_per_100": 0.62538201250089243, "gravity_education_per_100": 1.2413595629824157, "gravity_essential_services_per_100": 1.7182421153658338, "gravity_food_and_drink_per_100": 9.1457220339969805, "gravity_healthcare_per_100": 1.1552769435359445, "gravity_shelter_per_100": 0.081269422005151387, "shannon": 1.1130126236266036, "kl_divergence": 0.0049633067993239167, "jsd": 0.03759306104841427, "city_similarity": 0.96240693895158569 }, "geometry": { "type": "Polygon", "coordinates": [ [ [ 9.177384109062633, 45.501768824008444 ], [ 9.170984085225026, 45.501778583060783 ], [ 9.167795650305266, 45.505680914906058 ], [ 9.171007685711311, 45.50957375267258 ], [ 9.177408592916388, 45.50956399098186 ], [ 9.180596581227308, 45.505661394163319 ], [ 9.177384109062633, 45.501768824008444 ] ] ] } },
{ "type": "Feature", "properties": { "from_id": "453", "population": 4758.0473407077925, "gravity_community": 18.119008751950446, "gravity_education": 35.990506804749756, "gravity_essential_services": 37.461283980474867, "gravity_food_and_drink": 186.55506339193241, "gravity_healthcare": 29.700321632919724, "gravity_shelter": 2.5237926274147808, "avg_gravity": 51.724996198240326, "min_tt_community": 17.0, "min_tt_education": 17.0, "min_tt_essential_services": 18.0, "min_tt_food_and_drink": 6.0, "min_tt_healthcare": 18.0, "min_tt_shelter": 15.0, "avg_tt_community": 44.561403508771932, "avg_tt_education": 41.980952380952381, "avg_tt_essential_services": 43.572727272727271, "avg_tt_food_and_drink": 43.835714285714289, "avg_tt_healthcare": 44.602150537634408, "avg_tt_shelter": 35.666666666666664, "avg_tt_all": 42.369935775411157, "n_unreachable_categories": 0, "count_community": 57.0, "count_education": 105.0, "count_essential_services": 111.0, "count_food_and_drink": 560.0, "count_healthcare": 93.0, "count_shelter": 6.0, "gravity_community_per_100": 0.38080766025449253, "gravity_education_per_100": 0.75641338195252006, "gravity_essential_services_per_100": 0.78732474265172481, "gravity_food_and_drink_per_100": 3.920832434680674, "gravity_healthcare_per_100": 0.62421240282366752, "gravity_shelter_per_100": 0.053042612792485351, "shannon": 1.2388301117776559, "kl_divergence": 0.016708568611394671, "jsd": 0.064279112528815574, "city_similarity": 0.93572088747118443 }, "geometry": { "type": "Polygon", "coordinates": [ [ [ 9.167795650305266, 45.505680914906058 ], [ 9.161395180039776, 45.505690137344928 ], [ 9.15820586175014, 45.509592200043379 ], [ 9.161417460035594, 45.513485305386197 ], [ 9.167818813851948, 45.513476080453998 ], [ 9.171007685711311, 45.50957375267258 ], [ 9.167795650305266, 45.505680914906058 ] ] ] } },
{ "type": "Feature", "properties": { "from_id": "454", "population": 5498.8486472004561, "gravity_community": 19.826363093786615, "gravity_education": 43.407103444823967, "gravity_essential_services": 52.047960125263003, "gravity_food_and_drink": 265.24921971584314, "gravity_healthcare": 38.897108766067298, "gravity_shelter": 3.8674774096951388, "avg_gravity": 70.549205425913186, "min_tt_community": 8.0, "min_tt_education": 4.0, "min_tt_essential_services": 3.0, "min_tt_food_and_drink": 6.0, "min_tt_healthcare": 6.0, "min_tt_shelter": 24.0, "avg_tt_community": 41.071428571428569, "avg_tt_education": 41.057377049180324, "avg_tt_essential_services": 41.786666666666669, "avg_tt_food_and_drink": 43.092384519350809, "avg_tt_healthcare": 39.766355140186917, "avg_tt_shelter": 43.833333333333336, "avg_tt_all": 41.767924213357773, "n_unreachable_categories": 0, "count_community": 56.0, "count_education": 122.0, "count_essential_services": 150.0, "count_food_and_drink": 802.0, "count_healthcare": 107.0, "count_shelter": 12.0, "gravity_community_per_100": 0.36055480639352577, "gravity_education_per_100": 0.78938531008528778, "gravity_essential_services_per_100": 0.94652469025059227, "gravity_food_and_drink_per_100": 4.8237228688024612, "gravity_healthcare_per_100": 0.70736823763771672, "gravity_shelter_per_100": 0.070332494269761875, "shannon": 1.1605402845764738, "kl_divergence": 0.003930209064096705, "jsd": 0.031244414052223658, "city_similarity": 0.96875558594777633 }, "geometry": { "type": "Polygon", "coordinates": [ [ [ 9.186997041642586, 45.505651095860401 ], [ 9.180596581227308, 45.505661394163319 ], [ 9.177408592916388, 45.50956399098186 ], [ 9.18062151187088, 45.513456554433731 ], [ 9.187022855832058, 45.513446253346629 ], [ 9.190210397172176, 45.509543391592175 ], [ 9.186997041642586, 45.505651095860401 ] ] ] } },
{ "type": "Feature", "properties": { "from_id": "455", "population": 9863.7458702421009, "gravity_community": 20.254863625851236, "gravity_education": 43.173824588220555, "gravity_essential_services": 45.14593077731579, "gravity_food_and_drink": 232.43324031943271, "gravity_healthcare": 36.273475596939932, "gravity_shelter": 3.7848678953692612, "avg_gravity": 63.511033800521581, "min_tt_community": 11.0, "min_tt_education": 9.0, "min_tt_essential_services": 2.0, "min_tt_food_and_drink": 1.0, "min_tt_healthcare": 5.0, "min_tt_shelter": 2.0, "avg_tt_community": 42.525423728813557, "avg_tt_education": 39.568965517241381, "avg_tt_essential_services": 40.29032258064516, "avg_tt_food_and_drink": 42.142642642642642, "avg_tt_healthcare": 39.806122448979593, "avg_tt_shelter": 35.777777777777779, "avg_tt_all": 40.018542449350015, "n_unreachable_categories": 0, "count_community": 59.0, "count_education": 116.0, "count_essential_services": 124.0, "count_food_and_drink": 667.0, "count_healthcare": 98.0, "count_shelter": 9.0, "gravity_community_per_100": 0.20534656805137347, "gravity_education_per_100": 0.43770211800033809, "gravity_essential_services_per_100": 0.45769559933124782, "gravity_food_and_drink_per_100": 2.3564398695698325, "gravity_healthcare_per_100": 0.3677454394518947, "gravity_shelter_per_100": 0.038371506577311726, "shannon": 1.2035922335284022, "kl_divergence": 0.0095230857992401642, "jsd": 0.048322765038829464, "city_similarity": 0.95167723496117052 }, "geometry": { "type": "Polygon", "coordinates": [ [ [ 9.177408592916388, 45.50956399098186 ], [ 9.171007685711311, 45.50957375267258 ], [ 9.167818813851948, 45.513476080453998 ], [ 9.171031295869286, 45.517368911590616 ], [ 9.177433086803841, 45.517359147260777 ], [ 9.18062151187088, 45.513456554433731 ], [ 9.177408592916388, 45.50956399098186 ] ] ] } },
{ "type": "Feature", "properties": { "from_id": "456", "population": 566.52881117804372, "gravity_community": 15.189256807168583, "gravity_education": 30.555532015472068, "gravity_essential_services": 25.295625397762159, "gravity_food_and_drink": 103.81501186479514, "gravity_healthcare": 22.235775920144995, "gravity_shelter": 2.6953625000347641, "avg_gravity": 33.297760750896288, "min_tt_community": 6.0, "min_tt_education": 10.0, "min_tt_essential_services": 11.0, "min_tt_food_and_drink": 7.0, "min_tt_healthcare": 12.0, "min_tt_shelter": 24.0, "avg_tt_community": 41.19047619047619, "avg_tt_education": 40.156626506024097, "avg_tt_essential_services": 40.575757575757578, "avg_tt_food_and_drink": 42.321070234113712, "avg_tt_healthcare": 40.466666666666669, "avg_tt_shelter": 43.0, "avg_tt_all": 41.285099528839709, "n_unreachable_categories": 0, "count_community": 42.0, "count_education": 83.0, "count_essential_services": 67.0, "count_food_and_drink": 299.0, "count_healthcare": 60.0, "count_shelter": 8.0, "gravity_community_per_100": 2.6811093288590113, "gravity_education_per_100": 5.3934648004811434, "gravity_essential_services_per_100": 4.4650201187760015, "gravity_food_and_drink_per_100": 18.324754154854283, "gravity_healthcare_per_100": 3.9249152878752587, "gravity_shelter_per_100": 0.47576794804663325, "shannon": 1.3669560313068629, "kl_divergence": 0.049601969921843736, "jsd": 0.1076443595007361, "city_similarity": 0.89235564049926386 }, "geometry": { "type": "Polygon", "coordinates": [ [ [ 9.167818813851948, 45.513476080453998 ], [ 9.161417460035594, 45.513485305386197 ], [ 9.158227704444347, 45.517387363948743 ], [ 9.161439749162387, 45.521280462734751 ], [ 9.167841986891705, 45.521271235308525 ], [ 9.171031295869286, 45.517368911590616 ], [ 9.167818813851948, 45.513476080453998 ] ] ] } },
{ "type": "Feature", "properties": { "from_id": "457", "population": 1102.7715033696502, "gravity_community": 15.542827297444948, "gravity_education": 41.009872118173305, "gravity_essential_services": 39.166731428772877, "gravity_food_and_drink": 179.28349883049538, "gravity_healthcare": 30.784384032187969, "gravity_shelter": 4.7694129384253872, "avg_gravity": 51.759454440916642, "min_tt_community": 9.0, "min_tt_education": 5.0, "min_tt_essential_services": 11.0, "min_tt_food_and_drink": 5.0, "min_tt_healthcare": 10.0, "min_tt_shelter": 19.0, "avg_tt_community": 38.68292682926829, "avg_tt_education": 38.056603773584904, "avg_tt_essential_services": 41.781818181818181, "avg_tt_food_and_drink": 43.448339483394832, "avg_tt_healthcare": 39.313253012048193, "avg_tt_shelter": 39.769230769230766, "avg_tt_all": 40.175362008224191, "n_unreachable_categories": 0, "count_community": 41.0, "count_education": 106.0, "count_essential_services": 111.0, "count_food_and_drink": 542.0, "count_healthcare": 83.0, "count_shelter": 13.0, "gravity_community_per_100": 1.4094331645270104, "gravity_education_per_100": 3.7188004942875961, "gravity_essential_services_per_100": 3.5516633599158345, "gravity_food_and_drink_per_100": 16.257538237311465, "gravity_healthcare_per_100": 2.7915469286359507, "gravity_shelter_per_100": 0.43249330653284707, "shannon": 1.2382516460371902, "kl_divergence": 0.01255402780155894, "jsd": 0.054534738326718527, "city_similarity": 0.94546526167328149 }, "geometry": { "type": "Polygon", "coordinates": [ [ [ 9.187022855832058, 45.513446253346629 ], [ 9.18062151187088, 45.513456554433731 ], [ 9.177433086803841, 45.517359147260777 ], [ 9.180646452731722, 45.521251704009295 ], [ 9.187048680600901, 45.521241400137242 ], [ 9.19023665851347, 45.517338542301928 ], [ 9.187022855832058, 45.513446253346629 ] ] ] } },
{ "type": "Feature", "properties": { "from_id": "458", "population": 9640.6015217800577, "gravity_community": 15.45152448282423, "gravity_education": 35.922743338930601, "gravity_essential_services": 32.394952035064208, "gravity_food_and_drink": 131.51838210645417, "gravity_healthcare": 27.681003983193712, "gravity_shelter": 2.9972460771482772, "avg_gravity": 40.994308670602528, "min_tt_community": 14.0, "min_tt_education": 7.0, "min_tt_essential_services": 5.0, "min_tt_food_and_drink": 5.0, "min_tt_healthcare": 4.0, "min_tt_shelter": 22.0, "avg_tt_community": 44.191489361702125, "avg_tt_education": 40.484536082474229, "avg_tt_essential_services": 44.422680412371136, "avg_tt_food_and_drink": 44.591478696741852, "avg_tt_healthcare": 42.46153846153846, "avg_tt_shelter": 38.5, "avg_tt_all": 42.441953835804632, "n_unreachable_categories": 0, "count_community": 47.0, "count_education": 97.0, "count_essential_services": 97.0, "count_food_and_drink": 400.0, "count_healthcare": 78.0, "count_shelter": 8.0, "gravity_community_per_100": 0.16027552272455331, "gravity_education_per_100": 0.37261931486094407, "gravity_essential_services_per_100": 0.33602625273824976, "gravity_food_and_drink_per_100": 1.3642134446624279, "gravity_healthcare_per_100": 0.28712942777125222, "gravity_shelter_per_100": 0.03108982432659306, "shannon": 1.3323989587176799, "kl_divergence": 0.034803895662657396, "jsd": 0.091109922145045402, "city_similarity": 0.90889007785495457 }, "geometry": { "type": "Polygon", "coordinates": [ [ [ 9.177433086803841, 45.517359147260777 ], [ 9.171031295869286, 45.517368911590616 ], [ 9.167841986891705, 45.521271235308525 ], [ 9.171054915703822, 45.525164059814919 ], [ 9.177457590730045, 45.52515429284523 ], [ 9.180646452731722, 45.521251704009295 ], [ 9.177433086803841, 45.517359147260777 ] ] ] } },
{ "type": "Feature", "properties": { "from_id": "459", "population": 2936.0378346796829, "gravity_community": 9.787985243204222, "gravity_education": 29.244137783370874, "gravity_essential_services": 20.947754841984796, "gravity_food_and_drink": 89.913759626361767, "gravity_healthcare": 18.353152643123984, "gravity_shelter": 3.3830466571422964, "avg_gravity": 28.604972799197991, "min_tt_community": 13.0, "min_tt_education": 13.0, "min_tt_essential_services": 15.0, "min_tt_food_and_drink": 9.0, "min_tt_healthcare": 16.0, "min_tt_shelter": 19.0, "avg_tt_community": 42.551724137931032, "avg_tt_education": 41.265060240963855, "avg_tt_essential_services": 40.65, "avg_tt_food_and_drink": 44.666666666666664, "avg_tt_healthcare": 40.865384615384613, "avg_tt_shelter": 43.5, "avg_tt_all": 42.249805943491026, "n_unreachable_categories": 0, "count_community": 29.0, "count_education": 83.0, "count_essential_services": 60.0, "count_food_and_drink": 280.0, "count_healthcare": 52.0, "count_shelter": 10.0, "gravity_community_per_100": 0.33337394796453895, "gravity_education_per_100": 0.99604090376312748, "gravity_essential_services_per_100": 0.71347019423781244, "gravity_food_and_drink_per_100": 3.0624182891761409, "gravity_healthcare_per_100": 0.62509932352851594, "gravity_shelter_per_100": 0.11522489993768699, "shannon": 1.346683117520056, "kl_divergence": 0.049243907675498473, "jsd": 0.10607337693081208, "city_similarity": 0.89392662306918791 }, "geometry": { "type": "Polygon", "coordinates": [ [ [ 9.187048680600901, 45.521241400137242 ], [ 9.180646452731722, 45.521251704009295 ], [ 9.177457590730045, 45.52515429284523 ], [ 9.180671403814983, 45.529046842890082 ], [ 9.187074515954441, 45.529036536232297 ], [ 9.190262930617889, 45.525133682315712 ], [ 9.187048680600901, 45.521241400137242 ] ] ] } },
{ "type": "Feature", "properties": { "from_id": "460", "population": 2228.7862760299622, "gravity_community": 11.998912658037804, "gravity_education": 26.841564333724932, "gravity_essential_services": 19.404794236346522, "gravity_food_and_drink": 73.960944455085937, "gravity_healthcare": 19.06956070384145, "gravity_shelter": 3.0573369277801068, "avg_gravity": 25.722185552469458, "min_tt_community": 5.0, "min_tt_education": 3.0, "min_tt_essential_services": 2.0, "min_tt_food_and_drink": 4.0, "min_tt_healthcare": 4.0, "min_tt_shelter": 5.0, "avg_tt_community": 41.030303030303031, "avg_tt_education": 40.791666666666664, "avg_tt_essential_services": 41.03846153846154, "avg_tt_food_and_drink": 42.588785046728972, "avg_tt_healthcare": 36.651162790697676, "avg_tt_shelter": 44.666666666666664, "avg_tt_all": 41.12784095658742, "n_unreachable_categories": 0, "count_community": 33.0, "count_education": 72.0, "count_essential_services": 52.0, "count_food_and_drink": 214.0, "count_healthcare": 44.0, "count_shelter": 9.0, "gravity_community_per_100": 0.53836084630828462, "gravity_education_per_100": 1.2043130659228849, "gravity_essential_services_per_100": 0.870644011273769, "gravity_food_and_drink_per_100": 3.3184404108423209, "gravity_healthcare_per_100": 0.85560293101809692, "gravity_shelter_per_100": 0.1371749709992833, "shannon": 1.4191494565044054, "kl_divergence": 0.074193406165848574, "jsd": 0.13081229406174325, "city_similarity": 0.86918770593825678 }, "geometry": { "type": "Polygon", "coordinates": [ [ [ 9.167841986891705, 45.521271235308525 ], [ 9.161439749162387, 45.521280462734751 ], [ 9.158249556090732, 45.52518251716176 ], [ 9.161462047424756, 45.529075609390631 ], [ 9.167865169429319, 45.529066379469725 ], [ 9.171054915703822, 45.525164059814919 ], [ 9.167841986891705, 45.521271235308525 ] ] ] } },
{ "type": "Feature", "properties": { "from_id": "461", "population": 8140.5722011595653, "gravity_community": 8.6223880627275378, "gravity_education": 24.515748966634934, "gravity_essential_services": 15.603704751226037, "gravity_food_and_drink": 62.103090478779336, "gravity_healthcare": 14.646717399835278, "gravity_shelter": 2.1233350797428305, "avg_gravity": 21.269164123157658, "min_tt_community": 18.0, "min_tt_education": 7.0, "min_tt_essential_services": 11.0, "min_tt_food_and_drink": 7.0, "min_tt_healthcare": 7.0, "min_tt_shelter": 23.0, "avg_tt_community": 44.777777777777779, "avg_tt_education": 42.9, "avg_tt_essential_services": 43.152173913043477, "avg_tt_food_and_drink": 45.099476439790578, "avg_tt_healthcare": 37.864864864864863, "avg_tt_shelter": 40.5, "avg_tt_all": 42.38238216591278, "n_unreachable_categories": 0, "count_community": 27.0, "count_education": 70.0, "count_essential_services": 46.0, "count_food_and_drink": 192.0, "count_healthcare": 37.0, "count_shelter": 6.0, "gravity_community_per_100": 0.10591869772372195, "gravity_education_per_100": 0.30115510753829866, "gravity_essential_services_per_100": 0.19167823054260735, "gravity_food_and_drink_per_100": 0.76288360257935195, "gravity_healthcare_per_100": 0.17992245554617106, "gravity_shelter_per_100": 0.026083364010215115, "shannon": 1.3944354726295662, "kl_divergence": 0.080718907243218882, "jsd": 0.13493123145537539, "city_similarity": 0.86506876854462456 }, "geometry": { "type": "Polygon", "coordinates": [ [ [ 9.180671403814983, 45.529046842890082 ], [ 9.177457590730045, 45.52515429284523 ], [ 9.171054915703822, 45.525164059814919 ], [ 9.167865169429319, 45.529066379469725 ], [ 9.169774307676299, 45.531379265547777 ], [ 9.180327883222628, 45.529467222036281 ], [ 9.180671403814983, 45.529046842890082 ] ] ] } },
{ "type": "Feature", "properties": { "from_id": "462", "population": 537.46324251209091, "gravity_community": 12.861662001282802, "gravity_education": 32.224096926484584, "gravity_essential_services": 29.940249166510444, "gravity_food_and_drink": 147.76280870615247, "gravity_healthcare": 26.524582749593332, "gravity_shelter": 6.9375727562384393, "avg_gravity": 42.708495384377017, "min_tt_community": 16.0, "min_tt_education": 8.0, "min_tt_essential_services": 5.0, "min_tt_food_and_drink": 5.0, "min_tt_healthcare": 10.0, "min_tt_shelter": 9.0, "avg_tt_community": 45.368421052631582, "avg_tt_education": 37.3375, "avg_tt_essential_services": 36.547945205479451, "avg_tt_food_and_drink": 38.49465240641711, "avg_tt_healthcare": 42.381578947368418, "avg_tt_shelter": 35.294117647058826, "avg_tt_all": 39.237369209825893, "n_unreachable_categories": 0, "count_community": 39.0, "count_education": 80.0, "count_essential_services": 73.0, "count_food_and_drink": 374.0, "count_healthcare": 76.0, "count_shelter": 17.0, "gravity_community_per_100": 2.3930309989512377, "gravity_education_per_100": 5.9955908381510694, "gravity_essential_services_per_100": 5.5706598699792762, "gravity_food_and_drink_per_100": 27.492635220133842, "gravity_healthcare_per_100": 4.935143587795519, "gravity_shelter_per_100": 1.2907994831074183, "shannon": 1.3319729994114948, "kl_divergence": 0.028135642928131428, "jsd": 0.081870366772937866, "city_similarity": 0.91812963322706209 }, "geometry": { "type": "Polygon", "coordinates": [ [ [ 9.215843757914399, 45.517293027202335 ], [ 9.209441988868278, 45.517304944123602 ], [ 9.206255342556005, 45.521208335637503 ], [ 9.209470913226314, 45.525100075053935 ], [ 9.215873566353075, 45.525088154910875 ], [ 9.219059764608128, 45.521184498573547 ], [ 9.215843757914399, 45.517293027202335 ] ] ] } },
{ "type": "Feature", "properties": { "from_id": "463", "population": 7996.8976372819661, "gravity_community": 12.375044620029099, "gravity_education": 33.890848020899789, "gravity_essential_services": 31.837221715267873, "gravity_food_and_drink": 143.01698134683164, "gravity_healthcare": 26.002261789143731, "gravity_shelter": 5.3486518778231531, "avg_gravity": 42.078501561665881, "min_tt_community": 8.0, "min_tt_education": 6.0, "min_tt_essential_services": 8.0, "min_tt_food_and_drink": 2.0, "min_tt_healthcare": 6.0, "min_tt_shelter": 4.0, "avg_tt_community": 41.685714285714283, "avg_tt_education": 40.236559139784944, "avg_tt_essential_services": 42.088888888888889, "avg_tt_food_and_drink": 44.322799097065463, "avg_tt_healthcare": 42.79220779220779, "avg_tt_shelter": 40.642857142857146, "avg_tt_all": 41.961504391086415, "n_unreachable_categories": 0, "count_community": 35.0, "count_education": 93.0, "count_essential_services": 91.0, "count_food_and_drink": 443.0, "count_healthcare": 77.0, "count_shelter": 14.0, "gravity_community_per_100": 0.15474806833009813, "gravity_education_per_100": 0.42379994790603343, "gravity_essential_services_per_100": 0.39811966038981211, "gravity_food_and_drink_per_100": 1.7884058022711056, "gravity_healthcare_per_100": 0.3251543657120205, "gravity_shelter_per_100": 0.066884085809570087, "shannon": 1.2756875681343547, "kl_divergence": 0.018290465463010892, "jsd": 0.065860489831727792, "city_similarity": 0.93413951016827224 }, "geometry": { "type": "Polygon", "coordinates": [ [ [ 9.196638439047087, 45.517327701673949 ], [ 9.19023665851347, 45.517338542301928 ], [ 9.187048680600901, 45.521241400137242 ], [ 9.190262930617889, 45.525133682315712 ], [ 9.196665595237933, 45.525122838756921 ], [ 9.199853125633801, 45.521219715950799 ], [ 9.196638439047087, 45.517327701673949 ] ] ] } },
{ "type": "Feature", "properties": { "from_id": "464", "population": 5257.3342020011642, "gravity_community": 8.2205405775626126, "gravity_education": 24.127749347604599, "gravity_essential_services": 22.292672302096172, "gravity_food_and_drink": 118.90943610260162, "gravity_healthcare": 18.797343580286945, "gravity_shelter": 7.2515613538749033, "avg_gravity": 33.266550544004474, "min_tt_community": 15.0, "min_tt_education": 13.0, "min_tt_essential_services": 13.0, "min_tt_food_and_drink": 6.0, "min_tt_healthcare": 13.0, "min_tt_shelter": 24.0, "avg_tt_community": 47.0, "avg_tt_education": 39.15625, "avg_tt_essential_services": 38.785714285714285, "avg_tt_food_and_drink": 41.51951951951952, "avg_tt_healthcare": 41.60377358490566, "avg_tt_shelter": 37.631578947368418, "avg_tt_all": 40.949472722917982, "n_unreachable_categories": 0, "count_community": 27.0, "count_education": 64.0, "count_essential_services": 57.0, "count_food_and_drink": 333.0, "count_healthcare": 53.0, "count_shelter": 19.0, "gravity_community_per_100": 0.1563632872042551, "gravity_education_per_100": 0.45893504998066431, "gravity_essential_services_per_100": 0.4240299635813648, "gravity_food_and_drink_per_100": 2.2617819513421775, "gravity_healthcare_per_100": 0.35754515231563327, "gravity_shelter_per_100": 0.13793228802374125, "shannon": 1.2772182262142266, "kl_divergence": 0.022036631628756562, "jsd": 0.070943330168213317, "city_similarity": 0.9290566698317867 }, "geometry": { "type": "Polygon", "coordinates": [ [ [ 9.22546196949653, 45.521172041824066 ], [ 9.219059764608128, 45.521184498573547 ], [ 9.215873566353075, 45.525088154910875 ], [ 9.219090021285174, 45.528979619284911 ], [ 9.225493110432277, 45.528967159167685 ], [ 9.228678860267792, 45.525063238044545 ], [ 9.22546196949653, 45.521172041824066 ] ] ] } },
{ "type": "Feature", "properties": { "from_id": "465", "population": 1079.2372864473759, "gravity_community": 10.026026785703506, "gravity_education": 31.287835813195791, "gravity_essential_services": 28.591993764052042, "gravity_food_and_drink": 119.46976442777201, "gravity_healthcare": 23.42826541863554, "gravity_shelter": 5.5771173167960963, "avg_gravity": 36.396833921025831, "min_tt_community": 9.0, "min_tt_education": 10.0, "min_tt_essential_services": 8.0, "min_tt_food_and_drink": 7.0, "min_tt_healthcare": 8.0, "min_tt_shelter": 21.0, "avg_tt_community": 44.483870967741936, "avg_tt_education": 40.388235294117649, "avg_tt_essential_services": 39.219178082191782, "avg_tt_food_and_drink": 40.548484848484847, "avg_tt_healthcare": 43.859154929577464, "avg_tt_shelter": 41.6875, "avg_tt_all": 41.697737353685618, "n_unreachable_categories": 0, "count_community": 31.0, "count_education": 85.0, "count_essential_services": 74.0, "count_food_and_drink": 330.0, "count_healthcare": 71.0, "count_shelter": 16.0, "gravity_community_per_100": 0.92899188265697286, "gravity_education_per_100": 2.8990692043441921, "gravity_essential_services_per_100": 2.649277793039464, "gravity_food_and_drink_per_100": 11.069832920713994, "gravity_healthcare_per_100": 2.1708169012355483, "gravity_shelter_per_100": 0.51676469918444001, "shannon": 1.3619191643969004, "kl_divergence": 0.041484926490021709, "jsd": 0.098802062815514013, "city_similarity": 0.90119793718448604 }, "geometry": { "type": "Polygon", "coordinates": [ [ [ 9.206255342556005, 45.521208335637503 ], [ 9.199853125633801, 45.521219715950799 ], [ 9.196665595237933, 45.525122838756921 ], [ 9.199880729522503, 45.529014846183408 ], [ 9.206283830709468, 45.529003462793369 ], [ 9.209470913226314, 45.525100075053935 ], [ 9.206255342556005, 45.521208335637503 ] ] ] } },
{ "type": "Feature", "properties": { "from_id": "466", "population": 4862.0848822756634, "gravity_community": 5.9098914051391196, "gravity_education": 21.387899800956145, "gravity_essential_services": 20.30376167967712, "gravity_food_and_drink": 85.782621351876102, "gravity_healthcare": 14.560849496915091, "gravity_shelter": 5.0059221843343238, "avg_gravity": 25.491824319816317, "min_tt_community": 23.0, "min_tt_education": 6.0, "min_tt_essential_services": 13.0, "min_tt_food_and_drink": 8.0, "min_tt_healthcare": 11.0, "min_tt_shelter": 25.0, "avg_tt_community": 45.157894736842103, "avg_tt_education": 38.363636363636367, "avg_tt_essential_services": 38.843137254901961, "avg_tt_food_and_drink": 39.978813559322035, "avg_tt_healthcare": 40.68292682926829, "avg_tt_shelter": 41.333333333333336, "avg_tt_all": 40.726623679550684, "n_unreachable_categories": 0, "count_community": 19.0, "count_education": 55.0, "count_essential_services": 52.0, "count_food_and_drink": 236.0, "count_healthcare": 41.0, "count_shelter": 15.0, "gravity_community_per_100": 0.12155056006288886, "gravity_education_per_100": 0.4398915345744786, "gravity_essential_services_per_100": 0.41759373131663818, "gravity_food_and_drink_per_100": 1.7643176421001967, "gravity_healthcare_per_100": 0.2994774844428465, "gravity_shelter_per_100": 0.10295834617332592, "shannon": 1.3365487708374466, "kl_divergence": 0.035297346027267494, "jsd": 0.089957193559868101, "city_similarity": 0.91004280644013191 }, "geometry": { "type": "Polygon", "coordinates": [ [ [ 9.215903387009762, 45.532883271920106 ], [ 9.219090021285174, 45.528979619284911 ], [ 9.215873566353075, 45.525088154910875 ], [ 9.209470913226314, 45.525100075053935 ], [ 9.206283830709468, 45.529003462793369 ], [ 9.209077867001321, 45.532384586629554 ], [ 9.21070110715544, 45.532892985901427 ], [ 9.215903387009762, 45.532883271920106 ] ] ] } },
{ "type": "Feature", "properties": { "from_id": "467", "population": 2964.9425164790455, "gravity_community": 7.8729783497510484, "gravity_education": 24.435042729587437, "gravity_essential_services": 19.310276906820175, "gravity_food_and_drink": 78.370751906214792, "gravity_healthcare": 16.456318344625796, "gravity_shelter": 3.3808031384976163, "avg_gravity": 24.971028562582813, "min_tt_community": 21.0, "min_tt_education": 19.0, "min_tt_essential_services": 21.0, "min_tt_food_and_drink": 9.0, "min_tt_healthcare": 19.0, "min_tt_shelter": 13.0, "avg_tt_community": 45.24, "avg_tt_education": 41.930555555555557, "avg_tt_essential_services": 42.431034482758619, "avg_tt_food_and_drink": 43.82231404958678, "avg_tt_healthcare": 42.851063829787236, "avg_tt_shelter": 39.888888888888886, "avg_tt_all": 42.693976134429512, "n_unreachable_categories": 0, "count_community": 25.0, "count_education": 72.0, "count_essential_services": 58.0, "count_food_and_drink": 242.0, "count_healthcare": 48.0, "count_shelter": 9.0, "gravity_community_per_100": 0.26553561514239532, "gravity_education_per_100": 0.82413209004148757, "gravity_essential_services_per_100": 0.65128672139491195, "gravity_food_and_drink_per_100": 2.6432469253833064, "gravity_healthcare_per_100": 0.55502992901758341, "gravity_shelter_per_100": 0.11402592528210016, "shannon": 1.3652047973645804, "kl_divergence": 0.050886451551156196, "jsd": 0.10850713065685526, "city_similarity": 0.89149286934314476 }, "geometry": { "type": "Polygon", "coordinates": [ [ [ 9.199880729522503, 45.529014846183408 ], [ 9.196665595237933, 45.525122838756921 ], [ 9.190262930617889, 45.525133682315712 ], [ 9.187074515954441, 45.529036536232297 ], [ 9.190289213490859, 45.532928811633603 ], [ 9.190384250175253, 45.532928653282319 ], [ 9.197986128908431, 45.531334535761026 ], [ 9.199880729522503, 45.529014846183408 ] ] ] } },
{ "type": "Feature", "properties": { "from_id": "468", "population": 3608.3051815251156, "gravity_community": 2.7956996751534726, "gravity_education": 13.27980272381866, "gravity_essential_services": 12.166424569261121, "gravity_food_and_drink": 54.498459301969888, "gravity_healthcare": 8.891368528838143, "gravity_shelter": 3.8535031024323088, "avg_gravity": 15.914209650245601, "min_tt_community": 36.0, "min_tt_education": 19.0, "min_tt_essential_services": 26.0, "min_tt_food_and_drink": 17.0, "min_tt_healthcare": 21.0, "min_tt_shelter": 34.0, "avg_tt_community": 48.6, "avg_tt_education": 42.925, "avg_tt_essential_services": 45.102564102564102, "avg_tt_food_and_drink": 44.035714285714285, "avg_tt_healthcare": 45.344827586206897, "avg_tt_shelter": 51.133333333333333, "avg_tt_all": 46.190239884636441, "n_unreachable_categories": 0, "count_community": 10.0, "count_education": 40.0, "count_essential_services": 39.0, "count_food_and_drink": 169.0, "count_healthcare": 29.0, "count_shelter": 15.0, "gravity_community_per_100": 0.077479579317950575, "gravity_education_per_100": 0.36803435562525533, "gravity_essential_services_per_100": 0.33717836926750089, "gravity_food_and_drink_per_100": 1.5103616950419678, "gravity_healthcare_per_100": 0.24641398333940379, "gravity_shelter_per_100": 0.1067953764599134, "shannon": 1.3439199048644548, "kl_divergence": 0.053217586360725828, "jsd": 0.10801853830751038, "city_similarity": 0.8919814616924896 }, "geometry": { "type": "Polygon", "coordinates": [ [ [ 9.225524264132794, 45.536762265810687 ], [ 9.22871044980427, 45.532858348317362 ], [ 9.225493110432277, 45.528967159167685 ], [ 9.219090021285174, 45.528979619284911 ], [ 9.215903387009762, 45.532883271920106 ], [ 9.217731202973127, 45.535094440987052 ], [ 9.223073869884379, 45.536767077199706 ], [ 9.225524264132794, 45.536762265810687 ] ] ] } },
{ "type": "Feature", "properties": { "from_id": "469", "population": 2362.3972598580576, "gravity_community": 6.3194243756520363, "gravity_education": 21.600365361983442, "gravity_essential_services": 20.374511151273044, "gravity_food_and_drink": 76.309306046136712, "gravity_healthcare": 13.660353050955118, "gravity_shelter": 3.0938632022727059, "avg_gravity": 23.559637198045507, "min_tt_community": 11.0, "min_tt_education": 16.0, "min_tt_essential_services": 15.0, "min_tt_food_and_drink": 14.0, "min_tt_healthcare": 13.0, "min_tt_shelter": 30.0, "avg_tt_community": 47.0, "avg_tt_education": 43.6, "avg_tt_essential_services": 44.152542372881356, "avg_tt_food_and_drink": 43.493562231759654, "avg_tt_healthcare": 45.75, "avg_tt_shelter": 41.0, "avg_tt_all": 44.166017434106834, "n_unreachable_categories": 0, "count_community": 21.0, "count_education": 65.0, "count_essential_services": 60.0, "count_food_and_drink": 233.0, "count_healthcare": 44.0, "count_shelter": 9.0, "gravity_community_per_100": 0.26750049549379062, "gravity_education_per_100": 0.9143409421022306, "gravity_essential_services_per_100": 0.86245067658507302, "gravity_food_and_drink_per_100": 3.2301640093640174, "gravity_healthcare_per_100": 0.57824114864474097, "gravity_shelter_per_100": 0.13096286788186495, "shannon": 1.3524484079041783, "kl_divergence": 0.044185552946507438, "jsd": 0.10157675902941195, "city_similarity": 0.89842324097058801 }, "geometry": { "type": "Polygon", "coordinates": [ [ [ 9.206283830709468, 45.529003462793369 ], [ 9.199880729522503, 45.529014846183408 ], [ 9.197986128908431, 45.531334535761026 ], [ 9.202621639291513, 45.530362174527937 ], [ 9.209077867001321, 45.532384586629554 ], [ 9.206283830709468, 45.529003462793369 ] ] ] } },
{ "type": "Feature", "properties": { "from_id": "470", "population": 4285.2859361411493, "gravity_community": 3.0362323887544473, "gravity_education": 11.518564764937878, "gravity_essential_services": 8.8561953045329602, "gravity_food_and_drink": 33.055000336261998, "gravity_healthcare": 8.1451758241121599, "gravity_shelter": 1.3834503935298534, "avg_gravity": 10.999103168688217, "min_tt_community": 36.0, "min_tt_education": 34.0, "min_tt_essential_services": 37.0, "min_tt_food_and_drink": 24.0, "min_tt_healthcare": 35.0, "min_tt_shelter": 28.0, "avg_tt_community": 49.090909090909093, "avg_tt_education": 49.767441860465119, "avg_tt_essential_services": 50.735294117647058, "avg_tt_food_and_drink": 51.488188976377955, "avg_tt_healthcare": 51.607142857142854, "avg_tt_shelter": 42.25, "avg_tt_all": 49.156496150423685, "n_unreachable_categories": 0, "count_community": 11.0, "count_education": 43.0, "count_essential_services": 34.0, "count_food_and_drink": 127.0, "count_healthcare": 29.0, "count_shelter": 4.0, "gravity_community_per_100": 0.070852503986899407, "gravity_education_per_100": 0.26879337660511432, "gravity_essential_services_per_100": 0.2066652129287751, "gravity_food_and_drink_per_100": 0.77136043729272463, "gravity_healthcare_per_100": 0.19007310003324532, "gravity_shelter_per_100": 0.032283735884743196, "shannon": 1.3746657336105099, "kl_divergence": 0.069961325635833488, "jsd": 0.12663949245849926, "city_similarity": 0.87336050754150074 }, "geometry": { "type": "Polygon", "coordinates": [ [ [ 9.190289213490859, 45.532928811633603 ], [ 9.190269725879924, 45.5329526645234 ], [ 9.190384250175253, 45.532928653282319 ], [ 9.190289213490859, 45.532928811633603 ] ] ] } },
{ "type": "Feature", "properties": { "from_id": "471", "population": 6420.5094876099092, "gravity_community": 3.9863539333945521, "gravity_education": 14.717336404459989, "gravity_essential_services": 14.617555123294984, "gravity_food_and_drink": 58.058818338687985, "gravity_healthcare": 9.6845232051179355, "gravity_shelter": 3.981613075835825, "avg_gravity": 17.507700013465211, "min_tt_community": 32.0, "min_tt_education": 16.0, "min_tt_essential_services": 23.0, "min_tt_food_and_drink": 17.0, "min_tt_healthcare": 20.0, "min_tt_shelter": 34.0, "avg_tt_community": 50.6, "avg_tt_education": 42.116279069767444, "avg_tt_essential_services": 43.80952380952381, "avg_tt_food_and_drink": 43.62777777777778, "avg_tt_healthcare": 44.70967741935484, "avg_tt_shelter": 49.866666666666667, "avg_tt_all": 45.788320790515087, "n_unreachable_categories": 0, "count_community": 15.0, "count_education": 43.0, "count_essential_services": 43.0, "count_food_and_drink": 180.0, "count_healthcare": 31.0, "count_shelter": 15.0, "gravity_community_per_100": 0.062087813141422636, "gravity_education_per_100": 0.2292238089961712, "gravity_essential_services_per_100": 0.22766970676553733, "gravity_food_and_drink_per_100": 0.90427120232012759, "gravity_healthcare_per_100": 0.15083730074391782, "gravity_shelter_per_100": 0.062013973867952578, "shannon": 1.3682765248807705, "kl_divergence": 0.0480192980190235, "jsd": 0.10336332243897547, "city_similarity": 0.8966366775610245 }, "geometry": { "type": "Polygon", "coordinates": [ [ [ 9.215903387009762, 45.532883271920106 ], [ 9.21070110715544, 45.532892985901427 ], [ 9.217731202973127, 45.535094440987052 ], [ 9.215903387009762, 45.532883271920106 ] ] ] } },
{ "type": "Feature", "properties": { "from_id": "472", "population": 64.28465138281824, "gravity_community": 12.931331141168315, "gravity_education": 25.5486761679905, "gravity_essential_services": 15.761541001341465, "gravity_food_and_drink": 65.627627785603536, "gravity_healthcare": 16.562726661739305, "gravity_shelter": 2.4524471195779523, "avg_gravity": 23.147391646236844, "min_tt_community": 13.0, "min_tt_education": 5.0, "min_tt_essential_services": 17.0, "min_tt_food_and_drink": 4.0, "min_tt_healthcare": 6.0, "min_tt_shelter": 21.0, "avg_tt_community": 36.4375, "avg_tt_education": 40.582089552238806, "avg_tt_essential_services": 39.047619047619051, "avg_tt_food_and_drink": 44.065326633165832, "avg_tt_healthcare": 37.928571428571431, "avg_tt_shelter": 40.142857142857146, "avg_tt_all": 39.700660634075383, "n_unreachable_categories": 0, "count_community": 32.0, "count_education": 68.0, "count_essential_services": 42.0, "count_food_and_drink": 199.0, "count_healthcare": 42.0, "count_shelter": 7.0, "gravity_community_per_100": 20.11573659186795, "gravity_education_per_100": 39.743042263458641, "gravity_essential_services_per_100": 24.518358056390035, "gravity_food_and_drink_per_100": 102.08910894575412, "gravity_healthcare_per_100": 25.764667467989298, "gravity_shelter_per_100": 3.8149808186304224, "shannon": 1.4051637861687065, "kl_divergence": 0.078824315774532527, "jsd": 0.13413488867906653, "city_similarity": 0.86586511132093347 }, "geometry": { "type": "Polygon", "coordinates": [ [ [ 9.158227704444347, 45.517387363948743 ], [ 9.151825904195421, 45.517396051976114 ], [ 9.14863526468894, 45.521297841138086 ], [ 9.151846871745445, 45.525191207537993 ], [ 9.158249556090732, 45.52518251716176 ], [ 9.161439749162387, 45.521280462734751 ], [ 9.158227704444347, 45.517387363948743 ] ] ] } },
{ "type": "Feature", "properties": { "from_id": "473", "population": 0.0, "gravity_community": 15.475355060841872, "gravity_education": 23.098262018495738, "gravity_essential_services": 13.314869864023413, "gravity_food_and_drink": 52.146942053067548, "gravity_healthcare": 15.083854040393717, "gravity_shelter": 2.2338168701274279, "avg_gravity": 20.225516651158287, "min_tt_community": 5.0, "min_tt_education": 2.0, "min_tt_essential_services": 3.0, "min_tt_food_and_drink": 7.0, "min_tt_healthcare": 4.0, "min_tt_shelter": 20.0, "avg_tt_community": 37.39473684210526, "avg_tt_education": 39.43333333333333, "avg_tt_essential_services": 42.684210526315788, "avg_tt_food_and_drink": 46.455089820359284, "avg_tt_healthcare": 39.725, "avg_tt_shelter": 32.8, "avg_tt_all": 39.748728420352279, "n_unreachable_categories": 0, "count_community": 38.0, "count_education": 60.0, "count_essential_services": 38.0, "count_food_and_drink": 168.0, "count_healthcare": 40.0, "count_shelter": 5.0, "gravity_community_per_100": 0.0, "gravity_education_per_100": 0.0, "gravity_essential_services_per_100": 0.0, "gravity_food_and_drink_per_100": 0.0, "gravity_healthcare_per_100": 0.0, "gravity_shelter_per_100": 0.0, "shannon": 1.4466319855752394, "kl_divergence": 0.10629694050322663, "jsd": 0.1555451324126178, "city_similarity": 0.8444548675873822 }, "geometry": { "type": "Polygon", "coordinates": [ [ [ 9.139022295228319, 45.517412351725312 ], [ 9.132620486751604, 45.517419963446322 ], [ 9.129428517253155, 45.521321217614016 ], [ 9.132638802004132, 45.525215125472819 ], [ 9.139041494581354, 45.525207511693928 ], [ 9.142233018186332, 45.521305992114343 ], [ 9.139022295228319, 45.517412351725312 ] ] ] } },
{ "type": "Feature", "properties": { "from_id": "474", "population": 0.37490398965125543, "gravity_community": 8.5321474719746924, "gravity_education": 13.449411652512493, "gravity_essential_services": 8.603510180435114, "gravity_food_and_drink": 33.173309567401304, "gravity_healthcare": 9.1853456071969468, "gravity_shelter": 1.8457636801369572, "avg_gravity": 12.464914693276251, "min_tt_community": 7.0, "min_tt_education": 20.0, "min_tt_essential_services": 27.0, "min_tt_food_and_drink": 20.0, "min_tt_healthcare": 19.0, "min_tt_shelter": 34.0, "avg_tt_community": 36.68181818181818, "avg_tt_education": 44.0, "avg_tt_essential_services": 43.814814814814817, "avg_tt_food_and_drink": 48.446428571428569, "avg_tt_healthcare": 43.142857142857146, "avg_tt_shelter": 50.571428571428569, "avg_tt_all": 44.44289121372455, "n_unreachable_categories": 0, "count_community": 22.0, "count_education": 42.0, "count_essential_services": 27.0, "count_food_and_drink": 113.0, "count_healthcare": 28.0, "count_shelter": 7.0, "gravity_community_per_100": 2275.821999096755, "gravity_education_per_100": 3587.4282546375284, "gravity_essential_services_per_100": 2294.8569281533396, "gravity_food_and_drink_per_100": 8848.4813400518633, "gravity_healthcare_per_100": 2450.0527763765258, "gravity_shelter_per_100": 492.32969802586803, "shannon": 1.4802686816140544, "kl_divergence": 0.1051196225702761, "jsd": 0.15574337884988623, "city_similarity": 0.8442566211501138 }, "geometry": { "type": "Polygon", "coordinates": [ [ [ 9.14863526468894, 45.521297841138086 ], [ 9.142233018186332, 45.521305992114343 ], [ 9.139041494581354, 45.525207511693928 ], [ 9.142252663613995, 45.529101145672264 ], [ 9.148655794396271, 45.52909299249233 ], [ 9.151846871745445, 45.525191207537993 ], [ 9.14863526468894, 45.521297841138086 ] ] ] } },
{ "type": "Feature", "properties": { "from_id": "475", "population": 1136.8596056279835, "gravity_community": 5.1589314397705825, "gravity_education": 8.1374565586119108, "gravity_essential_services": 5.5305762596313635, "gravity_food_and_drink": 16.360447556137466, "gravity_healthcare": 5.9860990525280222, "gravity_shelter": 0.92182271856557763, "avg_gravity": 7.0158889308741523, "min_tt_community": 16.0, "min_tt_education": 12.0, "min_tt_essential_services": 12.0, "min_tt_food_and_drink": 10.0, "min_tt_healthcare": 14.0, "min_tt_shelter": 43.0, "avg_tt_community": 42.333333333333336, "avg_tt_education": 38.38095238095238, "avg_tt_essential_services": 35.692307692307693, "avg_tt_food_and_drink": 37.789473684210527, "avg_tt_healthcare": 37.466666666666669, "avg_tt_shelter": 44.0, "avg_tt_all": 39.27712229291177, "n_unreachable_categories": 0, "count_community": 15.0, "count_education": 21.0, "count_essential_services": 13.0, "count_food_and_drink": 39.0, "count_healthcare": 15.0, "count_shelter": 3.0, "gravity_community_per_100": 0.45378790962678894, "gravity_education_per_100": 0.71578377121745895, "gravity_essential_services_per_100": 0.48647838591963688, "gravity_food_and_drink_per_100": 1.4390912892977854, "gravity_healthcare_per_100": 0.52654690367166268, "gravity_shelter_per_100": 0.081085009441986211, "shannon": 1.6002734349453305, "kl_divergence": 0.22846214608917711, "jsd": 0.22926641304015571, "city_similarity": 0.77073358695984429 }, "geometry": { "type": "Polygon", "coordinates": [ [ [ 9.129428517253155, 45.521321217614016 ], [ 9.123026263064114, 45.52132829213668 ], [ 9.1198334094633, 45.525229276430586 ], [ 9.123043255644907, 45.529123451723578 ], [ 9.129446394117489, 45.529116375288268 ], [ 9.132638802004132, 45.525215125472819 ], [ 9.129428517253155, 45.521321217614016 ] ] ] } },
{ "type": "Feature", "properties": { "from_id": "476", "population": 4479.3432552317672, "gravity_community": 8.1605295531030357, "gravity_education": 12.715070966423253, "gravity_essential_services": 8.1081993955848173, "gravity_food_and_drink": 25.991652813752381, "gravity_healthcare": 9.1780979447448505, "gravity_shelter": 1.5999111877868002, "avg_gravity": 10.958910310232524, "min_tt_community": 23.0, "min_tt_education": 21.0, "min_tt_essential_services": 19.0, "min_tt_food_and_drink": 22.0, "min_tt_healthcare": 21.0, "min_tt_shelter": 27.0, "avg_tt_community": 43.36, "avg_tt_education": 43.282051282051285, "avg_tt_essential_services": 39.782608695652172, "avg_tt_food_and_drink": 42.186666666666667, "avg_tt_healthcare": 40.115384615384613, "avg_tt_shelter": 51.166666666666664, "avg_tt_all": 43.315562987736904, "n_unreachable_categories": 0, "count_community": 25.0, "count_education": 39.0, "count_essential_services": 23.0, "count_food_and_drink": 76.0, "count_healthcare": 26.0, "count_shelter": 6.0, "gravity_community_per_100": 0.18218138437083897, "gravity_education_per_100": 0.28386016078523008, "gravity_essential_services_per_100": 0.18101312923752005, "gravity_food_and_drink_per_100": 0.58025588423916263, "gravity_healthcare_per_100": 0.20489829472267054, "gravity_shelter_per_100": 0.035717539304855495, "shannon": 1.5803638286604138, "kl_divergence": 0.20127075233155686, "jsd": 0.21497982504903448, "city_similarity": 0.78502017495096554 }, "geometry": { "type": "Polygon", "coordinates": [ [ [ 9.158249556090732, 45.52518251716176 ], [ 9.151846871745445, 45.525191207537993 ], [ 9.148655794396271, 45.52909299249233 ], [ 9.151867847889784, 45.532986352408223 ], [ 9.158271416693806, 45.532977659682487 ], [ 9.161462047424756, 45.529075609390631 ], [ 9.158249556090732, 45.52518251716176 ] ] ] } },
{ "type": "Feature", "properties": { "from_id": "477", "population": 546.94978952489555, "gravity_community": 5.7277110481334201, "gravity_education": 8.3930427335966282, "gravity_essential_services": 5.1626525610489153, "gravity_food_and_drink": 14.419194328935191, "gravity_healthcare": 6.2043824320531096, "gravity_shelter": 0.95546319427654125, "avg_gravity": 6.8104077163406336, "min_tt_community": 27.0, "min_tt_education": 24.0, "min_tt_essential_services": 26.0, "min_tt_food_and_drink": 29.0, "min_tt_healthcare": 26.0, "min_tt_shelter": 42.0, "avg_tt_community": 38.8125, "avg_tt_education": 41.76, "avg_tt_essential_services": 43.3125, "avg_tt_food_and_drink": 46.428571428571431, "avg_tt_healthcare": 42.94736842105263, "avg_tt_shelter": 42.666666666666664, "avg_tt_all": 42.654601086048451, "n_unreachable_categories": 0, "count_community": 16.0, "count_education": 25.0, "count_essential_services": 16.0, "count_food_and_drink": 49.0, "count_healthcare": 19.0, "count_shelter": 3.0, "gravity_community_per_100": 1.0472096630860321, "gravity_education_per_100": 1.5345179565545115, "gravity_essential_services_per_100": 0.94389881117486496, "gravity_food_and_drink_per_100": 2.6362921432807083, "gravity_healthcare_per_100": 1.1343605118565832, "gravity_shelter_per_100": 0.17468937964241621, "shannon": 1.5775450551002757, "kl_divergence": 0.20103157943622646, "jsd": 0.21597338000256974, "city_similarity": 0.78402661999743029 }, "geometry": { "type": "Polygon", "coordinates": [ [ [ 9.142252663613995, 45.529101145672264 ], [ 9.139041494581354, 45.525207511693928 ], [ 9.132638802004132, 45.525215125472819 ], [ 9.129446394117489, 45.529116375288268 ], [ 9.132352834213776, 45.532641267190293 ], [ 9.139190138967644, 45.532844462983959 ], [ 9.142252663613995, 45.529101145672264 ] ] ] } },
{ "type": "Feature", "properties": { "from_id": "478", "population": 481.54277871169148, "gravity_community": 6.1833853888435844, "gravity_education": 8.3131754143088781, "gravity_essential_services": 5.7216977847025969, "gravity_food_and_drink": 16.568888810064536, "gravity_healthcare": 5.6384404737906797, "gravity_shelter": 1.1218572979978494, "avg_gravity": 7.2579075282846874, "min_tt_community": 25.0, "min_tt_education": 29.0, "min_tt_essential_services": 36.0, "min_tt_food_and_drink": 29.0, "min_tt_healthcare": 28.0, "min_tt_shelter": 43.0, "avg_tt_community": 44.5, "avg_tt_education": 47.620689655172413, "avg_tt_essential_services": 49.19047619047619, "avg_tt_food_and_drink": 48.618181818181817, "avg_tt_healthcare": 46.157894736842103, "avg_tt_shelter": 56.4, "avg_tt_all": 48.747873733445424, "n_unreachable_categories": 0, "count_community": 20.0, "count_education": 29.0, "count_essential_services": 21.0, "count_food_and_drink": 56.0, "count_healthcare": 19.0, "count_shelter": 5.0, "gravity_community_per_100": 1.2840781052488155, "gravity_education_per_100": 1.7263628034356069, "gravity_essential_services_per_100": 1.1882013473466047, "gravity_food_and_drink_per_100": 3.4407927068063531, "gravity_healthcare_per_100": 1.1709116454566371, "gravity_shelter_per_100": 0.23297147161031895, "shannon": 1.6045524908347546, "kl_divergence": 0.21081714359093587, "jsd": 0.22111581641082578, "city_similarity": 0.77888418358917422 }, "geometry": { "type": "Polygon", "coordinates": [ [ [ 9.151867847889784, 45.532986352408223 ], [ 9.148655794396271, 45.52909299249233 ], [ 9.142252663613995, 45.529101145672264 ], [ 9.139190138967644, 45.532844462983959 ], [ 9.151681148353278, 45.533214618913341 ], [ 9.151867847889784, 45.532986352408223 ] ] ] } },
{ "type": "Feature", "properties": { "from_id": "479", "population": 2404.6653941195027, "gravity_community": 3.7709384171033498, "gravity_education": 6.8919678495388768, "gravity_essential_services": 4.0918901132806944, "gravity_food_and_drink": 11.625055030045136, "gravity_healthcare": 4.4922425107063955, "gravity_shelter": 0.777674217514017, "avg_gravity": 5.2749613563647451, "min_tt_community": 22.0, "min_tt_education": 18.0, "min_tt_essential_services": 19.0, "min_tt_food_and_drink": 16.0, "min_tt_healthcare": 20.0, "min_tt_shelter": 50.0, "avg_tt_community": 45.5, "avg_tt_education": 44.61904761904762, "avg_tt_essential_services": 36.2, "avg_tt_food_and_drink": 38.43333333333333, "avg_tt_healthcare": 39.25, "avg_tt_shelter": 50.333333333333336, "avg_tt_all": 42.389285714285712, "n_unreachable_categories": 0, "count_community": 12.0, "count_education": 21.0, "count_essential_services": 10.0, "count_food_and_drink": 30.0, "count_healthcare": 12.0, "count_shelter": 3.0, "gravity_community_per_100": 0.15681759409541984, "gravity_education_per_100": 0.28660818533808752, "gravity_essential_services_per_100": 0.1701646359317692, "gravity_food_and_drink_per_100": 0.48343753182765747, "gravity_healthcare_per_100": 0.18681362162452894, "gravity_shelter_per_100": 0.032340225771776109, "shannon": 1.6144920419816475, "kl_divergence": 0.28326207275783838, "jsd": 0.25407274541840408, "city_similarity": 0.74592725458159592 }, "geometry": { "type": "Polygon", "coordinates": [ [ [ 9.129446394117489, 45.529116375288268 ], [ 9.123043255644907, 45.529123451723578 ], [ 9.120432360207527, 45.532313012686629 ], [ 9.122018814086914, 45.532333374023438 ], [ 9.132352834213776, 45.532641267190293 ], [ 9.129446394117489, 45.529116375288268 ] ] ] } },
{ "type": "Feature", "properties": { "from_id": "480", "population": 4078.3498070597439, "gravity_community": 5.6675159719427413, "gravity_education": 9.410220873637984, "gravity_essential_services": 7.4703857627471928, "gravity_food_and_drink": 18.365042234509584, "gravity_healthcare": 6.9750827385068401, "gravity_shelter": 0.76747546183858129, "avg_gravity": 8.1092871738638213, "min_tt_community": 30.0, "min_tt_education": 28.0, "min_tt_essential_services": 27.0, "min_tt_food_and_drink": 29.0, "min_tt_healthcare": 29.0, "min_tt_shelter": 34.0, "avg_tt_community": 45.94736842105263, "avg_tt_education": 47.909090909090907, "avg_tt_essential_services": 46.454545454545453, "avg_tt_food_and_drink": 46.746031746031747, "avg_tt_healthcare": 45.478260869565219, "avg_tt_shelter": 53.666666666666664, "avg_tt_all": 47.700327344492102, "n_unreachable_categories": 0, "count_community": 19.0, "count_education": 33.0, "count_essential_services": 23.0, "count_food_and_drink": 63.0, "count_healthcare": 23.0, "count_shelter": 3.0, "gravity_community_per_100": 0.1389659112156614, "gravity_education_per_100": 0.23073599173245546, "gravity_essential_services_per_100": 0.18317177574654667, "gravity_food_and_drink_per_100": 0.45030571440240741, "gravity_healthcare_per_100": 0.17102708371000364, "gravity_shelter_per_100": 0.018818284309748481, "shannon": 1.5640423510865062, "kl_divergence": 0.19290954864425053, "jsd": 0.21202142826968115, "city_similarity": 0.78797857173031882 }, "geometry": { "type": "Polygon", "coordinates": [ [ [ 9.158271416693806, 45.532977659682487 ], [ 9.151867847889784, 45.532986352408223 ], [ 9.151681148353278, 45.533214618913341 ], [ 9.15852165222168, 45.533416748046875 ], [ 9.158619196403235, 45.533399091427853 ], [ 9.158271416693806, 45.532977659682487 ] ] ] } },
{ "type": "Feature", "properties": { "from_id": "481", "population": 2480.4382822706962, "gravity_community": 3.838938595527523, "gravity_education": 13.408974113289981, "gravity_essential_services": 10.225276321388458, "gravity_food_and_drink": 39.600668816888955, "gravity_healthcare": 9.2407426005272892, "gravity_shelter": 1.4596965829676833, "avg_gravity": 12.962382838431646, "min_tt_community": 34.0, "min_tt_education": 32.0, "min_tt_essential_services": 34.0, "min_tt_food_and_drink": 21.0, "min_tt_healthcare": 33.0, "min_tt_shelter": 26.0, "avg_tt_community": 49.5, "avg_tt_education": 49.122448979591837, "avg_tt_essential_services": 49.60526315789474, "avg_tt_food_and_drink": 50.711409395973156, "avg_tt_healthcare": 50.12903225806452, "avg_tt_shelter": 40.25, "avg_tt_all": 48.219692298587375, "n_unreachable_categories": 0, "count_community": 14.0, "count_education": 49.0, "count_essential_services": 38.0, "count_food_and_drink": 149.0, "count_healthcare": 32.0, "count_shelter": 4.0, "gravity_community_per_100": 0.15476855936980619, "gravity_education_per_100": 0.5405889035471122, "gravity_essential_services_per_100": 0.41223667585181023, "gravity_food_and_drink_per_100": 1.5965190143992158, "gravity_healthcare_per_100": 0.37254475011843191, "gravity_shelter_per_100": 0.058848333111171651, "shannon": 1.362596716465615, "kl_divergence": 0.063966503714509224, "jsd": 0.12091799114043625, "city_similarity": 0.87908200885956378 }, "geometry": { "type": "Polygon", "coordinates": [ [ [ 9.190289213490859, 45.532928811633603 ], [ 9.187074515954441, 45.529036536232297 ], [ 9.180671403814983, 45.529046842890082 ], [ 9.180327883222628, 45.529467222036281 ], [ 9.180598138171367, 45.52941824410329 ], [ 9.179151637033081, 45.534971348631913 ], [ 9.179371133907061, 45.535237162087284 ], [ 9.179672942737604, 45.535173873974848 ], [ 9.180096626281738, 45.535243988037109 ], [ 9.180140456072358, 45.535075839022852 ], [ 9.190269725879924, 45.5329526645234 ], [ 9.190289213490859, 45.532928811633603 ] ] ] } },
{ "type": "Feature", "properties": { "from_id": "482", "population": 1727.1949476047596, "gravity_community": 5.2882215533579062, "gravity_education": 14.389628156346777, "gravity_essential_services": 8.5655705938869122, "gravity_food_and_drink": 37.366149058494948, "gravity_healthcare": 9.9178707754257598, "gravity_shelter": 1.3607302088584663, "avg_gravity": 12.814695057728462, "min_tt_community": 27.0, "min_tt_education": 17.0, "min_tt_essential_services": 22.0, "min_tt_food_and_drink": 21.0, "min_tt_healthcare": 19.0, "min_tt_shelter": 24.0, "avg_tt_community": 45.176470588235297, "avg_tt_education": 40.525, "avg_tt_essential_services": 39.043478260869563, "avg_tt_food_and_drink": 44.543859649122808, "avg_tt_healthcare": 38.192307692307693, "avg_tt_shelter": 42.0, "avg_tt_all": 41.580186031755893, "n_unreachable_categories": 0, "count_community": 17.0, "count_education": 40.0, "count_essential_services": 23.0, "count_food_and_drink": 115.0, "count_healthcare": 26.0, "count_shelter": 4.0, "gravity_community_per_100": 0.30617398231111714, "gravity_education_per_100": 0.83312125109571644, "gravity_essential_services_per_100": 0.4959237870493704, "gravity_food_and_drink_per_100": 2.1634007852045651, "gravity_healthcare_per_100": 0.57421837582258273, "gravity_shelter_per_100": 0.078782664964687429, "shannon": 1.3993934955062985, "kl_divergence": 0.080647557868423841, "jsd": 0.13559279109577158, "city_similarity": 0.8644072089042284 }, "geometry": { "type": "Polygon", "coordinates": [ [ [ 9.167865169429319, 45.529066379469725 ], [ 9.161462047424756, 45.529075609390631 ], [ 9.158271416693806, 45.532977659682487 ], [ 9.158619196403235, 45.533399091427853 ], [ 9.169774307676299, 45.531379265547777 ], [ 9.167865169429319, 45.529066379469725 ] ] ] } },
{ "type": "Feature", "properties": { "from_id": "483", "population": 18.763294027268916, "gravity_community": 3.4186408338105716, "gravity_education": 10.241941283208559, "gravity_essential_services": 7.0404945243186132, "gravity_food_and_drink": 23.955148316790662, "gravity_healthcare": 6.9561177187438847, "gravity_shelter": 1.0851510669037299, "avg_gravity": 8.7829156239626691, "min_tt_community": 31.0, "min_tt_education": 27.0, "min_tt_essential_services": 29.0, "min_tt_food_and_drink": 30.0, "min_tt_healthcare": 30.0, "min_tt_shelter": 46.0, "avg_tt_community": 50.692307692307693, "avg_tt_education": 46.942857142857143, "avg_tt_essential_services": 49.692307692307693, "avg_tt_food_and_drink": 47.225, "avg_tt_healthcare": 47.208333333333336, "avg_tt_shelter": 48.75, "avg_tt_all": 48.418467643467643, "n_unreachable_categories": 0, "count_community": 13.0, "count_education": 35.0, "count_essential_services": 26.0, "count_food_and_drink": 81.0, "count_healthcare": 24.0, "count_shelter": 4.0, "gravity_community_per_100": 18.219832982642707, "gravity_education_per_100": 54.584985282028974, "gravity_essential_services_per_100": 37.522699980539556, "gravity_food_and_drink_per_100": 127.67027091285979, "gravity_healthcare_per_100": 37.0730091882293, "gravity_shelter_per_100": 5.7833718606480664, "shannon": 1.4922135596045094, "kl_divergence": 0.1217284648334765, "jsd": 0.16844161775644564, "city_similarity": 0.83155838224355438 }, "geometry": { "type": "Polygon", "coordinates": [ [ [ 9.179151637033081, 45.534971348631913 ], [ 9.179065704345703, 45.535301208496094 ], [ 9.179371133907061, 45.535237162087284 ], [ 9.179151637033081, 45.534971348631913 ] ] ] } },
{ "type": "Feature", "properties": { "from_id": "484", "population": 361.06603837299792, "gravity_community": 1.9468516532746019, "gravity_education": 7.7779777446802187, "gravity_essential_services": 7.8525381058249639, "gravity_food_and_drink": 37.205788939090972, "gravity_healthcare": 6.9018894651701759, "gravity_shelter": 2.9531305008757998, "avg_gravity": 10.773029401486122, "min_tt_community": 27.0, "min_tt_education": 26.0, "min_tt_essential_services": 23.0, "min_tt_food_and_drink": 21.0, "min_tt_healthcare": 20.0, "min_tt_shelter": 46.0, "avg_tt_community": 43.333333333333336, "avg_tt_education": 48.111111111111114, "avg_tt_essential_services": 45.31818181818182, "avg_tt_food_and_drink": 47.9453125, "avg_tt_healthcare": 42.35, "avg_tt_shelter": 49.18181818181818, "avg_tt_all": 46.039959490740735, "n_unreachable_categories": 0, "count_community": 6.0, "count_education": 27.0, "count_essential_services": 23.0, "count_food_and_drink": 128.0, "count_healthcare": 20.0, "count_shelter": 11.0, "gravity_community_per_100": 0.53919545079546194, "gravity_education_per_100": 2.1541704059813034, "gravity_essential_services_per_100": 2.1748204680809469, "gravity_food_and_drink_per_100": 10.304427718193665, "gravity_healthcare_per_100": 1.9115310584930187, "gravity_shelter_per_100": 0.81789207153985488, "shannon": 1.2813083246360615, "kl_divergence": 0.04809770038435382, "jsd": 0.10191970222408242, "city_similarity": 0.89808029777591758 }, "geometry": { "type": "Polygon", "coordinates": [ [ [ 9.225524264132794, 45.536762265810687 ], [ 9.223073869884379, 45.536767077199706 ], [ 9.226385368148966, 45.537803636956284 ], [ 9.225524264132794, 45.536762265810687 ] ] ] } },
{ "type": "Feature", "properties": { "from_id": "485", "population": 562.56694998312241, "gravity_community": 3.0529568424495483, "gravity_education": 5.2517439464440479, "gravity_essential_services": 5.6463836600376665, "gravity_food_and_drink": 20.978879448828728, "gravity_healthcare": 4.4419222755049184, "gravity_shelter": 0.24131065371890606, "avg_gravity": 6.6021994711639698, "min_tt_community": 26.0, "min_tt_education": 32.0, "min_tt_essential_services": 11.0, "min_tt_food_and_drink": 11.0, "min_tt_healthcare": 11.0, "min_tt_shelter": 53.0, "avg_tt_community": 41.333333333333336, "avg_tt_education": 46.555555555555557, "avg_tt_essential_services": 45.277777777777779, "avg_tt_food_and_drink": 44.083333333333336, "avg_tt_healthcare": 39.833333333333336, "avg_tt_shelter": 53.0, "avg_tt_all": 45.013888888888893, "n_unreachable_categories": 0, "count_community": 9.0, "count_education": 18.0, "count_essential_services": 18.0, "count_food_and_drink": 61.0, "count_healthcare": 12.0, "count_shelter": 1.0, "gravity_community_per_100": 0.5426832917470783, "gravity_education_per_100": 0.93353225720096167, "gravity_essential_services_per_100": 1.0036820791209053, "gravity_food_and_drink_per_100": 3.7291347188913457, "gravity_healthcare_per_100": 0.78958109352818895, "gravity_shelter_per_100": 0.042894566366926748, "shannon": 1.3807151746584696, "kl_divergence": 0.061961983248869389, "jsd": 0.12112695025859291, "city_similarity": 0.87887304974140712 }, "geometry": { "type": "Polygon", "coordinates": [ [ [ 9.311826685802036, 45.509276143705215 ], [ 9.305425874172618, 45.509293437328253 ], [ 9.302246327154375, 45.513199493700519 ], [ 9.305468042214983, 45.517088520461968 ], [ 9.311869737525734, 45.517071222163544 ], [ 9.315048833973854, 45.513164901779597 ], [ 9.311826685802036, 45.509276143705215 ] ] ] } },
{ "type": "Feature", "properties": { "from_id": "486", "population": 5.9351352682408764, "gravity_community": 4.1277337225917439, "gravity_education": 7.905984632154528, "gravity_essential_services": 6.5626515912376782, "gravity_food_and_drink": 28.045609420449253, "gravity_healthcare": 5.811531814051869, "gravity_shelter": 0.87409668565379695, "avg_gravity": 8.8879346443564788, "min_tt_community": 17.0, "min_tt_education": 23.0, "min_tt_essential_services": 17.0, "min_tt_food_and_drink": 2.0, "min_tt_healthcare": 16.0, "min_tt_shelter": 44.0, "avg_tt_community": 34.8, "avg_tt_education": 39.727272727272727, "avg_tt_essential_services": 41.89473684210526, "avg_tt_food_and_drink": 40.260273972602739, "avg_tt_healthcare": 37.666666666666664, "avg_tt_shelter": 46.0, "avg_tt_all": 40.058158368107897, "n_unreachable_categories": 0, "count_community": 10.0, "count_education": 22.0, "count_essential_services": 19.0, "count_food_and_drink": 74.0, "count_healthcare": 15.0, "count_shelter": 3.0, "gravity_community_per_100": 69.547424549519476, "gravity_education_per_100": 133.2064776090233, "gravity_essential_services_per_100": 110.57290684434211, "gravity_food_and_drink_per_100": 472.5353029529474, "gravity_healthcare_per_100": 97.917428186507991, "gravity_shelter_per_100": 14.727493917975551, "shannon": 1.4006730765337709, "kl_divergence": 0.0564645152495514, "jsd": 0.11516999449018914, "city_similarity": 0.88483000550981084 }, "geometry": { "type": "Polygon", "coordinates": [ [ [ 9.302246327154375, 45.513199493700519 ], [ 9.295845065135866, 45.513216251603787 ], [ 9.292664634431969, 45.517122040798526 ], [ 9.295885916019255, 45.521011336212446 ], [ 9.302288061904482, 45.520994573778623 ], [ 9.305468042214983, 45.517088520461968 ], [ 9.302246327154375, 45.513199493700519 ] ] ] } },
{ "type": "Feature", "properties": { "from_id": "487", "population": 68.07542828752679, "gravity_community": 1.1209588790978977, "gravity_education": 1.5667750894927601, "gravity_essential_services": 0.7145887628147165, "gravity_food_and_drink": 5.0632244171803622, "gravity_healthcare": 1.1645197935220009, "gravity_shelter": 0.0, "avg_gravity": 1.6050111570179562, "min_tt_community": 52.0, "min_tt_education": 50.0, "min_tt_essential_services": 49.0, "min_tt_food_and_drink": 36.0, "min_tt_healthcare": 51.0, "min_tt_shelter": null, "avg_tt_community": 55.8, "avg_tt_education": 56.0, "avg_tt_essential_services": 53.666666666666664, "avg_tt_food_and_drink": 51.85, "avg_tt_healthcare": 54.4, "avg_tt_shelter": null, "avg_tt_all": 54.343333333333327, "n_unreachable_categories": 1, "count_community": 5.0, "count_education": 7.0, "count_essential_services": 3.0, "count_food_and_drink": 20.0, "count_healthcare": 5.0, "count_shelter": 0.0, "gravity_community_per_100": 1.6466424189993483, "gravity_education_per_100": 2.3015280680648096, "gravity_essential_services_per_100": 1.0497014573254591, "gravity_food_and_drink_per_100": 7.4376681051422464, "gravity_healthcare_per_100": 1.7106316079327135, "gravity_shelter_per_100": 0.0, "shannon": 1.3657236442147391, "kl_divergence": 0.14486110138369013, "jsd": 0.18507862197483782, "city_similarity": 0.81492137802516218 }, "geometry": { "type": "Polygon", "coordinates": [ [ [ 9.321450078533449, 45.51314706776364 ], [ 9.315048833973854, 45.513164901779597 ], [ 9.311869737525734, 45.517071222163544 ], [ 9.315092336448721, 45.520959972505672 ], [ 9.321494464866239, 45.52094213366825 ], [ 9.324673110382127, 45.517035549310734 ], [ 9.321450078533449, 45.51314706776364 ] ] ] } },
{ "type": "Feature", "properties": { "from_id": "488", "population": 24.155220357650123, "gravity_community": 2.2342389964946392, "gravity_education": 4.532224175716971, "gravity_essential_services": 2.3189366347361697, "gravity_food_and_drink": 12.978683909890149, "gravity_healthcare": 3.0286185653728728, "gravity_shelter": 0.66844314331135113, "avg_gravity": 4.2935242375870253, "min_tt_community": 35.0, "min_tt_education": 33.0, "min_tt_essential_services": 32.0, "min_tt_food_and_drink": 19.0, "min_tt_healthcare": 34.0, "min_tt_shelter": 54.0, "avg_tt_community": 43.285714285714285, "avg_tt_education": 45.4, "avg_tt_essential_services": 41.571428571428569, "avg_tt_food_and_drink": 43.475, "avg_tt_healthcare": 45.6, "avg_tt_shelter": 56.0, "avg_tt_all": 45.888690476190476, "n_unreachable_categories": 0, "count_community": 7.0, "count_education": 15.0, "count_essential_services": 7.0, "count_food_and_drink": 40.0, "count_healthcare": 10.0, "count_shelter": 3.0, "gravity_community_per_100": 9.2495078223827516, "gravity_education_per_100": 18.762917947389308, "gravity_essential_services_per_100": 9.6001468850262288, "gravity_food_and_drink_per_100": 53.730347799454911, "gravity_healthcare_per_100": 12.538153328887718, "gravity_shelter_per_100": 2.7672823241277142, "shannon": 1.4586660642342928, "kl_divergence": 0.11390290519188687, "jsd": 0.16112084250977493, "city_similarity": 0.83887915749022501 }, "geometry": { "type": "Polygon", "coordinates": [ [ [ 9.311869737525734, 45.517071222163544 ], [ 9.305468042214983, 45.517088520461968 ], [ 9.302288061904482, 45.520994573778623 ], [ 9.305510227539582, 45.524883592881181 ], [ 9.311912806893821, 45.524866289906122 ], [ 9.315092336448721, 45.520959972505672 ], [ 9.311869737525734, 45.517071222163544 ] ] ] } },
{ "type": "Feature", "properties": { "from_id": "489", "population": 800.82234141001982, "gravity_community": 2.2267533005014353, "gravity_education": 5.8531692909011737, "gravity_essential_services": 2.9516530886107235, "gravity_food_and_drink": 15.374799852661951, "gravity_healthcare": 3.1810954062654844, "gravity_shelter": 0.90075005601755254, "avg_gravity": 5.081370165826387, "min_tt_community": 36.0, "min_tt_education": 21.0, "min_tt_essential_services": 28.0, "min_tt_food_and_drink": 16.0, "min_tt_healthcare": 37.0, "min_tt_shelter": 40.0, "avg_tt_community": 43.142857142857146, "avg_tt_education": 39.0625, "avg_tt_essential_services": 42.333333333333336, "avg_tt_food_and_drink": 40.113636363636367, "avg_tt_healthcare": 43.0, "avg_tt_shelter": 45.666666666666664, "avg_tt_all": 42.219832251082252, "n_unreachable_categories": 0, "count_community": 7.0, "count_education": 16.0, "count_essential_services": 9.0, "count_food_and_drink": 44.0, "count_healthcare": 10.0, "count_shelter": 3.0, "gravity_community_per_100": 0.27805833895452486, "gravity_education_per_100": 0.73089485498062046, "gravity_essential_services_per_100": 0.36857776512749429, "gravity_food_and_drink_per_100": 1.9198764891587956, "gravity_healthcare_per_100": 0.39722860387042674, "gravity_shelter_per_100": 0.11247813771423866, "shannon": 1.448368466105121, "kl_divergence": 0.096232503657570426, "jsd": 0.14808774938805938, "city_similarity": 0.85191225061194065 }, "geometry": { "type": "Polygon", "coordinates": [ [ [ 9.302288061904482, 45.520994573778623 ], [ 9.295885916019255, 45.521011336212446 ], [ 9.292705051660944, 45.524917122280101 ], [ 9.295926783645861, 45.528806410108501 ], [ 9.302329813760053, 45.528789643142886 ], [ 9.305510227539582, 45.524883592881181 ], [ 9.302288061904482, 45.520994573778623 ] ] ] } },
{ "type": "Feature", "properties": { "from_id": "490", "population": 2465.2331111311919, "gravity_community": 1.1827383570231185, "gravity_education": 2.0425379053673689, "gravity_essential_services": 1.3758693378902305, "gravity_food_and_drink": 5.7418185814010103, "gravity_healthcare": 1.2287000468915736, "gravity_shelter": 0.0, "avg_gravity": 1.9286107047622167, "min_tt_community": 50.0, "min_tt_education": 48.0, "min_tt_essential_services": 47.0, "min_tt_food_and_drink": 34.0, "min_tt_healthcare": 49.0, "min_tt_shelter": null, "avg_tt_community": 53.8, "avg_tt_education": 55.555555555555557, "avg_tt_essential_services": 55.166666666666664, "avg_tt_food_and_drink": 50.772727272727273, "avg_tt_healthcare": 52.4, "avg_tt_shelter": null, "avg_tt_all": 53.538989898989897, "n_unreachable_categories": 1, "count_community": 5.0, "count_education": 9.0, "count_essential_services": 6.0, "count_food_and_drink": 22.0, "count_healthcare": 5.0, "count_shelter": 0.0, "gravity_community_per_100": 0.047976735006630244, "gravity_education_per_100": 0.082853742964296553, "gravity_essential_services_per_100": 0.05581092236988907, "gravity_food_and_drink_per_100": 0.23291179059193842, "gravity_healthcare_per_100": 0.049841130290829774, "gravity_shelter_per_100": 0.0, "shannon": 1.4113626871819067, "kl_divergence": 0.13822175460694316, "jsd": 0.1815902177383075, "city_similarity": 0.81840978226169248 }, "geometry": { "type": "Polygon", "coordinates": [ [ [ 9.321494464866239, 45.52094213366825 ], [ 9.315092336448721, 45.520959972505672 ], [ 9.311912806893821, 45.524866289906122 ], [ 9.314684937575032, 45.528211017939014 ], [ 9.322053174014361, 45.521616147390873 ], [ 9.321494464866239, 45.52094213366825 ] ] ] } },
{ "type": "Feature", "properties": { "from_id": "491", "population": 328.22975097153255, "gravity_community": 1.3983179306044495, "gravity_education": 3.6069679197221749, "gravity_essential_services": 1.2947193014785379, "gravity_food_and_drink": 9.2991177961560609, "gravity_healthcare": 2.0759930690682316, "gravity_shelter": 0.48262130743781212, "avg_gravity": 3.0262895540778785, "min_tt_community": 49.0, "min_tt_education": 34.0, "min_tt_essential_services": 41.0, "min_tt_food_and_drink": 30.0, "min_tt_healthcare": 50.0, "min_tt_shelter": 53.0, "avg_tt_community": 54.5, "avg_tt_education": 48.92307692307692, "avg_tt_essential_services": 51.0, "avg_tt_food_and_drink": 51.138888888888886, "avg_tt_healthcare": 54.777777777777779, "avg_tt_shelter": 53.0, "avg_tt_all": 52.223290598290596, "n_unreachable_categories": 0, "count_community": 6.0, "count_education": 13.0, "count_essential_services": 5.0, "count_food_and_drink": 36.0, "count_healthcare": 9.0, "count_shelter": 2.0, "gravity_community_per_100": 0.42601803354679024, "gravity_education_per_100": 1.0989155946546136, "gravity_essential_services_per_100": 0.39445519415783525, "gravity_food_and_drink_per_100": 2.8331124063651911, "gravity_healthcare_per_100": 0.63248168787974457, "gravity_shelter_per_100": 0.14703764847924161, "shannon": 1.4132420556971077, "kl_divergence": 0.10934530274545162, "jsd": 0.15860223310643115, "city_similarity": 0.84139776689356882 }, "geometry": { "type": "Polygon", "coordinates": [ [ [ 9.311912806893821, 45.524866289906122 ], [ 9.305510227539582, 45.524883592881181 ], [ 9.302329813760053, 45.528789643142886 ], [ 9.305552430155123, 45.532678654585986 ], [ 9.309704607251899, 45.532667472757311 ], [ 9.314684937575032, 45.528211017939014 ], [ 9.311912806893821, 45.524866289906122 ] ] ] } },
{ "type": "Feature", "properties": { "from_id": "492", "population": 303.20186397537339, "gravity_community": 1.6357518649441969, "gravity_education": 4.6381370411523806, "gravity_essential_services": 2.3916109231939306, "gravity_food_and_drink": 12.287501932479913, "gravity_healthcare": 2.4171026077139315, "gravity_shelter": 0.56689613005436068, "avg_gravity": 3.9895000832564524, "min_tt_community": 43.0, "min_tt_education": 28.0, "min_tt_essential_services": 35.0, "min_tt_food_and_drink": 24.0, "min_tt_healthcare": 44.0, "min_tt_shelter": 47.0, "avg_tt_community": 48.666666666666664, "avg_tt_education": 45.133333333333333, "avg_tt_essential_services": 50.222222222222221, "avg_tt_food_and_drink": 47.581395348837212, "avg_tt_healthcare": 49.111111111111114, "avg_tt_shelter": 47.0, "avg_tt_all": 47.952454780361755, "n_unreachable_categories": 0, "count_community": 6.0, "count_education": 15.0, "count_essential_services": 9.0, "count_food_and_drink": 43.0, "count_healthcare": 9.0, "count_shelter": 2.0, "gravity_community_per_100": 0.53949268104666259, "gravity_education_per_100": 1.5297191713600742, "gravity_essential_services_per_100": 0.7887850331250541, "gravity_food_and_drink_per_100": 4.0525812643018337, "gravity_healthcare_per_100": 0.79719252910340055, "gravity_shelter_per_100": 0.18696986971702953, "shannon": 1.4065399952824609, "kl_divergence": 0.078322697135410416, "jsd": 0.13348050082698806, "city_similarity": 0.86651949917301196 }, "geometry": { "type": "Polygon", "coordinates": [ [ [ 9.302329813760053, 45.528789643142886 ], [ 9.295926783645861, 45.528806410108501 ], [ 9.292745485456178, 45.532712193049719 ], [ 9.295967668024113, 45.536601473292038 ], [ 9.302371582729707, 45.536584701793402 ], [ 9.305552430155123, 45.532678654585986 ], [ 9.302329813760053, 45.528789643142886 ] ] ] } },
{ "type": "Feature", "properties": { "from_id": "493", "population": 1070.5643923665195, "gravity_community": 0.44530543073792139, "gravity_education": 2.3371973746622872, "gravity_essential_services": 0.53805808813646505, "gravity_food_and_drink": 4.6789203583072281, "gravity_healthcare": 0.42778229005411916, "gravity_shelter": 0.41087478648098674, "avg_gravity": 1.4730230547298346, "min_tt_community": 56.0, "min_tt_education": 41.0, "min_tt_essential_services": 47.0, "min_tt_food_and_drink": 36.0, "min_tt_healthcare": 57.0, "min_tt_shelter": 59.0, "avg_tt_community": 56.0, "avg_tt_education": 51.0, "avg_tt_essential_services": 49.0, "avg_tt_food_and_drink": 52.89473684210526, "avg_tt_healthcare": 57.5, "avg_tt_shelter": 59.0, "avg_tt_all": 54.232456140350877, "n_unreachable_categories": 0, "count_community": 2.0, "count_education": 9.0, "count_essential_services": 2.0, "count_food_and_drink": 19.0, "count_healthcare": 2.0, "count_shelter": 2.0, "gravity_community_per_100": 0.04159538967605287, "gravity_education_per_100": 0.21831450693926327, "gravity_essential_services_per_100": 0.050259292385679763, "gravity_food_and_drink_per_100": 0.43705174501127519, "gravity_healthcare_per_100": 0.039958576345743353, "gravity_shelter_per_100": 0.038379268861421199, "shannon": 1.3261706268629099, "kl_divergence": 0.19420817062229279, "jsd": 0.20302566675950526, "city_similarity": 0.79697433324049471 }, "geometry": { "type": "Polygon", "coordinates": [ [ [ 9.305552430155123, 45.532678654585986 ], [ 9.302371582729707, 45.536584701793402 ], [ 9.303131223458772, 45.53750135318213 ], [ 9.305189132690431, 45.536708831787102 ], [ 9.307008577546975, 45.535080292279723 ], [ 9.308694839477539, 45.535011291503899 ], [ 9.308821764277505, 45.533457354264293 ], [ 9.309704607251899, 45.532667472757311 ], [ 9.305552430155123, 45.532678654585986 ] ] ] } },
{ "type": "Feature", "properties": { "from_id": "494", "population": 63.687869765164223, "gravity_community": 0.0, "gravity_education": 0.0, "gravity_essential_services": 0.0, "gravity_food_and_drink": 0.20543739324049337, "gravity_healthcare": 0.0, "gravity_shelter": 0.0, "avg_gravity": 0.034239565540082229, "min_tt_community": null, "min_tt_education": null, "min_tt_essential_services": null, "min_tt_food_and_drink": 59.0, "min_tt_healthcare": null, "min_tt_shelter": null, "avg_tt_community": null, "avg_tt_education": null, "avg_tt_essential_services": null, "avg_tt_food_and_drink": 59.0, "avg_tt_healthcare": null, "avg_tt_shelter": null, "avg_tt_all": 59.0, "n_unreachable_categories": 5, "count_community": 0.0, "count_education": 0.0, "count_essential_services": 0.0, "count_food_and_drink": 1.0, "count_healthcare": 0.0, "count_shelter": 0.0, "gravity_community_per_100": 0.0, "gravity_education_per_100": 0.0, "gravity_essential_services_per_100": 0.0, "gravity_food_and_drink_per_100": 0.3225691077406122, "gravity_healthcare_per_100": 0.0, "gravity_shelter_per_100": 0.0, "shannon": 1.1412925456691193e-08, "kl_divergence": 0.41289790630577478, "jsd": 0.36683976187707046, "city_similarity": 0.63316023812292954 }, "geometry": { "type": "Polygon", "coordinates": [ [ [ 9.332688765078551, 45.515032973239926 ], [ 9.333025932312012, 45.515071868896484 ], [ 9.333135604858398, 45.514698028564453 ], [ 9.333133697509766, 45.514533996582024 ], [ 9.33314222204746, 45.514475470295601 ], [ 9.332688765078551, 45.515032973239926 ] ] ] } },
{ "type": "Feature", "properties": { "from_id": "495", "population": 1309.1502404923842, "gravity_community": 0.2226527153689607, "gravity_education": 0.86301389722705779, "gravity_essential_services": 0.45233326642615157, "gravity_food_and_drink": 3.4009791674554526, "gravity_healthcare": 0.65648825727070315, "gravity_shelter": 0.0, "avg_gravity": 0.93257788395805441, "min_tt_community": 56.0, "min_tt_education": 54.0, "min_tt_essential_services": 53.0, "min_tt_food_and_drink": 40.0, "min_tt_healthcare": 55.0, "min_tt_shelter": null, "avg_tt_community": 56.0, "avg_tt_education": 57.25, "avg_tt_essential_services": 55.5, "avg_tt_food_and_drink": 53.285714285714285, "avg_tt_healthcare": 56.666666666666664, "avg_tt_shelter": null, "avg_tt_all": 55.740476190476194, "n_unreachable_categories": 1, "count_community": 1.0, "count_education": 4.0, "count_essential_services": 2.0, "count_food_and_drink": 14.0, "count_healthcare": 3.0, "count_shelter": 0.0, "gravity_community_per_100": 0.017007422714540296, "gravity_education_per_100": 0.06592168496279463, "gravity_essential_services_per_100": 0.034551669658329252, "gravity_food_and_drink_per_100": 0.25978524559383731, "gravity_healthcare_per_100": 0.050146135788340956, "gravity_shelter_per_100": 0.0, "shannon": 1.2124658628987879, "kl_divergence": 0.072350879657050379, "jsd": 0.13480299732268697, "city_similarity": 0.86519700267731303 }, "geometry": { "type": "Polygon", "coordinates": [ [ [ 9.324673110382127, 45.517035549310734 ], [ 9.321494464866239, 45.52094213366825 ], [ 9.322053174014361, 45.521616147390873 ], [ 9.327177583067851, 45.517028403517244 ], [ 9.324673110382127, 45.517035549310734 ] ] ] } },
{ "type": "Feature", "properties": { "from_id": "496", "population": 1.1884774640902021, "gravity_community": 3.0906888560735677, "gravity_education": 5.0902496596536393, "gravity_essential_services": 3.8613010094130535, "gravity_food_and_drink": 20.788961327143436, "gravity_healthcare": 3.7518944014350906, "gravity_shelter": 3.0668776271412712, "avg_gravity": 6.6083288134766773, "min_tt_community": 19.0, "min_tt_education": 17.0, "min_tt_essential_services": 22.0, "min_tt_food_and_drink": 20.0, "min_tt_healthcare": 22.0, "min_tt_shelter": 35.0, "avg_tt_community": 42.777777777777779, "avg_tt_education": 39.928571428571431, "avg_tt_essential_services": 47.53846153846154, "avg_tt_food_and_drink": 47.371428571428574, "avg_tt_healthcare": 48.230769230769234, "avg_tt_shelter": 51.416666666666664, "avg_tt_all": 46.21061253561254, "n_unreachable_categories": 0, "count_community": 9.0, "count_education": 14.0, "count_essential_services": 13.0, "count_food_and_drink": 70.0, "count_healthcare": 13.0, "count_shelter": 12.0, "gravity_community_per_100": 260.05447721632129, "gravity_education_per_100": 428.30005729644228, "gravity_essential_services_per_100": 324.89476040413933, "gravity_food_and_drink_per_100": 1749.2095521607312, "gravity_healthcare_per_100": 315.68914975659419, "gravity_shelter_per_100": 258.05097023770776, "shannon": 1.4353190502261537, "kl_divergence": 0.11570493786226391, "jsd": 0.14757778701456967, "city_similarity": 0.85242221298543031 }, "geometry": { "type": "Polygon", "coordinates": [ [ [ 9.244702351860765, 45.528927625371445 ], [ 9.238299275840889, 45.528941162210309 ], [ 9.235113974787318, 45.532845348081601 ], [ 9.238332198777217, 45.536736261824871 ], [ 9.244736159411628, 45.536722721326228 ], [ 9.247921011320759, 45.532818270744514 ], [ 9.244702351860765, 45.528927625371445 ] ] ] } },
{ "type": "Feature", "properties": { "from_id": "497", "population": 0.11547445073412047, "gravity_community": 1.825099186291562, "gravity_education": 3.3124146363119698, "gravity_essential_services": 1.3827268257014305, "gravity_food_and_drink": 8.816794647246887, "gravity_healthcare": 1.4708266204493476, "gravity_shelter": 0.26864236148986714, "avg_gravity": 2.8460840462485106, "min_tt_community": 24.0, "min_tt_education": 28.0, "min_tt_essential_services": 27.0, "min_tt_food_and_drink": 20.0, "min_tt_healthcare": 33.0, "min_tt_shelter": 49.0, "avg_tt_community": 38.8, "avg_tt_education": 46.454545454545453, "avg_tt_essential_services": 41.5, "avg_tt_food_and_drink": 43.629629629629626, "avg_tt_healthcare": 46.4, "avg_tt_shelter": 49.0, "avg_tt_all": 44.297362514029182, "n_unreachable_categories": 0, "count_community": 5.0, "count_education": 11.0, "count_essential_services": 4.0, "count_food_and_drink": 27.0, "count_healthcare": 5.0, "count_shelter": 1.0, "gravity_community_per_100": 1580.5220762589697, "gravity_education_per_100": 2868.5259944979462, "gravity_essential_services_per_100": 1197.430961490481, "gravity_food_and_drink_per_100": 7635.2774065559543, "gravity_healthcare_per_100": 1273.7247166786019, "gravity_shelter_per_100": 232.64225097585896, "shannon": 1.3853107831398874, "kl_divergence": 0.12264314331221605, "jsd": 0.16476872061827788, "city_similarity": 0.83523127938172215 }, "geometry": { "type": "Polygon", "coordinates": [ [ [ 9.254324522629464, 45.532804193644559 ], [ 9.247921011320759, 45.532818270744514 ], [ 9.244736159411628, 45.536722721326228 ], [ 9.247955268197348, 45.540613359481014 ], [ 9.254359664298365, 45.540599278575208 ], [ 9.257544066700474, 45.536694563320886 ], [ 9.254324522629464, 45.532804193644559 ] ] ] } },
{ "type": "Feature", "properties": { "from_id": "498", "population": 780.85998442698144, "gravity_community": 2.0348760648812942, "gravity_education": 8.4402638041924885, "gravity_essential_services": 7.7041197607603111, "gravity_food_and_drink": 39.69008690994999, "gravity_healthcare": 7.1624668321558769, "gravity_shelter": 3.0677737688175011, "avg_gravity": 11.349931190126243, "min_tt_community": 26.0, "min_tt_education": 25.0, "min_tt_essential_services": 22.0, "min_tt_food_and_drink": 20.0, "min_tt_healthcare": 19.0, "min_tt_shelter": 44.0, "avg_tt_community": 41.666666666666664, "avg_tt_education": 47.793103448275865, "avg_tt_essential_services": 45.88, "avg_tt_food_and_drink": 47.291044776119406, "avg_tt_healthcare": 41.0, "avg_tt_shelter": 47.81818181818182, "avg_tt_all": 45.241499451540626, "n_unreachable_categories": 0, "count_community": 6.0, "count_education": 29.0, "count_essential_services": 25.0, "count_food_and_drink": 134.0, "count_healthcare": 20.0, "count_shelter": 11.0, "gravity_community_per_100": 0.26059423013903671, "gravity_education_per_100": 1.0808933704531176, "gravity_essential_services_per_100": 0.98661986968301696, "gravity_food_and_drink_per_100": 5.0828685937947977, "gravity_healthcare_per_100": 0.91725366582997725, "gravity_shelter_per_100": 0.39287117152875051, "shannon": 1.2762068111117399, "kl_divergence": 0.04702772581756734, "jsd": 0.10143297698777205, "city_similarity": 0.89856702301222791 }, "geometry": { "type": "Polygon", "coordinates": [ [ [ 9.238332198777217, 45.536736261824871 ], [ 9.235113974787318, 45.532845348081601 ], [ 9.22871044980427, 45.532858348317362 ], [ 9.225524264132794, 45.536762265810687 ], [ 9.226385368148966, 45.537803636956284 ], [ 9.235208264925742, 45.540564709532724 ], [ 9.238332198777217, 45.536736261824871 ] ] ] } },
{ "type": "Feature", "properties": { "from_id": "499", "population": 6871.201591563994, "gravity_community": 1.2996003366761855, "gravity_education": 3.4656687327959488, "gravity_essential_services": 3.3807581046376773, "gravity_food_and_drink": 16.141970116464531, "gravity_healthcare": 3.8429974312531177, "gravity_shelter": 1.3368862866227023, "avg_gravity": 4.9113135014083609, "min_tt_community": 39.0, "min_tt_education": 32.0, "min_tt_essential_services": 37.0, "min_tt_food_and_drink": 29.0, "min_tt_healthcare": 31.0, "min_tt_shelter": 54.0, "avg_tt_community": 51.0, "avg_tt_education": 47.5, "avg_tt_essential_services": 48.25, "avg_tt_food_and_drink": 48.368421052631582, "avg_tt_healthcare": 43.666666666666664, "avg_tt_shelter": 56.0, "avg_tt_all": 49.130847953216374, "n_unreachable_categories": 0, "count_community": 5.0, "count_education": 12.0, "count_essential_services": 12.0, "count_food_and_drink": 57.0, "count_healthcare": 12.0, "count_shelter": 6.0, "gravity_community_per_100": 0.018913727378800073, "gravity_education_per_100": 0.05043759357971489, "gravity_essential_services_per_100": 0.04920184715273597, "gravity_food_and_drink_per_100": 0.2349220860625392, "gravity_healthcare_per_100": 0.055929045015522399, "gravity_shelter_per_100": 0.019456368275732772, "shannon": 1.3875802456412238, "kl_divergence": 0.059283165450987371, "jsd": 0.11215208655145156, "city_similarity": 0.88784791344854841 }, "geometry": { "type": "Polygon", "coordinates": [ [ [ 9.247955268197348, 45.540613359481014 ], [ 9.244736159411628, 45.536722721326228 ], [ 9.238332198777217, 45.536736261824871 ], [ 9.235208264925742, 45.540564709532724 ], [ 9.245395209678467, 45.54375146609506 ], [ 9.247955268197348, 45.540613359481014 ] ] ] } },
{ "type": "Feature", "properties": { "from_id": "500", "population": 2073.8339075121385, "gravity_community": 1.1382586075007164, "gravity_education": 1.5940572642428472, "gravity_essential_services": 0.65036275723344961, "gravity_food_and_drink": 4.2548778081998391, "gravity_healthcare": 0.70450714948473747, "gravity_shelter": 0.0, "avg_gravity": 1.390343931110265, "min_tt_community": 36.0, "min_tt_education": 40.0, "min_tt_essential_services": 39.0, "min_tt_food_and_drink": 33.0, "min_tt_healthcare": 45.0, "min_tt_shelter": null, "avg_tt_community": 47.75, "avg_tt_education": 50.333333333333336, "avg_tt_essential_services": 42.0, "avg_tt_food_and_drink": 48.4, "avg_tt_healthcare": 54.666666666666664, "avg_tt_shelter": null, "avg_tt_all": 48.63, "n_unreachable_categories": 1, "count_community": 4.0, "count_education": 6.0, "count_essential_services": 2.0, "count_food_and_drink": 15.0, "count_healthcare": 3.0, "count_shelter": 0.0, "gravity_community_per_100": 0.054886681299671732, "gravity_education_per_100": 0.076865232961454838, "gravity_essential_services_per_100": 0.031360407160747658, "gravity_food_and_drink_per_100": 0.20516965186012295, "gravity_healthcare_per_100": 0.033971242679212192, "gravity_shelter_per_100": 0.0, "shannon": 1.3479101009473771, "kl_divergence": 0.17256466839851023, "jsd": 0.19929138055761658, "city_similarity": 0.80070861944238336 }, "geometry": { "type": "Polygon", "coordinates": [ [ [ 9.257579658057725, 45.544489640959448 ], [ 9.254359664298365, 45.540599278575208 ], [ 9.247955268197348, 45.540613359481014 ], [ 9.245395209678467, 45.54375146609506 ], [ 9.255583302373301, 45.54693730994736 ], [ 9.257579658057725, 45.544489640959448 ] ] ] } },
{ "type": "Feature", "properties": { "from_id": "501", "population": 8541.3373318278536, "gravity_community": 2.2898628885211219, "gravity_education": 4.00547049172431, "gravity_essential_services": 2.2600273776690596, "gravity_food_and_drink": 13.415324573139348, "gravity_healthcare": 2.1539148535632253, "gravity_shelter": 1.2100781345960621, "avg_gravity": 4.2224463865355215, "min_tt_community": 20.0, "min_tt_education": 25.0, "min_tt_essential_services": 23.0, "min_tt_food_and_drink": 16.0, "min_tt_healthcare": 29.0, "min_tt_shelter": 44.0, "avg_tt_community": 37.666666666666664, "avg_tt_education": 42.333333333333336, "avg_tt_essential_services": 44.285714285714285, "avg_tt_food_and_drink": 44.666666666666664, "avg_tt_healthcare": 45.142857142857146, "avg_tt_shelter": 53.2, "avg_tt_all": 44.549206349206344, "n_unreachable_categories": 0, "count_community": 6.0, "count_education": 12.0, "count_essential_services": 7.0, "count_food_and_drink": 42.0, "count_healthcare": 7.0, "count_shelter": 5.0, "gravity_community_per_100": 0.026809184552263658, "gravity_education_per_100": 0.046895121174978065, "gravity_essential_services_per_100": 0.026459877298692425, "gravity_food_and_drink_per_100": 0.1570635142011006, "gravity_healthcare_per_100": 0.025217536433516385, "gravity_shelter_per_100": 0.014167314643889661, "shannon": 1.4220871920020586, "kl_divergence": 0.097042486672083525, "jsd": 0.14375846566590864, "city_similarity": 0.85624153433409134 }, "geometry": { "type": "Polygon", "coordinates": [ [ [ 9.263911551732889, 45.528884861422277 ], [ 9.257508489927581, 45.52889947497674 ], [ 9.254324522629464, 45.532804193644559 ], [ 9.257544066700474, 45.536694563320886 ], [ 9.263948013113152, 45.536679945815571 ], [ 9.267131530726607, 45.532774962585229 ], [ 9.263911551732889, 45.528884861422277 ] ] ] } },
{ "type": "Feature", "properties": { "from_id": "502", "population": 1874.9951853302985, "gravity_community": 0.83391430842701764, "gravity_education": 3.4728802484270096, "gravity_essential_services": 1.2838494339258664, "gravity_food_and_drink": 8.8354164395666785, "gravity_healthcare": 1.5617295261415114, "gravity_shelter": 0.6839903786706788, "avg_gravity": 2.7786300558597934, "min_tt_community": 39.0, "min_tt_education": 34.0, "min_tt_essential_services": 36.0, "min_tt_food_and_drink": 30.0, "min_tt_healthcare": 37.0, "min_tt_shelter": 40.0, "avg_tt_community": 48.333333333333336, "avg_tt_education": 47.0, "avg_tt_essential_services": 43.0, "avg_tt_food_and_drink": 45.103448275862071, "avg_tt_healthcare": 44.0, "avg_tt_shelter": 40.0, "avg_tt_all": 44.572796934865899, "n_unreachable_categories": 0, "count_community": 3.0, "count_education": 12.0, "count_essential_services": 4.0, "count_food_and_drink": 29.0, "count_healthcare": 5.0, "count_shelter": 2.0, "gravity_community_per_100": 0.044475543988136461, "gravity_education_per_100": 0.18522075553037903, "gravity_essential_services_per_100": 0.068472145633787521, "gravity_food_and_drink_per_100": 0.47122342012895546, "gravity_healthcare_per_100": 0.083292455274566357, "gravity_shelter_per_100": 0.036479580535572806, "shannon": 1.3574248750485733, "kl_divergence": 0.12178963552798641, "jsd": 0.16256179150146105, "city_similarity": 0.83743820849853901 }, "geometry": { "type": "Polygon", "coordinates": [ [ [ 9.292745485456178, 45.532712193049719 ], [ 9.286342004758984, 45.532728423858792 ], [ 9.283159821973712, 45.536633939297779 ], [ 9.286381570351944, 45.540523488304622 ], [ 9.292785935826023, 45.54050725310745 ], [ 9.295967668024113, 45.536601473292038 ], [ 9.292745485456178, 45.532712193049719 ] ] ] } },
{ "type": "Feature", "properties": { "from_id": "503", "population": 610.86430717133851, "gravity_community": 1.8538205799550047, "gravity_education": 4.6981277112446449, "gravity_essential_services": 2.5683223954286838, "gravity_food_and_drink": 12.496291692342808, "gravity_healthcare": 2.8501291045428898, "gravity_shelter": 1.1858429063183955, "avg_gravity": 4.2754223983054045, "min_tt_community": 27.0, "min_tt_education": 22.0, "min_tt_essential_services": 20.0, "min_tt_food_and_drink": 24.0, "min_tt_healthcare": 19.0, "min_tt_shelter": 28.0, "avg_tt_community": 51.285714285714285, "avg_tt_education": 44.866666666666667, "avg_tt_essential_services": 45.375, "avg_tt_food_and_drink": 41.138888888888886, "avg_tt_healthcare": 41.125, "avg_tt_shelter": 36.0, "avg_tt_all": 43.298544973544971, "n_unreachable_categories": 0, "count_community": 7.0, "count_education": 15.0, "count_essential_services": 8.0, "count_food_and_drink": 36.0, "count_healthcare": 8.0, "count_shelter": 3.0, "gravity_community_per_100": 0.30347502026092926, "gravity_education_per_100": 0.76909514209460739, "gravity_essential_services_per_100": 0.42044073704707496, "gravity_food_and_drink_per_100": 2.0456738993653101, "gravity_healthcare_per_100": 0.46657319327440594, "gravity_shelter_per_100": 0.19412542071897218, "shannon": 1.4890559760530409, "kl_divergence": 0.12786602921569926, "jsd": 0.16966326972787935, "city_similarity": 0.83033673027212063 }, "geometry": { "type": "Polygon", "coordinates": [ [ [ 9.273535027273352, 45.532759808627326 ], [ 9.267131530726607, 45.532774962585229 ], [ 9.263948013113152, 45.536679945815571 ], [ 9.267168441972814, 45.540570039613087 ], [ 9.273572823304434, 45.540554881558215 ], [ 9.276755890870644, 45.536649633803258 ], [ 9.273535027273352, 45.532759808627326 ] ] ] } },
{ "type": "Feature", "properties": { "from_id": "504", "population": 1191.4953292635962, "gravity_community": 1.233642842495785, "gravity_education": 1.7276366913485979, "gravity_essential_services": 0.91588471978897379, "gravity_food_and_drink": 5.8619110391557516, "gravity_healthcare": 0.97456632476163241, "gravity_shelter": 0.21102261270724551, "avg_gravity": 1.8207773717096642, "min_tt_community": 33.0, "min_tt_education": 37.0, "min_tt_essential_services": 36.0, "min_tt_food_and_drink": 30.0, "min_tt_healthcare": 42.0, "min_tt_shelter": 58.0, "avg_tt_community": 44.75, "avg_tt_education": 47.333333333333336, "avg_tt_essential_services": 45.333333333333336, "avg_tt_food_and_drink": 49.142857142857146, "avg_tt_healthcare": 53.25, "avg_tt_shelter": 58.0, "avg_tt_all": 49.63492063492064, "n_unreachable_categories": 0, "count_community": 4.0, "count_education": 6.0, "count_essential_services": 3.0, "count_food_and_drink": 21.0, "count_healthcare": 4.0, "count_shelter": 1.0, "gravity_community_per_100": 0.10353736285800114, "gravity_education_per_100": 0.14499735323480989, "gravity_essential_services_per_100": 0.076868511130046682, "gravity_food_and_drink_per_100": 0.49197935528448156, "gravity_healthcare_per_100": 0.08179354973753554, "gravity_shelter_per_100": 0.017710737719607184, "shannon": 1.3796713965359153, "kl_divergence": 0.080091440057065102, "jsd": 0.13555458370805029, "city_similarity": 0.86444541629194971 }, "geometry": { "type": "Polygon", "coordinates": [ [ [ 9.263948013113152, 45.536679945815571 ], [ 9.257544066700474, 45.536694563320886 ], [ 9.254359664298365, 45.540599278575208 ], [ 9.257579658057725, 45.544489640959448 ], [ 9.263984489440404, 45.544475019502187 ], [ 9.267168441972814, 45.540570039613087 ], [ 9.263948013113152, 45.536679945815571 ] ] ] } },
{ "type": "Feature", "properties": { "from_id": "505", "population": 1960.6389783697991, "gravity_community": 0.74907176141564447, "gravity_education": 2.9446519190969656, "gravity_essential_services": 1.1532304304471499, "gravity_food_and_drink": 7.1888896718312019, "gravity_healthcare": 1.410754565254652, "gravity_shelter": 0.61440111119887264, "avg_gravity": 2.3434999098740814, "min_tt_community": 43.0, "min_tt_education": 38.0, "min_tt_essential_services": 40.0, "min_tt_food_and_drink": 34.0, "min_tt_healthcare": 41.0, "min_tt_shelter": 44.0, "avg_tt_community": 52.333333333333336, "avg_tt_education": 49.727272727272727, "avg_tt_essential_services": 47.0, "avg_tt_food_and_drink": 46.96, "avg_tt_healthcare": 47.8, "avg_tt_shelter": 44.0, "avg_tt_all": 47.970101010101011, "n_unreachable_categories": 0, "count_community": 3.0, "count_education": 11.0, "count_essential_services": 4.0, "count_food_and_drink": 25.0, "count_healthcare": 5.0, "count_shelter": 2.0, "gravity_community_per_100": 0.038205491662645141, "gravity_education_per_100": 0.15018837999157486, "gravity_essential_services_per_100": 0.058819111686028984, "gravity_food_and_drink_per_100": 0.36666055052157054, "gravity_healthcare_per_100": 0.071953816119051342, "gravity_shelter_per_100": 0.031336779385551392, "shannon": 1.4095581690097059, "kl_divergence": 0.13332898361860707, "jsd": 0.17029500600444231, "city_similarity": 0.82970499399555764 }, "geometry": { "type": "Polygon", "coordinates": [ [ [ 9.283159821973712, 45.536633939297779 ], [ 9.276755890870644, 45.536649633803258 ], [ 9.273572823304434, 45.540554881558215 ], [ 9.276794137130297, 45.544444699294822 ], [ 9.283198953195642, 45.544429000546231 ], [ 9.286381570351944, 45.540523488304622 ], [ 9.283159821973712, 45.536633939297779 ] ] ] } },
{ "type": "Feature", "properties": { "from_id": "506", "population": 2296.7268912013765, "gravity_community": 0.21102261270724551, "gravity_education": 0.8647747493034319, "gravity_essential_services": 0.45135868258554473, "gravity_food_and_drink": 1.9044504544431597, "gravity_healthcare": 0.45135868258554473, "gravity_shelter": 0.42204522541449102, "avg_gravity": 0.71750173450656962, "min_tt_community": 58.0, "min_tt_education": 52.0, "min_tt_essential_services": 55.0, "min_tt_food_and_drink": 49.0, "min_tt_healthcare": 55.0, "min_tt_shelter": 58.0, "avg_tt_community": 58.0, "avg_tt_education": 57.25, "avg_tt_essential_services": 55.5, "avg_tt_food_and_drink": 53.625, "avg_tt_healthcare": 55.5, "avg_tt_shelter": 58.0, "avg_tt_all": 56.3125, "n_unreachable_categories": 0, "count_community": 1.0, "count_education": 4.0, "count_essential_services": 2.0, "count_food_and_drink": 8.0, "count_healthcare": 2.0, "count_shelter": 2.0, "gravity_community_per_100": 0.0091879715222415222, "gravity_education_per_100": 0.037652485048019088, "gravity_essential_services_per_100": 0.019652257493682546, "gravity_food_and_drink_per_100": 0.082920196638921057, "gravity_healthcare_per_100": 0.019652257493682546, "gravity_shelter_per_100": 0.018375943044483044, "shannon": 1.5581446186586954, "kl_divergence": 0.24744312479158123, "jsd": 0.22257108986863061, "city_similarity": 0.77742891013136939 }, "geometry": { "type": "Polygon", "coordinates": [ [ [ 9.273572823304434, 45.540554881558215 ], [ 9.267168441972814, 45.540570039613087 ], [ 9.263984489440404, 45.544475019502187 ], [ 9.267205368351139, 45.548365105933755 ], [ 9.273610634830344, 45.548349943780799 ], [ 9.276794137130297, 45.544444699294822 ], [ 9.273572823304434, 45.540554881558215 ] ] ] } },
{ "type": "Feature", "properties": { "from_id": "507", "population": 188.79110855106003, "gravity_community": 0.0, "gravity_education": 0.0, "gravity_essential_services": 0.0, "gravity_food_and_drink": 0.0, "gravity_healthcare": 0.0, "gravity_shelter": 0.0, "avg_gravity": 0.0, "min_tt_community": null, "min_tt_education": null, "min_tt_essential_services": null, "min_tt_food_and_drink": null, "min_tt_healthcare": null, "min_tt_shelter": null, "avg_tt_community": null, "avg_tt_education": null, "avg_tt_essential_services": null, "avg_tt_food_and_drink": null, "avg_tt_healthcare": null, "avg_tt_shelter": null, "avg_tt_all": null, "n_unreachable_categories": 6, "count_community": 0.0, "count_education": 0.0, "count_essential_services": 0.0, "count_food_and_drink": 0.0, "count_healthcare": 0.0, "count_shelter": 0.0, "gravity_community_per_100": 0.0, "gravity_education_per_100": 0.0, "gravity_essential_services_per_100": 0.0, "gravity_food_and_drink_per_100": 0.0, "gravity_healthcare_per_100": 0.0, "gravity_shelter_per_100": 0.0, "shannon": 1.3815510557964275e-08, "kl_divergence": 0.6906097514735865, "jsd": 0.39009311510420502, "city_similarity": 0.60990688489579492 }, "geometry": { "type": "Polygon", "coordinates": [ [ [ 9.267205368351139, 45.548365105933755 ], [ 9.263984489440404, 45.544475019502187 ], [ 9.257579658057725, 45.544489640959448 ], [ 9.255583302373301, 45.54693730994736 ], [ 9.261489540670309, 45.54878362415041 ], [ 9.261699676513672, 45.549320220947266 ], [ 9.261837005615234, 45.549522399902344 ], [ 9.262114524841309, 45.549793243408203 ], [ 9.262347221374512, 45.550083160400398 ], [ 9.262734413146973, 45.550140380859375 ], [ 9.262974739074707, 45.550113677978516 ], [ 9.263141632080078, 45.550132751464844 ], [ 9.263643264770508, 45.55027770996093 ], [ 9.263946533203125, 45.550403594970703 ], [ 9.264070510864258, 45.550487518310554 ], [ 9.26447582244873, 45.550865173339844 ], [ 9.264703750610352, 45.550918579101562 ], [ 9.264961242675781, 45.550868988037116 ], [ 9.265034675598145, 45.550800323486328 ], [ 9.265279769897461, 45.550277709960945 ], [ 9.26551769015636, 45.550044147330652 ], [ 9.265771463606992, 45.550123564215383 ], [ 9.267205368351139, 45.548365105933755 ] ], [ [ 9.26554012298584, 45.550022125244134 ], [ 9.265610933726771, 45.549971829890474 ], [ 9.265610933726773, 45.549971829890474 ], [ 9.26554012298584, 45.550022125244134 ] ] ] } },
{ "type": "Feature", "properties": { "from_id": "508", "population": 1527.9145147755162, "gravity_community": 0.24787115830585713, "gravity_education": 1.6342393403551447, "gravity_essential_services": 0.7356118519327266, "gravity_food_and_drink": 4.9019767665726617, "gravity_healthcare": 0.74484808752823484, "gravity_shelter": 0.48262130743781212, "avg_gravity": 1.4578614186887393, "min_tt_community": 52.0, "min_tt_education": 47.0, "min_tt_essential_services": 49.0, "min_tt_food_and_drink": 43.0, "min_tt_healthcare": 50.0, "min_tt_shelter": 53.0, "avg_tt_community": 52.0, "avg_tt_education": 54.428571428571431, "avg_tt_essential_services": 52.666666666666664, "avg_tt_food_and_drink": 54.666666666666664, "avg_tt_healthcare": 52.0, "avg_tt_shelter": 53.0, "avg_tt_all": 53.126984126984127, "n_unreachable_categories": 0, "count_community": 1.0, "count_education": 7.0, "count_essential_services": 3.0, "count_food_and_drink": 21.0, "count_healthcare": 3.0, "count_shelter": 2.0, "gravity_community_per_100": 0.016222842044423851, "gravity_education_per_100": 0.10695882031039217, "gravity_essential_services_per_100": 0.048144830408971141, "gravity_food_and_drink_per_100": 0.32082794679732907, "gravity_healthcare_per_100": 0.048749329908530203, "gravity_shelter_per_100": 0.031586931256341891, "shannon": 1.2991797964305969, "kl_divergence": 0.10579895698410716, "jsd": 0.15061862296069775, "city_similarity": 0.84938137703930228 }, "geometry": { "type": "Polygon", "coordinates": [ [ [ 9.283198953195642, 45.544429000546231 ], [ 9.276794137130297, 45.544444699294822 ], [ 9.273610634830344, 45.548349943780799 ], [ 9.273933191800863, 45.54873941274424 ], [ 9.283667164635524, 45.544994221480017 ], [ 9.283198953195642, 45.544429000546231 ] ] ] } },
{ "type": "Feature", "properties": { "from_id": "509", "population": 5251.3770901105827, "gravity_community": 0.0, "gravity_education": 0.0, "gravity_essential_services": 0.0, "gravity_food_and_drink": 0.0, "gravity_healthcare": 0.0, "gravity_shelter": 0.0, "avg_gravity": 0.0, "min_tt_community": null, "min_tt_education": null, "min_tt_essential_services": null, "min_tt_food_and_drink": null, "min_tt_healthcare": null, "min_tt_shelter": null, "avg_tt_community": null, "avg_tt_education": null, "avg_tt_essential_services": null, "avg_tt_food_and_drink": null, "avg_tt_healthcare": null, "avg_tt_shelter": null, "avg_tt_all": null, "n_unreachable_categories": 6, "count_community": 0.0, "count_education": 0.0, "count_essential_services": 0.0, "count_food_and_drink": 0.0, "count_healthcare": 0.0, "count_shelter": 0.0, "gravity_community_per_100": 0.0, "gravity_education_per_100": 0.0, "gravity_essential_services_per_100": 0.0, "gravity_food_and_drink_per_100": 0.0, "gravity_healthcare_per_100": 0.0, "gravity_shelter_per_100": 0.0, "shannon": 1.3815510557964275e-08, "kl_divergence": 0.6906097514735865, "jsd": 0.39009311510420502, "city_similarity": 0.60990688489579492 }, "geometry": { "type": "Polygon", "coordinates": [ [ [ 9.273610634830344, 45.548349943780799 ], [ 9.267205368351139, 45.548365105933755 ], [ 9.265771463606992, 45.550123564215383 ], [ 9.268287658691408, 45.550910949707031 ], [ 9.273933191800863, 45.54873941274424 ], [ 9.273610634830344, 45.548349943780799 ] ] ] } },
{ "type": "Feature", "properties": { "from_id": "510", "population": 433.73697915315631, "gravity_community": 0.26864236148986714, "gravity_education": 1.9822085733219894, "gravity_essential_services": 0.79725493838736994, "gravity_food_and_drink": 5.7405368014749225, "gravity_healthcare": 1.0307636977755816, "gravity_shelter": 0.52306419440473229, "avg_gravity": 1.7237450944757438, "min_tt_community": 49.0, "min_tt_education": 44.0, "min_tt_essential_services": 46.0, "min_tt_food_and_drink": 40.0, "min_tt_healthcare": 47.0, "min_tt_shelter": 50.0, "avg_tt_community": 49.0, "avg_tt_education": 52.25, "avg_tt_essential_services": 49.666666666666664, "avg_tt_food_and_drink": 52.173913043478258, "avg_tt_healthcare": 50.75, "avg_tt_shelter": 50.0, "avg_tt_all": 50.640096618357482, "n_unreachable_categories": 0, "count_community": 1.0, "count_education": 8.0, "count_essential_services": 3.0, "count_food_and_drink": 23.0, "count_healthcare": 4.0, "count_shelter": 2.0, "gravity_community_per_100": 0.06193669767663669, "gravity_education_per_100": 0.45700705003113284, "gravity_essential_services_per_100": 0.18381069097312366, "gravity_food_and_drink_per_100": 1.3235064284080535, "gravity_healthcare_per_100": 0.23764717958521353, "gravity_shelter_per_100": 0.12059478890316931, "shannon": 1.2994450438001541, "kl_divergence": 0.11142058520384342, "jsd": 0.15625268487501218, "city_similarity": 0.8437473151249878 }, "geometry": { "type": "Polygon", "coordinates": [ [ [ 9.302371582729707, 45.536584701793402 ], [ 9.295967668024113, 45.536601473292038 ], [ 9.292785935826023, 45.54050725310745 ], [ 9.29339984186848, 45.541248201518023 ], [ 9.303131223458772, 45.53750135318213 ], [ 9.302371582729707, 45.536584701793402 ] ] ] } },
{ "type": "Feature", "properties": { "from_id": "511", "population": 144.87534199869592, "gravity_community": 0.75496479943773154, "gravity_education": 2.9853595642384008, "gravity_essential_services": 1.166233732756738, "gravity_food_and_drink": 7.2823452538938582, "gravity_healthcare": 1.4409779025850138, "gravity_shelter": 0.63110481344379443, "avg_gravity": 2.3768310110592563, "min_tt_community": 43.0, "min_tt_education": 37.0, "min_tt_essential_services": 40.0, "min_tt_food_and_drink": 34.0, "min_tt_healthcare": 40.0, "min_tt_shelter": 43.0, "avg_tt_community": 52.0, "avg_tt_education": 49.272727272727273, "avg_tt_essential_services": 46.5, "avg_tt_food_and_drink": 46.48, "avg_tt_healthcare": 47.0, "avg_tt_shelter": 43.0, "avg_tt_all": 47.375454545454545, "n_unreachable_categories": 0, "count_community": 3.0, "count_education": 11.0, "count_essential_services": 4.0, "count_food_and_drink": 25.0, "count_healthcare": 5.0, "count_shelter": 2.0, "gravity_community_per_100": 0.52111338549559882, "gravity_education_per_100": 2.0606402187235378, "gravity_essential_services_per_100": 0.80499118529586344, "gravity_food_and_drink_per_100": 5.0266285162311544, "gravity_healthcare_per_100": 0.99463296010578839, "gravity_shelter_per_100": 0.43561920526784692, "shannon": 1.4095581690097059, "kl_divergence": 0.13332898361860707, "jsd": 0.17029500600444231, "city_similarity": 0.82970499399555764 }, "geometry": { "type": "Polygon", "coordinates": [ [ [ 9.292785935826023, 45.54050725310745 ], [ 9.286381570351944, 45.540523488304622 ], [ 9.283198953195642, 45.544429000546231 ], [ 9.283667164635524, 45.544994221480017 ], [ 9.29339984186848, 45.541248201518023 ], [ 9.292785935826023, 45.54050725310745 ] ] ] } }
]
}
