{
"type": "FeatureCollection",
"name": "tallinn_scores",
"crs": { "type": "name", "properties": { "name": "urn:ogc:def:crs:OGC:1.3:CRS84" } },
"features": [
{ "type": "Feature", "properties": { "from_id": "0", "population": 0.0, "gravity_community": 0.0, "gravity_education": 1.4482807468869268, "gravity_essential_services": 1.241310653718906, "gravity_food_and_drink": 1.1382995504213049, "gravity_healthcare": 0.72393196115671821, "gravity_shelter": 0.46563263581653025, "avg_gravity": 0.83624259133339773, "min_tt_community": null, "min_tt_education": 40.0, "min_tt_essential_services": 53.0, "min_tt_food_and_drink": 53.0, "min_tt_healthcare": 53.0, "min_tt_shelter": 51.0, "avg_tt_community": null, "avg_tt_education": 53.666666666666664, "avg_tt_essential_services": 53.0, "avg_tt_food_and_drink": 55.2, "avg_tt_healthcare": 53.0, "avg_tt_shelter": 54.5, "avg_tt_all": 53.873333333333335, "n_unreachable_categories": 1, "count_community": 0.0, "count_education": 6.0, "count_essential_services": 2.0, "count_food_and_drink": 5.0, "count_healthcare": 3.0, "count_shelter": 2.0, "gravity_community_per_100": 0.0, "gravity_education_per_100": 0.0, "gravity_essential_services_per_100": 0.0, "gravity_food_and_drink_per_100": 0.0, "gravity_healthcare_per_100": 0.0, "gravity_shelter_per_100": 0.0, "shannon": 1.5089177624562728, "kl_divergence": 0.26598784759149524, "jsd": 0.25232771959527461, "city_similarity": 0.74767228040472533 }, "geometry": { "type": "Polygon", "coordinates": [ [ [ 24.648521937407896, 59.356053094463874 ], [ 24.652646792405857, 59.360017523717275 ], [ 24.656981941686706, 59.360095510254965 ], [ 24.655340194702148, 59.358406066894553 ], [ 24.651641845703125, 59.356384277343757 ], [ 24.65167236328125, 59.356296539306626 ], [ 24.65142822265625, 59.356216430664048 ], [ 24.651210784912109, 59.356094360351548 ], [ 24.650852203369141, 59.355880737304702 ], [ 24.65022087097168, 59.355461120605455 ], [ 24.649852752685547, 59.355270385742188 ], [ 24.649613855937655, 59.35516164662161 ], [ 24.648521937407896, 59.356053094463874 ] ] ] } },
{ "type": "Feature", "properties": { "from_id": "1", "population": 0.0, "gravity_community": 2.8150629128878792, "gravity_education": 8.2105921404157787, "gravity_essential_services": 4.3168663020905766, "gravity_food_and_drink": 17.096346365779361, "gravity_healthcare": 9.4108783425762912, "gravity_shelter": 8.3499877588511886, "avg_gravity": 8.3666223037668459, "min_tt_community": 47.0, "min_tt_education": 32.0, "min_tt_essential_services": 39.0, "min_tt_food_and_drink": 38.0, "min_tt_healthcare": 28.0, "min_tt_shelter": 39.0, "avg_tt_community": 54.166666666666664, "avg_tt_education": 50.322580645161288, "avg_tt_essential_services": 53.5, "avg_tt_food_and_drink": 53.0, "avg_tt_healthcare": 52.135135135135137, "avg_tt_shelter": 51.606060606060609, "avg_tt_all": 52.455073842170627, "n_unreachable_categories": 0, "count_community": 12.0, "count_education": 31.0, "count_essential_services": 18.0, "count_food_and_drink": 70.0, "count_healthcare": 37.0, "count_shelter": 33.0, "gravity_community_per_100": 0.0, "gravity_education_per_100": 0.0, "gravity_essential_services_per_100": 0.0, "gravity_food_and_drink_per_100": 0.0, "gravity_healthcare_per_100": 0.0, "gravity_shelter_per_100": 0.0, "shannon": 1.6481678239563222, "kl_divergence": 0.059637361807258635, "jsd": 0.11979824444779211, "city_similarity": 0.88020175555220792 }, "geometry": { "type": "Polygon", "coordinates": [ [ [ 24.68779743920328, 59.360645698834801 ], [ 24.690968582234508, 59.358053565084653 ], [ 24.689981460571289, 59.358402252197273 ], [ 24.686849594116211, 59.359519958496108 ], [ 24.683845710660041, 59.36057555148146 ], [ 24.68779743920328, 59.360645698834801 ] ] ] } },
{ "type": "Feature", "properties": { "from_id": "2", "population": 0.0, "gravity_community": 7.0563447354963085, "gravity_education": 25.50257595755048, "gravity_essential_services": 16.157313031445209, "gravity_food_and_drink": 90.303813903561419, "gravity_healthcare": 24.573468026792842, "gravity_shelter": 28.20167018174979, "avg_gravity": 31.965864306099345, "min_tt_community": 33.0, "min_tt_education": 12.0, "min_tt_essential_services": 20.0, "min_tt_food_and_drink": 20.0, "min_tt_healthcare": 21.0, "min_tt_shelter": 32.0, "avg_tt_community": 49.5, "avg_tt_education": 49.0, "avg_tt_essential_services": 52.125, "avg_tt_food_and_drink": 53.446236559139784, "avg_tt_healthcare": 49.945054945054942, "avg_tt_shelter": 51.702702702702702, "avg_tt_all": 50.953165701149572, "n_unreachable_categories": 0, "count_community": 26.0, "count_education": 91.0, "count_essential_services": 64.0, "count_food_and_drink": 372.0, "count_healthcare": 91.0, "count_shelter": 111.0, "gravity_community_per_100": 0.0, "gravity_education_per_100": 0.0, "gravity_essential_services_per_100": 0.0, "gravity_food_and_drink_per_100": 0.0, "gravity_healthcare_per_100": 0.0, "gravity_shelter_per_100": 0.0, "shannon": 1.4658676523753975, "kl_divergence": 0.0055842277661990458, "jsd": 0.037818130800453181, "city_similarity": 0.96218186919954685 }, "geometry": { "type": "MultiPolygon", "coordinates": [ [ [ [ 24.674349835515315, 59.364296554059798 ], [ 24.675176542854402, 59.363621217440432 ], [ 24.673994064331055, 59.364036560058594 ], [ 24.673305132090807, 59.36427791456952 ], [ 24.674349835515315, 59.364296554059798 ] ] ], [ [ [ 24.665561170851031, 59.364139486108641 ], [ 24.667763480459595, 59.364178900752442 ], [ 24.665097744644147, 59.363694396850121 ], [ 24.665561170851031, 59.364139486108641 ] ] ] ] } },
{ "type": "Feature", "properties": { "from_id": "3", "population": 0.0, "gravity_community": 10.108918084960735, "gravity_education": 35.532105986333868, "gravity_essential_services": 23.558285893765937, "gravity_food_and_drink": 134.63904035358041, "gravity_healthcare": 31.746692669615825, "gravity_shelter": 50.437175112200769, "avg_gravity": 47.670369683409582, "min_tt_community": 22.0, "min_tt_education": 13.0, "min_tt_essential_services": 23.0, "min_tt_food_and_drink": 10.0, "min_tt_healthcare": 25.0, "min_tt_shelter": 24.0, "avg_tt_community": 49.54054054054054, "avg_tt_education": 49.3046875, "avg_tt_essential_services": 51.488636363636367, "avg_tt_food_and_drink": 52.615101289134437, "avg_tt_healthcare": 49.788135593220339, "avg_tt_shelter": 51.555555555555557, "avg_tt_all": 50.71544280701454, "n_unreachable_categories": 0, "count_community": 37.0, "count_education": 128.0, "count_essential_services": 89.0, "count_food_and_drink": 543.0, "count_healthcare": 118.0, "count_shelter": 198.0, "gravity_community_per_100": 0.0, "gravity_education_per_100": 0.0, "gravity_essential_services_per_100": 0.0, "gravity_food_and_drink_per_100": 0.0, "gravity_healthcare_per_100": 0.0, "gravity_shelter_per_100": 0.0, "shannon": 1.4591086089668754, "kl_divergence": 0.0004538546930081197, "jsd": 0.010654728710030956, "city_similarity": 0.98934527128996907 }, "geometry": { "type": "Polygon", "coordinates": [ [ [ 24.652646792405857, 59.360017523717275 ], [ 24.647984128882722, 59.36382357464322 ], [ 24.652109842126105, 59.367788022107035 ], [ 24.660899366110733, 59.36794600214683 ], [ 24.665561170851031, 59.364139486108641 ], [ 24.665097744644147, 59.363694396850121 ], [ 24.659488677978516, 59.362674713134759 ], [ 24.656981941686706, 59.360095510254965 ], [ 24.652646792405857, 59.360017523717275 ] ] ] } },
{ "type": "Feature", "properties": { "from_id": "4", "population": 545.2604612473524, "gravity_community": 7.3244808210538972, "gravity_education": 29.270528016854669, "gravity_essential_services": 19.268777246538608, "gravity_food_and_drink": 86.055259939996887, "gravity_healthcare": 28.6339895359101, "gravity_shelter": 50.456014453829965, "avg_gravity": 36.834841669030688, "min_tt_community": 35.0, "min_tt_education": 21.0, "min_tt_essential_services": 31.0, "min_tt_food_and_drink": 28.0, "min_tt_healthcare": 17.0, "min_tt_shelter": 34.0, "avg_tt_community": 49.407407407407405, "avg_tt_education": 50.982142857142854, "avg_tt_essential_services": 52.807692307692307, "avg_tt_food_and_drink": 53.183381088825215, "avg_tt_healthcare": 50.657407407407405, "avg_tt_shelter": 51.995024875621894, "avg_tt_all": 51.505509324016174, "n_unreachable_categories": 0, "count_community": 27.0, "count_education": 112.0, "count_essential_services": 78.0, "count_food_and_drink": 350.0, "count_healthcare": 108.0, "count_shelter": 201.0, "gravity_community_per_100": 1.3432994580788453, "gravity_education_per_100": 5.3681735788974363, "gravity_essential_services_per_100": 3.5338665859722966, "gravity_food_and_drink_per_100": 15.782413370508211, "gravity_healthcare_per_100": 5.2514333187493953, "gravity_shelter_per_100": 9.2535619286249808, "shannon": 1.5479758854529362, "kl_divergence": 0.014836917369045598, "jsd": 0.060852074255540477, "city_similarity": 0.93914792574445949 }, "geometry": { "type": "Polygon", "coordinates": [ [ [ 24.674349835515315, 59.364296554059798 ], [ 24.678478701369315, 59.368260186384319 ], [ 24.68726851192627, 59.368416390556064 ], [ 24.691927450412358, 59.364608914334219 ], [ 24.68779743920328, 59.360645698834801 ], [ 24.683845710660041, 59.36057555148146 ], [ 24.675176542854402, 59.363621217440432 ], [ 24.674349835515315, 59.364296554059798 ] ] ] } },
{ "type": "Feature", "properties": { "from_id": "5", "population": 0.069089777847781475, "gravity_community": 1.5177815333659093, "gravity_education": 3.4263437773642433, "gravity_essential_services": 3.3954732664521607, "gravity_food_and_drink": 11.129994117938317, "gravity_healthcare": 5.9216701077765981, "gravity_shelter": 7.2372793054989977, "avg_gravity": 5.4380903513993717, "min_tt_community": 56.0, "min_tt_education": 42.0, "min_tt_essential_services": 46.0, "min_tt_food_and_drink": 34.0, "min_tt_healthcare": 39.0, "min_tt_shelter": 35.0, "avg_tt_community": 57.0, "avg_tt_education": 53.071428571428569, "avg_tt_essential_services": 55.533333333333331, "avg_tt_food_and_drink": 54.170212765957444, "avg_tt_healthcare": 55.615384615384613, "avg_tt_shelter": 51.214285714285715, "avg_tt_all": 54.434107500064947, "n_unreachable_categories": 0, "count_community": 7.0, "count_education": 14.0, "count_essential_services": 15.0, "count_food_and_drink": 47.0, "count_healthcare": 26.0, "count_shelter": 28.0, "gravity_community_per_100": 2196.8250306288201, "gravity_education_per_100": 4959.2629823085554, "gravity_essential_services_per_100": 4914.5812480871828, "gravity_food_and_drink_per_100": 16109.46577720934, "gravity_healthcare_per_100": 8570.9786487130059, "gravity_shelter_per_100": 10475.181033935532, "shannon": 1.6341553772945701, "kl_divergence": 0.055413941525283943, "jsd": 0.11589172174754461, "city_similarity": 0.88410827825245542 }, "geometry": { "type": "Polygon", "coordinates": [ [ [ 24.696437202015041, 59.3569086180458 ], [ 24.696039199829105, 59.356262207031236 ], [ 24.694315754066057, 59.356871113074625 ], [ 24.696437202015041, 59.3569086180458 ] ] ] } },
{ "type": "Feature", "properties": { "from_id": "6", "population": 0.13909853615991649, "gravity_community": 8.4395728161075514, "gravity_education": 23.660362189926598, "gravity_essential_services": 18.295748927475227, "gravity_food_and_drink": 134.71982013269724, "gravity_healthcare": 26.631574571844659, "gravity_shelter": 33.692814658814157, "avg_gravity": 40.906648882810906, "min_tt_community": 48.0, "min_tt_education": 28.0, "min_tt_essential_services": 35.0, "min_tt_food_and_drink": 25.0, "min_tt_healthcare": 29.0, "min_tt_shelter": 18.0, "avg_tt_community": 54.194444444444443, "avg_tt_education": 52.042553191489361, "avg_tt_essential_services": 51.666666666666664, "avg_tt_food_and_drink": 52.722627737226276, "avg_tt_healthcare": 51.790476190476191, "avg_tt_shelter": 50.677165354330711, "avg_tt_all": 52.182322264105608, "n_unreachable_categories": 0, "count_community": 36.0, "count_education": 94.0, "count_essential_services": 72.0, "count_food_and_drink": 548.0, "count_healthcare": 105.0, "count_shelter": 127.0, "gravity_community_per_100": 6067.3340274443181, "gravity_education_per_100": 17009.785180431478, "gravity_essential_services_per_100": 13153.085167223668, "gravity_food_and_drink_per_100": 96852.076126678134, "gravity_healthcare_per_100": 19145.83381469041, "gravity_shelter_per_100": 24222.264007206202, "shannon": 1.3664621788421252, "kl_divergence": 0.017108351167762471, "jsd": 0.066197122235129385, "city_similarity": 0.93380287776487059 }, "geometry": { "type": "Polygon", "coordinates": [ [ [ 24.717973398438883, 59.357991892789656 ], [ 24.714672088623047, 59.357868194580078 ], [ 24.71595367195464, 59.359644393731301 ], [ 24.717973398438883, 59.357991892789656 ] ] ] } },
{ "type": "Feature", "properties": { "from_id": "7", "population": 0.34472644033038491, "gravity_community": 9.6076540193158042, "gravity_education": 30.090180938217959, "gravity_essential_services": 23.590772096779432, "gravity_food_and_drink": 163.43641853421414, "gravity_healthcare": 33.768651885762416, "gravity_shelter": 47.774656166657557, "avg_gravity": 51.378055606824553, "min_tt_community": 46.0, "min_tt_education": 24.0, "min_tt_essential_services": 30.0, "min_tt_food_and_drink": 22.0, "min_tt_healthcare": 26.0, "min_tt_shelter": 15.0, "avg_tt_community": 52.384615384615387, "avg_tt_education": 51.36752136752137, "avg_tt_essential_services": 51.402173913043477, "avg_tt_food_and_drink": 51.762052877138416, "avg_tt_healthcare": 51.259541984732827, "avg_tt_shelter": 51.104395604395606, "avg_tt_all": 51.546716855241179, "n_unreachable_categories": 0, "count_community": 39.0, "count_education": 117.0, "count_essential_services": 92.0, "count_food_and_drink": 644.0, "count_healthcare": 131.0, "count_shelter": 182.0, "gravity_community_per_100": 2787.0371678214915, "gravity_education_per_100": 8728.7128046748057, "gravity_essential_services_per_100": 6843.3312147945771, "gravity_food_and_drink_per_100": 47410.467957600558, "gravity_healthcare_per_100": 9795.7823755551308, "gravity_shelter_per_100": 13858.715368879293, "shannon": 1.3954499091568022, "kl_divergence": 0.0073638332782043521, "jsd": 0.043127568717171834, "city_similarity": 0.95687243128282817 }, "geometry": { "type": "Polygon", "coordinates": [ [ [ 24.718294581302917, 59.365073015483063 ], [ 24.727083812444629, 59.365226532011455 ], [ 24.731737876564523, 59.36141760213291 ], [ 24.72858380668308, 59.35839509140601 ], [ 24.727298736572266, 59.358345031738267 ], [ 24.723432540893555, 59.358196258544922 ], [ 24.717973398438883, 59.357991892789656 ], [ 24.71595367195464, 59.359644393731301 ], [ 24.716485977172852, 59.360382080078139 ], [ 24.719112396240234, 59.364021301269538 ], [ 24.717378616333011, 59.364063262939439 ], [ 24.717244548897725, 59.364066464162029 ], [ 24.718294581302917, 59.365073015483063 ] ] ] } },
{ "type": "Feature", "properties": { "from_id": "8", "population": 74.011323919869497, "gravity_community": 1.8504065705176815, "gravity_education": 5.8409528945599565, "gravity_essential_services": 3.7674707580504925, "gravity_food_and_drink": 14.519373586104413, "gravity_healthcare": 7.0229598669436717, "gravity_shelter": 8.7880878671412805, "avg_gravity": 6.9648752572195818, "min_tt_community": 53.0, "min_tt_education": 37.0, "min_tt_essential_services": 41.0, "min_tt_food_and_drink": 29.0, "min_tt_healthcare": 34.0, "min_tt_shelter": 31.0, "avg_tt_community": 54.625, "avg_tt_education": 51.869565217391305, "avg_tt_essential_services": 54.125, "avg_tt_food_and_drink": 53.589285714285715, "avg_tt_healthcare": 52.357142857142854, "avg_tt_shelter": 50.303030303030305, "avg_tt_all": 52.811504015308365, "n_unreachable_categories": 0, "count_community": 8.0, "count_education": 23.0, "count_essential_services": 16.0, "count_food_and_drink": 57.0, "count_healthcare": 28.0, "count_shelter": 33.0, "gravity_community_per_100": 2.5001668292288324, "gravity_education_per_100": 7.8919719107900743, "gravity_essential_services_per_100": 5.0903977371482414, "gravity_food_and_drink_per_100": 19.61777308810775, "gravity_healthcare_per_100": 9.4890342382569486, "gravity_shelter_per_100": 11.873977388454717, "shannon": 1.6377411294144946, "kl_divergence": 0.043977179448733611, "jsd": 0.1043837235416048, "city_similarity": 0.89561627645839526 }, "geometry": { "type": "Polygon", "coordinates": [ [ [ 24.68779743920328, 59.360645698834801 ], [ 24.691927450412358, 59.364608914334219 ], [ 24.700716399928314, 59.364764206631683 ], [ 24.703334272363332, 59.362623701055433 ], [ 24.702342987060547, 59.362129211425788 ], [ 24.697084426879883, 59.357959747314453 ], [ 24.696437202015041, 59.3569086180458 ], [ 24.694315754066057, 59.356871113074625 ], [ 24.690968582234508, 59.358053565084653 ], [ 24.68779743920328, 59.360645698834801 ] ] ] } },
{ "type": "Feature", "properties": { "from_id": "9", "population": 1.0914279663272899, "gravity_community": 14.232197547078018, "gravity_education": 46.377658601161066, "gravity_essential_services": 31.152971089117774, "gravity_food_and_drink": 191.50449643716956, "gravity_healthcare": 47.099151491700702, "gravity_shelter": 77.260548846830986, "avg_gravity": 67.937837335509684, "min_tt_community": 34.0, "min_tt_education": 19.0, "min_tt_essential_services": 24.0, "min_tt_food_and_drink": 12.0, "min_tt_healthcare": 17.0, "min_tt_shelter": 13.0, "avg_tt_community": 50.462962962962962, "avg_tt_education": 50.218390804597703, "avg_tt_essential_services": 50.406779661016948, "avg_tt_food_and_drink": 51.129905277401896, "avg_tt_healthcare": 49.92, "avg_tt_shelter": 49.591549295774648, "avg_tt_all": 50.28826466695903, "n_unreachable_categories": 0, "count_community": 54.0, "count_education": 174.0, "count_essential_services": 118.0, "count_food_and_drink": 740.0, "count_healthcare": 175.0, "count_shelter": 284.0, "gravity_community_per_100": 1303.9978804070854, "gravity_education_per_100": 4249.2642695627655, "gravity_essential_services_per_100": 2854.3313943062217, "gravity_food_and_drink_per_100": 17546.233223397401, "gravity_healthcare_per_100": 4315.3696757644684, "gravity_shelter_per_100": 7078.8500231322305, "shannon": 1.470229731669733, "kl_divergence": 0.00050800654485578774, "jsd": 0.011308949318580779, "city_similarity": 0.98869105068141927 }, "geometry": { "type": "Polygon", "coordinates": [ [ [ 24.700716399928314, 59.364764206631683 ], [ 24.704848417102859, 59.368727022941059 ], [ 24.71363851100535, 59.368881451128651 ], [ 24.718294581302917, 59.365073015483063 ], [ 24.717244548897725, 59.364066464162029 ], [ 24.715940475463867, 59.364097595214858 ], [ 24.714448928833008, 59.364131927490234 ], [ 24.71407508850098, 59.363296508789048 ], [ 24.70751953125, 59.364894866943352 ], [ 24.70709228515625, 59.364498138427749 ], [ 24.703334272363332, 59.362623701055433 ], [ 24.700716399928314, 59.364764206631683 ] ] ] } },
{ "type": "Feature", "properties": { "from_id": "10", "population": 197.36577476372076, "gravity_community": 6.1656220036799887, "gravity_education": 21.702041476028974, "gravity_essential_services": 14.407663898416878, "gravity_food_and_drink": 79.892917792431476, "gravity_healthcare": 21.492195039626601, "gravity_shelter": 32.055702714472169, "avg_gravity": 29.286023820776013, "min_tt_community": 34.0, "min_tt_education": 27.0, "min_tt_essential_services": 32.0, "min_tt_food_and_drink": 25.0, "min_tt_healthcare": 21.0, "min_tt_shelter": 27.0, "avg_tt_community": 49.913043478260867, "avg_tt_education": 51.012048192771083, "avg_tt_essential_services": 52.517241379310342, "avg_tt_food_and_drink": 53.679878048780488, "avg_tt_healthcare": 49.746835443037973, "avg_tt_shelter": 52.612403100775197, "avg_tt_all": 51.580241607155983, "n_unreachable_categories": 0, "count_community": 23.0, "count_education": 83.0, "count_essential_services": 58.0, "count_food_and_drink": 329.0, "count_healthcare": 79.0, "count_shelter": 129.0, "gravity_community_per_100": 3.1239570341216707, "gravity_education_per_100": 10.995848445359831, "gravity_essential_services_per_100": 7.2999809190145646, "gravity_food_and_drink_per_100": 40.479621093412177, "gravity_healthcare_per_100": 10.889524825343344, "gravity_shelter_per_100": 16.241773809490581, "shannon": 1.4834764860836285, "kl_divergence": 0.00057604684912724983, "jsd": 0.011949956770419351, "city_similarity": 0.98805004322958068 }, "geometry": { "type": "Polygon", "coordinates": [ [ [ 24.700716399928314, 59.364764206631683 ], [ 24.691927450412358, 59.364608914334219 ], [ 24.68726851192627, 59.368416390556064 ], [ 24.69139938417641, 59.372379623912032 ], [ 24.700190340195615, 59.372534964008203 ], [ 24.704848417102859, 59.368727022941059 ], [ 24.700716399928314, 59.364764206631683 ] ] ] } },
{ "type": "Feature", "properties": { "from_id": "11", "population": 96.426031717007078, "gravity_community": 13.22258563490937, "gravity_education": 46.941920259345025, "gravity_essential_services": 30.464693831617016, "gravity_food_and_drink": 160.25013925269414, "gravity_healthcare": 44.443453591087732, "gravity_shelter": 71.787298580750829, "avg_gravity": 61.185015191734017, "min_tt_community": 26.0, "min_tt_education": 4.0, "min_tt_essential_services": 11.0, "min_tt_food_and_drink": 12.0, "min_tt_healthcare": 13.0, "min_tt_shelter": 29.0, "avg_tt_community": 49.354166666666664, "avg_tt_education": 48.850299401197603, "avg_tt_essential_services": 50.775862068965516, "avg_tt_food_and_drink": 52.030110935023771, "avg_tt_healthcare": 49.273291925465841, "avg_tt_shelter": 49.866171003717469, "avg_tt_all": 50.024983666839482, "n_unreachable_categories": 0, "count_community": 48.0, "count_education": 167.0, "count_essential_services": 116.0, "count_food_and_drink": 632.0, "count_healthcare": 161.0, "count_shelter": 269.0, "gravity_community_per_100": 13.712672189720781, "gravity_education_per_100": 48.681792067427452, "gravity_essential_services_per_100": 31.593847936235068, "gravity_food_and_drink_per_100": 166.1897066582593, "gravity_healthcare_per_100": 46.090721353670567, "gravity_shelter_per_100": 74.448048211123663, "shannon": 1.5028756791445796, "kl_divergence": 0.001639944464531866, "jsd": 0.020221313420415561, "city_similarity": 0.97977868657958445 }, "geometry": { "type": "Polygon", "coordinates": [ [ [ 24.665561170851031, 59.364139486108641 ], [ 24.660899366110733, 59.36794600214683 ], [ 24.665027085534302, 59.371910051199883 ], [ 24.67381775648709, 59.372067167494968 ], [ 24.678478701369315, 59.368260186384319 ], [ 24.674349835515315, 59.364296554059798 ], [ 24.673305132090807, 59.36427791456952 ], [ 24.671598434448246, 59.364875793457024 ], [ 24.667763480459595, 59.364178900752442 ], [ 24.665561170851031, 59.364139486108641 ] ] ] } },
{ "type": "Feature", "properties": { "from_id": "12", "population": 717.41683194872076, "gravity_community": 17.767954655861317, "gravity_education": 60.617120177327998, "gravity_essential_services": 39.158837159526406, "gravity_food_and_drink": 214.07879685400161, "gravity_healthcare": 58.444252267591679, "gravity_shelter": 90.295329688391618, "avg_gravity": 80.060381800450116, "min_tt_community": 20.0, "min_tt_education": 10.0, "min_tt_essential_services": 20.0, "min_tt_food_and_drink": 15.0, "min_tt_healthcare": 5.0, "min_tt_shelter": 20.0, "avg_tt_community": 48.634920634920633, "avg_tt_education": 48.665116279069764, "avg_tt_essential_services": 49.595744680851062, "avg_tt_food_and_drink": 50.469864698646987, "avg_tt_healthcare": 48.676470588235297, "avg_tt_shelter": 48.362229102167184, "avg_tt_all": 49.067390997315158, "n_unreachable_categories": 0, "count_community": 63.0, "count_education": 215.0, "count_essential_services": 142.0, "count_food_and_drink": 813.0, "count_healthcare": 205.0, "count_shelter": 323.0, "gravity_community_per_100": 2.4766570652654174, "gravity_education_per_100": 8.4493585148641674, "gravity_essential_services_per_100": 5.4583103456269875, "gravity_food_and_drink_per_100": 29.840225001760682, "gravity_healthcare_per_100": 8.1464846745844319, "gravity_shelter_per_100": 12.586173848628871, "shannon": 1.49718892960976, "kl_divergence": 0.0014860077808715527, "jsd": 0.019178781951023981, "city_similarity": 0.98082121804897604 }, "geometry": { "type": "Polygon", "coordinates": [ [ [ 24.68726851192627, 59.368416390556064 ], [ 24.678478701369315, 59.368260186384319 ], [ 24.67381775648709, 59.372067167494968 ], [ 24.677947482736975, 59.376030817801151 ], [ 24.686739300228009, 59.376187070055174 ], [ 24.69139938417641, 59.372379623912032 ], [ 24.68726851192627, 59.368416390556064 ] ] ] } },
{ "type": "Feature", "properties": { "from_id": "13", "population": 854.6112833585729, "gravity_community": 14.500926501646219, "gravity_education": 48.994464301836651, "gravity_essential_services": 31.027774163809369, "gravity_food_and_drink": 181.88452156683687, "gravity_healthcare": 47.098833534189708, "gravity_shelter": 75.190375232557926, "avg_gravity": 66.449482550146115, "min_tt_community": 14.0, "min_tt_education": 13.0, "min_tt_essential_services": 11.0, "min_tt_food_and_drink": 9.0, "min_tt_healthcare": 12.0, "min_tt_shelter": 19.0, "avg_tt_community": 48.2, "avg_tt_education": 47.761904761904759, "avg_tt_essential_services": 50.155172413793103, "avg_tt_food_and_drink": 51.720897615708274, "avg_tt_healthcare": 49.699421965317917, "avg_tt_shelter": 50.127208480565372, "avg_tt_all": 49.610767539548242, "n_unreachable_categories": 0, "count_community": 50.0, "count_education": 168.0, "count_essential_services": 116.0, "count_food_and_drink": 713.0, "count_healthcare": 173.0, "count_shelter": 283.0, "gravity_community_per_100": 1.6967862212933134, "gravity_education_per_100": 5.7329531280339801, "gravity_essential_services_per_100": 3.6306300616429974, "gravity_food_and_drink_per_100": 21.282719419762543, "gravity_healthcare_per_100": 5.5111410826562013, "gravity_shelter_per_100": 8.79819593968665, "shannon": 1.4728599528907047, "kl_divergence": 0.0005368139095091309, "jsd": 0.011598234676554483, "city_similarity": 0.98840176532344548 }, "geometry": { "type": "Polygon", "coordinates": [ [ [ 24.660899366110733, 59.36794600214683 ], [ 24.652109842126105, 59.367788022107035 ], [ 24.647446031205629, 59.371594042501485 ], [ 24.651572603123139, 59.375558508186359 ], [ 24.660364133825773, 59.375716536853751 ], [ 24.665027085534302, 59.371910051199883 ], [ 24.660899366110733, 59.36794600214683 ] ] ] } },
{ "type": "Feature", "properties": { "from_id": "14", "population": 1344.7731823253896, "gravity_community": 22.500353925901639, "gravity_education": 76.296630006593517, "gravity_essential_services": 48.497632632794499, "gravity_food_and_drink": 285.44689082305473, "gravity_healthcare": 70.947084707342398, "gravity_shelter": 106.7654521181571, "avg_gravity": 101.74234070230732, "min_tt_community": 14.0, "min_tt_education": 4.0, "min_tt_essential_services": 8.0, "min_tt_food_and_drink": 3.0, "min_tt_healthcare": 7.0, "min_tt_shelter": 19.0, "avg_tt_community": 45.534246575342465, "avg_tt_education": 45.847389558232933, "avg_tt_essential_services": 46.848484848484851, "avg_tt_food_and_drink": 46.574074074074076, "avg_tt_healthcare": 45.875536480686698, "avg_tt_shelter": 46.40443213296399, "avg_tt_all": 46.180693944964162, "n_unreachable_categories": 0, "count_community": 73.0, "count_education": 249.0, "count_essential_services": 165.0, "count_food_and_drink": 972.0, "count_healthcare": 233.0, "count_shelter": 361.0, "gravity_community_per_100": 1.673170927382259, "gravity_education_per_100": 5.6735686738384343, "gravity_essential_services_per_100": 3.606380114521031, "gravity_food_and_drink_per_100": 21.22639673178627, "gravity_healthcare_per_100": 5.2757658793180484, "gravity_shelter_per_100": 7.9392906938802614, "shannon": 1.4837349343931723, "kl_divergence": 0.0011425057270643291, "jsd": 0.016827173677383928, "city_similarity": 0.98317282632261604 }, "geometry": { "type": "Polygon", "coordinates": [ [ [ 24.67381775648709, 59.372067167494968 ], [ 24.665027085534302, 59.371910051199883 ], [ 24.660364133825773, 59.375716536853751 ], [ 24.664492712999252, 59.379680604013544 ], [ 24.673285391316433, 59.379837768674612 ], [ 24.677947482736975, 59.376030817801151 ], [ 24.67381775648709, 59.372067167494968 ] ] ] } },
{ "type": "Feature", "properties": { "from_id": "15", "population": 1358.0480448814797, "gravity_community": 13.559471116482277, "gravity_education": 50.624365806439179, "gravity_essential_services": 30.718588029527538, "gravity_food_and_drink": 127.46468797581953, "gravity_healthcare": 42.390287824574933, "gravity_shelter": 80.366526312479635, "avg_gravity": 57.520654510887177, "min_tt_community": 7.0, "min_tt_education": 3.0, "min_tt_essential_services": 21.0, "min_tt_food_and_drink": 14.0, "min_tt_healthcare": 15.0, "min_tt_shelter": 18.0, "avg_tt_community": 45.238095238095241, "avg_tt_education": 47.294117647058826, "avg_tt_essential_services": 50.070175438596493, "avg_tt_food_and_drink": 51.243353783231086, "avg_tt_healthcare": 48.268456375838923, "avg_tt_shelter": 48.479166666666664, "avg_tt_all": 48.432227524914545, "n_unreachable_categories": 0, "count_community": 42.0, "count_education": 170.0, "count_essential_services": 114.0, "count_food_and_drink": 489.0, "count_healthcare": 149.0, "count_shelter": 288.0, "gravity_community_per_100": 0.9984529757682945, "gravity_education_per_100": 3.7277301047811822, "gravity_essential_services_per_100": 2.2619662202163422, "gravity_food_and_drink_per_100": 9.3858747086480072, "gravity_healthcare_per_100": 3.1214129709434868, "gravity_shelter_per_100": 5.9177969892437368, "shannon": 1.5617464687449996, "kl_divergence": 0.01775970666404865, "jsd": 0.066619064106599513, "city_similarity": 0.93338093589340043 }, "geometry": { "type": "Polygon", "coordinates": [ [ [ 24.660364133825773, 59.375716536853751 ], [ 24.651572603123139, 59.375558508186359 ], [ 24.646907644158652, 59.379364498037766 ], [ 24.65103507517928, 59.383328981954392 ], [ 24.659828613676108, 59.383487059271573 ], [ 24.664492712999252, 59.379680604013544 ], [ 24.660364133825773, 59.375716536853751 ] ] ] } },
{ "type": "Feature", "properties": { "from_id": "16", "population": 1146.5523751269391, "gravity_community": 25.824311737399764, "gravity_education": 86.741278593891039, "gravity_essential_services": 58.032667734716412, "gravity_food_and_drink": 332.17537656405682, "gravity_healthcare": 82.807460709987708, "gravity_shelter": 127.55653122426594, "avg_gravity": 118.85627109405296, "min_tt_community": 6.0, "min_tt_education": 5.0, "min_tt_essential_services": 20.0, "min_tt_food_and_drink": 6.0, "min_tt_healthcare": 9.0, "min_tt_shelter": 17.0, "avg_tt_community": 43.243589743589745, "avg_tt_education": 43.462686567164177, "avg_tt_essential_services": 44.271739130434781, "avg_tt_food_and_drink": 44.92565055762082, "avg_tt_healthcare": 43.5546875, "avg_tt_shelter": 42.2421875, "avg_tt_all": 43.616756833134922, "n_unreachable_categories": 0, "count_community": 78.0, "count_education": 268.0, "count_essential_services": 184.0, "count_food_and_drink": 1077.0, "count_healthcare": 256.0, "count_shelter": 384.0, "gravity_community_per_100": 2.2523447072830547, "gravity_education_per_100": 7.5654004540601631, "gravity_essential_services_per_100": 5.0614929586876833, "gravity_food_and_drink_per_100": 28.971670528987431, "gravity_healthcare_per_100": 7.2223007432015294, "gravity_shelter_per_100": 11.12522497806903, "shannon": 1.4770701015403365, "kl_divergence": 0.0011626903542700882, "jsd": 0.017047750174881752, "city_similarity": 0.9829522498251182 }, "geometry": { "type": "Polygon", "coordinates": [ [ [ 24.686739300228009, 59.376187070055174 ], [ 24.677947482736975, 59.376030817801151 ], [ 24.673285391316433, 59.379837768674612 ], [ 24.677415978392524, 59.383801436973037 ], [ 24.686209803894037, 59.383957737331322 ], [ 24.690871033950046, 59.380150321278229 ], [ 24.686739300228009, 59.376187070055174 ] ] ] } },
{ "type": "Feature", "properties": { "from_id": "17", "population": 1382.9706087457041, "gravity_community": 27.110346298796703, "gravity_education": 88.027316409137342, "gravity_essential_services": 55.741878387653912, "gravity_food_and_drink": 306.59730905256453, "gravity_healthcare": 80.518645768572142, "gravity_shelter": 137.13260289924921, "avg_gravity": 115.85468313599563, "min_tt_community": 6.0, "min_tt_education": 9.0, "min_tt_essential_services": 13.0, "min_tt_food_and_drink": 3.0, "min_tt_healthcare": 4.0, "min_tt_shelter": 5.0, "avg_tt_community": 42.734177215189874, "avg_tt_education": 41.083333333333336, "avg_tt_essential_services": 43.491228070175438, "avg_tt_food_and_drink": 47.676415094339625, "avg_tt_healthcare": 42.863070539419084, "avg_tt_shelter": 39.305851063829785, "avg_tt_all": 42.859012552714525, "n_unreachable_categories": 0, "count_community": 79.0, "count_education": 252.0, "count_essential_services": 171.0, "count_food_and_drink": 1060.0, "count_healthcare": 241.0, "count_shelter": 376.0, "gravity_community_per_100": 1.9602980806211523, "gravity_education_per_100": 6.3650894568883425, "gravity_essential_services_per_100": 4.0305902406855516, "gravity_food_and_drink_per_100": 22.16947396522297, "gravity_healthcare_per_100": 5.8221516248706946, "gravity_shelter_per_100": 9.9158002369712452, "shannon": 1.4667157845460919, "kl_divergence": 0.0009416420686715124, "jsd": 0.015370070160557529, "city_similarity": 0.98462992983944242 }, "geometry": { "type": "Polygon", "coordinates": [ [ [ 24.673285391316433, 59.379837768674612 ], [ 24.664492712999252, 59.379680604013544 ], [ 24.659828613676108, 59.383487059271573 ], [ 24.663958053029301, 59.387451144548734 ], [ 24.672752739787573, 59.387608357597884 ], [ 24.677415978392524, 59.383801436973037 ], [ 24.673285391316433, 59.379837768674612 ] ] ] } },
{ "type": "Feature", "properties": { "from_id": "18", "population": 1469.4005547362569, "gravity_community": 18.439664932523868, "gravity_education": 62.349878885432609, "gravity_essential_services": 41.48919603560465, "gravity_food_and_drink": 215.29411349546388, "gravity_healthcare": 56.349387609391201, "gravity_shelter": 102.59762748540275, "avg_gravity": 82.753311407303173, "min_tt_community": 9.0, "min_tt_education": 15.0, "min_tt_essential_services": 23.0, "min_tt_food_and_drink": 8.0, "min_tt_healthcare": 19.0, "min_tt_shelter": 20.0, "avg_tt_community": 46.383333333333333, "avg_tt_education": 46.192307692307693, "avg_tt_essential_services": 46.901408450704224, "avg_tt_food_and_drink": 50.61310259579728, "avg_tt_healthcare": 47.237113402061858, "avg_tt_shelter": 43.838509316770185, "avg_tt_all": 46.86096246516243, "n_unreachable_categories": 0, "count_community": 60.0, "count_education": 208.0, "count_essential_services": 142.0, "count_food_and_drink": 810.0, "count_healthcare": 194.0, "count_shelter": 322.0, "gravity_community_per_100": 1.2549107098869721, "gravity_education_per_100": 4.2432186842765827, "gravity_essential_services_per_100": 2.8235456902390754, "gravity_food_and_drink_per_100": 14.65183287167787, "gravity_healthcare_per_100": 3.8348554740749616, "gravity_shelter_per_100": 6.9822777155421747, "shannon": 1.4883919732887039, "kl_divergence": 0.0007584035668416184, "jsd": 0.013708134777841149, "city_similarity": 0.98629186522215884 }, "geometry": { "type": "Polygon", "coordinates": [ [ [ 24.659828613676108, 59.383487059271573 ], [ 24.65103507517928, 59.383328981954392 ], [ 24.646368967523586, 59.387134941251148 ], [ 24.650497258076623, 59.391099443410226 ], [ 24.65929280544464, 59.391257569399428 ], [ 24.663958053029301, 59.387451144548734 ], [ 24.659828613676108, 59.383487059271573 ] ] ] } },
{ "type": "Feature", "properties": { "from_id": "19", "population": 831.42137879587051, "gravity_community": 33.742455801864566, "gravity_education": 112.62871132703599, "gravity_essential_services": 78.407971243752655, "gravity_food_and_drink": 410.26660326432068, "gravity_healthcare": 104.98678987963439, "gravity_shelter": 176.9832370503255, "avg_gravity": 152.8359614278223, "min_tt_community": 2.0, "min_tt_education": 6.0, "min_tt_essential_services": 1.0, "min_tt_food_and_drink": 1.0, "min_tt_healthcare": 3.0, "min_tt_shelter": 1.0, "avg_tt_community": 37.139534883720927, "avg_tt_education": 36.382456140350875, "avg_tt_essential_services": 38.572115384615387, "avg_tt_food_and_drink": 40.094127806563037, "avg_tt_healthcare": 37.025925925925925, "avg_tt_shelter": 35.55402298850575, "avg_tt_all": 37.461363854946988, "n_unreachable_categories": 0, "count_community": 86.0, "count_education": 285.0, "count_essential_services": 208.0, "count_food_and_drink": 1158.0, "count_healthcare": 270.0, "count_shelter": 435.0, "gravity_community_per_100": 4.0584060817311469, "gravity_education_per_100": 13.546525768937251, "gravity_essential_services_per_100": 9.430593588693764, "gravity_food_and_drink_per_100": 49.345207343417229, "gravity_healthcare_per_100": 12.627386371960325, "gravity_shelter_per_100": 21.286827782399158, "shannon": 1.4829463813765988, "kl_divergence": 0.00048559749942164981, "jsd": 0.010993062899038087, "city_similarity": 0.98900693710096188 }, "geometry": { "type": "Polygon", "coordinates": [ [ [ 24.686209803894037, 59.383957737331322 ], [ 24.677415978392524, 59.383801436973037 ], [ 24.672752739787573, 59.387608357597884 ], [ 24.676884188120479, 59.391572043899153 ], [ 24.685680022709693, 59.391728392383676 ], [ 24.690342399519093, 59.387921006431981 ], [ 24.686209803894037, 59.383957737331322 ] ] ] } },
{ "type": "Feature", "properties": { "from_id": "20", "population": 1207.2116321766248, "gravity_community": 26.345251105763928, "gravity_education": 85.370489986167684, "gravity_essential_services": 56.136637061928674, "gravity_food_and_drink": 320.43883260917329, "gravity_healthcare": 79.369203305178175, "gravity_shelter": 138.74628517229263, "avg_gravity": 117.7344498734174, "min_tt_community": 14.0, "min_tt_education": 10.0, "min_tt_essential_services": 18.0, "min_tt_food_and_drink": 7.0, "min_tt_healthcare": 17.0, "min_tt_shelter": 9.0, "avg_tt_community": 43.617283950617285, "avg_tt_education": 41.853174603174601, "avg_tt_essential_services": 42.226190476190474, "avg_tt_food_and_drink": 46.113084112149529, "avg_tt_healthcare": 42.792531120331951, "avg_tt_shelter": 38.509433962264154, "avg_tt_all": 42.518616370787996, "n_unreachable_categories": 0, "count_community": 81.0, "count_education": 252.0, "count_essential_services": 168.0, "count_food_and_drink": 1070.0, "count_healthcare": 241.0, "count_shelter": 371.0, "gravity_community_per_100": 2.1823225028293471, "gravity_education_per_100": 7.0717086971936407, "gravity_essential_services_per_100": 4.6501073685575145, "gravity_food_and_drink_per_100": 26.543716451059719, "gravity_healthcare_per_100": 6.574589010716708, "gravity_shelter_per_100": 11.493120300881339, "shannon": 1.4627877490219803, "kl_divergence": 0.0013793448320194128, "jsd": 0.018619224796602087, "city_similarity": 0.98138077520339795 }, "geometry": { "type": "Polygon", "coordinates": [ [ [ 24.672752739787573, 59.387608357597884 ], [ 24.663958053029301, 59.387451144548734 ], [ 24.65929280544464, 59.391257569399428 ], [ 24.663423105407638, 59.395221672804631 ], [ 24.672219801684513, 59.395378934263967 ], [ 24.676884188120479, 59.391572043899153 ], [ 24.672752739787573, 59.387608357597884 ] ] ] } },
{ "type": "Feature", "properties": { "from_id": "21", "population": 1048.1681951393621, "gravity_community": 18.009711352287582, "gravity_education": 63.491756514388712, "gravity_essential_services": 41.388848120445317, "gravity_food_and_drink": 213.36417069485248, "gravity_healthcare": 55.506720837492729, "gravity_shelter": 102.11482658209535, "avg_gravity": 82.312672350260357, "min_tt_community": 15.0, "min_tt_education": 11.0, "min_tt_essential_services": 21.0, "min_tt_food_and_drink": 10.0, "min_tt_healthcare": 19.0, "min_tt_shelter": 14.0, "avg_tt_community": 46.457627118644069, "avg_tt_education": 45.307317073170729, "avg_tt_essential_services": 46.635714285714286, "avg_tt_food_and_drink": 50.71641791044776, "avg_tt_healthcare": 46.566844919786099, "avg_tt_shelter": 44.231481481481481, "avg_tt_all": 46.652567131540735, "n_unreachable_categories": 0, "count_community": 59.0, "count_education": 205.0, "count_essential_services": 140.0, "count_food_and_drink": 805.0, "count_healthcare": 187.0, "count_shelter": 324.0, "gravity_community_per_100": 1.7182081497801076, "gravity_education_per_100": 6.0574015514701811, "gravity_essential_services_per_100": 3.9486838383740834, "gravity_food_and_drink_per_100": 20.355909641628084, "gravity_healthcare_per_100": 5.2955929301129654, "gravity_shelter_per_100": 9.7422176188544238, "shannon": 1.484423792641907, "kl_divergence": 0.00064799429268885692, "jsd": 0.012673539011042642, "city_similarity": 0.98732646098895738 }, "geometry": { "type": "Polygon", "coordinates": [ [ [ 24.634531083238464, 59.367470286250487 ], [ 24.625741849052307, 59.367310530460003 ], [ 24.621075174033621, 59.371115589379421 ], [ 24.625198590331763, 59.375080869566141 ], [ 24.633989831017445, 59.375240674529429 ], [ 24.638655648546937, 59.371435150124277 ], [ 24.634531083238464, 59.367470286250487 ] ] ] } },
{ "type": "Feature", "properties": { "from_id": "22", "population": 1404.3476454613385, "gravity_community": 15.435897080361601, "gravity_education": 57.910357795670159, "gravity_essential_services": 37.060842832154499, "gravity_food_and_drink": 181.96780414181609, "gravity_healthcare": 49.132714115918432, "gravity_shelter": 92.855560880684806, "avg_gravity": 72.393862807767604, "min_tt_community": 3.0, "min_tt_education": 2.0, "min_tt_essential_services": 21.0, "min_tt_food_and_drink": 14.0, "min_tt_healthcare": 19.0, "min_tt_shelter": 14.0, "avg_tt_community": 44.255319148936174, "avg_tt_education": 45.081081081081081, "avg_tt_essential_services": 47.102362204724407, "avg_tt_food_and_drink": 51.076258992805755, "avg_tt_healthcare": 46.412121212121214, "avg_tt_shelter": 44.916943521594682, "avg_tt_all": 46.474014360210553, "n_unreachable_categories": 0, "count_community": 47.0, "count_education": 185.0, "count_essential_services": 127.0, "count_food_and_drink": 695.0, "count_healthcare": 165.0, "count_shelter": 301.0, "gravity_community_per_100": 1.0991507074653724, "gravity_education_per_100": 4.1236482991108794, "gravity_essential_services_per_100": 2.6390077237591507, "gravity_food_and_drink_per_100": 12.957461404226468, "gravity_healthcare_per_100": 3.4986147678396238, "gravity_shelter_per_100": 6.612006733573514, "shannon": 1.4907587392125605, "kl_divergence": 0.0017661046561728531, "jsd": 0.020944812579699334, "city_similarity": 0.97905518742030062 }, "geometry": { "type": "Polygon", "coordinates": [ [ [ 24.647446031205629, 59.371594042501485 ], [ 24.638655648546937, 59.371435150124277 ], [ 24.633989831017445, 59.375240674529429 ], [ 24.638115254352957, 59.379205556749184 ], [ 24.646907644158652, 59.379364498037766 ], [ 24.651572603123139, 59.375558508186359 ], [ 24.647446031205629, 59.371594042501485 ] ] ] } },
{ "type": "Feature", "properties": { "from_id": "23", "population": 1435.038305853514, "gravity_community": 5.2942017453929706, "gravity_education": 21.000679144423248, "gravity_essential_services": 13.009446421073052, "gravity_food_and_drink": 37.432840297874279, "gravity_healthcare": 16.162334744627096, "gravity_shelter": 39.047006870428881, "avg_gravity": 21.991084870636584, "min_tt_community": 27.0, "min_tt_education": 23.0, "min_tt_essential_services": 29.0, "min_tt_food_and_drink": 21.0, "min_tt_healthcare": 31.0, "min_tt_shelter": 26.0, "avg_tt_community": 44.411764705882355, "avg_tt_education": 48.333333333333336, "avg_tt_essential_services": 52.375, "avg_tt_food_and_drink": 50.92307692307692, "avg_tt_healthcare": 51.38095238095238, "avg_tt_shelter": 50.523489932885909, "avg_tt_all": 49.657936212688476, "n_unreachable_categories": 0, "count_community": 17.0, "count_education": 75.0, "count_essential_services": 49.0, "count_food_and_drink": 143.0, "count_healthcare": 63.0, "count_shelter": 149.0, "gravity_community_per_100": 0.36892407148979567, "gravity_education_per_100": 1.4634228967102541, "gravity_essential_services_per_100": 0.90655743250947285, "gravity_food_and_drink_per_100": 2.6084906685198512, "gravity_healthcare_per_100": 1.1262650396648657, "gravity_shelter_per_100": 2.7209731413549267, "shannon": 1.6118829848995428, "kl_divergence": 0.084896145803226936, "jsd": 0.14621763007174371, "city_similarity": 0.85378236992825629 }, "geometry": { "type": "Polygon", "coordinates": [ [ [ 24.620530765764915, 59.378885897636273 ], [ 24.625198590331763, 59.375080869566141 ], [ 24.621075174033621, 59.371115589379421 ], [ 24.617041585017983, 59.371041935754562 ], [ 24.617622375488281, 59.372337341308565 ], [ 24.61842155456543, 59.374217987060547 ], [ 24.618711471557617, 59.375003814697273 ], [ 24.619178771972656, 59.375968933105476 ], [ 24.619626998901371, 59.377017974853516 ], [ 24.619966506958008, 59.377811431884766 ], [ 24.620368957519531, 59.378692626953132 ], [ 24.62044702498709, 59.378884369673123 ], [ 24.620530765764915, 59.378885897636273 ] ] ] } },
{ "type": "Feature", "properties": { "from_id": "24", "population": 38.419390486557937, "gravity_community": 14.410515243791899, "gravity_education": 55.145447125562001, "gravity_essential_services": 36.623168220769834, "gravity_food_and_drink": 174.07635067009821, "gravity_healthcare": 47.519090441459667, "gravity_shelter": 92.218464460951765, "avg_gravity": 69.998839360438879, "min_tt_community": 23.0, "min_tt_education": 22.0, "min_tt_essential_services": 24.0, "min_tt_food_and_drink": 20.0, "min_tt_healthcare": 21.0, "min_tt_shelter": 21.0, "avg_tt_community": 45.173913043478258, "avg_tt_education": 46.211956521739133, "avg_tt_essential_services": 47.464566929133859, "avg_tt_food_and_drink": 51.274626865671642, "avg_tt_healthcare": 47.024539877300612, "avg_tt_shelter": 45.119601328903656, "avg_tt_all": 47.044867427704524, "n_unreachable_categories": 0, "count_community": 46.0, "count_education": 184.0, "count_essential_services": 127.0, "count_food_and_drink": 670.0, "count_healthcare": 163.0, "count_shelter": 301.0, "gravity_community_per_100": 37.508443161881516, "gravity_education_per_100": 143.53545547490174, "gravity_essential_services_per_100": 95.324698692404922, "gravity_food_and_drink_per_100": 453.0950347351386, "gravity_healthcare_per_100": 123.68517521923079, "gravity_shelter_per_100": 240.03104498291532, "shannon": 1.499774425866985, "kl_divergence": 0.0027329435232479257, "jsd": 0.026061685655445727, "city_similarity": 0.97393831434455425 }, "geometry": { "type": "Polygon", "coordinates": [ [ [ 24.633989831017445, 59.375240674529429 ], [ 24.625198590331763, 59.375080869566141 ], [ 24.620530765764915, 59.378885897636273 ], [ 24.624655039442214, 59.382851196293842 ], [ 24.63344828770337, 59.383011050452382 ], [ 24.638115254352957, 59.379205556749184 ], [ 24.633989831017445, 59.375240674529429 ] ] ] } },
{ "type": "Feature", "properties": { "from_id": "25", "population": 808.98291140581568, "gravity_community": 18.130615031285579, "gravity_education": 62.320153309740228, "gravity_essential_services": 41.280190094558961, "gravity_food_and_drink": 211.19369542642517, "gravity_healthcare": 55.965706678746606, "gravity_shelter": 101.98750649987089, "avg_gravity": 81.812977840104566, "min_tt_community": 16.0, "min_tt_education": 9.0, "min_tt_essential_services": 23.0, "min_tt_food_and_drink": 10.0, "min_tt_healthcare": 19.0, "min_tt_shelter": 21.0, "avg_tt_community": 46.305084745762713, "avg_tt_education": 45.691176470588232, "avg_tt_essential_services": 46.692857142857143, "avg_tt_food_and_drink": 50.794264339152122, "avg_tt_healthcare": 46.839572192513366, "avg_tt_shelter": 44.228395061728392, "avg_tt_all": 46.758558325433661, "n_unreachable_categories": 0, "count_community": 59.0, "count_education": 204.0, "count_essential_services": 140.0, "count_food_and_drink": 802.0, "count_healthcare": 188.0, "count_shelter": 324.0, "gravity_community_per_100": 2.2411616828566845, "gravity_education_per_100": 7.7035191264353102, "gravity_essential_services_per_100": 5.1027270802079148, "gravity_food_and_drink_per_100": 26.106076216050329, "gravity_healthcare_per_100": 6.918033235274625, "gravity_shelter_per_100": 12.606880202530037, "shannon": 1.4857396747611225, "kl_divergence": 0.00064927405183345032, "jsd": 0.012693612120611255, "city_similarity": 0.98730638787938874 }, "geometry": { "type": "Polygon", "coordinates": [ [ [ 24.646907644158652, 59.379364498037766 ], [ 24.638115254352957, 59.379205556749184 ], [ 24.63344828770337, 59.383011050452382 ], [ 24.637574569494411, 59.386975951028873 ], [ 24.646368967523586, 59.387134941251148 ], [ 24.65103507517928, 59.383328981954392 ], [ 24.646907644158652, 59.379364498037766 ] ] ] } },
{ "type": "Feature", "properties": { "from_id": "26", "population": 928.4926848669719, "gravity_community": 4.9448389439704785, "gravity_education": 17.163437329762278, "gravity_essential_services": 9.5576978349810879, "gravity_food_and_drink": 32.72613540944716, "gravity_healthcare": 12.07158004090512, "gravity_shelter": 35.243051906868224, "avg_gravity": 18.617790244322393, "min_tt_community": 40.0, "min_tt_education": 33.0, "min_tt_essential_services": 40.0, "min_tt_food_and_drink": 25.0, "min_tt_healthcare": 37.0, "min_tt_shelter": 34.0, "avg_tt_community": 46.411764705882355, "avg_tt_education": 51.194029850746269, "avg_tt_essential_services": 53.0, "avg_tt_food_and_drink": 51.556451612903224, "avg_tt_healthcare": 51.979166666666664, "avg_tt_shelter": 50.779411764705884, "avg_tt_all": 50.820137433484064, "n_unreachable_categories": 0, "count_community": 17.0, "count_education": 67.0, "count_essential_services": 39.0, "count_food_and_drink": 125.0, "count_healthcare": 48.0, "count_shelter": 136.0, "gravity_community_per_100": 0.53256627914940879, "gravity_education_per_100": 1.8485269307448919, "gravity_essential_services_per_100": 1.0293778282540211, "gravity_food_and_drink_per_100": 3.5246519377948502, "gravity_healthcare_per_100": 1.3001265640164579, "gravity_shelter_per_100": 3.7957274711235458, "shannon": 1.6002870085443666, "kl_divergence": 0.090965326289374052, "jsd": 0.1504574641075713, "city_similarity": 0.84954253589242867 }, "geometry": { "type": "Polygon", "coordinates": [ [ [ 24.624655039442214, 59.382851196293842 ], [ 24.620530765764915, 59.378885897636273 ], [ 24.62044702498709, 59.378884369673123 ], [ 24.620954513549805, 59.380130767822259 ], [ 24.621421813964844, 59.381206512451158 ], [ 24.622171401977543, 59.382881164550767 ], [ 24.62225341796875, 59.383064270019553 ], [ 24.622785404535176, 59.384374985879198 ], [ 24.624655039442214, 59.382851196293842 ] ] ] } },
{ "type": "Feature", "properties": { "from_id": "27", "population": 0.0023210526336099576, "gravity_community": 13.085862340882235, "gravity_education": 50.820126541177409, "gravity_essential_services": 33.655429827904143, "gravity_food_and_drink": 152.72932625314024, "gravity_healthcare": 45.100743801860823, "gravity_shelter": 90.485366721402016, "avg_gravity": 64.312809247727799, "min_tt_community": 25.0, "min_tt_education": 25.0, "min_tt_essential_services": 26.0, "min_tt_food_and_drink": 9.0, "min_tt_healthcare": 22.0, "min_tt_shelter": 18.0, "avg_tt_community": 45.095238095238095, "avg_tt_education": 47.085714285714289, "avg_tt_essential_services": 47.974789915966383, "avg_tt_food_and_drink": 51.111111111111114, "avg_tt_healthcare": 47.930817610062896, "avg_tt_shelter": 45.459731543624159, "avg_tt_all": 47.442900426952825, "n_unreachable_categories": 0, "count_community": 42.0, "count_education": 175.0, "count_essential_services": 119.0, "count_food_and_drink": 585.0, "count_healthcare": 159.0, "count_shelter": 298.0, "gravity_community_per_100": 563789.98698231403, "gravity_education_per_100": 2189529.2594953496, "gravity_essential_services_per_100": 1450007.179525244, "gravity_food_and_drink_per_100": 6580175.048232263, "gravity_healthcare_per_100": 1943115.9444116165, "gravity_shelter_per_100": 3898462.5083951317, "shannon": 1.5240213093788981, "kl_divergence": 0.0075835347846001724, "jsd": 0.043448965878332739, "city_similarity": 0.95655103412166731 }, "geometry": { "type": "Polygon", "coordinates": [ [ [ 24.624111196163319, 59.390621510642198 ], [ 24.632906453076728, 59.390781414018456 ], [ 24.637574569494411, 59.386975951028873 ], [ 24.63344828770337, 59.383011050452382 ], [ 24.624655039442214, 59.382851196293842 ], [ 24.622785404535176, 59.384374985879198 ], [ 24.623043060302738, 59.385009765625 ], [ 24.623491287231445, 59.386085510253892 ], [ 24.627006530761722, 59.38634490966794 ], [ 24.625272750854492, 59.387184143066406 ], [ 24.621539958363964, 59.388150009499242 ], [ 24.624111196163319, 59.390621510642198 ] ] ] } },
{ "type": "Feature", "properties": { "from_id": "28", "population": 340.29869385512336, "gravity_community": 4.1512893548852796, "gravity_education": 17.85184857953594, "gravity_essential_services": 11.307794433064098, "gravity_food_and_drink": 32.629950320466961, "gravity_healthcare": 13.998041410301271, "gravity_shelter": 43.443107604869873, "avg_gravity": 20.563671950520568, "min_tt_community": 42.0, "min_tt_education": 35.0, "min_tt_essential_services": 34.0, "min_tt_food_and_drink": 26.0, "min_tt_healthcare": 34.0, "min_tt_shelter": 25.0, "avg_tt_community": 52.823529411764703, "avg_tt_education": 51.91549295774648, "avg_tt_essential_services": 53.48936170212766, "avg_tt_food_and_drink": 51.556451612903224, "avg_tt_healthcare": 52.754385964912281, "avg_tt_shelter": 49.46875, "avg_tt_all": 52.001328608242396, "n_unreachable_categories": 0, "count_community": 17.0, "count_education": 71.0, "count_essential_services": 47.0, "count_food_and_drink": 125.0, "count_healthcare": 57.0, "count_shelter": 160.0, "gravity_community_per_100": 1.2198957650576889, "gravity_education_per_100": 5.2459350864085517, "gravity_essential_services_per_100": 3.3229026843923788, "gravity_food_and_drink_per_100": 9.5886205000712188, "gravity_healthcare_per_100": 4.1134572841648076, "gravity_shelter_per_100": 12.766169365129878, "shannon": 1.6019131680907226, "kl_divergence": 0.11676735805073925, "jsd": 0.17099405590239516, "city_similarity": 0.82900594409760486 }, "geometry": { "type": "Polygon", "coordinates": [ [ [ 24.646368967523586, 59.387134941251148 ], [ 24.637574569494411, 59.386975951028873 ], [ 24.632906453076728, 59.390781414018456 ], [ 24.637033593752061, 59.39474633296242 ], [ 24.645830001082011, 59.394905372140776 ], [ 24.650497258076623, 59.391099443410226 ], [ 24.646368967523586, 59.387134941251148 ] ] ] } },
{ "type": "Feature", "properties": { "from_id": "29", "population": 557.86664692856391, "gravity_community": 5.9766709667475579, "gravity_education": 22.193126832362555, "gravity_essential_services": 17.409652955980498, "gravity_food_and_drink": 53.262624591543805, "gravity_healthcare": 20.868146812321832, "gravity_shelter": 54.64887914687089, "avg_gravity": 29.059850217637855, "min_tt_community": 29.0, "min_tt_education": 27.0, "min_tt_essential_services": 28.0, "min_tt_food_and_drink": 24.0, "min_tt_healthcare": 28.0, "min_tt_shelter": 4.0, "avg_tt_community": 49.81818181818182, "avg_tt_education": 48.303797468354432, "avg_tt_essential_services": 50.138461538461542, "avg_tt_food_and_drink": 50.683417085427138, "avg_tt_healthcare": 49.14473684210526, "avg_tt_shelter": 47.390374331550802, "avg_tt_all": 49.246494847346831, "n_unreachable_categories": 0, "count_community": 22.0, "count_education": 79.0, "count_essential_services": 65.0, "count_food_and_drink": 200.0, "count_healthcare": 76.0, "count_shelter": 187.0, "gravity_community_per_100": 1.0713440209507425, "gravity_education_per_100": 3.9782136025788319, "gravity_essential_services_per_100": 3.1207553009007625, "gravity_food_and_drink_per_100": 9.5475549371504549, "gravity_healthcare_per_100": 3.7407052253823028, "gravity_shelter_per_100": 9.7960470387950629, "shannon": 1.5927147145746965, "kl_divergence": 0.063836170764462713, "jsd": 0.12592420537604421, "city_similarity": 0.87407579462395579 }, "geometry": { "type": "Polygon", "coordinates": [ [ [ 24.610644955406009, 59.394265660199594 ], [ 24.619441070554732, 59.39442647697863 ], [ 24.624111196163319, 59.390621510642198 ], [ 24.621539958363964, 59.388150009499242 ], [ 24.620201110839844, 59.388496398925781 ], [ 24.618019104003906, 59.389068603515604 ], [ 24.609041213989258, 59.391418457031236 ], [ 24.60796936351371, 59.39169285594572 ], [ 24.610644955406009, 59.394265660199594 ] ] ] } },
{ "type": "Feature", "properties": { "from_id": "30", "population": 88.099966587950448, "gravity_community": 10.008778906902563, "gravity_education": 38.266890297536214, "gravity_essential_services": 27.929617061213015, "gravity_food_and_drink": 103.53685201941627, "gravity_healthcare": 33.624911891377479, "gravity_shelter": 82.303832710913355, "avg_gravity": 49.278480481226474, "min_tt_community": 32.0, "min_tt_education": 25.0, "min_tt_essential_services": 24.0, "min_tt_food_and_drink": 20.0, "min_tt_healthcare": 24.0, "min_tt_shelter": 19.0, "avg_tt_community": 50.60526315789474, "avg_tt_education": 48.044444444444444, "avg_tt_essential_services": 49.137254901960787, "avg_tt_food_and_drink": 50.855696202531647, "avg_tt_healthcare": 48.283333333333331, "avg_tt_shelter": 44.883018867924527, "avg_tt_all": 48.634835151348248, "n_unreachable_categories": 0, "count_community": 38.0, "count_education": 135.0, "count_essential_services": 102.0, "count_food_and_drink": 395.0, "count_healthcare": 120.0, "count_shelter": 265.0, "gravity_community_per_100": 11.360706813561354, "gravity_education_per_100": 43.435760284124818, "gravity_essential_services_per_100": 31.702188029016789, "gravity_food_and_drink_per_100": 117.52201054021415, "gravity_healthcare_per_100": 38.166770310644367, "gravity_shelter_per_100": 93.420957916878663, "shannon": 1.5707985240048168, "kl_divergence": 0.025900148535184714, "jsd": 0.080296917620584135, "city_similarity": 0.91970308237941589 }, "geometry": { "type": "Polygon", "coordinates": [ [ [ 24.632906453076728, 59.390781414018456 ], [ 24.624111196163319, 59.390621510642198 ], [ 24.619441070554732, 59.39442647697863 ], [ 24.623567060274524, 59.398391812610278 ], [ 24.632364326917777, 59.398551765226742 ], [ 24.637033593752061, 59.39474633296242 ], [ 24.632906453076728, 59.390781414018456 ] ] ] } },
{ "type": "Feature", "properties": { "from_id": "31", "population": 0.83005181680386952, "gravity_community": 15.449885277894273, "gravity_education": 50.671735050387674, "gravity_essential_services": 32.48870949903057, "gravity_food_and_drink": 197.27361317772531, "gravity_healthcare": 49.741129074431953, "gravity_shelter": 83.421055441294996, "avg_gravity": 71.507687920127466, "min_tt_community": 32.0, "min_tt_education": 13.0, "min_tt_essential_services": 20.0, "min_tt_food_and_drink": 11.0, "min_tt_healthcare": 11.0, "min_tt_shelter": 11.0, "avg_tt_community": 50.189655172413794, "avg_tt_education": 49.748663101604279, "avg_tt_essential_services": 49.826446280991739, "avg_tt_food_and_drink": 50.756648936170215, "avg_tt_healthcare": 49.270718232044196, "avg_tt_shelter": 48.461016949152544, "avg_tt_all": 49.708858112062792, "n_unreachable_categories": 0, "count_community": 58.0, "count_education": 187.0, "count_essential_services": 121.0, "count_food_and_drink": 753.0, "count_healthcare": 181.0, "count_shelter": 295.0, "gravity_community_per_100": 1861.3157594647951, "gravity_education_per_100": 6104.647206905729, "gravity_essential_services_per_100": 3914.0579950934834, "gravity_food_and_drink_per_100": 23766.421467196007, "gravity_healthcare_per_100": 5992.533004260039, "gravity_shelter_per_100": 10050.102144527478, "shannon": 1.480885773693823, "kl_divergence": 0.000943977476950767, "jsd": 0.015364714985098398, "city_similarity": 0.98463528501490161 }, "geometry": { "type": "Polygon", "coordinates": [ [ [ 24.727083812444629, 59.365226532011455 ], [ 24.718294581302917, 59.365073015483063 ], [ 24.71363851100535, 59.368881451128651 ], [ 24.717772534789578, 59.372843867911726 ], [ 24.726563772646863, 59.372997431693548 ], [ 24.7312189796457, 59.369188531430289 ], [ 24.727083812444629, 59.365226532011455 ] ] ] } },
{ "type": "Feature", "properties": { "from_id": "32", "population": 870.53888826154684, "gravity_community": 15.596266451840567, "gravity_education": 51.65682415339608, "gravity_essential_services": 32.723075087755994, "gravity_food_and_drink": 197.61761605337546, "gravity_healthcare": 49.924585661405892, "gravity_shelter": 82.697855757714009, "avg_gravity": 71.702703860914667, "min_tt_community": 30.0, "min_tt_education": 7.0, "min_tt_essential_services": 9.0, "min_tt_food_and_drink": 11.0, "min_tt_healthcare": 8.0, "min_tt_shelter": 9.0, "avg_tt_community": 49.896551724137929, "avg_tt_education": 49.478723404255319, "avg_tt_essential_services": 49.702479338842977, "avg_tt_food_and_drink": 50.679094540612518, "avg_tt_healthcare": 49.094444444444441, "avg_tt_shelter": 48.488054607508531, "avg_tt_all": 49.556558009966949, "n_unreachable_categories": 0, "count_community": 58.0, "count_education": 188.0, "count_essential_services": 121.0, "count_food_and_drink": 752.0, "count_healthcare": 180.0, "count_shelter": 293.0, "gravity_community_per_100": 1.7915645885718072, "gravity_education_per_100": 5.9338904728947828, "gravity_essential_services_per_100": 3.7589446639314974, "gravity_food_and_drink_per_100": 22.700607487853286, "gravity_healthcare_per_100": 5.7349058536723776, "gravity_shelter_per_100": 9.4996164873071187, "shannon": 1.4810579481913289, "kl_divergence": 0.00097853320100681576, "jsd": 0.015632080571391309, "city_similarity": 0.98436791942860868 }, "geometry": { "type": "Polygon", "coordinates": [ [ [ 24.71363851100535, 59.368881451128651 ], [ 24.704848417102859, 59.368727022941059 ], [ 24.700190340195615, 59.372534964008203 ], [ 24.70432321948693, 59.376497798059411 ], [ 24.713115320537145, 59.376652273783932 ], [ 24.717772534789578, 59.372843867911726 ], [ 24.71363851100535, 59.368881451128651 ] ] ] } },
{ "type": "Feature", "properties": { "from_id": "33", "population": 765.58743700138302, "gravity_community": 21.762579710739185, "gravity_education": 73.922395052804461, "gravity_essential_services": 50.374792482904475, "gravity_food_and_drink": 294.2705065778141, "gravity_healthcare": 71.935334306169892, "gravity_shelter": 107.8474387822084, "avg_gravity": 103.3521744854401, "min_tt_community": 20.0, "min_tt_education": 19.0, "min_tt_essential_services": 17.0, "min_tt_food_and_drink": 15.0, "min_tt_healthcare": 15.0, "min_tt_shelter": 10.0, "avg_tt_community": 46.232876712328768, "avg_tt_education": 46.825396825396822, "avg_tt_essential_services": 46.936046511627907, "avg_tt_food_and_drink": 46.334669338677358, "avg_tt_healthcare": 46.062761506276154, "avg_tt_shelter": 46.441095890410956, "avg_tt_all": 46.472141130786333, "n_unreachable_categories": 0, "count_community": 73.0, "count_education": 252.0, "count_essential_services": 172.0, "count_food_and_drink": 998.0, "count_healthcare": 239.0, "count_shelter": 365.0, "gravity_community_per_100": 2.8425988540221923, "gravity_education_per_100": 9.655643690071539, "gravity_essential_services_per_100": 6.5798875540865849, "gravity_food_and_drink_per_100": 38.437217273365796, "gravity_healthcare_per_100": 9.3960964913325693, "gravity_shelter_per_100": 14.086887214949634, "shannon": 1.4813898259655816, "kl_divergence": 0.0010407166290841326, "jsd": 0.016087378167213739, "city_similarity": 0.98391262183278627 }, "geometry": { "type": "Polygon", "coordinates": [ [ [ 24.700190340195615, 59.372534964008203 ], [ 24.69139938417641, 59.372379623912032 ], [ 24.686739300228009, 59.376187070055174 ], [ 24.690871033950046, 59.380150321278229 ], [ 24.699663997548605, 59.380305709194936 ], [ 24.70432321948693, 59.376497798059411 ], [ 24.700190340195615, 59.372534964008203 ] ] ] } },
{ "type": "Feature", "properties": { "from_id": "34", "population": 1316.0671336577557, "gravity_community": 24.401453408835213, "gravity_education": 85.521453350158652, "gravity_essential_services": 59.941238961505043, "gravity_food_and_drink": 350.20156699876247, "gravity_healthcare": 82.79037803194052, "gravity_shelter": 125.91138153354858, "avg_gravity": 121.46124538079175, "min_tt_community": 21.0, "min_tt_education": 9.0, "min_tt_essential_services": 11.0, "min_tt_food_and_drink": 6.0, "min_tt_healthcare": 11.0, "min_tt_shelter": 7.0, "avg_tt_community": 44.307692307692307, "avg_tt_education": 45.161870503597122, "avg_tt_essential_services": 45.067010309278352, "avg_tt_food_and_drink": 44.134113411341133, "avg_tt_healthcare": 44.353612167300383, "avg_tt_shelter": 44.490049751243781, "avg_tt_all": 44.585724741742176, "n_unreachable_categories": 0, "count_community": 78.0, "count_education": 278.0, "count_essential_services": 194.0, "count_food_and_drink": 1112.0, "count_healthcare": 263.0, "count_shelter": 402.0, "gravity_community_per_100": 1.8541191999085989, "gravity_education_per_100": 6.4982591816929736, "gravity_essential_services_per_100": 4.5545730478740767, "gravity_food_and_drink_per_100": 26.60970387015475, "gravity_healthcare_per_100": 6.2907412482705638, "gravity_shelter_per_100": 9.567246101162187, "shannon": 1.4773928781846712, "kl_divergence": 0.00096597255214557996, "jsd": 0.015519317660489746, "city_similarity": 0.98448068233951025 }, "geometry": { "type": "Polygon", "coordinates": [ [ [ 24.713115320537145, 59.376652273783932 ], [ 24.70432321948693, 59.376497798059411 ], [ 24.699663997548605, 59.380305709194936 ], [ 24.703797739388328, 59.384268560998464 ], [ 24.712591848662885, 59.384423084281622 ], [ 24.717250207514365, 59.380614708193988 ], [ 24.713115320537145, 59.376652273783932 ] ] ] } },
{ "type": "Feature", "properties": { "from_id": "35", "population": 1512.8968225828232, "gravity_community": 27.378221382780261, "gravity_education": 92.236585475155707, "gravity_essential_services": 62.549465889479698, "gravity_food_and_drink": 360.94080200246617, "gravity_healthcare": 87.354633928507113, "gravity_shelter": 140.93465721830819, "avg_gravity": 128.56572764944954, "min_tt_community": 4.0, "min_tt_education": 10.0, "min_tt_essential_services": 14.0, "min_tt_food_and_drink": 9.0, "min_tt_healthcare": 8.0, "min_tt_shelter": 14.0, "avg_tt_community": 41.128205128205131, "avg_tt_education": 41.860805860805861, "avg_tt_essential_services": 42.22043010752688, "avg_tt_food_and_drink": 42.744080145719487, "avg_tt_healthcare": 41.318897637795274, "avg_tt_shelter": 40.175879396984925, "avg_tt_all": 41.574716379506256, "n_unreachable_categories": 0, "count_community": 78.0, "count_education": 273.0, "count_essential_services": 186.0, "count_food_and_drink": 1099.0, "count_healthcare": 254.0, "count_shelter": 398.0, "gravity_community_per_100": 1.8096555544376156, "gravity_education_per_100": 6.0966871037305141, "gravity_essential_services_per_100": 4.1344171628766464, "gravity_food_and_drink_per_100": 23.857595350505573, "gravity_healthcare_per_100": 5.7739981090960946, "gravity_shelter_per_100": 9.3155498190355104, "shannon": 1.4733449940374168, "kl_divergence": 0.00084320282960771188, "jsd": 0.014493845963264524, "city_similarity": 0.98550615403673547 }, "geometry": { "type": "Polygon", "coordinates": [ [ [ 24.699663997548605, 59.380305709194936 ], [ 24.690871033950046, 59.380150321278229 ], [ 24.686209803894037, 59.383957737331322 ], [ 24.690342399519093, 59.387921006431981 ], [ 24.699137371773929, 59.388076442191078 ], [ 24.703797739388328, 59.384268560998464 ], [ 24.699663997548605, 59.380305709194936 ] ] ] } },
{ "type": "Feature", "properties": { "from_id": "36", "population": 1740.7513341431711, "gravity_community": 26.451986654599832, "gravity_education": 94.92153392879348, "gravity_essential_services": 65.29708897239091, "gravity_food_and_drink": 369.68860811369331, "gravity_healthcare": 89.656563175423727, "gravity_shelter": 145.11184696494351, "avg_gravity": 131.85460463497412, "min_tt_community": 9.0, "min_tt_education": 10.0, "min_tt_essential_services": 16.0, "min_tt_food_and_drink": 4.0, "min_tt_healthcare": 16.0, "min_tt_shelter": 13.0, "avg_tt_community": 41.641025641025642, "avg_tt_education": 42.144366197183096, "avg_tt_essential_services": 42.180412371134018, "avg_tt_food_and_drink": 42.685663401602852, "avg_tt_healthcare": 41.628787878787875, "avg_tt_shelter": 40.32846715328467, "avg_tt_all": 41.768120440503026, "n_unreachable_categories": 0, "count_community": 78.0, "count_education": 284.0, "count_essential_services": 194.0, "count_food_and_drink": 1124.0, "count_healthcare": 264.0, "count_shelter": 411.0, "gravity_community_per_100": 1.5195729646026652, "gravity_education_per_100": 5.4529059990935203, "gravity_essential_services_per_100": 3.7510865389933077, "gravity_food_and_drink_per_100": 21.237301437753064, "gravity_healthcare_per_100": 5.1504520730156029, "gravity_shelter_per_100": 8.3361617549108562, "shannon": 1.4766126357413412, "kl_divergence": 0.00093783841879982455, "jsd": 0.015259243905419885, "city_similarity": 0.98474075609458012 }, "geometry": { "type": "Polygon", "coordinates": [ [ [ 24.712591848662885, 59.384423084281622 ], [ 24.703797739388328, 59.384268560998464 ], [ 24.699137371773929, 59.388076442191078 ], [ 24.703271976593999, 59.392039311757436 ], [ 24.712068095170334, 59.392193882620951 ], [ 24.716727599265546, 59.388385536329132 ], [ 24.712591848662885, 59.384423084281622 ] ] ] } },
{ "type": "Feature", "properties": { "from_id": "37", "population": 1528.7709514181956, "gravity_community": 26.148388941520022, "gravity_education": 85.910607049729549, "gravity_essential_services": 61.576158049128566, "gravity_food_and_drink": 333.0078988271303, "gravity_healthcare": 82.225442464054325, "gravity_shelter": 135.54057903636249, "avg_gravity": 120.73484572798755, "min_tt_community": 13.0, "min_tt_education": 12.0, "min_tt_essential_services": 14.0, "min_tt_food_and_drink": 7.0, "min_tt_healthcare": 12.0, "min_tt_shelter": 13.0, "avg_tt_community": 43.15, "avg_tt_education": 41.596837944664031, "avg_tt_essential_services": 42.234636871508378, "avg_tt_food_and_drink": 44.73295985060691, "avg_tt_healthcare": 41.91769547325103, "avg_tt_shelter": 39.110810810810811, "avg_tt_all": 42.12382349180686, "n_unreachable_categories": 0, "count_community": 80.0, "count_education": 253.0, "count_essential_services": 180.0, "count_food_and_drink": 1071.0, "count_healthcare": 243.0, "count_shelter": 370.0, "gravity_community_per_100": 1.7104190079791179, "gravity_education_per_100": 5.6195865685459827, "gravity_essential_services_per_100": 4.0278210409483632, "gravity_food_and_drink_per_100": 21.782720198745846, "gravity_healthcare_per_100": 5.37853249944187, "gravity_shelter_per_100": 8.8659834169811695, "shannon": 1.4683024513638776, "kl_divergence": 0.0011398012419290074, "jsd": 0.016945082871762347, "city_similarity": 0.98305491712823767 }, "geometry": { "type": "Polygon", "coordinates": [ [ [ 24.699137371773929, 59.388076442191078 ], [ 24.690342399519093, 59.387921006431981 ], [ 24.685680022709693, 59.391728392383676 ], [ 24.689813480669184, 59.395691679372504 ], [ 24.698610462658028, 59.395847162995842 ], [ 24.703271976593999, 59.392039311757436 ], [ 24.699137371773929, 59.388076442191078 ] ] ] } },
{ "type": "Feature", "properties": { "from_id": "38", "population": 666.92320020131774, "gravity_community": 29.091247884137726, "gravity_education": 101.50060421899492, "gravity_essential_services": 78.119293906178484, "gravity_food_and_drink": 405.90227277364602, "gravity_healthcare": 100.23088032090854, "gravity_shelter": 167.45203575356732, "avg_gravity": 147.04938914290551, "min_tt_community": 22.0, "min_tt_education": 8.0, "min_tt_essential_services": 2.0, "min_tt_food_and_drink": 13.0, "min_tt_healthcare": 11.0, "min_tt_shelter": 4.0, "avg_tt_community": 42.18181818181818, "avg_tt_education": 40.446735395189002, "avg_tt_essential_services": 38.526066350710899, "avg_tt_food_and_drink": 40.687074829931973, "avg_tt_healthcare": 39.18345323741007, "avg_tt_shelter": 37.536529680365298, "avg_tt_all": 39.760279612570905, "n_unreachable_categories": 0, "count_community": 88.0, "count_education": 291.0, "count_essential_services": 211.0, "count_food_and_drink": 1177.0, "count_healthcare": 278.0, "count_shelter": 438.0, "gravity_community_per_100": 4.3620086803632301, "gravity_education_per_100": 15.219234266907481, "gravity_essential_services_per_100": 11.713386771160062, "gravity_food_and_drink_per_100": 60.861921230378577, "gravity_healthcare_per_100": 15.028848942524837, "gravity_shelter_per_100": 25.108143741741202, "shannon": 1.4841911296334773, "kl_divergence": 0.00063851252521456014, "jsd": 0.012611406160911179, "city_similarity": 0.98738859383908884 }, "geometry": { "type": "Polygon", "coordinates": [ [ [ 24.712068095170334, 59.392193882620951 ], [ 24.703271976593999, 59.392039311757436 ], [ 24.698610462658028, 59.395847162995842 ], [ 24.702745930890664, 59.399810050335532 ], [ 24.711544059847022, 59.399964668801175 ], [ 24.716204709831167, 59.39615635231636 ], [ 24.712068095170334, 59.392193882620951 ] ] ] } },
{ "type": "Feature", "properties": { "from_id": "39", "population": 2594.0501894943409, "gravity_community": 30.240523113204166, "gravity_education": 103.4190845276357, "gravity_essential_services": 73.770968590349256, "gravity_food_and_drink": 394.16290476654564, "gravity_healthcare": 96.835675882889447, "gravity_shelter": 172.40005608964711, "avg_gravity": 145.13820216171189, "min_tt_community": 16.0, "min_tt_education": 7.0, "min_tt_essential_services": 12.0, "min_tt_food_and_drink": 8.0, "min_tt_healthcare": 11.0, "min_tt_shelter": 3.0, "avg_tt_community": 40.448275862068968, "avg_tt_education": 39.333333333333336, "avg_tt_essential_services": 39.640776699029125, "avg_tt_food_and_drink": 41.446443873179092, "avg_tt_healthcare": 39.394052044609666, "avg_tt_shelter": 36.241860465116282, "avg_tt_all": 39.417457046222744, "n_unreachable_categories": 0, "count_community": 87.0, "count_education": 285.0, "count_essential_services": 206.0, "count_food_and_drink": 1167.0, "count_healthcare": 269.0, "count_shelter": 430.0, "gravity_community_per_100": 1.16576476568092, "gravity_education_per_100": 3.9867804002587639, "gravity_essential_services_per_100": 2.8438527862380893, "gravity_food_and_drink_per_100": 15.194883520868959, "gravity_healthcare_per_100": 3.7329916080677554, "gravity_shelter_per_100": 6.6459799732422722, "shannon": 1.4793706379780693, "kl_divergence": 0.00054836809747057895, "jsd": 0.011694486182721734, "city_similarity": 0.98830551381727827 }, "geometry": { "type": "Polygon", "coordinates": [ [ [ 24.685680022709693, 59.391728392383676 ], [ 24.676884188120479, 59.391572043899153 ], [ 24.672219801684513, 59.395378934263967 ], [ 24.676352111705146, 59.399342638578695 ], [ 24.685149956460084, 59.399499035211434 ], [ 24.689813480669184, 59.395691679372504 ], [ 24.685680022709693, 59.391728392383676 ] ] ] } },
{ "type": "Feature", "properties": { "from_id": "40", "population": 4148.8862341213116, "gravity_community": 34.595474698995538, "gravity_education": 119.42679747887848, "gravity_essential_services": 86.978151552791957, "gravity_food_and_drink": 452.67553481739066, "gravity_healthcare": 114.49851242742155, "gravity_shelter": 199.34416001751782, "avg_gravity": 167.91977183216602, "min_tt_community": 12.0, "min_tt_education": 1.0, "min_tt_essential_services": 4.0, "min_tt_food_and_drink": 3.0, "min_tt_healthcare": 6.0, "min_tt_shelter": 1.0, "avg_tt_community": 37.98924731182796, "avg_tt_education": 35.537162162162161, "avg_tt_essential_services": 35.8110599078341, "avg_tt_food_and_drink": 37.549084858569053, "avg_tt_healthcare": 35.404929577464792, "avg_tt_shelter": 33.507625272331154, "avg_tt_all": 35.966518181698206, "n_unreachable_categories": 0, "count_community": 93.0, "count_education": 296.0, "count_essential_services": 217.0, "count_food_and_drink": 1203.0, "count_healthcare": 284.0, "count_shelter": 459.0, "gravity_community_per_100": 0.83384968270460369, "gravity_education_per_100": 2.8785266873959428, "gravity_essential_services_per_100": 2.0964217056005383, "gravity_food_and_drink_per_100": 10.910772416329278, "gravity_healthcare_per_100": 2.7597409513368127, "gravity_shelter_per_100": 4.8047632248401895, "shannon": 1.4875696406434853, "kl_divergence": 0.00052328863307501278, "jsd": 0.011400936442044032, "city_similarity": 0.98859906355795601 }, "geometry": { "type": "Polygon", "coordinates": [ [ [ 24.698610462658028, 59.395847162995842 ], [ 24.689813480669184, 59.395691679372504 ], [ 24.685149956460084, 59.399499035211434 ], [ 24.689284277185724, 59.403462340098997 ], [ 24.698083269987116, 59.403617871608454 ], [ 24.702745930890664, 59.399810050335532 ], [ 24.698610462658028, 59.395847162995842 ] ] ] } },
{ "type": "Feature", "properties": { "from_id": "41", "population": 6205.2892308639903, "gravity_community": 6.3344817649748171, "gravity_education": 18.36875495505906, "gravity_essential_services": 14.752070362369709, "gravity_food_and_drink": 102.82918208592585, "gravity_healthcare": 20.186379228981263, "gravity_shelter": 28.742011884196444, "avg_gravity": 31.868813380251186, "min_tt_community": 51.0, "min_tt_education": 17.0, "min_tt_essential_services": 27.0, "min_tt_food_and_drink": 19.0, "min_tt_healthcare": 19.0, "min_tt_shelter": 6.0, "avg_tt_community": 55.5, "avg_tt_education": 51.521126760563384, "avg_tt_essential_services": 52.327272727272728, "avg_tt_food_and_drink": 53.799533799533798, "avg_tt_healthcare": 51.371794871794869, "avg_tt_shelter": 47.276595744680854, "avg_tt_all": 51.96605398397427, "n_unreachable_categories": 0, "count_community": 28.0, "count_education": 71.0, "count_essential_services": 56.0, "count_food_and_drink": 429.0, "count_healthcare": 78.0, "count_shelter": 94.0, "gravity_community_per_100": 0.10208197441415376, "gravity_education_per_100": 0.29601770798524885, "gravity_essential_services_per_100": 0.23773380762004725, "gravity_food_and_drink_per_100": 1.6571215016775049, "gravity_healthcare_per_100": 0.32530923987519955, "gravity_shelter_per_100": 0.46318569231614309, "shannon": 1.3520761540525594, "kl_divergence": 0.020810803681565113, "jsd": 0.073066289591590269, "city_similarity": 0.92693371040840977 }, "geometry": { "type": "Polygon", "coordinates": [ [ [ 24.740009353666277, 59.369341183518998 ], [ 24.7312189796457, 59.369188531430289 ], [ 24.726563772646863, 59.372997431693548 ], [ 24.730699803684697, 59.376959448614002 ], [ 24.739492185064218, 59.37711214769417 ], [ 24.744146527688148, 59.373302782853877 ], [ 24.740009353666277, 59.369341183518998 ] ] ] } },
{ "type": "Feature", "properties": { "from_id": "42", "population": 198.53230602090059, "gravity_community": 15.449885277894273, "gravity_education": 51.437825384972292, "gravity_essential_services": 32.609502583281824, "gravity_food_and_drink": 198.05641417203725, "gravity_healthcare": 50.047966637653865, "gravity_shelter": 85.318382240838289, "avg_gravity": 72.153329382779631, "min_tt_community": 32.0, "min_tt_education": 11.0, "min_tt_essential_services": 13.0, "min_tt_food_and_drink": 7.0, "min_tt_healthcare": 13.0, "min_tt_shelter": 7.0, "avg_tt_community": 50.189655172413794, "avg_tt_education": 49.579787234042556, "avg_tt_essential_services": 49.768595041322314, "avg_tt_food_and_drink": 50.668882978723403, "avg_tt_healthcare": 49.104972375690608, "avg_tt_shelter": 47.969491525423727, "avg_tt_all": 49.546897387936063, "n_unreachable_categories": 0, "count_community": 58.0, "count_education": 188.0, "count_essential_services": 121.0, "count_food_and_drink": 753.0, "count_healthcare": 181.0, "count_shelter": 295.0, "gravity_community_per_100": 7.7820509858318871, "gravity_education_per_100": 25.909045442486899, "gravity_essential_services_per_100": 16.425287771476771, "gravity_food_and_drink_per_100": 99.760295007698531, "gravity_healthcare_per_100": 25.208978649744306, "gravity_shelter_per_100": 42.974558625162167, "shannon": 1.481299482337838, "kl_divergence": 0.0009883538344497146, "jsd": 0.015717582640260141, "city_similarity": 0.98428241735973987 }, "geometry": { "type": "Polygon", "coordinates": [ [ [ 24.726563772646863, 59.372997431693548 ], [ 24.717772534789578, 59.372843867911726 ], [ 24.713115320537145, 59.376652273783932 ], [ 24.717250207514365, 59.380614708193988 ], [ 24.726043453163545, 59.380768319250826 ], [ 24.730699803684697, 59.376959448614002 ], [ 24.726563772646863, 59.372997431693548 ] ] ] } },
{ "type": "Feature", "properties": { "from_id": "43", "population": 1111.6986599654902, "gravity_community": 2.5075274297226522, "gravity_education": 9.9419919982196632, "gravity_essential_services": 5.9222178076685879, "gravity_food_and_drink": 25.846777348215461, "gravity_healthcare": 10.954370056841348, "gravity_shelter": 16.037659674436025, "avg_gravity": 11.868424052517289, "min_tt_community": 53.0, "min_tt_education": 11.0, "min_tt_essential_services": 37.0, "min_tt_food_and_drink": 15.0, "min_tt_healthcare": 19.0, "min_tt_shelter": 6.0, "avg_tt_community": 55.18181818181818, "avg_tt_education": 52.485714285714288, "avg_tt_essential_services": 51.086956521739133, "avg_tt_food_and_drink": 51.89108910891089, "avg_tt_healthcare": 52.704545454545453, "avg_tt_shelter": 45.163265306122447, "avg_tt_all": 51.418898143141739, "n_unreachable_categories": 0, "count_community": 11.0, "count_education": 36.0, "count_essential_services": 23.0, "count_food_and_drink": 101.0, "count_healthcare": 44.0, "count_shelter": 49.0, "gravity_community_per_100": 0.22555819486195045, "gravity_education_per_100": 0.89430637602174368, "gravity_essential_services_per_100": 0.53271790467503377, "gravity_food_and_drink_per_100": 2.3249805256595169, "gravity_healthcare_per_100": 0.98537224621476105, "gravity_shelter_per_100": 1.4426265184968265, "shannon": 1.5955301361284913, "kl_divergence": 0.028102828867673499, "jsd": 0.082706903374783688, "city_similarity": 0.9172930966252163 }, "geometry": { "type": "Polygon", "coordinates": [ [ [ 24.752938044154529, 59.373454570207201 ], [ 24.744146527688148, 59.373302782853877 ], [ 24.739492185064218, 59.37711214769417 ], [ 24.743630223999286, 59.381073764415582 ], [ 24.752423748467688, 59.381225598498247 ], [ 24.757077225640018, 59.377415769121711 ], [ 24.752938044154529, 59.373454570207201 ] ] ] } },
{ "type": "Feature", "properties": { "from_id": "44", "population": 118.73193343537075, "gravity_community": 10.863805472132864, "gravity_education": 36.725742786533807, "gravity_essential_services": 25.31372572903086, "gravity_food_and_drink": 167.10287904745215, "gravity_healthcare": 37.448190887433491, "gravity_shelter": 62.110907440753159, "avg_gravity": 56.594208560556062, "min_tt_community": 41.0, "min_tt_education": 18.0, "min_tt_essential_services": 29.0, "min_tt_food_and_drink": 19.0, "min_tt_healthcare": 23.0, "min_tt_shelter": 11.0, "avg_tt_community": 52.43181818181818, "avg_tt_education": 51.363636363636367, "avg_tt_essential_services": 50.53125, "avg_tt_food_and_drink": 51.4824427480916, "avg_tt_healthcare": 50.6993006993007, "avg_tt_shelter": 50.230434782608697, "avg_tt_all": 51.123147129242597, "n_unreachable_categories": 0, "count_community": 44.0, "count_education": 143.0, "count_essential_services": 96.0, "count_food_and_drink": 655.0, "count_healthcare": 143.0, "count_shelter": 230.0, "gravity_community_per_100": 9.149859821028139, "gravity_education_per_100": 30.931647219005914, "gravity_essential_services_per_100": 21.320065290446784, "gravity_food_and_drink_per_100": 140.73962598984468, "gravity_healthcare_per_100": 31.540117139436319, "gravity_shelter_per_100": 52.311880758315063, "shannon": 1.440750171772968, "kl_divergence": 0.0013185111850936276, "jsd": 0.018253036624907355, "city_similarity": 0.9817469633750926 }, "geometry": { "type": "Polygon", "coordinates": [ [ [ 24.739492185064218, 59.37711214769417 ], [ 24.730699803684697, 59.376959448614002 ], [ 24.726043453163545, 59.380768319250826 ], [ 24.730180348471105, 59.384730353683288 ], [ 24.738974738286409, 59.384883099776381 ], [ 24.743630223999286, 59.381073764415582 ], [ 24.739492185064218, 59.37711214769417 ] ] ] } },
{ "type": "Feature", "properties": { "from_id": "45", "population": 72.35134861656195, "gravity_community": 29.415164318009634, "gravity_education": 97.897297775699712, "gravity_essential_services": 71.715925292156953, "gravity_food_and_drink": 410.9295633232731, "gravity_healthcare": 97.341060635129637, "gravity_shelter": 160.57144850366919, "avg_gravity": 144.64507664132304, "min_tt_community": 25.0, "min_tt_education": 14.0, "min_tt_essential_services": 15.0, "min_tt_food_and_drink": 11.0, "min_tt_healthcare": 14.0, "min_tt_shelter": 4.0, "avg_tt_community": 42.633333333333333, "avg_tt_education": 43.471947194719469, "avg_tt_essential_services": 43.222727272727276, "avg_tt_food_and_drink": 40.818487394957984, "avg_tt_healthcare": 42.264604810996566, "avg_tt_shelter": 43.37322515212982, "avg_tt_all": 42.630720859810737, "n_unreachable_categories": 0, "count_community": 90.0, "count_education": 303.0, "count_essential_services": 220.0, "count_food_and_drink": 1190.0, "count_healthcare": 291.0, "count_shelter": 493.0, "gravity_community_per_100": 40.65600003380753, "gravity_education_per_100": 135.30818657510144, "gravity_essential_services_per_100": 99.121753309986616, "gravity_food_and_drink_per_100": 567.96393043212356, "gravity_healthcare_per_100": 134.5393866132404, "gravity_shelter_per_100": 221.93290322015199, "shannon": 1.4964979858550826, "kl_divergence": 0.00088508691633677403, "jsd": 0.014865897916026794, "city_similarity": 0.98513410208397323 }, "geometry": { "type": "Polygon", "coordinates": [ [ [ 24.726043453163545, 59.380768319250826 ], [ 24.717250207514365, 59.380614708193988 ], [ 24.712591848662885, 59.384423084281622 ], [ 24.716727599265546, 59.388385536329132 ], [ 24.725522853783762, 59.388539194682551 ], [ 24.730180348471105, 59.384730353683288 ], [ 24.726043453163545, 59.380768319250826 ] ] ] } },
{ "type": "Feature", "properties": { "from_id": "46", "population": 1095.2680611680773, "gravity_community": 2.4281546344943337, "gravity_education": 10.355894679312035, "gravity_essential_services": 10.370178181357488, "gravity_food_and_drink": 52.174367700025122, "gravity_healthcare": 12.073303857630226, "gravity_shelter": 19.502118500053214, "avg_gravity": 17.81733625881207, "min_tt_community": 54.0, "min_tt_education": 23.0, "min_tt_essential_services": 39.0, "min_tt_food_and_drink": 28.0, "min_tt_healthcare": 40.0, "min_tt_shelter": 19.0, "avg_tt_community": 56.363636363636367, "avg_tt_education": 53.627906976744185, "avg_tt_essential_services": 52.763157894736842, "avg_tt_food_and_drink": 54.618834080717491, "avg_tt_healthcare": 52.530612244897959, "avg_tt_shelter": 51.573333333333331, "avg_tt_all": 53.579580149011029, "n_unreachable_categories": 0, "count_community": 11.0, "count_education": 43.0, "count_essential_services": 39.0, "count_food_and_drink": 223.0, "count_healthcare": 49.0, "count_shelter": 75.0, "gravity_community_per_100": 0.2216950097042695, "gravity_education_per_100": 0.94551234044638544, "gravity_essential_services_per_100": 0.94681645060460728, "gravity_food_and_drink_per_100": 4.7636162826096102, "gravity_healthcare_per_100": 1.1023149752722941, "gravity_shelter_per_100": 1.780579493868804, "shannon": 1.4247350336820215, "kl_divergence": 0.0033294875210449267, "jsd": 0.029140828356949311, "city_similarity": 0.97085917164305069 }, "geometry": { "type": "Polygon", "coordinates": [ [ [ 24.752423748467688, 59.381225598498247 ], [ 24.743630223999286, 59.381073764415582 ], [ 24.738974738286409, 59.384883099776381 ], [ 24.743113642568446, 59.388844733894636 ], [ 24.751909176116211, 59.388996614728072 ], [ 24.756563795943322, 59.385186814684026 ], [ 24.752423748467688, 59.381225598498247 ] ] ] } },
{ "type": "Feature", "properties": { "from_id": "47", "population": 0.0, "gravity_community": 22.715386091551704, "gravity_education": 76.904008114542933, "gravity_essential_services": 58.102160239294797, "gravity_food_and_drink": 345.70383887710608, "gravity_healthcare": 77.62034256658319, "gravity_shelter": 117.74455794235418, "avg_gravity": 116.46504897190549, "min_tt_community": 31.0, "min_tt_education": 25.0, "min_tt_essential_services": 16.0, "min_tt_food_and_drink": 9.0, "min_tt_healthcare": 19.0, "min_tt_shelter": 15.0, "avg_tt_community": 46.679487179487182, "avg_tt_education": 46.924242424242422, "avg_tt_essential_services": 46.396907216494846, "avg_tt_food_and_drink": 44.730458221024257, "avg_tt_healthcare": 45.80155642023346, "avg_tt_shelter": 46.093908629441621, "avg_tt_all": 46.104426681820634, "n_unreachable_categories": 0, "count_community": 78.0, "count_education": 264.0, "count_essential_services": 194.0, "count_food_and_drink": 1114.0, "count_healthcare": 257.0, "count_shelter": 394.0, "gravity_community_per_100": 0.0, "gravity_education_per_100": 0.0, "gravity_essential_services_per_100": 0.0, "gravity_food_and_drink_per_100": 0.0, "gravity_healthcare_per_100": 0.0, "gravity_shelter_per_100": 0.0, "shannon": 1.4698532049714261, "kl_divergence": 0.00072661913140705491, "jsd": 0.013528721874145836, "city_similarity": 0.98647127812585411 }, "geometry": { "type": "Polygon", "coordinates": [ [ [ 24.738974738286409, 59.384883099776381 ], [ 24.730180348471105, 59.384730353683288 ], [ 24.725522853783762, 59.388539194682551 ], [ 24.729660613794302, 59.392501246637408 ], [ 24.738457013123028, 59.392654039764928 ], [ 24.743113642568446, 59.388844733894636 ], [ 24.738974738286409, 59.384883099776381 ] ] ] } },
{ "type": "Feature", "properties": { "from_id": "48", "population": 379.11975076654238, "gravity_community": 27.902561927488335, "gravity_education": 96.821082597986219, "gravity_essential_services": 73.880207301494195, "gravity_food_and_drink": 399.4413226406603, "gravity_healthcare": 96.943049558173783, "gravity_shelter": 156.2971694151851, "avg_gravity": 141.88089890683133, "min_tt_community": 19.0, "min_tt_education": 17.0, "min_tt_essential_services": 7.0, "min_tt_food_and_drink": 7.0, "min_tt_healthcare": 5.0, "min_tt_shelter": 11.0, "avg_tt_community": 41.614457831325304, "avg_tt_education": 41.301754385964912, "avg_tt_essential_services": 41.0, "avg_tt_food_and_drink": 41.250213492741246, "avg_tt_healthcare": 41.125448028673837, "avg_tt_shelter": 40.122171945701361, "avg_tt_all": 41.069007614067779, "n_unreachable_categories": 0, "count_community": 83.0, "count_education": 285.0, "count_essential_services": 212.0, "count_food_and_drink": 1172.0, "count_healthcare": 280.0, "count_shelter": 442.0, "gravity_community_per_100": 7.3598280941766108, "gravity_education_per_100": 25.538390548691709, "gravity_essential_services_per_100": 19.487301084186665, "gravity_food_and_drink_per_100": 105.36019867944884, "gravity_healthcare_per_100": 25.570561639736411, "gravity_shelter_per_100": 41.226332603133386, "shannon": 1.4816114312174096, "kl_divergence": 0.00043051664908432853, "jsd": 0.0103576826489071, "city_similarity": 0.98964231735109287 }, "geometry": { "type": "Polygon", "coordinates": [ [ [ 24.725522853783762, 59.388539194682551 ], [ 24.716727599265546, 59.388385536329132 ], [ 24.712068095170334, 59.392193882620951 ], [ 24.716204709831167, 59.39615635231636 ], [ 24.725001974296365, 59.396310057987996 ], [ 24.729660613794302, 59.392501246637408 ], [ 24.725522853783762, 59.388539194682551 ] ] ] } },
{ "type": "Feature", "properties": { "from_id": "49", "population": 1632.21232372441, "gravity_community": 10.7581834647027, "gravity_education": 36.440439811032796, "gravity_essential_services": 27.844374545528236, "gravity_food_and_drink": 173.93258527563572, "gravity_healthcare": 37.790683689586892, "gravity_shelter": 63.330493924911863, "avg_gravity": 58.349460118566377, "min_tt_community": 39.0, "min_tt_education": 39.0, "min_tt_essential_services": 28.0, "min_tt_food_and_drink": 20.0, "min_tt_healthcare": 30.0, "min_tt_shelter": 29.0, "avg_tt_community": 51.97674418604651, "avg_tt_education": 52.06849315068493, "avg_tt_essential_services": 50.666666666666664, "avg_tt_food_and_drink": 51.747093023255815, "avg_tt_healthcare": 51.210884353741498, "avg_tt_shelter": 51.362903225806448, "avg_tt_all": 51.505464101033645, "n_unreachable_categories": 0, "count_community": 43.0, "count_education": 146.0, "count_essential_services": 103.0, "count_food_and_drink": 688.0, "count_healthcare": 147.0, "count_shelter": 248.0, "gravity_community_per_100": 0.65911666689015636, "gravity_education_per_100": 2.2325796271334588, "gravity_essential_services_per_100": 1.7059284592333226, "gravity_food_and_drink_per_100": 10.656247520466785, "gravity_healthcare_per_100": 2.3153043963885449, "gravity_shelter_per_100": 3.8800401764154833, "shannon": 1.4350192672780069, "kl_divergence": 0.0010823665803585143, "jsd": 0.016501447178758982, "city_similarity": 0.98349855282124099 }, "geometry": { "type": "Polygon", "coordinates": [ [ [ 24.751909176116211, 59.388996614728072 ], [ 24.743113642568446, 59.388844733894636 ], [ 24.738457013123028, 59.392654039764928 ], [ 24.742596783186094, 59.3966156912904 ], [ 24.751394326891383, 59.396767618895929 ], [ 24.756050090016558, 59.392957848195394 ], [ 24.751909176116211, 59.388996614728072 ] ] ] } },
{ "type": "Feature", "properties": { "from_id": "50", "population": 0.0, "gravity_community": 23.891993929421666, "gravity_education": 82.56213320296213, "gravity_essential_services": 63.567467636957687, "gravity_food_and_drink": 364.63391907694199, "gravity_healthcare": 82.508909580330865, "gravity_shelter": 126.63188741002213, "avg_gravity": 123.96605180610608, "min_tt_community": 30.0, "min_tt_education": 24.0, "min_tt_essential_services": 18.0, "min_tt_food_and_drink": 13.0, "min_tt_healthcare": 20.0, "min_tt_shelter": 14.0, "avg_tt_community": 45.7125, "avg_tt_education": 46.176258992805757, "avg_tt_essential_services": 44.887804878048783, "avg_tt_food_and_drink": 43.463093145869948, "avg_tt_healthcare": 44.60377358490566, "avg_tt_shelter": 45.060532687651332, "avg_tt_all": 44.983993881546915, "n_unreachable_categories": 0, "count_community": 80.0, "count_education": 278.0, "count_essential_services": 205.0, "count_food_and_drink": 1139.0, "count_healthcare": 265.0, "count_shelter": 413.0, "gravity_community_per_100": 0.0, "gravity_education_per_100": 0.0, "gravity_essential_services_per_100": 0.0, "gravity_food_and_drink_per_100": 0.0, "gravity_healthcare_per_100": 0.0, "gravity_shelter_per_100": 0.0, "shannon": 1.4770637512621028, "kl_divergence": 0.00068982641386679255, "jsd": 0.013140038473765579, "city_similarity": 0.98685996152623445 }, "geometry": { "type": "Polygon", "coordinates": [ [ [ 24.738457013123028, 59.392654039764928 ], [ 24.729660613794302, 59.392501246637408 ], [ 24.725001974296365, 59.396310057987996 ], [ 24.729140599443433, 59.400272127475652 ], [ 24.737939009364048, 59.400424967659085 ], [ 24.742596783186094, 59.3966156912904 ], [ 24.738457013123028, 59.392654039764928 ] ] ] } },
{ "type": "Feature", "properties": { "from_id": "51", "population": 72.406610685552934, "gravity_community": 23.811208120986336, "gravity_education": 81.400737645756053, "gravity_essential_services": 57.829007550084619, "gravity_food_and_drink": 322.29123286550026, "gravity_healthcare": 77.236887907162298, "gravity_shelter": 140.79844300500292, "avg_gravity": 117.22791951574875, "min_tt_community": 18.0, "min_tt_education": 10.0, "min_tt_essential_services": 18.0, "min_tt_food_and_drink": 8.0, "min_tt_healthcare": 15.0, "min_tt_shelter": 3.0, "avg_tt_community": 43.054794520547944, "avg_tt_education": 41.820833333333333, "avg_tt_essential_services": 42.94318181818182, "avg_tt_food_and_drink": 45.331749049429661, "avg_tt_healthcare": 43.198312236286917, "avg_tt_shelter": 38.576, "avg_tt_all": 42.487478492963277, "n_unreachable_categories": 0, "count_community": 73.0, "count_education": 240.0, "count_essential_services": 176.0, "count_food_and_drink": 1053.0, "count_healthcare": 237.0, "count_shelter": 375.0, "gravity_community_per_100": 32.885406312406381, "gravity_education_per_100": 112.4216930954865, "gravity_essential_services_per_100": 79.867027337081339, "gravity_food_and_drink_per_100": 445.11299426118012, "gravity_healthcare_per_100": 106.67104450253345, "gravity_shelter_per_100": 194.45523229427448, "shannon": 1.4609053447438607, "kl_divergence": 0.00046359886615378321, "jsd": 0.010801339174474397, "city_similarity": 0.98919866082552566 }, "geometry": { "type": "Polygon", "coordinates": [ [ [ 24.65929280544464, 59.391257569399428 ], [ 24.650497258076623, 59.391099443410226 ], [ 24.645830001082011, 59.394905372140776 ], [ 24.649959151597034, 59.39886989255298 ], [ 24.658756708914048, 59.399028067236465 ], [ 24.663423105407638, 59.395221672804631 ], [ 24.65929280544464, 59.391257569399428 ] ] ] } },
{ "type": "Feature", "properties": { "from_id": "52", "population": 2739.1781193857987, "gravity_community": 30.229631983278015, "gravity_education": 104.53582563656433, "gravity_essential_services": 74.704887284019335, "gravity_food_and_drink": 394.52018581421049, "gravity_healthcare": 99.855032587129912, "gravity_shelter": 175.41802614638755, "avg_gravity": 146.54393157526496, "min_tt_community": 12.0, "min_tt_education": 1.0, "min_tt_essential_services": 10.0, "min_tt_food_and_drink": 5.0, "min_tt_healthcare": 4.0, "min_tt_shelter": 6.0, "avg_tt_community": 40.758620689655174, "avg_tt_education": 38.790780141843975, "avg_tt_essential_services": 39.151960784313722, "avg_tt_food_and_drink": 41.543103448275865, "avg_tt_healthcare": 38.447761194029852, "avg_tt_shelter": 35.336470588235294, "avg_tt_all": 39.004782807725654, "n_unreachable_categories": 0, "count_community": 87.0, "count_education": 282.0, "count_essential_services": 204.0, "count_food_and_drink": 1161.0, "count_healthcare": 268.0, "count_shelter": 425.0, "gravity_community_per_100": 1.1036022728619179, "gravity_education_per_100": 3.8163208480945454, "gravity_essential_services_per_100": 2.7272738036024573, "gravity_food_and_drink_per_100": 14.402867160120024, "gravity_healthcare_per_100": 3.6454377274859451, "gravity_shelter_per_100": 6.4040386751381186, "shannon": 1.478716677180608, "kl_divergence": 0.0005824042385678338, "jsd": 0.012059980525465763, "city_similarity": 0.98794001947453425 }, "geometry": { "type": "Polygon", "coordinates": [ [ [ 24.672219801684513, 59.395378934263967 ], [ 24.663423105407638, 59.395221672804631 ], [ 24.658756708914048, 59.399028067236465 ], [ 24.662887869917249, 59.402992188780331 ], [ 24.671686576791046, 59.403149498672008 ], [ 24.676352111705146, 59.399342638578695 ], [ 24.672219801684513, 59.395378934263967 ] ] ] } },
{ "type": "Feature", "properties": { "from_id": "53", "population": 6191.3601095466902, "gravity_community": 30.557763356377656, "gravity_education": 106.88691979773164, "gravity_essential_services": 77.151263681995431, "gravity_food_and_drink": 383.03770177626308, "gravity_healthcare": 99.48861478801193, "gravity_shelter": 180.39671058163535, "avg_gravity": 146.25316233033584, "min_tt_community": 15.0, "min_tt_education": 8.0, "min_tt_essential_services": 4.0, "min_tt_food_and_drink": 6.0, "min_tt_healthcare": 5.0, "min_tt_shelter": 2.0, "avg_tt_community": 41.855555555555554, "avg_tt_education": 40.060402684563755, "avg_tt_essential_services": 39.710280373831779, "avg_tt_food_and_drink": 43.125957446808513, "avg_tt_healthcare": 40.57597173144876, "avg_tt_shelter": 36.640969162995596, "avg_tt_all": 40.328189492533994, "n_unreachable_categories": 0, "count_community": 90.0, "count_education": 298.0, "count_essential_services": 214.0, "count_food_and_drink": 1176.0, "count_healthcare": 283.0, "count_shelter": 454.0, "gravity_community_per_100": 0.49355493487221802, "gravity_education_per_100": 1.7263883525837673, "gravity_essential_services_per_100": 1.2461117156314814, "gravity_food_and_drink_per_100": 6.1866487330569395, "gravity_healthcare_per_100": 1.60689433384123, "gravity_shelter_per_100": 2.9136846733155597, "shannon": 1.4918630050474555, "kl_divergence": 0.00075306385705916582, "jsd": 0.013671857679831792, "city_similarity": 0.98632814232016819 }, "geometry": { "type": "Polygon", "coordinates": [ [ [ 24.658756708914048, 59.399028067236465 ], [ 24.649959151597034, 59.39886989255298 ], [ 24.645290744615284, 59.402675790705715 ], [ 24.649420755522176, 59.406640329381844 ], [ 24.658220323866797, 59.406798552781822 ], [ 24.662887869917249, 59.402992188780331 ], [ 24.658756708914048, 59.399028067236465 ] ] ] } },
{ "type": "Feature", "properties": { "from_id": "54", "population": 5356.1205305637504, "gravity_community": 30.687057044168412, "gravity_education": 105.65928917167162, "gravity_essential_services": 77.462633068912609, "gravity_food_and_drink": 394.10340619297864, "gravity_healthcare": 100.24911737202467, "gravity_shelter": 178.89896223709476, "avg_gravity": 147.84341084780846, "min_tt_community": 7.0, "min_tt_education": 5.0, "min_tt_essential_services": 8.0, "min_tt_food_and_drink": 8.0, "min_tt_healthcare": 8.0, "min_tt_shelter": 4.0, "avg_tt_community": 41.112359550561798, "avg_tt_education": 40.040955631399321, "avg_tt_essential_services": 39.123222748815166, "avg_tt_food_and_drink": 42.476832350463354, "avg_tt_healthcare": 39.780575539568346, "avg_tt_shelter": 36.043083900226755, "avg_tt_all": 39.762838286839127, "n_unreachable_categories": 0, "count_community": 89.0, "count_education": 293.0, "count_essential_services": 211.0, "count_food_and_drink": 1188.0, "count_healthcare": 278.0, "count_shelter": 441.0, "gravity_community_per_100": 0.57293440035671661, "gravity_education_per_100": 1.9726831868092896, "gravity_essential_services_per_100": 1.4462451437917772, "gravity_food_and_drink_per_100": 7.3580010745482207, "gravity_healthcare_per_100": 1.8716740372060503, "gravity_shelter_per_100": 3.3400846978002012, "shannon": 1.4825099238799018, "kl_divergence": 0.00060589444350257586, "jsd": 0.012283771219498987, "city_similarity": 0.98771622878050103 }, "geometry": { "type": "Polygon", "coordinates": [ [ [ 24.671686576791046, 59.403149498672008 ], [ 24.662887869917249, 59.402992188780331 ], [ 24.658220323866797, 59.406798552781822 ], [ 24.662352346340882, 59.410762692475053 ], [ 24.671153064890728, 59.410920050821176 ], [ 24.6758197489306, 59.407113221010817 ], [ 24.671686576791046, 59.403149498672008 ] ] ] } },
{ "type": "Feature", "properties": { "from_id": "55", "population": 5228.8575128223611, "gravity_community": 29.872185940798619, "gravity_education": 100.93397857039332, "gravity_essential_services": 75.371696284027735, "gravity_food_and_drink": 381.65051130361769, "gravity_healthcare": 96.204828986076762, "gravity_shelter": 165.65779452224987, "avg_gravity": 141.61516593452734, "min_tt_community": 6.0, "min_tt_education": 7.0, "min_tt_essential_services": 8.0, "min_tt_food_and_drink": 6.0, "min_tt_healthcare": 7.0, "min_tt_shelter": 7.0, "avg_tt_community": 42.7, "avg_tt_education": 41.323024054982817, "avg_tt_essential_services": 40.123809523809527, "avg_tt_food_and_drink": 43.251700680272108, "avg_tt_healthcare": 40.611721611721613, "avg_tt_shelter": 37.620370370370374, "avg_tt_all": 40.938437706859403, "n_unreachable_categories": 0, "count_community": 90.0, "count_education": 291.0, "count_essential_services": 210.0, "count_food_and_drink": 1177.0, "count_healthcare": 273.0, "count_shelter": 432.0, "gravity_community_per_100": 0.57129470190276077, "gravity_education_per_100": 1.9303256652697074, "gravity_essential_services_per_100": 1.441456304731942, "gravity_food_and_drink_per_100": 7.2989273539721218, "gravity_healthcare_per_100": 1.8398823978308916, "gravity_shelter_per_100": 3.1681451276118899, "shannon": 1.4832234788659877, "kl_divergence": 0.00077015835270834859, "jsd": 0.013851129273241466, "city_similarity": 0.9861488707267585 }, "geometry": { "type": "Polygon", "coordinates": [ [ [ 24.658220323866797, 59.406798552781822 ], [ 24.649420755522176, 59.406640329381844 ], [ 24.644751197904551, 59.410446196945109 ], [ 24.648882069633473, 59.414410753895837 ], [ 24.657683650085126, 59.414569026034613 ], [ 24.662352346340882, 59.410762692475053 ], [ 24.658220323866797, 59.406798552781822 ] ] ] } },
{ "type": "Feature", "properties": { "from_id": "56", "population": 3673.7429252946781, "gravity_community": 31.236170446349284, "gravity_education": 104.95574618451754, "gravity_essential_services": 78.461352370555787, "gravity_food_and_drink": 409.30520859602268, "gravity_healthcare": 101.75185853654042, "gravity_shelter": 170.19176157584303, "avg_gravity": 149.31701628497146, "min_tt_community": 16.0, "min_tt_education": 15.0, "min_tt_essential_services": 7.0, "min_tt_food_and_drink": 7.0, "min_tt_healthcare": 6.0, "min_tt_shelter": 6.0, "avg_tt_community": 40.258426966292134, "avg_tt_education": 39.952702702702702, "avg_tt_essential_services": 38.374407582938389, "avg_tt_food_and_drink": 40.755480607082632, "avg_tt_healthcare": 38.741007194244602, "avg_tt_shelter": 36.574712643678161, "avg_tt_all": 39.109456282823103, "n_unreachable_categories": 0, "count_community": 89.0, "count_education": 296.0, "count_essential_services": 211.0, "count_food_and_drink": 1187.0, "count_healthcare": 278.0, "count_shelter": 435.0, "gravity_community_per_100": 0.85025466075157574, "gravity_education_per_100": 2.8569159116134624, "gravity_essential_services_per_100": 2.135733336982534, "gravity_food_and_drink_per_100": 11.141367725483718, "gravity_healthcare_per_100": 2.7697054640364831, "gravity_shelter_per_100": 4.632652992783691, "shannon": 1.4829723058402735, "kl_divergence": 0.00083020290055629484, "jsd": 0.014381943033382104, "city_similarity": 0.98561805696661786 }, "geometry": { "type": "Polygon", "coordinates": [ [ [ 24.671153064890728, 59.410920050821176 ], [ 24.662352346340882, 59.410762692475053 ], [ 24.657683650085126, 59.414569026034613 ], [ 24.661816534461074, 59.418533183887895 ], [ 24.67061926576692, 59.418690590710632 ], [ 24.675287099580711, 59.414883791194669 ], [ 24.671153064890728, 59.410920050821176 ] ] ] } },
{ "type": "Feature", "properties": { "from_id": "57", "population": 2422.3769493164355, "gravity_community": 34.284238507939591, "gravity_education": 113.841931500855, "gravity_essential_services": 84.910381106720692, "gravity_food_and_drink": 446.61431016289924, "gravity_healthcare": 111.01780294386464, "gravity_shelter": 190.94329668485443, "avg_gravity": 163.60199348452227, "min_tt_community": 11.0, "min_tt_education": 7.0, "min_tt_essential_services": 8.0, "min_tt_food_and_drink": 3.0, "min_tt_healthcare": 5.0, "min_tt_shelter": 2.0, "avg_tt_community": 39.442105263157892, "avg_tt_education": 38.449180327868852, "avg_tt_essential_services": 37.377272727272725, "avg_tt_food_and_drink": 38.397192402972749, "avg_tt_healthcare": 37.672413793103445, "avg_tt_shelter": 35.902748414376319, "avg_tt_all": 37.873485488125333, "n_unreachable_categories": 0, "count_community": 95.0, "count_education": 305.0, "count_essential_services": 220.0, "count_food_and_drink": 1212.0, "count_healthcare": 290.0, "count_shelter": 473.0, "gravity_community_per_100": 1.4153139344235492, "gravity_education_per_100": 4.6995960530824803, "gravity_essential_services_per_100": 3.5052505404116125, "gravity_food_and_drink_per_100": 18.437027742066661, "gravity_healthcare_per_100": 4.5830110369565924, "gravity_shelter_per_100": 7.8824766202772958, "shannon": 1.4926859314630738, "kl_divergence": 0.00069434546824364467, "jsd": 0.013126469356840585, "city_similarity": 0.98687353064315941 }, "geometry": { "type": "Polygon", "coordinates": [ [ [ 24.657683650085126, 59.414569026034613 ], [ 24.648882069633473, 59.414410753895837 ], [ 24.644211360730711, 59.418216590858108 ], [ 24.648343093712132, 59.422181166094106 ], [ 24.657146687351059, 59.42233948699397 ], [ 24.661816534461074, 59.418533183887895 ], [ 24.657683650085126, 59.414569026034613 ] ] ] } },
{ "type": "Feature", "properties": { "from_id": "58", "population": 2201.2307469936086, "gravity_community": 28.787863560379471, "gravity_education": 87.387109946669895, "gravity_essential_services": 69.753345383860548, "gravity_food_and_drink": 398.27283860652636, "gravity_healthcare": 89.455915323335802, "gravity_shelter": 149.2864978133976, "avg_gravity": 137.15726177236161, "min_tt_community": 27.0, "min_tt_education": 19.0, "min_tt_essential_services": 16.0, "min_tt_food_and_drink": 8.0, "min_tt_healthcare": 16.0, "min_tt_shelter": 11.0, "avg_tt_community": 42.545454545454547, "avg_tt_education": 43.161764705882355, "avg_tt_essential_services": 42.344497607655505, "avg_tt_food_and_drink": 40.774805867126837, "avg_tt_healthcare": 41.860902255639097, "avg_tt_shelter": 41.813063063063062, "avg_tt_all": 42.083414674136904, "n_unreachable_categories": 0, "count_community": 88.0, "count_education": 272.0, "count_essential_services": 209.0, "count_food_and_drink": 1160.0, "count_healthcare": 266.0, "count_shelter": 444.0, "gravity_community_per_100": 1.3078076253340221, "gravity_education_per_100": 3.9699204668125434, "gravity_essential_services_per_100": 3.1688338661963584, "gravity_food_and_drink_per_100": 18.093188964876962, "gravity_healthcare_per_100": 4.0639044973141809, "gravity_shelter_per_100": 6.7819558679747569, "shannon": 1.4802572513683367, "kl_divergence": 0.00019300184087484322, "jsd": 0.0069221792540215057, "city_similarity": 0.9930778207459785 }, "geometry": { "type": "Polygon", "coordinates": [ [ [ 24.67061926576692, 59.418690590710632 ], [ 24.661816534461074, 59.418533183887895 ], [ 24.657146687351059, 59.42233948699397 ], [ 24.661280434060149, 59.426303663017976 ], [ 24.67008517920274, 59.426461118339532 ], [ 24.674754163439111, 59.422654349129438 ], [ 24.67061926576692, 59.418690590710632 ] ] ] } },
{ "type": "Feature", "properties": { "from_id": "59", "population": 1260.0805559089326, "gravity_community": 29.535146580914859, "gravity_education": 93.68882912791517, "gravity_essential_services": 73.735854115480535, "gravity_food_and_drink": 401.14828298273335, "gravity_healthcare": 93.139173365949418, "gravity_shelter": 158.69674221371184, "avg_gravity": 141.65733806445087, "min_tt_community": 16.0, "min_tt_education": 12.0, "min_tt_essential_services": 10.0, "min_tt_food_and_drink": 7.0, "min_tt_healthcare": 9.0, "min_tt_shelter": 6.0, "avg_tt_community": 42.269662921348313, "avg_tt_education": 41.834532374100718, "avg_tt_essential_services": 40.7, "avg_tt_food_and_drink": 41.063884156729131, "avg_tt_healthcare": 40.60526315789474, "avg_tt_shelter": 39.668181818181822, "avg_tt_all": 41.023587404709126, "n_unreachable_categories": 0, "count_community": 89.0, "count_education": 278.0, "count_essential_services": 210.0, "count_food_and_drink": 1175.0, "count_healthcare": 266.0, "count_shelter": 440.0, "gravity_community_per_100": 2.3439093986820789, "gravity_education_per_100": 7.435146006227729, "gravity_essential_services_per_100": 5.8516777970828011, "gravity_food_and_drink_per_100": 31.835129992413343, "gravity_healthcare_per_100": 7.3915253218684445, "gravity_shelter_per_100": 12.594174354133994, "shannon": 1.4782370124459454, "kl_divergence": 0.00029607952304281683, "jsd": 0.0085842788577174013, "city_similarity": 0.9914157211422826 }, "geometry": { "type": "Polygon", "coordinates": [ [ [ 24.644211360730711, 59.418216590858108 ], [ 24.635408919026617, 59.418057404677256 ], [ 24.630736197046232, 59.421862744695687 ], [ 24.63486677755234, 59.42582773721724 ], [ 24.643671232874464, 59.425986972443738 ], [ 24.648343093712132, 59.422181166094106 ], [ 24.644211360730711, 59.418216590858108 ] ] ] } },
{ "type": "Feature", "properties": { "from_id": "60", "population": 1476.2058588503098, "gravity_community": 30.515196170354827, "gravity_education": 93.076425256090857, "gravity_essential_services": 76.260162200543121, "gravity_food_and_drink": 423.22372296459406, "gravity_healthcare": 96.40749089055474, "gravity_shelter": 161.15365565042265, "avg_gravity": 146.77277552209338, "min_tt_community": 21.0, "min_tt_education": 15.0, "min_tt_essential_services": 2.0, "min_tt_food_and_drink": 1.0, "min_tt_healthcare": 1.0, "min_tt_shelter": 6.0, "avg_tt_community": 41.411111111111111, "avg_tt_education": 41.64855072463768, "avg_tt_essential_services": 40.752336448598129, "avg_tt_food_and_drink": 39.695762711864404, "avg_tt_healthcare": 40.514814814814812, "avg_tt_shelter": 40.449781659388648, "avg_tt_all": 40.745392911735792, "n_unreachable_categories": 0, "count_community": 90.0, "count_education": 276.0, "count_essential_services": 214.0, "count_food_and_drink": 1183.0, "count_healthcare": 271.0, "count_shelter": 458.0, "gravity_community_per_100": 2.0671369096259036, "gravity_education_per_100": 6.3051114922806297, "gravity_essential_services_per_100": 5.1659571558627757, "gravity_food_and_drink_per_100": 28.669695383420763, "gravity_healthcare_per_100": 6.5307619741895806, "gravity_shelter_per_100": 10.916746785975461, "shannon": 1.4807547853253804, "kl_divergence": 0.00017602950330561449, "jsd": 0.0066072878500436647, "city_similarity": 0.99339271214995628 }, "geometry": { "type": "Polygon", "coordinates": [ [ [ 24.661280434060149, 59.426303663017976 ], [ 24.657146687351059, 59.42233948699397 ], [ 24.648343093712132, 59.422181166094106 ], [ 24.643671232874464, 59.425986972443738 ], [ 24.647803827539143, 59.429951565975813 ], [ 24.653447282046553, 59.430053132518267 ], [ 24.653474807739258, 59.430038452148423 ], [ 24.653512954711914, 59.430027008056619 ], [ 24.653553009033203, 59.430015563964851 ], [ 24.653610229492188, 59.430007934570312 ], [ 24.653669357299805, 59.429992675781229 ], [ 24.653697967529297, 59.429981231689446 ], [ 24.65372467041016, 59.429969787597649 ], [ 24.653749465942383, 59.429954528808601 ], [ 24.653770446777344, 59.429935455322273 ], [ 24.653789520263672, 59.429908752441385 ], [ 24.653810501098633, 59.429889678955078 ], [ 24.653827667236328, 59.42987060546875 ], [ 24.653875350952148, 59.42983245849608 ], [ 24.653902053833008, 59.429805755615241 ], [ 24.653924942016605, 59.42978668212892 ], [ 24.653953552246094, 59.429767608642585 ], [ 24.654031753540039, 59.429725646972642 ], [ 24.654104232788086, 59.429691314697251 ], [ 24.654151916503906, 59.429672241210916 ], [ 24.654296875, 59.429618835449219 ], [ 24.654361724853516, 59.429599761962891 ], [ 24.65446662902832, 59.429573059082031 ], [ 24.654485702514648, 59.429569244384759 ], [ 24.654561996459964, 59.429553985595689 ], [ 24.654617309570312, 59.429546356201172 ], [ 24.654672622680668, 59.429534912109368 ], [ 24.654752731323242, 59.429515838623033 ], [ 24.654806137084961, 59.429504394531236 ], [ 24.654863357543945, 59.429500579833984 ], [ 24.654918670654297, 59.429496765136726 ], [ 24.655055999755859, 59.429477691650391 ], [ 24.655223846435547, 59.429462432861335 ], [ 24.655427932739258, 59.429447174072259 ], [ 24.655464172363281, 59.429443359375 ], [ 24.65550422668457, 59.429435729980462 ], [ 24.655550003051758, 59.429435729980476 ], [ 24.655599594116211, 59.429439544677741 ], [ 24.655637741088867, 59.429439544677727 ], [ 24.655712127685547, 59.429439544677741 ], [ 24.655763626098633, 59.429443359375014 ], [ 24.655817031860352, 59.429443359375 ], [ 24.655874252319336, 59.429439544677741 ], [ 24.655900955200195, 59.429428100585938 ], [ 24.655990600585941, 59.429382324218736 ], [ 24.656013488769531, 59.429378509521491 ], [ 24.656030654907227, 59.429382324218736 ], [ 24.656116485595703, 59.429393768310547 ], [ 24.656171798706058, 59.42940139770505 ], [ 24.656215667724609, 59.429405212402344 ], [ 24.656261444091797, 59.429401397705099 ], [ 24.656314849853516, 59.429393768310547 ], [ 24.656351089477543, 59.429397583007798 ], [ 24.656408309936523, 59.429405212402337 ], [ 24.656488418579102, 59.429409027099624 ], [ 24.65650749206543, 59.429409027099609 ], [ 24.656549453735352, 59.429401397705085 ], [ 24.656585693359375, 59.429389953613274 ], [ 24.656715393066406, 59.429378509521491 ], [ 24.656808853149414, 59.429374694824219 ], [ 24.65684700012207, 59.42936706542968 ], [ 24.656906127929688, 59.429359436035156 ], [ 24.656972885131836, 59.429359436035156 ], [ 24.657045364379886, 59.429355621337884 ], [ 24.657127380371094, 59.429359436035156 ], [ 24.657167434692383, 59.429359436035156 ], [ 24.657222747802738, 59.429355621337905 ], [ 24.657333374023438, 59.429355621337898 ], [ 24.657541691697588, 59.42935034754737 ], [ 24.657649300056999, 59.429262667248771 ], [ 24.657619476318359, 59.42922210693358 ], [ 24.657613754272461, 59.429191589355462 ], [ 24.657665252685547, 59.429183959960938 ], [ 24.657745895432587, 59.429183959964298 ], [ 24.661280434060149, 59.426303663017976 ] ] ] } },
{ "type": "Feature", "properties": { "from_id": "61", "population": 1279.4780523809106, "gravity_community": 32.623592277900407, "gravity_education": 113.84959077764324, "gravity_essential_services": 88.869863256768895, "gravity_food_and_drink": 465.61862600237623, "gravity_healthcare": 113.5460115802118, "gravity_shelter": 191.84907377524974, "avg_gravity": 167.72612627835838, "min_tt_community": 25.0, "min_tt_education": 4.0, "min_tt_essential_services": 11.0, "min_tt_food_and_drink": 7.0, "min_tt_healthcare": 7.0, "min_tt_shelter": 8.0, "avg_tt_community": 39.532608695652172, "avg_tt_education": 38.581993569131832, "avg_tt_essential_services": 36.0, "avg_tt_food_and_drink": 37.279902359641987, "avg_tt_healthcare": 36.929054054054056, "avg_tt_shelter": 38.166015625, "avg_tt_all": 37.748262383913342, "n_unreachable_categories": 0, "count_community": 92.0, "count_education": 311.0, "count_essential_services": 226.0, "count_food_and_drink": 1230.0, "count_healthcare": 296.0, "count_shelter": 512.0, "gravity_community_per_100": 2.5497578654978059, "gravity_education_per_100": 8.8981276830647289, "gravity_essential_services_per_100": 6.9457903628277045, "gravity_food_and_drink_per_100": 36.391294491994763, "gravity_healthcare_per_100": 8.8744008831507699, "gravity_shelter_per_100": 14.994323147493487, "shannon": 1.4936378778225516, "kl_divergence": 0.00078934905821012331, "jsd": 0.014038671584191278, "city_similarity": 0.98596132841580875 }, "geometry": { "type": "Polygon", "coordinates": [ [ [ 24.725001974296365, 59.396310057987996 ], [ 24.716204709831167, 59.39615635231636 ], [ 24.711544059847022, 59.399964668801175 ], [ 24.715681538999075, 59.403927156154943 ], [ 24.724480814490008, 59.404080909166389 ], [ 24.729140599443433, 59.400272127475652 ], [ 24.725001974296365, 59.396310057987996 ] ] ] } },
{ "type": "Feature", "properties": { "from_id": "62", "population": 2147.4105464688751, "gravity_community": 11.522087763845539, "gravity_education": 38.790817043180148, "gravity_essential_services": 30.591123631415389, "gravity_food_and_drink": 186.83971938861342, "gravity_healthcare": 42.798525404670258, "gravity_shelter": 69.55456576475801, "avg_gravity": 63.349473166080465, "min_tt_community": 39.0, "min_tt_education": 30.0, "min_tt_essential_services": 27.0, "min_tt_food_and_drink": 21.0, "min_tt_healthcare": 27.0, "min_tt_shelter": 25.0, "avg_tt_community": 51.934782608695649, "avg_tt_education": 51.26973684210526, "avg_tt_essential_services": 51.025423728813557, "avg_tt_food_and_drink": 51.775815217391305, "avg_tt_healthcare": 50.625766871165645, "avg_tt_shelter": 50.541353383458649, "avg_tt_all": 51.195479775271686, "n_unreachable_categories": 0, "count_community": 46.0, "count_education": 152.0, "count_essential_services": 118.0, "count_food_and_drink": 737.0, "count_healthcare": 163.0, "count_shelter": 266.0, "gravity_community_per_100": 0.53655728676531123, "gravity_education_per_100": 1.8063996708485193, "gravity_essential_services_per_100": 1.4245586938053525, "gravity_food_and_drink_per_100": 8.7006986016645005, "gravity_healthcare_per_100": 1.9930294873072418, "gravity_shelter_per_100": 3.2389971204682331, "shannon": 1.4413052245591993, "kl_divergence": 0.00080301694254124138, "jsd": 0.014193410865312265, "city_similarity": 0.98580658913468777 }, "geometry": { "type": "Polygon", "coordinates": [ [ [ 24.751394326891383, 59.396767618895929 ], [ 24.742596783186094, 59.3966156912904 ], [ 24.737939009364048, 59.400424967659085 ], [ 24.742079645642505, 59.40438663660214 ], [ 24.750879200584286, 59.404538611001144 ], [ 24.755536107651324, 59.400728869655133 ], [ 24.751394326891383, 59.396767618895929 ] ] ] } },
{ "type": "Feature", "properties": { "from_id": "63", "population": 0.0, "gravity_community": 36.234080417874104, "gravity_education": 121.33126220967452, "gravity_essential_services": 88.47658131063578, "gravity_food_and_drink": 514.92695988078083, "gravity_healthcare": 121.41748761798256, "gravity_shelter": 195.66873986768553, "avg_gravity": 179.67585188410555, "min_tt_community": 18.0, "min_tt_education": 6.0, "min_tt_essential_services": 5.0, "min_tt_food_and_drink": 2.0, "min_tt_healthcare": 3.0, "min_tt_shelter": 8.0, "avg_tt_community": 36.354838709677416, "avg_tt_education": 37.437106918238996, "avg_tt_essential_services": 36.422222222222224, "avg_tt_food_and_drink": 33.975649350649348, "avg_tt_healthcare": 35.37792642140468, "avg_tt_shelter": 37.95183044315992, "avg_tt_all": 36.253262344225426, "n_unreachable_categories": 0, "count_community": 93.0, "count_education": 318.0, "count_essential_services": 225.0, "count_food_and_drink": 1233.0, "count_healthcare": 299.0, "count_shelter": 519.0, "gravity_community_per_100": 0.0, "gravity_education_per_100": 0.0, "gravity_essential_services_per_100": 0.0, "gravity_food_and_drink_per_100": 0.0, "gravity_healthcare_per_100": 0.0, "gravity_shelter_per_100": 0.0, "shannon": 1.496042234771302, "kl_divergence": 0.0010617237266530265, "jsd": 0.016271272520972008, "city_similarity": 0.98372872747902795 }, "geometry": { "type": "Polygon", "coordinates": [ [ [ 24.737939009364048, 59.400424967659085 ], [ 24.729140599443433, 59.400272127475652 ], [ 24.724480814490008, 59.404080909166389 ], [ 24.72862030520745, 59.408042996197317 ], [ 24.737420726799222, 59.408195883458177 ], [ 24.742079645642505, 59.40438663660214 ], [ 24.737939009364048, 59.400424967659085 ] ] ] } },
{ "type": "Feature", "properties": { "from_id": "64", "population": 1429.7030871371294, "gravity_community": 28.199373810095278, "gravity_education": 94.198364915878926, "gravity_essential_services": 71.897442537645759, "gravity_food_and_drink": 417.56043539252266, "gravity_healthcare": 96.134015272502637, "gravity_shelter": 156.36933162281395, "avg_gravity": 144.05982725857655, "min_tt_community": 26.0, "min_tt_education": 17.0, "min_tt_essential_services": 14.0, "min_tt_food_and_drink": 13.0, "min_tt_healthcare": 17.0, "min_tt_shelter": 11.0, "avg_tt_community": 43.375, "avg_tt_education": 43.525597269624576, "avg_tt_essential_services": 42.518348623853214, "avg_tt_food_and_drink": 40.364853556485357, "avg_tt_healthcare": 41.785211267605632, "avg_tt_shelter": 42.908141962421709, "avg_tt_all": 42.412858779998409, "n_unreachable_categories": 0, "count_community": 88.0, "count_education": 293.0, "count_essential_services": 218.0, "count_food_and_drink": 1196.0, "count_healthcare": 284.0, "count_shelter": 479.0, "gravity_community_per_100": 1.9723937133382261, "gravity_education_per_100": 6.5886662596850023, "gravity_essential_services_per_100": 5.0288373288481081, "gravity_food_and_drink_per_100": 29.206094548530025, "gravity_healthcare_per_100": 6.7240545353373777, "gravity_shelter_per_100": 10.937189198907832, "shannon": 1.4871655108409851, "kl_divergence": 0.00035511694268169957, "jsd": 0.0094162009092694614, "city_similarity": 0.99058379909073058 }, "geometry": { "type": "Polygon", "coordinates": [ [ [ 24.750879200584286, 59.404538611001144 ], [ 24.742079645642505, 59.40438663660214 ], [ 24.737420726799222, 59.408195883458177 ], [ 24.74156222972773, 59.412157569829155 ], [ 24.750363796985781, 59.412309591043041 ], [ 24.755021848638993, 59.408499879062539 ], [ 24.750879200584286, 59.404538611001144 ] ] ] } },
{ "type": "Feature", "properties": { "from_id": "65", "population": 1041.6113662428161, "gravity_community": 29.869143905672772, "gravity_education": 104.27621023724805, "gravity_essential_services": 79.276772593011543, "gravity_food_and_drink": 436.33412065858278, "gravity_healthcare": 104.8639395924193, "gravity_shelter": 170.04874723477212, "avg_gravity": 154.1114890369511, "min_tt_community": 25.0, "min_tt_education": 10.0, "min_tt_essential_services": 13.0, "min_tt_food_and_drink": 7.0, "min_tt_healthcare": 2.0, "min_tt_shelter": 4.0, "avg_tt_community": 40.735632183908045, "avg_tt_education": 39.256055363321799, "avg_tt_essential_services": 37.616113744075832, "avg_tt_food_and_drink": 38.361952861952865, "avg_tt_healthcare": 38.183745583038871, "avg_tt_shelter": 37.257336343115121, "avg_tt_all": 38.568472679902094, "n_unreachable_categories": 0, "count_community": 87.0, "count_education": 289.0, "count_essential_services": 211.0, "count_food_and_drink": 1189.0, "count_healthcare": 283.0, "count_shelter": 443.0, "gravity_community_per_100": 2.8675900507320122, "gravity_education_per_100": 10.011047653347095, "gravity_essential_services_per_100": 7.6109742234255613, "gravity_food_and_drink_per_100": 41.890299472487364, "gravity_healthcare_per_100": 10.067472666957617, "gravity_shelter_per_100": 16.325546431789903, "shannon": 1.4812652781504836, "kl_divergence": 0.00049193417641044384, "jsd": 0.011077861408282418, "city_similarity": 0.98892213859171763 }, "geometry": { "type": "Polygon", "coordinates": [ [ [ 24.724480814490008, 59.404080909166389 ], [ 24.715681538999075, 59.403927156154943 ], [ 24.711019742480275, 59.407735442821526 ], [ 24.71515808655688, 59.411697947844111 ], [ 24.723959374153115, 59.411851748217053 ], [ 24.72862030520745, 59.408042996197317 ], [ 24.724480814490008, 59.404080909166389 ] ] ] } },
{ "type": "Feature", "properties": { "from_id": "66", "population": 3034.1112711656656, "gravity_community": 35.62105226721846, "gravity_education": 120.9041625344061, "gravity_essential_services": 87.628950401730052, "gravity_food_and_drink": 510.58063445519622, "gravity_healthcare": 119.3148902101447, "gravity_shelter": 194.93229353380141, "avg_gravity": 178.16366390041617, "min_tt_community": 18.0, "min_tt_education": 7.0, "min_tt_essential_services": 6.0, "min_tt_food_and_drink": 4.0, "min_tt_healthcare": 8.0, "min_tt_shelter": 7.0, "avg_tt_community": 37.297872340425535, "avg_tt_education": 37.821316614420063, "avg_tt_essential_services": 36.702222222222225, "avg_tt_food_and_drink": 34.372977346278319, "avg_tt_healthcare": 36.03986710963455, "avg_tt_shelter": 38.324376199616125, "avg_tt_all": 36.759771972099472, "n_unreachable_categories": 0, "count_community": 94.0, "count_education": 319.0, "count_essential_services": 225.0, "count_food_and_drink": 1237.0, "count_healthcare": 301.0, "count_shelter": 521.0, "gravity_community_per_100": 1.1740193118735991, "gravity_education_per_100": 3.9848295506959541, "gravity_essential_services_per_100": 2.8881257992909455, "gravity_food_and_drink_per_100": 16.828012845390404, "gravity_healthcare_per_100": 3.9324493911624234, "gravity_shelter_per_100": 6.4246916514340944, "shannon": 1.4965345852337451, "kl_divergence": 0.0010851386756088079, "jsd": 0.016450646546589672, "city_similarity": 0.98354935345341032 }, "geometry": { "type": "Polygon", "coordinates": [ [ [ 24.737420726799222, 59.408195883458177 ], [ 24.72862030520745, 59.408042996197317 ], [ 24.723959374153115, 59.411851748217053 ], [ 24.728099730875087, 59.41581385280162 ], [ 24.736902165218087, 59.41596678716143 ], [ 24.74156222972773, 59.412157569829155 ], [ 24.737420726799222, 59.408195883458177 ] ] ] } },
{ "type": "Feature", "properties": { "from_id": "67", "population": 2980.4145620554959, "gravity_community": 33.518626446345444, "gravity_education": 110.75947786155164, "gravity_essential_services": 80.976983440090706, "gravity_food_and_drink": 492.49031298664852, "gravity_healthcare": 110.974955520023, "gravity_shelter": 177.52827211217354, "avg_gravity": 167.70810472780548, "min_tt_community": 19.0, "min_tt_education": 7.0, "min_tt_essential_services": 12.0, "min_tt_food_and_drink": 6.0, "min_tt_healthcare": 9.0, "min_tt_shelter": 15.0, "avg_tt_community": 39.376344086021504, "avg_tt_education": 40.636942675159233, "avg_tt_essential_services": 39.004504504504503, "avg_tt_food_and_drink": 35.596747967479672, "avg_tt_healthcare": 38.09830508474576, "avg_tt_shelter": 40.796477495107631, "avg_tt_all": 38.918220302169722, "n_unreachable_categories": 0, "count_community": 93.0, "count_education": 314.0, "count_essential_services": 222.0, "count_food_and_drink": 1231.0, "count_healthcare": 295.0, "count_shelter": 511.0, "gravity_community_per_100": 1.1246296697473095, "gravity_education_per_100": 3.716244017582722, "gravity_essential_services_per_100": 2.7169704668280605, "gravity_food_and_drink_per_100": 16.524221806478955, "gravity_healthcare_per_100": 3.7234738057207437, "gravity_shelter_per_100": 5.9564959308794281, "shannon": 1.4930007739943842, "kl_divergence": 0.00083690767265344555, "jsd": 0.0144422733899611, "city_similarity": 0.98555772661003893 }, "geometry": { "type": "Polygon", "coordinates": [ [ [ 24.750363796985781, 59.412309591043041 ], [ 24.74156222972773, 59.412157569829155 ], [ 24.736902165218087, 59.41596678716143 ], [ 24.741044535231609, 59.419928490970776 ], [ 24.749848115886529, 59.420080559020924 ], [ 24.754507312770727, 59.416270876416959 ], [ 24.750363796985781, 59.412309591043041 ] ] ] } },
{ "type": "Feature", "properties": { "from_id": "68", "population": 3040.6389985927558, "gravity_community": 31.462585293746134, "gravity_education": 109.24468128789823, "gravity_essential_services": 79.790574137740165, "gravity_food_and_drink": 444.22706547898775, "gravity_healthcare": 105.80475609424586, "gravity_shelter": 175.55674843377548, "avg_gravity": 157.68106845439894, "min_tt_community": 22.0, "min_tt_education": 4.0, "min_tt_essential_services": 4.0, "min_tt_food_and_drink": 1.0, "min_tt_healthcare": 4.0, "min_tt_shelter": 1.0, "avg_tt_community": 38.724137931034484, "avg_tt_education": 37.87972508591065, "avg_tt_essential_services": 37.72300469483568, "avg_tt_food_and_drink": 38.076602830974188, "avg_tt_healthcare": 37.459074733096088, "avg_tt_shelter": 36.247747747747745, "avg_tt_all": 37.685048837266471, "n_unreachable_categories": 0, "count_community": 87.0, "count_education": 291.0, "count_essential_services": 213.0, "count_food_and_drink": 1203.0, "count_healthcare": 281.0, "count_shelter": 444.0, "gravity_community_per_100": 1.0347359653121397, "gravity_education_per_100": 3.5928198427520659, "gravity_essential_services_per_100": 2.624138352980022, "gravity_food_and_drink_per_100": 14.609661511431687, "gravity_healthcare_per_100": 3.4796881886739452, "gravity_shelter_per_100": 5.7736794310348989, "shannon": 1.4780181279572453, "kl_divergence": 0.00045194657034238611, "jsd": 0.010627902494010591, "city_similarity": 0.98937209750598942 }, "geometry": { "type": "Polygon", "coordinates": [ [ [ 24.723959374153115, 59.411851748217053 ], [ 24.71515808655688, 59.411697947844111 ], [ 24.710495142857198, 59.415506204681193 ], [ 24.714634352291998, 59.419468727383126 ], [ 24.723437653073912, 59.419622575139208 ], [ 24.728099730875087, 59.41581385280162 ], [ 24.723959374153115, 59.411851748217053 ] ] ] } },
{ "type": "Feature", "properties": { "from_id": "69", "population": 2981.4025163453434, "gravity_community": 31.560845847485769, "gravity_education": 108.19512149691606, "gravity_essential_services": 78.414421375338677, "gravity_food_and_drink": 448.72402603273059, "gravity_healthcare": 107.27748988596879, "gravity_shelter": 175.59368872010967, "avg_gravity": 158.29426555975826, "min_tt_community": 24.0, "min_tt_education": 8.0, "min_tt_essential_services": 16.0, "min_tt_food_and_drink": 3.0, "min_tt_healthcare": 9.0, "min_tt_shelter": 9.0, "avg_tt_community": 41.734042553191486, "avg_tt_education": 40.579804560260584, "avg_tt_essential_services": 39.809090909090912, "avg_tt_food_and_drink": 38.365733113673805, "avg_tt_healthcare": 38.804794520547944, "avg_tt_shelter": 40.29778672032193, "avg_tt_all": 39.931875396181113, "n_unreachable_categories": 0, "count_community": 94.0, "count_education": 307.0, "count_essential_services": 220.0, "count_food_and_drink": 1215.0, "count_healthcare": 292.0, "count_shelter": 497.0, "gravity_community_per_100": 1.0585905685144996, "gravity_education_per_100": 3.6290008109855485, "gravity_essential_services_per_100": 2.6301185749135434, "gravity_food_and_drink_per_100": 15.050769682142235, "gravity_healthcare_per_100": 3.5982222896045397, "gravity_shelter_per_100": 5.8896337464474788, "shannon": 1.4939302333076054, "kl_divergence": 0.00073172680341404952, "jsd": 0.013504582982115829, "city_similarity": 0.98649541701788412 }, "geometry": { "type": "Polygon", "coordinates": [ [ [ 24.736902165218087, 59.41596678716143 ], [ 24.728099730875087, 59.41581385280162 ], [ 24.723437653073912, 59.419622575139208 ], [ 24.727578876234855, 59.423584697287858 ], [ 24.736383324409982, 59.423737678768163 ], [ 24.741044535231609, 59.419928490970776 ], [ 24.736902165218087, 59.41596678716143 ] ] ] } },
{ "type": "Feature", "properties": { "from_id": "70", "population": 3066.2350176036211, "gravity_community": 37.335074926171174, "gravity_education": 122.89344266988594, "gravity_essential_services": 88.323987854454842, "gravity_food_and_drink": 546.8612334859987, "gravity_healthcare": 123.45747250549393, "gravity_shelter": 190.27588514421336, "avg_gravity": 184.85784943103633, "min_tt_community": 8.0, "min_tt_education": 5.0, "min_tt_essential_services": 16.0, "min_tt_food_and_drink": 2.0, "min_tt_healthcare": 8.0, "min_tt_shelter": 7.0, "avg_tt_community": 36.494736842105262, "avg_tt_education": 37.525157232704402, "avg_tt_essential_services": 35.801801801801801, "avg_tt_food_and_drink": 32.013720742534304, "avg_tt_healthcare": 34.74832214765101, "avg_tt_shelter": 38.841392649903291, "avg_tt_all": 35.904188569450007, "n_unreachable_categories": 0, "count_community": 95.0, "count_education": 318.0, "count_essential_services": 222.0, "count_food_and_drink": 1240.0, "count_healthcare": 298.0, "count_shelter": 517.0, "gravity_community_per_100": 1.217619481606141, "gravity_education_per_100": 4.0079590104587552, "gravity_essential_services_per_100": 2.8805354888772805, "gravity_food_and_drink_per_100": 17.834941886267789, "gravity_healthcare_per_100": 4.0263538768786429, "gravity_shelter_per_100": 6.2055218876510381, "shannon": 1.4940727911128047, "kl_divergence": 0.00094900989344452562, "jsd": 0.015375927617509215, "city_similarity": 0.98462407238249083 }, "geometry": { "type": "Polygon", "coordinates": [ [ [ 24.749848115886529, 59.420080559020924 ], [ 24.741044535231609, 59.419928490970776 ], [ 24.736383324409982, 59.423737678768163 ], [ 24.740526561943771, 59.427699400026228 ], [ 24.749332157076957, 59.427851514934098 ], [ 24.753992499837484, 59.424041861717683 ], [ 24.749848115886529, 59.420080559020924 ] ] ] } },
{ "type": "Feature", "properties": { "from_id": "71", "population": 3316.9946450071589, "gravity_community": 33.929178871960673, "gravity_education": 117.83702514892563, "gravity_essential_services": 86.655508517595479, "gravity_food_and_drink": 452.39489591732496, "gravity_healthcare": 113.98103768604562, "gravity_shelter": 201.65799105522476, "avg_gravity": 167.74260619951286, "min_tt_community": 7.0, "min_tt_education": 4.0, "min_tt_essential_services": 8.0, "min_tt_food_and_drink": 2.0, "min_tt_healthcare": 6.0, "min_tt_shelter": 1.0, "avg_tt_community": 38.784946236559136, "avg_tt_education": 36.823920265780728, "avg_tt_essential_services": 36.068807339449542, "avg_tt_food_and_drink": 37.82201986754967, "avg_tt_healthcare": 35.92307692307692, "avg_tt_shelter": 33.847965738758027, "avg_tt_all": 36.545122728529009, "n_unreachable_categories": 0, "count_community": 93.0, "count_education": 301.0, "count_essential_services": 218.0, "count_food_and_drink": 1209.0, "count_healthcare": 286.0, "count_shelter": 467.0, "gravity_community_per_100": 1.0228891663431505, "gravity_education_per_100": 3.5525238283485776, "gravity_essential_services_per_100": 2.612470558191343, "gravity_food_and_drink_per_100": 13.638698410269775, "gravity_healthcare_per_100": 3.4362743954866901, "gravity_shelter_per_100": 6.0795392407029203, "shannon": 1.4887727804784447, "kl_divergence": 0.00054458171117021314, "jsd": 0.011627315034570523, "city_similarity": 0.98837268496542952 }, "geometry": { "type": "Polygon", "coordinates": [ [ [ 24.685149956460084, 59.399499035211434 ], [ 24.676352111705146, 59.399342638578695 ], [ 24.671686576791046, 59.403149498672008 ], [ 24.6758197489306, 59.407113221010817 ], [ 24.684619604930095, 59.4072696658138 ], [ 24.689284277185724, 59.403462340098997 ], [ 24.685149956460084, 59.399499035211434 ] ] ] } },
{ "type": "Feature", "properties": { "from_id": "72", "population": 7007.907828039738, "gravity_community": 36.588456145851282, "gravity_education": 129.61063213019011, "gravity_essential_services": 100.81567702233562, "gravity_food_and_drink": 498.57442557327323, "gravity_healthcare": 128.49498502166756, "gravity_shelter": 225.0234271893093, "avg_gravity": 186.51793384710456, "min_tt_community": 16.0, "min_tt_education": 5.0, "min_tt_essential_services": 8.0, "min_tt_food_and_drink": 5.0, "min_tt_healthcare": 6.0, "min_tt_shelter": 1.0, "avg_tt_community": 36.223404255319146, "avg_tt_education": 34.00322580645161, "avg_tt_essential_services": 30.852017937219731, "avg_tt_food_and_drink": 34.88464662875711, "avg_tt_healthcare": 32.311864406779662, "avg_tt_shelter": 31.410569105691057, "avg_tt_all": 33.280954690036381, "n_unreachable_categories": 0, "count_community": 94.0, "count_education": 310.0, "count_essential_services": 223.0, "count_food_and_drink": 1232.0, "count_healthcare": 295.0, "count_shelter": 492.0, "gravity_community_per_100": 0.52210241692185411, "gravity_education_per_100": 1.8494911079109468, "gravity_essential_services_per_100": 1.4385987872008861, "gravity_food_and_drink_per_100": 7.1144546676027725, "gravity_healthcare_per_100": 1.8335712765447481, "gravity_shelter_per_100": 3.2109929626778952, "shannon": 1.4915703049168276, "kl_divergence": 0.00059717696918308127, "jsd": 0.012189816983856863, "city_similarity": 0.9878101830161431 }, "geometry": { "type": "Polygon", "coordinates": [ [ [ 24.711544059847022, 59.399964668801175 ], [ 24.702745930890664, 59.399810050335532 ], [ 24.698083269987116, 59.403617871608454 ], [ 24.702219602064847, 59.407580776732019 ], [ 24.711019742480275, 59.407735442821526 ], [ 24.715681538999075, 59.403927156154943 ], [ 24.711544059847022, 59.399964668801175 ] ] ] } },
{ "type": "Feature", "properties": { "from_id": "73", "population": 4743.0353844630663, "gravity_community": 35.780319112413281, "gravity_education": 127.77242601986151, "gravity_essential_services": 96.220975429305909, "gravity_food_and_drink": 487.8789330404673, "gravity_healthcare": 123.79325550749851, "gravity_shelter": 213.78017601026392, "avg_gravity": 180.87101418663508, "min_tt_community": 6.0, "min_tt_education": 6.0, "min_tt_essential_services": 4.0, "min_tt_food_and_drink": 2.0, "min_tt_healthcare": 4.0, "min_tt_shelter": 1.0, "avg_tt_community": 37.319148936170215, "avg_tt_education": 35.019230769230766, "avg_tt_essential_services": 32.594594594594597, "avg_tt_food_and_drink": 35.861788617886177, "avg_tt_healthcare": 33.976190476190474, "avg_tt_shelter": 32.868583162217661, "avg_tt_all": 34.606589426048316, "n_unreachable_categories": 0, "count_community": 94.0, "count_education": 312.0, "count_essential_services": 222.0, "count_food_and_drink": 1233.0, "count_healthcare": 295.0, "count_shelter": 487.0, "gravity_community_per_100": 0.75437596838556542, "gravity_education_per_100": 2.693895694693957, "gravity_essential_services_per_100": 2.0286792661193394, "gravity_food_and_drink_per_100": 10.286217442919151, "gravity_healthcare_per_100": 2.6100006741044477, "gravity_shelter_per_100": 4.50724396260149, "shannon": 1.4910441769481377, "kl_divergence": 0.00063830050292081302, "jsd": 0.012590351552141148, "city_similarity": 0.98740964844785883 }, "geometry": { "type": "Polygon", "coordinates": [ [ [ 24.698083269987116, 59.403617871608454 ], [ 24.689284277185724, 59.403462340098997 ], [ 24.684619604930095, 59.4072696658138 ], [ 24.688754788853903, 59.411232988610649 ], [ 24.697555793547185, 59.411388568028109 ], [ 24.702219602064847, 59.407580776732019 ], [ 24.698083269987116, 59.403617871608454 ] ] ] } },
{ "type": "Feature", "properties": { "from_id": "74", "population": 6806.6488780000582, "gravity_community": 30.017552314495649, "gravity_education": 101.94542535497898, "gravity_essential_services": 78.187089710365214, "gravity_food_and_drink": 398.51134657852543, "gravity_healthcare": 99.607694314361822, "gravity_shelter": 172.12520843913032, "avg_gravity": 146.73238611864292, "min_tt_community": 17.0, "min_tt_education": 10.0, "min_tt_essential_services": 4.0, "min_tt_food_and_drink": 2.0, "min_tt_healthcare": 5.0, "min_tt_shelter": 6.0, "avg_tt_community": 41.730337078651687, "avg_tt_education": 40.938356164383563, "avg_tt_essential_services": 39.141509433962263, "avg_tt_food_and_drink": 42.19747899159664, "avg_tt_healthcare": 40.4822695035461, "avg_tt_shelter": 37.246049661399546, "avg_tt_all": 40.289333472256637, "n_unreachable_categories": 0, "count_community": 89.0, "count_education": 292.0, "count_essential_services": 212.0, "count_food_and_drink": 1191.0, "count_healthcare": 282.0, "count_shelter": 443.0, "gravity_community_per_100": 0.44100339025149565, "gravity_education_per_100": 1.4977329840603262, "gravity_essential_services_per_100": 1.14868698403227, "gravity_food_and_drink_per_100": 5.8547363573661633, "gravity_healthcare_per_100": 1.4633881679471725, "gravity_shelter_per_100": 2.5287804839685584, "shannon": 1.4830873008609424, "kl_divergence": 0.00057891042689505422, "jsd": 0.012012763153966982, "city_similarity": 0.98798723684603307 }, "geometry": { "type": "Polygon", "coordinates": [ [ [ 24.684619604930095, 59.4072696658138 ], [ 24.6758197489306, 59.407113221010817 ], [ 24.671153064890728, 59.410920050821176 ], [ 24.675287099580711, 59.414883791194669 ], [ 24.684088967904401, 59.415040284189914 ], [ 24.688754788853903, 59.411232988610649 ], [ 24.684619604930095, 59.4072696658138 ] ] ] } },
{ "type": "Feature", "properties": { "from_id": "75", "population": 5018.4883355801685, "gravity_community": 37.053130982813201, "gravity_education": 123.52989770225874, "gravity_essential_services": 91.807249101352568, "gravity_food_and_drink": 517.14174573035734, "gravity_healthcare": 118.30143830286275, "gravity_shelter": 204.72977709657178, "avg_gravity": 182.09387315270274, "min_tt_community": 12.0, "min_tt_education": 5.0, "min_tt_essential_services": 6.0, "min_tt_food_and_drink": 5.0, "min_tt_healthcare": 6.0, "min_tt_shelter": 2.0, "avg_tt_community": 35.173913043478258, "avg_tt_education": 34.933774834437088, "avg_tt_essential_services": 34.409909909909906, "avg_tt_food_and_drink": 33.511345218800649, "avg_tt_healthcare": 34.789655172413795, "avg_tt_shelter": 34.0, "avg_tt_all": 34.469766363173285, "n_unreachable_categories": 0, "count_community": 92.0, "count_education": 302.0, "count_essential_services": 222.0, "count_food_and_drink": 1234.0, "count_healthcare": 290.0, "count_shelter": 482.0, "gravity_community_per_100": 0.73833251180665793, "gravity_education_per_100": 2.4614961606357486, "gravity_essential_services_per_100": 1.8293805417550917, "gravity_food_and_drink_per_100": 10.304731447992348, "gravity_healthcare_per_100": 2.357312210215317, "gravity_shelter_per_100": 4.0795108687425845, "shannon": 1.4851120341481703, "kl_divergence": 0.00031360382113677096, "jsd": 0.0088348926890817036, "city_similarity": 0.99116510731091834 }, "geometry": { "type": "Polygon", "coordinates": [ [ [ 24.711019742480275, 59.407735442821526 ], [ 24.702219602064847, 59.407580776732019 ], [ 24.697555793547185, 59.411388568028109 ], [ 24.701692989902838, 59.415351490946051 ], [ 24.710495142857198, 59.415506204681193 ], [ 24.71515808655688, 59.411697947844111 ], [ 24.711019742480275, 59.407735442821526 ] ] ] } },
{ "type": "Feature", "properties": { "from_id": "76", "population": 3896.8377103406729, "gravity_community": 38.082761659297866, "gravity_education": 122.08242789125588, "gravity_essential_services": 89.802119420656041, "gravity_food_and_drink": 503.74264240660995, "gravity_healthcare": 118.2947265650082, "gravity_shelter": 203.15758192978521, "avg_gravity": 179.19370997876885, "min_tt_community": 15.0, "min_tt_education": 11.0, "min_tt_essential_services": 7.0, "min_tt_food_and_drink": 1.0, "min_tt_healthcare": 11.0, "min_tt_shelter": 4.0, "avg_tt_community": 35.368421052631582, "avg_tt_education": 36.309677419354841, "avg_tt_essential_services": 35.054545454545455, "avg_tt_food_and_drink": 34.286764705882355, "avg_tt_healthcare": 35.418367346938773, "avg_tt_shelter": 35.073022312373226, "avg_tt_all": 35.25179971528771, "n_unreachable_categories": 0, "count_community": 95.0, "count_education": 310.0, "count_essential_services": 220.0, "count_food_and_drink": 1225.0, "count_healthcare": 294.0, "count_shelter": 493.0, "gravity_community_per_100": 0.97727348404171954, "gravity_education_per_100": 3.1328589221793144, "gravity_essential_services_per_100": 2.3044870250140668, "gravity_food_and_drink_per_100": 12.926959751746278, "gravity_healthcare_per_100": 3.0356595618827176, "gravity_shelter_per_100": 5.2133960157151265, "shannon": 1.4928768979834721, "kl_divergence": 0.00069743411949638851, "jsd": 0.013170282374143345, "city_similarity": 0.98682971762585669 }, "geometry": { "type": "Polygon", "coordinates": [ [ [ 24.697555793547185, 59.411388568028109 ], [ 24.688754788853903, 59.411232988610649 ], [ 24.684088967904401, 59.415040284189914 ], [ 24.688225015458681, 59.419003624906651 ], [ 24.69702803312402, 59.41915925225404 ], [ 24.701692989902838, 59.415351490946051 ], [ 24.697555793547185, 59.411388568028109 ] ] ] } },
{ "type": "Feature", "properties": { "from_id": "77", "population": 3451.7005063827792, "gravity_community": 34.008399060554702, "gravity_education": 110.03962712456445, "gravity_essential_services": 82.99571588422846, "gravity_food_and_drink": 460.52910809179707, "gravity_healthcare": 108.13762066951311, "gravity_shelter": 183.96348142867683, "avg_gravity": 163.27899204322244, "min_tt_community": 16.0, "min_tt_education": 6.0, "min_tt_essential_services": 11.0, "min_tt_food_and_drink": 9.0, "min_tt_healthcare": 9.0, "min_tt_shelter": 9.0, "avg_tt_community": 37.857142857142854, "avg_tt_education": 37.391003460207614, "avg_tt_essential_services": 37.813636363636363, "avg_tt_food_and_drink": 36.917287014061209, "avg_tt_healthcare": 37.79094076655052, "avg_tt_shelter": 36.211206896551722, "avg_tt_all": 37.330202893025039, "n_unreachable_categories": 0, "count_community": 91.0, "count_education": 289.0, "count_essential_services": 220.0, "count_food_and_drink": 1209.0, "count_healthcare": 287.0, "count_shelter": 464.0, "gravity_community_per_100": 0.98526505986447577, "gravity_education_per_100": 3.187983051283926, "gravity_essential_services_per_100": 2.4044877512042344, "gravity_food_and_drink_per_100": 13.342093476540063, "gravity_healthcare_per_100": 3.1328795899165733, "gravity_shelter_per_100": 5.3296478384638872, "shannon": 1.4849508284853563, "kl_divergence": 0.00031342249041235509, "jsd": 0.0088362543604947521, "city_similarity": 0.99116374563950527 }, "geometry": { "type": "Polygon", "coordinates": [ [ [ 24.710495142857198, 59.415506204681193 ], [ 24.701692989902838, 59.415351490946051 ], [ 24.69702803312402, 59.41915925225404 ], [ 24.701166094190715, 59.423122192976884 ], [ 24.709970260764688, 59.423276954379482 ], [ 24.714634352291998, 59.419468727383126 ], [ 24.710495142857198, 59.415506204681193 ] ] ] } },
{ "type": "Feature", "properties": { "from_id": "78", "population": 2788.3650521543864, "gravity_community": 31.316771432678323, "gravity_education": 102.44264845817169, "gravity_essential_services": 76.234087719850962, "gravity_food_and_drink": 408.30752369258715, "gravity_healthcare": 99.774789321916572, "gravity_shelter": 163.56718798300702, "avg_gravity": 146.94050143470196, "min_tt_community": 7.0, "min_tt_education": 12.0, "min_tt_essential_services": 14.0, "min_tt_food_and_drink": 8.0, "min_tt_healthcare": 15.0, "min_tt_shelter": 5.0, "avg_tt_community": 40.303370786516851, "avg_tt_education": 40.099656357388319, "avg_tt_essential_services": 39.219047619047622, "avg_tt_food_and_drink": 40.631043256997458, "avg_tt_healthcare": 39.130434782608695, "avg_tt_shelter": 37.581395348837212, "avg_tt_all": 39.494158025232693, "n_unreachable_categories": 0, "count_community": 89.0, "count_education": 291.0, "count_essential_services": 210.0, "count_food_and_drink": 1180.0, "count_healthcare": 276.0, "count_shelter": 430.0, "gravity_community_per_100": 1.1231230791851272, "gravity_education_per_100": 3.6739324493764181, "gravity_essential_services_per_100": 2.7340067133946429, "gravity_food_and_drink_per_100": 14.643259259655213, "gravity_healthcare_per_100": 3.5782541903839729, "gravity_shelter_per_100": 5.8660607532944589, "shannon": 1.482236938836508, "kl_divergence": 0.00080390721368296322, "jsd": 0.014167053752629053, "city_similarity": 0.98583294624737094 }, "geometry": { "type": "Polygon", "coordinates": [ [ [ 24.684088967904401, 59.415040284189914 ], [ 24.675287099580711, 59.414883791194669 ], [ 24.67061926576692, 59.418690590710632 ], [ 24.674754163439111, 59.422654349129438 ], [ 24.683558045167466, 59.422810890338994 ], [ 24.688225015458681, 59.419003624906651 ], [ 24.684088967904401, 59.415040284189914 ] ] ] } },
{ "type": "Feature", "properties": { "from_id": "79", "population": 2294.0921998242625, "gravity_community": 33.483063130165171, "gravity_education": 104.77811878792288, "gravity_essential_services": 79.212989417069025, "gravity_food_and_drink": 448.80199473916133, "gravity_healthcare": 104.28549542528771, "gravity_shelter": 171.59135196758442, "avg_gravity": 157.02550224453174, "min_tt_community": 18.0, "min_tt_education": 16.0, "min_tt_essential_services": 9.0, "min_tt_food_and_drink": 9.0, "min_tt_healthcare": 9.0, "min_tt_shelter": 13.0, "avg_tt_community": 39.1505376344086, "avg_tt_education": 39.898989898989896, "avg_tt_essential_services": 39.096330275229356, "avg_tt_food_and_drink": 37.872410936205469, "avg_tt_healthcare": 38.559859154929576, "avg_tt_shelter": 38.739316239316238, "avg_tt_all": 38.886240689846524, "n_unreachable_categories": 0, "count_community": 93.0, "count_education": 297.0, "count_essential_services": 218.0, "count_food_and_drink": 1208.0, "count_healthcare": 284.0, "count_shelter": 468.0, "gravity_community_per_100": 1.4595343261587359, "gravity_education_per_100": 4.5673019940501671, "gravity_essential_services_per_100": 3.4529121986961591, "gravity_food_and_drink_per_100": 19.563380877784319, "gravity_healthcare_per_100": 4.5458284297935556, "gravity_shelter_per_100": 7.4797060022578465, "shannon": 1.4875565778045445, "kl_divergence": 0.00043508578609060492, "jsd": 0.010395596055198861, "city_similarity": 0.98960440394480109 }, "geometry": { "type": "Polygon", "coordinates": [ [ [ 24.69702803312402, 59.41915925225404 ], [ 24.688225015458681, 59.419003624906651 ], [ 24.683558045167466, 59.422810890338994 ], [ 24.687694956784824, 59.426774248986213 ], [ 24.696499988503192, 59.426929924285446 ], [ 24.701166094190715, 59.423122192976884 ], [ 24.69702803312402, 59.41915925225404 ] ] ] } },
{ "type": "Feature", "properties": { "from_id": "80", "population": 1808.8610013963457, "gravity_community": 39.328783877611478, "gravity_education": 125.93597360213137, "gravity_essential_services": 94.203050132981517, "gravity_food_and_drink": 527.69439564723552, "gravity_healthcare": 125.36069008605831, "gravity_shelter": 206.00110157769959, "avg_gravity": 186.42066582061963, "min_tt_community": 7.0, "min_tt_education": 7.0, "min_tt_essential_services": 8.0, "min_tt_food_and_drink": 5.0, "min_tt_healthcare": 8.0, "min_tt_shelter": 4.0, "avg_tt_community": 34.252631578947366, "avg_tt_education": 35.051282051282051, "avg_tt_essential_services": 33.436936936936938, "avg_tt_food_and_drink": 32.949152542372879, "avg_tt_healthcare": 33.19047619047619, "avg_tt_shelter": 35.503937007874015, "avg_tt_all": 34.064069384648235, "n_unreachable_categories": 0, "count_community": 95.0, "count_education": 312.0, "count_essential_services": 222.0, "count_food_and_drink": 1240.0, "count_healthcare": 294.0, "count_shelter": 508.0, "gravity_community_per_100": 2.1742291888238912, "gravity_education_per_100": 6.9621697579258663, "gravity_essential_services_per_100": 5.2078656160015457, "gravity_food_and_drink_per_100": 29.172744353484493, "gravity_healthcare_per_100": 6.9303661248313952, "gravity_shelter_per_100": 11.388442860931688, "shannon": 1.4910163898451061, "kl_divergence": 0.00065794090439533215, "jsd": 0.012803035663134364, "city_similarity": 0.98719696433686566 }, "geometry": { "type": "Polygon", "coordinates": [ [ [ 24.709970260764688, 59.423276954379482 ], [ 24.701166094190715, 59.423122192976884 ], [ 24.696499988503192, 59.426929924285446 ], [ 24.700638914714339, 59.430892882823763 ], [ 24.709445095989413, 59.431047691915609 ], [ 24.714110335991606, 59.427239494771214 ], [ 24.709970260764688, 59.423276954379482 ] ] ] } },
{ "type": "Feature", "properties": { "from_id": "81", "population": 2644.4497034460073, "gravity_community": 39.95005701278096, "gravity_education": 130.78470178291514, "gravity_essential_services": 97.109527318121422, "gravity_food_and_drink": 558.26874247660078, "gravity_healthcare": 126.79122639294795, "gravity_shelter": 216.60538280616694, "avg_gravity": 194.91827296492218, "min_tt_community": 10.0, "min_tt_education": 9.0, "min_tt_essential_services": 10.0, "min_tt_food_and_drink": 8.0, "min_tt_healthcare": 10.0, "min_tt_shelter": 5.0, "avg_tt_community": 32.956989247311824, "avg_tt_education": 33.114754098360656, "avg_tt_essential_services": 32.283783783783782, "avg_tt_food_and_drink": 30.793689320388349, "avg_tt_healthcare": 32.288659793814432, "avg_tt_shelter": 33.638888888888886, "avg_tt_all": 32.512794188757987, "n_unreachable_categories": 0, "count_community": 93.0, "count_education": 305.0, "count_essential_services": 222.0, "count_food_and_drink": 1237.0, "count_healthcare": 291.0, "count_shelter": 504.0, "gravity_community_per_100": 1.5107134373068871, "gravity_education_per_100": 4.945630148022417, "gravity_essential_services_per_100": 3.6722017133310225, "gravity_food_and_drink_per_100": 21.110960883435048, "gravity_healthcare_per_100": 4.7946166730917632, "gravity_shelter_per_100": 8.1909435647010564, "shannon": 1.4876219831869004, "kl_divergence": 0.00044881398472610464, "jsd": 0.010582285666572376, "city_similarity": 0.98941771433342762 }, "geometry": { "type": "Polygon", "coordinates": [ [ [ 24.723437653073912, 59.419622575139208 ], [ 24.714634352291998, 59.419468727383126 ], [ 24.709970260764688, 59.423276954379482 ], [ 24.714110335991606, 59.427239494771214 ], [ 24.722915651040392, 59.427393389932114 ], [ 24.727578876234855, 59.423584697287858 ], [ 24.723437653073912, 59.419622575139208 ] ] ] } },
{ "type": "Feature", "properties": { "from_id": "82", "population": 2949.8405671840246, "gravity_community": 42.786831976170973, "gravity_education": 141.03308170592877, "gravity_essential_services": 104.82767000721155, "gravity_food_and_drink": 621.14118872602944, "gravity_healthcare": 139.62155869193353, "gravity_shelter": 227.25695277686856, "avg_gravity": 212.77788064735714, "min_tt_community": 11.0, "min_tt_education": 2.0, "min_tt_essential_services": 6.0, "min_tt_food_and_drink": 3.0, "min_tt_healthcare": 5.0, "min_tt_shelter": 4.0, "avg_tt_community": 31.0, "avg_tt_education": 31.15112540192926, "avg_tt_essential_services": 29.902222222222221, "avg_tt_food_and_drink": 27.080775444264944, "avg_tt_healthcare": 30.146179401993354, "avg_tt_shelter": 32.867307692307691, "avg_tt_all": 30.357935027119581, "n_unreachable_categories": 0, "count_community": 94.0, "count_education": 311.0, "count_essential_services": 225.0, "count_food_and_drink": 1241.0, "count_healthcare": 301.0, "count_shelter": 520.0, "gravity_community_per_100": 1.450479475133672, "gravity_education_per_100": 4.7810408221676095, "gravity_essential_services_per_100": 3.5536723975317113, "gravity_food_and_drink_per_100": 21.056771529824843, "gravity_healthcare_per_100": 4.7331899983062131, "gravity_shelter_per_100": 7.7040418829758135, "shannon": 1.4934791439270341, "kl_divergence": 0.00080958337567211235, "jsd": 0.014220278665664724, "city_similarity": 0.98577972133433522 }, "geometry": { "type": "Polygon", "coordinates": [ [ [ 24.736383324409982, 59.423737678768163 ], [ 24.727578876234855, 59.423584697287858 ], [ 24.722915651040392, 59.427393389932114 ], [ 24.727057741075051, 59.43135552965532 ], [ 24.735864204164006, 59.431508558277692 ], [ 24.740526561943771, 59.427699400026228 ], [ 24.736383324409982, 59.423737678768163 ] ] ] } },
{ "type": "Feature", "properties": { "from_id": "83", "population": 3563.3216054434433, "gravity_community": 47.641344894179731, "gravity_education": 153.56497164720537, "gravity_essential_services": 117.08676585231095, "gravity_food_and_drink": 706.31544333929605, "gravity_healthcare": 153.51686833397687, "gravity_shelter": 249.58095602530702, "avg_gravity": 237.95105834871265, "min_tt_community": 4.0, "min_tt_education": 4.0, "min_tt_essential_services": 4.0, "min_tt_food_and_drink": 1.0, "min_tt_healthcare": 3.0, "min_tt_shelter": 3.0, "avg_tt_community": 27.694736842105264, "avg_tt_education": 30.472727272727273, "avg_tt_essential_services": 27.293617021276596, "avg_tt_food_and_drink": 23.389415481832543, "avg_tt_healthcare": 27.990384615384617, "avg_tt_shelter": 31.262295081967213, "avg_tt_all": 28.017196052548915, "n_unreachable_categories": 0, "count_community": 95.0, "count_education": 330.0, "count_essential_services": 235.0, "count_food_and_drink": 1268.0, "count_healthcare": 312.0, "count_shelter": 549.0, "gravity_community_per_100": 1.3369925639437457, "gravity_education_per_100": 4.3096017887527927, "gravity_essential_services_per_100": 3.2858882474555617, "gravity_food_and_drink_per_100": 19.821826979083397, "gravity_healthcare_per_100": 4.3082518316466194, "gravity_shelter_per_100": 7.0041658783770515, "shannon": 1.4994501435180738, "kl_divergence": 0.0014688478676180249, "jsd": 0.019145564016049433, "city_similarity": 0.98085443598395061 }, "geometry": { "type": "Polygon", "coordinates": [ [ [ 24.749332157076957, 59.427851514934098 ], [ 24.740526561943771, 59.427699400026228 ], [ 24.735864204164006, 59.431508558277692 ], [ 24.740008309653625, 59.435470296994843 ], [ 24.748815920347305, 59.435622458781864 ], [ 24.753477409630001, 59.43181283496407 ], [ 24.749332157076957, 59.427851514934098 ] ] ] } },
{ "type": "Feature", "properties": { "from_id": "84", "population": 3706.122658988108, "gravity_community": 44.526971286952019, "gravity_education": 141.06298844308373, "gravity_essential_services": 103.92178818730997, "gravity_food_and_drink": 604.70590476508244, "gravity_healthcare": 138.51478041160232, "gravity_shelter": 233.95189631773346, "avg_gravity": 211.11405490196066, "min_tt_community": 5.0, "min_tt_education": 8.0, "min_tt_essential_services": 6.0, "min_tt_food_and_drink": 2.0, "min_tt_healthcare": 4.0, "min_tt_shelter": 5.0, "avg_tt_community": 28.75, "avg_tt_education": 30.912621359223301, "avg_tt_essential_services": 29.918918918918919, "avg_tt_food_and_drink": 27.927419354838708, "avg_tt_healthcare": 30.36026936026936, "avg_tt_shelter": 31.953757225433527, "avg_tt_all": 29.970497703113967, "n_unreachable_categories": 0, "count_community": 92.0, "count_education": 309.0, "count_essential_services": 222.0, "count_food_and_drink": 1240.0, "count_healthcare": 298.0, "count_shelter": 519.0, "gravity_community_per_100": 1.2014435404334225, "gravity_education_per_100": 3.8062147808566733, "gravity_essential_services_per_100": 2.8040569012274408, "gravity_food_and_drink_per_100": 16.316402893426815, "gravity_healthcare_per_100": 3.7374580702469613, "gravity_shelter_per_100": 6.312578342499056, "shannon": 1.4899049049777315, "kl_divergence": 0.00072014132023370467, "jsd": 0.013407171852404622, "city_similarity": 0.98659282814759541 }, "geometry": { "type": "Polygon", "coordinates": [ [ [ 24.722915651040392, 59.427393389932114 ], [ 24.714110335991606, 59.427239494771214 ], [ 24.709445095989413, 59.431047691915609 ], [ 24.713586037442681, 59.435010250007622 ], [ 24.722393367840343, 59.435164192595032 ], [ 24.727057741075051, 59.43135552965532 ], [ 24.722915651040392, 59.427393389932114 ] ] ] } },
{ "type": "Feature", "properties": { "from_id": "85", "population": 3377.2305206570027, "gravity_community": 43.805261423093931, "gravity_education": 138.36044102674489, "gravity_essential_services": 103.8030374021761, "gravity_food_and_drink": 636.99027775740183, "gravity_healthcare": 135.78618725082157, "gravity_shelter": 229.33579842587076, "avg_gravity": 214.68016721435151, "min_tt_community": 10.0, "min_tt_education": 3.0, "min_tt_essential_services": 6.0, "min_tt_food_and_drink": 1.0, "min_tt_healthcare": 2.0, "min_tt_shelter": 5.0, "avg_tt_community": 29.315217391304348, "avg_tt_education": 33.0125, "avg_tt_essential_services": 31.789699570815451, "avg_tt_food_and_drink": 27.095389507154213, "avg_tt_healthcare": 32.107142857142854, "avg_tt_shelter": 33.196998123827392, "avg_tt_all": 31.086157908374044, "n_unreachable_categories": 0, "count_community": 92.0, "count_education": 320.0, "count_essential_services": 233.0, "count_food_and_drink": 1261.0, "count_healthcare": 308.0, "count_shelter": 533.0, "gravity_community_per_100": 1.2970764404489659, "gravity_education_per_100": 4.0968610280067121, "gravity_essential_services_per_100": 3.0736142163604034, "gravity_food_and_drink_per_100": 18.861320654933632, "gravity_healthcare_per_100": 4.0206372179890728, "gravity_shelter_per_100": 6.7906468635506716, "shannon": 1.4943864329126058, "kl_divergence": 0.00097631207892797355, "jsd": 0.015615071697888869, "city_similarity": 0.98438492830211111 }, "geometry": { "type": "Polygon", "coordinates": [ [ [ 24.735864204164006, 59.431508558277692 ], [ 24.727057741075051, 59.43135552965532 ], [ 24.722393367840343, 59.435164192595032 ], [ 24.726536325183766, 59.439126349903198 ], [ 24.735344804269069, 59.439279425689193 ], [ 24.740008309653625, 59.435470296994843 ], [ 24.735864204164006, 59.431508558277692 ] ] ] } },
{ "type": "Feature", "properties": { "from_id": "86", "population": 3851.4030219456117, "gravity_community": 36.48608502098034, "gravity_education": 109.70016002642247, "gravity_essential_services": 82.389995566799229, "gravity_food_and_drink": 496.30917516769489, "gravity_healthcare": 107.99604356300536, "gravity_shelter": 181.52292358683604, "avg_gravity": 169.06739715528974, "min_tt_community": 7.0, "min_tt_education": 1.0, "min_tt_essential_services": 15.0, "min_tt_food_and_drink": 2.0, "min_tt_healthcare": 8.0, "min_tt_shelter": 3.0, "avg_tt_community": 35.901098901098898, "avg_tt_education": 37.96551724137931, "avg_tt_essential_services": 38.445945945945944, "avg_tt_food_and_drink": 34.826765188834152, "avg_tt_healthcare": 37.624561403508771, "avg_tt_shelter": 38.777551020408161, "avg_tt_all": 37.256906616862544, "n_unreachable_categories": 0, "count_community": 91.0, "count_education": 290.0, "count_essential_services": 222.0, "count_food_and_drink": 1219.0, "count_healthcare": 285.0, "count_shelter": 490.0, "gravity_community_per_100": 0.94734528723895217, "gravity_education_per_100": 2.848316818607191, "gravity_essential_services_per_100": 2.1392203074395031, "gravity_food_and_drink_per_100": 12.886451309813186, "gravity_healthcare_per_100": 2.8040701777413322, "gravity_shelter_per_100": 4.713163555008486, "shannon": 1.4846307293119452, "kl_divergence": 0.00024350034275541152, "jsd": 0.00780018953558991, "city_similarity": 0.99219981046441008 }, "geometry": { "type": "Polygon", "coordinates": [ [ [ 24.722393367840343, 59.435164192595032 ], [ 24.713586037442681, 59.435010250007622 ], [ 24.708919648317831, 59.438818417288765 ], [ 24.713061456431983, 59.442780993091574 ], [ 24.721870803261336, 59.44293498312723 ], [ 24.726536325183766, 59.439126349903198 ], [ 24.722393367840343, 59.435164192595032 ] ] ] } },
{ "type": "Feature", "properties": { "from_id": "87", "population": 4582.1268701298741, "gravity_community": 46.092762601141317, "gravity_education": 131.52654294754092, "gravity_essential_services": 99.886681131837051, "gravity_food_and_drink": 674.96663675224715, "gravity_healthcare": 130.23604635243922, "gravity_shelter": 213.66632271692612, "avg_gravity": 216.0624987503553, "min_tt_community": 1.0, "min_tt_education": 1.0, "min_tt_essential_services": 5.0, "min_tt_food_and_drink": 1.0, "min_tt_healthcare": 5.0, "min_tt_shelter": 6.0, "avg_tt_community": 29.6, "avg_tt_education": 35.074766355140184, "avg_tt_essential_services": 32.786956521739128, "avg_tt_food_and_drink": 25.645982498011136, "avg_tt_healthcare": 33.715210355987054, "avg_tt_shelter": 35.750936329588015, "avg_tt_all": 32.09564201007759, "n_unreachable_categories": 0, "count_community": 95.0, "count_education": 321.0, "count_essential_services": 230.0, "count_food_and_drink": 1258.0, "count_healthcare": 309.0, "count_shelter": 534.0, "gravity_community_per_100": 1.00592506291374, "gravity_education_per_100": 2.8704256053000332, "gravity_essential_services_per_100": 2.1799195867530816, "gravity_food_and_drink_per_100": 14.730422266398662, "gravity_healthcare_per_100": 2.8422619024677473, "gravity_shelter_per_100": 4.6630381212222964, "shannon": 1.4966996147057072, "kl_divergence": 0.0010894665172777561, "jsd": 0.01649448998688087, "city_similarity": 0.98350551001311914 }, "geometry": { "type": "Polygon", "coordinates": [ [ [ 24.748815920347305, 59.435622458781864 ], [ 24.740008309653625, 59.435470296994843 ], [ 24.735344804269069, 59.439279425689193 ], [ 24.739489778150375, 59.443241181875905 ], [ 24.748299405487579, 59.443393390563536 ], [ 24.752962041938801, 59.439583796155354 ], [ 24.748815920347305, 59.435622458781864 ] ] ] } },
{ "type": "Feature", "properties": { "from_id": "88", "population": 3806.367178783581, "gravity_community": 37.763773780452858, "gravity_education": 108.77373878302787, "gravity_essential_services": 83.938416360538426, "gravity_food_and_drink": 570.05276848889412, "gravity_healthcare": 108.1911121246896, "gravity_shelter": 176.74405403370079, "avg_gravity": 180.91064392855063, "min_tt_community": 11.0, "min_tt_education": 3.0, "min_tt_essential_services": 5.0, "min_tt_food_and_drink": 2.0, "min_tt_healthcare": 6.0, "min_tt_shelter": 9.0, "avg_tt_community": 33.333333333333336, "avg_tt_education": 38.836177474402731, "avg_tt_essential_services": 38.036199095022624, "avg_tt_food_and_drink": 30.702791461412151, "avg_tt_healthcare": 38.21875, "avg_tt_shelter": 40.707171314741039, "avg_tt_all": 36.639070446485313, "n_unreachable_categories": 0, "count_community": 87.0, "count_education": 293.0, "count_essential_services": 221.0, "count_food_and_drink": 1219.0, "count_healthcare": 288.0, "count_shelter": 502.0, "gravity_community_per_100": 0.99212114876739788, "gravity_education_per_100": 2.8576785600013821, "gravity_essential_services_per_100": 2.2052107013849098, "gravity_food_and_drink_per_100": 14.976294763845369, "gravity_healthcare_per_100": 2.8423719269055052, "gravity_shelter_per_100": 4.6433789945137072, "shannon": 1.4837945017491909, "kl_divergence": 0.00038024231768665415, "jsd": 0.009745600535079826, "city_similarity": 0.99025439946492022 }, "geometry": { "type": "Polygon", "coordinates": [ [ [ 24.735344804269069, 59.439279425689193 ], [ 24.726536325183766, 59.439126349903198 ], [ 24.721870803261336, 59.44293498312723 ], [ 24.726014628348864, 59.446897158030836 ], [ 24.734825124513847, 59.447050281002078 ], [ 24.739489778150375, 59.443241181875905 ], [ 24.735344804269069, 59.439279425689193 ] ] ] } },
{ "type": "Feature", "properties": { "from_id": "89", "population": 4316.5166969743641, "gravity_community": 38.508794188907856, "gravity_education": 110.30971157021359, "gravity_essential_services": 84.293253624731051, "gravity_food_and_drink": 563.1710886041152, "gravity_healthcare": 109.0560602070444, "gravity_shelter": 177.74278819620039, "avg_gravity": 180.51361606520209, "min_tt_community": 11.0, "min_tt_education": 12.0, "min_tt_essential_services": 9.0, "min_tt_food_and_drink": 4.0, "min_tt_healthcare": 9.0, "min_tt_shelter": 8.0, "avg_tt_community": 33.50561797752809, "avg_tt_education": 38.9023569023569, "avg_tt_essential_services": 37.932126696832576, "avg_tt_food_and_drink": 31.019688269073011, "avg_tt_healthcare": 38.244827586206895, "avg_tt_shelter": 40.581673306772906, "avg_tt_all": 36.697715123128397, "n_unreachable_categories": 0, "count_community": 89.0, "count_education": 297.0, "count_essential_services": 221.0, "count_food_and_drink": 1220.0, "count_healthcare": 290.0, "count_shelter": 502.0, "gravity_community_per_100": 0.89212661255081804, "gravity_education_per_100": 2.5555261177961968, "gravity_essential_services_per_100": 1.95280731066825, "gravity_food_and_drink_per_100": 13.046887760190213, "gravity_healthcare_per_100": 2.5264829922582384, "gravity_shelter_per_100": 4.1177366074081938, "shannon": 1.4865908940678996, "kl_divergence": 0.00043392551856801052, "jsd": 0.010413421522888374, "city_similarity": 0.98958657847711162 }, "geometry": { "type": "Polygon", "coordinates": [ [ [ 24.721870803261336, 59.44293498312723 ], [ 24.713061456431983, 59.442780993091574 ], [ 24.708393917536185, 59.446589130498211 ], [ 24.712536592746048, 59.450551724022311 ], [ 24.721347957090721, 59.450705761527907 ], [ 24.726014628348864, 59.446897158030836 ], [ 24.721870803261336, 59.44293498312723 ] ] ] } },
{ "type": "Feature", "properties": { "from_id": "90", "population": 3522.0973800560737, "gravity_community": 35.888890446438992, "gravity_education": 105.13889180231288, "gravity_essential_services": 81.355589069417661, "gravity_food_and_drink": 547.92641493099893, "gravity_healthcare": 105.01870352128387, "gravity_shelter": 173.88578022102467, "avg_gravity": 174.86904499857951, "min_tt_community": 5.0, "min_tt_education": 7.0, "min_tt_essential_services": 8.0, "min_tt_food_and_drink": 5.0, "min_tt_healthcare": 9.0, "min_tt_shelter": 12.0, "avg_tt_community": 34.294117647058826, "avg_tt_education": 40.037414965986393, "avg_tt_essential_services": 39.018099547511312, "avg_tt_food_and_drink": 32.093061224489794, "avg_tt_healthcare": 39.079861111111114, "avg_tt_shelter": 41.400394477317555, "avg_tt_all": 37.653824828912498, "n_unreachable_categories": 0, "count_community": 85.0, "count_education": 294.0, "count_essential_services": 221.0, "count_food_and_drink": 1226.0, "count_healthcare": 288.0, "count_shelter": 507.0, "gravity_community_per_100": 1.0189636053125717, "gravity_education_per_100": 2.9851216606804614, "gravity_essential_services_per_100": 2.309862002399333, "gravity_food_and_drink_per_100": 15.556821853752256, "gravity_healthcare_per_100": 2.9817092541493535, "gravity_shelter_per_100": 4.9369952462318434, "shannon": 1.4809665579198792, "kl_divergence": 0.00041002153652533804, "jsd": 0.010114576619845694, "city_similarity": 0.98988542338015428 }, "geometry": { "type": "Polygon", "coordinates": [ [ [ 24.752446396554205, 59.447354745290959 ], [ 24.748299405487579, 59.443393390563536 ], [ 24.739489778150375, 59.443241181875905 ], [ 24.734825124513847, 59.447050281002078 ], [ 24.738970967223008, 59.451012054668659 ], [ 24.742353289324818, 59.451070567934451 ], [ 24.742427825927734, 59.451038360595689 ], [ 24.742742538452148, 59.450885772705064 ], [ 24.743049621582031, 59.450717926025384 ], [ 24.743219375610352, 59.450626373291016 ], [ 24.743337631225586, 59.450538635253899 ], [ 24.743474960327148, 59.450416564941399 ], [ 24.743537902832031, 59.450286865234361 ], [ 24.743432998657227, 59.450256347656243 ], [ 24.743808746337891, 59.449829101562507 ], [ 24.743984222412113, 59.449718475341797 ], [ 24.744026184082031, 59.449649810791023 ], [ 24.744026184082031, 59.449592590332024 ], [ 24.7440185546875, 59.449554443359361 ], [ 24.744020462036133, 59.449527740478516 ], [ 24.744054794311523, 59.449447631835923 ], [ 24.744096755981445, 59.44939041137696 ], [ 24.744142532348633, 59.449333190917976 ], [ 24.744216918945312, 59.449268341064439 ], [ 24.744312286376957, 59.449222564697251 ], [ 24.744522094726566, 59.449077606201143 ], [ 24.744585037231445, 59.449039459228516 ], [ 24.74464225769043, 59.448993682861314 ], [ 24.744701385498047, 59.448898315429688 ], [ 24.744844436645508, 59.448749542236314 ], [ 24.744985580444336, 59.448642730712891 ], [ 24.745195388793945, 59.448558807373047 ], [ 24.745256423950195, 59.448539733886712 ], [ 24.745344161987305, 59.448516845703132 ], [ 24.745460510253906, 59.448486328124986 ], [ 24.745588302612305, 59.448448181152344 ], [ 24.745613098144531, 59.448440551757798 ], [ 24.745784759521484, 59.448387145996087 ], [ 24.745851516723633, 59.448371887207017 ], [ 24.74643707275391, 59.448223114013665 ], [ 24.746463775634769, 59.448215484619126 ], [ 24.746879577636719, 59.448112487792962 ], [ 24.747026443481445, 59.448074340820298 ], [ 24.747232437133789, 59.448024749755874 ], [ 24.747398376464844, 59.447982788085945 ], [ 24.747455596923832, 59.447975158691399 ], [ 24.747587203979492, 59.447971343994148 ], [ 24.7478141784668, 59.447963714599609 ], [ 24.748134613037109, 59.447944641113267 ], [ 24.748552322387695, 59.447910308837876 ], [ 24.748977661132812, 59.447891235351555 ], [ 24.749116897583008, 59.447879791259759 ], [ 24.749160766601562, 59.447868347167983 ], [ 24.74920654296875, 59.447856903076172 ], [ 24.749235153198242, 59.447845458984375 ], [ 24.749238967895511, 59.447822570800767 ], [ 24.749225616455078, 59.447792053222656 ], [ 24.749204635620117, 59.447765350341783 ], [ 24.74921989440918, 59.447708129882812 ], [ 24.749290466308594, 59.447658538818345 ], [ 24.749372482299805, 59.447616577148445 ], [ 24.749423980712891, 59.447597503662109 ], [ 24.749494552612308, 59.447574615478501 ], [ 24.749525070190433, 59.44756698608397 ], [ 24.749557495117188, 59.447555541992188 ], [ 24.74958610534668, 59.447544097900376 ], [ 24.749612808227539, 59.447536468505866 ], [ 24.749639511108398, 59.447536468505866 ], [ 24.749765396118164, 59.447673797607422 ], [ 24.749944686889648, 59.447837829589844 ], [ 24.749959945678714, 59.44783782958983 ], [ 24.750057220458988, 59.447917938232422 ], [ 24.750104904174805, 59.447906494140639 ], [ 24.749671936035156, 59.447513580322266 ], [ 24.749683380126953, 59.447494506835923 ], [ 24.749723434448242, 59.447467803955092 ], [ 24.749845504760742, 59.447414398193352 ], [ 24.749980926513672, 59.447372436523438 ], [ 24.750019073486328, 59.447357177734382 ], [ 24.750120162963867, 59.44732666015625 ], [ 24.750242233276367, 59.447292327880859 ], [ 24.750322341918949, 59.447307586669908 ], [ 24.750391006469727, 59.44732666015625 ], [ 24.750429153442383, 59.44732666015625 ], [ 24.750476837158207, 59.447315216064453 ], [ 24.750492095947266, 59.447307586669915 ], [ 24.750499725341797, 59.447299957275398 ], [ 24.750608444213867, 59.447334289550788 ], [ 24.750717163085941, 59.447238922119134 ], [ 24.750566482543945, 59.447196960449219 ], [ 24.750551223754883, 59.447208404541016 ], [ 24.750387191772461, 59.447162628173814 ], [ 24.75010871887207, 59.447078704833984 ], [ 24.7494010925293, 59.446872711181634 ], [ 24.748939514160156, 59.446735382080078 ], [ 24.748485565185547, 59.446594238281229 ], [ 24.747459411621094, 59.446201324462884 ], [ 24.747468948364258, 59.446155548095703 ], [ 24.747480392456058, 59.446125030517564 ], [ 24.747804641723636, 59.445976257324212 ], [ 24.748332977294922, 59.445732116699219 ], [ 24.748899459838867, 59.445785522460945 ], [ 24.748743057250977, 59.446128845214837 ], [ 24.748695373535156, 59.446231842041009 ], [ 24.748645782470703, 59.446342468261712 ], [ 24.748662948608398, 59.446353912353523 ], [ 24.7489013671875, 59.446414947509766 ], [ 24.749635696411133, 59.446605682373033 ], [ 24.749725341796875, 59.446628570556641 ], [ 24.749834060668945, 59.446632385253906 ], [ 24.750598907470703, 59.44682693481446 ], [ 24.750734329223633, 59.446865081787095 ], [ 24.750797271728516, 59.446887969970703 ], [ 24.750852584838867, 59.446918487548814 ], [ 24.750875473022461, 59.446937561035142 ], [ 24.750879287719727, 59.446949005126953 ], [ 24.750873565673828, 59.446975708007812 ], [ 24.750860214233398, 59.446994781494134 ], [ 24.750865936279297, 59.447013854980476 ], [ 24.750907897949219, 59.447025299072259 ], [ 24.750942230224609, 59.447029113769531 ], [ 24.751520156860355, 59.44719314575196 ], [ 24.751529693603516, 59.447200775146484 ], [ 24.751535415649414, 59.447212219238267 ], [ 24.751529693603516, 59.447227478027351 ], [ 24.751525878906254, 59.447269439697237 ], [ 24.751523971557617, 59.44732666015625 ], [ 24.751527786254883, 59.447353363037109 ], [ 24.751544952392578, 59.44738006591799 ], [ 24.751596450805664, 59.447399139404297 ], [ 24.751680374145508, 59.447410583496094 ], [ 24.751745223999023, 59.447414398193352 ], [ 24.752162933349609, 59.447429656982415 ], [ 24.752350226104287, 59.447433311621609 ], [ 24.752446396554205, 59.447354745290959 ] ] ] } },
{ "type": "Feature", "properties": { "from_id": "91", "population": 2826.7542668978022, "gravity_community": 4.9530714232456265, "gravity_education": 22.830529655917889, "gravity_essential_services": 12.029772389578081, "gravity_food_and_drink": 38.44164684775631, "gravity_healthcare": 18.353163997324817, "gravity_shelter": 37.534852060812874, "avg_gravity": 22.35717272910593, "min_tt_community": 33.0, "min_tt_education": 7.0, "min_tt_essential_services": 12.0, "min_tt_food_and_drink": 15.0, "min_tt_healthcare": 12.0, "min_tt_shelter": 12.0, "avg_tt_community": 48.611111111111114, "avg_tt_education": 46.54054054054054, "avg_tt_essential_services": 50.363636363636367, "avg_tt_food_and_drink": 50.602836879432623, "avg_tt_healthcare": 49.970149253731343, "avg_tt_shelter": 49.804347826086953, "avg_tt_all": 49.315436995756492, "n_unreachable_categories": 0, "count_community": 18.0, "count_education": 74.0, "count_essential_services": 44.0, "count_food_and_drink": 142.0, "count_healthcare": 67.0, "count_shelter": 138.0, "gravity_community_per_100": 0.17522115315249293, "gravity_education_per_100": 0.80765880229741605, "gravity_essential_services_per_100": 0.42556838174618039, "gravity_food_and_drink_per_100": 1.3599217766439873, "gravity_healthcare_per_100": 0.64926634098500347, "gravity_shelter_per_100": 1.3278427665382171, "shannon": 1.6201104251402554, "kl_divergence": 0.077544361586888266, "jsd": 0.14003351882501794, "city_similarity": 0.85996648117498209 }, "geometry": { "type": "MultiPolygon", "coordinates": [ [ [ [ 24.612860247387346, 59.355835765585823 ], [ 24.610883712768558, 59.35602951049804 ], [ 24.611308802545683, 59.357100776054686 ], [ 24.612860247387346, 59.355835765585823 ] ] ], [ [ [ 24.611790370013939, 59.353887161220143 ], [ 24.611675262451172, 59.354251861572266 ], [ 24.612135427661979, 59.354219301587115 ], [ 24.611790370013939, 59.353887161220143 ] ] ] ] } },
{ "type": "Feature", "properties": { "from_id": "92", "population": 12.108435721425648, "gravity_community": 11.620123380292883, "gravity_education": 45.122666153679518, "gravity_essential_services": 28.145992160329751, "gravity_food_and_drink": 158.74520179565502, "gravity_healthcare": 39.17187062592496, "gravity_shelter": 67.827897334046412, "avg_gravity": 58.438958574988099, "min_tt_community": 21.0, "min_tt_education": 9.0, "min_tt_essential_services": 7.0, "min_tt_food_and_drink": 6.0, "min_tt_healthcare": 6.0, "min_tt_shelter": 8.0, "avg_tt_community": 49.214285714285715, "avg_tt_education": 47.811688311688314, "avg_tt_essential_services": 50.115384615384613, "avg_tt_food_and_drink": 52.363636363636367, "avg_tt_healthcare": 48.623188405797102, "avg_tt_shelter": 49.493975903614455, "avg_tt_all": 49.603693219067758, "n_unreachable_categories": 0, "count_community": 42.0, "count_education": 154.0, "count_essential_services": 104.0, "count_food_and_drink": 628.0, "count_healthcare": 138.0, "count_shelter": 249.0, "gravity_community_per_100": 95.967172371665598, "gravity_education_per_100": 372.6547936645178, "gravity_essential_services_per_100": 232.44944935806987, "gravity_food_and_drink_per_100": 1311.0298096950573, "gravity_healthcare_per_100": 323.50892821449327, "gravity_shelter_per_100": 560.17060250009195, "shannon": 1.4664501334546518, "kl_divergence": 0.00054093681544067126, "jsd": 0.011612733195051869, "city_similarity": 0.98838726680494815 }, "geometry": { "type": "Point", "coordinates": [ 24.628850936889648, 59.351806640625 ] } },
{ "type": "Feature", "properties": { "from_id": "93", "population": 0.7000183399481571, "gravity_community": 5.8991328848105642, "gravity_education": 29.546673123947283, "gravity_essential_services": 15.882337472520721, "gravity_food_and_drink": 58.654203710022024, "gravity_healthcare": 24.133022844847986, "gravity_shelter": 46.357857128378882, "avg_gravity": 30.078871194087913, "min_tt_community": 28.0, "min_tt_education": 5.0, "min_tt_essential_services": 10.0, "min_tt_food_and_drink": 11.0, "min_tt_healthcare": 10.0, "min_tt_shelter": 10.0, "avg_tt_community": 46.3, "avg_tt_education": 47.479591836734691, "avg_tt_essential_services": 50.275862068965516, "avg_tt_food_and_drink": 51.650224215246638, "avg_tt_healthcare": 49.712643678160923, "avg_tt_shelter": 49.900584795321635, "avg_tt_all": 49.219817765738242, "n_unreachable_categories": 0, "count_community": 20.0, "count_education": 98.0, "count_essential_services": 58.0, "count_food_and_drink": 224.0, "count_healthcare": 87.0, "count_shelter": 171.0, "gravity_community_per_100": 842.71119028787871, "gravity_education_per_100": 4220.8427176544392, "gravity_essential_services_per_100": 2268.8459096224474, "gravity_food_and_drink_per_100": 8378.9524306414478, "gravity_healthcare_per_100": 3447.4843682860169, "gravity_shelter_per_100": 6622.3775125394741, "shannon": 1.5884232555197939, "kl_divergence": 0.045157640661987047, "jsd": 0.1063192065649225, "city_similarity": 0.89368079343507745 }, "geometry": { "type": "Polygon", "coordinates": [ [ [ 24.622163113001374, 59.355574935699025 ], [ 24.626375928628914, 59.352138237105009 ], [ 24.626205444335938, 59.352180480957031 ], [ 24.625804901123047, 59.352378845214851 ], [ 24.625547409057617, 59.352470397949212 ], [ 24.625293731689453, 59.352504730224616 ], [ 24.624876022338867, 59.352485656738288 ], [ 24.624666213989258, 59.352474212646491 ], [ 24.624395370483398, 59.352512359619141 ], [ 24.624143600463867, 59.352573394775405 ], [ 24.62379264831543, 59.352737426757812 ], [ 24.623687744140625, 59.352806091308587 ], [ 24.623569488525391, 59.352886199951165 ], [ 24.622861862182617, 59.35308074951169 ], [ 24.622411727905273, 59.353168487548835 ], [ 24.621816635131839, 59.353302001953139 ], [ 24.621494293212891, 59.353374481201172 ], [ 24.62126350402832, 59.353363037109375 ], [ 24.620685577392578, 59.353317260742188 ], [ 24.620174407958984, 59.353324890136726 ], [ 24.619596481323242, 59.353313446044915 ], [ 24.618997573852539, 59.353351593017578 ], [ 24.618646621704102, 59.353431701660163 ], [ 24.618034362792969, 59.353652954101555 ], [ 24.617712020874027, 59.353717803955078 ], [ 24.617118835449222, 59.353710174560518 ], [ 24.616806030273438, 59.353706359863281 ], [ 24.61631965637207, 59.353660583496094 ], [ 24.61585807800293, 59.353569030761705 ], [ 24.615785598754883, 59.353549957275384 ], [ 24.615476608276367, 59.353370666503913 ], [ 24.615388870239258, 59.35321044921875 ], [ 24.615455627441406, 59.353027343750007 ], [ 24.615478515625, 59.352821350097656 ], [ 24.615385055541992, 59.352645874023438 ], [ 24.615135192871094, 59.352500915527358 ], [ 24.614740371704102, 59.35240173339843 ], [ 24.614093780517578, 59.352378845214851 ], [ 24.613376617431644, 59.352466583251953 ], [ 24.612802505493164, 59.352573394775391 ], [ 24.612152099609375, 59.352809906005859 ], [ 24.612037658691406, 59.353103637695312 ], [ 24.611790370013939, 59.353887161220143 ], [ 24.612135427661979, 59.354219301587115 ], [ 24.613723754882812, 59.354106903076186 ], [ 24.614509582519531, 59.354408264160149 ], [ 24.614166259765625, 59.355133056640618 ], [ 24.614027079250057, 59.355426266421695 ], [ 24.622163113001374, 59.355574935699025 ] ] ] } },
{ "type": "Feature", "properties": { "from_id": "94", "population": 359.80958168100392, "gravity_community": 6.9969211573994041, "gravity_education": 32.170965982456366, "gravity_essential_services": 20.10673374344881, "gravity_food_and_drink": 84.085270333910259, "gravity_healthcare": 27.092435971454723, "gravity_shelter": 51.544260266353852, "avg_gravity": 36.99943124250391, "min_tt_community": 24.0, "min_tt_education": 11.0, "min_tt_essential_services": 17.0, "min_tt_food_and_drink": 18.0, "min_tt_healthcare": 18.0, "min_tt_shelter": 15.0, "avg_tt_community": 46.916666666666664, "avg_tt_education": 48.407079646017699, "avg_tt_essential_services": 51.717948717948715, "avg_tt_food_and_drink": 52.462235649546827, "avg_tt_healthcare": 49.74, "avg_tt_shelter": 50.715736040609137, "avg_tt_all": 49.993277786798181, "n_unreachable_categories": 0, "count_community": 24.0, "count_education": 113.0, "count_essential_services": 78.0, "count_food_and_drink": 332.0, "count_healthcare": 100.0, "count_shelter": 197.0, "gravity_community_per_100": 1.944617796088226, "gravity_education_per_100": 8.9411087476203335, "gravity_essential_services_per_100": 5.5881596175153616, "gravity_food_and_drink_per_100": 23.369380532077567, "gravity_healthcare_per_100": 7.5296593950836028, "gravity_shelter_per_100": 14.325427362312826, "shannon": 1.549877179170889, "kl_divergence": 0.018036081865362881, "jsd": 0.067057737392378136, "city_similarity": 0.93294226260762181 }, "geometry": { "type": "Polygon", "coordinates": [ [ [ 24.639735565816995, 59.35589429984244 ], [ 24.648521937407896, 59.356053094463874 ], [ 24.649613855937655, 59.35516164662161 ], [ 24.649576187133789, 59.355144500732415 ], [ 24.649023056030277, 59.354927062988267 ], [ 24.648880004882812, 59.354885101318352 ], [ 24.648704528808594, 59.354850769042969 ], [ 24.648218154907227, 59.354778289794929 ], [ 24.647411346435547, 59.354667663574219 ], [ 24.647117614746094, 59.354652404785156 ], [ 24.646871566772461, 59.354682922363288 ], [ 24.646745681762695, 59.354728698730462 ], [ 24.646650314331055, 59.354866027832031 ], [ 24.646551132202148, 59.354927062988281 ], [ 24.645490646362308, 59.35523605346679 ], [ 24.645252227783203, 59.355266571044922 ], [ 24.645084381103516, 59.355266571044922 ], [ 24.644935607910156, 59.355224609374986 ], [ 24.644784927368164, 59.355125427246094 ], [ 24.644153594970703, 59.354930877685554 ], [ 24.643892288208011, 59.354835510253885 ], [ 24.643684387207031, 59.354785919189453 ], [ 24.643657684326172, 59.354682922363303 ], [ 24.643817901611328, 59.354537963867188 ], [ 24.643747329711914, 59.354404449462905 ], [ 24.64361572265625, 59.354339599609382 ], [ 24.643028259277344, 59.354408264160142 ], [ 24.642854690551761, 59.35434722900392 ], [ 24.642831802368164, 59.354175567626946 ], [ 24.642642974853519, 59.354118347167947 ], [ 24.642255783081055, 59.354133605957045 ], [ 24.642061233520508, 59.353931427001953 ], [ 24.641700744628906, 59.353816986083977 ], [ 24.641633987426758, 59.353851318359361 ], [ 24.641433715820312, 59.353908538818359 ], [ 24.641147613525391, 59.353977203369134 ], [ 24.640995025634766, 59.354011535644545 ], [ 24.640630722045898, 59.354034423828132 ], [ 24.640338897705078, 59.354007720947244 ], [ 24.640279769897461, 59.353996276855476 ], [ 24.640005111694336, 59.353946685791001 ], [ 24.639612197875977, 59.353858947753899 ], [ 24.639142990112308, 59.353721618652344 ], [ 24.638557434082031, 59.353572845458991 ], [ 24.638221740722656, 59.353534698486321 ], [ 24.637857437133793, 59.353557586669915 ], [ 24.637305589000874, 59.353557587060173 ], [ 24.639735565816995, 59.35589429984244 ] ] ] } },
{ "type": "Feature", "properties": { "from_id": "95", "population": 0.48383590533615894, "gravity_community": 20.056856239216035, "gravity_education": 70.348802189016666, "gravity_essential_services": 45.039060152671809, "gravity_food_and_drink": 247.67627022288988, "gravity_healthcare": 63.345200705949232, "gravity_shelter": 108.85107565624375, "avg_gravity": 92.552877527664563, "min_tt_community": 12.0, "min_tt_education": 5.0, "min_tt_essential_services": 4.0, "min_tt_food_and_drink": 4.0, "min_tt_healthcare": 6.0, "min_tt_shelter": 1.0, "avg_tt_community": 46.439393939393938, "avg_tt_education": 44.964285714285715, "avg_tt_essential_services": 46.020134228187921, "avg_tt_food_and_drink": 49.464523281596449, "avg_tt_healthcare": 45.947115384615387, "avg_tt_shelter": 44.172011661807581, "avg_tt_all": 46.167910701647834, "n_unreachable_categories": 0, "count_community": 66.0, "count_education": 224.0, "count_essential_services": 149.0, "count_food_and_drink": 903.0, "count_healthcare": 208.0, "count_shelter": 343.0, "gravity_community_per_100": 4145.3840068526861, "gravity_education_per_100": 14539.806040260655, "gravity_essential_services_per_100": 9308.7469648164333, "gravity_food_and_drink_per_100": 51190.138534842648, "gravity_healthcare_per_100": 13092.290176756998, "gravity_shelter_per_100": 22497.519191060517, "shannon": 1.4749034356254893, "kl_divergence": 0.00058830481831511619, "jsd": 0.01209309743588125, "city_similarity": 0.98790690256411873 }, "geometry": { "type": "Polygon", "coordinates": [ [ [ 24.622163113001374, 59.355574935699025 ], [ 24.626284815823933, 59.359540178976403 ], [ 24.635072044585741, 59.359699885616521 ], [ 24.639735565816995, 59.35589429984244 ], [ 24.637305589000874, 59.353557587060173 ], [ 24.637121200561523, 59.353557586669915 ], [ 24.636993408203125, 59.353603363037116 ], [ 24.636865615844727, 59.353649139404297 ], [ 24.635978698730469, 59.353801727294908 ], [ 24.635877609252933, 59.353816986083977 ], [ 24.635444641113281, 59.353889465332024 ], [ 24.634658813476562, 59.353984832763679 ], [ 24.634428024291992, 59.353958129882812 ], [ 24.63421630859375, 59.353919982910156 ], [ 24.634061813354492, 59.353736877441399 ], [ 24.634246826171875, 59.353549957275384 ], [ 24.634456634521484, 59.353511810302756 ], [ 24.634485244750973, 59.353424072265625 ], [ 24.634296417236332, 59.353309631347642 ], [ 24.633071899414062, 59.353374481201172 ], [ 24.632888793945312, 59.353263854980462 ], [ 24.632955551147461, 59.352901458740227 ], [ 24.632480621337891, 59.352848052978509 ], [ 24.632148742675781, 59.352928161621108 ], [ 24.631778717041019, 59.353248596191406 ], [ 24.631704330444336, 59.353248596191413 ], [ 24.631546020507812, 59.353179931640597 ], [ 24.631473541259766, 59.353122711181634 ], [ 24.631387710571289, 59.353065490722663 ], [ 24.631240844726566, 59.352958679199226 ], [ 24.631015777587891, 59.352848052978523 ], [ 24.630853652954105, 59.352741241455064 ], [ 24.630586624145508, 59.352558135986307 ], [ 24.630443572998047, 59.352424621582038 ], [ 24.630123138427734, 59.352165222167976 ], [ 24.629739761352539, 59.351978302001953 ], [ 24.629457473754883, 59.351905822753913 ], [ 24.629240036010746, 59.351898193359375 ], [ 24.629085540771484, 59.351909637451172 ], [ 24.629003524780273, 59.35182189941407 ], [ 24.628850936889648, 59.351806640625 ], [ 24.628145217895508, 59.351902008056634 ], [ 24.6280517578125, 59.351913452148438 ], [ 24.62790489196777, 59.351913452148445 ], [ 24.62789344787598, 59.351913452148423 ], [ 24.627788543701172, 59.351943969726555 ], [ 24.627641677856445, 59.352005004882812 ], [ 24.627460479736328, 59.352027893066406 ], [ 24.62738037109375, 59.352027893066406 ], [ 24.626865386962891, 59.352069854736335 ], [ 24.626710891723636, 59.352092742919901 ], [ 24.626420974731449, 59.35212707519532 ], [ 24.626375928628914, 59.352138237105009 ], [ 24.622163113001374, 59.355574935699025 ] ] ] } },
{ "type": "Feature", "properties": { "from_id": "96", "population": 930.26991583455879, "gravity_community": 5.7090216903667557, "gravity_education": 25.906738063032513, "gravity_essential_services": 14.592864687034549, "gravity_food_and_drink": 50.792676776473371, "gravity_healthcare": 22.299692800871096, "gravity_shelter": 43.802784452844726, "avg_gravity": 27.18396307843717, "min_tt_community": 24.0, "min_tt_education": 13.0, "min_tt_essential_services": 22.0, "min_tt_food_and_drink": 15.0, "min_tt_healthcare": 22.0, "min_tt_shelter": 19.0, "avg_tt_community": 45.736842105263158, "avg_tt_education": 47.386363636363633, "avg_tt_essential_services": 50.763636363636365, "avg_tt_food_and_drink": 51.154639175257735, "avg_tt_healthcare": 50.63095238095238, "avg_tt_shelter": 50.140243902439025, "avg_tt_all": 49.302112927318717, "n_unreachable_categories": 0, "count_community": 19.0, "count_education": 88.0, "count_essential_services": 55.0, "count_food_and_drink": 194.0, "count_healthcare": 84.0, "count_shelter": 164.0, "gravity_community_per_100": 0.61369518600900996, "gravity_education_per_100": 2.7848625030286183, "gravity_essential_services_per_100": 1.5686699568203357, "gravity_food_and_drink_per_100": 5.459993482741675, "gravity_healthcare_per_100": 2.3971207088714372, "gravity_shelter_per_100": 4.7086102331438511, "shannon": 1.6007853018814742, "kl_divergence": 0.057217405697859325, "jsd": 0.11993835995692584, "city_similarity": 0.88006164004307419 }, "geometry": { "type": "Polygon", "coordinates": [ [ [ 24.621619289705638, 59.363345268733354 ], [ 24.626284815823933, 59.359540178976403 ], [ 24.622163113001374, 59.355574935699025 ], [ 24.614027079250057, 59.355426266421695 ], [ 24.613880157470703, 59.355735778808601 ], [ 24.612860247387346, 59.355835765585823 ], [ 24.611308802545683, 59.357100776054686 ], [ 24.612710952758789, 59.360633850097642 ], [ 24.612913131713867, 59.361190795898438 ], [ 24.613729708163063, 59.363201098925643 ], [ 24.621619289705638, 59.363345268733354 ] ] ] } },
{ "type": "Feature", "properties": { "from_id": "97", "population": 625.62157033009657, "gravity_community": 7.66786100290392, "gravity_education": 32.780655969871511, "gravity_essential_services": 21.035539837298323, "gravity_food_and_drink": 95.684700164389412, "gravity_healthcare": 28.102063305423812, "gravity_shelter": 52.277566863729859, "avg_gravity": 39.591397857269477, "min_tt_community": 15.0, "min_tt_education": 24.0, "min_tt_essential_services": 23.0, "min_tt_food_and_drink": 14.0, "min_tt_healthcare": 23.0, "min_tt_shelter": 16.0, "avg_tt_community": 46.92307692307692, "avg_tt_education": 48.666666666666664, "avg_tt_essential_services": 51.731707317073173, "avg_tt_food_and_drink": 52.854922279792746, "avg_tt_healthcare": 49.730769230769234, "avg_tt_shelter": 50.542713567839193, "avg_tt_all": 50.07497599753632, "n_unreachable_categories": 0, "count_community": 26.0, "count_education": 117.0, "count_essential_services": 82.0, "count_food_and_drink": 386.0, "count_healthcare": 104.0, "count_shelter": 199.0, "gravity_community_per_100": 1.2256388472760182, "gravity_education_per_100": 5.2396940138389825, "gravity_essential_services_per_100": 3.3623424822451926, "gravity_food_and_drink_per_100": 15.294341611959336, "gravity_healthcare_per_100": 4.4918629149241651, "gravity_shelter_per_100": 8.3561004516111321, "shannon": 1.5239866149138179, "kl_divergence": 0.0085966296190380757, "jsd": 0.046273859175601256, "city_similarity": 0.95372614082439877 }, "geometry": { "type": "Polygon", "coordinates": [ [ [ 24.648521937407896, 59.356053094463874 ], [ 24.639735565816995, 59.35589429984244 ], [ 24.635072044585741, 59.359699885616521 ], [ 24.639195752295358, 59.363664731155062 ], [ 24.647984128882722, 59.36382357464322 ], [ 24.652646792405857, 59.360017523717275 ], [ 24.648521937407896, 59.356053094463874 ] ] ] } },
{ "type": "Feature", "properties": { "from_id": "98", "population": 131.42045071301408, "gravity_community": 16.583360333563892, "gravity_education": 60.511099125087831, "gravity_essential_services": 39.175668813897488, "gravity_food_and_drink": 204.09515085259267, "gravity_healthcare": 52.149711029675842, "gravity_shelter": 96.061413189822503, "avg_gravity": 78.096067224106704, "min_tt_community": 14.0, "min_tt_education": 15.0, "min_tt_essential_services": 20.0, "min_tt_food_and_drink": 10.0, "min_tt_healthcare": 18.0, "min_tt_shelter": 10.0, "avg_tt_community": 46.148148148148145, "avg_tt_education": 45.336734693877553, "avg_tt_essential_services": 47.007462686567166, "avg_tt_food_and_drink": 50.625814863102995, "avg_tt_healthcare": 46.137931034482762, "avg_tt_shelter": 44.89389067524116, "avg_tt_all": 46.691663683569963, "n_unreachable_categories": 0, "count_community": 54.0, "count_education": 196.0, "count_essential_services": 134.0, "count_food_and_drink": 768.0, "count_healthcare": 174.0, "count_shelter": 311.0, "gravity_community_per_100": 12.618553842717651, "gravity_education_per_100": 46.043898644988928, "gravity_essential_services_per_100": 29.809415963308723, "gravity_food_and_drink_per_100": 155.29938433880434, "gravity_healthcare_per_100": 39.681579804924269, "gravity_shelter_per_100": 73.094722068480849, "shannon": 1.4803958512688762, "kl_divergence": 0.00070920936763512431, "jsd": 0.013250756676356923, "city_similarity": 0.98674924332364311 }, "geometry": { "type": "Polygon", "coordinates": [ [ [ 24.635072044585741, 59.359699885616521 ], [ 24.626284815823933, 59.359540178976403 ], [ 24.621619289705638, 59.363345268733354 ], [ 24.625741849052307, 59.367310530460003 ], [ 24.634531083238464, 59.367470286250487 ], [ 24.639195752295358, 59.363664731155062 ], [ 24.635072044585741, 59.359699885616521 ] ] ] } },
{ "type": "Feature", "properties": { "from_id": "99", "population": 1146.635796919262, "gravity_community": 14.405486206023813, "gravity_education": 50.516346287098422, "gravity_essential_services": 31.017922860261365, "gravity_food_and_drink": 187.43579269491144, "gravity_healthcare": 45.410426007748924, "gravity_shelter": 73.142027121241142, "avg_gravity": 66.988000196214188, "min_tt_community": 8.0, "min_tt_education": 5.0, "min_tt_essential_services": 19.0, "min_tt_food_and_drink": 11.0, "min_tt_healthcare": 17.0, "min_tt_shelter": 10.0, "avg_tt_community": 48.26, "avg_tt_education": 47.456140350877192, "avg_tt_essential_services": 49.517543859649123, "avg_tt_food_and_drink": 51.165277777777774, "avg_tt_healthcare": 48.993902439024389, "avg_tt_shelter": 49.390334572490708, "avg_tt_all": 49.130533166636532, "n_unreachable_categories": 0, "count_community": 50.0, "count_education": 171.0, "count_essential_services": 114.0, "count_food_and_drink": 721.0, "count_healthcare": 164.0, "count_shelter": 269.0, "gravity_community_per_100": 1.2563262236124089, "gravity_education_per_100": 4.4056139205512199, "gravity_essential_services_per_100": 2.7051242376698124, "gravity_food_and_drink_per_100": 16.346584782936908, "gravity_healthcare_per_100": 3.9603181873229447, "gravity_shelter_per_100": 6.378836882448323, "shannon": 1.4625097883584317, "kl_divergence": 0.0005200928281808995, "jsd": 0.011440575748768129, "city_similarity": 0.98855942425123189 }, "geometry": { "type": "Polygon", "coordinates": [ [ [ 24.647984128882722, 59.36382357464322 ], [ 24.639195752295358, 59.363664731155062 ], [ 24.634531083238464, 59.367470286250487 ], [ 24.638655648546937, 59.371435150124277 ], [ 24.647446031205629, 59.371594042501485 ], [ 24.652109842126105, 59.367788022107035 ], [ 24.647984128882722, 59.36382357464322 ] ] ] } },
{ "type": "Feature", "properties": { "from_id": "100", "population": 1527.8304739520429, "gravity_community": 5.3768111759600785, "gravity_education": 22.873286000898332, "gravity_essential_services": 14.019069727164718, "gravity_food_and_drink": 44.691111286226459, "gravity_healthcare": 19.670583241290743, "gravity_shelter": 40.785752220535102, "avg_gravity": 24.569435608679242, "min_tt_community": 29.0, "min_tt_education": 25.0, "min_tt_essential_services": 24.0, "min_tt_food_and_drink": 24.0, "min_tt_healthcare": 25.0, "min_tt_shelter": 23.0, "avg_tt_community": 45.833333333333336, "avg_tt_education": 47.7625, "avg_tt_essential_services": 51.425925925925924, "avg_tt_food_and_drink": 50.964071856287426, "avg_tt_healthcare": 50.8, "avg_tt_shelter": 50.052287581699346, "avg_tt_all": 49.473019782874339, "n_unreachable_categories": 0, "count_community": 18.0, "count_education": 80.0, "count_essential_services": 54.0, "count_food_and_drink": 168.0, "count_healthcare": 75.0, "count_shelter": 153.0, "gravity_community_per_100": 0.3519245929197804, "gravity_education_per_100": 1.4971088998985567, "gravity_essential_services_per_100": 0.91758018747338865, "gravity_food_and_drink_per_100": 2.9251354812045247, "gravity_healthcare_per_100": 1.2874846769097881, "gravity_shelter_per_100": 2.669520795395218, "shannon": 1.6123181343494648, "kl_divergence": 0.066918619073312882, "jsd": 0.12999166452423402, "city_similarity": 0.87000833547576595 }, "geometry": { "type": "Polygon", "coordinates": [ [ [ 24.621075174033621, 59.371115589379421 ], [ 24.625741849052307, 59.367310530460003 ], [ 24.621619289705638, 59.363345268733354 ], [ 24.613729708163063, 59.363201098925643 ], [ 24.613887786865234, 59.36359024047853 ], [ 24.614627838134766, 59.365333557128913 ], [ 24.615612030029297, 59.367710113525398 ], [ 24.616596221923828, 59.370048522949226 ], [ 24.617041585017983, 59.371041935754562 ], [ 24.621075174033621, 59.371115589379421 ] ] ] } },
{ "type": "Feature", "properties": { "from_id": "101", "population": 263.09472991789579, "gravity_community": 4.497684633809409, "gravity_education": 20.171239294083783, "gravity_essential_services": 17.971686428469621, "gravity_food_and_drink": 47.848979829342696, "gravity_healthcare": 19.924980664647208, "gravity_shelter": 52.431546384030959, "avg_gravity": 27.141019539063947, "min_tt_community": 29.0, "min_tt_education": 27.0, "min_tt_essential_services": 28.0, "min_tt_food_and_drink": 24.0, "min_tt_healthcare": 28.0, "min_tt_shelter": 9.0, "avg_tt_community": 48.875, "avg_tt_education": 48.04225352112676, "avg_tt_essential_services": 50.546875, "avg_tt_food_and_drink": 51.043478260869563, "avg_tt_healthcare": 49.438356164383563, "avg_tt_shelter": 47.722222222222221, "avg_tt_all": 49.278030861433685, "n_unreachable_categories": 0, "count_community": 16.0, "count_education": 71.0, "count_essential_services": 65.0, "count_food_and_drink": 184.0, "count_healthcare": 73.0, "count_shelter": 180.0, "gravity_community_per_100": 1.7095304931470903, "gravity_education_per_100": 7.6669111921696951, "gravity_essential_services_per_100": 6.83088043385668, "gravity_food_and_drink_per_100": 18.186977688331108, "gravity_healthcare_per_100": 7.573310446341976, "gravity_shelter_per_100": 19.928771055350794, "shannon": 1.5807507765915596, "kl_divergence": 0.072336063307621892, "jsd": 0.13379528556113957, "city_similarity": 0.86620471443886049 }, "geometry": { "type": "Polygon", "coordinates": [ [ [ 24.60597282017812, 59.398070129536748 ], [ 24.610644955406009, 59.394265660199594 ], [ 24.60796936351371, 59.39169285594572 ], [ 24.607133865356445, 59.391906738281257 ], [ 24.598175048828125, 59.394191741943359 ], [ 24.596895217895508, 59.39451599121093 ], [ 24.596244812011719, 59.394680023193359 ], [ 24.594332148905316, 59.395172880022763 ], [ 24.594355907305058, 59.395195736670168 ], [ 24.594711303710938, 59.395393371582024 ], [ 24.594601940933632, 59.395432430027441 ], [ 24.595317131358335, 59.396120448255239 ], [ 24.597391128540039, 59.397014617919929 ], [ 24.597650527954102, 59.396961212158189 ], [ 24.598419189453125, 59.39727783203125 ], [ 24.600223717132412, 59.397964500821615 ], [ 24.60597282017812, 59.398070129536748 ] ] ] } },
{ "type": "Feature", "properties": { "from_id": "102", "population": 426.74756629045908, "gravity_community": 4.2922472405689156, "gravity_education": 19.892753512717515, "gravity_essential_services": 16.971686428469621, "gravity_food_and_drink": 48.935985162239149, "gravity_healthcare": 19.924980664647208, "gravity_shelter": 52.012031511143, "avg_gravity": 27.004947419964235, "min_tt_community": 29.0, "min_tt_education": 23.0, "min_tt_essential_services": 28.0, "min_tt_food_and_drink": 24.0, "min_tt_healthcare": 28.0, "min_tt_shelter": 10.0, "avg_tt_community": 48.2, "avg_tt_education": 47.565217391304351, "avg_tt_essential_services": 50.546875, "avg_tt_food_and_drink": 51.016304347826086, "avg_tt_healthcare": 49.438356164383563, "avg_tt_shelter": 47.782122905027933, "avg_tt_all": 49.091479301423668, "n_unreachable_categories": 0, "count_community": 15.0, "count_education": 69.0, "count_essential_services": 64.0, "count_food_and_drink": 185.0, "count_healthcare": 73.0, "count_shelter": 179.0, "gravity_community_per_100": 1.0058047378874715, "gravity_education_per_100": 4.6614802482969102, "gravity_essential_services_per_100": 3.9769849365510166, "gravity_food_and_drink_per_100": 11.467197244408334, "gravity_healthcare_per_100": 4.669032055143715, "gravity_shelter_per_100": 12.188008935414016, "shannon": 1.5742545055542485, "kl_divergence": 0.070890418761650753, "jsd": 0.13229173858073984, "city_similarity": 0.86770826141926016 }, "geometry": { "type": "MultiPolygon", "coordinates": [ [ [ [ 24.594332148905316, 59.395172880022763 ], [ 24.594320297241211, 59.395175933837891 ], [ 24.594355907305058, 59.395195736670168 ], [ 24.594332148905316, 59.395172880022763 ] ] ], [ [ [ 24.594601940933632, 59.395432430027441 ], [ 24.594230651855469, 59.39556503295897 ], [ 24.594108581542969, 59.395599365234375 ], [ 24.595317131358335, 59.396120448255239 ], [ 24.594601940933632, 59.395432430027441 ] ] ] ] } },
{ "type": "Feature", "properties": { "from_id": "103", "population": 0.0, "gravity_community": 4.3515766378624949, "gravity_education": 19.94766812951109, "gravity_essential_services": 16.971686428469621, "gravity_food_and_drink": 48.915891882571543, "gravity_healthcare": 20.06257061678982, "gravity_shelter": 53.253816557810453, "avg_gravity": 27.250535042169172, "min_tt_community": 29.0, "min_tt_education": 27.0, "min_tt_essential_services": 28.0, "min_tt_food_and_drink": 16.0, "min_tt_healthcare": 20.0, "min_tt_shelter": 1.0, "avg_tt_community": 47.666666666666664, "avg_tt_education": 47.376811594202898, "avg_tt_essential_services": 50.546875, "avg_tt_food_and_drink": 50.89071038251366, "avg_tt_healthcare": 49.301369863013697, "avg_tt_shelter": 47.37222222222222, "avg_tt_all": 48.859109288103184, "n_unreachable_categories": 0, "count_community": 15.0, "count_education": 69.0, "count_essential_services": 64.0, "count_food_and_drink": 184.0, "count_healthcare": 73.0, "count_shelter": 180.0, "gravity_community_per_100": 0.0, "gravity_education_per_100": 0.0, "gravity_essential_services_per_100": 0.0, "gravity_food_and_drink_per_100": 0.0, "gravity_healthcare_per_100": 0.0, "gravity_shelter_per_100": 0.0, "shannon": 1.5743014702118299, "kl_divergence": 0.072473100046929723, "jsd": 0.1337476901169217, "city_similarity": 0.86625230988307833 }, "geometry": { "type": "Polygon", "coordinates": [ [ [ 24.610097657864237, 59.402035881758721 ], [ 24.60597282017812, 59.398070129536748 ], [ 24.600223717132412, 59.397964500821615 ], [ 24.600534439086914, 59.398082733154297 ], [ 24.604789733886719, 59.399627685546868 ], [ 24.606649398803711, 59.400501251220696 ], [ 24.607309341430668, 59.400810241699197 ], [ 24.608457565307617, 59.401515960693366 ], [ 24.609352111816406, 59.402248382568366 ], [ 24.609594014159878, 59.402445938651653 ], [ 24.610097657864237, 59.402035881758721 ] ] ] } },
{ "type": "Feature", "properties": { "from_id": "104", "population": 0.0035447991317984024, "gravity_community": 1.7988857939522354, "gravity_education": 9.4487143985950688, "gravity_essential_services": 7.3446888787319642, "gravity_food_and_drink": 19.941926670828668, "gravity_healthcare": 9.1943040067040318, "gravity_shelter": 17.635671849555624, "avg_gravity": 10.894031933061264, "min_tt_community": 8.0, "min_tt_education": 10.0, "min_tt_essential_services": 41.0, "min_tt_food_and_drink": 31.0, "min_tt_healthcare": 32.0, "min_tt_shelter": 19.0, "avg_tt_community": 43.2, "avg_tt_education": 49.303030303030305, "avg_tt_essential_services": 52.733333333333334, "avg_tt_food_and_drink": 53.166666666666664, "avg_tt_healthcare": 52.297297297297298, "avg_tt_shelter": 50.015151515151516, "avg_tt_all": 50.119246519246524, "n_unreachable_categories": 0, "count_community": 5.0, "count_education": 33.0, "count_essential_services": 30.0, "count_food_and_drink": 79.0, "count_healthcare": 37.0, "count_shelter": 66.0, "gravity_community_per_100": 50747.185582828686, "gravity_education_per_100": 266551.47576165764, "gravity_essential_services_per_100": 207196.19379408227, "gravity_food_and_drink_per_100": 562568.59498584399, "gravity_healthcare_per_100": 259374.47129872872, "gravity_shelter_per_100": 497508.35502513853, "shannon": 1.59835925199979, "kl_divergence": 0.065567073966861233, "jsd": 0.12866141164108624, "city_similarity": 0.87133858835891376 }, "geometry": { "type": "Polygon", "coordinates": [ [ [ 24.609002178880761, 59.417576287629203 ], [ 24.605851040339797, 59.414548007372943 ], [ 24.605537414550781, 59.414897918701179 ], [ 24.604494094848633, 59.416950225830078 ], [ 24.604881286621094, 59.419647216796868 ], [ 24.605358835956384, 59.420540843723948 ], [ 24.609002178880761, 59.417576287629203 ] ] ] } },
{ "type": "Feature", "properties": { "from_id": "105", "population": 19.799706134486726, "gravity_community": 4.88154756465297, "gravity_education": 22.493603498862349, "gravity_essential_services": 18.288359542959171, "gravity_food_and_drink": 51.350650716868557, "gravity_healthcare": 20.61906839681582, "gravity_shelter": 56.572681253639267, "avg_gravity": 29.03431849563302, "min_tt_community": 29.0, "min_tt_education": 27.0, "min_tt_essential_services": 28.0, "min_tt_food_and_drink": 19.0, "min_tt_healthcare": 24.0, "min_tt_shelter": 12.0, "avg_tt_community": 47.823529411764703, "avg_tt_education": 47.860759493670884, "avg_tt_essential_services": 50.536231884057969, "avg_tt_food_and_drink": 50.206349206349209, "avg_tt_healthcare": 48.675675675675677, "avg_tt_shelter": 47.036458333333336, "avg_tt_all": 48.689834000808624, "n_unreachable_categories": 0, "count_community": 17.0, "count_education": 79.0, "count_essential_services": 69.0, "count_food_and_drink": 190.0, "count_healthcare": 74.0, "count_shelter": 192.0, "gravity_community_per_100": 24.654646546245399, "gravity_education_per_100": 113.60574417659386, "gravity_essential_services_per_100": 92.366823117161715, "gravity_food_and_drink_per_100": 259.35056999369823, "gravity_healthcare_per_100": 104.1382546627899, "gravity_shelter_per_100": 285.72485303255144, "shannon": 1.5837000712183118, "kl_divergence": 0.077439614339804605, "jsd": 0.13852944535985504, "city_similarity": 0.86147055464014499 }, "geometry": { "type": "Polygon", "coordinates": [ [ [ 24.619441070554732, 59.39442647697863 ], [ 24.610644955406009, 59.394265660199594 ], [ 24.60597282017812, 59.398070129536748 ], [ 24.610097657864237, 59.402035881758721 ], [ 24.618895783171347, 59.40219674806221 ], [ 24.623567060274524, 59.398391812610278 ], [ 24.619441070554732, 59.39442647697863 ] ] ] } },
{ "type": "Feature", "properties": { "from_id": "106", "population": 0.47941811641389043, "gravity_community": 23.002060299536335, "gravity_education": 81.741760587795042, "gravity_essential_services": 57.050700567532921, "gravity_food_and_drink": 306.46723045029916, "gravity_healthcare": 76.1729066961977, "gravity_shelter": 138.74450749415226, "avg_gravity": 113.86319434925224, "min_tt_community": 21.0, "min_tt_education": 18.0, "min_tt_essential_services": 17.0, "min_tt_food_and_drink": 12.0, "min_tt_healthcare": 16.0, "min_tt_shelter": 6.0, "avg_tt_community": 44.770270270270274, "avg_tt_education": 42.838056680161941, "avg_tt_essential_services": 43.792134831460672, "avg_tt_food_and_drink": 46.697115384615387, "avg_tt_healthcare": 44.319502074688799, "avg_tt_shelter": 39.9140625, "avg_tt_all": 43.721856956866183, "n_unreachable_categories": 0, "count_community": 74.0, "count_education": 247.0, "count_essential_services": 178.0, "count_food_and_drink": 1041.0, "count_healthcare": 241.0, "count_shelter": 384.0, "gravity_community_per_100": 4797.912200647469, "gravity_education_per_100": 17050.202691386385, "gravity_essential_services_per_100": 11899.988468162101, "gravity_food_and_drink_per_100": 63924.833033576979, "gravity_healthcare_per_100": 15888.616655953869, "gravity_shelter_per_100": 28940.18868789923, "shannon": 1.471694117970886, "kl_divergence": 0.00031631714857728761, "jsd": 0.0088965312741315864, "city_similarity": 0.99110346872586841 }, "geometry": { "type": "Polygon", "coordinates": [ [ [ 24.645830001082011, 59.394905372140776 ], [ 24.637033593752061, 59.39474633296242 ], [ 24.632364326917777, 59.398551765226742 ], [ 24.636492326906467, 59.402516702548937 ], [ 24.645290744615284, 59.402675790705715 ], [ 24.649959151597034, 59.39886989255298 ], [ 24.645830001082011, 59.394905372140776 ] ] ] } },
{ "type": "Feature", "properties": { "from_id": "107", "population": 89.079466925680023, "gravity_community": 24.035086121719349, "gravity_education": 75.699652664542256, "gravity_essential_services": 56.927789762308066, "gravity_food_and_drink": 322.18073752871192, "gravity_healthcare": 75.439879615012117, "gravity_shelter": 129.41942961827377, "avg_gravity": 113.95042921842791, "min_tt_community": 23.0, "min_tt_education": 15.0, "min_tt_essential_services": 22.0, "min_tt_food_and_drink": 19.0, "min_tt_healthcare": 15.0, "min_tt_shelter": 8.0, "avg_tt_community": 45.253164556962027, "avg_tt_education": 43.546610169491522, "avg_tt_essential_services": 43.0, "avg_tt_food_and_drink": 45.456338028169014, "avg_tt_healthcare": 43.008620689655174, "avg_tt_shelter": 40.877005347593581, "avg_tt_all": 43.523623131978553, "n_unreachable_categories": 0, "count_community": 79.0, "count_education": 236.0, "count_essential_services": 175.0, "count_food_and_drink": 1066.0, "count_healthcare": 232.0, "count_shelter": 374.0, "gravity_community_per_100": 26.981623208154225, "gravity_education_per_100": 84.979912068512164, "gravity_essential_services_per_100": 63.906747230316881, "gravity_food_and_drink_per_100": 361.6778912670311, "gravity_healthcare_per_100": 84.688292620736533, "gravity_shelter_per_100": 145.28536607235182, "shannon": 1.4578816432456825, "kl_divergence": 0.00076162250865331738, "jsd": 0.013815973843800559, "city_similarity": 0.98618402615619949 }, "geometry": { "type": "Polygon", "coordinates": [ [ [ 24.632364326917777, 59.398551765226742 ], [ 24.623567060274524, 59.398391812610278 ], [ 24.618895783171347, 59.40219674806221 ], [ 24.623022631555063, 59.406162102197143 ], [ 24.631821909006536, 59.406322104076331 ], [ 24.636492326906467, 59.402516702548937 ], [ 24.632364326917777, 59.398551765226742 ] ] ] } },
{ "type": "Feature", "properties": { "from_id": "108", "population": 1398.5307685914602, "gravity_community": 26.086018546523682, "gravity_education": 85.776199102829111, "gravity_essential_services": 63.794660442864505, "gravity_food_and_drink": 345.87022609625961, "gravity_healthcare": 83.71950074171302, "gravity_shelter": 141.96419410271699, "avg_gravity": 124.53513317215113, "min_tt_community": 14.0, "min_tt_education": 7.0, "min_tt_essential_services": 12.0, "min_tt_food_and_drink": 6.0, "min_tt_healthcare": 5.0, "min_tt_shelter": 12.0, "avg_tt_community": 43.493827160493829, "avg_tt_education": 41.62, "avg_tt_essential_services": 41.494623655913976, "avg_tt_food_and_drink": 44.251589464123526, "avg_tt_healthcare": 41.242798353909464, "avg_tt_shelter": 38.5, "avg_tt_all": 41.7671397724068, "n_unreachable_categories": 0, "count_community": 81.0, "count_education": 250.0, "count_essential_services": 186.0, "count_food_and_drink": 1102.0, "count_healthcare": 243.0, "count_shelter": 382.0, "gravity_community_per_100": 1.8652445217774074, "gravity_education_per_100": 6.1333079707083735, "gravity_essential_services_per_100": 4.5615485819533124, "gravity_food_and_drink_per_100": 24.73097009117684, "gravity_healthcare_per_100": 5.9862466112226969, "gravity_shelter_per_100": 10.150952506085883, "shannon": 1.4621609677647986, "kl_divergence": 0.0008569331343130978, "jsd": 0.014692806312974307, "city_similarity": 0.98530719368702568 }, "geometry": { "type": "Polygon", "coordinates": [ [ [ 24.645290744615284, 59.402675790705715 ], [ 24.636492326906467, 59.402516702548937 ], [ 24.631821909006536, 59.406322104076331 ], [ 24.635950768737953, 59.410287059787514 ], [ 24.644751197904551, 59.410446196945109 ], [ 24.649420755522176, 59.406640329381844 ], [ 24.645290744615284, 59.402675790705715 ] ] ] } },
{ "type": "Feature", "properties": { "from_id": "109", "population": 577.75120540775993, "gravity_community": 26.126541883071994, "gravity_education": 82.673518923443666, "gravity_essential_services": 62.091108981261854, "gravity_food_and_drink": 346.84462676460032, "gravity_healthcare": 81.110002007262082, "gravity_shelter": 141.09574171383528, "avg_gravity": 123.32359004557922, "min_tt_community": 21.0, "min_tt_education": 16.0, "min_tt_essential_services": 20.0, "min_tt_food_and_drink": 2.0, "min_tt_healthcare": 9.0, "min_tt_shelter": 9.0, "avg_tt_community": 43.670731707317074, "avg_tt_education": 41.914634146341463, "avg_tt_essential_services": 41.57377049180328, "avg_tt_food_and_drink": 43.788514129443939, "avg_tt_healthcare": 41.038135593220339, "avg_tt_shelter": 39.051813471502591, "avg_tt_all": 41.83959992327145, "n_unreachable_categories": 0, "count_community": 82.0, "count_education": 246.0, "count_essential_services": 183.0, "count_food_and_drink": 1097.0, "count_healthcare": 236.0, "count_shelter": 386.0, "gravity_community_per_100": 4.5221094544723002, "gravity_education_per_100": 14.309536379953567, "gravity_essential_services_per_100": 10.747032355811315, "gravity_food_and_drink_per_100": 60.033561768132969, "gravity_healthcare_per_100": 14.03891523688246, "gravity_shelter_per_100": 24.421539997351289, "shannon": 1.4600784186655926, "kl_divergence": 0.00074873241995175935, "jsd": 0.013694539958397567, "city_similarity": 0.98630546004160247 }, "geometry": { "type": "Polygon", "coordinates": [ [ [ 24.61835020230744, 59.409967006752844 ], [ 24.623022631555063, 59.406162102197143 ], [ 24.618895783171347, 59.40219674806221 ], [ 24.610097657864237, 59.402035881758721 ], [ 24.609594014159878, 59.402445938651653 ], [ 24.610038757324219, 59.402809143066406 ], [ 24.610296249389648, 59.402996063232429 ], [ 24.610614776611328, 59.403171539306648 ], [ 24.611637115478516, 59.40367889404299 ], [ 24.61227989196777, 59.404010772705099 ], [ 24.615636825561523, 59.40575027465821 ], [ 24.617557525634766, 59.406707763671882 ], [ 24.618610382080082, 59.40704345703125 ], [ 24.619220733642578, 59.407238006591818 ], [ 24.618843078613281, 59.407432556152344 ], [ 24.618169784545898, 59.407779693603501 ], [ 24.617343902587891, 59.408351898193359 ], [ 24.617046356201172, 59.408546447753906 ], [ 24.616870880126957, 59.408638000488281 ], [ 24.616582870483398, 59.40873718261718 ], [ 24.616056442260742, 59.408863067626953 ], [ 24.615438461303711, 59.409023284912102 ], [ 24.614603042602543, 59.409259796142571 ], [ 24.61351203918457, 59.409584045410156 ], [ 24.61272700671514, 59.409864251790381 ], [ 24.61835020230744, 59.409967006752844 ] ] ] } },
{ "type": "Feature", "properties": { "from_id": "110", "population": 3354.8099955804378, "gravity_community": 27.713037617732816, "gravity_education": 88.396035322951803, "gravity_essential_services": 66.6111446396677, "gravity_food_and_drink": 367.90524174027075, "gravity_healthcare": 86.382839683205518, "gravity_shelter": 149.51831352315051, "avg_gravity": 131.08776875449652, "min_tt_community": 14.0, "min_tt_education": 12.0, "min_tt_essential_services": 12.0, "min_tt_food_and_drink": 11.0, "min_tt_healthcare": 12.0, "min_tt_shelter": 3.0, "avg_tt_community": 42.036144578313255, "avg_tt_education": 40.841269841269842, "avg_tt_essential_services": 40.5, "avg_tt_food_and_drink": 42.321109123434702, "avg_tt_healthcare": 39.89300411522634, "avg_tt_shelter": 38.325, "avg_tt_all": 40.652754609707358, "n_unreachable_categories": 0, "count_community": 83.0, "count_education": 253.0, "count_essential_services": 190.0, "count_food_and_drink": 1118.0, "count_healthcare": 243.0, "count_shelter": 400.0, "gravity_community_per_100": 0.82606876855146616, "gravity_education_per_100": 2.6349043742984861, "gravity_essential_services_per_100": 1.985541497951298, "gravity_food_and_drink_per_100": 10.966500106561684, "gravity_healthcare_per_100": 2.5748951444941626, "gravity_shelter_per_100": 4.4568340299487321, "shannon": 1.4636278985701485, "kl_divergence": 0.00051098649838632326, "jsd": 0.011312307645977423, "city_similarity": 0.98868769235402254 }, "geometry": { "type": "Polygon", "coordinates": [ [ [ 24.631821909006536, 59.406322104076331 ], [ 24.623022631555063, 59.406162102197143 ], [ 24.61835020230744, 59.409967006752844 ], [ 24.622477909783925, 59.413932379401849 ], [ 24.631279199122829, 59.414092430566285 ], [ 24.635950768737953, 59.410287059787514 ], [ 24.631821909006536, 59.406322104076331 ] ] ] } },
{ "type": "Feature", "properties": { "from_id": "111", "population": 160.68107513807718, "gravity_community": 34.178975970341881, "gravity_education": 109.87839906904233, "gravity_essential_services": 83.686372865089197, "gravity_food_and_drink": 447.50467439281022, "gravity_healthcare": 107.44222964338468, "gravity_shelter": 185.22730565978077, "avg_gravity": 161.31965960007486, "min_tt_community": 3.0, "min_tt_education": 4.0, "min_tt_essential_services": 2.0, "min_tt_food_and_drink": 7.0, "min_tt_healthcare": 2.0, "min_tt_shelter": 5.0, "avg_tt_community": 38.978494623655912, "avg_tt_education": 38.820945945945944, "avg_tt_essential_services": 37.840182648401829, "avg_tt_food_and_drink": 38.038174273858921, "avg_tt_healthcare": 38.073943661971832, "avg_tt_shelter": 37.031578947368423, "avg_tt_all": 38.130553350200479, "n_unreachable_categories": 0, "count_community": 93.0, "count_education": 296.0, "count_essential_services": 219.0, "count_food_and_drink": 1206.0, "count_healthcare": 284.0, "count_shelter": 475.0, "gravity_community_per_100": 21.271313962127184, "gravity_education_per_100": 68.382912533178626, "gravity_essential_services_per_100": 52.082283363598016, "gravity_food_and_drink_per_100": 278.50490420745473, "gravity_healthcare_per_100": 66.866760476339195, "gravity_shelter_per_100": 115.27636686561277, "shannon": 1.4888108231492345, "kl_divergence": 0.0004136113641227603, "jsd": 0.010142658550419653, "city_similarity": 0.98985734144958037 }, "geometry": { "type": "Polygon", "coordinates": [ [ [ 24.644751197904551, 59.410446196945109 ], [ 24.635950768737953, 59.410287059787514 ], [ 24.631279199122829, 59.414092430566285 ], [ 24.635408919026617, 59.418057404677256 ], [ 24.644211360730711, 59.418216590858108 ], [ 24.648882069633473, 59.414410753895837 ], [ 24.644751197904551, 59.410446196945109 ] ] ] } },
{ "type": "Feature", "properties": { "from_id": "112", "population": 705.71940467357831, "gravity_community": 2.184055063420753, "gravity_education": 9.9279859820219301, "gravity_essential_services": 8.9385827555645143, "gravity_food_and_drink": 22.731562739865609, "gravity_healthcare": 10.238194507787943, "gravity_shelter": 22.890869143488544, "avg_gravity": 12.818541698691549, "min_tt_community": 17.0, "min_tt_education": 11.0, "min_tt_essential_services": 43.0, "min_tt_food_and_drink": 21.0, "min_tt_healthcare": 22.0, "min_tt_shelter": 9.0, "avg_tt_community": 46.0, "avg_tt_education": 48.294117647058826, "avg_tt_essential_services": 54.210526315789473, "avg_tt_food_and_drink": 53.978021978021978, "avg_tt_healthcare": 52.414634146341463, "avg_tt_shelter": 52.266666666666666, "avg_tt_all": 51.193994458979738, "n_unreachable_categories": 0, "count_community": 7.0, "count_education": 34.0, "count_essential_services": 38.0, "count_food_and_drink": 92.0, "count_healthcare": 41.0, "count_shelter": 90.0, "gravity_community_per_100": 0.30947924188523063, "gravity_education_per_100": 1.4067894288118654, "gravity_essential_services_per_100": 1.2665916079916981, "gravity_food_and_drink_per_100": 3.2210482791499557, "gravity_healthcare_per_100": 1.450745783662204, "gravity_shelter_per_100": 3.243621897300164, "shannon": 1.5879443123773798, "kl_divergence": 0.080143665490748181, "jsd": 0.14121795038284898, "city_similarity": 0.85878204961715099 }, "geometry": { "type": "Polygon", "coordinates": [ [ [ 24.609002178880761, 59.417576287629203 ], [ 24.617804327741503, 59.417737253049573 ], [ 24.622477909783925, 59.413932379401849 ], [ 24.61835020230744, 59.409967006752844 ], [ 24.61272700671514, 59.409864251790381 ], [ 24.612218856811523, 59.410045623779297 ], [ 24.610904693603516, 59.410541534423842 ], [ 24.610441207885742, 59.410770416259751 ], [ 24.610042572021484, 59.410995483398445 ], [ 24.609777450561523, 59.41119384765625 ], [ 24.609563827514648, 59.411392211914062 ], [ 24.609304428100589, 59.411701202392578 ], [ 24.60902214050293, 59.412082672119134 ], [ 24.608329772949219, 59.412441253662116 ], [ 24.608226776123047, 59.412532806396463 ], [ 24.608049392700195, 59.412567138671868 ], [ 24.607629776000977, 59.412563323974595 ], [ 24.605851040339797, 59.414548007372943 ], [ 24.609002178880761, 59.417576287629203 ] ] ] } },
{ "type": "Feature", "properties": { "from_id": "113", "population": 3232.4465875666406, "gravity_community": 25.282289194923599, "gravity_education": 78.443085692038764, "gravity_essential_services": 59.336977243211798, "gravity_food_and_drink": 337.57273058964904, "gravity_healthcare": 76.6204493483107, "gravity_shelter": 129.12498015410273, "avg_gravity": 117.73008537037276, "min_tt_community": 18.0, "min_tt_education": 12.0, "min_tt_essential_services": 17.0, "min_tt_food_and_drink": 14.0, "min_tt_healthcare": 17.0, "min_tt_shelter": 11.0, "avg_tt_community": 45.0, "avg_tt_education": 43.55510204081633, "avg_tt_essential_services": 43.065934065934066, "avg_tt_food_and_drink": 44.617216117216117, "avg_tt_healthcare": 42.722222222222221, "avg_tt_shelter": 41.514435695538054, "avg_tt_all": 43.412485023621137, "n_unreachable_categories": 0, "count_community": 82.0, "count_education": 245.0, "count_essential_services": 182.0, "count_food_and_drink": 1093.0, "count_healthcare": 234.0, "count_shelter": 381.0, "gravity_community_per_100": 0.78214097309975661, "gravity_education_per_100": 2.4267403518364112, "gravity_essential_services_per_100": 1.8356676788240509, "gravity_food_and_drink_per_100": 10.44325780627271, "gravity_healthcare_per_100": 2.3703546917998715, "gravity_shelter_per_100": 3.994651625514003, "shannon": 1.4592493954927441, "kl_divergence": 0.000893149513700656, "jsd": 0.014962190757012554, "city_similarity": 0.98503780924298745 }, "geometry": { "type": "Polygon", "coordinates": [ [ [ 24.631279199122829, 59.414092430566285 ], [ 24.622477909783925, 59.413932379401849 ], [ 24.617804327741503, 59.417737253049573 ], [ 24.621932894739885, 59.42170264422348 ], [ 24.630736197046232, 59.421862744695687 ], [ 24.635408919026617, 59.418057404677256 ], [ 24.631279199122829, 59.414092430566285 ] ] ] } },
{ "type": "Feature", "properties": { "from_id": "114", "population": 28.977525131734115, "gravity_community": 11.320854281139194, "gravity_education": 37.92701961475462, "gravity_essential_services": 30.185896089698911, "gravity_food_and_drink": 158.62963200379085, "gravity_healthcare": 39.943741198930532, "gravity_shelter": 70.049463969616326, "avg_gravity": 58.009434526321741, "min_tt_community": 32.0, "min_tt_education": 23.0, "min_tt_essential_services": 22.0, "min_tt_food_and_drink": 23.0, "min_tt_healthcare": 22.0, "min_tt_shelter": 22.0, "avg_tt_community": 51.3, "avg_tt_education": 51.9, "avg_tt_essential_services": 50.421052631578945, "avg_tt_food_and_drink": 53.553869499241273, "avg_tt_healthcare": 50.790849673202615, "avg_tt_shelter": 50.325757575757578, "avg_tt_all": 51.381921563296736, "n_unreachable_categories": 0, "count_community": 41.0, "count_education": 150.0, "count_essential_services": 114.0, "count_food_and_drink": 659.0, "count_healthcare": 153.0, "count_shelter": 264.0, "gravity_community_per_100": 39.067705850219085, "gravity_education_per_100": 130.88426096547374, "gravity_essential_services_per_100": 104.1700281596563, "gravity_food_and_drink_per_100": 547.42298137141802, "gravity_healthcare_per_100": 137.8438669877539, "gravity_shelter_per_100": 241.73722100547215, "shannon": 1.4645437866718134, "kl_divergence": 0.00036376651576371533, "jsd": 0.0095856946402606818, "city_similarity": 0.99041430535973929 }, "geometry": { "type": "Polygon", "coordinates": [ [ [ 24.617258159251783, 59.425507486951432 ], [ 24.621932894739885, 59.42170264422348 ], [ 24.617804327741503, 59.417737253049573 ], [ 24.609002178880761, 59.417576287629203 ], [ 24.605358835956384, 59.420540843723948 ], [ 24.605829238891602, 59.421421051025384 ], [ 24.606906890869141, 59.42311859130858 ], [ 24.607386804715627, 59.424321164862775 ], [ 24.608348607649379, 59.425245222032139 ], [ 24.610018303241159, 59.425375124239885 ], [ 24.617258159251783, 59.425507486951432 ] ] ] } },
{ "type": "Feature", "properties": { "from_id": "115", "population": 279.21366287972302, "gravity_community": 7.2041294533653781, "gravity_education": 26.388982704106667, "gravity_essential_services": 22.923255247822841, "gravity_food_and_drink": 114.05264355406571, "gravity_healthcare": 32.300118947825752, "gravity_shelter": 48.803497502638571, "avg_gravity": 41.945437901637483, "min_tt_community": 30.0, "min_tt_education": 18.0, "min_tt_essential_services": 31.0, "min_tt_food_and_drink": 11.0, "min_tt_healthcare": 13.0, "min_tt_shelter": 11.0, "avg_tt_community": 52.482758620689658, "avg_tt_education": 52.323809523809523, "avg_tt_essential_services": 51.247191011235955, "avg_tt_food_and_drink": 53.504291845493562, "avg_tt_healthcare": 51.0, "avg_tt_shelter": 50.98918918918919, "avg_tt_all": 51.924540031736313, "n_unreachable_categories": 0, "count_community": 29.0, "count_education": 105.0, "count_essential_services": 89.0, "count_food_and_drink": 467.0, "count_healthcare": 124.0, "count_shelter": 185.0, "gravity_community_per_100": 2.580149330467651, "gravity_education_per_100": 9.4511788685191451, "gravity_essential_services_per_100": 8.2099332143704942, "gravity_food_and_drink_per_100": 40.84780177938363, "gravity_healthcare_per_100": 11.568244409923338, "gravity_shelter_per_100": 17.47890737125628, "shannon": 1.4817071738692691, "kl_divergence": 0.0018104311498214857, "jsd": 0.021170246358221897, "city_similarity": 0.97882975364177816 }, "geometry": { "type": "Polygon", "coordinates": [ [ [ 24.563317271422569, 59.440072328237399 ], [ 24.568000065232084, 59.436269478139465 ], [ 24.567642932826583, 59.435925973437982 ], [ 24.566568374633789, 59.435581207275398 ], [ 24.566520690917969, 59.435615539550767 ], [ 24.56495475769043, 59.434879302978501 ], [ 24.562356948852539, 59.432727813720703 ], [ 24.561866760253906, 59.432968139648423 ], [ 24.56065559387207, 59.433559417724595 ], [ 24.560308456420898, 59.43372726440429 ], [ 24.559745788574222, 59.434001922607429 ], [ 24.559576034545898, 59.434085845947266 ], [ 24.558809280395508, 59.43445968627929 ], [ 24.558382034301758, 59.434669494628906 ], [ 24.555540084838867, 59.436069488525398 ], [ 24.552221712049302, 59.437706008923129 ], [ 24.554031743510745, 59.439447778254127 ], [ 24.554046630859375, 59.439456939697251 ], [ 24.554080963134766, 59.439476013183594 ], [ 24.554101943969727, 59.439483642578118 ], [ 24.554180145263675, 59.439472198486321 ], [ 24.554241180419922, 59.439464569091797 ], [ 24.554309844970703, 59.439460754394524 ], [ 24.554401397705078, 59.439453124999979 ], [ 24.554464340209961, 59.439456939697266 ], [ 24.554508209228516, 59.439468383789062 ], [ 24.55455207824707, 59.439491271972656 ], [ 24.554590225219727, 59.439502716064439 ], [ 24.55461311340332, 59.439506530761712 ], [ 24.554697036743164, 59.439510345458991 ], [ 24.554941177368164, 59.439476013183594 ], [ 24.554983139038086, 59.439460754394538 ], [ 24.554985046386722, 59.439453125 ], [ 24.554977416992188, 59.439445495605469 ], [ 24.554925918579105, 59.439422607421861 ], [ 24.554912567138672, 59.439399719238267 ], [ 24.554910659790043, 59.43938827514647 ], [ 24.554914474487305, 59.439384460449219 ], [ 24.554916381835938, 59.439380645751967 ], [ 24.554922103881836, 59.43938064575196 ], [ 24.554931640625004, 59.439373016357408 ], [ 24.554958343505863, 59.439357757568352 ], [ 24.554983139038086, 59.439350128173828 ], [ 24.555025100708008, 59.439350128173828 ], [ 24.555047988891602, 59.439350128173828 ], [ 24.555089950561523, 59.439361572265625 ], [ 24.55512809753418, 59.439376831054673 ], [ 24.555173873901367, 59.439399719238267 ], [ 24.555210113525391, 59.439426422119134 ], [ 24.555233001708984, 59.439449310302741 ], [ 24.555244445800781, 59.439468383789048 ], [ 24.555286407470707, 59.439525604248033 ], [ 24.555313110351566, 59.439544677734368 ], [ 24.555343627929688, 59.439559936523438 ], [ 24.555349349975586, 59.439567565917976 ], [ 24.555381774902344, 59.4395751953125 ], [ 24.555419921875, 59.439594268798821 ], [ 24.555446624755859, 59.439601898193366 ], [ 24.555469512939453, 59.439598083496065 ], [ 24.55549430847168, 59.439582824707031 ], [ 24.555526733398438, 59.439571380615234 ], [ 24.555543899536133, 59.439575195312514 ], [ 24.555553436279297, 59.439609527587876 ], [ 24.555572509765625, 59.439624786376939 ], [ 24.555601119995117, 59.439659118652344 ], [ 24.55561447143555, 59.439701080322266 ], [ 24.55561637878418, 59.439735412597649 ], [ 24.555624008178711, 59.439750671386719 ], [ 24.55561447143555, 59.439777374267578 ], [ 24.555580139160156, 59.439800262451172 ], [ 24.555578231811523, 59.439834594726562 ], [ 24.555593490600586, 59.439857482910156 ], [ 24.555604934692383, 59.439868927001953 ], [ 24.555627822875977, 59.439884185791009 ], [ 24.555652618408203, 59.439895629882812 ], [ 24.555698394775391, 59.439899444580085 ], [ 24.555763244628906, 59.439903259277344 ], [ 24.555807113647461, 59.439907073974609 ], [ 24.555820465087891, 59.439899444580085 ], [ 24.55582427978516, 59.439884185791009 ], [ 24.5557861328125, 59.439861297607415 ], [ 24.555788040161133, 59.439842224121094 ], [ 24.555866241455078, 59.439838409423821 ], [ 24.555908203125, 59.439868927001953 ], [ 24.555957794189453, 59.439872741699212 ], [ 24.555997848510742, 59.439868927001953 ], [ 24.556028366088867, 59.439861297607415 ], [ 24.556051254272461, 59.439849853515611 ], [ 24.556062698364258, 59.439811706542969 ], [ 24.556055068969727, 59.439792633056648 ], [ 24.556060791015629, 59.439773559570298 ], [ 24.556072235107422, 59.439754486083977 ], [ 24.556110382080078, 59.439731597900398 ], [ 24.556116104125977, 59.439723968505859 ], [ 24.556100845336914, 59.43969345092772 ], [ 24.556079864501953, 59.439674377441399 ], [ 24.556045532226562, 59.439655303955078 ], [ 24.556015014648438, 59.439643859863267 ], [ 24.555976867675781, 59.439636230468736 ], [ 24.555953979492188, 59.439628601074212 ], [ 24.555919647216797, 59.439620971679688 ], [ 24.555906295776367, 59.439601898193366 ], [ 24.555891036987305, 59.43959045410157 ], [ 24.555866241455078, 59.439579010009773 ], [ 24.555797576904297, 59.439563751220703 ], [ 24.5557861328125, 59.439544677734382 ], [ 24.555791854858402, 59.439525604248047 ], [ 24.555837631225586, 59.439529418945305 ], [ 24.555896759033203, 59.439548492431641 ], [ 24.555940628051761, 59.439567565917962 ], [ 24.555984497070312, 59.439582824707031 ], [ 24.555999755859379, 59.439605712890618 ], [ 24.55601692199707, 59.439620971679688 ], [ 24.556049346923828, 59.439620971679688 ], [ 24.556140899658203, 59.439624786376946 ], [ 24.556169509887695, 59.439624786376946 ], [ 24.556221008300781, 59.43959808349608 ], [ 24.556259155273438, 59.439582824707031 ], [ 24.556346893310547, 59.439598083496108 ], [ 24.556371688842773, 59.439624786376939 ], [ 24.556442260742188, 59.43968582153321 ], [ 24.556459426879883, 59.439704895019531 ], [ 24.556484222412109, 59.439720153808587 ], [ 24.556529998779297, 59.439735412597663 ], [ 24.556562423706058, 59.439743041992159 ], [ 24.556661605834964, 59.439739227294908 ], [ 24.556707382202148, 59.439731597900384 ], [ 24.556743621826172, 59.439727783203139 ], [ 24.556768417358398, 59.439723968505859 ], [ 24.556812286376953, 59.439723968505859 ], [ 24.556842803955078, 59.439727783203125 ], [ 24.556856155395508, 59.439731597900376 ], [ 24.556875228881836, 59.43974304199218 ], [ 24.556886672973629, 59.43976211547853 ], [ 24.556886672973633, 59.439777374267578 ], [ 24.556901931762695, 59.439804077148459 ], [ 24.556955337524414, 59.439868927001939 ], [ 24.556955337524414, 59.439884185791009 ], [ 24.556961059570312, 59.439899444580085 ], [ 24.556970596313477, 59.439907073974616 ], [ 24.556980133056641, 59.439910888671868 ], [ 24.55699348449707, 59.439918518066406 ], [ 24.55702018737793, 59.439918518066413 ], [ 24.557043075561523, 59.439918518066406 ], [ 24.557090759277344, 59.439922332763679 ], [ 24.557128906250004, 59.439929962158175 ], [ 24.557248364037392, 59.439958921626065 ], [ 24.563317271422569, 59.440072328237399 ] ] ] } },
{ "type": "Feature", "properties": { "from_id": "116", "population": 235.00196368871295, "gravity_community": 7.1479975606672079, "gravity_education": 25.924185771738028, "gravity_essential_services": 22.881273668759238, "gravity_food_and_drink": 112.47335421712495, "gravity_healthcare": 32.028870206111407, "gravity_shelter": 48.014282265955885, "avg_gravity": 41.411660615059454, "min_tt_community": 35.0, "min_tt_education": 22.0, "min_tt_essential_services": 31.0, "min_tt_food_and_drink": 16.0, "min_tt_healthcare": 18.0, "min_tt_shelter": 16.0, "avg_tt_community": 52.655172413793103, "avg_tt_education": 52.733333333333334, "avg_tt_essential_services": 51.292134831460672, "avg_tt_food_and_drink": 53.593073593073591, "avg_tt_healthcare": 51.185483870967744, "avg_tt_shelter": 51.201086956521742, "avg_tt_all": 52.110047499858361, "n_unreachable_categories": 0, "count_community": 29.0, "count_education": 105.0, "count_essential_services": 89.0, "count_food_and_drink": 463.0, "count_healthcare": 124.0, "count_shelter": 184.0, "gravity_community_per_100": 3.041675673032056, "gravity_education_per_100": 11.031476233142284, "gravity_essential_services_per_100": 9.7366308389950778, "gravity_food_and_drink_per_100": 47.860601865484327, "gravity_healthcare_per_100": 13.629192583487226, "gravity_shelter_per_100": 20.431438747276303, "shannon": 1.4843963901066843, "kl_divergence": 0.0019328822290749178, "jsd": 0.021858559398996346, "city_similarity": 0.97814144060100361 }, "geometry": { "type": "MultiPolygon", "coordinates": [ [ [ [ 24.552221712049302, 59.437706008923129 ], [ 24.551773071289062, 59.43792724609375 ], [ 24.551464080810547, 59.438076019287102 ], [ 24.550664901733398, 59.438591003417969 ], [ 24.550266265869141, 59.438819885253892 ], [ 24.550544664315709, 59.438992289806777 ], [ 24.550577163696289, 59.438980102539062 ], [ 24.550628662109375, 59.438972473144517 ], [ 24.550666809082031, 59.438972473144531 ], [ 24.550689697265625, 59.438983917236328 ], [ 24.550725936889648, 59.438991546630852 ], [ 24.550758361816406, 59.43901062011718 ], [ 24.550783157348633, 59.439018249511719 ], [ 24.550825119018555, 59.439025878906257 ], [ 24.550870895385742, 59.439022064208977 ], [ 24.550926208496094, 59.43901062011718 ], [ 24.550962448120117, 59.439010620117195 ], [ 24.551013946533203, 59.439006805419908 ], [ 24.551084518432617, 59.439002990722649 ], [ 24.551216125488281, 59.439010620117166 ], [ 24.551239013671875, 59.43901443481446 ], [ 24.551280975341797, 59.439033508300774 ], [ 24.551292419433594, 59.439033508300774 ], [ 24.551309585571289, 59.439044952392571 ], [ 24.55133056640625, 59.439064025878892 ], [ 24.551362991333008, 59.439109802246087 ], [ 24.551383972167969, 59.439132690429688 ], [ 24.551401138305668, 59.439159393310533 ], [ 24.551420211791992, 59.439174652099609 ], [ 24.55145263671875, 59.439186096191406 ], [ 24.5515022277832, 59.439201354980476 ], [ 24.551536560058594, 59.439201354980476 ], [ 24.551551818847656, 59.439197540283203 ], [ 24.551599502563477, 59.439178466796882 ], [ 24.551609039306641, 59.439159393310547 ], [ 24.551593780517578, 59.439140319824205 ], [ 24.551565170288086, 59.439113616943359 ], [ 24.551462173461914, 59.439060211181634 ], [ 24.551414489746094, 59.439025878906229 ], [ 24.551427841186523, 59.438987731933601 ], [ 24.551483154296879, 59.438991546630859 ], [ 24.551542282104496, 59.43901443481446 ], [ 24.551578521728516, 59.439033508300774 ], [ 24.55162239074707, 59.439067840576172 ], [ 24.551654815673828, 59.4390869140625 ], [ 24.551713943481445, 59.439105987548835 ], [ 24.551788330078125, 59.439109802246094 ], [ 24.551841735839844, 59.439109802246094 ], [ 24.551937103271484, 59.439109802246108 ], [ 24.551973342895508, 59.439128875732415 ], [ 24.551984786987305, 59.439144134521491 ], [ 24.551990509033203, 59.439163208007805 ], [ 24.551992416381836, 59.439189910888679 ], [ 24.551994323730472, 59.439201354980476 ], [ 24.551988601684574, 59.439224243164055 ], [ 24.552001953125, 59.439243316650391 ], [ 24.552021026611332, 59.439250946044915 ], [ 24.552112579345707, 59.43926620483397 ], [ 24.552183151245117, 59.439270019531243 ], [ 24.552249908447266, 59.439304351806641 ], [ 24.552278518676758, 59.439311981201158 ], [ 24.552360534667969, 59.439311981201172 ], [ 24.552396774291992, 59.439308166503913 ], [ 24.552452087402344, 59.439304351806626 ], [ 24.552513122558594, 59.439300537109361 ], [ 24.552547454833984, 59.439289093017564 ], [ 24.552608489990234, 59.439243316650391 ], [ 24.552621841430664, 59.439228057861328 ], [ 24.552618026733402, 59.439197540283189 ], [ 24.55265045166016, 59.439197540283203 ], [ 24.552671432495117, 59.439212799072273 ], [ 24.552692413330078, 59.439258575439446 ], [ 24.552719116210938, 59.439266204833984 ], [ 24.552745819091797, 59.43929290771483 ], [ 24.552745819091797, 59.439304351806626 ], [ 24.552734375, 59.439334869384759 ], [ 24.552734375, 59.439353942871101 ], [ 24.552753448486328, 59.439361572265625 ], [ 24.552793502807617, 59.439365386962869 ], [ 24.552860260009769, 59.439361572265611 ], [ 24.553058624267578, 59.439361572265625 ], [ 24.55311393737793, 59.43938064575196 ], [ 24.553157806396484, 59.439392089843764 ], [ 24.553195953369141, 59.439399719238267 ], [ 24.553277969360352, 59.439403533935554 ], [ 24.553321838378906, 59.439414978027351 ], [ 24.553359985351566, 59.439411163330064 ], [ 24.553403854370117, 59.439414978027351 ], [ 24.553436279296875, 59.439414978027351 ], [ 24.553474426269531, 59.439407348632798 ], [ 24.553503036499023, 59.439392089843757 ], [ 24.553510665893555, 59.43938827514647 ], [ 24.553499221801758, 59.43938064575196 ], [ 24.553522109985352, 59.43938064575196 ], [ 24.553586959838867, 59.439418792724609 ], [ 24.553628921508789, 59.439430236816406 ], [ 24.553684234619144, 59.439437866210916 ], [ 24.5538330078125, 59.439422607421875 ], [ 24.553890228271484, 59.439411163330071 ], [ 24.553932189941406, 59.439399719238267 ], [ 24.553960800170898, 59.439403533935554 ], [ 24.553976058959961, 59.439414978027351 ], [ 24.554021835327148, 59.439441680908189 ], [ 24.554031743510745, 59.439447778254127 ], [ 24.552221712049302, 59.437706008923129 ] ] ], [ [ [ 24.550334930419922, 59.438987731933587 ], [ 24.550363540649414, 59.439006805419908 ], [ 24.550413131713867, 59.439014434814446 ], [ 24.550442206965084, 59.43901443481446 ], [ 24.550266265869141, 59.438819885253892 ], [ 24.55025672912598, 59.438827514648438 ], [ 24.550214767456055, 59.438865661621094 ], [ 24.55018424987793, 59.438903808593743 ], [ 24.5501708984375, 59.438926696777337 ], [ 24.550193786621094, 59.438945770263672 ], [ 24.550271987915039, 59.438957214355469 ], [ 24.550302505493164, 59.438968658447266 ], [ 24.550334930419922, 59.438987731933587 ] ] ] ] } },
{ "type": "Feature", "properties": { "from_id": "117", "population": 860.03376906426911, "gravity_community": 7.3099336599080047, "gravity_education": 25.87970277480197, "gravity_essential_services": 22.834751153625234, "gravity_food_and_drink": 113.29377456580609, "gravity_healthcare": 31.768166497931716, "gravity_shelter": 48.00703719176272, "avg_gravity": 41.515560973972619, "min_tt_community": 40.0, "min_tt_education": 18.0, "min_tt_essential_services": 31.0, "min_tt_food_and_drink": 17.0, "min_tt_healthcare": 23.0, "min_tt_shelter": 18.0, "avg_tt_community": 53.0, "avg_tt_education": 52.828571428571429, "avg_tt_essential_services": 51.348314606741575, "avg_tt_food_and_drink": 53.624463519313302, "avg_tt_healthcare": 51.395161290322584, "avg_tt_shelter": 51.367567567567569, "avg_tt_all": 52.260679735419409, "n_unreachable_categories": 0, "count_community": 30.0, "count_education": 105.0, "count_essential_services": 89.0, "count_food_and_drink": 467.0, "count_healthcare": 124.0, "count_shelter": 185.0, "gravity_community_per_100": 0.84995891124848877, "gravity_education_per_100": 3.0091496061787795, "gravity_essential_services_per_100": 2.6550993664434617, "gravity_food_and_drink_per_100": 13.173177454307588, "gravity_healthcare_per_100": 3.6938278054472216, "gravity_shelter_per_100": 5.5819944423804619, "shannon": 1.4837483794252595, "kl_divergence": 0.0016829029203131462, "jsd": 0.020384474174562024, "city_similarity": 0.97961552582543798 }, "geometry": { "type": "Polygon", "coordinates": [ [ [ 24.563317271422569, 59.440072328237399 ], [ 24.557248364037392, 59.439958921626065 ], [ 24.557254791259766, 59.439960479736342 ], [ 24.557313919067383, 59.43999862670897 ], [ 24.5576171875, 59.440048217773423 ], [ 24.557775497436523, 59.44007492065429 ], [ 24.557863235473633, 59.440078735351577 ], [ 24.557901382446289, 59.440063476562507 ], [ 24.557926177978516, 59.440052032470696 ], [ 24.557943344116211, 59.440048217773438 ], [ 24.557973861694336, 59.440048217773423 ], [ 24.558017730712891, 59.440052032470696 ], [ 24.558061599731445, 59.440059661865234 ], [ 24.558084487915039, 59.44007492065429 ], [ 24.558094024658207, 59.440090179443374 ], [ 24.558084487915039, 59.44010925292968 ], [ 24.558059692382812, 59.440128326416016 ], [ 24.558059692382812, 59.440151214599624 ], [ 24.558080673217773, 59.440174102783203 ], [ 24.558109283447266, 59.440200805664062 ], [ 24.558269500732425, 59.440311431884744 ], [ 24.558290481567383, 59.44033050537108 ], [ 24.55830001831055, 59.440349578857415 ], [ 24.558307647705078, 59.44039154052733 ], [ 24.558326721191406, 59.440418243408196 ], [ 24.558355331420898, 59.440433502197259 ], [ 24.558380126953125, 59.440437316894517 ], [ 24.558435440063477, 59.440429687500007 ], [ 24.558448791503906, 59.440425872802734 ], [ 24.558525085449219, 59.44041824340821 ], [ 24.558677673339844, 59.440464019775384 ], [ 24.558692932128906, 59.440471649169922 ], [ 24.558725357055664, 59.440498352050781 ], [ 24.558761596679691, 59.440505981445298 ], [ 24.558794021606445, 59.440517425537109 ], [ 24.558820724487305, 59.440528869628906 ], [ 24.558830261230469, 59.440547943115241 ], [ 24.558822631835938, 59.440559387207038 ], [ 24.558797836303711, 59.440567016601562 ], [ 24.558792114257812, 59.440578460693359 ], [ 24.558795928955078, 59.440586090087905 ], [ 24.558816909790039, 59.440608978271499 ], [ 24.558837890625, 59.440624237060533 ], [ 24.558860778808594, 59.440639495849595 ], [ 24.558872222900391, 59.440639495849609 ], [ 24.558910369873047, 59.440654754638679 ], [ 24.558921813964844, 59.440662384033203 ], [ 24.558942794799805, 59.440666198730476 ], [ 24.55899810791016, 59.440666198730462 ], [ 24.559024810791019, 59.44065856933593 ], [ 24.55909538269043, 59.440662384033203 ], [ 24.559112548828125, 59.440658569335938 ], [ 24.559135437011719, 59.440658569335938 ], [ 24.55915641784668, 59.440662384033203 ], [ 24.55919075012207, 59.440673828125 ], [ 24.559259414672852, 59.440692901611335 ], [ 24.559299468994141, 59.440700531005852 ], [ 24.559333801269531, 59.440696716308594 ], [ 24.559350967407227, 59.440692901611321 ], [ 24.559371948242188, 59.440692901611335 ], [ 24.559413909912109, 59.440700531005852 ], [ 24.559465408325195, 59.440715789794915 ], [ 24.559490203857422, 59.440723419189446 ], [ 24.559539794921875, 59.440742492675781 ], [ 24.559562683105472, 59.44075775146483 ], [ 24.559598922729492, 59.44078445434571 ], [ 24.559600830078125, 59.440788269042969 ], [ 24.559637069702148, 59.44081115722657 ], [ 24.559658050537109, 59.440830230712898 ], [ 24.559665679931641, 59.44084167480468 ], [ 24.559698104858398, 59.440872192382827 ], [ 24.559736251831055, 59.440868377685554 ], [ 24.559747695922852, 59.440868377685554 ], [ 24.559835433959961, 59.440856933593771 ], [ 24.559890747070316, 59.440860748291001 ], [ 24.559911727905273, 59.440864562988281 ], [ 24.559991836547852, 59.440887451171875 ], [ 24.560028076171875, 59.440891265869134 ], [ 24.560054779052734, 59.440898895263658 ], [ 24.560066223144531, 59.440906524658196 ], [ 24.560096740722656, 59.440929412841797 ], [ 24.560138702392578, 59.440944671630874 ], [ 24.560173034667969, 59.440959930419915 ], [ 24.560205459594727, 59.440971374511705 ], [ 24.560232162475586, 59.44097900390625 ], [ 24.560251235961918, 59.44097900390625 ], [ 24.560310363769535, 59.440990447998026 ], [ 24.560321807861328, 59.440998077392571 ], [ 24.560348510742188, 59.441017150878906 ], [ 24.56037521362305, 59.441032409667976 ], [ 24.5604248046875, 59.441062927246094 ], [ 24.560443878173828, 59.441070556640632 ], [ 24.560510635375977, 59.441093444824226 ], [ 24.56062126159668, 59.44112396240233 ], [ 24.560647964477539, 59.441127777099616 ], [ 24.560665130615234, 59.44111633300782 ], [ 24.56068229675293, 59.441116333007805 ], [ 24.560735702514648, 59.441154479980483 ], [ 24.560745239257816, 59.441181182861314 ], [ 24.56074333190918, 59.441188812255866 ], [ 24.56074333190918, 59.44121170043946 ], [ 24.560752868652344, 59.441226959228516 ], [ 24.560781478881836, 59.441242218017578 ], [ 24.560810089111328, 59.441249847412109 ], [ 24.560831069946289, 59.441261291503906 ], [ 24.560857772827148, 59.441265106201158 ], [ 24.560907363891605, 59.441272735595703 ], [ 24.560934066772461, 59.441265106201172 ], [ 24.560953140258789, 59.441253662109375 ], [ 24.560964584350586, 59.441238403320312 ], [ 24.560964584350586, 59.441223144531257 ], [ 24.560955047607422, 59.441204071044922 ], [ 24.560935974121094, 59.44118499755858 ], [ 24.560914993286133, 59.441173553466783 ], [ 24.560888290405273, 59.441162109374993 ], [ 24.560878753662109, 59.441154479980483 ], [ 24.560882568359375, 59.441143035888672 ], [ 24.56089973449707, 59.441135406494141 ], [ 24.560907363891605, 59.441135406494141 ], [ 24.560962677001953, 59.441139221191413 ], [ 24.561000823974609, 59.441139221191399 ], [ 24.561031341552738, 59.441143035888672 ], [ 24.561054229736328, 59.441143035888672 ], [ 24.561086654663086, 59.44115066528321 ], [ 24.561138153076172, 59.441169738769531 ], [ 24.561164855957031, 59.441169738769517 ], [ 24.561206817626953, 59.44115066528321 ], [ 24.561220169067383, 59.441146850585938 ], [ 24.561264038085938, 59.441146850585938 ], [ 24.561344146728516, 59.441169738769531 ], [ 24.561410903930664, 59.441196441650384 ], [ 24.561437606811523, 59.441215515136705 ], [ 24.561443328857422, 59.441223144531243 ], [ 24.561454772949222, 59.441249847412102 ], [ 24.561454772949219, 59.44126892089843 ], [ 24.561450958251957, 59.44129562377929 ], [ 24.561450958251957, 59.441318511962884 ], [ 24.561456680297852, 59.44133758544919 ], [ 24.561468124389652, 59.441345214843736 ], [ 24.561494827270508, 59.441341400146491 ], [ 24.561517715454105, 59.441337585449205 ], [ 24.561555862426758, 59.441314697265618 ], [ 24.56158447265625, 59.441307067871108 ], [ 24.561607360839844, 59.441307067871087 ], [ 24.561670303344727, 59.441310882568359 ], [ 24.561687469482425, 59.441322326660142 ], [ 24.561687469482425, 59.441333770751932 ], [ 24.561670303344727, 59.441356658935547 ], [ 24.561674118041992, 59.441364288330085 ], [ 24.561687469482425, 59.441368103027344 ], [ 24.561704635620121, 59.441364288330085 ], [ 24.561735153198242, 59.441360473632812 ], [ 24.561746597290043, 59.441364288330085 ], [ 24.561773300170898, 59.441375732421882 ], [ 24.561836242675781, 59.441398620605447 ], [ 24.5618896484375, 59.441379547119141 ], [ 24.561929702758793, 59.441375732421882 ], [ 24.561956405639652, 59.441379547119141 ], [ 24.562000274658203, 59.441387176513679 ], [ 24.562038421630859, 59.441390991210938 ], [ 24.562070846557617, 59.441398620605462 ], [ 24.562177658081055, 59.441497802734375 ], [ 24.562200546264648, 59.441513061523438 ], [ 24.562231063842773, 59.441539764404304 ], [ 24.562280654907227, 59.441604614257812 ], [ 24.562297821044922, 59.441619873046847 ], [ 24.5623779296875, 59.441642761230469 ], [ 24.562406539916992, 59.441646575927727 ], [ 24.562456130981445, 59.441638946533196 ], [ 24.5625, 59.441623687744148 ], [ 24.562517166137695, 59.441596984863281 ], [ 24.562524795532227, 59.441566467285149 ], [ 24.56254768371582, 59.441509246826136 ], [ 24.562570571899414, 59.441490173339844 ], [ 24.562654495239258, 59.441448211669929 ], [ 24.562688827514648, 59.441448211669929 ], [ 24.562702178955078, 59.441459655761726 ], [ 24.562717437744141, 59.44148254394532 ], [ 24.562742233276367, 59.441493988037102 ], [ 24.562795639038089, 59.441497802734375 ], [ 24.562824249267578, 59.441474914550781 ], [ 24.562797546386719, 59.441440582275391 ], [ 24.562780380249023, 59.441425323486335 ], [ 24.562763214111332, 59.441349029541023 ], [ 24.562767028808594, 59.441322326660156 ], [ 24.562784194946289, 59.441287994384751 ], [ 24.562797546386719, 59.441272735595703 ], [ 24.56280517578125, 59.441249847412109 ], [ 24.56280517578125, 59.441234588623054 ], [ 24.562793731689453, 59.44121932983397 ], [ 24.562772750854492, 59.44121170043946 ], [ 24.562761306762695, 59.441192626953125 ], [ 24.562789916992188, 59.441162109374993 ], [ 24.56285285949707, 59.441135406494141 ], [ 24.562883377075195, 59.441131591796875 ], [ 24.562915802001953, 59.441143035888686 ], [ 24.562955856323242, 59.441146850585923 ], [ 24.563055038452148, 59.44115066528321 ], [ 24.563119888305664, 59.441146850585923 ], [ 24.563169479370117, 59.441139221191413 ], [ 24.563274383544925, 59.441135406494126 ], [ 24.563320159912109, 59.441135406494141 ], [ 24.563356399536133, 59.441143035888672 ], [ 24.563352584838867, 59.441154479980469 ], [ 24.563352584838867, 59.44117736816407 ], [ 24.563360214233398, 59.441207885742188 ], [ 24.563337326049805, 59.441215515136719 ], [ 24.563306808471683, 59.441223144531257 ], [ 24.563278198242188, 59.441238403320312 ], [ 24.563276290893555, 59.441268920898445 ], [ 24.56328010559082, 59.441341400146477 ], [ 24.563289642333984, 59.441379547119141 ], [ 24.563333511352543, 59.441421508789048 ], [ 24.563369750976562, 59.441448211669929 ], [ 24.563398361206055, 59.441467285156257 ], [ 24.563425064086918, 59.441471099853509 ], [ 24.5634765625, 59.441448211669915 ], [ 24.563426971435547, 59.441383361816406 ], [ 24.563346862792969, 59.441326141357415 ], [ 24.56334114074707, 59.441276550292955 ], [ 24.563375473022461, 59.441253662109375 ], [ 24.563432693481445, 59.441265106201158 ], [ 24.56346321105957, 59.441291809082024 ], [ 24.563516616821293, 59.44132995605468 ], [ 24.563543319702152, 59.441356658935547 ], [ 24.563577651977539, 59.441398620605462 ], [ 24.563581466674805, 59.441440582275405 ], [ 24.563602447509769, 59.441455841064453 ], [ 24.563650131225586, 59.441455841064439 ], [ 24.563741683959961, 59.441436767578132 ], [ 24.563772201538086, 59.441425323486321 ], [ 24.563840866088867, 59.441410064697251 ], [ 24.563928604125977, 59.441398620605462 ], [ 24.564035415649414, 59.441371917724595 ], [ 24.564088821411133, 59.441352844238274 ], [ 24.564155578613281, 59.441333770751953 ], [ 24.564191818237305, 59.441307067871108 ], [ 24.564212799072266, 59.441276550292955 ], [ 24.564231872558597, 59.441257476806648 ], [ 24.56427001953125, 59.441238403320312 ], [ 24.564304351806641, 59.441242218017564 ], [ 24.564313888549805, 59.441261291503899 ], [ 24.564332962036133, 59.441280364990227 ], [ 24.564367294311523, 59.441299438476534 ], [ 24.564416885375977, 59.441333770751953 ], [ 24.564430236816406, 59.44136047363282 ], [ 24.564420700073242, 59.441368103027344 ], [ 24.56434440612793, 59.441371917724609 ], [ 24.56428337097168, 59.441387176513665 ], [ 24.564279556274414, 59.441436767578118 ], [ 24.564289093017578, 59.441471099853509 ], [ 24.564315795898438, 59.441505432128899 ], [ 24.564353942871094, 59.44152450561522 ], [ 24.564386367797852, 59.441535949707017 ], [ 24.564418792724609, 59.441558837890625 ], [ 24.564434051513672, 59.441570281982422 ], [ 24.564430236816406, 59.441581726074205 ], [ 24.564395904541016, 59.441581726074205 ], [ 24.564334869384766, 59.441577911376974 ], [ 24.564294815063477, 59.44155120849608 ], [ 24.56428337097168, 59.44154357910157 ], [ 24.564218521118164, 59.441520690917962 ], [ 24.564151763916016, 59.441513061523438 ], [ 24.564062118530273, 59.44154357910157 ], [ 24.564010620117188, 59.441570281982422 ], [ 24.563993453979492, 59.441593170166001 ], [ 24.563987731933594, 59.441619873046889 ], [ 24.56401252746582, 59.441654205322266 ], [ 24.564018249511719, 59.441684722900398 ], [ 24.564001083374023, 59.44171142578125 ], [ 24.564006805419922, 59.441726684570312 ], [ 24.564010620117188, 59.441745758056634 ], [ 24.563995361328129, 59.441753387451179 ], [ 24.563962936401371, 59.441757202148438 ], [ 24.563922882080078, 59.441757202148438 ], [ 24.563899993896484, 59.441749572753892 ], [ 24.563835144042969, 59.441738128662095 ], [ 24.563787460327148, 59.441738128662109 ], [ 24.563751220703125, 59.441741943359368 ], [ 24.563669204711914, 59.441757202148438 ], [ 24.563642501831055, 59.441768646240249 ], [ 24.563634872436527, 59.441795349121108 ], [ 24.563632965087891, 59.441818237304688 ], [ 24.563634872436527, 59.441844940185533 ], [ 24.56365966796875, 59.441925048828125 ], [ 24.563663482666016, 59.441959381103516 ], [ 24.563661575317386, 59.442001342773416 ], [ 24.563650131225586, 59.442016601562507 ], [ 24.563615798950195, 59.442035675048814 ], [ 24.563594818115234, 59.442047119140625 ], [ 24.563613891601562, 59.442085266113274 ], [ 24.563663482666016, 59.442111968994141 ], [ 24.563699722290039, 59.442153930664048 ], [ 24.563695907592773, 59.442173004150405 ], [ 24.563711166381836, 59.442188262939453 ], [ 24.563722610473633, 59.442211151123047 ], [ 24.563743591308594, 59.442230224609375 ], [ 24.563798904418945, 59.44225692749022 ], [ 24.563840866088867, 59.442287445068374 ], [ 24.563882827758789, 59.44231033325196 ], [ 24.563938140869144, 59.442298889160135 ], [ 24.563993453979492, 59.442287445068352 ], [ 24.564094543457031, 59.442283630371087 ], [ 24.564182281494141, 59.442260742187493 ], [ 24.564208984375, 59.442249298095696 ], [ 24.564298629760742, 59.442234039306641 ], [ 24.564298629760742, 59.442222595214844 ], [ 24.564266204833984, 59.442203521728523 ], [ 24.564252853393555, 59.442192077636726 ], [ 24.564245223999023, 59.442180633544929 ], [ 24.56425666809082, 59.442169189453132 ], [ 24.564273834228516, 59.442165374755852 ], [ 24.564321517944336, 59.442188262939453 ], [ 24.564353942871094, 59.442188262939453 ], [ 24.564384460449219, 59.442184448242188 ], [ 24.564411163330078, 59.442176818847663 ], [ 24.564434051513672, 59.442173004150405 ], [ 24.564432144165039, 59.442192077636726 ], [ 24.564420700073242, 59.44221496582032 ], [ 24.564432144165039, 59.442218780517571 ], [ 24.564449310302734, 59.442222595214844 ], [ 24.564470291137695, 59.442226409912116 ], [ 24.564485549926758, 59.44222259521483 ], [ 24.56451416015625, 59.442218780517571 ], [ 24.564552307128906, 59.44221496582032 ], [ 24.564559936523441, 59.44221496582032 ], [ 24.564603805541992, 59.442230224609368 ], [ 24.564619064331058, 59.442234039306641 ], [ 24.564674377441406, 59.442260742187493 ], [ 24.564704895019531, 59.442279815673814 ], [ 24.564722061157227, 59.442295074462891 ], [ 24.564699172973633, 59.442306518554688 ], [ 24.564590454101562, 59.44231796264647 ], [ 24.564523696899414, 59.442340850830064 ], [ 24.564521789550781, 59.442371368408217 ], [ 24.564540863037109, 59.442409515380845 ], [ 24.5645751953125, 59.442420959472656 ], [ 24.564662933349609, 59.442420959472642 ], [ 24.564762115478516, 59.442398071289062 ], [ 24.564781188964844, 59.442378997802727 ], [ 24.5648193359375, 59.442352294921875 ], [ 24.564847946166992, 59.442340850830092 ], [ 24.564872741699219, 59.442348480224624 ], [ 24.5649528503418, 59.442344665527351 ], [ 24.565010070800781, 59.44237136840821 ], [ 24.564977645874023, 59.442398071289048 ], [ 24.564922332763672, 59.442417144775384 ], [ 24.564884185791019, 59.44242858886718 ], [ 24.56486701965332, 59.442447662353516 ], [ 24.564855575561523, 59.442462921142585 ], [ 24.564863204956055, 59.442481994628892 ], [ 24.564870834350586, 59.442497253417962 ], [ 24.564901351928711, 59.442512512207038 ], [ 24.564912796020508, 59.442512512207038 ], [ 24.5649528503418, 59.442501068115227 ], [ 24.56497955322266, 59.442501068115241 ], [ 24.565011978149418, 59.442516326904297 ], [ 24.564996719360352, 59.442531585693359 ], [ 24.564971923828125, 59.442546844482429 ], [ 24.564977645874023, 59.442558288574212 ], [ 24.56501579284668, 59.442584991455092 ], [ 24.565057754516602, 59.442607879638679 ], [ 24.565074920654297, 59.442611694335923 ], [ 24.565120697021484, 59.442607879638679 ], [ 24.565168380737305, 59.442607879638665 ], [ 24.565195083618164, 59.442615509033196 ], [ 24.565252304077148, 59.44264221191407 ], [ 24.56525993347168, 59.442684173583984 ], [ 24.565271377563477, 59.442707061767578 ], [ 24.565292358398438, 59.442710876464851 ], [ 24.565341949462891, 59.442691802978516 ], [ 24.565385818481445, 59.442687988281257 ], [ 24.56538200378418, 59.442707061767578 ], [ 24.565370559692383, 59.442722320556634 ], [ 24.565374374389648, 59.442741394042969 ], [ 24.565389633178711, 59.442771911621087 ], [ 24.565410614013672, 59.442790985107422 ], [ 24.565465927124023, 59.442813873291016 ], [ 24.565498352050781, 59.442836761474609 ], [ 24.565498352050781, 59.442852020263658 ], [ 24.565410614013672, 59.442867279052741 ], [ 24.565353393554688, 59.442863464355462 ], [ 24.565315246582031, 59.442855834960945 ], [ 24.565298080444336, 59.442855834960945 ], [ 24.565273284912109, 59.442863464355462 ], [ 24.56525993347168, 59.442874908447251 ], [ 24.565242767333984, 59.442901611328132 ], [ 24.565237045288086, 59.442920684814453 ], [ 24.565225601196289, 59.44293212890625 ], [ 24.565196990966797, 59.442951202392578 ], [ 24.565158843994141, 59.442958831787088 ], [ 24.565107345581055, 59.442951202392578 ], [ 24.565069198608398, 59.442962646484389 ], [ 24.565095901489254, 59.442993164062493 ], [ 24.565141677856445, 59.443012237548814 ], [ 24.565261840820316, 59.443012237548814 ], [ 24.565332412719727, 59.443004608154297 ], [ 24.565383911132812, 59.442996978759759 ], [ 24.565433502197266, 59.442981719970689 ], [ 24.565544128417969, 59.442974090576165 ], [ 24.565586090087891, 59.442985534667962 ], [ 24.565603256225586, 59.442996978759773 ], [ 24.565717697143555, 59.443023681640625 ], [ 24.565746307373047, 59.443046569824233 ], [ 24.565744400024414, 59.443065643310554 ], [ 24.565727233886722, 59.443088531494126 ], [ 24.565677642822266, 59.443130493164062 ], [ 24.565664291381836, 59.443149566650398 ], [ 24.565649032592773, 59.443157196044922 ], [ 24.565536499023438, 59.443164825439446 ], [ 24.565494537353516, 59.443176269531264 ], [ 24.565465927124023, 59.443191528320312 ], [ 24.565446853637695, 59.443210601806648 ], [ 24.565464019775391, 59.443225860595689 ], [ 24.565486907958984, 59.443241119384773 ], [ 24.565544128417969, 59.443252563476562 ], [ 24.565593719482422, 59.443256378173835 ], [ 24.565649032592773, 59.44325256347657 ], [ 24.565685272216797, 59.443241119384773 ], [ 24.565706253051758, 59.4432373046875 ], [ 24.565761566162109, 59.443275451660156 ], [ 24.565820693969727, 59.443294525146477 ], [ 24.565862655639648, 59.443302154541023 ], [ 24.565906524658203, 59.443302154541023 ], [ 24.565914154052734, 59.443305969238274 ], [ 24.565935134887695, 59.443321228027344 ], [ 24.565958023071293, 59.443332672119126 ], [ 24.565996170043949, 59.44334793090821 ], [ 24.566022872924805, 59.443351745605476 ], [ 24.566066741943359, 59.443363189697273 ], [ 24.566110610961918, 59.443378448486314 ], [ 24.566129684448242, 59.443397521972663 ], [ 24.566120147705082, 59.443424224853509 ], [ 24.566129684448242, 59.443447113037102 ], [ 24.566160202026367, 59.44346618652343 ], [ 24.566194534301758, 59.443485260009751 ], [ 24.566238403320316, 59.443489074707031 ], [ 24.566282272338867, 59.443473815917969 ], [ 24.566310882568359, 59.443458557128913 ], [ 24.566360473632812, 59.443450927734375 ], [ 24.56641960144043, 59.443447113037116 ], [ 24.566448211669925, 59.443443298339815 ], [ 24.566482543945312, 59.443439483642564 ], [ 24.566516876220703, 59.443431854248054 ], [ 24.566543579101566, 59.44341659545897 ], [ 24.566608428955078, 59.443412780761712 ], [ 24.566627502441406, 59.443428039550781 ], [ 24.566612243652344, 59.44346618652343 ], [ 24.56660270690918, 59.443508148193359 ], [ 24.56658935546875, 59.443553924560547 ], [ 24.566595077514648, 59.443580627441406 ], [ 24.566604614257812, 59.443603515625 ], [ 24.566616058349609, 59.443622589111321 ], [ 24.566656112670898, 59.443656921386726 ], [ 24.566682815551758, 59.44366455078125 ], [ 24.566717147827152, 59.443672180175781 ], [ 24.566814422607422, 59.443683624267585 ], [ 24.566888809204102, 59.443668365478523 ], [ 24.566905975341797, 59.443668365478523 ], [ 24.566921234130859, 59.443691253662102 ], [ 24.566909790039062, 59.443714141845696 ], [ 24.566928863525391, 59.443737030029297 ], [ 24.566984176635742, 59.443752288818352 ], [ 24.5670166015625, 59.443759918212876 ], [ 24.567115783691406, 59.443744659423828 ], [ 24.567123413085938, 59.443771362304688 ], [ 24.567131042480469, 59.443809509277337 ], [ 24.567131042480472, 59.443851470947244 ], [ 24.567144393920898, 59.443893432617195 ], [ 24.56715202331543, 59.44390869140625 ], [ 24.56724739074707, 59.44395446777343 ], [ 24.567365865100644, 59.443966121044085 ], [ 24.563317271422569, 59.440072328237399 ] ] ] } },
{ "type": "Feature", "properties": { "from_id": "118", "population": 0.0, "gravity_community": 7.2287767646684316, "gravity_education": 26.71338187435364, "gravity_essential_services": 22.945996849586354, "gravity_food_and_drink": 114.56071309312151, "gravity_healthcare": 32.393760742671518, "gravity_shelter": 49.577481573628809, "avg_gravity": 42.236685149671708, "min_tt_community": 28.0, "min_tt_education": 16.0, "min_tt_essential_services": 31.0, "min_tt_food_and_drink": 6.0, "min_tt_healthcare": 11.0, "min_tt_shelter": 5.0, "avg_tt_community": 52.413793103448278, "avg_tt_education": 52.009523809523813, "avg_tt_essential_services": 51.224719101123597, "avg_tt_food_and_drink": 53.42489270386266, "avg_tt_healthcare": 50.951612903225808, "avg_tt_shelter": 50.740540540540543, "avg_tt_all": 51.794180360287449, "n_unreachable_categories": 0, "count_community": 29.0, "count_education": 105.0, "count_essential_services": 89.0, "count_food_and_drink": 467.0, "count_healthcare": 124.0, "count_shelter": 185.0, "gravity_community_per_100": 0.0, "gravity_education_per_100": 0.0, "gravity_essential_services_per_100": 0.0, "gravity_food_and_drink_per_100": 0.0, "gravity_healthcare_per_100": 0.0, "gravity_shelter_per_100": 0.0, "shannon": 1.4817071738692691, "kl_divergence": 0.0018104311498214857, "jsd": 0.021170246358221897, "city_similarity": 0.97882975364177816 }, "geometry": { "type": "Polygon", "coordinates": [ [ [ 24.568000065232084, 59.436269478139465 ], [ 24.56875559155468, 59.436283550396453 ], [ 24.568756103515625, 59.436283111572259 ], [ 24.567642932826583, 59.435925973437982 ], [ 24.568000065232084, 59.436269478139465 ] ] ] } },
{ "type": "Feature", "properties": { "from_id": "119", "population": 0.0, "gravity_community": 10.536314524792488, "gravity_education": 35.851935013450415, "gravity_essential_services": 27.192721164330294, "gravity_food_and_drink": 158.2746002369357, "gravity_healthcare": 37.837987101891926, "gravity_shelter": 63.963184759889877, "avg_gravity": 55.609457133548453, "min_tt_community": 39.0, "min_tt_education": 10.0, "min_tt_essential_services": 29.0, "min_tt_food_and_drink": 16.0, "min_tt_healthcare": 26.0, "min_tt_shelter": 15.0, "avg_tt_community": 52.095238095238095, "avg_tt_education": 51.714285714285715, "avg_tt_essential_services": 50.088235294117645, "avg_tt_food_and_drink": 53.160246533127889, "avg_tt_healthcare": 50.541666666666664, "avg_tt_shelter": 50.669421487603309, "avg_tt_all": 51.378182298506552, "n_unreachable_categories": 0, "count_community": 42.0, "count_education": 140.0, "count_essential_services": 102.0, "count_food_and_drink": 649.0, "count_healthcare": 144.0, "count_shelter": 242.0, "gravity_community_per_100": 0.0, "gravity_education_per_100": 0.0, "gravity_essential_services_per_100": 0.0, "gravity_food_and_drink_per_100": 0.0, "gravity_healthcare_per_100": 0.0, "gravity_shelter_per_100": 0.0, "shannon": 1.4476381237620797, "kl_divergence": 0.00048548421804265446, "jsd": 0.011051382029903068, "city_similarity": 0.98894861797009692 }, "geometry": { "type": "Polygon", "coordinates": [ [ [ 24.580932763220485, 59.440399898955974 ], [ 24.589740658760284, 59.440562793982195 ], [ 24.594420578812443, 59.436758978126548 ], [ 24.591086984065129, 59.433555406432845 ], [ 24.590410232543945, 59.433719635009744 ], [ 24.586076736450199, 59.434852600097663 ], [ 24.581415176391602, 59.436058044433601 ], [ 24.577655792236328, 59.43695068359375 ], [ 24.577640533447266, 59.436920166015632 ], [ 24.577343695612026, 59.436949460864831 ], [ 24.580932763220485, 59.440399898955974 ] ] ] } },
{ "type": "Feature", "properties": { "from_id": "120", "population": 0.19141213470246632, "gravity_community": 7.3768330562703817, "gravity_education": 26.568092269193656, "gravity_essential_services": 23.106202514909871, "gravity_food_and_drink": 113.99388822227786, "gravity_healthcare": 32.146951664423121, "gravity_shelter": 49.936877348809233, "avg_gravity": 42.188140845980683, "min_tt_community": 42.0, "min_tt_education": 6.0, "min_tt_essential_services": 31.0, "min_tt_food_and_drink": 8.0, "min_tt_healthcare": 24.0, "min_tt_shelter": 9.0, "avg_tt_community": 52.633333333333333, "avg_tt_education": 52.471698113207545, "avg_tt_essential_services": 51.322222222222223, "avg_tt_food_and_drink": 53.528907922912204, "avg_tt_healthcare": 51.531746031746032, "avg_tt_shelter": 51.421875, "avg_tt_all": 52.151630437236889, "n_unreachable_categories": 0, "count_community": 30.0, "count_education": 106.0, "count_essential_services": 90.0, "count_food_and_drink": 468.0, "count_healthcare": 126.0, "count_shelter": 192.0, "gravity_community_per_100": 3853.9004163644245, "gravity_education_per_100": 13880.045959725318, "gravity_essential_services_per_100": 12071.440794924771, "gravity_food_and_drink_per_100": 59554.159614525772, "gravity_healthcare_per_100": 16794.62575055275, "gravity_shelter_per_100": 26088.668530044772, "shannon": 1.4872360936508182, "kl_divergence": 0.0020056090901756467, "jsd": 0.022275616164997451, "city_similarity": 0.9777243838350026 }, "geometry": { "type": "Polygon", "coordinates": [ [ [ 24.576250827291336, 59.444203216320687 ], [ 24.580932763220485, 59.440399898955974 ], [ 24.577343695612026, 59.436949460864831 ], [ 24.574895858764652, 59.437191009521477 ], [ 24.574897766113281, 59.437221527099609 ], [ 24.57403564453125, 59.437263488769538 ], [ 24.571769714355469, 59.437164306640625 ], [ 24.568716049194336, 59.436317443847678 ], [ 24.56875559155468, 59.436283550396453 ], [ 24.568000065232084, 59.436269478139465 ], [ 24.563317271422569, 59.440072328237399 ], [ 24.567365865100644, 59.443966121044085 ], [ 24.567480087280273, 59.443977355957053 ], [ 24.567495346069336, 59.443984985351562 ], [ 24.567520141601562, 59.444023132324226 ], [ 24.567533493041992, 59.444038391113281 ], [ 24.567535385726767, 59.444041144111672 ], [ 24.576250827291336, 59.444203216320687 ] ] ] } },
{ "type": "Feature", "properties": { "from_id": "121", "population": 1.5245883922322276, "gravity_community": 12.214802553438613, "gravity_education": 37.460603572570356, "gravity_essential_services": 27.418666532112969, "gravity_food_and_drink": 191.71620184300087, "gravity_healthcare": 38.555194301199123, "gravity_shelter": 65.490653533855522, "avg_gravity": 62.14268705602958, "min_tt_community": 39.0, "min_tt_education": 15.0, "min_tt_essential_services": 28.0, "min_tt_food_and_drink": 16.0, "min_tt_healthcare": 28.0, "min_tt_shelter": 26.0, "avg_tt_community": 52.326530612244895, "avg_tt_education": 51.595890410958901, "avg_tt_essential_services": 49.475247524752476, "avg_tt_food_and_drink": 52.797175866495508, "avg_tt_healthcare": 50.680272108843539, "avg_tt_shelter": 50.300813008130085, "avg_tt_all": 51.195988255237573, "n_unreachable_categories": 0, "count_community": 49.0, "count_education": 146.0, "count_essential_services": 101.0, "count_food_and_drink": 779.0, "count_healthcare": 147.0, "count_shelter": 246.0, "gravity_community_per_100": 801.1869049818946, "gravity_education_per_100": 2457.0962079622273, "gravity_essential_services_per_100": 1798.4307549375935, "gravity_food_and_drink_per_100": 12574.94828242129, "gravity_healthcare_per_100": 2528.8920273588401, "gravity_shelter_per_100": 4295.6285032425913, "shannon": 1.3932034262290596, "kl_divergence": 0.0056170609435869344, "jsd": 0.037561894096553049, "city_similarity": 0.96243810590344692 }, "geometry": { "type": "Polygon", "coordinates": [ [ [ 24.589740658760284, 59.440562793982195 ], [ 24.580932763220485, 59.440399898955974 ], [ 24.576250827291336, 59.444203216320687 ], [ 24.580377645504036, 59.448169895930398 ], [ 24.589187557462228, 59.448332841164628 ], [ 24.59386863442835, 59.44452905657203 ], [ 24.589740658760284, 59.440562793982195 ] ] ] } },
{ "type": "Feature", "properties": { "from_id": "122", "population": 1103.1720698481979, "gravity_community": 3.1662504737401846, "gravity_education": 14.817302789338454, "gravity_essential_services": 12.599909768317792, "gravity_food_and_drink": 35.736947373455479, "gravity_healthcare": 15.027589048100204, "gravity_shelter": 33.915545780071497, "avg_gravity": 19.210590872170602, "min_tt_community": 39.0, "min_tt_education": 12.0, "min_tt_essential_services": 33.0, "min_tt_food_and_drink": 1.0, "min_tt_healthcare": 33.0, "min_tt_shelter": 24.0, "avg_tt_community": 50.333333333333336, "avg_tt_education": 50.145454545454548, "avg_tt_essential_services": 49.651162790697676, "avg_tt_food_and_drink": 50.233082706766915, "avg_tt_healthcare": 50.473684210526315, "avg_tt_shelter": 50.640625, "avg_tt_all": 50.246223764463132, "n_unreachable_categories": 0, "count_community": 12.0, "count_education": 55.0, "count_essential_services": 44.0, "count_food_and_drink": 133.0, "count_healthcare": 57.0, "count_shelter": 128.0, "gravity_community_per_100": 0.28701329196775954, "gravity_education_per_100": 1.3431542725132073, "gravity_essential_services_per_100": 1.142152716942118, "gravity_food_and_drink_per_100": 3.2394717333963201, "gravity_healthcare_per_100": 1.3622162361460144, "gravity_shelter_per_100": 3.0743658860705612, "shannon": 1.5890634953642553, "kl_divergence": 0.070263987178407025, "jsd": 0.13236658016301431, "city_similarity": 0.86763341983698572 }, "geometry": { "type": "Polygon", "coordinates": [ [ [ 24.580377645504036, 59.448169895930398 ], [ 24.576250827291336, 59.444203216320687 ], [ 24.567535385726767, 59.444041144111672 ], [ 24.567554473876953, 59.444068908691399 ], [ 24.567564010620117, 59.444087982177734 ], [ 24.567573547363281, 59.444110870361328 ], [ 24.567571640014648, 59.444149017333984 ], [ 24.567586898803711, 59.444194793701158 ], [ 24.567609786987305, 59.444221496582017 ], [ 24.567638397216797, 59.444221496582038 ], [ 24.567691802978516, 59.444213867187507 ], [ 24.567714691162109, 59.444221496582031 ], [ 24.567741394042969, 59.444240570068359 ], [ 24.567794799804688, 59.444271087646477 ], [ 24.567821502685547, 59.444293975830071 ], [ 24.567848205566406, 59.444324493408203 ], [ 24.567907333374023, 59.444377899169929 ], [ 24.567924499511719, 59.444389343261712 ], [ 24.567960739135746, 59.444400787353487 ], [ 24.568056106567383, 59.444416046142585 ], [ 24.568130493164062, 59.444427490234382 ], [ 24.568227767944336, 59.44448089599608 ], [ 24.568256378173828, 59.444511413574212 ], [ 24.568264007568359, 59.444557189941413 ], [ 24.568279266357422, 59.44459152221679 ], [ 24.568305969238281, 59.444618225097656 ], [ 24.568330764770511, 59.444637298583977 ], [ 24.56834602355957, 59.444641113281257 ], [ 24.568395614624027, 59.444644927978516 ], [ 24.568449020385746, 59.444652557373054 ], [ 24.568477630615234, 59.444667816162124 ], [ 24.568498611450195, 59.444686889648445 ], [ 24.568552017211914, 59.444713592529297 ], [ 24.56865119934082, 59.444713592529283 ], [ 24.568723678588871, 59.444717407226562 ], [ 24.568767547607422, 59.444725036621094 ], [ 24.568817138671875, 59.444740295410142 ], [ 24.568820953369141, 59.444789886474602 ], [ 24.568836212158203, 59.444816589355462 ], [ 24.568841934204105, 59.444835662841797 ], [ 24.568855285644531, 59.444854736328125 ], [ 24.568878173828125, 59.444873809814432 ], [ 24.568881988525391, 59.444892883300767 ], [ 24.568878173828125, 59.444904327392578 ], [ 24.568878173828125, 59.444923400878913 ], [ 24.568887710571289, 59.444934844970696 ], [ 24.568881988525391, 59.44494247436522 ], [ 24.568870544433594, 59.444950103759766 ], [ 24.568881988525391, 59.444965362548814 ], [ 24.568912506103516, 59.444972991943359 ], [ 24.568984985351562, 59.444984436035156 ], [ 24.569049835205078, 59.444999694824219 ], [ 24.569133758544922, 59.445003509521477 ], [ 24.569183349609375, 59.444992065429666 ], [ 24.569211959838867, 59.444972991943359 ], [ 24.569240570068359, 59.444942474365234 ], [ 24.569244384765625, 59.444911956787124 ], [ 24.569261550903324, 59.444881439208984 ], [ 24.569324493408203, 59.444869995117173 ], [ 24.569358825683597, 59.444866180419922 ], [ 24.56938362121582, 59.444889068603523 ], [ 24.569406509399414, 59.444915771484375 ], [ 24.569398880004883, 59.444931030273423 ], [ 24.56941032409668, 59.444953918457031 ], [ 24.569452285766602, 59.444984436035135 ], [ 24.569484710693359, 59.444999694824205 ], [ 24.569517135620117, 59.445014953613274 ], [ 24.569549560546875, 59.445034027099609 ], [ 24.569572448730469, 59.445056915283203 ], [ 24.569591522216797, 59.445075988769524 ], [ 24.569677352905273, 59.445167541503892 ], [ 24.569726943969727, 59.445178985595703 ], [ 24.569789886474609, 59.445186614990234 ], [ 24.569816589355472, 59.445201873779268 ], [ 24.569862365722656, 59.445243835449226 ], [ 24.569877624511719, 59.44526672363282 ], [ 24.569904327392578, 59.445320129394531 ], [ 24.569963455200195, 59.445381164550774 ], [ 24.569992065429688, 59.445404052734361 ], [ 24.570016860961914, 59.445430755615241 ], [ 24.570018768310547, 59.445438385009751 ], [ 24.57002067565918, 59.445472717285156 ], [ 24.570014953613281, 59.445491790771491 ], [ 24.570026397705078, 59.445507049560547 ], [ 24.570062637329102, 59.445518493652344 ], [ 24.570062637329102, 59.445529937744126 ], [ 24.570041656494144, 59.445537567138679 ], [ 24.570024490356445, 59.445556640624986 ], [ 24.570028305053711, 59.445579528808608 ], [ 24.57005500793457, 59.445610046386726 ], [ 24.570104598999023, 59.445625305175781 ], [ 24.570182800292969, 59.445621490478523 ], [ 24.57026481628418, 59.445610046386712 ], [ 24.570352554321293, 59.44557952880858 ], [ 24.570432662963867, 59.445564270019524 ], [ 24.570497512817383, 59.445556640625 ], [ 24.570549011230469, 59.445556640625 ], [ 24.570611953735352, 59.445587158203125 ], [ 24.570632934570316, 59.445629119873033 ], [ 24.570665359497074, 59.445655822753913 ], [ 24.570716857910156, 59.44566726684571 ], [ 24.57075309753418, 59.445667266845696 ], [ 24.570787429809574, 59.44569015502929 ], [ 24.570846557617188, 59.445747375488267 ], [ 24.570856094360352, 59.445774078369148 ], [ 24.570856094360352, 59.445793151855455 ], [ 24.570865631103516, 59.445816040039048 ], [ 24.570890426635742, 59.445831298828118 ], [ 24.5709228515625, 59.445850372314453 ], [ 24.570930480957035, 59.445873260498033 ], [ 24.570920944213867, 59.445907592773438 ], [ 24.570898056030273, 59.445934295654297 ], [ 24.57090950012207, 59.445957183837891 ], [ 24.570926666259766, 59.445972442626946 ], [ 24.570926666259766, 59.445991516113281 ], [ 24.5709342956543, 59.446025848388658 ], [ 24.570940017700199, 59.446037292480462 ], [ 24.570951461791992, 59.446052551269531 ], [ 24.571020126342773, 59.446090698242173 ], [ 24.571048736572266, 59.446102142333977 ], [ 24.571063995361328, 59.446113586425767 ], [ 24.571069717407227, 59.446125030517585 ], [ 24.571067810058594, 59.446144104003906 ], [ 24.571044921875, 59.446189880371094 ], [ 24.571033477783203, 59.446224212646491 ], [ 24.57103157043457, 59.446247100830085 ], [ 24.571046829223633, 59.446277618408189 ], [ 24.571063995361328, 59.446296691894524 ], [ 24.571073532104492, 59.446315765380852 ], [ 24.571100234985352, 59.44634628295897 ], [ 24.571126937866211, 59.446357727050795 ], [ 24.571205139160156, 59.446361541748047 ], [ 24.571256637573242, 59.446357727050781 ], [ 24.57127571105957, 59.446361541748033 ], [ 24.57135009765625, 59.446361541748033 ], [ 24.571405410766602, 59.446357727050795 ], [ 24.571443557739258, 59.446350097656243 ], [ 24.571508407592773, 59.446346282958999 ], [ 24.571624755859375, 59.446350097656243 ], [ 24.571689605712891, 59.446353912353523 ], [ 24.571722030639648, 59.446380615234361 ], [ 24.571746826171879, 59.446434020996087 ], [ 24.57176399230957, 59.446460723876946 ], [ 24.571794509887695, 59.446495056152351 ], [ 24.571823120117191, 59.446514129638672 ], [ 24.571866989135742, 59.446506500244162 ], [ 24.571884155273438, 59.446502685546875 ], [ 24.571916580200195, 59.446502685546861 ], [ 24.571983337402347, 59.446502685546861 ], [ 24.572021484375, 59.446517944335945 ], [ 24.572053909301758, 59.446540832519538 ], [ 24.572053909301761, 59.446559906005845 ], [ 24.57200813293457, 59.446582794189467 ], [ 24.57197380065918, 59.446590423583991 ], [ 24.571901321411133, 59.446601867675774 ], [ 24.571863174438477, 59.446628570556641 ], [ 24.571830749511722, 59.44664001464843 ], [ 24.571786880493164, 59.446632385253892 ], [ 24.571760177612305, 59.446609497070312 ], [ 24.571727752685547, 59.446605682373047 ], [ 24.571710586547852, 59.446617126464844 ], [ 24.571693420410156, 59.446632385253892 ], [ 24.571681976318363, 59.4466552734375 ], [ 24.571685791015629, 59.446674346923821 ], [ 24.571697235107422, 59.446697235107401 ], [ 24.571722030639648, 59.44671630859375 ], [ 24.57183837890625, 59.446701049804659 ], [ 24.5718994140625, 59.446697235107415 ], [ 24.571966171264648, 59.446697235107415 ], [ 24.572000503540039, 59.446701049804673 ], [ 24.572025299072266, 59.446720123291023 ], [ 24.572002410888675, 59.446754455566399 ], [ 24.57197380065918, 59.446777343750007 ], [ 24.571952819824219, 59.4467964172363 ], [ 24.571952819824219, 59.44681549072267 ], [ 24.571981430053711, 59.446865081787124 ], [ 24.572013854980469, 59.446891784667969 ], [ 24.572065353393555, 59.446910858154297 ], [ 24.572092056274414, 59.446914672851562 ], [ 24.572135925292969, 59.446910858154297 ], [ 24.572162628173828, 59.4468994140625 ], [ 24.572185516357422, 59.446887969970717 ], [ 24.572208404541019, 59.446861267089837 ], [ 24.572240829467773, 59.446846008300788 ], [ 24.572271347045898, 59.446838378906257 ], [ 24.572286605834961, 59.446830749511705 ], [ 24.572292327880859, 59.446811676025376 ], [ 24.572322845458984, 59.446792602539062 ], [ 24.572399139404297, 59.446800231933601 ], [ 24.572423934936523, 59.446815490722663 ], [ 24.57244873046875, 59.446819305419922 ], [ 24.57252311706543, 59.446865081787095 ], [ 24.57274055480957, 59.446956634521463 ], [ 24.572946548461914, 59.447010040283203 ], [ 24.57304573059082, 59.447052001953132 ], [ 24.57318115234375, 59.447116851806655 ], [ 24.573274612426758, 59.447177886962884 ], [ 24.57328987121582, 59.447235107421875 ], [ 24.573329925537109, 59.447299957275398 ], [ 24.573314666748047, 59.447406768798835 ], [ 24.573226928710938, 59.447505950927734 ], [ 24.573192596435547, 59.447597503662109 ], [ 24.573268890380863, 59.447685241699219 ], [ 24.573524475097656, 59.447845458984368 ], [ 24.573614120483398, 59.447940826416016 ], [ 24.573810577392578, 59.448040008544922 ], [ 24.573982238769531, 59.44823837280272 ], [ 24.5740966796875, 59.448455810546868 ], [ 24.574312210083008, 59.448726654052727 ], [ 24.574533462524414, 59.448982238769517 ], [ 24.574981689453125, 59.449401855468757 ], [ 24.575370788574219, 59.449871063232422 ], [ 24.575681686401367, 59.450294494628892 ], [ 24.575801849365234, 59.450550079345696 ], [ 24.575889587402344, 59.4508056640625 ], [ 24.57594108581543, 59.45118713378907 ], [ 24.576000213623047, 59.451511383056641 ], [ 24.575963541159172, 59.451754755137031 ], [ 24.580377645504036, 59.448169895930398 ] ] ] } },
{ "type": "Feature", "properties": { "from_id": "123", "population": 1395.2050805130659, "gravity_community": 29.467646989642258, "gravity_education": 89.310028197648123, "gravity_essential_services": 71.912880957267518, "gravity_food_and_drink": 410.98759631162142, "gravity_healthcare": 91.816137477296934, "gravity_shelter": 153.33613446312205, "avg_gravity": 141.13840406609972, "min_tt_community": 23.0, "min_tt_education": 17.0, "min_tt_essential_services": 19.0, "min_tt_food_and_drink": 10.0, "min_tt_healthcare": 18.0, "min_tt_shelter": 16.0, "avg_tt_community": 41.738636363636367, "avg_tt_education": 43.08664259927798, "avg_tt_essential_services": 42.135514018691588, "avg_tt_food_and_drink": 40.227697536108749, "avg_tt_healthcare": 41.779411764705884, "avg_tt_shelter": 41.716483516483514, "avg_tt_all": 41.780730966484015, "n_unreachable_categories": 0, "count_community": 88.0, "count_education": 277.0, "count_essential_services": 214.0, "count_food_and_drink": 1178.0, "count_healthcare": 272.0, "count_shelter": 455.0, "gravity_community_per_100": 2.1120656311548096, "gravity_education_per_100": 6.4012115096947388, "gravity_essential_services_per_100": 5.1542874923321405, "gravity_food_and_drink_per_100": 29.457145910082755, "gravity_healthcare_per_100": 6.5808345138431497, "gravity_shelter_per_100": 10.990221911085284, "shannon": 1.4810697807548721, "kl_divergence": 0.00016530082134950117, "jsd": 0.0064144248765162226, "city_similarity": 0.99358557512348378 }, "geometry": { "type": "Polygon", "coordinates": [ [ [ 24.683558045167466, 59.422810890338994 ], [ 24.674754163439111, 59.422654349129438 ], [ 24.67008517920274, 59.426461118339532 ], [ 24.674220940289235, 59.430424894814315 ], [ 24.683026836503519, 59.430581484260223 ], [ 24.687694956784824, 59.426774248986213 ], [ 24.683558045167466, 59.422810890338994 ] ] ] } },
{ "type": "Feature", "properties": { "from_id": "124", "population": 2123.8276756588116, "gravity_community": 35.298779653112142, "gravity_education": 114.49106898201647, "gravity_essential_services": 89.068943788567424, "gravity_food_and_drink": 495.18381077767299, "gravity_healthcare": 118.04804824450585, "gravity_shelter": 189.38565670407237, "avg_gravity": 173.57938469165788, "min_tt_community": 15.0, "min_tt_education": 5.0, "min_tt_essential_services": 7.0, "min_tt_food_and_drink": 5.0, "min_tt_healthcare": 2.0, "min_tt_shelter": 3.0, "avg_tt_community": 36.725274725274723, "avg_tt_education": 36.628378378378379, "avg_tt_essential_services": 35.579185520361989, "avg_tt_food_and_drink": 35.086178861788618, "avg_tt_healthcare": 35.013888888888886, "avg_tt_shelter": 37.674044265593558, "avg_tt_all": 36.117825106714356, "n_unreachable_categories": 0, "count_community": 91.0, "count_education": 296.0, "count_essential_services": 221.0, "count_food_and_drink": 1230.0, "count_healthcare": 288.0, "count_shelter": 497.0, "gravity_community_per_100": 1.6620359578920381, "gravity_education_per_100": 5.3907890124136992, "gravity_essential_services_per_100": 4.1937933481791658, "gravity_food_and_drink_per_100": 23.315630380608301, "gravity_healthcare_per_100": 5.5582686673431425, "gravity_shelter_per_100": 8.917185649034586, "shannon": 1.4841224542836238, "kl_divergence": 0.00026957202130419109, "jsd": 0.0082071648647073572, "city_similarity": 0.99179283513529259 }, "geometry": { "type": "Polygon", "coordinates": [ [ [ 24.696499988503192, 59.426929924285446 ], [ 24.687694956784824, 59.426774248986213 ], [ 24.683026836503519, 59.430581484260223 ], [ 24.687164612616851, 59.434544860848504 ], [ 24.695971659470032, 59.434700584121529 ], [ 24.700638914714339, 59.430892882823763 ], [ 24.696499988503192, 59.426929924285446 ] ] ] } },
{ "type": "Feature", "properties": { "from_id": "125", "population": 182.04268028401344, "gravity_community": 30.907278900507954, "gravity_education": 92.514240482533879, "gravity_essential_services": 71.270307450378198, "gravity_food_and_drink": 407.4957593167918, "gravity_healthcare": 92.698535372832737, "gravity_shelter": 150.9456360952656, "avg_gravity": 140.97195960305169, "min_tt_community": 16.0, "min_tt_education": 14.0, "min_tt_essential_services": 15.0, "min_tt_food_and_drink": 14.0, "min_tt_healthcare": 9.0, "min_tt_shelter": 13.0, "avg_tt_community": 40.25, "avg_tt_education": 41.756363636363638, "avg_tt_essential_services": 41.642857142857146, "avg_tt_food_and_drink": 40.10197086546701, "avg_tt_healthcare": 40.823970037453186, "avg_tt_shelter": 41.240362811791385, "avg_tt_all": 40.96925408232206, "n_unreachable_categories": 0, "count_community": 88.0, "count_education": 275.0, "count_essential_services": 210.0, "count_food_and_drink": 1168.0, "count_healthcare": 267.0, "count_shelter": 441.0, "gravity_community_per_100": 16.978039903767645, "gravity_education_per_100": 50.820082597222815, "gravity_essential_services_per_100": 39.150328559866296, "gravity_food_and_drink_per_100": 223.84627532457677, "gravity_healthcare_per_100": 50.92131978512365, "gravity_shelter_per_100": 82.917717899872784, "shannon": 1.4791334203416249, "kl_divergence": 0.00023338409348026661, "jsd": 0.0076215381678295252, "city_similarity": 0.99237846183217049 }, "geometry": { "type": "Polygon", "coordinates": [ [ [ 24.709445095989413, 59.431047691915609 ], [ 24.700638914714339, 59.430892882823763 ], [ 24.695971659470032, 59.434700584121529 ], [ 24.700111451259357, 59.438663560485828 ], [ 24.708919648317831, 59.438818417288765 ], [ 24.713586037442681, 59.435010250007622 ], [ 24.709445095989413, 59.431047691915609 ] ] ] } },
{ "type": "Feature", "properties": { "from_id": "126", "population": 2340.4534584574199, "gravity_community": 27.171283255742438, "gravity_education": 82.299138898304861, "gravity_essential_services": 62.552308702279376, "gravity_food_and_drink": 372.07862064750145, "gravity_healthcare": 83.127908734089928, "gravity_shelter": 134.92993765790982, "avg_gravity": 127.02653298263799, "min_tt_community": 26.0, "min_tt_education": 9.0, "min_tt_essential_services": 22.0, "min_tt_food_and_drink": 6.0, "min_tt_healthcare": 16.0, "min_tt_shelter": 15.0, "avg_tt_community": 43.4, "avg_tt_education": 44.827715355805246, "avg_tt_essential_services": 43.415384615384617, "avg_tt_food_and_drink": 42.483304042179263, "avg_tt_healthcare": 43.348837209302324, "avg_tt_shelter": 44.163170163170165, "avg_tt_all": 43.606401897640268, "n_unreachable_categories": 0, "count_community": 85.0, "count_education": 267.0, "count_essential_services": 195.0, "count_food_and_drink": 1139.0, "count_healthcare": 258.0, "count_shelter": 429.0, "gravity_community_per_100": 1.160940977380122, "gravity_education_per_100": 3.5163757946525362, "gravity_essential_services_per_100": 2.6726576628234797, "gravity_food_and_drink_per_100": 15.897715004883558, "gravity_healthcare_per_100": 3.5517864469255063, "gravity_shelter_per_100": 5.7651194545368742, "shannon": 1.4731916957840823, "kl_divergence": 0.00018657298247138146, "jsd": 0.0068129581240867453, "city_similarity": 0.99318704187591322 }, "geometry": { "type": "Polygon", "coordinates": [ [ [ 24.682495341696576, 59.438352065952763 ], [ 24.687164612616851, 59.434544860848504 ], [ 24.683026836503519, 59.430581484260223 ], [ 24.674220940289235, 59.430424894814315 ], [ 24.671711839209877, 59.432470251848052 ], [ 24.671768188476562, 59.432472229003906 ], [ 24.671802520751953, 59.432483673095703 ], [ 24.671852111816406, 59.432479858398452 ], [ 24.671890258789062, 59.432464599609368 ], [ 24.671957015991211, 59.432479858398423 ], [ 24.672040939331055, 59.43251037597657 ], [ 24.672130584716797, 59.432495117187472 ], [ 24.67216682434082, 59.432468414306655 ], [ 24.672222137451172, 59.432449340820305 ], [ 24.672296524047852, 59.432456970214844 ], [ 24.672374725341797, 59.432456970214844 ], [ 24.672416687011719, 59.432422637939439 ], [ 24.672428131103519, 59.432403564453118 ], [ 24.672504425048828, 59.432395935058594 ], [ 24.672580718994141, 59.432426452636712 ], [ 24.67262077331543, 59.432476043701165 ], [ 24.672697067260742, 59.43251037597657 ], [ 24.672740936279297, 59.432556152343736 ], [ 24.672727584838867, 59.432617187500007 ], [ 24.672763824462891, 59.432720184326158 ], [ 24.672927856445312, 59.432720184326172 ], [ 24.672983169555664, 59.432739257812486 ], [ 24.673036575317383, 59.432735443115227 ], [ 24.673139572143558, 59.432716369628906 ], [ 24.673229217529297, 59.432727813720703 ], [ 24.673238754272461, 59.43278503417968 ], [ 24.673227310180664, 59.432849884033203 ], [ 24.673234939575195, 59.432895660400391 ], [ 24.673250198364258, 59.432933807373054 ], [ 24.673259735107422, 59.43294525146483 ], [ 24.673336029052734, 59.432968139648423 ], [ 24.673368453979492, 59.432983398437507 ], [ 24.673452377319339, 59.433002471923814 ], [ 24.67353630065918, 59.432994842529304 ], [ 24.673591613769535, 59.432983398437493 ], [ 24.673635482788086, 59.43297195434571 ], [ 24.673717498779297, 59.432941436767578 ], [ 24.673778533935547, 59.432941436767578 ], [ 24.673784255981445, 59.432956695556641 ], [ 24.673788070678711, 59.432964324951172 ], [ 24.673772811889648, 59.432983398437493 ], [ 24.673744201660156, 59.433002471923828 ], [ 24.673542022705078, 59.433055877685554 ], [ 24.673505783081055, 59.433078765869162 ], [ 24.673486709594727, 59.433109283447273 ], [ 24.673530578613281, 59.433147430419908 ], [ 24.673580169677738, 59.433158874511705 ], [ 24.673599243164066, 59.433193206787095 ], [ 24.673635482788086, 59.43321609497071 ], [ 24.673728942871094, 59.433238983154311 ], [ 24.673837661743164, 59.433258056640625 ], [ 24.673854827880859, 59.433280944824212 ], [ 24.673816680908203, 59.433307647705064 ], [ 24.673803329467773, 59.43333816528321 ], [ 24.673828125, 59.433383941650369 ], [ 24.673788070678711, 59.433437347412095 ], [ 24.673765182495117, 59.4334716796875 ], [ 24.673763275146484, 59.433513641357415 ], [ 24.673807144165039, 59.433567047119126 ], [ 24.673904418945312, 59.433570861816378 ], [ 24.673954010009766, 59.433582305908203 ], [ 24.674047470092773, 59.433582305908189 ], [ 24.674190521240238, 59.433578491210916 ], [ 24.674263000488281, 59.433605194091797 ], [ 24.674371719360355, 59.433612823486328 ], [ 24.674444198608398, 59.433612823486328 ], [ 24.674570083618164, 59.433639526367188 ], [ 24.674556732177734, 59.433708190917969 ], [ 24.674610137939453, 59.433773040771491 ], [ 24.674716949462891, 59.433811187744134 ], [ 24.674736022949219, 59.433776855468757 ], [ 24.674726486206058, 59.433700561523438 ], [ 24.674850463867191, 59.433681488037116 ], [ 24.674835205078125, 59.433738708496087 ], [ 24.674863815307617, 59.433769226074205 ], [ 24.674915313720703, 59.433780670166016 ], [ 24.674898147583008, 59.433837890625 ], [ 24.674907684326172, 59.433902740478501 ], [ 24.674905776977539, 59.433940887451165 ], [ 24.674909591674808, 59.433948516845689 ], [ 24.674900054931641, 59.433971405029283 ], [ 24.674869537353516, 59.43402481079103 ], [ 24.674911499023438, 59.434055328369141 ], [ 24.675031661987305, 59.434074401855469 ], [ 24.675054550170902, 59.434104919433587 ], [ 24.674997329711918, 59.434127807617173 ], [ 24.674942016601562, 59.434169769287109 ], [ 24.674972534179688, 59.434200286865213 ], [ 24.675127029418945, 59.434219360351577 ], [ 24.675191879272461, 59.43426513671875 ], [ 24.675201416015625, 59.434314727783203 ], [ 24.675197601318359, 59.434364318847642 ], [ 24.67523193359375, 59.434391021728509 ], [ 24.675361633300781, 59.434421539306641 ], [ 24.675464630126953, 59.434448242187507 ], [ 24.675573348999023, 59.434467315673842 ], [ 24.675624847412113, 59.434482574462884 ], [ 24.675701141357422, 59.434490203857422 ], [ 24.675756454467773, 59.434478759765639 ], [ 24.675849914550781, 59.434490203857422 ], [ 24.675998687744141, 59.434501647949219 ], [ 24.676130294799805, 59.434490203857408 ], [ 24.676229476928711, 59.434482574462884 ], [ 24.676273345947266, 59.434501647949219 ], [ 24.67633056640625, 59.434558868408203 ], [ 24.67646598815918, 59.434562683105469 ], [ 24.676530838012695, 59.434558868408203 ], [ 24.676614761352543, 59.434562683105483 ], [ 24.676662445068359, 59.434585571289062 ], [ 24.676681518554688, 59.434612274169908 ], [ 24.676713943481445, 59.434635162353487 ], [ 24.676717758178711, 59.434669494628892 ], [ 24.6767578125, 59.4346923828125 ], [ 24.676803588867188, 59.434734344482429 ], [ 24.676855087280273, 59.434757232666023 ], [ 24.676908493041992, 59.434734344482429 ], [ 24.676977157592773, 59.434684753417962 ], [ 24.677045822143555, 59.434669494628906 ], [ 24.677160263061523, 59.434654235839844 ], [ 24.677244186401371, 59.43465423583983 ], [ 24.67735481262207, 59.434665679931641 ], [ 24.677404403686523, 59.434665679931641 ], [ 24.677452087402347, 59.43465423583983 ], [ 24.677490234375, 59.434642791748033 ], [ 24.677522659301758, 59.434593200683587 ], [ 24.677513122558597, 59.434532165527365 ], [ 24.677549362182617, 59.434471130371065 ], [ 24.677556991577148, 59.434425354003913 ], [ 24.677589416503906, 59.434398651123033 ], [ 24.677650451660156, 59.434356689453132 ], [ 24.677679061889648, 59.434329986572259 ], [ 24.677713394165039, 59.434310913085938 ], [ 24.677785873413086, 59.434261322021477 ], [ 24.677837371826172, 59.434219360351562 ], [ 24.67793083190918, 59.434139251708977 ], [ 24.678012847900391, 59.434112548828125 ], [ 24.678068161010742, 59.434143066406257 ], [ 24.678115844726566, 59.434173583984347 ], [ 24.678201675415043, 59.434196472167955 ], [ 24.678245544433594, 59.434219360351562 ], [ 24.678237915039062, 59.434261322021491 ], [ 24.678205490112305, 59.434284210205071 ], [ 24.678159713745117, 59.434307098388679 ], [ 24.678071975708008, 59.434337615966797 ], [ 24.678020477294922, 59.434371948242188 ], [ 24.677974700927734, 59.434394836425781 ], [ 24.677906036376953, 59.434440612792969 ], [ 24.677751541137695, 59.434497833251967 ], [ 24.67772102355957, 59.434524536132798 ], [ 24.677736282348633, 59.434570312499993 ], [ 24.677658081054691, 59.434623718261705 ], [ 24.677583694458008, 59.434707641601548 ], [ 24.677621841430664, 59.434841156005866 ], [ 24.677698135375977, 59.434890747070312 ], [ 24.677728652954102, 59.434906005859375 ], [ 24.677814483642578, 59.434974670410156 ], [ 24.677843093872074, 59.435009002685533 ], [ 24.677785873413086, 59.435035705566406 ], [ 24.677610397338867, 59.435001373291023 ], [ 24.67750358581543, 59.434963226318345 ], [ 24.67742919921875, 59.434997558593764 ], [ 24.677345275878906, 59.434982299804695 ], [ 24.67727088928223, 59.43499755859375 ], [ 24.677200317382812, 59.435031890869134 ], [ 24.677085876464844, 59.435024261474609 ], [ 24.676998138427738, 59.435047149658203 ], [ 24.676910400390629, 59.435050964355476 ], [ 24.676794052124023, 59.43504333496093 ], [ 24.676736831665039, 59.435039520263679 ], [ 24.676628112792969, 59.435016632080085 ], [ 24.676540374755859, 59.435024261474609 ], [ 24.676534652709961, 59.435050964355462 ], [ 24.676517486572266, 59.435089111328118 ], [ 24.676509857177734, 59.435123443603523 ], [ 24.676528930664062, 59.435142517089844 ], [ 24.676568984985352, 59.435161590576172 ], [ 24.676677703857422, 59.435184478759773 ], [ 24.676763534545898, 59.435214996337876 ], [ 24.676847457885746, 59.435249328613267 ], [ 24.676990509033203, 59.435371398925774 ], [ 24.677017211914062, 59.435417175292962 ], [ 24.677120208740238, 59.435451507568352 ], [ 24.677141189575195, 59.435455322265632 ], [ 24.677240371704102, 59.43550872802733 ], [ 24.67735481262207, 59.435550689697273 ], [ 24.677379608154297, 59.43561935424804 ], [ 24.677471160888672, 59.435661315917955 ], [ 24.677593231201172, 59.435657501220703 ], [ 24.677743911743164, 59.435668945312507 ], [ 24.677724838256836, 59.435638427734361 ], [ 24.677780151367188, 59.435638427734375 ], [ 24.677858352661133, 59.435642242431648 ], [ 24.677951812744141, 59.435657501220682 ], [ 24.678005218505859, 59.435672760009766 ], [ 24.67805099487305, 59.435726165771506 ], [ 24.678071975708008, 59.435745239257798 ], [ 24.678153991699219, 59.435783386230462 ], [ 24.678224563598633, 59.435806274414048 ], [ 24.678285598754883, 59.43584442138674 ], [ 24.678401947021484, 59.435852050781236 ], [ 24.678546905517578, 59.435871124267578 ], [ 24.678621292114261, 59.435951232910149 ], [ 24.678590774536133, 59.43604660034179 ], [ 24.678495407104492, 59.436122894287095 ], [ 24.67845344543457, 59.436172485351555 ], [ 24.678485870361328, 59.43623352050782 ], [ 24.678634643554688, 59.436248779296875 ], [ 24.678749084472656, 59.436237335205078 ], [ 24.678878784179688, 59.43627548217772 ], [ 24.678977966308594, 59.436325073242188 ], [ 24.679080963134766, 59.436374664306634 ], [ 24.679267883300781, 59.436527252197259 ], [ 24.6793212890625, 59.436557769775376 ], [ 24.679353713989258, 59.436573028564453 ], [ 24.679374694824219, 59.436592102050774 ], [ 24.679397583007812, 59.436614990234354 ], [ 24.679458618164062, 59.436679840087891 ], [ 24.679492950439453, 59.436717987060568 ], [ 24.679576873779297, 59.436744689941399 ], [ 24.679784774780273, 59.436809539794922 ], [ 24.679840087890625, 59.436840057373061 ], [ 24.679876327514648, 59.436862945556648 ], [ 24.67991828918457, 59.436885833740227 ], [ 24.679969787597656, 59.436916351318359 ], [ 24.680032730102539, 59.436954498291023 ], [ 24.680097579956055, 59.436992645263665 ], [ 24.680173873901367, 59.437053680419908 ], [ 24.680255889892578, 59.437107086181626 ], [ 24.680349349975586, 59.437183380126953 ], [ 24.680431365966797, 59.437263488769538 ], [ 24.680507659912109, 59.437335968017578 ], [ 24.68061637878418, 59.437435150146484 ], [ 24.680715560913086, 59.437534332275398 ], [ 24.680822372436523, 59.4376220703125 ], [ 24.680891036987308, 59.437690734863281 ], [ 24.680929183959964, 59.437770843505852 ], [ 24.680971145629883, 59.437873840332031 ], [ 24.681032180786133, 59.437969207763658 ], [ 24.681159973144535, 59.438102722167976 ], [ 24.681238174438477, 59.438262939453125 ], [ 24.681259389977296, 59.438330122002967 ], [ 24.682495341696576, 59.438352065952763 ] ] ] } },
{ "type": "Feature", "properties": { "from_id": "127", "population": 1881.0223476665485, "gravity_community": 26.860381587241104, "gravity_education": 80.266550751716792, "gravity_essential_services": 57.674601763463805, "gravity_food_and_drink": 357.74108451343596, "gravity_healthcare": 79.395713045304419, "gravity_shelter": 128.13128269005983, "avg_gravity": 121.678269058537, "min_tt_community": 13.0, "min_tt_education": 11.0, "min_tt_essential_services": 20.0, "min_tt_food_and_drink": 11.0, "min_tt_healthcare": 16.0, "min_tt_shelter": 10.0, "avg_tt_community": 41.9, "avg_tt_education": 45.215384615384615, "avg_tt_essential_services": 43.994505494505496, "avg_tt_food_and_drink": 42.13573407202216, "avg_tt_healthcare": 44.420634920634917, "avg_tt_shelter": 44.621951219512198, "avg_tt_all": 43.714701720343236, "n_unreachable_categories": 0, "count_community": 80.0, "count_education": 260.0, "count_essential_services": 182.0, "count_food_and_drink": 1084.0, "count_healthcare": 252.0, "count_shelter": 410.0, "gravity_community_per_100": 1.4279671701169327, "gravity_education_per_100": 4.2671768813001769, "gravity_essential_services_per_100": 3.0661305983424638, "gravity_food_and_drink_per_100": 19.018438827014574, "gravity_healthcare_per_100": 4.22088090254731, "gravity_shelter_per_100": 6.8117894956968277, "shannon": 1.4749124720840445, "kl_divergence": 0.00032453628534203326, "jsd": 0.008995318488693867, "city_similarity": 0.99100468151130616 }, "geometry": { "type": "Polygon", "coordinates": [ [ [ 24.695971659470032, 59.434700584121529 ], [ 24.687164612616851, 59.434544860848504 ], [ 24.682495341696576, 59.438352065952763 ], [ 24.686633982739085, 59.442315460492715 ], [ 24.695443045809686, 59.442471231761488 ], [ 24.700111451259357, 59.438663560485828 ], [ 24.695971659470032, 59.434700584121529 ] ] ] } },
{ "type": "Feature", "properties": { "from_id": "128", "population": 2888.4444274016441, "gravity_community": 42.089224347237248, "gravity_education": 130.14137342167993, "gravity_essential_services": 95.334158747052115, "gravity_food_and_drink": 545.93569958581224, "gravity_healthcare": 126.4440298436883, "gravity_shelter": 213.61734320140414, "avg_gravity": 192.26030485781234, "min_tt_community": 5.0, "min_tt_education": 2.0, "min_tt_essential_services": 6.0, "min_tt_food_and_drink": 1.0, "min_tt_healthcare": 6.0, "min_tt_shelter": 1.0, "avg_tt_community": 31.829787234042552, "avg_tt_education": 33.957654723127035, "avg_tt_essential_services": 33.547511312217196, "avg_tt_food_and_drink": 31.723524656426839, "avg_tt_healthcare": 33.311864406779662, "avg_tt_shelter": 34.641025641025642, "avg_tt_all": 33.168561328936484, "n_unreachable_categories": 0, "count_community": 94.0, "count_education": 307.0, "count_essential_services": 222.0, "count_food_and_drink": 1238.0, "count_healthcare": 295.0, "count_shelter": 508.0, "gravity_community_per_100": 1.4571588758278247, "gravity_education_per_100": 4.5055868891599591, "gravity_essential_services_per_100": 3.3005363663102147, "gravity_food_and_drink_per_100": 18.900682125185259, "gravity_healthcare_per_100": 4.3775822253722039, "gravity_shelter_per_100": 7.39558432126623, "shannon": 1.4898891413963191, "kl_divergence": 0.0005588503444842333, "jsd": 0.011809923567677323, "city_similarity": 0.98819007643232271 }, "geometry": { "type": "Polygon", "coordinates": [ [ [ 24.708919648317831, 59.438818417288765 ], [ 24.700111451259357, 59.438663560485828 ], [ 24.695443045809686, 59.442471231761488 ], [ 24.699583703611189, 59.446434225962371 ], [ 24.708393917536185, 59.446589130498211 ], [ 24.713061456431983, 59.442780993091574 ], [ 24.708919648317831, 59.438818417288765 ] ] ] } },
{ "type": "Feature", "properties": { "from_id": "129", "population": 83.037530673145881, "gravity_community": 30.36658461564349, "gravity_education": 89.533317087048374, "gravity_essential_services": 66.464444806752965, "gravity_food_and_drink": 407.28661835726388, "gravity_healthcare": 87.619325987830308, "gravity_shelter": 144.45938267812207, "avg_gravity": 137.62161225544352, "min_tt_community": 11.0, "min_tt_education": 12.0, "min_tt_essential_services": 17.0, "min_tt_food_and_drink": 4.0, "min_tt_healthcare": 17.0, "min_tt_shelter": 5.0, "avg_tt_community": 39.357142857142854, "avg_tt_education": 43.07692307692308, "avg_tt_essential_services": 42.772277227722775, "avg_tt_food_and_drink": 39.762402088772845, "avg_tt_healthcare": 42.703007518796994, "avg_tt_shelter": 42.965909090909093, "avg_tt_all": 41.772943643377936, "n_unreachable_categories": 0, "count_community": 84.0, "count_education": 273.0, "count_essential_services": 202.0, "count_food_and_drink": 1150.0, "count_healthcare": 266.0, "count_shelter": 440.0, "gravity_community_per_100": 36.569710550730484, "gravity_education_per_100": 107.82271144293941, "gravity_essential_services_per_100": 80.041451459306685, "gravity_food_and_drink_per_100": 490.4849831824049, "gravity_healthcare_per_100": 105.51774032481696, "gravity_shelter_per_100": 173.96878436420059, "shannon": 1.4772888571878262, "kl_divergence": 0.00013588502071109612, "jsd": 0.0058187688664945465, "city_similarity": 0.99418123113350543 }, "geometry": { "type": "Polygon", "coordinates": [ [ [ 24.686633982739085, 59.442315460492715 ], [ 24.682495341696576, 59.438352065952763 ], [ 24.681259389977296, 59.438330122002967 ], [ 24.68126106262207, 59.438335418701179 ], [ 24.681327819824219, 59.438442230224602 ], [ 24.681350708007812, 59.438518524169922 ], [ 24.681383132934574, 59.438613891601555 ], [ 24.681428909301761, 59.438697814941385 ], [ 24.68143463134766, 59.438766479492188 ], [ 24.681461334228519, 59.43883895874022 ], [ 24.681510925292969, 59.438938140869141 ], [ 24.681556701660156, 59.43902969360353 ], [ 24.681625366210938, 59.439136505126939 ], [ 24.681690216064453, 59.439247131347663 ], [ 24.681732177734375, 59.439331054687507 ], [ 24.681772232055664, 59.439422607421875 ], [ 24.681800842285156, 59.439483642578118 ], [ 24.681844711303711, 59.439571380615249 ], [ 24.681863784790039, 59.439636230468736 ], [ 24.681909561157227, 59.439704895019531 ], [ 24.681947708129883, 59.439773559570298 ], [ 24.681985855102539, 59.439853668212898 ], [ 24.682018280029297, 59.439895629882812 ], [ 24.682073593139648, 59.439960479736328 ], [ 24.682092666625977, 59.440090179443359 ], [ 24.682174682617188, 59.440185546874993 ], [ 24.682243347167969, 59.440361022949226 ], [ 24.682334899902344, 59.440483093261705 ], [ 24.682416915893555, 59.440628051757812 ], [ 24.682525634765625, 59.440811157226555 ], [ 24.682590484619141, 59.440879821777351 ], [ 24.682619094848633, 59.440975189208991 ], [ 24.682746887207035, 59.441272735595703 ], [ 24.682893753051758, 59.441482543945305 ], [ 24.683074951171879, 59.441818237304688 ], [ 24.683185577392578, 59.442012786865192 ], [ 24.683345794677734, 59.442260742187486 ], [ 24.683565139770508, 59.442634582519531 ], [ 24.683769226074222, 59.442955017089844 ], [ 24.683916091918945, 59.443233489990241 ], [ 24.683921813964844, 59.44329833984375 ], [ 24.683973312377933, 59.443389892578125 ], [ 24.683996200561527, 59.44347000122071 ], [ 24.684022903442383, 59.443550109863274 ], [ 24.684062957763672, 59.443649291992188 ], [ 24.684131622314453, 59.443771362304688 ], [ 24.684162139892578, 59.443862915039048 ], [ 24.684177398681644, 59.443954467773416 ], [ 24.684200286865234, 59.444061279296882 ], [ 24.684230804443359, 59.444133758544915 ], [ 24.68426513671875, 59.444244384765611 ], [ 24.684265854085421, 59.444246010802907 ], [ 24.686633982739085, 59.442315460492715 ] ] ] } },
{ "type": "Feature", "properties": { "from_id": "130", "population": 512.21048715596214, "gravity_community": 33.812413235888478, "gravity_education": 99.873841476263081, "gravity_essential_services": 74.117917978542096, "gravity_food_and_drink": 444.94181178012934, "gravity_healthcare": 96.936709313089025, "gravity_shelter": 158.29340090226125, "avg_gravity": 151.32934911436223, "min_tt_community": 4.0, "min_tt_education": 4.0, "min_tt_essential_services": 3.0, "min_tt_food_and_drink": 2.0, "min_tt_healthcare": 3.0, "min_tt_shelter": 7.0, "avg_tt_community": 37.545454545454547, "avg_tt_education": 40.50359712230216, "avg_tt_essential_services": 41.353488372093025, "avg_tt_food_and_drink": 37.728499156829677, "avg_tt_healthcare": 40.797833935018048, "avg_tt_shelter": 40.925274725274726, "avg_tt_all": 39.809024642828696, "n_unreachable_categories": 0, "count_community": 88.0, "count_education": 279.0, "count_essential_services": 215.0, "count_food_and_drink": 1186.0, "count_healthcare": 277.0, "count_shelter": 455.0, "gravity_community_per_100": 6.601273125747813, "gravity_education_per_100": 19.498593640831228, "gravity_essential_services_per_100": 14.470207041265452, "gravity_food_and_drink_per_100": 86.866985924216294, "gravity_healthcare_per_100": 18.925170753790702, "gravity_shelter_per_100": 30.903975000820854, "shannon": 1.4811251351038701, "kl_divergence": 0.00018352803000999977, "jsd": 0.0067632156830335476, "city_similarity": 0.99323678431696649 }, "geometry": { "type": "Polygon", "coordinates": [ [ [ 24.686103066935615, 59.450086047918006 ], [ 24.694914147307045, 59.450241867204511 ], [ 24.699583703611189, 59.446434225962371 ], [ 24.695443045809686, 59.442471231761488 ], [ 24.686633982739085, 59.442315460492715 ], [ 24.684265854085421, 59.444246010802907 ], [ 24.684322357177734, 59.444374084472642 ], [ 24.684347152709961, 59.444541931152337 ], [ 24.684337615966797, 59.444686889648445 ], [ 24.684322357177734, 59.44482421875 ], [ 24.684310913085938, 59.445060729980476 ], [ 24.684305191040039, 59.445220947265618 ], [ 24.684322357177734, 59.445396423339851 ], [ 24.684316635131836, 59.445526123046882 ], [ 24.684314727783203, 59.445766448974595 ], [ 24.684282302856445, 59.445930480957031 ], [ 24.684240341186523, 59.44609069824218 ], [ 24.684160232543945, 59.446289062500014 ], [ 24.68400764465332, 59.446746826171875 ], [ 24.68388557434082, 59.44718933105468 ], [ 24.683849334716797, 59.447322845458991 ], [ 24.683839797973633, 59.447406768798842 ], [ 24.683835983276367, 59.447452545166023 ], [ 24.683795928955082, 59.447605133056648 ], [ 24.683782577514652, 59.44773864746093 ], [ 24.683774948120117, 59.447826385498047 ], [ 24.683772267752676, 59.447854529404935 ], [ 24.686103066935615, 59.450086047918006 ] ] ] } },
{ "type": "Feature", "properties": { "from_id": "131", "population": 4314.6180562555046, "gravity_community": 26.122270458654345, "gravity_education": 73.407132687593673, "gravity_essential_services": 51.753620060139966, "gravity_food_and_drink": 363.29177222851195, "gravity_healthcare": 70.758328615294232, "gravity_shelter": 106.69235588719864, "avg_gravity": 115.33757998956547, "min_tt_community": 12.0, "min_tt_education": 9.0, "min_tt_essential_services": 10.0, "min_tt_food_and_drink": 6.0, "min_tt_healthcare": 9.0, "min_tt_shelter": 16.0, "avg_tt_community": 39.361111111111114, "avg_tt_education": 44.598253275109172, "avg_tt_essential_services": 43.375, "avg_tt_food_and_drink": 40.364683301343568, "avg_tt_healthcare": 44.348214285714285, "avg_tt_shelter": 45.184438040345825, "avg_tt_all": 42.871950002270658, "n_unreachable_categories": 0, "count_community": 72.0, "count_education": 230.0, "count_essential_services": 160.0, "count_food_and_drink": 1042.0, "count_healthcare": 224.0, "count_shelter": 347.0, "gravity_community_per_100": 0.60543645157144876, "gravity_education_per_100": 1.7013587698954047, "gravity_essential_services_per_100": 1.1994948193642658, "gravity_food_and_drink_per_100": 8.4200215984772306, "gravity_healthcare_per_100": 1.6399673781716553, "gravity_shelter_per_100": 2.4728111386942313, "shannon": 1.4433157914359009, "kl_divergence": 0.0016784592891912822, "jsd": 0.020571461354660297, "city_similarity": 0.97942853864533974 }, "geometry": { "type": "MultiPolygon", "coordinates": [ [ [ [ 24.672619546620833, 59.453736458360986 ], [ 24.681431492788672, 59.453893192648529 ], [ 24.686103066935615, 59.450086047918006 ], [ 24.683772267752676, 59.447854529404935 ], [ 24.683767318725586, 59.447906494140625 ], [ 24.683731079101566, 59.44804382324218 ], [ 24.683700561523438, 59.44814300537108 ], [ 24.683629989624023, 59.448307037353516 ], [ 24.683551788330078, 59.448490142822259 ], [ 24.68354606628418, 59.448574066162116 ], [ 24.683429718017578, 59.448905944824212 ], [ 24.683399200439453, 59.448989868164055 ], [ 24.683364868164062, 59.449062347412109 ], [ 24.683328628540043, 59.449146270751939 ], [ 24.683294296264648, 59.449199676513665 ], [ 24.683229446411136, 59.449256896972628 ], [ 24.683170318603516, 59.449314117431626 ], [ 24.683122634887695, 59.449359893798828 ], [ 24.68309211730957, 59.449378967285163 ], [ 24.683042526245117, 59.449409484863267 ], [ 24.682956695556644, 59.44945144653321 ], [ 24.68287467956543, 59.449493408203111 ], [ 24.68275260925293, 59.449539184570312 ], [ 24.682613372802738, 59.449592590332024 ], [ 24.6824951171875, 59.449645996093736 ], [ 24.682306289672852, 59.44972229003907 ], [ 24.682119369506836, 59.449794769287124 ], [ 24.681884765625, 59.449859619140611 ], [ 24.681547164916992, 59.449985504150391 ], [ 24.681333541870117, 59.450050354003899 ], [ 24.681188583374023, 59.450084686279297 ], [ 24.681015014648441, 59.450153350830064 ], [ 24.680774688720703, 59.450237274169908 ], [ 24.680557250976562, 59.450279235839837 ], [ 24.680421829223633, 59.450294494628892 ], [ 24.680305480957031, 59.450313568115241 ], [ 24.680219650268555, 59.450325012207024 ], [ 24.680149078369141, 59.450340270996094 ], [ 24.680038452148438, 59.450351715087891 ], [ 24.679906845092777, 59.450370788574212 ], [ 24.679798126220703, 59.450382232665994 ], [ 24.679698944091797, 59.450389862060533 ], [ 24.679574966430664, 59.450401306152344 ], [ 24.679426193237305, 59.45040130615233 ], [ 24.6793212890625, 59.450405120849602 ], [ 24.679225921630863, 59.450405120849595 ], [ 24.679134368896484, 59.450405120849595 ], [ 24.679048538208008, 59.450382232666009 ], [ 24.678997039794922, 59.450359344482429 ], [ 24.678936004638672, 59.450347900390632 ], [ 24.678869247436523, 59.450332641601562 ], [ 24.678827285766602, 59.450325012207038 ], [ 24.678787231445312, 59.4503173828125 ], [ 24.678739547729496, 59.450305938720703 ], [ 24.678705215454105, 59.450294494628892 ], [ 24.678647994995121, 59.450275421142564 ], [ 24.678600311279297, 59.450263977050774 ], [ 24.678539276123047, 59.450252532958991 ], [ 24.678470611572269, 59.450252532959006 ], [ 24.6783447265625, 59.450263977050774 ], [ 24.678195953369144, 59.450271606445312 ], [ 24.678112030029297, 59.450271606445298 ], [ 24.67805290222168, 59.450279235839851 ], [ 24.677984237670898, 59.450279235839851 ], [ 24.67791748046875, 59.450283050537109 ], [ 24.677715301513672, 59.450283050537109 ], [ 24.677577972412109, 59.450279235839837 ], [ 24.677478790283203, 59.450275421142571 ], [ 24.677343368530273, 59.450260162353516 ], [ 24.67723274230957, 59.450248718261719 ], [ 24.677000045776367, 59.450199127197266 ], [ 24.676923751831055, 59.450187683105469 ], [ 24.676847457885742, 59.450183868408196 ], [ 24.676776885986328, 59.45018386840821 ], [ 24.67671012878418, 59.45018005371093 ], [ 24.676609039306641, 59.450176239013658 ], [ 24.676534652709961, 59.450172424316385 ], [ 24.676431655883793, 59.450145721435533 ], [ 24.676357269287109, 59.450130462646484 ], [ 24.676305770874023, 59.450111389160149 ], [ 24.676168441772461, 59.450115203857422 ], [ 24.676118850708008, 59.450119018554673 ], [ 24.676069259643555, 59.450111389160178 ], [ 24.676019668579102, 59.450107574462891 ], [ 24.675943374633789, 59.450096130371094 ], [ 24.675813674926758, 59.450099945068366 ], [ 24.675703048706055, 59.450107574462891 ], [ 24.675577163696289, 59.450111389160149 ], [ 24.675483703613285, 59.450115203857401 ], [ 24.675369262695312, 59.450111389160149 ], [ 24.67527961730957, 59.450103759765625 ], [ 24.675205230712894, 59.450096130371094 ], [ 24.675146102905277, 59.450103759765625 ], [ 24.675033569335938, 59.450115203857422 ], [ 24.674991607666016, 59.450126647949212 ], [ 24.674928665161133, 59.45014953613282 ], [ 24.67485237121582, 59.450153350830078 ], [ 24.674797058105469, 59.450141906738267 ], [ 24.674715042114261, 59.450138092041016 ], [ 24.674625396728516, 59.450153350830064 ], [ 24.674533843994141, 59.450164794921875 ], [ 24.674428939819336, 59.450168609619126 ], [ 24.674308776855469, 59.450164794921861 ], [ 24.674217224121094, 59.450164794921889 ], [ 24.674142837524414, 59.450164794921875 ], [ 24.674032211303711, 59.450172424316413 ], [ 24.673927307128906, 59.45018005371093 ], [ 24.673862457275391, 59.450202941894531 ], [ 24.673776626586914, 59.45018386840821 ], [ 24.673679351806641, 59.450134277343757 ], [ 24.67289924621582, 59.450534820556634 ], [ 24.673772811889648, 59.45098495483397 ], [ 24.673492431640625, 59.451122283935533 ], [ 24.672611236572266, 59.450679779052741 ], [ 24.671165466308597, 59.451408386230469 ], [ 24.671762466430668, 59.451732635498054 ], [ 24.671226501464844, 59.451992034912116 ], [ 24.67095947265625, 59.451839447021499 ], [ 24.670837402343754, 59.451770782470717 ], [ 24.670642003883376, 59.451842443534339 ], [ 24.672619546620833, 59.453736458360986 ] ] ], [ [ [ 24.669648141755864, 59.450890470053146 ], [ 24.670042037963867, 59.450057983398438 ], [ 24.669612884521484, 59.450008392333977 ], [ 24.669338907313225, 59.450594256693016 ], [ 24.669648141755864, 59.450890470053146 ] ] ] ] } },
{ "type": "Feature", "properties": { "from_id": "132", "population": 101.39106632196983, "gravity_community": 35.550738886036648, "gravity_education": 100.2143944284787, "gravity_essential_services": 77.139300172278411, "gravity_food_and_drink": 473.57388700450122, "gravity_healthcare": 100.04404594677362, "gravity_shelter": 164.95063369387574, "avg_gravity": 158.57883335532406, "min_tt_community": 9.0, "min_tt_education": 10.0, "min_tt_essential_services": 8.0, "min_tt_food_and_drink": 3.0, "min_tt_healthcare": 7.0, "min_tt_shelter": 9.0, "avg_tt_community": 36.213483146067418, "avg_tt_education": 39.599277978339352, "avg_tt_essential_services": 40.417431192660551, "avg_tt_food_and_drink": 35.862646566164152, "avg_tt_healthcare": 40.05, "avg_tt_shelter": 40.486081370449682, "avg_tt_all": 38.77148670894686, "n_unreachable_categories": 0, "count_community": 89.0, "count_education": 277.0, "count_essential_services": 218.0, "count_food_and_drink": 1194.0, "count_healthcare": 280.0, "count_shelter": 467.0, "gravity_community_per_100": 35.062989448344887, "gravity_education_per_100": 98.839471823134218, "gravity_essential_services_per_100": 76.080963511440601, "gravity_food_and_drink_per_100": 467.07654252363386, "gravity_healthcare_per_100": 98.671460490494596, "gravity_shelter_per_100": 162.68754208587859, "shannon": 1.4819943506879085, "kl_divergence": 0.00017184452957417552, "jsd": 0.0065428675628676335, "city_similarity": 0.99345713243713241 }, "geometry": { "type": "Polygon", "coordinates": [ [ [ 24.708393917536185, 59.446589130498211 ], [ 24.699583703611189, 59.446434225962371 ], [ 24.694914147307045, 59.450241867204511 ], [ 24.699055671555048, 59.454204879252536 ], [ 24.707867903430497, 59.454359831543151 ], [ 24.712536592746048, 59.450551724022311 ], [ 24.708393917536185, 59.446589130498211 ] ] ] } },
{ "type": "Feature", "properties": { "from_id": "133", "population": 3346.9986462839261, "gravity_community": 29.237145628420553, "gravity_education": 88.216007831477071, "gravity_essential_services": 70.732530300413913, "gravity_food_and_drink": 406.68482422001114, "gravity_healthcare": 90.654782500081126, "gravity_shelter": 151.48498253550667, "avg_gravity": 139.50171216931841, "min_tt_community": 26.0, "min_tt_education": 19.0, "min_tt_essential_services": 16.0, "min_tt_food_and_drink": 10.0, "min_tt_healthcare": 5.0, "min_tt_shelter": 15.0, "avg_tt_community": 42.011363636363633, "avg_tt_education": 43.265454545454546, "avg_tt_essential_services": 42.424528301886795, "avg_tt_food_and_drink": 40.324486301369866, "avg_tt_healthcare": 41.768656716417908, "avg_tt_shelter": 42.052863436123346, "avg_tt_all": 41.974558822936018, "n_unreachable_categories": 0, "count_community": 88.0, "count_education": 275.0, "count_essential_services": 212.0, "count_food_and_drink": 1169.0, "count_healthcare": 268.0, "count_shelter": 454.0, "gravity_community_per_100": 0.87353323733434118, "gravity_education_per_100": 2.6356750376765379, "gravity_essential_services_per_100": 2.1133121872919238, "gravity_food_and_drink_per_100": 12.150731661380901, "gravity_healthcare_per_100": 2.7085395627731268, "gravity_shelter_per_100": 4.5259947357222865, "shannon": 1.4811076108230943, "kl_divergence": 0.00016655616114093121, "jsd": 0.0064349919651140869, "city_similarity": 0.9935650080348859 }, "geometry": { "type": "MultiPolygon", "coordinates": [ [ [ [ 24.674220940289235, 59.430424894814315 ], [ 24.67008517920274, 59.426461118339532 ], [ 24.661280434060149, 59.426303663017976 ], [ 24.657745895432587, 59.429183959964298 ], [ 24.657756805419922, 59.429183959960923 ], [ 24.657794952392582, 59.429214477539055 ], [ 24.657827377319336, 59.429241180419922 ], [ 24.657928466796875, 59.429302215576172 ], [ 24.657960891723633, 59.429332733154304 ], [ 24.657938003540043, 59.429370880126967 ], [ 24.657964706420902, 59.429412841796882 ], [ 24.65806770324707, 59.429424285888679 ], [ 24.658096313476562, 59.42943572998044 ], [ 24.658199310302734, 59.429473876953118 ], [ 24.658269882202148, 59.429492950439439 ], [ 24.658365249633789, 59.42950439453125 ], [ 24.658430099487305, 59.429515838623047 ], [ 24.658512115478516, 59.429531097412102 ], [ 24.658632278442383, 59.429546356201165 ], [ 24.658670425415039, 59.429546356201165 ], [ 24.658708572387699, 59.429534912109368 ], [ 24.658748626708984, 59.429515838623033 ], [ 24.658817291259766, 59.429500579833984 ], [ 24.658897399902344, 59.429508209228523 ], [ 24.658962249755859, 59.429523468017578 ], [ 24.65899658203125, 59.429523468017571 ], [ 24.659076690673828, 59.429504394531236 ], [ 24.659124374389648, 59.429504394531257 ], [ 24.659170150756836, 59.429512023925795 ], [ 24.659229278564453, 59.429534912109375 ], [ 24.659282684326175, 59.429546356201172 ], [ 24.659317016601562, 59.429561614990206 ], [ 24.659360885620117, 59.429561614990249 ], [ 24.659416198730469, 59.429557800292962 ], [ 24.659492492675785, 59.429565429687486 ], [ 24.659536361694336, 59.42956924438473 ], [ 24.659585952758789, 59.429573059082031 ], [ 24.659622192382812, 59.429580688476541 ], [ 24.65966796875, 59.429580688476577 ], [ 24.659713745117188, 59.429573059082031 ], [ 24.659761428833011, 59.429569244384759 ], [ 24.659828186035156, 59.42958068847657 ], [ 24.659856796264648, 59.42958068847657 ], [ 24.659887313842773, 59.429569244384744 ], [ 24.659900665283203, 59.429553985595689 ], [ 24.659912109375, 59.429534912109389 ], [ 24.659933090209961, 59.429519653320305 ], [ 24.659961700439453, 59.429508209228523 ], [ 24.660036087036136, 59.429492950439439 ], [ 24.660066604614258, 59.429485321044929 ], [ 24.660097122192383, 59.429485321044929 ], [ 24.660144805908203, 59.429481506347656 ], [ 24.660234451293945, 59.429470062255852 ], [ 24.6602897644043, 59.429447174072251 ], [ 24.660335540771484, 59.429435729980462 ], [ 24.660402297973636, 59.429435729980462 ], [ 24.660472869873047, 59.429439544677741 ], [ 24.660514831542972, 59.429443359374986 ], [ 24.660554885864258, 59.429450988769538 ], [ 24.660610198974609, 59.429450988769545 ], [ 24.660654067993164, 59.429443359375 ], [ 24.660680770874023, 59.429431915283203 ], [ 24.660694122314453, 59.429412841796868 ], [ 24.660717010498047, 59.429405212402344 ], [ 24.660755157470707, 59.429405212402322 ], [ 24.660781860351562, 59.429409027099609 ], [ 24.66081428527832, 59.429409027099595 ], [ 24.660844802856445, 59.429405212402337 ], [ 24.660860061645508, 59.429386138916016 ], [ 24.660863876342773, 59.429317474365227 ], [ 24.66087532043457, 59.429298400878906 ], [ 24.662557601928711, 59.428943634033203 ], [ 24.663217544555664, 59.428840637207031 ], [ 24.663257598876957, 59.428836822509759 ], [ 24.663318634033203, 59.428825378417969 ], [ 24.663358688354492, 59.428817749023438 ], [ 24.66339111328125, 59.428806304931641 ], [ 24.663549423217773, 59.428703308105462 ], [ 24.66358757019043, 59.428688049316392 ], [ 24.663867950439453, 59.428619384765618 ], [ 24.663917541503906, 59.428615570068359 ], [ 24.663965225219727, 59.428604125976548 ], [ 24.664003372192383, 59.428592681884766 ], [ 24.664039611816406, 59.4285888671875 ], [ 24.664066314697266, 59.428615570068359 ], [ 24.664075851440433, 59.428638458251953 ], [ 24.664077758789062, 59.428665161132812 ], [ 24.664079666137695, 59.428680419921868 ], [ 24.664094924926758, 59.428688049316406 ], [ 24.66413688659668, 59.428722381591797 ], [ 24.664165496826172, 59.428741455078132 ], [ 24.664203643798828, 59.428756713867188 ], [ 24.664247512817383, 59.428779602050781 ], [ 24.664272308349609, 59.428798675537116 ], [ 24.664348602294922, 59.428886413574219 ], [ 24.664384841918949, 59.428939819335945 ], [ 24.66444206237793, 59.429004669189439 ], [ 24.664461135864258, 59.429042816162109 ], [ 24.664484024047852, 59.42906188964843 ], [ 24.664516448974609, 59.429077148437486 ], [ 24.66456413269043, 59.429084777832038 ], [ 24.664615631103516, 59.429084777832038 ], [ 24.664655685424805, 59.429080963134759 ], [ 24.664699554443363, 59.429069519042962 ], [ 24.664743423461918, 59.429069519042947 ], [ 24.664793014526367, 59.429088592529297 ], [ 24.664844512939453, 59.429115295410163 ], [ 24.664888381958008, 59.429138183593736 ], [ 24.664920806884766, 59.429168701171875 ], [ 24.664962768554688, 59.429195404052734 ], [ 24.664997100830078, 59.429218292236314 ], [ 24.665027618408207, 59.429225921630866 ], [ 24.665096282958984, 59.429229736328111 ], [ 24.665143966674805, 59.429218292236342 ], [ 24.665178298950199, 59.429191589355469 ], [ 24.665239334106445, 59.429183959960938 ], [ 24.665279388427734, 59.429195404052734 ], [ 24.665283203125, 59.429218292236328 ], [ 24.665250778198242, 59.429237365722649 ], [ 24.665189743041992, 59.429244995117188 ], [ 24.665117263793945, 59.42924880981446 ], [ 24.665075302124023, 59.429279327392578 ], [ 24.665081024169922, 59.429309844970703 ], [ 24.665122985839847, 59.429389953613274 ], [ 24.665124893188477, 59.429428100585938 ], [ 24.665103912353516, 59.429450988769538 ], [ 24.665058135986328, 59.429473876953132 ], [ 24.665014266967777, 59.429492950439439 ], [ 24.664968490600589, 59.429508209228523 ], [ 24.66490364074707, 59.429523468017592 ], [ 24.66484260559082, 59.429523468017578 ], [ 24.66480827331543, 59.429531097412116 ], [ 24.664779663085938, 59.429565429687472 ], [ 24.664777755737308, 59.429618835449205 ], [ 24.664764404296879, 59.429668426513658 ], [ 24.66475868225098, 59.42969894409179 ], [ 24.664735794067383, 59.429729461669908 ], [ 24.664688110351562, 59.429782867431634 ], [ 24.664665222167969, 59.429801940917962 ], [ 24.664615631103516, 59.42983245849608 ], [ 24.664535522460938, 59.42988586425782 ], [ 24.664512634277344, 59.429920196533196 ], [ 24.664506912231445, 59.429969787597649 ], [ 24.664491653442383, 59.430068969726548 ], [ 24.664484024047855, 59.430103302001939 ], [ 24.664484024047852, 59.430152893066406 ], [ 24.664487838745117, 59.430183410644538 ], [ 24.664506912231445, 59.430213928222642 ], [ 24.664527893066406, 59.430244445800781 ], [ 24.66456413269043, 59.430282592773438 ], [ 24.664623260498047, 59.430335998535149 ], [ 24.664663314819336, 59.430362701416016 ], [ 24.664716720581055, 59.430385589599602 ], [ 24.664787292480469, 59.430412292480469 ], [ 24.664810180664062, 59.430423736572251 ], [ 24.66505241394043, 59.430522918701165 ], [ 24.665117263793945, 59.430553436279297 ], [ 24.665199279785156, 59.430610656738274 ], [ 24.665241241455082, 59.43062591552733 ], [ 24.665328979492191, 59.430648803710923 ], [ 24.665449142456055, 59.430671691894531 ], [ 24.665510177612305, 59.430683135986328 ], [ 24.665515899658203, 59.430683135986328 ], [ 24.665586471557617, 59.430694580078125 ], [ 24.665693283081055, 59.430702209472678 ], [ 24.665729522705078, 59.430706024169922 ], [ 24.665855407714844, 59.430725097656257 ], [ 24.666069030761722, 59.430755615234347 ], [ 24.666196823120117, 59.430782318115227 ], [ 24.666227340698246, 59.430786132812493 ], [ 24.666393280029297, 59.43082427978517 ], [ 24.666479110717773, 59.430854797363288 ], [ 24.666543960571289, 59.430881500244148 ], [ 24.666593551635746, 59.430908203124986 ], [ 24.666620254516605, 59.430938720703132 ], [ 24.666664123535156, 59.430965423583984 ], [ 24.666696548461914, 59.430976867675781 ], [ 24.666713714599609, 59.430988311767578 ], [ 24.666744232177734, 59.431007385253899 ], [ 24.666767120361328, 59.431034088134773 ], [ 24.666765213012699, 59.431060791015625 ], [ 24.666786193847656, 59.431091308593743 ], [ 24.666833877563477, 59.431118011474616 ], [ 24.666893005371094, 59.431140899658196 ], [ 24.666980743408203, 59.431163787841804 ], [ 24.667057037353519, 59.431171417236314 ], [ 24.667140960693359, 59.431182861328132 ], [ 24.667205810546875, 59.431205749511705 ], [ 24.667240142822266, 59.431209564208991 ], [ 24.667314529418945, 59.431228637695298 ], [ 24.667322158813477, 59.431232452392571 ], [ 24.667730331420898, 59.431312561035156 ], [ 24.667776107788086, 59.431316375732429 ], [ 24.667835235595707, 59.431308746337876 ], [ 24.667854309082035, 59.431301116943345 ], [ 24.667869567871094, 59.431282043457024 ], [ 24.667877197265625, 59.4312744140625 ], [ 24.66789436340332, 59.4312744140625 ], [ 24.667924880981445, 59.431278228759766 ], [ 24.667974472045898, 59.431278228759766 ], [ 24.668052673339844, 59.431262969970703 ], [ 24.668087005615234, 59.431251525878906 ], [ 24.668113708496094, 59.431251525878892 ], [ 24.668140411376953, 59.431255340576165 ], [ 24.668205261230469, 59.431285858154297 ], [ 24.668266296386722, 59.431285858154283 ], [ 24.668304443359375, 59.431293487548821 ], [ 24.668333053588867, 59.431304931640646 ], [ 24.668331146240234, 59.431324005126953 ], [ 24.668384552001957, 59.431346893310533 ], [ 24.668413162231445, 59.431350708007798 ], [ 24.668491363525391, 59.431312561035156 ], [ 24.668527603149414, 59.431278228759773 ], [ 24.66856575012207, 59.431255340576165 ], [ 24.66861724853516, 59.431243896484361 ], [ 24.668680191040043, 59.431259155273445 ], [ 24.668718338012695, 59.431282043457038 ], [ 24.668783187866211, 59.431327819824226 ], [ 24.668830871582035, 59.431354522705085 ], [ 24.668880462646484, 59.431381225585909 ], [ 24.668962478637695, 59.431388854980462 ], [ 24.669090270996094, 59.431381225585938 ], [ 24.669172286987305, 59.431407928466783 ], [ 24.669282913208011, 59.431514739990234 ], [ 24.66935920715332, 59.431537628173828 ], [ 24.669435501098633, 59.431579589843764 ], [ 24.669500350952148, 59.43157958984375 ], [ 24.66954231262207, 59.431560516357393 ], [ 24.669570922851562, 59.43152236938478 ], [ 24.669616699218754, 59.431484222412116 ], [ 24.669633865356445, 59.43144607543946 ], [ 24.66966438293457, 59.431415557861328 ], [ 24.669713973999023, 59.431407928466797 ], [ 24.669801712036133, 59.431419372558594 ], [ 24.669822692871094, 59.431427001953125 ], [ 24.669832229614258, 59.431476593017578 ], [ 24.669824600219727, 59.431526184082031 ], [ 24.669805526733398, 59.431552886962884 ], [ 24.669820785522464, 59.431594848632798 ], [ 24.669790267944336, 59.431671142578132 ], [ 24.669757843017578, 59.431705474853494 ], [ 24.669704437255859, 59.431739807128892 ], [ 24.669689178466797, 59.431770324707031 ], [ 24.669696807861332, 59.43182754516603 ], [ 24.669662475585938, 59.431880950927734 ], [ 24.669677734375, 59.431903839111328 ], [ 24.669721603393555, 59.431949615478516 ], [ 24.669778823852539, 59.431995391845703 ], [ 24.669839859008789, 59.432029724121072 ], [ 24.669818878173828, 59.432075500488288 ], [ 24.669828414916992, 59.432113647460938 ], [ 24.669851303100586, 59.432140350341783 ], [ 24.669954299926758, 59.43214416503907 ], [ 24.670003890991211, 59.432064056396477 ], [ 24.670057296752933, 59.432033538818345 ], [ 24.67009162902832, 59.432029724121094 ], [ 24.670257568359375, 59.432048797607429 ], [ 24.670310974121094, 59.432067871093736 ], [ 24.670341491699219, 59.432106018066392 ], [ 24.670347213745117, 59.432151794433594 ], [ 24.670339584350586, 59.43220520019532 ], [ 24.670387268066406, 59.432258605957038 ], [ 24.670434951782227, 59.432296752929695 ], [ 24.670482635498047, 59.432319641113274 ], [ 24.670555114746094, 59.432285308837912 ], [ 24.670566558837891, 59.432270050048835 ], [ 24.670578002929691, 59.432262420654276 ], [ 24.670696258544922, 59.432270050048835 ], [ 24.670734405517578, 59.432285308837884 ], [ 24.670793533325195, 59.432289123535156 ], [ 24.670860290527344, 59.432296752929695 ], [ 24.670928955078129, 59.432323455810561 ], [ 24.670974731445312, 59.432353973388672 ], [ 24.671028137207031, 59.432376861572251 ], [ 24.671127319335938, 59.432373046875 ], [ 24.671226501464844, 59.432369232177756 ], [ 24.671331405639648, 59.432353973388658 ], [ 24.67138671875, 59.432353973388658 ], [ 24.671413421630859, 59.432376861572266 ], [ 24.671424865722656, 59.432411193847656 ], [ 24.671432495117188, 59.432445526123047 ], [ 24.671474456787109, 59.432476043701179 ], [ 24.671518325805664, 59.432487487792962 ], [ 24.671598434448242, 59.432472229003906 ], [ 24.671659469604492, 59.432468414306641 ], [ 24.671711839209877, 59.432470251848052 ], [ 24.674220940289235, 59.430424894814315 ] ] ], [ [ [ 24.657541691697588, 59.42935034754737 ], [ 24.657634735107422, 59.429347991943345 ], [ 24.657676696777344, 59.429313659667955 ], [ 24.65766716003418, 59.429286956787088 ], [ 24.657649300056999, 59.429262667248771 ], [ 24.657541691697588, 59.42935034754737 ] ] ] ] } },
{ "type": "Feature", "properties": { "from_id": "134", "population": 1027.6430642692189, "gravity_community": 23.211923252932607, "gravity_education": 71.330343375976526, "gravity_essential_services": 52.206397150743697, "gravity_food_and_drink": 324.67092113097573, "gravity_healthcare": 69.869269077141738, "gravity_shelter": 117.16638519385812, "avg_gravity": 109.74253986360473, "min_tt_community": 20.0, "min_tt_education": 15.0, "min_tt_essential_services": 14.0, "min_tt_food_and_drink": 10.0, "min_tt_healthcare": 13.0, "min_tt_shelter": 14.0, "avg_tt_community": 45.065789473684212, "avg_tt_education": 45.521186440677965, "avg_tt_essential_services": 43.25625, "avg_tt_food_and_drink": 45.003791469194312, "avg_tt_healthcare": 44.244343891402714, "avg_tt_shelter": 43.552197802197803, "avg_tt_all": 44.440593179526161, "n_unreachable_categories": 0, "count_community": 76.0, "count_education": 236.0, "count_essential_services": 160.0, "count_food_and_drink": 1056.0, "count_healthcare": 221.0, "count_shelter": 364.0, "gravity_community_per_100": 2.2587534582777682, "gravity_education_per_100": 6.9411594216033752, "gravity_essential_services_per_100": 5.0802072203804425, "gravity_food_and_drink_per_100": 31.593744211357748, "gravity_healthcare_per_100": 6.7989822056384348, "gravity_shelter_per_100": 11.401467033417665, "shannon": 1.4455872017301017, "kl_divergence": 0.0014189482245563247, "jsd": 0.018888267408093223, "city_similarity": 0.98111173259190676 }, "geometry": { "type": "Polygon", "coordinates": [ [ [ 24.643671232874464, 59.425986972443738 ], [ 24.63486677755234, 59.42582773721724 ], [ 24.630192902556111, 59.42963304646365 ], [ 24.634324344094775, 59.433598057406556 ], [ 24.643130814116276, 59.433757341701138 ], [ 24.647803827539143, 59.429951565975813 ], [ 24.643671232874464, 59.425986972443738 ] ] ] } },
{ "type": "Feature", "properties": { "from_id": "135", "population": 0.45500299035279368, "gravity_community": 23.119101985413586, "gravity_education": 71.132836981197869, "gravity_essential_services": 52.460097071145086, "gravity_food_and_drink": 325.17470433358403, "gravity_healthcare": 70.779288263565604, "gravity_shelter": 115.45754986073565, "avg_gravity": 109.68726308260698, "min_tt_community": 18.0, "min_tt_education": 9.0, "min_tt_essential_services": 15.0, "min_tt_food_and_drink": 11.0, "min_tt_healthcare": 15.0, "min_tt_shelter": 19.0, "avg_tt_community": 44.706666666666663, "avg_tt_education": 45.700421940928273, "avg_tt_essential_services": 43.149068322981364, "avg_tt_food_and_drink": 44.969754253308132, "avg_tt_healthcare": 44.1875, "avg_tt_shelter": 43.909589041095892, "avg_tt_all": 44.437166704163388, "n_unreachable_categories": 0, "count_community": 75.0, "count_education": 237.0, "count_essential_services": 161.0, "count_food_and_drink": 1059.0, "count_healthcare": 224.0, "count_shelter": 365.0, "gravity_community_per_100": 5081.0879215294444, "gravity_education_per_100": 15633.487798848071, "gravity_essential_services_per_100": 11529.615889000934, "gravity_food_and_drink_per_100": 71466.498293001263, "gravity_healthcare_per_100": 15555.785294660542, "gravity_shelter_per_100": 25375.118913221613, "shannon": 1.4458101874989273, "kl_divergence": 0.0013248709261421687, "jsd": 0.018257294556600672, "city_similarity": 0.98174270544339937 }, "geometry": { "type": "Polygon", "coordinates": [ [ [ 24.647803827539143, 59.429951565975813 ], [ 24.643130814116276, 59.433757341701138 ], [ 24.644864794919211, 59.4354206197237 ], [ 24.644931793212891, 59.435405731201165 ], [ 24.645034790039062, 59.435386657714837 ], [ 24.645132064819336, 59.435359954833977 ], [ 24.645254135131836, 59.435337066650384 ], [ 24.645370483398438, 59.435317993164062 ], [ 24.645437240600586, 59.435306549072266 ], [ 24.645463943481445, 59.435302734374993 ], [ 24.645563125610352, 59.435283660888672 ], [ 24.645706176757812, 59.435249328613281 ], [ 24.645746231079102, 59.435234069824219 ], [ 24.645904541015629, 59.435173034667969 ], [ 24.646005630493164, 59.435134887695334 ], [ 24.64616584777832, 59.43505859375 ], [ 24.646228790283203, 59.435035705566406 ], [ 24.646274566650391, 59.435012817382812 ], [ 24.646432876586914, 59.434898376464851 ], [ 24.646482467651367, 59.43486404418946 ], [ 24.646537780761719, 59.434833526611328 ], [ 24.6466064453125, 59.434814453124993 ], [ 24.646615982055664, 59.434799194335952 ], [ 24.646621704101562, 59.434780120849602 ], [ 24.646656036376953, 59.434761047363267 ], [ 24.646722793579102, 59.434745788574226 ], [ 24.64682769775391, 59.434734344482415 ], [ 24.646858215332035, 59.434726715087876 ], [ 24.646902084350586, 59.434715270996094 ], [ 24.646944046020508, 59.434703826904297 ], [ 24.64697265625, 59.434700012207031 ], [ 24.646991729736328, 59.4346923828125 ], [ 24.647041320800781, 59.434684753417976 ], [ 24.6470947265625, 59.434680938720689 ], [ 24.647205352783203, 59.434654235839844 ], [ 24.647294998168945, 59.434642791748033 ], [ 24.647329330444336, 59.434635162353501 ], [ 24.647363662719727, 59.434623718261719 ], [ 24.647377014160156, 59.434619903564453 ], [ 24.647401809692383, 59.434612274169915 ], [ 24.647441864013672, 59.434597015380859 ], [ 24.647489547729492, 59.434566497802741 ], [ 24.647523880004886, 59.434551239013672 ], [ 24.64759635925293, 59.434532165527337 ], [ 24.64771842956543, 59.434478759765625 ], [ 24.647737503051758, 59.434467315673828 ], [ 24.64776611328125, 59.434440612792962 ], [ 24.647821426391605, 59.434402465820305 ], [ 24.647838592529297, 59.43438339233397 ], [ 24.647844314575195, 59.434371948242202 ], [ 24.647846221923828, 59.434356689453132 ], [ 24.647855758666992, 59.434345245361321 ], [ 24.647857666015625, 59.434329986572259 ], [ 24.647848129272461, 59.434299468994141 ], [ 24.647821426391602, 59.434268951416016 ], [ 24.647838592529297, 59.434253692626953 ], [ 24.647871017456055, 59.434234619140618 ], [ 24.647893905639648, 59.43421554565429 ], [ 24.647956848144531, 59.434150695800781 ], [ 24.647993087768555, 59.434116363525398 ], [ 24.64804840087891, 59.434074401855462 ], [ 24.64808464050293, 59.434040069580092 ], [ 24.648115158081055, 59.434017181396484 ], [ 24.648151397705078, 59.433994293212876 ], [ 24.648212432861332, 59.433944702148452 ], [ 24.648370742797852, 59.433853149414062 ], [ 24.648393630981445, 59.433830261230469 ], [ 24.648426055908203, 59.433811187744148 ], [ 24.648460388183594, 59.433803558349609 ], [ 24.648529052734375, 59.433792114257798 ], [ 24.648553848266605, 59.433780670166001 ], [ 24.648639678955078, 59.43376159667968 ], [ 24.648687362670898, 59.433750152587884 ], [ 24.64872932434082, 59.433731079101577 ], [ 24.648765563964844, 59.433712005615234 ], [ 24.648780822753906, 59.433685302734375 ], [ 24.648818969726562, 59.433673858642564 ], [ 24.648900985717777, 59.433662414550767 ], [ 24.648944854736328, 59.433647155761712 ], [ 24.648981094360355, 59.433639526367188 ], [ 24.648994445800781, 59.433631896972649 ], [ 24.649044036865234, 59.433631896972649 ], [ 24.649133682250977, 59.433620452880852 ], [ 24.649168014526367, 59.433612823486328 ], [ 24.649229049682621, 59.433609008789041 ], [ 24.649282455444336, 59.433605194091797 ], [ 24.649328231811523, 59.433589935302727 ], [ 24.649345397949219, 59.433582305908203 ], [ 24.649345397949219, 59.433570861816406 ], [ 24.649322509765625, 59.433559417724609 ], [ 24.64933013916016, 59.433544158935533 ], [ 24.649370193481445, 59.433536529541009 ], [ 24.6494140625, 59.43353271484375 ], [ 24.649431228637695, 59.433525085449212 ], [ 24.649448394775391, 59.433517456054695 ], [ 24.649503707885742, 59.433483123779297 ], [ 24.649526596069336, 59.433464050292976 ], [ 24.649532318115238, 59.433444976806619 ], [ 24.649532318115234, 59.433425903320312 ], [ 24.649551391601562, 59.433406829833977 ], [ 24.64960861206055, 59.433357238769517 ], [ 24.64971923828125, 59.433288574218736 ], [ 24.649742126464844, 59.433265686035142 ], [ 24.649744033813477, 59.433261871337891 ], [ 24.649755477905273, 59.433238983154297 ], [ 24.649755477905277, 59.433231353759744 ], [ 24.649755477905273, 59.433193206787109 ], [ 24.649757385253906, 59.433185577392585 ], [ 24.649774551391602, 59.43316650390625 ], [ 24.649812698364258, 59.433135986328132 ], [ 24.649869918823242, 59.433094024658217 ], [ 24.649932861328125, 59.433044433593757 ], [ 24.649961471557617, 59.433021545410149 ], [ 24.649988174438477, 59.432991027832003 ], [ 24.650001525878906, 59.432968139648423 ], [ 24.650030136108398, 59.432949066162088 ], [ 24.650053024291992, 59.432922363281243 ], [ 24.650171279907227, 59.432834625244126 ], [ 24.650190353393555, 59.432807922363274 ], [ 24.65021896362305, 59.432785034179688 ], [ 24.65024566650391, 59.432769775390632 ], [ 24.650285720825195, 59.432754516601548 ], [ 24.650405883789062, 59.432716369628906 ], [ 24.650447845458984, 59.432689666748054 ], [ 24.650487899780277, 59.432670593261705 ], [ 24.65052604675293, 59.432651519775398 ], [ 24.650552749633789, 59.432632446289062 ], [ 24.650598526000977, 59.432582855224602 ], [ 24.650644302368164, 59.432556152343736 ], [ 24.650684356689453, 59.432540893554702 ], [ 24.650716781616211, 59.432540893554688 ], [ 24.650764465332031, 59.432548522949219 ], [ 24.6507682800293, 59.432529449462862 ], [ 24.650751113891602, 59.432506561279297 ], [ 24.650760650634766, 59.432495117187472 ], [ 24.650794982910156, 59.432476043701179 ], [ 24.65084266662598, 59.432415008544929 ], [ 24.65084266662598, 59.432384490966783 ], [ 24.650844573974609, 59.432365417480469 ], [ 24.650859832763672, 59.432353973388672 ], [ 24.650888442993164, 59.432338714599609 ], [ 24.650922775268555, 59.432319641113274 ], [ 24.650945663452148, 59.432296752929695 ], [ 24.650976181030273, 59.432273864746101 ], [ 24.651031494140625, 59.432243347167955 ], [ 24.651060104370117, 59.432209014892592 ], [ 24.651103973388672, 59.432163238525391 ], [ 24.651132583618164, 59.432140350341797 ], [ 24.651163101196289, 59.43212509155272 ], [ 24.651195526123047, 59.432102203369155 ], [ 24.651222229003906, 59.432079315185547 ], [ 24.651224136352539, 59.432060241699212 ], [ 24.651229858398441, 59.432052612304666 ], [ 24.651252746582031, 59.432037353515632 ], [ 24.651271820068359, 59.431995391845703 ], [ 24.651311874389648, 59.431980133056634 ], [ 24.651348114013672, 59.431968688964858 ], [ 24.651371002197266, 59.43195724487304 ], [ 24.651382446289062, 59.431938171386705 ], [ 24.651384353637695, 59.431903839111335 ], [ 24.651390075683594, 59.431884765625007 ], [ 24.651403427124023, 59.431858062744134 ], [ 24.651403427124023, 59.431831359863267 ], [ 24.651433944702148, 59.431808471679673 ], [ 24.651456832885742, 59.431785583496101 ], [ 24.651494979858398, 59.431766510009787 ], [ 24.651529312133789, 59.431755065917976 ], [ 24.651552200317383, 59.431743621826179 ], [ 24.651584625244141, 59.431732177734382 ], [ 24.651639938354492, 59.43171691894532 ], [ 24.651689529418945, 59.431697845458984 ], [ 24.651723861694336, 59.431678771972642 ], [ 24.651792526245117, 59.431640625 ], [ 24.65181922912598, 59.431621551513658 ], [ 24.65184211730957, 59.431598663330071 ], [ 24.651874542236328, 59.431583404541001 ], [ 24.651927947998047, 59.431556701660156 ], [ 24.652095794677734, 59.431453704833984 ], [ 24.652158737182617, 59.431423187255866 ], [ 24.652179718017582, 59.431415557861307 ], [ 24.652219772338871, 59.431404113769531 ], [ 24.652240753173828, 59.431400299072259 ], [ 24.65226936340332, 59.431388854980476 ], [ 24.65229606628418, 59.431369781494141 ], [ 24.652326583862305, 59.431327819824212 ], [ 24.652332305908203, 59.431304931640646 ], [ 24.652332305908207, 59.431293487548821 ], [ 24.652345657348633, 59.4312744140625 ], [ 24.65239143371582, 59.431236267089851 ], [ 24.652437210083008, 59.431182861328132 ], [ 24.652439117431641, 59.431148529052727 ], [ 24.652490615844727, 59.431060791015611 ], [ 24.652524948120117, 59.431034088134773 ], [ 24.652551651000977, 59.431007385253899 ], [ 24.652572631835938, 59.430976867675774 ], [ 24.652597427368164, 59.430950164794929 ], [ 24.652599334716797, 59.430927276611335 ], [ 24.652614593505859, 59.43089294433593 ], [ 24.652656555175781, 59.430839538574219 ], [ 24.652692794799805, 59.430812835693374 ], [ 24.652763366699222, 59.430786132812507 ], [ 24.652822494506839, 59.430755615234361 ], [ 24.652885437011719, 59.430736541748054 ], [ 24.652927398681641, 59.430725097656257 ], [ 24.6529541015625, 59.430725097656257 ], [ 24.652971267700195, 59.430721282958984 ], [ 24.652980804443359, 59.43071365356446 ], [ 24.652980804443359, 59.430706024169922 ], [ 24.652965545654297, 59.430702209472663 ], [ 24.652933120727539, 59.430694580078125 ], [ 24.652927398681641, 59.430683135986328 ], [ 24.652935028076172, 59.430664062499986 ], [ 24.652971267700195, 59.430629730224602 ], [ 24.653030395507812, 59.430549621582024 ], [ 24.652990341186523, 59.430484771728516 ], [ 24.653007507324219, 59.430442810058615 ], [ 24.653078079223633, 59.430335998535149 ], [ 24.653158187866211, 59.430244445800774 ], [ 24.653194427490234, 59.430206298828132 ], [ 24.653244018554688, 59.430168151855462 ], [ 24.653352737426758, 59.43009948730468 ], [ 24.653413772583008, 59.430072784423814 ], [ 24.653446197509769, 59.430053710937507 ], [ 24.653447282046553, 59.430053132518267 ], [ 24.647803827539143, 59.429951565975813 ] ] ] } },
{ "type": "Feature", "properties": { "from_id": "136", "population": 3782.8233868178058, "gravity_community": 18.519779682084749, "gravity_education": 54.261019080775469, "gravity_essential_services": 39.978629452566921, "gravity_food_and_drink": 253.00446955593657, "gravity_healthcare": 53.57157573394349, "gravity_shelter": 90.359039074250816, "avg_gravity": 84.949085429926328, "min_tt_community": 5.0, "min_tt_education": 25.0, "min_tt_essential_services": 23.0, "min_tt_food_and_drink": 9.0, "min_tt_healthcare": 23.0, "min_tt_shelter": 25.0, "avg_tt_community": 47.907692307692308, "avg_tt_education": 48.695431472081218, "avg_tt_essential_services": 46.31111111111111, "avg_tt_food_and_drink": 48.516483516483518, "avg_tt_healthcare": 47.178378378378376, "avg_tt_shelter": 46.980769230769234, "avg_tt_all": 47.598311002752631, "n_unreachable_categories": 0, "count_community": 65.0, "count_education": 197.0, "count_essential_services": 135.0, "count_food_and_drink": 911.0, "count_healthcare": 185.0, "count_shelter": 312.0, "gravity_community_per_100": 0.48957558385151029, "gravity_education_per_100": 1.4344052981659563, "gravity_essential_services_per_100": 1.0568463119870319, "gravity_food_and_drink_per_100": 6.6882443002122152, "gravity_healthcare_per_100": 1.416179669413778, "gravity_shelter_per_100": 2.3886666078339656, "shannon": 1.4373907723750747, "kl_divergence": 0.0017765165330420468, "jsd": 0.021125455947278743, "city_similarity": 0.97887454405272123 }, "geometry": { "type": "Polygon", "coordinates": [ [ [ 24.643130814116276, 59.433757341701138 ], [ 24.634324344094775, 59.433598057406556 ], [ 24.629649315431603, 59.437403335869185 ], [ 24.63204610012583, 59.439703227433398 ], [ 24.632137298583988, 59.439666748046861 ], [ 24.632192611694336, 59.439647674560533 ], [ 24.632242202758789, 59.43963241577147 ], [ 24.632335662841797, 59.439605712890625 ], [ 24.632427215576172, 59.439579010009773 ], [ 24.632516860961914, 59.439559936523438 ], [ 24.632564544677734, 59.439540863037109 ], [ 24.632587432861328, 59.439521789550774 ], [ 24.632610321044922, 59.43949890136718 ], [ 24.63264274597168, 59.439487457275384 ], [ 24.632677078247074, 59.439472198486349 ], [ 24.632902145385742, 59.439403533935554 ], [ 24.632963180541992, 59.439384460449219 ], [ 24.633033752441406, 59.439357757568359 ], [ 24.633106231689453, 59.439323425292969 ], [ 24.633163452148438, 59.43928527832032 ], [ 24.633182525634766, 59.439258575439439 ], [ 24.633193969726562, 59.439239501953125 ], [ 24.633260726928711, 59.439174652099616 ], [ 24.633319854736328, 59.439128875732429 ], [ 24.633380889892578, 59.439090728759766 ], [ 24.63340950012207, 59.439067840576158 ], [ 24.63343620300293, 59.439041137695298 ], [ 24.633472442626953, 59.438991546630859 ], [ 24.633483886718754, 59.438972473144517 ], [ 24.633501052856445, 59.438911437988295 ], [ 24.633525848388672, 59.438869476318366 ], [ 24.63353157043457, 59.438850402832031 ], [ 24.633533477783203, 59.438835144042976 ], [ 24.633533477783203, 59.438804626464858 ], [ 24.633541107177734, 59.438789367675788 ], [ 24.63356971740723, 59.438747406005817 ], [ 24.633598327636719, 59.438724517822266 ], [ 24.633666992187504, 59.43864440917968 ], [ 24.633811950683594, 59.438568115234375 ], [ 24.633844375610355, 59.43855285644532 ], [ 24.633880615234375, 59.438533782958984 ], [ 24.633913040161133, 59.438522338867173 ], [ 24.633951187133789, 59.438510894775376 ], [ 24.633995056152347, 59.438503265380866 ], [ 24.634035110473633, 59.438499450683594 ], [ 24.634119033813477, 59.43849182128907 ], [ 24.634174346923828, 59.438484191894517 ], [ 24.634199142456055, 59.438480377197273 ], [ 24.634279251098633, 59.438453674316392 ], [ 24.634395599365234, 59.438415527343736 ], [ 24.634469985961914, 59.43833923339843 ], [ 24.634489059448242, 59.438320159912095 ], [ 24.634542465209961, 59.438297271728516 ], [ 24.634609222412109, 59.438278198242195 ], [ 24.634672164916992, 59.438262939453125 ], [ 24.634775161743168, 59.438240051269517 ], [ 24.634897232055664, 59.438217163085923 ], [ 24.634983062744141, 59.438205718994134 ], [ 24.635032653808594, 59.438198089599616 ], [ 24.635274887084961, 59.438152313232422 ], [ 24.635347366333008, 59.438137054443352 ], [ 24.635679244995117, 59.438076019287095 ], [ 24.635837554931641, 59.438045501708984 ], [ 24.635990142822266, 59.438022613525391 ], [ 24.636053085327148, 59.43801116943358 ], [ 24.636100769042972, 59.43801116943358 ], [ 24.636129379272461, 59.438022613525384 ], [ 24.636150360107422, 59.438041687011712 ], [ 24.636173248291016, 59.438056945800795 ], [ 24.63633918762207, 59.438213348388672 ], [ 24.636465072631836, 59.438308715820312 ], [ 24.636516571044922, 59.438343048095703 ], [ 24.636543273925781, 59.438346862792969 ], [ 24.636592864990234, 59.438350677490241 ], [ 24.636625289916992, 59.438346862792969 ], [ 24.636837005615234, 59.438320159912109 ], [ 24.636857986450195, 59.438312530517564 ], [ 24.636861801147461, 59.438301086425767 ], [ 24.636857986450195, 59.438297271728501 ], [ 24.636846542358398, 59.438289642333963 ], [ 24.636659622192386, 59.438320159912095 ], [ 24.636604309082031, 59.438327789306648 ], [ 24.636583328247074, 59.438320159912081 ], [ 24.636550903320312, 59.438301086425767 ], [ 24.636465072631836, 59.438240051269538 ], [ 24.636392593383789, 59.43818283081054 ], [ 24.636371612548828, 59.438167572021484 ], [ 24.636335372924805, 59.438133239746101 ], [ 24.636285781860352, 59.438098907470689 ], [ 24.636253356933594, 59.438068389892585 ], [ 24.636228561401367, 59.438037872314453 ], [ 24.636205673217773, 59.438018798828118 ], [ 24.636198043823242, 59.437984466552741 ], [ 24.636241912841797, 59.437965393066406 ], [ 24.636323928833008, 59.437942504882812 ], [ 24.636390686035156, 59.43793106079103 ], [ 24.636459350585938, 59.437908172607422 ], [ 24.636552810668945, 59.437889099121115 ], [ 24.636663436889648, 59.437870025634766 ], [ 24.636764526367188, 59.43785095214843 ], [ 24.636875152587891, 59.437843322753899 ], [ 24.637001037597656, 59.437828063964837 ], [ 24.637166976928711, 59.437797546386719 ], [ 24.637218475341797, 59.437797546386712 ], [ 24.637289047241211, 59.437789916992202 ], [ 24.637399673461914, 59.437770843505866 ], [ 24.637493133544922, 59.437763214111314 ], [ 24.637554168701172, 59.437755584716797 ], [ 24.637639999389648, 59.437744140624986 ], [ 24.637754440307617, 59.437732696533196 ], [ 24.63801383972168, 59.437702178955085 ], [ 24.638080596923828, 59.437694549560533 ], [ 24.63817024230957, 59.43768310546875 ], [ 24.638431549072266, 59.437637329101562 ], [ 24.638586044311523, 59.437610626220703 ], [ 24.638729095458984, 59.437576293945298 ], [ 24.638784408569339, 59.43756866455076 ], [ 24.638833999633789, 59.437557220458991 ], [ 24.639024734497074, 59.437526702880859 ], [ 24.639162063598633, 59.437503814697244 ], [ 24.639261245727543, 59.43748474121093 ], [ 24.639352798461918, 59.437465667724616 ], [ 24.639545440673828, 59.437423706054673 ], [ 24.639612197875977, 59.437397003173814 ], [ 24.639675140380859, 59.437370300292976 ], [ 24.639719009399414, 59.437343597412102 ], [ 24.639751434326172, 59.437316894531236 ], [ 24.6397705078125, 59.43730163574218 ], [ 24.639934539794922, 59.43720626831054 ], [ 24.640024185180664, 59.437149047851562 ], [ 24.64006233215332, 59.437129974365227 ], [ 24.640117645263672, 59.437103271484375 ], [ 24.640268325805664, 59.437042236328125 ], [ 24.640325546264648, 59.437019348144531 ], [ 24.640357971191406, 59.437007904052734 ], [ 24.640424728393555, 59.436996459960909 ], [ 24.640504837036133, 59.436985015869141 ], [ 24.640575408935547, 59.436973571777358 ], [ 24.640680313110352, 59.436943054199226 ], [ 24.640897750854492, 59.436897277832038 ], [ 24.6409912109375, 59.436874389648445 ], [ 24.641054153442383, 59.436855316162095 ], [ 24.641155242919922, 59.436832427978516 ], [ 24.641448974609375, 59.436767578124993 ], [ 24.641530990600586, 59.436744689941413 ], [ 24.641586303710938, 59.436725616455078 ], [ 24.641622543334961, 59.436706542968743 ], [ 24.641757965087891, 59.436599731445305 ], [ 24.641881942749023, 59.43654632568358 ], [ 24.641958236694336, 59.436519622802741 ], [ 24.642045974731445, 59.436492919921868 ], [ 24.642406463623047, 59.436286926269517 ], [ 24.642536163330078, 59.436241149902315 ], [ 24.642608642578125, 59.436206817626953 ], [ 24.642683029174805, 59.436161041259759 ], [ 24.642734527587891, 59.436119079589837 ], [ 24.642755508422852, 59.436096191406264 ], [ 24.642776489257812, 59.436035156250007 ], [ 24.642793655395508, 59.435997009277351 ], [ 24.642820358276367, 59.435955047607408 ], [ 24.642856597900391, 59.435909271240234 ], [ 24.642879486083984, 59.435871124267571 ], [ 24.642930984497074, 59.435829162597628 ], [ 24.642997741699219, 59.435798645019538 ], [ 24.643070220947266, 59.435779571533203 ], [ 24.643133163452148, 59.435764312744141 ], [ 24.643285751342773, 59.435733795166016 ], [ 24.643333435058597, 59.435726165771491 ], [ 24.643529891967773, 59.435703277587898 ], [ 24.643629074096683, 59.435688018798821 ], [ 24.643764495849609, 59.435665130615227 ], [ 24.643819808959961, 59.43565368652343 ], [ 24.643884658813477, 59.435634613037102 ], [ 24.644134521484375, 59.435596466064474 ], [ 24.644493103027344, 59.435512542724616 ], [ 24.644609451293945, 59.435489654541023 ], [ 24.644720077514652, 59.435462951660142 ], [ 24.644828796386722, 59.435428619384751 ], [ 24.644864794919211, 59.4354206197237 ], [ 24.643130814116276, 59.433757341701138 ] ] ] } },
{ "type": "Feature", "properties": { "from_id": "137", "population": 320.3242195064048, "gravity_community": 21.728377239587001, "gravity_education": 59.408077895185116, "gravity_essential_services": 43.086676509384027, "gravity_food_and_drink": 318.09203510875926, "gravity_healthcare": 59.135160424375663, "gravity_shelter": 90.356848079496913, "avg_gravity": 98.634529209464674, "min_tt_community": 10.0, "min_tt_education": 15.0, "min_tt_essential_services": 12.0, "min_tt_food_and_drink": 8.0, "min_tt_healthcare": 20.0, "min_tt_shelter": 20.0, "avg_tt_community": 39.885245901639344, "avg_tt_education": 46.141414141414138, "avg_tt_essential_services": 46.180555555555557, "avg_tt_food_and_drink": 42.977551020408164, "avg_tt_healthcare": 47.397058823529413, "avg_tt_shelter": 47.496815286624205, "avg_tt_all": 45.013106788195131, "n_unreachable_categories": 0, "count_community": 61.0, "count_education": 198.0, "count_essential_services": 144.0, "count_food_and_drink": 980.0, "count_healthcare": 204.0, "count_shelter": 314.0, "gravity_community_per_100": 6.7832451985893467, "gravity_education_per_100": 18.54623355883874, "gravity_essential_services_per_100": 13.450958087333301, "gravity_food_and_drink_per_100": 99.303148415975173, "gravity_healthcare_per_100": 18.461033173045248, "gravity_shelter_per_100": 28.207935141067363, "shannon": 1.4199403460889117, "kl_divergence": 0.0029264321998013938, "jsd": 0.027107377722663143, "city_similarity": 0.97289262227733686 }, "geometry": { "type": "MultiPolygon", "coordinates": [ [ [ [ 24.659133142883746, 59.457385456693764 ], [ 24.66794595419714, 59.457543106232585 ], [ 24.672619546620833, 59.453736458360986 ], [ 24.670642003883376, 59.451842443534339 ], [ 24.669942855834961, 59.452098846435554 ], [ 24.66937255859375, 59.451599121093743 ], [ 24.669403076171875, 59.451408386230476 ], [ 24.669648141755864, 59.450890470053146 ], [ 24.669338907313225, 59.450594256693016 ], [ 24.669309616088871, 59.450656890869148 ], [ 24.669294357299805, 59.45066833496093 ], [ 24.669261932373047, 59.450672149658203 ], [ 24.669242858886722, 59.450672149658189 ], [ 24.669221878051758, 59.450679779052727 ], [ 24.66920280456543, 59.450687408447266 ], [ 24.669193267822266, 59.450702667236349 ], [ 24.669170379638672, 59.450729370117188 ], [ 24.669178009033203, 59.450752258300788 ], [ 24.669200897216797, 59.450798034667976 ], [ 24.669198989868164, 59.450832366943366 ], [ 24.669206619262695, 59.450851440429673 ], [ 24.669206619262695, 59.450874328613281 ], [ 24.669197082519531, 59.450889587402351 ], [ 24.669183731079102, 59.450908660888658 ], [ 24.66917610168457, 59.450946807861314 ], [ 24.669158935546879, 59.450981140136719 ], [ 24.669153213500977, 59.451000213623054 ], [ 24.669153213500977, 59.451023101806648 ], [ 24.669149398803711, 59.4510498046875 ], [ 24.669149398803711, 59.451068878173835 ], [ 24.669155120849609, 59.451080322265632 ], [ 24.669166564941406, 59.451087951660156 ], [ 24.669162750244141, 59.451148986816392 ], [ 24.66912841796875, 59.451198577880866 ], [ 24.669099807739261, 59.451232910156243 ], [ 24.669082641601562, 59.451267242431641 ], [ 24.669057846069336, 59.451297760009751 ], [ 24.669046401977539, 59.451316833496101 ], [ 24.669046401977539, 59.451320648193359 ], [ 24.669040679931644, 59.451335906982422 ], [ 24.669023513793945, 59.451366424560554 ], [ 24.669004440307617, 59.451393127441406 ], [ 24.669004440307617, 59.451400756835945 ], [ 24.668994903564453, 59.451416015625 ], [ 24.668983459472656, 59.451431274414062 ], [ 24.668930053710938, 59.451465606689453 ], [ 24.668888092041019, 59.451496124267557 ], [ 24.66888427734375, 59.451526641845689 ], [ 24.66888427734375, 59.451549530029283 ], [ 24.668878555297852, 59.451595306396484 ], [ 24.66888427734375, 59.451698303222656 ], [ 24.66883659362793, 59.451801300048835 ], [ 24.668802261352539, 59.451847076416009 ], [ 24.668781280517578, 59.451946258544929 ], [ 24.668743133544922, 59.45197677612304 ], [ 24.668720245361328, 59.45201492309571 ], [ 24.668470382690433, 59.452304840087876 ], [ 24.668449401855469, 59.452312469482429 ], [ 24.668432235717773, 59.452323913574226 ], [ 24.668407440185547, 59.452339172363267 ], [ 24.668380737304688, 59.452362060546875 ], [ 24.668357849121094, 59.452388763427734 ], [ 24.66834831237793, 59.452392578124993 ], [ 24.668333053588867, 59.452411651611328 ], [ 24.668315887451172, 59.452453613281257 ], [ 24.668310165405277, 59.452472686767564 ], [ 24.668308258056641, 59.452507019042969 ], [ 24.668296813964844, 59.452518463134766 ], [ 24.668281555175785, 59.452529907226548 ], [ 24.668275833129883, 59.452552795410156 ], [ 24.668277740478516, 59.452587127685547 ], [ 24.668283462524414, 59.45262145996093 ], [ 24.668313980102539, 59.45265960693358 ], [ 24.668363571166992, 59.452693939208984 ], [ 24.668369293212891, 59.452709197998047 ], [ 24.66838264465332, 59.452720642089815 ], [ 24.668401718139648, 59.452735900878913 ], [ 24.668434143066406, 59.452751159667969 ], [ 24.668645858764652, 59.452915191650369 ], [ 24.668701171875004, 59.452949523925774 ], [ 24.668781280517578, 59.4530029296875 ], [ 24.668865203857422, 59.453052520751939 ], [ 24.668918609619144, 59.453090667724588 ], [ 24.668975830078125, 59.453132629394531 ], [ 24.669050216674805, 59.45318222045897 ], [ 24.669134140014648, 59.453235626220703 ], [ 24.669231414794922, 59.453338623046882 ], [ 24.669334411621094, 59.453498840332017 ], [ 24.668680191040043, 59.454036712646491 ], [ 24.668617248535156, 59.45415496826174 ], [ 24.668418884277344, 59.454238891601555 ], [ 24.668243408203125, 59.454353332519524 ], [ 24.668201446533207, 59.454399108886705 ], [ 24.668178558349609, 59.454421997070298 ], [ 24.668161392211914, 59.454433441162095 ], [ 24.668117523193359, 59.454463958740241 ], [ 24.668048858642578, 59.454502105712905 ], [ 24.667985916137695, 59.454524993896484 ], [ 24.667903900146484, 59.454559326171868 ], [ 24.667846679687504, 59.454586029052749 ], [ 24.667785644531254, 59.454620361328104 ], [ 24.667741775512695, 59.454635620117188 ], [ 24.667692184448242, 59.454643249511719 ], [ 24.667646408081055, 59.454654693603516 ], [ 24.667612075805668, 59.45466995239255 ], [ 24.66755485534668, 59.45464706420897 ], [ 24.667547225952148, 59.454643249511697 ], [ 24.667564392089844, 59.454631805419908 ], [ 24.667509078979496, 59.454605102539041 ], [ 24.667488098144531, 59.454597473144503 ], [ 24.667461395263672, 59.454586029052749 ], [ 24.667049407958984, 59.454853057861335 ], [ 24.665561676025391, 59.45579528808593 ], [ 24.663810729980469, 59.455081939697251 ], [ 24.662321090698242, 59.454486846923821 ], [ 24.661655426025391, 59.45421981811522 ], [ 24.661592483520508, 59.454090118408217 ], [ 24.662010192871097, 59.453697204589844 ], [ 24.663040161132812, 59.452751159667969 ], [ 24.663021087646484, 59.452713012695305 ], [ 24.662841796875, 59.452667236328132 ], [ 24.662775039672852, 59.452682495117188 ], [ 24.66270637512207, 59.452770233154304 ], [ 24.662521362304688, 59.452926635742195 ], [ 24.662429809570316, 59.452957153320312 ], [ 24.662216186523438, 59.452991485595703 ], [ 24.662084579467777, 59.453033447265618 ], [ 24.661966323852539, 59.453125 ], [ 24.661300659179688, 59.453788757324212 ], [ 24.661169052124023, 59.453876495361328 ], [ 24.661169052124023, 59.453941345214851 ], [ 24.661203384399418, 59.454021453857393 ], [ 24.661182403564453, 59.454074859619155 ], [ 24.661151885986328, 59.454093933105476 ], [ 24.661117553710938, 59.454116821289055 ], [ 24.661088943481445, 59.454151153564439 ], [ 24.66108512878418, 59.454181671142592 ], [ 24.660270690917969, 59.45460128784179 ], [ 24.660259246826175, 59.4546089172363 ], [ 24.660253524780273, 59.454643249511705 ], [ 24.660371780395508, 59.45469665527343 ], [ 24.660430908203129, 59.454689025878899 ], [ 24.660623550415039, 59.45458602905272 ], [ 24.660591125488281, 59.454566955566399 ], [ 24.661167144775391, 59.454265594482422 ], [ 24.661169052124023, 59.454269409179673 ], [ 24.661184310913086, 59.454311370849609 ], [ 24.661195755004883, 59.454326629638686 ], [ 24.661275863647461, 59.454353332519524 ], [ 24.661344528198242, 59.454395294189453 ], [ 24.661563873291016, 59.454589843749993 ], [ 24.661649703979496, 59.454635620117188 ], [ 24.661716461181641, 59.454647064208984 ], [ 24.661788940429688, 59.45465469360353 ], [ 24.662036895751957, 59.454734802246087 ], [ 24.662685394287109, 59.454959869384759 ], [ 24.663162231445312, 59.455162048339822 ], [ 24.663356781005859, 59.45526123046875 ], [ 24.663705825805664, 59.455398559570305 ], [ 24.663866043090824, 59.45545578002929 ], [ 24.664018630981445, 59.455524444580071 ], [ 24.664285659790043, 59.455638885498047 ], [ 24.664400100708008, 59.45568466186522 ], [ 24.664615631103516, 59.455764770507805 ], [ 24.664722442626953, 59.455814361572266 ], [ 24.664772033691406, 59.455844879150398 ], [ 24.664821624755859, 59.455879211425774 ], [ 24.664836883544922, 59.455917358398445 ], [ 24.664838790893555, 59.455959320068359 ], [ 24.664827346801758, 59.456001281738274 ], [ 24.664811489914751, 59.456040043017623 ], [ 24.658178329467773, 59.455810546875007 ], [ 24.657547131092191, 59.45586587040777 ], [ 24.659133142883746, 59.457385456693764 ] ] ], [ [ [ 24.658178329467773, 59.455810546875007 ], [ 24.658624649047852, 59.455589294433594 ], [ 24.658611297607422, 59.455570220947259 ], [ 24.65937423706055, 59.455188751220717 ], [ 24.659404754638675, 59.455204010009737 ], [ 24.659645080566406, 59.455085754394524 ], [ 24.659528732299805, 59.455020904541009 ], [ 24.658060073852539, 59.455745697021484 ], [ 24.658178329467773, 59.455810546875007 ] ] ] ] } },
{ "type": "Feature", "properties": { "from_id": "138", "population": 0.0, "gravity_community": 28.254828966684528, "gravity_education": 78.875684633041786, "gravity_essential_services": 61.392100562921506, "gravity_food_and_drink": 421.87978806995102, "gravity_healthcare": 79.070229994976259, "gravity_shelter": 126.4781162669242, "avg_gravity": 132.65845808241656, "min_tt_community": 12.0, "min_tt_education": 8.0, "min_tt_essential_services": 7.0, "min_tt_food_and_drink": 1.0, "min_tt_healthcare": 13.0, "min_tt_shelter": 7.0, "avg_tt_community": 39.683544303797468, "avg_tt_education": 44.928571428571431, "avg_tt_essential_services": 44.170984455958546, "avg_tt_food_and_drink": 38.094727435210011, "avg_tt_healthcare": 43.844897959183676, "avg_tt_shelter": 46.157517899761338, "avg_tt_all": 42.813373913747078, "n_unreachable_categories": 0, "count_community": 79.0, "count_education": 252.0, "count_essential_services": 193.0, "count_food_and_drink": 1119.0, "count_healthcare": 246.0, "count_shelter": 419.0, "gravity_community_per_100": 0.0, "gravity_education_per_100": 0.0, "gravity_essential_services_per_100": 0.0, "gravity_food_and_drink_per_100": 0.0, "gravity_healthcare_per_100": 0.0, "gravity_shelter_per_100": 0.0, "shannon": 1.4642082952239008, "kl_divergence": 8.2854749304529709e-05, "jsd": 0.0045535262007234713, "city_similarity": 0.99544647379927653 }, "geometry": { "type": "Polygon", "coordinates": [ [ [ 24.738970967223008, 59.451012054668659 ], [ 24.734825124513847, 59.447050281002078 ], [ 24.726014628348864, 59.446897158030836 ], [ 24.721347957090721, 59.450705761527907 ], [ 24.723384380891915, 59.452652647647554 ], [ 24.723539352416992, 59.452602386474609 ], [ 24.724275588989258, 59.452358245849616 ], [ 24.725030899047852, 59.452106475830078 ], [ 24.725616455078125, 59.451911926269531 ], [ 24.726545333862305, 59.452617645263679 ], [ 24.7265625, 59.452625274658175 ], [ 24.72691535949707, 59.452507019042969 ], [ 24.726816177368164, 59.45243835449218 ], [ 24.726991653442383, 59.452358245849602 ], [ 24.727132797241211, 59.452434539794908 ], [ 24.727584838867188, 59.452278137207024 ], [ 24.72784423828125, 59.452518463134766 ], [ 24.727926254272461, 59.452590942382812 ], [ 24.727933883666992, 59.452602386474609 ], [ 24.727893829345703, 59.452610015869126 ], [ 24.728002548217777, 59.452724456787116 ], [ 24.728021621704102, 59.452739715576172 ], [ 24.728054046630859, 59.45277023315429 ], [ 24.728523254394531, 59.453201293945312 ], [ 24.728803634643555, 59.453460693359375 ], [ 24.729217529296875, 59.453842163085938 ], [ 24.729799270629883, 59.454383850097635 ], [ 24.730200760695681, 59.454749859742876 ], [ 24.730236816250013, 59.454750486335456 ], [ 24.730325698852539, 59.454727172851562 ], [ 24.73036003112793, 59.454715728759751 ], [ 24.729372024536133, 59.453815460205078 ], [ 24.729423522949219, 59.45379638671875 ], [ 24.729278564453125, 59.453670501708991 ], [ 24.729228973388675, 59.453685760498061 ], [ 24.728191375732422, 59.452728271484389 ], [ 24.728160858154297, 59.452697753906243 ], [ 24.729473114013672, 59.452278137207045 ], [ 24.729841232299805, 59.452159881591797 ], [ 24.730091094970703, 59.452354431152351 ], [ 24.730098724365234, 59.452362060546875 ], [ 24.730119705200199, 59.452377319335923 ], [ 24.730424880981445, 59.452629089355462 ], [ 24.730436325073242, 59.452636718750014 ], [ 24.730457305908207, 59.452648162841768 ], [ 24.730472564697266, 59.452655792236328 ], [ 24.730550765991211, 59.452716827392578 ], [ 24.730951309204102, 59.453025817871094 ], [ 24.730964660644531, 59.453037261962862 ], [ 24.730978012084961, 59.453048706054673 ], [ 24.731267929077152, 59.452957153320284 ], [ 24.731765747070312, 59.453369140625 ], [ 24.73192024230957, 59.453487396240234 ], [ 24.73219108581543, 59.453704833984368 ], [ 24.732418060302734, 59.453887939453139 ], [ 24.733180999755859, 59.453639984130845 ], [ 24.733226776123047, 59.453620910644524 ], [ 24.73350715637207, 59.453533172607422 ], [ 24.733552932739258, 59.453517913818366 ], [ 24.733583450317383, 59.45354080200196 ], [ 24.733591079711918, 59.453536987304673 ], [ 24.733608245849609, 59.453533172607408 ], [ 24.733625411987305, 59.453529357910149 ], [ 24.733634948730469, 59.453525543212884 ], [ 24.733602523803711, 59.453495025634766 ], [ 24.733675003051758, 59.453475952148438 ], [ 24.733657836914062, 59.453460693359375 ], [ 24.733732223510742, 59.453441619873047 ], [ 24.733835220336914, 59.453411102294929 ], [ 24.733957290649418, 59.453369140625 ], [ 24.733993530273438, 59.453392028808594 ], [ 24.734018325805664, 59.453388214111335 ], [ 24.734043121337894, 59.453376770019531 ], [ 24.734174728393555, 59.453338623046882 ], [ 24.734382629394531, 59.453273773193359 ], [ 24.734550476074219, 59.453216552734382 ], [ 24.734577178955078, 59.453201293945312 ], [ 24.734630584716797, 59.453163146972649 ], [ 24.734580993652347, 59.453159332275384 ], [ 24.734582901000977, 59.453132629394531 ], [ 24.734807968139648, 59.45306396484375 ], [ 24.734846115112305, 59.453052520751946 ], [ 24.734920501708984, 59.453033447265618 ], [ 24.734943389892578, 59.453025817871094 ], [ 24.734954833984375, 59.453018188476555 ], [ 24.73497200012207, 59.453014373779283 ], [ 24.735027313232422, 59.453018188476555 ], [ 24.735097885131836, 59.453018188476548 ], [ 24.735139846801758, 59.453018188476555 ], [ 24.735204696655273, 59.453018188476555 ], [ 24.73521614074707, 59.45311355590821 ], [ 24.735311508178711, 59.45311355590821 ], [ 24.736440570490124, 59.453077949566456 ], [ 24.738970967223008, 59.451012054668659 ] ] ] } },
{ "type": "Feature", "properties": { "from_id": "139", "population": 835.440380472333, "gravity_community": 17.906199197692551, "gravity_education": 43.195477246551292, "gravity_essential_services": 31.490236773488647, "gravity_food_and_drink": 292.71142129158949, "gravity_healthcare": 45.12724751102288, "gravity_shelter": 59.090556150858497, "avg_gravity": 81.58685636186722, "min_tt_community": 22.0, "min_tt_education": 13.0, "min_tt_essential_services": 25.0, "min_tt_food_and_drink": 9.0, "min_tt_healthcare": 26.0, "min_tt_shelter": 13.0, "avg_tt_community": 43.285714285714285, "avg_tt_education": 46.682432432432435, "avg_tt_essential_services": 45.74285714285714, "avg_tt_food_and_drink": 41.805936073059364, "avg_tt_healthcare": 47.360759493670884, "avg_tt_shelter": 48.10526315789474, "avg_tt_all": 45.497160430938145, "n_unreachable_categories": 0, "count_community": 56.0, "count_education": 148.0, "count_essential_services": 105.0, "count_food_and_drink": 876.0, "count_healthcare": 158.0, "count_shelter": 209.0, "gravity_community_per_100": 2.1433246005620319, "gravity_education_per_100": 5.1703841777590238, "gravity_essential_services_per_100": 3.7692979067740309, "gravity_food_and_drink_per_100": 35.03678157453907, "gravity_healthcare_per_100": 5.4016119600909507, "gravity_shelter_per_100": 7.0729830077701621, "shannon": 1.3515964041050483, "kl_divergence": 0.017471081800508319, "jsd": 0.066609058466982882, "city_similarity": 0.93339094153301716 }, "geometry": { "type": "Polygon", "coordinates": [ [ [ 24.738451876660282, 59.458782915372453 ], [ 24.747265540536898, 59.458935217925799 ], [ 24.749062946355291, 59.457467520803021 ], [ 24.749113784142427, 59.452435746478415 ], [ 24.748695116631119, 59.452035878090953 ], [ 24.739790001938687, 59.454079414552147 ], [ 24.739683151245117, 59.452526092529297 ], [ 24.73967170715332, 59.452510833740241 ], [ 24.739719390869141, 59.452457427978501 ], [ 24.739753723144531, 59.452415466308587 ], [ 24.739776611328129, 59.452381134033182 ], [ 24.739780426025391, 59.452350616455064 ], [ 24.739776611328125, 59.452259063720689 ], [ 24.739805221557617, 59.452217102050795 ], [ 24.739820480346683, 59.452171325683594 ], [ 24.739831924438477, 59.4521484375 ], [ 24.739902496337891, 59.452136993408189 ], [ 24.739997863769535, 59.452129364013672 ], [ 24.740081787109375, 59.452133178710945 ], [ 24.740137100219727, 59.4521484375 ], [ 24.740129470825195, 59.452217102050788 ], [ 24.740133285522461, 59.452262878417976 ], [ 24.740137100219727, 59.452301025390653 ], [ 24.740152359008789, 59.452331542968743 ], [ 24.740156173706055, 59.452362060546875 ], [ 24.740144729614258, 59.45240402221679 ], [ 24.740165710449219, 59.452423095703125 ], [ 24.740217208862305, 59.452434539794908 ], [ 24.740219116210938, 59.452400207519517 ], [ 24.740217208862305, 59.452362060546889 ], [ 24.740217208862305, 59.452320098876939 ], [ 24.740205764770508, 59.452278137207031 ], [ 24.740177154541016, 59.452213287353501 ], [ 24.740180969238285, 59.45209121704103 ], [ 24.740180969238285, 59.451885223388679 ], [ 24.740232467651367, 59.451839447021477 ], [ 24.74027252197266, 59.451789855957024 ], [ 24.740350723266602, 59.451766967773459 ], [ 24.740436553955078, 59.451732635498054 ], [ 24.740510940551758, 59.45170593261718 ], [ 24.740617752075195, 59.451629638671875 ], [ 24.740779876708984, 59.45155334472657 ], [ 24.740959167480469, 59.451503753662109 ], [ 24.74127197265625, 59.451431274414062 ], [ 24.741437911987305, 59.451385498046861 ], [ 24.741514205932617, 59.451381683349595 ], [ 24.741573333740238, 59.451385498046861 ], [ 24.741754531860352, 59.451316833496072 ], [ 24.742118835449219, 59.451171875 ], [ 24.742353289324818, 59.451070567934451 ], [ 24.738970967223008, 59.451012054668659 ], [ 24.736440570490124, 59.453077949566456 ], [ 24.736763000488281, 59.453067779541023 ], [ 24.737277984619141, 59.453048706054688 ], [ 24.737794876098633, 59.453033447265632 ], [ 24.739498138427734, 59.452980041503892 ], [ 24.739526748657227, 59.453468322753913 ], [ 24.739535287139631, 59.453563752851387 ], [ 24.739559173583984, 59.453830718994126 ], [ 24.739572623129906, 59.454129298913628 ], [ 24.73474148808765, 59.455238039296368 ], [ 24.738451876660282, 59.458782915372453 ] ] ] } },
{ "type": "Feature", "properties": { "from_id": "140", "population": 89.204045448698423, "gravity_community": 17.824316154603398, "gravity_education": 43.764781737792042, "gravity_essential_services": 31.460220966653232, "gravity_food_and_drink": 289.18848972505509, "gravity_healthcare": 45.234190591995166, "gravity_shelter": 59.439747219018592, "avg_gravity": 81.151957732519591, "min_tt_community": 29.0, "min_tt_education": 15.0, "min_tt_essential_services": 22.0, "min_tt_food_and_drink": 11.0, "min_tt_healthcare": 28.0, "min_tt_shelter": 20.0, "avg_tt_community": 43.25, "avg_tt_education": 46.61904761904762, "avg_tt_essential_services": 45.723809523809521, "avg_tt_food_and_drink": 42.252847380410024, "avg_tt_healthcare": 47.177215189873415, "avg_tt_shelter": 48.132701421800945, "avg_tt_all": 45.525936855823595, "n_unreachable_categories": 0, "count_community": 56.0, "count_education": 148.0, "count_essential_services": 105.0, "count_food_and_drink": 878.0, "count_healthcare": 158.0, "count_shelter": 211.0, "gravity_community_per_100": 19.981511000926776, "gravity_education_per_100": 49.061431595006901, "gravity_essential_services_per_100": 35.26770653551371, "gravity_food_and_drink_per_100": 324.18764000043979, "gravity_healthcare_per_100": 50.708676231516336, "gravity_shelter_per_100": 66.633465915178263, "shannon": 1.3514297860795603, "kl_divergence": 0.017230228154353079, "jsd": 0.066120615047971884, "city_similarity": 0.93387938495202816 }, "geometry": { "type": "MultiPolygon", "coordinates": [ [ [ [ 24.720824829115642, 59.458476527796378 ], [ 24.724970390998617, 59.462438737922263 ], [ 24.733784924576231, 59.462591955328818 ], [ 24.738451876660282, 59.458782915372453 ], [ 24.73474148808765, 59.455238039296368 ], [ 24.731472721066474, 59.455988074590017 ], [ 24.731449127197266, 59.455986022949226 ], [ 24.731378555297852, 59.455970764160156 ], [ 24.731225967407227, 59.455963134765618 ], [ 24.731016159057617, 59.455970764160163 ], [ 24.73090934753418, 59.455986022949226 ], [ 24.730783462524418, 59.456047058105476 ], [ 24.730602264404297, 59.456100463867173 ], [ 24.730466842651367, 59.456153869628913 ], [ 24.729228973388675, 59.456581115722649 ], [ 24.728006362915039, 59.456981658935554 ], [ 24.727958679199219, 59.456939697265611 ], [ 24.727872848510742, 59.456966400146477 ], [ 24.727828979492188, 59.456977844238274 ], [ 24.727807998657227, 59.456989288330064 ], [ 24.727807998657227, 59.457012176513672 ], [ 24.727811813354492, 59.457031249999986 ], [ 24.727827072143555, 59.457046508789062 ], [ 24.727848052978516, 59.457061767578132 ], [ 24.727870941162109, 59.457069396972642 ], [ 24.727888107299805, 59.457073211669929 ], [ 24.727914810180664, 59.457073211669929 ], [ 24.727915682314055, 59.457073077495544 ], [ 24.727062565805124, 59.45735585365103 ], [ 24.727066040039062, 59.457351684570298 ], [ 24.727073669433594, 59.457336425781257 ], [ 24.727073669433594, 59.457324981689446 ], [ 24.727071762084964, 59.457309722900398 ], [ 24.727058410644531, 59.457298278808601 ], [ 24.72703742980957, 59.45728683471679 ], [ 24.727008819580078, 59.457275390625007 ], [ 24.726987838745117, 59.457271575927734 ], [ 24.726949691772461, 59.45726394653321 ], [ 24.726785659790039, 59.457324981689453 ], [ 24.726844787597656, 59.457370758056634 ], [ 24.726137161254883, 59.457603454589851 ], [ 24.725852966308594, 59.457698822021477 ], [ 24.725147247314453, 59.457935333251946 ], [ 24.724880218505859, 59.458023071289062 ], [ 24.724859237670898, 59.458019256591804 ], [ 24.724815368652344, 59.457981109619126 ], [ 24.724706649780273, 59.458015441894531 ], [ 24.724678039550785, 59.458026885986328 ], [ 24.724664688110352, 59.458034515380859 ], [ 24.724660873413089, 59.458049774169908 ], [ 24.724664688110352, 59.45806503295897 ], [ 24.724674224853516, 59.458080291748061 ], [ 24.724681854248047, 59.458091735839837 ], [ 24.724691390991211, 59.458099365234375 ], [ 24.724702835083008, 59.458099365234375 ], [ 24.724733352661133, 59.458103179931634 ], [ 24.724773406982422, 59.458114624023445 ], [ 24.721411019947571, 59.457998299283062 ], [ 24.720824829115642, 59.458476527796378 ] ], [ [ 24.730825424194336, 59.456081390380866 ], [ 24.730974197387695, 59.456024169921868 ], [ 24.731044769287109, 59.456008911132791 ], [ 24.73115348815918, 59.456020355224602 ], [ 24.731283187866211, 59.456016540527344 ], [ 24.731302757525775, 59.456027078036342 ], [ 24.730550765991211, 59.456199645996101 ], [ 24.730825424194336, 59.456081390380866 ] ], [ [ 24.726001739501953, 59.457707477820186 ], [ 24.726001739501953, 59.45769119262696 ], [ 24.726005554199219, 59.457683563232436 ], [ 24.726073888193564, 59.457683563232422 ], [ 24.726001739501953, 59.457707477820186 ] ], [ [ 24.726686477661133, 59.457450866699205 ], [ 24.7267126792174, 59.457471827944225 ], [ 24.72608662211886, 59.457679342413336 ], [ 24.726095199584961, 59.457641601562507 ], [ 24.726221084594727, 59.457603454589837 ], [ 24.726686477661133, 59.457450866699205 ] ] ], [ [ [ 24.730200760695681, 59.454749859742876 ], [ 24.730209350585938, 59.454757690429709 ], [ 24.730236816250013, 59.454750486335456 ], [ 24.730200760695681, 59.454749859742876 ] ] ] ] } },
{ "type": "Feature", "properties": { "from_id": "141", "population": 268.06278343983342, "gravity_community": 14.754995113924625, "gravity_education": 32.937440795347655, "gravity_essential_services": 23.15425780436366, "gravity_food_and_drink": 232.77136570653553, "gravity_healthcare": 33.803243706086363, "gravity_shelter": 37.920555087734023, "avg_gravity": 62.556976368998647, "min_tt_community": 34.0, "min_tt_education": 25.0, "min_tt_essential_services": 35.0, "min_tt_food_and_drink": 20.0, "min_tt_healthcare": 37.0, "min_tt_shelter": 25.0, "avg_tt_community": 48.20754716981132, "avg_tt_education": 50.763779527559052, "avg_tt_essential_services": 49.0, "avg_tt_food_and_drink": 46.600250626566414, "avg_tt_healthcare": 50.916030534351144, "avg_tt_shelter": 50.111888111888113, "avg_tt_all": 49.266582661696013, "n_unreachable_categories": 0, "count_community": 53.0, "count_education": 127.0, "count_essential_services": 85.0, "count_food_and_drink": 799.0, "count_healthcare": 131.0, "count_shelter": 143.0, "gravity_community_per_100": 5.5043057169614062, "gravity_education_per_100": 12.287211366191178, "gravity_essential_services_per_100": 8.6376249277291492, "gravity_food_and_drink_per_100": 86.834644749848678, "gravity_healthcare_per_100": 12.610196489164444, "gravity_shelter_per_100": 14.146146884371689, "shannon": 1.3008702434222414, "kl_divergence": 0.037438947136743138, "jsd": 0.09845054528309026, "city_similarity": 0.90154945471690973 }, "geometry": { "type": "Polygon", "coordinates": [ [ [ 24.747265540536898, 59.458935217925799 ], [ 24.738451876660282, 59.458782915372453 ], [ 24.733784924576231, 59.462591955328818 ], [ 24.737932506250761, 59.466553763986525 ], [ 24.746748190024892, 59.466706113504969 ], [ 24.748988020698047, 59.464877589122807 ], [ 24.749031067594004, 59.460621148204297 ], [ 24.747265540536898, 59.458935217925799 ] ] ] } },
{ "type": "Feature", "properties": { "from_id": "142", "population": 399.85560112394739, "gravity_community": 0.0, "gravity_education": 0.0, "gravity_essential_services": 0.21675967734687365, "gravity_food_and_drink": 1.4108747864809867, "gravity_healthcare": 0.43941239271583432, "gravity_shelter": 1.5272384223635078, "avg_gravity": 0.59904754648453373, "min_tt_community": null, "min_tt_education": null, "min_tt_essential_services": 57.0, "min_tt_food_and_drink": 59.0, "min_tt_healthcare": 56.0, "min_tt_shelter": 33.0, "avg_tt_community": null, "avg_tt_education": null, "avg_tt_essential_services": 57.0, "avg_tt_food_and_drink": 59.0, "avg_tt_healthcare": 56.5, "avg_tt_shelter": 52.333333333333336, "avg_tt_all": 56.208333333333336, "n_unreachable_categories": 2, "count_community": 0.0, "count_education": 0.0, "count_essential_services": 1.0, "count_food_and_drink": 3.0, "count_healthcare": 2.0, "count_shelter": 6.0, "gravity_community_per_100": 0.0, "gravity_education_per_100": 0.0, "gravity_essential_services_per_100": 0.054209488809857237, "gravity_food_and_drink_per_100": 0.35284607306117072, "gravity_healthcare_per_100": 0.10989276915984104, "gravity_shelter_per_100": 0.38194748756066416, "shannon": 1.198849317754402, "kl_divergence": 0.40522852406814602, "jsd": 0.32960550075637618, "city_similarity": 0.67039449924362382 }, "geometry": { "type": "Polygon", "coordinates": [ [ [ 24.746748190024892, 59.466706113504969 ], [ 24.748948265187522, 59.468806540100886 ], [ 24.748988020698047, 59.464877589122807 ], [ 24.746748190024892, 59.466706113504969 ] ] ] } },
{ "type": "Feature", "properties": { "from_id": "143", "population": 0.0, "gravity_community": 14.74812657130996, "gravity_education": 31.898200139598675, "gravity_essential_services": 25.941411410158047, "gravity_food_and_drink": 206.0830759781395, "gravity_healthcare": 31.626941125007772, "gravity_shelter": 53.640812997590729, "avg_gravity": 60.656428036967441, "min_tt_community": 30.0, "min_tt_education": 34.0, "min_tt_essential_services": 27.0, "min_tt_food_and_drink": 29.0, "min_tt_healthcare": 26.0, "min_tt_shelter": 14.0, "avg_tt_community": 48.188679245283019, "avg_tt_education": 49.781512605042018, "avg_tt_essential_services": 50.575757575757578, "avg_tt_food_and_drink": 49.487614080834419, "avg_tt_healthcare": 50.516666666666666, "avg_tt_shelter": 50.24875621890547, "avg_tt_all": 49.799831065414857, "n_unreachable_categories": 0, "count_community": 53.0, "count_education": 119.0, "count_essential_services": 99.0, "count_food_and_drink": 767.0, "count_healthcare": 120.0, "count_shelter": 201.0, "gravity_community_per_100": 0.0, "gravity_education_per_100": 0.0, "gravity_essential_services_per_100": 0.0, "gravity_food_and_drink_per_100": 0.0, "gravity_healthcare_per_100": 0.0, "gravity_shelter_per_100": 0.0, "shannon": 1.3504067661860719, "kl_divergence": 0.016514677060178881, "jsd": 0.064473451535842857, "city_similarity": 0.93552654846415717 }, "geometry": { "type": "Polygon", "coordinates": [ [ [ 24.733784924576231, 59.462591955328818 ], [ 24.724970390998617, 59.462438737922263 ], [ 24.720301419123018, 59.466247281931885 ], [ 24.724447850057928, 59.470209509684601 ], [ 24.733264403970125, 59.470362774341275 ], [ 24.737932506250761, 59.466553763986525 ], [ 24.733784924576231, 59.462591955328818 ] ] ] } },
{ "type": "Feature", "properties": { "from_id": "144", "population": 2229.6386348462493, "gravity_community": 0.24787115830585713, "gravity_education": 0.0, "gravity_essential_services": 0.21675967734687365, "gravity_food_and_drink": 1.683729167789733, "gravity_healthcare": 0.67006822889322415, "gravity_shelter": 1.715255638405065, "avg_gravity": 0.75561397845679223, "min_tt_community": 52.0, "min_tt_education": null, "min_tt_essential_services": 57.0, "min_tt_food_and_drink": 50.0, "min_tt_healthcare": 52.0, "min_tt_shelter": 24.0, "avg_tt_community": 52.0, "avg_tt_education": null, "avg_tt_essential_services": 57.0, "avg_tt_food_and_drink": 55.333333333333336, "avg_tt_healthcare": 56.0, "avg_tt_shelter": 49.333333333333336, "avg_tt_all": 53.933333333333337, "n_unreachable_categories": 1, "count_community": 1.0, "count_education": 0.0, "count_essential_services": 1.0, "count_food_and_drink": 4.0, "count_healthcare": 3.0, "count_shelter": 6.0, "gravity_community_per_100": 0.011117100073167225, "gravity_education_per_100": 0.0, "gravity_essential_services_per_100": 0.0097217402837936062, "gravity_food_and_drink_per_100": 0.075515787243516222, "gravity_healthcare_per_100": 0.030052772607227021, "gravity_shelter_per_100": 0.076929759450609134, "shannon": 1.4019454621076721, "kl_divergence": 0.30478602452869707, "jsd": 0.28939852193796095, "city_similarity": 0.7106014780620391 }, "geometry": { "type": "Polygon", "coordinates": [ [ [ 24.746748190024892, 59.466706113504969 ], [ 24.737932506250761, 59.466553763986525 ], [ 24.733264403970125, 59.470362774341275 ], [ 24.737412855782786, 59.474324600510172 ], [ 24.746230560540734, 59.474476997015252 ], [ 24.748913024653575, 59.472287649387752 ], [ 24.748948265187522, 59.468806540100886 ], [ 24.746748190024892, 59.466706113504969 ] ] ] } },
{ "type": "Feature", "properties": { "from_id": "145", "population": 61.291128589032134, "gravity_community": 0.21675967734687365, "gravity_education": 0.0, "gravity_essential_services": 0.21675967734687365, "gravity_food_and_drink": 1.428090108609454, "gravity_healthcare": 0.43941239271583432, "gravity_shelter": 1.6052296085406415, "avg_gravity": 0.65104191075994622, "min_tt_community": 57.0, "min_tt_education": null, "min_tt_essential_services": 57.0, "min_tt_food_and_drink": 56.0, "min_tt_healthcare": 56.0, "min_tt_shelter": 29.0, "avg_tt_community": 57.0, "avg_tt_education": null, "avg_tt_essential_services": 57.0, "avg_tt_food_and_drink": 57.5, "avg_tt_healthcare": 56.5, "avg_tt_shelter": 51.0, "avg_tt_all": 55.8, "n_unreachable_categories": 1, "count_community": 1.0, "count_education": 0.0, "count_essential_services": 1.0, "count_food_and_drink": 3.0, "count_healthcare": 2.0, "count_shelter": 6.0, "gravity_community_per_100": 0.35365587538824034, "gravity_education_per_100": 0.0, "gravity_essential_services_per_100": 0.35365587538824034, "gravity_food_and_drink_per_100": 2.3300111149609446, "gravity_healthcare_per_100": 0.71692658110796459, "gravity_shelter_per_100": 2.6190243930797719, "shannon": 1.3778195107657407, "kl_divergence": 0.36419041487835585, "jsd": 0.311772969302687, "city_similarity": 0.68822703069731306 }, "geometry": { "type": "Polygon", "coordinates": [ [ [ 24.746230560540734, 59.474476997015252 ], [ 24.748865376866771, 59.476991922169532 ], [ 24.748913024653575, 59.472287649387752 ], [ 24.746230560540734, 59.474476997015252 ] ] ] } },
{ "type": "Feature", "properties": { "from_id": "146", "population": 3.9379820944997928, "gravity_community": 14.74812657130996, "gravity_education": 31.898200139598675, "gravity_essential_services": 25.941411410158047, "gravity_food_and_drink": 206.0830759781395, "gravity_healthcare": 31.626941125007772, "gravity_shelter": 53.750618423498352, "avg_gravity": 60.674728941285373, "min_tt_community": 30.0, "min_tt_education": 34.0, "min_tt_essential_services": 27.0, "min_tt_food_and_drink": 29.0, "min_tt_healthcare": 26.0, "min_tt_shelter": 13.0, "avg_tt_community": 48.188679245283019, "avg_tt_education": 49.781512605042018, "avg_tt_essential_services": 50.575757575757578, "avg_tt_food_and_drink": 49.487614080834419, "avg_tt_healthcare": 50.516666666666666, "avg_tt_shelter": 50.203980099502488, "avg_tt_all": 49.792368378847698, "n_unreachable_categories": 0, "count_community": 53.0, "count_education": 119.0, "count_essential_services": 99.0, "count_food_and_drink": 767.0, "count_healthcare": 120.0, "count_shelter": 201.0, "gravity_community_per_100": 374.50974172555971, "gravity_education_per_100": 810.01384399769393, "gravity_essential_services_per_100": 658.74884109784546, "gravity_food_and_drink_per_100": 5233.2151602714794, "gravity_healthcare_per_100": 803.12556954439549, "gravity_shelter_per_100": 1364.9279538008113, "shannon": 1.3504067661860719, "kl_divergence": 0.016514677060178881, "jsd": 0.064473451535842857, "city_similarity": 0.93552654846415717 }, "geometry": { "type": "Polygon", "coordinates": [ [ [ 24.733264403970125, 59.470362774341275 ], [ 24.724447850057928, 59.470209509684601 ], [ 24.719777726899551, 59.474018023933624 ], [ 24.723925027322942, 59.477980269323687 ], [ 24.732743602656321, 59.478133581252145 ], [ 24.737412855782786, 59.474324600510172 ], [ 24.733264403970125, 59.470362774341275 ] ] ] } },
{ "type": "Feature", "properties": { "from_id": "147", "population": 0.0, "gravity_community": 0.2349237886176038, "gravity_education": 0.0, "gravity_essential_services": 0.21675967734687365, "gravity_food_and_drink": 0.65777065966664494, "gravity_healthcare": 0.45168346596447745, "gravity_shelter": 1.6694671500375851, "avg_gravity": 0.53843412360553078, "min_tt_community": 54.0, "min_tt_education": null, "min_tt_essential_services": 57.0, "min_tt_food_and_drink": 53.0, "min_tt_healthcare": 54.0, "min_tt_shelter": 26.0, "avg_tt_community": 54.0, "avg_tt_education": null, "avg_tt_essential_services": 57.0, "avg_tt_food_and_drink": 56.666666666666664, "avg_tt_healthcare": 55.5, "avg_tt_shelter": 50.0, "avg_tt_all": 54.633333333333326, "n_unreachable_categories": 1, "count_community": 1.0, "count_education": 0.0, "count_essential_services": 1.0, "count_food_and_drink": 3.0, "count_healthcare": 2.0, "count_shelter": 6.0, "gravity_community_per_100": 0.0, "gravity_education_per_100": 0.0, "gravity_essential_services_per_100": 0.0, "gravity_food_and_drink_per_100": 0.0, "gravity_healthcare_per_100": 0.0, "gravity_shelter_per_100": 0.0, "shannon": 1.3778195107657407, "kl_divergence": 0.36419041487835585, "jsd": 0.311772969302687, "city_similarity": 0.68822703069731306 }, "geometry": { "type": "Polygon", "coordinates": [ [ [ 24.746230560540734, 59.474476997015252 ], [ 24.737412855782786, 59.474324600510172 ], [ 24.732743602656321, 59.478133581252145 ], [ 24.736892925044476, 59.482095424942692 ], [ 24.745712651873358, 59.482247868455957 ], [ 24.748837958180154, 59.479697701598873 ], [ 24.748865376866771, 59.476991922169532 ], [ 24.746230560540734, 59.474476997015252 ] ] ] } },
{ "type": "Feature", "properties": { "from_id": "148", "population": 0.0, "gravity_community": 36.152340033264828, "gravity_education": 100.07241743012371, "gravity_essential_services": 77.181877571518683, "gravity_food_and_drink": 480.23724150809431, "gravity_healthcare": 98.631752067850499, "gravity_shelter": 165.33182030403495, "avg_gravity": 159.60124148581448, "min_tt_community": 6.0, "min_tt_education": 3.0, "min_tt_essential_services": 6.0, "min_tt_food_and_drink": 2.0, "min_tt_healthcare": 7.0, "min_tt_shelter": 8.0, "avg_tt_community": 35.820224719101127, "avg_tt_education": 39.379562043795623, "avg_tt_essential_services": 40.056338028169016, "avg_tt_food_and_drink": 35.27042965459141, "avg_tt_healthcare": 39.92, "avg_tt_shelter": 40.651804670912952, "avg_tt_all": 38.516393186095023, "n_unreachable_categories": 0, "count_community": 89.0, "count_education": 274.0, "count_essential_services": 214.0, "count_food_and_drink": 1187.0, "count_healthcare": 275.0, "count_shelter": 471.0, "gravity_community_per_100": 0.0, "gravity_education_per_100": 0.0, "gravity_essential_services_per_100": 0.0, "gravity_food_and_drink_per_100": 0.0, "gravity_healthcare_per_100": 0.0, "gravity_shelter_per_100": 0.0, "shannon": 1.4804895484031939, "kl_divergence": 0.00015185543455388962, "jsd": 0.0061505816361208613, "city_similarity": 0.99384941836387919 }, "geometry": { "type": "Polygon", "coordinates": [ [ [ 24.681431492788672, 59.453893192648529 ], [ 24.672619546620833, 59.453736458360986 ], [ 24.66794595419714, 59.457543106232585 ], [ 24.67208517326765, 59.461506955037777 ], [ 24.680899138254642, 59.461663737650092 ], [ 24.685571864990322, 59.457856623123611 ], [ 24.681431492788672, 59.453893192648529 ] ] ] } },
{ "type": "Feature", "properties": { "from_id": "149", "population": 0.0, "gravity_community": 0.0, "gravity_education": 0.0, "gravity_essential_services": 0.0, "gravity_food_and_drink": 0.0, "gravity_healthcare": 1.0, "gravity_shelter": 0.0, "avg_gravity": 0.16666666666666666, "min_tt_community": null, "min_tt_education": null, "min_tt_essential_services": null, "min_tt_food_and_drink": null, "min_tt_healthcare": null, "min_tt_shelter": null, "avg_tt_community": null, "avg_tt_education": null, "avg_tt_essential_services": null, "avg_tt_food_and_drink": null, "avg_tt_healthcare": null, "avg_tt_shelter": null, "avg_tt_all": null, "n_unreachable_categories": 6, "count_community": 0.0, "count_education": 0.0, "count_essential_services": 0.0, "count_food_and_drink": 0.0, "count_healthcare": 1.0, "count_shelter": 0.0, "gravity_community_per_100": 0.0, "gravity_education_per_100": 0.0, "gravity_essential_services_per_100": 0.0, "gravity_food_and_drink_per_100": 0.0, "gravity_healthcare_per_100": 0.0, "gravity_shelter_per_100": 0.0, "shannon": 1.1412925456691193e-08, "kl_divergence": 2.2209536863031425, "jsd": 0.71802445722173791, "city_similarity": 0.28197554277826209 }, "geometry": { "type": "Polygon", "coordinates": [ [ [ 24.645643855942591, 59.461033042318839 ], [ 24.65445753174988, 59.461191607359083 ], [ 24.659133142883746, 59.457385456693764 ], [ 24.657547131092191, 59.45586587040777 ], [ 24.641701108892324, 59.457253688088052 ], [ 24.645643855942591, 59.461033042318839 ] ] ] } },
{ "type": "Feature", "properties": { "from_id": "150", "population": 0.0, "gravity_community": 0.0, "gravity_education": 0.0, "gravity_essential_services": 1.0, "gravity_food_and_drink": 0.0, "gravity_healthcare": 0.0, "gravity_shelter": 0.0, "avg_gravity": 0.16666666666666666, "min_tt_community": null, "min_tt_education": null, "min_tt_essential_services": null, "min_tt_food_and_drink": null, "min_tt_healthcare": null, "min_tt_shelter": null, "avg_tt_community": null, "avg_tt_education": null, "avg_tt_essential_services": null, "avg_tt_food_and_drink": null, "avg_tt_healthcare": null, "avg_tt_shelter": null, "avg_tt_all": null, "n_unreachable_categories": 6, "count_community": 0.0, "count_education": 0.0, "count_essential_services": 1.0, "count_food_and_drink": 0.0, "count_healthcare": 0.0, "count_shelter": 0.0, "gravity_community_per_100": 0.0, "gravity_education_per_100": 0.0, "gravity_essential_services_per_100": 0.0, "gravity_food_and_drink_per_100": 0.0, "gravity_healthcare_per_100": 0.0, "gravity_shelter_per_100": 0.0, "shannon": 1.1412925456691193e-08, "kl_divergence": 2.4819633277811195, "jsd": 0.73887622432123612, "city_similarity": 0.26112377567876388 }, "geometry": { "type": "Polygon", "coordinates": [ [ [ 24.66794595419714, 59.457543106232585 ], [ 24.659133142883746, 59.457385456693764 ], [ 24.65445753174988, 59.461191607359083 ], [ 24.658595596604169, 59.465155874397233 ], [ 24.667410427170289, 59.465313572545966 ], [ 24.67208517326765, 59.461506955037777 ], [ 24.66794595419714, 59.457543106232585 ] ] ] } },
{ "type": "Feature", "properties": { "from_id": "151", "population": 0.0, "gravity_community": 20.902789921380538, "gravity_education": 57.830467998817433, "gravity_essential_services": 40.128579949871394, "gravity_food_and_drink": 310.69757440394238, "gravity_healthcare": 57.216624684746115, "gravity_shelter": 85.629605940790697, "avg_gravity": 95.400940483258083, "min_tt_community": 14.0, "min_tt_education": 17.0, "min_tt_essential_services": 21.0, "min_tt_food_and_drink": 10.0, "min_tt_healthcare": 11.0, "min_tt_shelter": 20.0, "avg_tt_community": 40.233333333333334, "avg_tt_education": 45.848958333333336, "avg_tt_essential_services": 46.104477611940297, "avg_tt_food_and_drink": 42.579390115667721, "avg_tt_healthcare": 46.897435897435898, "avg_tt_shelter": 47.454545454545453, "avg_tt_all": 44.853023457709334, "n_unreachable_categories": 0, "count_community": 60.0, "count_education": 192.0, "count_essential_services": 134.0, "count_food_and_drink": 951.0, "count_healthcare": 195.0, "count_shelter": 297.0, "gravity_community_per_100": 0.0, "gravity_education_per_100": 0.0, "gravity_essential_services_per_100": 0.0, "gravity_food_and_drink_per_100": 0.0, "gravity_healthcare_per_100": 0.0, "gravity_shelter_per_100": 0.0, "shannon": 1.4141055397513607, "kl_divergence": 0.0038392302979031387, "jsd": 0.031079728873512742, "city_similarity": 0.96892027112648726 }, "geometry": { "type": "Polygon", "coordinates": [ [ [ 24.680899138254642, 59.461663737650092 ], [ 24.67208517326765, 59.461506955037777 ], [ 24.667410427170289, 59.465313572545966 ], [ 24.671550511819994, 59.469277439460456 ], [ 24.680366496711482, 59.469434270419683 ], [ 24.685040376686846, 59.465627186108698 ], [ 24.680899138254642, 59.461663737650092 ] ] ] } },
{ "type": "Feature", "properties": { "from_id": "152", "population": 0.0, "gravity_community": 0.0, "gravity_education": 0.0, "gravity_essential_services": 0.0, "gravity_food_and_drink": 1.0, "gravity_healthcare": 0.0, "gravity_shelter": 0.0, "avg_gravity": 0.16666666666666666, "min_tt_community": null, "min_tt_education": null, "min_tt_essential_services": null, "min_tt_food_and_drink": null, "min_tt_healthcare": null, "min_tt_shelter": null, "avg_tt_community": null, "avg_tt_education": null, "avg_tt_essential_services": null, "avg_tt_food_and_drink": null, "avg_tt_healthcare": null, "avg_tt_shelter": null, "avg_tt_all": null, "n_unreachable_categories": 6, "count_community": 0.0, "count_education": 0.0, "count_essential_services": 0.0, "count_food_and_drink": 1.0, "count_healthcare": 0.0, "count_shelter": 0.0, "gravity_community_per_100": 0.0, "gravity_education_per_100": 0.0, "gravity_essential_services_per_100": 0.0, "gravity_food_and_drink_per_100": 0.0, "gravity_healthcare_per_100": 0.0, "gravity_shelter_per_100": 0.0, "shannon": 1.1412925456691193e-08, "kl_divergence": 0.73388955517277454, "jsd": 0.47630023541647937, "city_similarity": 0.52369976458352063 }, "geometry": { "type": "Polygon", "coordinates": [ [ [ 24.65445753174988, 59.461191607359083 ], [ 24.645643855942591, 59.461033042318839 ], [ 24.64096622566565, 59.464838695430416 ], [ 24.645103135218331, 59.468803380604172 ], [ 24.653918830711401, 59.468961994539619 ], [ 24.658595596604169, 59.465155874397233 ], [ 24.65445753174988, 59.461191607359083 ] ] ] } },
{ "type": "Feature", "properties": { "from_id": "153", "population": 14.420711558016098, "gravity_community": 0.0, "gravity_education": 0.0, "gravity_essential_services": 0.0, "gravity_food_and_drink": 1.0, "gravity_healthcare": 0.0, "gravity_shelter": 0.0, "avg_gravity": 0.16666666666666666, "min_tt_community": null, "min_tt_education": null, "min_tt_essential_services": null, "min_tt_food_and_drink": null, "min_tt_healthcare": null, "min_tt_shelter": null, "avg_tt_community": null, "avg_tt_education": null, "avg_tt_essential_services": null, "avg_tt_food_and_drink": null, "avg_tt_healthcare": null, "avg_tt_shelter": null, "avg_tt_all": null, "n_unreachable_categories": 6, "count_community": 0.0, "count_education": 0.0, "count_essential_services": 0.0, "count_food_and_drink": 1.0, "count_healthcare": 0.0, "count_shelter": 0.0, "gravity_community_per_100": 0.0, "gravity_education_per_100": 0.0, "gravity_essential_services_per_100": 0.0, "gravity_food_and_drink_per_100": 6.9344705771063424, "gravity_healthcare_per_100": 0.0, "gravity_shelter_per_100": 0.0, "shannon": 1.1412925456691193e-08, "kl_divergence": 0.73388955517277454, "jsd": 0.47630023541647937, "city_similarity": 0.52369976458352063 }, "geometry": { "type": "Polygon", "coordinates": [ [ [ 24.667410427170289, 59.465313572545966 ], [ 24.658595596604169, 59.465155874397233 ], [ 24.653918830711401, 59.468961994539619 ], [ 24.658057760492703, 59.472926279812768 ], [ 24.666874611397191, 59.473084026593696 ], [ 24.671550511819994, 59.469277439460456 ], [ 24.667410427170289, 59.465313572545966 ] ] ] } },
{ "type": "Feature", "properties": { "from_id": "154", "population": 0.0, "gravity_community": 0.0, "gravity_education": 0.0, "gravity_essential_services": 0.0, "gravity_food_and_drink": 1.0, "gravity_healthcare": 0.0, "gravity_shelter": 0.0, "avg_gravity": 0.16666666666666666, "min_tt_community": null, "min_tt_education": null, "min_tt_essential_services": null, "min_tt_food_and_drink": null, "min_tt_healthcare": null, "min_tt_shelter": null, "avg_tt_community": null, "avg_tt_education": null, "avg_tt_essential_services": null, "avg_tt_food_and_drink": null, "avg_tt_healthcare": null, "avg_tt_shelter": null, "avg_tt_all": null, "n_unreachable_categories": 6, "count_community": 0.0, "count_education": 0.0, "count_essential_services": 0.0, "count_food_and_drink": 1.0, "count_healthcare": 0.0, "count_shelter": 0.0, "gravity_community_per_100": 0.0, "gravity_education_per_100": 0.0, "gravity_essential_services_per_100": 0.0, "gravity_food_and_drink_per_100": 0.0, "gravity_healthcare_per_100": 0.0, "gravity_shelter_per_100": 0.0, "shannon": 1.1412925456691193e-08, "kl_divergence": 0.73388955517277454, "jsd": 0.47630023541647937, "city_similarity": 0.52369976458352063 }, "geometry": { "type": "Polygon", "coordinates": [ [ [ 24.653918830711401, 59.468961994539619 ], [ 24.645103135218331, 59.468803380604172 ], [ 24.640424349096953, 59.472609003033156 ], [ 24.644562122923649, 59.476573706567549 ], [ 24.653379839188439, 59.476732369420596 ], [ 24.658057760492703, 59.472926279812768 ], [ 24.653918830711401, 59.468961994539619 ] ] ] } },
{ "type": "Feature", "properties": { "from_id": "155", "population": 2920.8199314366766, "gravity_community": 0.0, "gravity_education": 0.0, "gravity_essential_services": 0.0, "gravity_food_and_drink": 1.0, "gravity_healthcare": 0.0, "gravity_shelter": 0.47657712552244114, "avg_gravity": 0.24609618758707352, "min_tt_community": null, "min_tt_education": null, "min_tt_essential_services": null, "min_tt_food_and_drink": null, "min_tt_healthcare": null, "min_tt_shelter": 52.0, "avg_tt_community": null, "avg_tt_education": null, "avg_tt_essential_services": null, "avg_tt_food_and_drink": null, "avg_tt_healthcare": null, "avg_tt_shelter": 53.5, "avg_tt_all": 53.5, "n_unreachable_categories": 5, "count_community": 0.0, "count_education": 0.0, "count_essential_services": 0.0, "count_food_and_drink": 1.0, "count_healthcare": 0.0, "count_shelter": 2.0, "gravity_community_per_100": 0.0, "gravity_education_per_100": 0.0, "gravity_essential_services_per_100": 0.0, "gravity_food_and_drink_per_100": 0.034236961657137334, "gravity_healthcare_per_100": 0.0, "gravity_shelter_per_100": 0.016316552773180545, "shannon": 0.63651417745556094, "kl_divergence": 0.73293730721664541, "jsd": 0.44160427125650337, "city_similarity": 0.55839572874349663 }, "geometry": { "type": "Polygon", "coordinates": [ [ [ 24.680366496711482, 59.469434270419683 ], [ 24.671550511819994, 59.469277439460456 ], [ 24.666874611397191, 59.473084026593696 ], [ 24.67101556205996, 59.477047911628148 ], [ 24.679833567942115, 59.477204790956463 ], [ 24.684508601808641, 59.473397736872407 ], [ 24.680366496711482, 59.469434270419683 ] ] ] } },
{ "type": "Feature", "properties": { "from_id": "156", "population": 5.0852726863544522, "gravity_community": 0.0, "gravity_education": 0.0, "gravity_essential_services": 0.0, "gravity_food_and_drink": 1.0, "gravity_healthcare": 0.0, "gravity_shelter": 0.0, "avg_gravity": 0.16666666666666666, "min_tt_community": null, "min_tt_education": null, "min_tt_essential_services": null, "min_tt_food_and_drink": null, "min_tt_healthcare": null, "min_tt_shelter": null, "avg_tt_community": null, "avg_tt_education": null, "avg_tt_essential_services": null, "avg_tt_food_and_drink": null, "avg_tt_healthcare": null, "avg_tt_shelter": null, "avg_tt_all": null, "n_unreachable_categories": 6, "count_community": 0.0, "count_education": 0.0, "count_essential_services": 0.0, "count_food_and_drink": 1.0, "count_healthcare": 0.0, "count_shelter": 0.0, "gravity_community_per_100": 0.0, "gravity_education_per_100": 0.0, "gravity_essential_services_per_100": 0.0, "gravity_food_and_drink_per_100": 19.664628854286345, "gravity_healthcare_per_100": 0.0, "gravity_shelter_per_100": 0.0, "shannon": 1.1412925456691193e-08, "kl_divergence": 0.73388955517277454, "jsd": 0.47630023541647937, "city_similarity": 0.52369976458352063 }, "geometry": { "type": "Polygon", "coordinates": [ [ [ 24.666874611397191, 59.473084026593696 ], [ 24.658057760492703, 59.472926279812768 ], [ 24.653379839188439, 59.476732369420596 ], [ 24.657519634330097, 59.480696672939487 ], [ 24.666338506659418, 59.48085446837495 ], [ 24.67101556205996, 59.477047911628148 ], [ 24.666874611397191, 59.473084026593696 ] ] ] } },
{ "type": "Feature", "properties": { "from_id": "157", "population": 1607.4715174219536, "gravity_community": 36.598964589006464, "gravity_education": 103.78982415310129, "gravity_essential_services": 79.422914065723958, "gravity_food_and_drink": 493.87512702190753, "gravity_healthcare": 101.93114741808661, "gravity_shelter": 171.33351207300851, "avg_gravity": 164.49191488680574, "min_tt_community": 14.0, "min_tt_education": 4.0, "min_tt_essential_services": 9.0, "min_tt_food_and_drink": 3.0, "min_tt_healthcare": 3.0, "min_tt_shelter": 2.0, "avg_tt_community": 35.511111111111113, "avg_tt_education": 38.835125448028677, "avg_tt_essential_services": 39.768181818181816, "avg_tt_food_and_drink": 34.687239366138449, "avg_tt_healthcare": 39.208633093525179, "avg_tt_shelter": 40.1125, "avg_tt_all": 38.020465139497539, "n_unreachable_categories": 0, "count_community": 90.0, "count_education": 279.0, "count_essential_services": 220.0, "count_food_and_drink": 1200.0, "count_healthcare": 278.0, "count_shelter": 480.0, "gravity_community_per_100": 2.2768033021016452, "gravity_education_per_100": 6.4567131067776771, "gravity_essential_services_per_100": 4.9408598040419163, "gravity_food_and_drink_per_100": 30.723724910160733, "gravity_healthcare_per_100": 6.3410857556943059, "gravity_shelter_per_100": 10.658572187194423, "shannon": 1.4827667956019699, "kl_divergence": 0.00021399872162747953, "jsd": 0.0073047557266013811, "city_similarity": 0.99269524427339861 }, "geometry": { "type": "Polygon", "coordinates": [ [ [ 24.694914147307045, 59.450241867204511 ], [ 24.686103066935615, 59.450086047918006 ], [ 24.681431492788672, 59.453893192648529 ], [ 24.685571864990322, 59.457856623123611 ], [ 24.694384963746813, 59.458012490449846 ], [ 24.699055671555048, 59.454204879252536 ], [ 24.694914147307045, 59.450241867204511 ] ] ] } },
{ "type": "Feature", "properties": { "from_id": "158", "population": 257.49836764074189, "gravity_community": 29.806811908535266, "gravity_education": 84.600294087227937, "gravity_essential_services": 65.31192818061534, "gravity_food_and_drink": 423.86644941649104, "gravity_healthcare": 85.118814931309615, "gravity_shelter": 128.4051693421147, "avg_gravity": 136.18491131104901, "min_tt_community": 14.0, "min_tt_education": 11.0, "min_tt_essential_services": 5.0, "min_tt_food_and_drink": 6.0, "min_tt_healthcare": 6.0, "min_tt_shelter": 3.0, "avg_tt_community": 38.0126582278481, "avg_tt_education": 43.116731517509727, "avg_tt_essential_services": 42.693877551020407, "avg_tt_food_and_drink": 37.830960854092524, "avg_tt_healthcare": 42.556862745098037, "avg_tt_shelter": 43.712846347607055, "avg_tt_all": 41.320656207195981, "n_unreachable_categories": 0, "count_community": 79.0, "count_education": 257.0, "count_essential_services": 196.0, "count_food_and_drink": 1124.0, "count_healthcare": 255.0, "count_shelter": 397.0, "gravity_community_per_100": 11.575534315666541, "gravity_education_per_100": 32.85469141507766, "gravity_essential_services_per_100": 25.364016393198121, "gravity_food_and_drink_per_100": 164.60937337197552, "gravity_healthcare_per_100": 33.056060009695358, "gravity_shelter_per_100": 49.866401297449698, "shannon": 1.4659044683993692, "kl_divergence": 0.00057449545801219713, "jsd": 0.012040328994415012, "city_similarity": 0.98795967100558502 }, "geometry": { "type": "Polygon", "coordinates": [ [ [ 24.721347957090721, 59.450705761527907 ], [ 24.712536592746048, 59.450551724022311 ], [ 24.707867903430497, 59.454359831543151 ], [ 24.712011446171193, 59.458322442799087 ], [ 24.720824829115642, 59.458476527796378 ], [ 24.721411019947571, 59.457998299283062 ], [ 24.720781576684757, 59.457976513440599 ], [ 24.719497262681049, 59.456961698071026 ], [ 24.719497262681056, 59.456961698071026 ], [ 24.71928596496582, 59.456794738769531 ], [ 24.719240188598633, 59.456756591796889 ], [ 24.719747543334961, 59.454597473144531 ], [ 24.719945907592773, 59.454437255859382 ], [ 24.719915390014648, 59.454421997070298 ], [ 24.719762802124023, 59.454540252685561 ], [ 24.719636917114258, 59.454498291015632 ], [ 24.719547271728516, 59.454437255859382 ], [ 24.719621658325199, 59.454376220703125 ], [ 24.720331192016602, 59.453834533691399 ], [ 24.720659255981445, 59.45361328125 ], [ 24.720794677734375, 59.453514099121101 ], [ 24.720806121826172, 59.453510284423814 ], [ 24.720855712890625, 59.453495025634766 ], [ 24.7212028503418, 59.453376770019531 ], [ 24.722389221191406, 59.452983856201193 ], [ 24.722793579101562, 59.452850341796861 ], [ 24.723257064819336, 59.452693939208999 ], [ 24.723384380891915, 59.452652647647554 ], [ 24.721347957090721, 59.450705761527907 ] ], [ [ 24.720072188760088, 59.457951969817131 ], [ 24.7174284461939, 59.45786050079181 ], [ 24.719205856323242, 59.457275390625007 ], [ 24.720072188760088, 59.457951969817131 ] ] ] } },
{ "type": "Feature", "properties": { "from_id": "159", "population": 661.79693232879197, "gravity_community": 24.468175519917651, "gravity_education": 68.816805822131528, "gravity_essential_services": 49.920411104085332, "gravity_food_and_drink": 354.28552348527734, "gravity_healthcare": 69.20198579982474, "gravity_shelter": 103.96228076026114, "avg_gravity": 111.77586374858295, "min_tt_community": 18.0, "min_tt_education": 19.0, "min_tt_essential_services": 15.0, "min_tt_food_and_drink": 15.0, "min_tt_healthcare": 14.0, "min_tt_shelter": 15.0, "avg_tt_community": 39.710144927536234, "avg_tt_education": 44.513636363636365, "avg_tt_essential_services": 43.840764331210188, "avg_tt_food_and_drink": 40.665694849368322, "avg_tt_healthcare": 44.123287671232873, "avg_tt_shelter": 45.530791788856305, "avg_tt_all": 43.064053321973383, "n_unreachable_categories": 0, "count_community": 69.0, "count_education": 220.0, "count_essential_services": 157.0, "count_food_and_drink": 1029.0, "count_healthcare": 219.0, "count_shelter": 341.0, "gravity_community_per_100": 3.6972331427733853, "gravity_education_per_100": 10.39847760852753, "gravity_essential_services_per_100": 7.5431614541368139, "gravity_food_and_drink_per_100": 53.533872125787106, "gravity_healthcare_per_100": 10.456679748621745, "gravity_shelter_per_100": 15.709090762090586, "shannon": 1.4369452955113589, "kl_divergence": 0.0017905933192710194, "jsd": 0.02122541972860631, "city_similarity": 0.97877458027139363 }, "geometry": { "type": "Polygon", "coordinates": [ [ [ 24.707867903430497, 59.454359831543151 ], [ 24.699055671555048, 59.454204879252536 ], [ 24.694384963746813, 59.458012490449846 ], [ 24.698527354875917, 59.461975520355537 ], [ 24.707341605786567, 59.462130520422832 ], [ 24.712011446171193, 59.458322442799087 ], [ 24.707867903430497, 59.454359831543151 ] ], [ [ 24.700403213500977, 59.455535888671861 ], [ 24.700918197631839, 59.455699920654297 ], [ 24.700971603393558, 59.455661773681626 ], [ 24.700454711914062, 59.455497741699233 ], [ 24.700567245483398, 59.455406188964822 ], [ 24.700756072998047, 59.455463409423814 ], [ 24.701063156127933, 59.455554962158203 ], [ 24.701105117797852, 59.455547332763665 ], [ 24.701227188110352, 59.455444335937507 ], [ 24.70146369934082, 59.455242156982429 ], [ 24.701530456542969, 59.455234527587891 ], [ 24.703071594238285, 59.455707550048814 ], [ 24.70311164855957, 59.45567703247071 ], [ 24.703334808349609, 59.455749511718757 ], [ 24.703458786010742, 59.455776214599616 ], [ 24.703529357910156, 59.455791473388658 ], [ 24.703578948974609, 59.45579528808593 ], [ 24.703622817993164, 59.455783843994148 ], [ 24.703935623168949, 59.455883026123047 ], [ 24.704338073730469, 59.455997467041009 ], [ 24.704439163208008, 59.456024169921882 ], [ 24.704549789428711, 59.4560546875 ], [ 24.704593658447266, 59.456066131591797 ], [ 24.70466423034668, 59.45607757568358 ], [ 24.704788208007812, 59.456115722656257 ], [ 24.704914093017578, 59.456146240234361 ], [ 24.705017089843754, 59.456180572509766 ], [ 24.70513916015625, 59.456218719482436 ], [ 24.705221176147464, 59.456253051757812 ], [ 24.705348968505859, 59.456352233886726 ], [ 24.7054443359375, 59.456424713134759 ], [ 24.705554962158207, 59.456539154052734 ], [ 24.705799102783203, 59.456642150878906 ], [ 24.70576286315918, 59.456710815429688 ], [ 24.705896377563477, 59.456935882568352 ], [ 24.705961227416992, 59.457050323486321 ], [ 24.705989837646484, 59.457061767578118 ], [ 24.70600700378418, 59.457080841064453 ], [ 24.706100463867191, 59.457275390624993 ], [ 24.706151962280277, 59.457267761230455 ], [ 24.706226348876953, 59.45726394653321 ], [ 24.706247329711914, 59.457298278808601 ], [ 24.706268310546875, 59.457336425781257 ], [ 24.706171035766602, 59.457363128662109 ], [ 24.706132888793945, 59.457393646240241 ], [ 24.706125259399418, 59.457408905029297 ], [ 24.706125259399418, 59.457427978515632 ], [ 24.706171764312632, 59.457471038620461 ], [ 24.703241607193625, 59.457369660135555 ], [ 24.703250885009766, 59.457359313964837 ], [ 24.702554702758789, 59.456550598144531 ], [ 24.702381134033207, 59.456508636474602 ], [ 24.701137542724609, 59.456211090087898 ], [ 24.700014114379886, 59.455940246582038 ], [ 24.700332641601562, 59.455581665039048 ], [ 24.700368881225586, 59.45554351806642 ], [ 24.700403213500977, 59.455535888671861 ] ] ] } },
{ "type": "Feature", "properties": { "from_id": "160", "population": 81.115206599927802, "gravity_community": 22.309445414278624, "gravity_education": 63.891885013510858, "gravity_essential_services": 44.618310227527218, "gravity_food_and_drink": 324.4762072844826, "gravity_healthcare": 63.029381563316903, "gravity_shelter": 95.330481639471046, "avg_gravity": 102.27595185709787, "min_tt_community": 23.0, "min_tt_education": 19.0, "min_tt_essential_services": 19.0, "min_tt_food_and_drink": 20.0, "min_tt_healthcare": 16.0, "min_tt_shelter": 20.0, "avg_tt_community": 40.784615384615385, "avg_tt_education": 46.395348837209305, "avg_tt_essential_services": 45.212328767123289, "avg_tt_food_and_drink": 42.444893832153689, "avg_tt_healthcare": 45.803827751196174, "avg_tt_shelter": 47.152439024390247, "avg_tt_all": 44.63224226611468, "n_unreachable_categories": 0, "count_community": 65.0, "count_education": 215.0, "count_essential_services": 146.0, "count_food_and_drink": 990.0, "count_healthcare": 209.0, "count_shelter": 328.0, "gravity_community_per_100": 27.503407005189679, "gravity_education_per_100": 78.766840018832823, "gravity_essential_services_per_100": 55.006098237031345, "gravity_food_and_drink_per_100": 400.01896177722534, "gravity_healthcare_per_100": 77.703533289617482, "gravity_shelter_per_100": 117.52479668782092, "shannon": 1.4332339995298788, "kl_divergence": 0.0020487646023448318, "jsd": 0.022715513111055005, "city_similarity": 0.97728448688894498 }, "geometry": { "type": "Polygon", "coordinates": [ [ [ 24.694384963746813, 59.458012490449846 ], [ 24.685571864990322, 59.457856623123611 ], [ 24.680899138254642, 59.461663737650092 ], [ 24.685040376686846, 59.465627186108698 ], [ 24.69385549491345, 59.465783101496662 ], [ 24.698527354875917, 59.461975520355537 ], [ 24.694384963746813, 59.458012490449846 ] ] ] } },
{ "type": "Feature", "properties": { "from_id": "161", "population": 11.357003866173098, "gravity_community": 18.969452151932945, "gravity_education": 50.328878018486627, "gravity_essential_services": 36.0631539453966, "gravity_food_and_drink": 257.50153621087213, "gravity_healthcare": 48.744486787646764, "gravity_shelter": 78.679258190626669, "avg_gravity": 81.714460884160303, "min_tt_community": 18.0, "min_tt_education": 31.0, "min_tt_essential_services": 25.0, "min_tt_food_and_drink": 17.0, "min_tt_healthcare": 18.0, "min_tt_shelter": 21.0, "avg_tt_community": 46.1875, "avg_tt_education": 49.45945945945946, "avg_tt_essential_services": 47.9375, "avg_tt_food_and_drink": 47.776805251641136, "avg_tt_healthcare": 48.419540229885058, "avg_tt_shelter": 48.820422535211264, "avg_tt_all": 48.100204579366157, "n_unreachable_categories": 0, "count_community": 64.0, "count_education": 185.0, "count_essential_services": 128.0, "count_food_and_drink": 914.0, "count_healthcare": 174.0, "count_shelter": 284.0, "gravity_community_per_100": 167.02866685141814, "gravity_education_per_100": 443.15277701358787, "gravity_essential_services_per_100": 317.54109068159175, "gravity_food_and_drink_per_100": 2267.336871988236, "gravity_healthcare_per_100": 429.20199166993768, "gravity_shelter_per_100": 692.78182096048488, "shannon": 1.413926024159839, "kl_divergence": 0.0045413782253783952, "jsd": 0.033782102384290205, "city_similarity": 0.96621789761570975 }, "geometry": { "type": "Polygon", "coordinates": [ [ [ 24.720824829115642, 59.458476527796378 ], [ 24.712011446171193, 59.458322442799087 ], [ 24.707341605786567, 59.462130520422832 ], [ 24.711486016493527, 59.466093149421113 ], [ 24.720301419123018, 59.466247281931885 ], [ 24.724970390998617, 59.462438737922263 ], [ 24.720824829115642, 59.458476527796378 ] ] ] } },
{ "type": "Feature", "properties": { "from_id": "162", "population": 0.0, "gravity_community": 19.341987305442526, "gravity_education": 52.774490924490436, "gravity_essential_services": 36.995201566538107, "gravity_food_and_drink": 262.76929309000496, "gravity_healthcare": 50.689867008389108, "gravity_shelter": 82.489613658247052, "avg_gravity": 84.17674225885203, "min_tt_community": 17.0, "min_tt_education": 30.0, "min_tt_essential_services": 24.0, "min_tt_food_and_drink": 16.0, "min_tt_healthcare": 14.0, "min_tt_shelter": 24.0, "avg_tt_community": 45.484375, "avg_tt_education": 49.088541666666664, "avg_tt_essential_services": 47.271317829457367, "avg_tt_food_and_drink": 47.380281690140848, "avg_tt_healthcare": 47.842696629213485, "avg_tt_shelter": 48.587837837837839, "avg_tt_all": 47.609175108886028, "n_unreachable_categories": 0, "count_community": 64.0, "count_education": 192.0, "count_essential_services": 129.0, "count_food_and_drink": 923.0, "count_healthcare": 178.0, "count_shelter": 296.0, "gravity_community_per_100": 0.0, "gravity_education_per_100": 0.0, "gravity_essential_services_per_100": 0.0, "gravity_food_and_drink_per_100": 0.0, "gravity_healthcare_per_100": 0.0, "gravity_shelter_per_100": 0.0, "shannon": 1.4186402715723463, "kl_divergence": 0.0036984457328939416, "jsd": 0.030496189993136427, "city_similarity": 0.96950381000686359 }, "geometry": { "type": "Polygon", "coordinates": [ [ [ 24.707341605786567, 59.462130520422832 ], [ 24.698527354875917, 59.461975520355537 ], [ 24.69385549491345, 59.465783101496662 ], [ 24.697998753358572, 59.469746149270613 ], [ 24.706815024389989, 59.469901197136487 ], [ 24.711486016493527, 59.466093149421113 ], [ 24.707341605786567, 59.462130520422832 ] ] ] } },
{ "type": "Feature", "properties": { "from_id": "163", "population": 0.0, "gravity_community": 14.812315065366123, "gravity_education": 31.898200139598675, "gravity_essential_services": 25.941411410158047, "gravity_food_and_drink": 206.88747746541182, "gravity_healthcare": 31.640476607623985, "gravity_shelter": 53.919507063825691, "avg_gravity": 60.849897958664059, "min_tt_community": 25.0, "min_tt_education": 34.0, "min_tt_essential_services": 27.0, "min_tt_food_and_drink": 24.0, "min_tt_healthcare": 25.0, "min_tt_shelter": 5.0, "avg_tt_community": 48.094339622641506, "avg_tt_education": 49.781512605042018, "avg_tt_essential_services": 50.575757575757578, "avg_tt_food_and_drink": 49.480417754569189, "avg_tt_healthcare": 50.508333333333333, "avg_tt_shelter": 50.164179104477611, "avg_tt_all": 49.767423332636874, "n_unreachable_categories": 0, "count_community": 53.0, "count_education": 119.0, "count_essential_services": 99.0, "count_food_and_drink": 767.0, "count_healthcare": 120.0, "count_shelter": 201.0, "gravity_community_per_100": 0.0, "gravity_education_per_100": 0.0, "gravity_essential_services_per_100": 0.0, "gravity_food_and_drink_per_100": 0.0, "gravity_healthcare_per_100": 0.0, "gravity_shelter_per_100": 0.0, "shannon": 1.3504067661860719, "kl_divergence": 0.016514677060178881, "jsd": 0.064473451535842857, "city_similarity": 0.93552654846415717 }, "geometry": { "type": "Polygon", "coordinates": [ [ [ 24.720301419123018, 59.466247281931885 ], [ 24.711486016493527, 59.466093149421113 ], [ 24.706815024389989, 59.469901197136487 ], [ 24.710960303498936, 59.473863843887614 ], [ 24.719777726899551, 59.474018023933624 ], [ 24.724447850057928, 59.470209509684601 ], [ 24.720301419123018, 59.466247281931885 ] ] ] } },
{ "type": "Feature", "properties": { "from_id": "164", "population": 3401.0768940627099, "gravity_community": 8.2619512090114693, "gravity_education": 13.892867549406148, "gravity_essential_services": 9.3228647794186887, "gravity_food_and_drink": 89.636379569515114, "gravity_healthcare": 12.636393524148374, "gravity_shelter": 18.67420908540393, "avg_gravity": 25.404110952817287, "min_tt_community": 33.0, "min_tt_education": 33.0, "min_tt_essential_services": 34.0, "min_tt_food_and_drink": 29.0, "min_tt_healthcare": 28.0, "min_tt_shelter": 36.0, "avg_tt_community": 52.393939393939391, "avg_tt_education": 51.25925925925926, "avg_tt_essential_services": 52.89473684210526, "avg_tt_food_and_drink": 54.154666666666664, "avg_tt_healthcare": 50.6875, "avg_tt_shelter": 52.64473684210526, "avg_tt_all": 52.339139834012634, "n_unreachable_categories": 0, "count_community": 33.0, "count_education": 54.0, "count_essential_services": 38.0, "count_food_and_drink": 376.0, "count_healthcare": 48.0, "count_shelter": 76.0, "gravity_community_per_100": 0.24292162354324984, "gravity_education_per_100": 0.40848437074913097, "gravity_essential_services_per_100": 0.27411508383399674, "gravity_food_and_drink_per_100": 2.6355293444260002, "gravity_healthcare_per_100": 0.37154095357878675, "gravity_shelter_per_100": 0.54906753557979426, "shannon": 1.2961563506137401, "kl_divergence": 0.042561032610211921, "jsd": 0.1037318711188502, "city_similarity": 0.89626812888114982 }, "geometry": { "type": "Polygon", "coordinates": [ [ [ 24.69385549491345, 59.465783101496662 ], [ 24.685040376686846, 59.465627186108698 ], [ 24.680366496711482, 59.469434270419683 ], [ 24.684508601808641, 59.473397736872407 ], [ 24.69332574059122, 59.473553700344141 ], [ 24.697998753358572, 59.469746149270613 ], [ 24.69385549491345, 59.465783101496662 ] ] ] } },
{ "type": "Feature", "properties": { "from_id": "165", "population": 2546.8837239575046, "gravity_community": 1.3873871749468853, "gravity_education": 2.0794258408915316, "gravity_essential_services": 0.90535284708769947, "gravity_food_and_drink": 6.2750278569277356, "gravity_healthcare": 2.403361435201079, "gravity_shelter": 2.2477356178456827, "avg_gravity": 2.5497151288167692, "min_tt_community": 50.0, "min_tt_education": 50.0, "min_tt_essential_services": 51.0, "min_tt_food_and_drink": 46.0, "min_tt_healthcare": 44.0, "min_tt_shelter": 37.0, "avg_tt_community": 54.666666666666664, "avg_tt_education": 54.777777777777779, "avg_tt_essential_services": 55.5, "avg_tt_food_and_drink": 55.043478260869563, "avg_tt_healthcare": 53.6, "avg_tt_shelter": 52.666666666666664, "avg_tt_all": 54.375764895330121, "n_unreachable_categories": 0, "count_community": 6.0, "count_education": 9.0, "count_essential_services": 4.0, "count_food_and_drink": 24.0, "count_healthcare": 10.0, "count_shelter": 9.0, "gravity_community_per_100": 0.05447391107400372, "gravity_education_per_100": 0.08164588831956536, "gravity_essential_services_per_100": 0.035547474687258454, "gravity_food_and_drink_per_100": 0.24638061792539201, "gravity_healthcare_per_100": 0.094364788333037367, "gravity_shelter_per_100": 0.088254347723146651, "shannon": 1.6247969741613646, "kl_divergence": 0.072548223705799428, "jsd": 0.12730238029644111, "city_similarity": 0.87269761970355886 }, "geometry": { "type": "Polygon", "coordinates": [ [ [ 24.706815024389989, 59.469901197136487 ], [ 24.697998753358572, 59.469746149270613 ], [ 24.69332574059122, 59.473553700344141 ], [ 24.697469866787557, 59.477516765996967 ], [ 24.706288159026126, 59.477671861683284 ], [ 24.710960303498936, 59.473863843887614 ], [ 24.706815024389989, 59.469901197136487 ] ] ] } },
{ "type": "Feature", "properties": { "from_id": "166", "population": 2079.7605415192252, "gravity_community": 0.85060336640481626, "gravity_education": 1.0850340106617509, "gravity_essential_services": 0.44546564456345772, "gravity_food_and_drink": 3.0009197270100336, "gravity_healthcare": 1.2186752359793387, "gravity_shelter": 1.7582555351515812, "avg_gravity": 1.3931589199618297, "min_tt_community": 55.0, "min_tt_education": 55.0, "min_tt_essential_services": 55.0, "min_tt_food_and_drink": 50.0, "min_tt_healthcare": 49.0, "min_tt_shelter": 38.0, "avg_tt_community": 57.75, "avg_tt_education": 57.0, "avg_tt_essential_services": 56.0, "avg_tt_food_and_drink": 57.5, "avg_tt_healthcare": 52.8, "avg_tt_shelter": 52.571428571428569, "avg_tt_all": 55.603571428571428, "n_unreachable_categories": 0, "count_community": 4.0, "count_education": 5.0, "count_essential_services": 2.0, "count_food_and_drink": 14.0, "count_healthcare": 5.0, "count_shelter": 7.0, "gravity_community_per_100": 0.040899101094757126, "gravity_education_per_100": 0.052171102826537641, "gravity_essential_services_per_100": 0.021419083383419399, "gravity_food_and_drink_per_100": 0.14429159834035121, "gravity_healthcare_per_100": 0.05859690150141611, "gravity_shelter_per_100": 0.084541248862583435, "shannon": 1.6218902216564663, "kl_divergence": 0.075602292295783372, "jsd": 0.1280097175611426, "city_similarity": 0.87199028243885746 }, "geometry": { "type": "Polygon", "coordinates": [ [ [ 24.69332574059122, 59.473553700344141 ], [ 24.684508601808641, 59.473397736872407 ], [ 24.679833567942115, 59.477204790956463 ], [ 24.6839765401389, 59.481168275414007 ], [ 24.692795700564137, 59.481324286991523 ], [ 24.697469866787557, 59.477516765996967 ], [ 24.69332574059122, 59.473553700344141 ] ] ] } },
{ "type": "Feature", "properties": { "from_id": "167", "population": 823.74496590753677, "gravity_community": 0.0, "gravity_education": 0.0, "gravity_essential_services": 0.0, "gravity_food_and_drink": 1.0, "gravity_healthcare": 0.0, "gravity_shelter": 0.0, "avg_gravity": 0.16666666666666666, "min_tt_community": null, "min_tt_education": null, "min_tt_essential_services": null, "min_tt_food_and_drink": null, "min_tt_healthcare": null, "min_tt_shelter": null, "avg_tt_community": null, "avg_tt_education": null, "avg_tt_essential_services": null, "avg_tt_food_and_drink": null, "avg_tt_healthcare": null, "avg_tt_shelter": null, "avg_tt_all": null, "n_unreachable_categories": 6, "count_community": 0.0, "count_education": 0.0, "count_essential_services": 0.0, "count_food_and_drink": 1.0, "count_healthcare": 0.0, "count_shelter": 0.0, "gravity_community_per_100": 0.0, "gravity_education_per_100": 0.0, "gravity_essential_services_per_100": 0.0, "gravity_food_and_drink_per_100": 0.12139679650706933, "gravity_healthcare_per_100": 0.0, "gravity_shelter_per_100": 0.0, "shannon": 1.1412925456691193e-08, "kl_divergence": 0.73388955517277454, "jsd": 0.47630023541647937, "city_similarity": 0.52369976458352063 }, "geometry": { "type": "Polygon", "coordinates": [ [ [ 24.640424349096953, 59.472609003033156 ], [ 24.63160778932993, 59.47244947306082 ], [ 24.626926982547268, 59.476254597428735 ], [ 24.631063599332855, 59.480219719126815 ], [ 24.639882180304426, 59.480379298302253 ], [ 24.644562122923649, 59.476573706567549 ], [ 24.640424349096953, 59.472609003033156 ] ] ] } },
{ "type": "Feature", "properties": { "from_id": "168", "population": 353.43475613007007, "gravity_community": 0.0, "gravity_education": 0.0, "gravity_essential_services": 0.0, "gravity_food_and_drink": 1.0, "gravity_healthcare": 0.0, "gravity_shelter": 0.0, "avg_gravity": 0.16666666666666666, "min_tt_community": null, "min_tt_education": null, "min_tt_essential_services": null, "min_tt_food_and_drink": null, "min_tt_healthcare": null, "min_tt_shelter": null, "avg_tt_community": null, "avg_tt_education": null, "avg_tt_essential_services": null, "avg_tt_food_and_drink": null, "avg_tt_healthcare": null, "avg_tt_shelter": null, "avg_tt_all": null, "n_unreachable_categories": 6, "count_community": 0.0, "count_education": 0.0, "count_essential_services": 0.0, "count_food_and_drink": 1.0, "count_healthcare": 0.0, "count_shelter": 0.0, "gravity_community_per_100": 0.0, "gravity_education_per_100": 0.0, "gravity_essential_services_per_100": 0.0, "gravity_food_and_drink_per_100": 0.28293765190200559, "gravity_healthcare_per_100": 0.0, "gravity_shelter_per_100": 0.0, "shannon": 1.1412925456691193e-08, "kl_divergence": 0.73388955517277454, "jsd": 0.47630023541647937, "city_similarity": 0.52369976458352063 }, "geometry": { "type": "Polygon", "coordinates": [ [ [ 24.626381634965703, 59.484024812640499 ], [ 24.631063599332855, 59.480219719126815 ], [ 24.626926982547268, 59.476254597428735 ], [ 24.618109559160111, 59.476094151169477 ], [ 24.614761463523891, 59.478814461846888 ], [ 24.623057817465959, 59.48396439603431 ], [ 24.626381634965703, 59.484024812640499 ] ] ] } },
{ "type": "Feature", "properties": { "from_id": "169", "population": 1851.2882426239055, "gravity_community": 0.0, "gravity_education": 0.0, "gravity_essential_services": 0.0, "gravity_food_and_drink": 1.0, "gravity_healthcare": 0.0, "gravity_shelter": 0.0, "avg_gravity": 0.16666666666666666, "min_tt_community": null, "min_tt_education": null, "min_tt_essential_services": null, "min_tt_food_and_drink": null, "min_tt_healthcare": null, "min_tt_shelter": null, "avg_tt_community": null, "avg_tt_education": null, "avg_tt_essential_services": null, "avg_tt_food_and_drink": null, "avg_tt_healthcare": null, "avg_tt_shelter": null, "avg_tt_all": null, "n_unreachable_categories": 6, "count_community": 0.0, "count_education": 0.0, "count_essential_services": 0.0, "count_food_and_drink": 1.0, "count_healthcare": 0.0, "count_shelter": 0.0, "gravity_community_per_100": 0.0, "gravity_education_per_100": 0.0, "gravity_essential_services_per_100": 0.0, "gravity_food_and_drink_per_100": 0.054016439848538093, "gravity_healthcare_per_100": 0.0, "gravity_shelter_per_100": 0.0, "shannon": 1.1412925456691193e-08, "kl_divergence": 0.73388955517277454, "jsd": 0.47630023541647937, "city_similarity": 0.52369976458352063 }, "geometry": { "type": "Polygon", "coordinates": [ [ [ 24.639882180304426, 59.480379298302253 ], [ 24.631063599332855, 59.480219719126815 ], [ 24.626381634965703, 59.484024812640499 ], [ 24.630519115803789, 59.48798995283569 ], [ 24.639339719066967, 59.488149581236797 ], [ 24.644020818837962, 59.484344020208113 ], [ 24.639882180304426, 59.480379298302253 ] ] ] } },
{ "type": "Feature", "properties": { "from_id": "170", "population": 503.50802253570691, "gravity_community": 0.0, "gravity_education": 0.0, "gravity_essential_services": 0.0, "gravity_food_and_drink": 1.0, "gravity_healthcare": 0.0, "gravity_shelter": 0.0, "avg_gravity": 0.16666666666666666, "min_tt_community": null, "min_tt_education": null, "min_tt_essential_services": null, "min_tt_food_and_drink": null, "min_tt_healthcare": null, "min_tt_shelter": null, "avg_tt_community": null, "avg_tt_education": null, "avg_tt_essential_services": null, "avg_tt_food_and_drink": null, "avg_tt_healthcare": null, "avg_tt_shelter": null, "avg_tt_all": null, "n_unreachable_categories": 6, "count_community": 0.0, "count_education": 0.0, "count_essential_services": 0.0, "count_food_and_drink": 1.0, "count_healthcare": 0.0, "count_shelter": 0.0, "gravity_community_per_100": 0.0, "gravity_education_per_100": 0.0, "gravity_essential_services_per_100": 0.0, "gravity_food_and_drink_per_100": 0.1986065673718404, "gravity_healthcare_per_100": 0.0, "gravity_shelter_per_100": 0.0, "shannon": 1.1412925456691193e-08, "kl_divergence": 0.73388955517277454, "jsd": 0.47630023541647937, "city_similarity": 0.52369976458352063 }, "geometry": { "type": "Polygon", "coordinates": [ [ [ 24.630519115803789, 59.48798995283569 ], [ 24.626381634965703, 59.484024812640499 ], [ 24.623057817465959, 59.48396439603431 ], [ 24.630097454667137, 59.488332597339181 ], [ 24.630519115803789, 59.48798995283569 ] ] ] } },
{ "type": "Feature", "properties": { "from_id": "171", "population": 16.119741377717698, "gravity_community": 0.0, "gravity_education": 0.0, "gravity_essential_services": 0.0, "gravity_food_and_drink": 1.0, "gravity_healthcare": 0.0, "gravity_shelter": 0.0, "avg_gravity": 0.16666666666666666, "min_tt_community": null, "min_tt_education": null, "min_tt_essential_services": null, "min_tt_food_and_drink": null, "min_tt_healthcare": null, "min_tt_shelter": null, "avg_tt_community": null, "avg_tt_education": null, "avg_tt_essential_services": null, "avg_tt_food_and_drink": null, "avg_tt_healthcare": null, "avg_tt_shelter": null, "avg_tt_all": null, "n_unreachable_categories": 6, "count_community": 0.0, "count_education": 0.0, "count_essential_services": 0.0, "count_food_and_drink": 1.0, "count_healthcare": 0.0, "count_shelter": 0.0, "gravity_community_per_100": 0.0, "gravity_education_per_100": 0.0, "gravity_essential_services_per_100": 0.0, "gravity_food_and_drink_per_100": 6.2035734728492535, "gravity_healthcare_per_100": 0.0, "gravity_shelter_per_100": 0.0, "shannon": 1.1412925456691193e-08, "kl_divergence": 0.73388955517277454, "jsd": 0.47630023541647937, "city_similarity": 0.52369976458352063 }, "geometry": { "type": "Polygon", "coordinates": [ [ [ 24.643479222740471, 59.49211432152488 ], [ 24.639339719066967, 59.488149581236797 ], [ 24.630519115803789, 59.48798995283569 ], [ 24.630097454667137, 59.488332597339181 ], [ 24.640326234554941, 59.494677044007247 ], [ 24.643479222740471, 59.49211432152488 ] ] ] } },
{ "type": "Feature", "properties": { "from_id": "172", "population": 174.33800775953949, "gravity_community": 13.383062385114844, "gravity_education": 26.084955649370599, "gravity_essential_services": 23.002261089971828, "gravity_food_and_drink": 183.64551988978502, "gravity_healthcare": 26.617278692952436, "gravity_shelter": 42.176075681347001, "avg_gravity": 52.484858898090287, "min_tt_community": 32.0, "min_tt_education": 36.0, "min_tt_essential_services": 29.0, "min_tt_food_and_drink": 31.0, "min_tt_healthcare": 28.0, "min_tt_shelter": 11.0, "avg_tt_community": 49.58, "avg_tt_education": 49.918367346938773, "avg_tt_essential_services": 51.890109890109891, "avg_tt_food_and_drink": 50.67852062588905, "avg_tt_healthcare": 51.203883495145632, "avg_tt_shelter": 49.587096774193547, "avg_tt_all": 50.476329688712816, "n_unreachable_categories": 0, "count_community": 50.0, "count_education": 98.0, "count_essential_services": 91.0, "count_food_and_drink": 704.0, "count_healthcare": 103.0, "count_shelter": 155.0, "gravity_community_per_100": 7.6765029938702769, "gravity_education_per_100": 14.96228847891218, "gravity_essential_services_per_100": 13.194059852799473, "gravity_food_and_drink_per_100": 105.33877394256056, "gravity_healthcare_per_100": 15.267628117940324, "gravity_shelter_per_100": 24.192128970246991, "shannon": 1.3203052267073749, "kl_divergence": 0.028173874142959195, "jsd": 0.084569471984841688, "city_similarity": 0.91543052801515834 }, "geometry": { "type": "Polygon", "coordinates": [ [ [ 24.719777726899551, 59.474018023933624 ], [ 24.710960303498936, 59.473863843887614 ], [ 24.706288159026126, 59.477671861683284 ], [ 24.710434306973088, 59.481634526197873 ], [ 24.719253752231729, 59.481788753800913 ], [ 24.723925027322942, 59.477980269323687 ], [ 24.719777726899551, 59.474018023933624 ] ] ] } },
{ "type": "Feature", "properties": { "from_id": "173", "population": 11.748753450093686, "gravity_community": 0.40543739324049338, "gravity_education": 0.20543739324049337, "gravity_essential_services": 0.41675967734687369, "gravity_food_and_drink": 1.6451659731643229, "gravity_healthcare": 0.90925996995104186, "gravity_shelter": 1.7334060682408796, "avg_gravity": 0.88591107919735068, "min_tt_community": 59.0, "min_tt_education": 59.0, "min_tt_essential_services": 57.0, "min_tt_food_and_drink": 55.0, "min_tt_healthcare": 54.0, "min_tt_shelter": 29.0, "avg_tt_community": 59.5, "avg_tt_education": 59.0, "avg_tt_essential_services": 58.5, "avg_tt_food_and_drink": 57.333333333333336, "avg_tt_healthcare": 55.25, "avg_tt_shelter": 48.833333333333336, "avg_tt_all": 56.402777777777779, "n_unreachable_categories": 0, "count_community": 2.0, "count_education": 1.0, "count_essential_services": 2.0, "count_food_and_drink": 4.0, "count_healthcare": 4.0, "count_shelter": 6.0, "gravity_community_per_100": 3.4508971097462293, "gravity_education_per_100": 1.7485888533889968, "gravity_essential_services_per_100": 3.547267198321796, "gravity_food_and_drink_per_100": 14.00289809597804, "gravity_healthcare_per_100": 7.7392037701139378, "gravity_shelter_per_100": 14.753957307930888, "shannon": 1.6489915888660798, "kl_divergence": 0.24121986820372543, "jsd": 0.24372042140277786, "city_similarity": 0.75627957859722217 }, "geometry": { "type": "Polygon", "coordinates": [ [ [ 24.706288159026126, 59.477671861683284 ], [ 24.697469866787557, 59.477516765996967 ], [ 24.692795700564137, 59.481324286991523 ], [ 24.696940694947205, 59.485287370533797 ], [ 24.705761009480128, 59.485442514062527 ], [ 24.710434306973088, 59.481634526197873 ], [ 24.706288159026126, 59.477671861683284 ] ] ] } },
{ "type": "Feature", "properties": { "from_id": "174", "population": 0.0, "gravity_community": 0.0, "gravity_education": 0.0, "gravity_essential_services": 0.21675967734687365, "gravity_food_and_drink": 1.4108747864809867, "gravity_healthcare": 0.43941239271583432, "gravity_shelter": 1.9353354112307177, "avg_gravity": 0.66706371129573538, "min_tt_community": null, "min_tt_education": null, "min_tt_essential_services": 57.0, "min_tt_food_and_drink": 59.0, "min_tt_healthcare": 56.0, "min_tt_shelter": 13.0, "avg_tt_community": null, "avg_tt_education": null, "avg_tt_essential_services": 57.0, "avg_tt_food_and_drink": 59.0, "avg_tt_healthcare": 56.5, "avg_tt_shelter": 46.833333333333336, "avg_tt_all": 54.833333333333336, "n_unreachable_categories": 2, "count_community": 0.0, "count_education": 0.0, "count_essential_services": 1.0, "count_food_and_drink": 3.0, "count_healthcare": 2.0, "count_shelter": 6.0, "gravity_community_per_100": 0.0, "gravity_education_per_100": 0.0, "gravity_essential_services_per_100": 0.0, "gravity_food_and_drink_per_100": 0.0, "gravity_healthcare_per_100": 0.0, "gravity_shelter_per_100": 0.0, "shannon": 1.198849317754402, "kl_divergence": 0.40522852406814602, "jsd": 0.32960550075637618, "city_similarity": 0.67039449924362382 }, "geometry": { "type": "Polygon", "coordinates": [ [ [ 24.719253752231729, 59.481788753800913 ], [ 24.710434306973088, 59.481634526197873 ], [ 24.705761009480128, 59.485442514062527 ], [ 24.709908026701431, 59.489405196351051 ], [ 24.718729494905816, 59.489559471532942 ], [ 24.723401922580447, 59.48575101683879 ], [ 24.719253752231729, 59.481788753800913 ] ] ] } },
{ "type": "Feature", "properties": { "from_id": "175", "population": 0.0, "gravity_community": 0.0, "gravity_education": 0.0, "gravity_essential_services": 1.2167596773468736, "gravity_food_and_drink": 0.41087478648098674, "gravity_healthcare": 0.43941239271583432, "gravity_shelter": 1.4699889514730948, "avg_gravity": 0.5895059680027982, "min_tt_community": null, "min_tt_education": null, "min_tt_essential_services": 57.0, "min_tt_food_and_drink": 59.0, "min_tt_healthcare": 56.0, "min_tt_shelter": 42.0, "avg_tt_community": null, "avg_tt_education": null, "avg_tt_essential_services": 57.0, "avg_tt_food_and_drink": 59.0, "avg_tt_healthcare": 56.5, "avg_tt_shelter": 53.166666666666664, "avg_tt_all": 56.416666666666664, "n_unreachable_categories": 2, "count_community": 0.0, "count_education": 0.0, "count_essential_services": 2.0, "count_food_and_drink": 2.0, "count_healthcare": 2.0, "count_shelter": 6.0, "gravity_community_per_100": 0.0, "gravity_education_per_100": 0.0, "gravity_essential_services_per_100": 0.0, "gravity_food_and_drink_per_100": 0.0, "gravity_healthcare_per_100": 0.0, "gravity_shelter_per_100": 0.0, "shannon": 1.242453329706013, "kl_divergence": 0.50729732652672643, "jsd": 0.36992333501559255, "city_similarity": 0.6300766649844074 }, "geometry": { "type": "Polygon", "coordinates": [ [ [ 24.692795700564137, 59.481324286991523 ], [ 24.6839765401389, 59.481168275414007 ], [ 24.679300351729218, 59.484975299259617 ], [ 24.683444191460634, 59.488938801732573 ], [ 24.692265374616028, 59.489094861437962 ], [ 24.696940694947205, 59.485287370533797 ], [ 24.692795700564137, 59.481324286991523 ] ] ] } },
{ "type": "Feature", "properties": { "from_id": "176", "population": 0.0, "gravity_community": 0.0, "gravity_education": 0.0, "gravity_essential_services": 0.21675967734687365, "gravity_food_and_drink": 1.4108747864809867, "gravity_healthcare": 0.43941239271583432, "gravity_shelter": 1.7723031250250911, "avg_gravity": 0.63989166359479766, "min_tt_community": null, "min_tt_education": null, "min_tt_essential_services": 57.0, "min_tt_food_and_drink": 59.0, "min_tt_healthcare": 56.0, "min_tt_shelter": 19.0, "avg_tt_community": null, "avg_tt_education": null, "avg_tt_essential_services": 57.0, "avg_tt_food_and_drink": 59.0, "avg_tt_healthcare": 56.5, "avg_tt_shelter": 48.833333333333336, "avg_tt_all": 55.333333333333336, "n_unreachable_categories": 2, "count_community": 0.0, "count_education": 0.0, "count_essential_services": 1.0, "count_food_and_drink": 3.0, "count_healthcare": 2.0, "count_shelter": 6.0, "gravity_community_per_100": 0.0, "gravity_education_per_100": 0.0, "gravity_essential_services_per_100": 0.0, "gravity_food_and_drink_per_100": 0.0, "gravity_healthcare_per_100": 0.0, "gravity_shelter_per_100": 0.0, "shannon": 1.198849317754402, "kl_divergence": 0.40522852406814602, "jsd": 0.32960550075637618, "city_similarity": 0.67039449924362382 }, "geometry": { "type": "Polygon", "coordinates": [ [ [ 24.705761009480128, 59.485442514062527 ], [ 24.696940694947205, 59.485287370533797 ], [ 24.692265374616028, 59.489094861437962 ], [ 24.696411237621632, 59.4930579628803 ], [ 24.705233575536926, 59.493213154273377 ], [ 24.709908026701431, 59.489405196351051 ], [ 24.705761009480128, 59.485442514062527 ] ] ] } },
{ "type": "Feature", "properties": { "from_id": "177", "population": 0.0, "gravity_community": 0.0, "gravity_education": 0.0, "gravity_essential_services": 0.0, "gravity_food_and_drink": 1.0, "gravity_healthcare": 0.0, "gravity_shelter": 0.78734802184836328, "avg_gravity": 0.29789133697472719, "min_tt_community": null, "min_tt_education": null, "min_tt_essential_services": null, "min_tt_food_and_drink": null, "min_tt_healthcare": null, "min_tt_shelter": 25.0, "avg_tt_community": null, "avg_tt_education": null, "avg_tt_essential_services": null, "avg_tt_food_and_drink": null, "avg_tt_healthcare": null, "avg_tt_shelter": 36.5, "avg_tt_all": 36.5, "n_unreachable_categories": 5, "count_community": 0.0, "count_education": 0.0, "count_essential_services": 0.0, "count_food_and_drink": 1.0, "count_healthcare": 0.0, "count_shelter": 2.0, "gravity_community_per_100": 0.0, "gravity_education_per_100": 0.0, "gravity_essential_services_per_100": 0.0, "gravity_food_and_drink_per_100": 0.0, "gravity_healthcare_per_100": 0.0, "gravity_shelter_per_100": 0.0, "shannon": 0.63651417745556094, "kl_divergence": 0.73293730721664541, "jsd": 0.44160427125650337, "city_similarity": 0.55839572874349663 }, "geometry": { "type": "Polygon", "coordinates": [ [ [ 24.718729494905816, 59.489559471532942 ], [ 24.709908026701431, 59.489405196351051 ], [ 24.705233575536926, 59.493213154273377 ], [ 24.709381462469196, 59.497175854346416 ], [ 24.718204954707875, 59.497330177128987 ], [ 24.72287853561701, 59.49352175222915 ], [ 24.718729494905816, 59.489559471532942 ] ] ] } },
{ "type": "Feature", "properties": { "from_id": "178", "population": 0.0, "gravity_community": 0.0, "gravity_education": 0.0, "gravity_essential_services": 0.0, "gravity_food_and_drink": 1.0, "gravity_healthcare": 0.0, "gravity_shelter": 0.43367532807620623, "avg_gravity": 0.23894588801270103, "min_tt_community": null, "min_tt_education": null, "min_tt_essential_services": null, "min_tt_food_and_drink": null, "min_tt_healthcare": null, "min_tt_shelter": 56.0, "avg_tt_community": null, "avg_tt_education": null, "avg_tt_essential_services": null, "avg_tt_food_and_drink": null, "avg_tt_healthcare": null, "avg_tt_shelter": 57.0, "avg_tt_all": 57.0, "n_unreachable_categories": 5, "count_community": 0.0, "count_education": 0.0, "count_essential_services": 0.0, "count_food_and_drink": 1.0, "count_healthcare": 0.0, "count_shelter": 2.0, "gravity_community_per_100": 0.0, "gravity_education_per_100": 0.0, "gravity_essential_services_per_100": 0.0, "gravity_food_and_drink_per_100": 0.0, "gravity_healthcare_per_100": 0.0, "gravity_shelter_per_100": 0.0, "shannon": 0.63651417745556094, "kl_divergence": 0.73293730721664541, "jsd": 0.44160427125650337, "city_similarity": 0.55839572874349663 }, "geometry": { "type": "Polygon", "coordinates": [ [ [ 24.692265374616028, 59.489094861437962 ], [ 24.683444191460634, 59.488938801732573 ], [ 24.678766847855279, 59.492745795328283 ], [ 24.682911555556604, 59.496709315827324 ], [ 24.69173476253048, 59.496865423682692 ], [ 24.696411237621632, 59.4930579628803 ], [ 24.692265374616028, 59.489094861437962 ] ] ] } },
{ "type": "Feature", "properties": { "from_id": "179", "population": 21.845753188761069, "gravity_community": 0.0, "gravity_education": 0.0, "gravity_essential_services": 0.0, "gravity_food_and_drink": 1.0, "gravity_healthcare": 0.0, "gravity_shelter": 0.6587775071955112, "avg_gravity": 0.27646291786591853, "min_tt_community": null, "min_tt_education": null, "min_tt_essential_services": null, "min_tt_food_and_drink": null, "min_tt_healthcare": null, "min_tt_shelter": 32.0, "avg_tt_community": null, "avg_tt_education": null, "avg_tt_essential_services": null, "avg_tt_food_and_drink": null, "avg_tt_healthcare": null, "avg_tt_shelter": 43.0, "avg_tt_all": 43.0, "n_unreachable_categories": 5, "count_community": 0.0, "count_education": 0.0, "count_essential_services": 0.0, "count_food_and_drink": 1.0, "count_healthcare": 0.0, "count_shelter": 2.0, "gravity_community_per_100": 0.0, "gravity_education_per_100": 0.0, "gravity_essential_services_per_100": 0.0, "gravity_food_and_drink_per_100": 4.5775487407523556, "gravity_healthcare_per_100": 0.0, "gravity_shelter_per_100": 3.0155861484987887, "shannon": 0.63651417745556094, "kl_divergence": 0.73293730721664541, "jsd": 0.44160427125650337, "city_similarity": 0.55839572874349663 }, "geometry": { "type": "Polygon", "coordinates": [ [ [ 24.705233575536926, 59.493213154273377 ], [ 24.696411237621632, 59.4930579628803 ], [ 24.69173476253048, 59.496865423682692 ], [ 24.695881494594726, 59.500828543035688 ], [ 24.704705856981235, 59.500983782315053 ], [ 24.709381462469196, 59.497175854346416 ], [ 24.705233575536926, 59.493213154273377 ] ] ] } },
{ "type": "Feature", "properties": { "from_id": "180", "population": 1.3031905977143212, "gravity_community": 0.0, "gravity_education": 0.0, "gravity_essential_services": 0.0, "gravity_food_and_drink": 0.0, "gravity_healthcare": 0.0, "gravity_shelter": 0.0, "avg_gravity": 0.0, "min_tt_community": null, "min_tt_education": null, "min_tt_essential_services": null, "min_tt_food_and_drink": null, "min_tt_healthcare": null, "min_tt_shelter": null, "avg_tt_community": null, "avg_tt_education": null, "avg_tt_essential_services": null, "avg_tt_food_and_drink": null, "avg_tt_healthcare": null, "avg_tt_shelter": null, "avg_tt_all": null, "n_unreachable_categories": 6, "count_community": 0.0, "count_education": 0.0, "count_essential_services": 0.0, "count_food_and_drink": 0.0, "count_healthcare": 0.0, "count_shelter": 0.0, "gravity_community_per_100": 0.0, "gravity_education_per_100": 0.0, "gravity_essential_services_per_100": 0.0, "gravity_food_and_drink_per_100": 0.0, "gravity_healthcare_per_100": 0.0, "gravity_shelter_per_100": 0.0, "shannon": 1.3815510557964275e-08, "kl_divergence": 0.33060176275995579, "jsd": 0.27776453108784477, "city_similarity": 0.72223546891215529 }, "geometry": { "type": "Polygon", "coordinates": [ [ [ 24.718204954707875, 59.497330177128987 ], [ 24.709381462469196, 59.497175854346416 ], [ 24.704705856981235, 59.500983782315053 ], [ 24.708854614061401, 59.504946500183195 ], [ 24.71768013142373, 59.505100870588286 ], [ 24.722354866218986, 59.501292475494026 ], [ 24.718204954707875, 59.497330177128987 ] ] ] } },
{ "type": "Feature", "properties": { "from_id": "181", "population": 0.032107331752180689, "gravity_community": 0.0, "gravity_education": 0.0, "gravity_essential_services": 0.0, "gravity_food_and_drink": 1.0, "gravity_healthcare": 0.0, "gravity_shelter": 0.0, "avg_gravity": 0.16666666666666666, "min_tt_community": null, "min_tt_education": null, "min_tt_essential_services": null, "min_tt_food_and_drink": null, "min_tt_healthcare": null, "min_tt_shelter": null, "avg_tt_community": null, "avg_tt_education": null, "avg_tt_essential_services": null, "avg_tt_food_and_drink": null, "avg_tt_healthcare": null, "avg_tt_shelter": null, "avg_tt_all": null, "n_unreachable_categories": 6, "count_community": 0.0, "count_education": 0.0, "count_essential_services": 0.0, "count_food_and_drink": 1.0, "count_healthcare": 0.0, "count_shelter": 0.0, "gravity_community_per_100": 0.0, "gravity_education_per_100": 0.0, "gravity_essential_services_per_100": 0.0, "gravity_food_and_drink_per_100": 3114.5534226215523, "gravity_healthcare_per_100": 0.0, "gravity_shelter_per_100": 0.0, "shannon": 1.1412925456691193e-08, "kl_divergence": 0.73388955517277454, "jsd": 0.47630023541647937, "city_similarity": 0.52369976458352063 }, "geometry": { "type": "Polygon", "coordinates": [ [ [ 24.69173476253048, 59.496865423682692 ], [ 24.682911555556604, 59.496709315827324 ], [ 24.678233056102542, 59.500516279161666 ], [ 24.682378632209364, 59.504479817697458 ], [ 24.691203864090863, 59.504635973724881 ], [ 24.695881494594726, 59.500828543035688 ], [ 24.69173476253048, 59.496865423682692 ] ] ] } },
{ "type": "Feature", "properties": { "from_id": "182", "population": 13.175558433468595, "gravity_community": 0.0, "gravity_education": 0.0, "gravity_essential_services": 1.0, "gravity_food_and_drink": 0.0, "gravity_healthcare": 0.0, "gravity_shelter": 0.0, "avg_gravity": 0.16666666666666666, "min_tt_community": null, "min_tt_education": null, "min_tt_essential_services": null, "min_tt_food_and_drink": null, "min_tt_healthcare": null, "min_tt_shelter": null, "avg_tt_community": null, "avg_tt_education": null, "avg_tt_essential_services": null, "avg_tt_food_and_drink": null, "avg_tt_healthcare": null, "avg_tt_shelter": null, "avg_tt_all": null, "n_unreachable_categories": 6, "count_community": 0.0, "count_education": 0.0, "count_essential_services": 1.0, "count_food_and_drink": 0.0, "count_healthcare": 0.0, "count_shelter": 0.0, "gravity_community_per_100": 0.0, "gravity_education_per_100": 0.0, "gravity_essential_services_per_100": 7.5898111267891073, "gravity_food_and_drink_per_100": 0.0, "gravity_healthcare_per_100": 0.0, "gravity_shelter_per_100": 0.0, "shannon": 1.1412925456691193e-08, "kl_divergence": 2.4819633277811195, "jsd": 0.73887622432123612, "city_similarity": 0.26112377567876388 }, "geometry": { "type": "Polygon", "coordinates": [ [ [ 24.653379839188439, 59.476732369420596 ], [ 24.644562122923649, 59.476573706567549 ], [ 24.639882180304426, 59.480379298302253 ], [ 24.644020818837962, 59.484344020208113 ], [ 24.65284055696123, 59.484502732001189 ], [ 24.657519634330097, 59.480696672939487 ], [ 24.653379839188439, 59.476732369420596 ] ] ] } },
{ "type": "Feature", "properties": { "from_id": "183", "population": 0.0, "gravity_community": 0.0, "gravity_education": 0.0, "gravity_essential_services": 0.0, "gravity_food_and_drink": 1.0, "gravity_healthcare": 0.0, "gravity_shelter": 0.43367532807620623, "avg_gravity": 0.23894588801270103, "min_tt_community": null, "min_tt_education": null, "min_tt_essential_services": null, "min_tt_food_and_drink": null, "min_tt_healthcare": null, "min_tt_shelter": 56.0, "avg_tt_community": null, "avg_tt_education": null, "avg_tt_essential_services": null, "avg_tt_food_and_drink": null, "avg_tt_healthcare": null, "avg_tt_shelter": 57.0, "avg_tt_all": 57.0, "n_unreachable_categories": 5, "count_community": 0.0, "count_education": 0.0, "count_essential_services": 0.0, "count_food_and_drink": 1.0, "count_healthcare": 0.0, "count_shelter": 2.0, "gravity_community_per_100": 0.0, "gravity_education_per_100": 0.0, "gravity_essential_services_per_100": 0.0, "gravity_food_and_drink_per_100": 0.0, "gravity_healthcare_per_100": 0.0, "gravity_shelter_per_100": 0.0, "shannon": 0.63651417745556094, "kl_divergence": 0.73293730721664541, "jsd": 0.44160427125650337, "city_similarity": 0.55839572874349663 }, "geometry": { "type": "Polygon", "coordinates": [ [ [ 24.679833567942115, 59.477204790956463 ], [ 24.67101556205996, 59.477047911628148 ], [ 24.666338506659418, 59.48085446837495 ], [ 24.670480323769421, 59.484818371540051 ], [ 24.679300351729218, 59.484975299259617 ], [ 24.6839765401389, 59.481168275414007 ], [ 24.679833567942115, 59.477204790956463 ] ] ] } },
{ "type": "Feature", "properties": { "from_id": "184", "population": 0.0, "gravity_community": 0.0, "gravity_education": 0.0, "gravity_essential_services": 0.0, "gravity_food_and_drink": 0.0, "gravity_healthcare": 0.0, "gravity_shelter": 0.0, "avg_gravity": 0.0, "min_tt_community": null, "min_tt_education": null, "min_tt_essential_services": null, "min_tt_food_and_drink": null, "min_tt_healthcare": null, "min_tt_shelter": null, "avg_tt_community": null, "avg_tt_education": null, "avg_tt_essential_services": null, "avg_tt_food_and_drink": null, "avg_tt_healthcare": null, "avg_tt_shelter": null, "avg_tt_all": null, "n_unreachable_categories": 6, "count_community": 0.0, "count_education": 0.0, "count_essential_services": 0.0, "count_food_and_drink": 0.0, "count_healthcare": 0.0, "count_shelter": 0.0, "gravity_community_per_100": 0.0, "gravity_education_per_100": 0.0, "gravity_essential_services_per_100": 0.0, "gravity_food_and_drink_per_100": 0.0, "gravity_healthcare_per_100": 0.0, "gravity_shelter_per_100": 0.0, "shannon": 1.3815510557964275e-08, "kl_divergence": 0.33060176275995579, "jsd": 0.27776453108784477, "city_similarity": 0.72223546891215529 }, "geometry": { "type": "Polygon", "coordinates": [ [ [ 24.666338506659418, 59.48085446837495 ], [ 24.657519634330097, 59.480696672939487 ], [ 24.65284055696123, 59.484502732001189 ], [ 24.656981217896902, 59.488467053776546 ], [ 24.665802112738334, 59.488624897888812 ], [ 24.670480323769421, 59.484818371540051 ], [ 24.666338506659418, 59.48085446837495 ] ] ] } },
{ "type": "Feature", "properties": { "from_id": "185", "population": 0.0, "gravity_community": 0.0, "gravity_education": 0.0, "gravity_essential_services": 0.0, "gravity_food_and_drink": 1.0, "gravity_healthcare": 0.0, "gravity_shelter": 0.0, "avg_gravity": 0.16666666666666666, "min_tt_community": null, "min_tt_education": null, "min_tt_essential_services": null, "min_tt_food_and_drink": null, "min_tt_healthcare": null, "min_tt_shelter": null, "avg_tt_community": null, "avg_tt_education": null, "avg_tt_essential_services": null, "avg_tt_food_and_drink": null, "avg_tt_healthcare": null, "avg_tt_shelter": null, "avg_tt_all": null, "n_unreachable_categories": 6, "count_community": 0.0, "count_education": 0.0, "count_essential_services": 0.0, "count_food_and_drink": 1.0, "count_healthcare": 0.0, "count_shelter": 0.0, "gravity_community_per_100": 0.0, "gravity_education_per_100": 0.0, "gravity_essential_services_per_100": 0.0, "gravity_food_and_drink_per_100": 0.0, "gravity_healthcare_per_100": 0.0, "gravity_shelter_per_100": 0.0, "shannon": 1.1412925456691193e-08, "kl_divergence": 0.73388955517277454, "jsd": 0.47630023541647937, "city_similarity": 0.52369976458352063 }, "geometry": { "type": "Polygon", "coordinates": [ [ [ 24.65284055696123, 59.484502732001189 ], [ 24.644020818837962, 59.484344020208113 ], [ 24.639339719066967, 59.488149581236797 ], [ 24.643479222740471, 59.49211432152488 ], [ 24.652300983809795, 59.492273082280462 ], [ 24.656981217896902, 59.488467053776546 ], [ 24.65284055696123, 59.484502732001189 ] ] ] } },
{ "type": "Feature", "properties": { "from_id": "186", "population": 0.0, "gravity_community": 0.0, "gravity_education": 0.0, "gravity_essential_services": 1.0, "gravity_food_and_drink": 0.0, "gravity_healthcare": 0.0, "gravity_shelter": 0.422197070587367, "avg_gravity": 0.23703284509789449, "min_tt_community": null, "min_tt_education": null, "min_tt_essential_services": null, "min_tt_food_and_drink": null, "min_tt_healthcare": null, "min_tt_shelter": 57.0, "avg_tt_community": null, "avg_tt_education": null, "avg_tt_essential_services": null, "avg_tt_food_and_drink": null, "avg_tt_healthcare": null, "avg_tt_shelter": 58.0, "avg_tt_all": 58.0, "n_unreachable_categories": 5, "count_community": 0.0, "count_education": 0.0, "count_essential_services": 1.0, "count_food_and_drink": 0.0, "count_healthcare": 0.0, "count_shelter": 2.0, "gravity_community_per_100": 0.0, "gravity_education_per_100": 0.0, "gravity_essential_services_per_100": 0.0, "gravity_food_and_drink_per_100": 0.0, "gravity_healthcare_per_100": 0.0, "gravity_shelter_per_100": 0.0, "shannon": 0.63651417745556094, "kl_divergence": 1.3156285647527604, "jsd": 0.60482055271839685, "city_similarity": 0.39517944728160315 }, "geometry": { "type": "Polygon", "coordinates": [ [ [ 24.679300351729218, 59.484975299259617 ], [ 24.670480323769421, 59.484818371540051 ], [ 24.665802112738334, 59.488624897888812 ], [ 24.669944796730039, 59.492588819195269 ], [ 24.678766847855279, 59.492745795328283 ], [ 24.683444191460634, 59.488938801732573 ], [ 24.679300351729218, 59.484975299259617 ] ] ] } },
{ "type": "Feature", "properties": { "from_id": "187", "population": 0.0, "gravity_community": 0.0, "gravity_education": 0.0, "gravity_essential_services": 0.0, "gravity_food_and_drink": 0.0, "gravity_healthcare": 0.0, "gravity_shelter": 0.0, "avg_gravity": 0.0, "min_tt_community": null, "min_tt_education": null, "min_tt_essential_services": null, "min_tt_food_and_drink": null, "min_tt_healthcare": null, "min_tt_shelter": null, "avg_tt_community": null, "avg_tt_education": null, "avg_tt_essential_services": null, "avg_tt_food_and_drink": null, "avg_tt_healthcare": null, "avg_tt_shelter": null, "avg_tt_all": null, "n_unreachable_categories": 6, "count_community": 0.0, "count_education": 0.0, "count_essential_services": 0.0, "count_food_and_drink": 0.0, "count_healthcare": 0.0, "count_shelter": 0.0, "gravity_community_per_100": 0.0, "gravity_education_per_100": 0.0, "gravity_essential_services_per_100": 0.0, "gravity_food_and_drink_per_100": 0.0, "gravity_healthcare_per_100": 0.0, "gravity_shelter_per_100": 0.0, "shannon": 1.3815510557964275e-08, "kl_divergence": 0.33060176275995579, "jsd": 0.27776453108784477, "city_similarity": 0.72223546891215529 }, "geometry": { "type": "Polygon", "coordinates": [ [ [ 24.665802112738334, 59.488624897888812 ], [ 24.656981217896902, 59.488467053776546 ], [ 24.652300983809795, 59.492273082280462 ], [ 24.656442510973424, 59.496237422323041 ], [ 24.665265429415069, 59.496395315134471 ], [ 24.669944796730039, 59.492588819195269 ], [ 24.665802112738334, 59.488624897888812 ] ] ] } },
{ "type": "Feature", "properties": { "from_id": "188", "population": 0.0, "gravity_community": 0.0, "gravity_education": 0.0, "gravity_essential_services": 1.0, "gravity_food_and_drink": 0.0, "gravity_healthcare": 0.0, "gravity_shelter": 0.0, "avg_gravity": 0.16666666666666666, "min_tt_community": null, "min_tt_education": null, "min_tt_essential_services": null, "min_tt_food_and_drink": null, "min_tt_healthcare": null, "min_tt_shelter": null, "avg_tt_community": null, "avg_tt_education": null, "avg_tt_essential_services": null, "avg_tt_food_and_drink": null, "avg_tt_healthcare": null, "avg_tt_shelter": null, "avg_tt_all": null, "n_unreachable_categories": 6, "count_community": 0.0, "count_education": 0.0, "count_essential_services": 1.0, "count_food_and_drink": 0.0, "count_healthcare": 0.0, "count_shelter": 0.0, "gravity_community_per_100": 0.0, "gravity_education_per_100": 0.0, "gravity_essential_services_per_100": 0.0, "gravity_food_and_drink_per_100": 0.0, "gravity_healthcare_per_100": 0.0, "gravity_shelter_per_100": 0.0, "shannon": 1.1412925456691193e-08, "kl_divergence": 2.4819633277811195, "jsd": 0.73887622432123612, "city_similarity": 0.26112377567876388 }, "geometry": { "type": "Polygon", "coordinates": [ [ [ 24.678766847855279, 59.492745795328283 ], [ 24.669944796730039, 59.492588819195269 ], [ 24.665265429415069, 59.496395315134471 ], [ 24.669408980723233, 59.500359254592993 ], [ 24.678233056102542, 59.500516279161666 ], [ 24.682911555556604, 59.496709315827324 ], [ 24.678766847855279, 59.492745795328283 ] ] ] } },
{ "type": "Feature", "properties": { "from_id": "189", "population": 0.0, "gravity_community": 0.0, "gravity_education": 0.0, "gravity_essential_services": 0.0, "gravity_food_and_drink": 0.0, "gravity_healthcare": 1.0, "gravity_shelter": 0.0, "avg_gravity": 0.16666666666666666, "min_tt_community": null, "min_tt_education": null, "min_tt_essential_services": null, "min_tt_food_and_drink": null, "min_tt_healthcare": null, "min_tt_shelter": null, "avg_tt_community": null, "avg_tt_education": null, "avg_tt_essential_services": null, "avg_tt_food_and_drink": null, "avg_tt_healthcare": null, "avg_tt_shelter": null, "avg_tt_all": null, "n_unreachable_categories": 6, "count_community": 0.0, "count_education": 0.0, "count_essential_services": 0.0, "count_food_and_drink": 0.0, "count_healthcare": 1.0, "count_shelter": 0.0, "gravity_community_per_100": 0.0, "gravity_education_per_100": 0.0, "gravity_essential_services_per_100": 0.0, "gravity_food_and_drink_per_100": 0.0, "gravity_healthcare_per_100": 0.0, "gravity_shelter_per_100": 0.0, "shannon": 1.1412925456691193e-08, "kl_divergence": 2.2209536863031425, "jsd": 0.71802445722173791, "city_similarity": 0.28197554277826209 }, "geometry": { "type": "Polygon", "coordinates": [ [ [ 24.651761119513925, 59.500043420257562 ], [ 24.656442510973424, 59.496237422323041 ], [ 24.652300983809795, 59.492273082280462 ], [ 24.643479222740471, 59.49211432152488 ], [ 24.640326234554941, 59.494677044007247 ], [ 24.648899107543656, 59.49999197539973 ], [ 24.651761119513925, 59.500043420257562 ] ] ] } },
{ "type": "Feature", "properties": { "from_id": "190", "population": 0.0, "gravity_community": 0.0, "gravity_education": 0.0, "gravity_essential_services": 1.0, "gravity_food_and_drink": 0.0, "gravity_healthcare": 0.0, "gravity_shelter": 0.0, "avg_gravity": 0.16666666666666666, "min_tt_community": null, "min_tt_education": null, "min_tt_essential_services": null, "min_tt_food_and_drink": null, "min_tt_healthcare": null, "min_tt_shelter": null, "avg_tt_community": null, "avg_tt_education": null, "avg_tt_essential_services": null, "avg_tt_food_and_drink": null, "avg_tt_healthcare": null, "avg_tt_shelter": null, "avg_tt_all": null, "n_unreachable_categories": 6, "count_community": 0.0, "count_education": 0.0, "count_essential_services": 1.0, "count_food_and_drink": 0.0, "count_healthcare": 0.0, "count_shelter": 0.0, "gravity_community_per_100": 0.0, "gravity_education_per_100": 0.0, "gravity_essential_services_per_100": 0.0, "gravity_food_and_drink_per_100": 0.0, "gravity_healthcare_per_100": 0.0, "gravity_shelter_per_100": 0.0, "shannon": 1.1412925456691193e-08, "kl_divergence": 2.4819633277811195, "jsd": 0.73887622432123612, "city_similarity": 0.26112377567876388 }, "geometry": { "type": "Polygon", "coordinates": [ [ [ 24.665265429415069, 59.496395315134471 ], [ 24.656442510973424, 59.496237422323041 ], [ 24.651761119513925, 59.500043420257562 ], [ 24.655903513339751, 59.504007778578128 ], [ 24.664728456470524, 59.504165720111033 ], [ 24.669408980723233, 59.500359254592993 ], [ 24.665265429415069, 59.496395315134471 ] ] ] } },
{ "type": "Feature", "properties": { "from_id": "191", "population": 0.0, "gravity_community": 0.0, "gravity_education": 0.0, "gravity_essential_services": 0.0, "gravity_food_and_drink": 1.0, "gravity_healthcare": 0.0, "gravity_shelter": 0.0, "avg_gravity": 0.16666666666666666, "min_tt_community": null, "min_tt_education": null, "min_tt_essential_services": null, "min_tt_food_and_drink": null, "min_tt_healthcare": null, "min_tt_shelter": null, "avg_tt_community": null, "avg_tt_education": null, "avg_tt_essential_services": null, "avg_tt_food_and_drink": null, "avg_tt_healthcare": null, "avg_tt_shelter": null, "avg_tt_all": null, "n_unreachable_categories": 6, "count_community": 0.0, "count_education": 0.0, "count_essential_services": 0.0, "count_food_and_drink": 1.0, "count_healthcare": 0.0, "count_shelter": 0.0, "gravity_community_per_100": 0.0, "gravity_education_per_100": 0.0, "gravity_essential_services_per_100": 0.0, "gravity_food_and_drink_per_100": 0.0, "gravity_healthcare_per_100": 0.0, "gravity_shelter_per_100": 0.0, "shannon": 1.1412925456691193e-08, "kl_divergence": 0.73388955517277454, "jsd": 0.47630023541647937, "city_similarity": 0.52369976458352063 }, "geometry": { "type": "Polygon", "coordinates": [ [ [ 24.678233056102542, 59.500516279161666 ], [ 24.669408980723233, 59.500359254592993 ], [ 24.664728456470524, 59.504165720111033 ], [ 24.668872875530223, 59.508129677732342 ], [ 24.677698976253037, 59.508286750758934 ], [ 24.682378632209364, 59.504479817697458 ], [ 24.678233056102542, 59.500516279161666 ] ] ] } },
{ "type": "Feature", "properties": { "from_id": "192", "population": 0.0, "gravity_community": 0.0, "gravity_education": 0.0, "gravity_essential_services": 1.0, "gravity_food_and_drink": 0.0, "gravity_healthcare": 0.0, "gravity_shelter": 0.0, "avg_gravity": 0.16666666666666666, "min_tt_community": null, "min_tt_education": null, "min_tt_essential_services": null, "min_tt_food_and_drink": null, "min_tt_healthcare": null, "min_tt_shelter": null, "avg_tt_community": null, "avg_tt_education": null, "avg_tt_essential_services": null, "avg_tt_food_and_drink": null, "avg_tt_healthcare": null, "avg_tt_shelter": null, "avg_tt_all": null, "n_unreachable_categories": 6, "count_community": 0.0, "count_education": 0.0, "count_essential_services": 1.0, "count_food_and_drink": 0.0, "count_healthcare": 0.0, "count_shelter": 0.0, "gravity_community_per_100": 0.0, "gravity_education_per_100": 0.0, "gravity_essential_services_per_100": 0.0, "gravity_food_and_drink_per_100": 0.0, "gravity_healthcare_per_100": 0.0, "gravity_shelter_per_100": 0.0, "shannon": 1.1412925456691193e-08, "kl_divergence": 2.4819633277811195, "jsd": 0.73887622432123612, "city_similarity": 0.26112377567876388 }, "geometry": { "type": "Polygon", "coordinates": [ [ [ 24.704705856981235, 59.500983782315053 ], [ 24.695881494594726, 59.500828543035688 ], [ 24.691203864090863, 59.504635973724881 ], [ 24.695351465650159, 59.508599110999128 ], [ 24.704177853597546, 59.508754398186802 ], [ 24.708854614061401, 59.504946500183195 ], [ 24.704705856981235, 59.500983782315053 ] ] ] } },
{ "type": "Feature", "properties": { "from_id": "193", "population": 0.0, "gravity_community": 0.0, "gravity_education": 0.0, "gravity_essential_services": 0.0, "gravity_food_and_drink": 1.0, "gravity_healthcare": 0.0, "gravity_shelter": 0.0, "avg_gravity": 0.16666666666666666, "min_tt_community": null, "min_tt_education": null, "min_tt_essential_services": null, "min_tt_food_and_drink": null, "min_tt_healthcare": null, "min_tt_shelter": null, "avg_tt_community": null, "avg_tt_education": null, "avg_tt_essential_services": null, "avg_tt_food_and_drink": null, "avg_tt_healthcare": null, "avg_tt_shelter": null, "avg_tt_all": null, "n_unreachable_categories": 6, "count_community": 0.0, "count_education": 0.0, "count_essential_services": 0.0, "count_food_and_drink": 1.0, "count_healthcare": 0.0, "count_shelter": 0.0, "gravity_community_per_100": 0.0, "gravity_education_per_100": 0.0, "gravity_essential_services_per_100": 0.0, "gravity_food_and_drink_per_100": 0.0, "gravity_healthcare_per_100": 0.0, "gravity_shelter_per_100": 0.0, "shannon": 1.1412925456691193e-08, "kl_divergence": 0.73388955517277454, "jsd": 0.47630023541647937, "city_similarity": 0.52369976458352063 }, "geometry": { "type": "Polygon", "coordinates": [ [ [ 24.71768013142373, 59.505100870588286 ], [ 24.708854614061401, 59.504946500183195 ], [ 24.704177853597546, 59.508754398186802 ], [ 24.708327481262835, 59.512717133860569 ], [ 24.717155024838998, 59.512871551910045 ], [ 24.721830914172507, 59.509063186632666 ], [ 24.71768013142373, 59.505100870588286 ] ] ] } },
{ "type": "Feature", "properties": { "from_id": "194", "population": 0.0, "gravity_community": 0.0, "gravity_education": 0.0, "gravity_essential_services": 0.0, "gravity_food_and_drink": 1.0, "gravity_healthcare": 0.0, "gravity_shelter": 0.0, "avg_gravity": 0.16666666666666666, "min_tt_community": null, "min_tt_education": null, "min_tt_essential_services": null, "min_tt_food_and_drink": null, "min_tt_healthcare": null, "min_tt_shelter": null, "avg_tt_community": null, "avg_tt_education": null, "avg_tt_essential_services": null, "avg_tt_food_and_drink": null, "avg_tt_healthcare": null, "avg_tt_shelter": null, "avg_tt_all": null, "n_unreachable_categories": 6, "count_community": 0.0, "count_education": 0.0, "count_essential_services": 0.0, "count_food_and_drink": 1.0, "count_healthcare": 0.0, "count_shelter": 0.0, "gravity_community_per_100": 0.0, "gravity_education_per_100": 0.0, "gravity_essential_services_per_100": 0.0, "gravity_food_and_drink_per_100": 0.0, "gravity_healthcare_per_100": 0.0, "gravity_shelter_per_100": 0.0, "shannon": 1.1412925456691193e-08, "kl_divergence": 0.73388955517277454, "jsd": 0.47630023541647937, "city_similarity": 0.52369976458352063 }, "geometry": { "type": "Polygon", "coordinates": [ [ [ 24.691203864090863, 59.504635973724881 ], [ 24.682378632209364, 59.504479817697458 ], [ 24.677698976253037, 59.508286750758934 ], [ 24.681845421201245, 59.512250307342107 ], [ 24.690672679080325, 59.512406511563697 ], [ 24.695351465650159, 59.508599110999128 ], [ 24.691203864090863, 59.504635973724881 ] ] ] } },
{ "type": "Feature", "properties": { "from_id": "195", "population": 0.0, "gravity_community": 0.0, "gravity_education": 0.0, "gravity_essential_services": 0.0, "gravity_food_and_drink": 0.0, "gravity_healthcare": 0.0, "gravity_shelter": 0.0, "avg_gravity": 0.0, "min_tt_community": null, "min_tt_education": null, "min_tt_essential_services": null, "min_tt_food_and_drink": null, "min_tt_healthcare": null, "min_tt_shelter": null, "avg_tt_community": null, "avg_tt_education": null, "avg_tt_essential_services": null, "avg_tt_food_and_drink": null, "avg_tt_healthcare": null, "avg_tt_shelter": null, "avg_tt_all": null, "n_unreachable_categories": 6, "count_community": 0.0, "count_education": 0.0, "count_essential_services": 0.0, "count_food_and_drink": 0.0, "count_healthcare": 0.0, "count_shelter": 0.0, "gravity_community_per_100": 0.0, "gravity_education_per_100": 0.0, "gravity_essential_services_per_100": 0.0, "gravity_food_and_drink_per_100": 0.0, "gravity_healthcare_per_100": 0.0, "gravity_shelter_per_100": 0.0, "shannon": 1.3815510557964275e-08, "kl_divergence": 0.33060176275995579, "jsd": 0.27776453108784477, "city_similarity": 0.72223546891215529 }, "geometry": { "type": "Polygon", "coordinates": [ [ [ 24.704177853597546, 59.508754398186802 ], [ 24.695351465650159, 59.508599110999128 ], [ 24.690672679080325, 59.512406511563697 ], [ 24.694821150571379, 59.516369666769862 ], [ 24.703649565170132, 59.516525001887814 ], [ 24.708327481262835, 59.512717133860569 ], [ 24.704177853597546, 59.508754398186802 ] ] ] } },
{ "type": "Feature", "properties": { "from_id": "196", "population": 0.0, "gravity_community": 0.0, "gravity_education": 0.0, "gravity_essential_services": 0.0, "gravity_food_and_drink": 1.0, "gravity_healthcare": 0.0, "gravity_shelter": 0.0, "avg_gravity": 0.16666666666666666, "min_tt_community": null, "min_tt_education": null, "min_tt_essential_services": null, "min_tt_food_and_drink": null, "min_tt_healthcare": null, "min_tt_shelter": null, "avg_tt_community": null, "avg_tt_education": null, "avg_tt_essential_services": null, "avg_tt_food_and_drink": null, "avg_tt_healthcare": null, "avg_tt_shelter": null, "avg_tt_all": null, "n_unreachable_categories": 6, "count_community": 0.0, "count_education": 0.0, "count_essential_services": 0.0, "count_food_and_drink": 1.0, "count_healthcare": 0.0, "count_shelter": 0.0, "gravity_community_per_100": 0.0, "gravity_education_per_100": 0.0, "gravity_essential_services_per_100": 0.0, "gravity_food_and_drink_per_100": 0.0, "gravity_healthcare_per_100": 0.0, "gravity_shelter_per_100": 0.0, "shannon": 1.1412925456691193e-08, "kl_divergence": 0.73388955517277454, "jsd": 0.47630023541647937, "city_similarity": 0.52369976458352063 }, "geometry": { "type": "Polygon", "coordinates": [ [ [ 24.717155024838998, 59.512871551910045 ], [ 24.708327481262835, 59.512717133860569 ], [ 24.703649565170132, 59.516525001887814 ], [ 24.707800063858073, 59.520487755377836 ], [ 24.716629634739078, 59.520642221093567 ], [ 24.721306679263495, 59.516833885644324 ], [ 24.717155024838998, 59.512871551910045 ] ] ] } },
{ "type": "Feature", "properties": { "from_id": "197", "population": 0.0, "gravity_community": 0.0, "gravity_education": 0.0, "gravity_essential_services": 0.0, "gravity_food_and_drink": 1.0, "gravity_healthcare": 0.0, "gravity_shelter": 0.0, "avg_gravity": 0.16666666666666666, "min_tt_community": null, "min_tt_education": null, "min_tt_essential_services": null, "min_tt_food_and_drink": null, "min_tt_healthcare": null, "min_tt_shelter": null, "avg_tt_community": null, "avg_tt_education": null, "avg_tt_essential_services": null, "avg_tt_food_and_drink": null, "avg_tt_healthcare": null, "avg_tt_shelter": null, "avg_tt_all": null, "n_unreachable_categories": 6, "count_community": 0.0, "count_education": 0.0, "count_essential_services": 0.0, "count_food_and_drink": 1.0, "count_healthcare": 0.0, "count_shelter": 0.0, "gravity_community_per_100": 0.0, "gravity_education_per_100": 0.0, "gravity_essential_services_per_100": 0.0, "gravity_food_and_drink_per_100": 0.0, "gravity_healthcare_per_100": 0.0, "gravity_shelter_per_100": 0.0, "shannon": 1.1412925456691193e-08, "kl_divergence": 0.73388955517277454, "jsd": 0.47630023541647937, "city_similarity": 0.52369976458352063 }, "geometry": { "type": "Polygon", "coordinates": [ [ [ 24.690672679080325, 59.512406511563697 ], [ 24.681845421201245, 59.512250307342107 ], [ 24.677164608088574, 59.516057210119207 ], [ 24.681311922314347, 59.520020784760511 ], [ 24.690141207281801, 59.520177037198366 ], [ 24.694821150571379, 59.516369666769862 ], [ 24.690672679080325, 59.512406511563697 ] ] ] } },
{ "type": "Feature", "properties": { "from_id": "198", "population": 0.0, "gravity_community": 0.0, "gravity_education": 0.0, "gravity_essential_services": 0.0, "gravity_food_and_drink": 1.0, "gravity_healthcare": 0.0, "gravity_shelter": 0.0, "avg_gravity": 0.16666666666666666, "min_tt_community": null, "min_tt_education": null, "min_tt_essential_services": null, "min_tt_food_and_drink": null, "min_tt_healthcare": null, "min_tt_shelter": null, "avg_tt_community": null, "avg_tt_education": null, "avg_tt_essential_services": null, "avg_tt_food_and_drink": null, "avg_tt_healthcare": null, "avg_tt_shelter": null, "avg_tt_all": null, "n_unreachable_categories": 6, "count_community": 0.0, "count_education": 0.0, "count_essential_services": 0.0, "count_food_and_drink": 1.0, "count_healthcare": 0.0, "count_shelter": 0.0, "gravity_community_per_100": 0.0, "gravity_education_per_100": 0.0, "gravity_essential_services_per_100": 0.0, "gravity_food_and_drink_per_100": 0.0, "gravity_healthcare_per_100": 0.0, "gravity_shelter_per_100": 0.0, "shannon": 1.1412925456691193e-08, "kl_divergence": 0.73388955517277454, "jsd": 0.47630023541647937, "city_similarity": 0.52369976458352063 }, "geometry": { "type": "Polygon", "coordinates": [ [ [ 24.703649565170132, 59.516525001887814 ], [ 24.694821150571379, 59.516369666769862 ], [ 24.690141207281801, 59.520177037198366 ], [ 24.69429054914162, 59.52414021034707 ], [ 24.703120991483047, 59.524295593417307 ], [ 24.707800063858073, 59.520487755377836 ], [ 24.703649565170132, 59.516525001887814 ] ] ] } },
{ "type": "Feature", "properties": { "from_id": "199", "population": 0.0, "gravity_community": 0.0, "gravity_education": 0.0, "gravity_essential_services": 0.0, "gravity_food_and_drink": 1.0, "gravity_healthcare": 0.0, "gravity_shelter": 0.0, "avg_gravity": 0.16666666666666666, "min_tt_community": null, "min_tt_education": null, "min_tt_essential_services": null, "min_tt_food_and_drink": null, "min_tt_healthcare": null, "min_tt_shelter": null, "avg_tt_community": null, "avg_tt_education": null, "avg_tt_essential_services": null, "avg_tt_food_and_drink": null, "avg_tt_healthcare": null, "avg_tt_shelter": null, "avg_tt_all": null, "n_unreachable_categories": 6, "count_community": 0.0, "count_education": 0.0, "count_essential_services": 0.0, "count_food_and_drink": 1.0, "count_healthcare": 0.0, "count_shelter": 0.0, "gravity_community_per_100": 0.0, "gravity_education_per_100": 0.0, "gravity_essential_services_per_100": 0.0, "gravity_food_and_drink_per_100": 0.0, "gravity_healthcare_per_100": 0.0, "gravity_shelter_per_100": 0.0, "shannon": 1.1412925456691193e-08, "kl_divergence": 0.73388955517277454, "jsd": 0.47630023541647937, "city_similarity": 0.52369976458352063 }, "geometry": { "type": "Polygon", "coordinates": [ [ [ 24.716629634739078, 59.520642221093567 ], [ 24.707800063858073, 59.520487755377836 ], [ 24.703120991483047, 59.524295593417307 ], [ 24.707272361631471, 59.528258364734135 ], [ 24.716103960909148, 59.52841287813802 ], [ 24.720782161277643, 59.52460457252824 ], [ 24.716629634739078, 59.520642221093567 ] ] ] } },
{ "type": "Feature", "properties": { "from_id": "200", "population": 0.0, "gravity_community": 0.0, "gravity_education": 0.0, "gravity_essential_services": 0.0, "gravity_food_and_drink": 1.0, "gravity_healthcare": 0.0, "gravity_shelter": 0.0, "avg_gravity": 0.16666666666666666, "min_tt_community": null, "min_tt_education": null, "min_tt_essential_services": null, "min_tt_food_and_drink": null, "min_tt_healthcare": null, "min_tt_shelter": null, "avg_tt_community": null, "avg_tt_education": null, "avg_tt_essential_services": null, "avg_tt_food_and_drink": null, "avg_tt_healthcare": null, "avg_tt_shelter": null, "avg_tt_all": null, "n_unreachable_categories": 6, "count_community": 0.0, "count_education": 0.0, "count_essential_services": 0.0, "count_food_and_drink": 1.0, "count_healthcare": 0.0, "count_shelter": 0.0, "gravity_community_per_100": 0.0, "gravity_education_per_100": 0.0, "gravity_essential_services_per_100": 0.0, "gravity_food_and_drink_per_100": 0.0, "gravity_healthcare_per_100": 0.0, "gravity_shelter_per_100": 0.0, "shannon": 1.1412925456691193e-08, "kl_divergence": 0.73388955517277454, "jsd": 0.47630023541647937, "city_similarity": 0.52369976458352063 }, "geometry": { "type": "Polygon", "coordinates": [ [ [ 24.69429054914162, 59.52414021034707 ], [ 24.690141207281801, 59.520177037198366 ], [ 24.681311922314347, 59.520020784760511 ], [ 24.681279683330406, 59.520047001571065 ], [ 24.69152763773371, 59.526387530644442 ], [ 24.69429054914162, 59.52414021034707 ] ] ] } },
{ "type": "Feature", "properties": { "from_id": "201", "population": 0.0, "gravity_community": 0.0, "gravity_education": 0.0, "gravity_essential_services": 0.0, "gravity_food_and_drink": 1.0, "gravity_healthcare": 0.0, "gravity_shelter": 0.0, "avg_gravity": 0.16666666666666666, "min_tt_community": null, "min_tt_education": null, "min_tt_essential_services": null, "min_tt_food_and_drink": null, "min_tt_healthcare": null, "min_tt_shelter": null, "avg_tt_community": null, "avg_tt_education": null, "avg_tt_essential_services": null, "avg_tt_food_and_drink": null, "avg_tt_healthcare": null, "avg_tt_shelter": null, "avg_tt_all": null, "n_unreachable_categories": 6, "count_community": 0.0, "count_education": 0.0, "count_essential_services": 0.0, "count_food_and_drink": 1.0, "count_healthcare": 0.0, "count_shelter": 0.0, "gravity_community_per_100": 0.0, "gravity_education_per_100": 0.0, "gravity_essential_services_per_100": 0.0, "gravity_food_and_drink_per_100": 0.0, "gravity_healthcare_per_100": 0.0, "gravity_shelter_per_100": 0.0, "shannon": 1.1412925456691193e-08, "kl_divergence": 0.73388955517277454, "jsd": 0.47630023541647937, "city_similarity": 0.52369976458352063 }, "geometry": { "type": "Polygon", "coordinates": [ [ [ 24.702592132320117, 59.532066172774499 ], [ 24.707272361631471, 59.528258364734135 ], [ 24.703120991483047, 59.524295593417307 ], [ 24.69429054914162, 59.52414021034707 ], [ 24.69152763773371, 59.526387530644442 ], [ 24.70065509854826, 59.532032136616493 ], [ 24.702592132320117, 59.532066172774499 ] ] ] } },
{ "type": "Feature", "properties": { "from_id": "202", "population": 0.0, "gravity_community": 0.0, "gravity_education": 0.0, "gravity_essential_services": 0.0, "gravity_food_and_drink": 1.0, "gravity_healthcare": 0.0, "gravity_shelter": 0.0, "avg_gravity": 0.16666666666666666, "min_tt_community": null, "min_tt_education": null, "min_tt_essential_services": null, "min_tt_food_and_drink": null, "min_tt_healthcare": null, "min_tt_shelter": null, "avg_tt_community": null, "avg_tt_education": null, "avg_tt_essential_services": null, "avg_tt_food_and_drink": null, "avg_tt_healthcare": null, "avg_tt_shelter": null, "avg_tt_all": null, "n_unreachable_categories": 6, "count_community": 0.0, "count_education": 0.0, "count_essential_services": 0.0, "count_food_and_drink": 1.0, "count_healthcare": 0.0, "count_shelter": 0.0, "gravity_community_per_100": 0.0, "gravity_education_per_100": 0.0, "gravity_essential_services_per_100": 0.0, "gravity_food_and_drink_per_100": 0.0, "gravity_healthcare_per_100": 0.0, "gravity_shelter_per_100": 0.0, "shannon": 1.1412925456691193e-08, "kl_divergence": 0.73388955517277454, "jsd": 0.47630023541647937, "city_similarity": 0.52369976458352063 }, "geometry": { "type": "Polygon", "coordinates": [ [ [ 24.655903513339751, 59.504007778578128 ], [ 24.651761119513925, 59.500043420257562 ], [ 24.648899107543656, 59.49999197539973 ], [ 24.655676588022359, 59.504192247001164 ], [ 24.655903513339751, 59.504007778578128 ] ] ] } },
{ "type": "Feature", "properties": { "from_id": "203", "population": 0.0, "gravity_community": 0.0, "gravity_education": 0.0, "gravity_essential_services": 0.0, "gravity_food_and_drink": 0.0, "gravity_healthcare": 0.0, "gravity_shelter": 0.0, "avg_gravity": 0.0, "min_tt_community": null, "min_tt_education": null, "min_tt_essential_services": null, "min_tt_food_and_drink": null, "min_tt_healthcare": null, "min_tt_shelter": null, "avg_tt_community": null, "avg_tt_education": null, "avg_tt_essential_services": null, "avg_tt_food_and_drink": null, "avg_tt_healthcare": null, "avg_tt_shelter": null, "avg_tt_all": null, "n_unreachable_categories": 6, "count_community": 0.0, "count_education": 0.0, "count_essential_services": 0.0, "count_food_and_drink": 0.0, "count_healthcare": 0.0, "count_shelter": 0.0, "gravity_community_per_100": 0.0, "gravity_education_per_100": 0.0, "gravity_essential_services_per_100": 0.0, "gravity_food_and_drink_per_100": 0.0, "gravity_healthcare_per_100": 0.0, "gravity_shelter_per_100": 0.0, "shannon": 1.3815510557964275e-08, "kl_divergence": 0.33060176275995579, "jsd": 0.27776453108784477, "city_similarity": 0.72223546891215529 }, "geometry": { "type": "Polygon", "coordinates": [ [ [ 24.668872875530223, 59.508129677732342 ], [ 24.664728456470524, 59.504165720111033 ], [ 24.655903513339751, 59.504007778578128 ], [ 24.655676588022359, 59.504192247001164 ], [ 24.665914948978301, 59.510534736772172 ], [ 24.668872875530223, 59.508129677732342 ] ] ] } },
{ "type": "Feature", "properties": { "from_id": "204", "population": 0.0, "gravity_community": 0.0, "gravity_education": 0.0, "gravity_essential_services": 1.0, "gravity_food_and_drink": 0.0, "gravity_healthcare": 0.0, "gravity_shelter": 0.0, "avg_gravity": 0.16666666666666666, "min_tt_community": null, "min_tt_education": null, "min_tt_essential_services": null, "min_tt_food_and_drink": null, "min_tt_healthcare": null, "min_tt_shelter": null, "avg_tt_community": null, "avg_tt_education": null, "avg_tt_essential_services": null, "avg_tt_food_and_drink": null, "avg_tt_healthcare": null, "avg_tt_shelter": null, "avg_tt_all": null, "n_unreachable_categories": 6, "count_community": 0.0, "count_education": 0.0, "count_essential_services": 1.0, "count_food_and_drink": 0.0, "count_healthcare": 0.0, "count_shelter": 0.0, "gravity_community_per_100": 0.0, "gravity_education_per_100": 0.0, "gravity_essential_services_per_100": 0.0, "gravity_food_and_drink_per_100": 0.0, "gravity_healthcare_per_100": 0.0, "gravity_shelter_per_100": 0.0, "shannon": 1.1412925456691193e-08, "kl_divergence": 2.4819633277811195, "jsd": 0.73887622432123612, "city_similarity": 0.26112377567876388 }, "geometry": { "type": "Polygon", "coordinates": [ [ [ 24.677164608088574, 59.516057210119207 ], [ 24.681845421201245, 59.512250307342107 ], [ 24.677698976253037, 59.508286750758934 ], [ 24.668872875530223, 59.508129677732342 ], [ 24.665914948978301, 59.510534736772172 ], [ 24.674764857259504, 59.516014558862032 ], [ 24.677164608088574, 59.516057210119207 ] ] ] } },
{ "type": "Feature", "properties": { "from_id": "205", "population": 0.0, "gravity_community": 0.0, "gravity_education": 0.0, "gravity_essential_services": 0.0, "gravity_food_and_drink": 1.0, "gravity_healthcare": 0.0, "gravity_shelter": 0.0, "avg_gravity": 0.16666666666666666, "min_tt_community": null, "min_tt_education": null, "min_tt_essential_services": null, "min_tt_food_and_drink": null, "min_tt_healthcare": null, "min_tt_shelter": null, "avg_tt_community": null, "avg_tt_education": null, "avg_tt_essential_services": null, "avg_tt_food_and_drink": null, "avg_tt_healthcare": null, "avg_tt_shelter": null, "avg_tt_all": null, "n_unreachable_categories": 6, "count_community": 0.0, "count_education": 0.0, "count_essential_services": 0.0, "count_food_and_drink": 1.0, "count_healthcare": 0.0, "count_shelter": 0.0, "gravity_community_per_100": 0.0, "gravity_education_per_100": 0.0, "gravity_essential_services_per_100": 0.0, "gravity_food_and_drink_per_100": 0.0, "gravity_healthcare_per_100": 0.0, "gravity_shelter_per_100": 0.0, "shannon": 1.1412925456691193e-08, "kl_divergence": 0.73388955517277454, "jsd": 0.47630023541647937, "city_similarity": 0.52369976458352063 }, "geometry": { "type": "Polygon", "coordinates": [ [ [ 24.681311922314347, 59.520020784760511 ], [ 24.677164608088574, 59.516057210119207 ], [ 24.674764857259504, 59.516014558862032 ], [ 24.681279683330406, 59.520047001571065 ], [ 24.681311922314347, 59.520020784760511 ] ] ] } },
{ "type": "Feature", "properties": { "from_id": "206", "population": 0.0, "gravity_community": 19.498329910318049, "gravity_education": 63.326910725533523, "gravity_essential_services": 44.379917900186634, "gravity_food_and_drink": 261.63133100788019, "gravity_healthcare": 61.853287602353575, "gravity_shelter": 105.47294195280078, "avg_gravity": 92.693786516512134, "min_tt_community": 25.0, "min_tt_education": 5.0, "min_tt_essential_services": 7.0, "min_tt_food_and_drink": 8.0, "min_tt_healthcare": 7.0, "min_tt_shelter": 8.0, "avg_tt_community": 48.028985507246375, "avg_tt_education": 46.935185185185183, "avg_tt_essential_services": 45.23776223776224, "avg_tt_food_and_drink": 48.866525423728817, "avg_tt_healthcare": 46.310679611650485, "avg_tt_shelter": 44.0030303030303, "avg_tt_all": 46.563694711433897, "n_unreachable_categories": 0, "count_community": 69.0, "count_education": 216.0, "count_essential_services": 143.0, "count_food_and_drink": 945.0, "count_healthcare": 206.0, "count_shelter": 330.0, "gravity_community_per_100": 0.0, "gravity_education_per_100": 0.0, "gravity_essential_services_per_100": 0.0, "gravity_food_and_drink_per_100": 0.0, "gravity_healthcare_per_100": 0.0, "gravity_shelter_per_100": 0.0, "shannon": 1.4524421632045823, "kl_divergence": 0.0012768701864321573, "jsd": 0.017937460931613622, "city_similarity": 0.98206253906838636 }, "geometry": { "type": "Polygon", "coordinates": [ [ [ 24.630736197046232, 59.421862744695687 ], [ 24.621932894739885, 59.42170264422348 ], [ 24.617258159251783, 59.425507486951432 ], [ 24.621387586201489, 59.429472896661089 ], [ 24.630192902556111, 59.42963304646365 ], [ 24.63486677755234, 59.42582773721724 ], [ 24.630736197046232, 59.421862744695687 ] ] ] } },
{ "type": "Feature", "properties": { "from_id": "207", "population": 0.0, "gravity_community": 8.0959544884631249, "gravity_education": 29.255603311145357, "gravity_essential_services": 23.58552860083736, "gravity_food_and_drink": 112.85299023458192, "gravity_healthcare": 32.638877439760634, "gravity_shelter": 54.062205507449129, "avg_gravity": 43.41519326370625, "min_tt_community": 19.0, "min_tt_education": 20.0, "min_tt_essential_services": 29.0, "min_tt_food_and_drink": 30.0, "min_tt_healthcare": 29.0, "min_tt_shelter": 23.0, "avg_tt_community": 51.064516129032256, "avg_tt_education": 52.120689655172413, "avg_tt_essential_services": 51.010989010989015, "avg_tt_food_and_drink": 53.849894291754758, "avg_tt_healthcare": 51.5078125, "avg_tt_shelter": 51.79245283018868, "avg_tt_all": 51.891059069522846, "n_unreachable_categories": 0, "count_community": 31.0, "count_education": 116.0, "count_essential_services": 91.0, "count_food_and_drink": 473.0, "count_healthcare": 128.0, "count_shelter": 212.0, "gravity_community_per_100": 0.0, "gravity_education_per_100": 0.0, "gravity_essential_services_per_100": 0.0, "gravity_food_and_drink_per_100": 0.0, "gravity_healthcare_per_100": 0.0, "gravity_shelter_per_100": 0.0, "shannon": 1.4976814216216443, "kl_divergence": 0.0027725267114578293, "jsd": 0.02627633576177341, "city_similarity": 0.97372366423822654 }, "geometry": { "type": "Polygon", "coordinates": [ [ [ 24.607386804715627, 59.424321164862775 ], [ 24.607736587524414, 59.425197601318359 ], [ 24.608348607649379, 59.425245222032139 ], [ 24.607386804715627, 59.424321164862775 ] ] ] } },
{ "type": "Feature", "properties": { "from_id": "208", "population": 0.0, "gravity_community": 19.403808905001725, "gravity_education": 62.566807118497607, "gravity_essential_services": 44.585896982773804, "gravity_food_and_drink": 254.36708870757329, "gravity_healthcare": 60.087442031482702, "gravity_shelter": 105.09192782363257, "avg_gravity": 91.017161928160291, "min_tt_community": 25.0, "min_tt_education": 17.0, "min_tt_essential_services": 13.0, "min_tt_food_and_drink": 15.0, "min_tt_healthcare": 14.0, "min_tt_shelter": 8.0, "avg_tt_community": 48.304347826086953, "avg_tt_education": 46.962616822429908, "avg_tt_essential_services": 45.640845070422536, "avg_tt_food_and_drink": 49.331189710610936, "avg_tt_healthcare": 46.4228855721393, "avg_tt_shelter": 44.184848484848487, "avg_tt_all": 46.807788914423021, "n_unreachable_categories": 0, "count_community": 69.0, "count_education": 214.0, "count_essential_services": 143.0, "count_food_and_drink": 933.0, "count_healthcare": 201.0, "count_shelter": 330.0, "gravity_community_per_100": 0.0, "gravity_education_per_100": 0.0, "gravity_essential_services_per_100": 0.0, "gravity_food_and_drink_per_100": 0.0, "gravity_healthcare_per_100": 0.0, "gravity_shelter_per_100": 0.0, "shannon": 1.4543554351629973, "kl_divergence": 0.0011008212480320707, "jsd": 0.016635116579770008, "city_similarity": 0.98336488342022998 }, "geometry": { "type": "Polygon", "coordinates": [ [ [ 24.607905519880706, 59.433116643829571 ], [ 24.616711696616314, 59.433277708457489 ], [ 24.621387586201489, 59.429472896661089 ], [ 24.617258159251783, 59.425507486951432 ], [ 24.610018303241159, 59.425375124239885 ], [ 24.610580444335938, 59.425418853759787 ], [ 24.610784530639648, 59.425918579101562 ], [ 24.610780715942383, 59.426082611083977 ], [ 24.610683441162109, 59.426208496093736 ], [ 24.610395431518555, 59.426578521728509 ], [ 24.610326766967773, 59.426609039306641 ], [ 24.61009407043457, 59.426750183105469 ], [ 24.609991073608398, 59.42683410644532 ], [ 24.609954833984375, 59.426967620849616 ], [ 24.609996795654297, 59.42704772949218 ], [ 24.609964370727539, 59.427104949951172 ], [ 24.609870910644531, 59.427169799804695 ], [ 24.609752655029297, 59.427429199218764 ], [ 24.609651565551758, 59.427436828613274 ], [ 24.609531402587891, 59.42741394042968 ], [ 24.609336853027347, 59.427677154541009 ], [ 24.609237670898438, 59.427734375 ], [ 24.608942031860352, 59.427906036376939 ], [ 24.608783721923828, 59.427921295166001 ], [ 24.608554840087891, 59.428047180175781 ], [ 24.608362197875977, 59.428249359130845 ], [ 24.60820198059082, 59.428359985351548 ], [ 24.608100891113281, 59.428398132324226 ], [ 24.608015060424805, 59.428447723388672 ], [ 24.607877731323242, 59.428565979003906 ], [ 24.607755661010742, 59.428630828857408 ], [ 24.607622146606445, 59.428661346435526 ], [ 24.607492446899414, 59.428668975830085 ], [ 24.607381820678711, 59.428615570068359 ], [ 24.607276916503906, 59.428619384765632 ], [ 24.607196807861328, 59.428653717041016 ], [ 24.607093811035156, 59.428726196289048 ], [ 24.607095718383789, 59.428756713867188 ], [ 24.607194900512699, 59.428848266601555 ], [ 24.607217788696289, 59.428977966308587 ], [ 24.607204437255859, 59.429039001464837 ], [ 24.60716438293457, 59.429073333740227 ], [ 24.607089996337891, 59.429092407226555 ], [ 24.606695175170898, 59.429084777832024 ], [ 24.606346130371094, 59.429214477539055 ], [ 24.606267929077148, 59.42929840087892 ], [ 24.606304168701175, 59.42946624755858 ], [ 24.606378555297852, 59.429603576660149 ], [ 24.606363296508789, 59.429668426513672 ], [ 24.606414794921875, 59.429756164550774 ], [ 24.606363296508789, 59.429843902587891 ], [ 24.6063232421875, 59.429847717285156 ], [ 24.606010437011719, 59.429782867431641 ], [ 24.605617523193359, 59.429775238037109 ], [ 24.605613708496094, 59.429824829101555 ], [ 24.605646133422852, 59.429962158203111 ], [ 24.605634689331055, 59.430011749267578 ], [ 24.605690002441406, 59.430095672607408 ], [ 24.605657577514648, 59.430160522460945 ], [ 24.605224609375, 59.430328369140625 ], [ 24.605115006030026, 59.430436050007771 ], [ 24.607905519880706, 59.433116643829571 ] ] ] } },
{ "type": "Feature", "properties": { "from_id": "209", "population": 0.0, "gravity_community": 23.157089096066795, "gravity_education": 70.461769555035858, "gravity_essential_services": 50.174716601074039, "gravity_food_and_drink": 318.28012726421304, "gravity_healthcare": 68.548902419790366, "gravity_shelter": 113.66603654094379, "avg_gravity": 107.38144024618731, "min_tt_community": 20.0, "min_tt_education": 20.0, "min_tt_essential_services": 18.0, "min_tt_food_and_drink": 18.0, "min_tt_healthcare": 18.0, "min_tt_shelter": 19.0, "avg_tt_community": 45.131578947368418, "avg_tt_education": 45.894067796610166, "avg_tt_essential_services": 43.455128205128204, "avg_tt_food_and_drink": 45.303809523809527, "avg_tt_healthcare": 44.484018264840181, "avg_tt_shelter": 44.10803324099723, "avg_tt_all": 44.729439329792285, "n_unreachable_categories": 0, "count_community": 76.0, "count_education": 236.0, "count_essential_services": 156.0, "count_food_and_drink": 1050.0, "count_healthcare": 219.0, "count_shelter": 361.0, "gravity_community_per_100": 0.0, "gravity_education_per_100": 0.0, "gravity_essential_services_per_100": 0.0, "gravity_food_and_drink_per_100": 0.0, "gravity_healthcare_per_100": 0.0, "gravity_shelter_per_100": 0.0, "shannon": 1.444334668533751, "kl_divergence": 0.0016563702453029801, "jsd": 0.020420606202072356, "city_similarity": 0.97957939379792769 }, "geometry": { "type": "Polygon", "coordinates": [ [ [ 24.630192902556111, 59.42963304646365 ], [ 24.621387586201489, 59.429472896661089 ], [ 24.616711696616314, 59.433277708457489 ], [ 24.620841983947074, 59.437243136713718 ], [ 24.629649315431603, 59.437403335869185 ], [ 24.634324344094775, 59.433598057406556 ], [ 24.630192902556111, 59.42963304646365 ] ] ] } },
{ "type": "Feature", "properties": { "from_id": "210", "population": 0.0, "gravity_community": 14.175564050400732, "gravity_education": 44.719679573207394, "gravity_essential_services": 33.479728345461801, "gravity_food_and_drink": 222.26345786711212, "gravity_healthcare": 45.512671987804275, "gravity_shelter": 76.345944101475112, "avg_gravity": 72.749507654243573, "min_tt_community": 36.0, "min_tt_education": 19.0, "min_tt_essential_services": 25.0, "min_tt_food_and_drink": 20.0, "min_tt_healthcare": 25.0, "min_tt_shelter": 22.0, "avg_tt_community": 50.370370370370374, "avg_tt_education": 50.941860465116278, "avg_tt_essential_services": 48.892561983471076, "avg_tt_food_and_drink": 50.844262295081968, "avg_tt_healthcare": 49.529761904761905, "avg_tt_shelter": 49.644128113879006, "avg_tt_all": 50.037157522113432, "n_unreachable_categories": 0, "count_community": 54.0, "count_education": 172.0, "count_essential_services": 121.0, "count_food_and_drink": 855.0, "count_healthcare": 168.0, "count_shelter": 281.0, "gravity_community_per_100": 0.0, "gravity_education_per_100": 0.0, "gravity_essential_services_per_100": 0.0, "gravity_food_and_drink_per_100": 0.0, "gravity_healthcare_per_100": 0.0, "gravity_shelter_per_100": 0.0, "shannon": 1.4137032458887271, "kl_divergence": 0.0030737109349823436, "jsd": 0.027754811903158476, "city_similarity": 0.97224518809684157 }, "geometry": { "type": "Polygon", "coordinates": [ [ [ 24.594420578812443, 59.436758978126548 ], [ 24.603227615276715, 59.436920957829059 ], [ 24.607905519880706, 59.433116643829571 ], [ 24.605115006030026, 59.430436050007771 ], [ 24.605007171630859, 59.4305419921875 ], [ 24.604949951171875, 59.430526733398445 ], [ 24.604883193969727, 59.430480957031229 ], [ 24.604820251464847, 59.430507659912081 ], [ 24.604770660400391, 59.430606842041009 ], [ 24.604904174804691, 59.43072128295897 ], [ 24.604951858520511, 59.430786132812493 ], [ 24.604928970336914, 59.430820465087898 ], [ 24.604854583740234, 59.430850982666016 ], [ 24.604692459106445, 59.430889129638665 ], [ 24.604469299316406, 59.430904388427727 ], [ 24.604221343994141, 59.430896759033203 ], [ 24.604087829589844, 59.430919647216797 ], [ 24.603870391845703, 59.430980682373061 ], [ 24.603836059570312, 59.43107986450196 ], [ 24.603641510009766, 59.431262969970703 ], [ 24.603258132934574, 59.431312561035156 ], [ 24.598138809204102, 59.432018280029297 ], [ 24.595502853393555, 59.432483673095689 ], [ 24.591086984065129, 59.433555406432845 ], [ 24.594420578812443, 59.436758978126548 ] ] ] } },
{ "type": "Feature", "properties": { "from_id": "211", "population": 0.0, "gravity_community": 14.286526442409439, "gravity_education": 44.4821013524341, "gravity_essential_services": 33.479728345461801, "gravity_food_and_drink": 221.45988715147331, "gravity_healthcare": 45.496189337326626, "gravity_shelter": 76.470945425683553, "avg_gravity": 72.612563009131478, "min_tt_community": 34.0, "min_tt_education": 18.0, "min_tt_essential_services": 25.0, "min_tt_food_and_drink": 24.0, "min_tt_healthcare": 25.0, "min_tt_shelter": 16.0, "avg_tt_community": 50.148148148148145, "avg_tt_education": 50.923976608187132, "avg_tt_essential_services": 48.892561983471076, "avg_tt_food_and_drink": 50.849122807017544, "avg_tt_healthcare": 49.541666666666664, "avg_tt_shelter": 49.629893238434164, "avg_tt_all": 49.997561575320788, "n_unreachable_categories": 0, "count_community": 54.0, "count_education": 171.0, "count_essential_services": 121.0, "count_food_and_drink": 855.0, "count_healthcare": 168.0, "count_shelter": 281.0, "gravity_community_per_100": 0.0, "gravity_education_per_100": 0.0, "gravity_essential_services_per_100": 0.0, "gravity_food_and_drink_per_100": 0.0, "gravity_healthcare_per_100": 0.0, "gravity_shelter_per_100": 0.0, "shannon": 1.4131877619854005, "kl_divergence": 0.0031066757735591071, "jsd": 0.027900497688861436, "city_similarity": 0.97209950231113851 }, "geometry": { "type": "Polygon", "coordinates": [ [ [ 24.616711696616314, 59.433277708457489 ], [ 24.607905519880706, 59.433116643829571 ], [ 24.603227615276715, 59.436920957829059 ], [ 24.607356747317368, 59.440886803301012 ], [ 24.616164939612901, 59.441047917566792 ], [ 24.620841983947074, 59.437243136713718 ], [ 24.616711696616314, 59.433277708457489 ] ] ] } },
{ "type": "Feature", "properties": { "from_id": "212", "population": 0.0, "gravity_community": 14.120677202566046, "gravity_education": 44.154830084452087, "gravity_essential_services": 33.479728345461801, "gravity_food_and_drink": 221.99860966047032, "gravity_healthcare": 45.473065513374621, "gravity_shelter": 75.786997930147223, "avg_gravity": 72.502318122745351, "min_tt_community": 36.0, "min_tt_education": 10.0, "min_tt_essential_services": 25.0, "min_tt_food_and_drink": 11.0, "min_tt_healthcare": 25.0, "min_tt_shelter": 22.0, "avg_tt_community": 50.537037037037038, "avg_tt_education": 50.74404761904762, "avg_tt_essential_services": 48.892561983471076, "avg_tt_food_and_drink": 50.77166276346604, "avg_tt_healthcare": 49.55952380952381, "avg_tt_shelter": 49.637992831541219, "avg_tt_all": 50.023804340681131, "n_unreachable_categories": 0, "count_community": 54.0, "count_education": 168.0, "count_essential_services": 121.0, "count_food_and_drink": 854.0, "count_healthcare": 168.0, "count_shelter": 279.0, "gravity_community_per_100": 0.0, "gravity_education_per_100": 0.0, "gravity_essential_services_per_100": 0.0, "gravity_food_and_drink_per_100": 0.0, "gravity_healthcare_per_100": 0.0, "gravity_shelter_per_100": 0.0, "shannon": 1.4116412148609998, "kl_divergence": 0.0032849819795673207, "jsd": 0.028683871438821434, "city_similarity": 0.97131612856117855 }, "geometry": { "type": "Polygon", "coordinates": [ [ [ 24.603227615276715, 59.436920957829059 ], [ 24.594420578812443, 59.436758978126548 ], [ 24.589740658760284, 59.440562793982195 ], [ 24.59386863442835, 59.44452905657203 ], [ 24.602677686882043, 59.444691086197409 ], [ 24.607356747317368, 59.440886803301012 ], [ 24.603227615276715, 59.436920957829059 ] ] ] } },
{ "type": "Feature", "properties": { "from_id": "213", "population": 1292.8869301851528, "gravity_community": 23.14908695444128, "gravity_education": 70.566852483101201, "gravity_essential_services": 50.131861930996649, "gravity_food_and_drink": 319.30529287383496, "gravity_healthcare": 68.485826306229526, "gravity_shelter": 113.75799743318191, "avg_gravity": 107.56615299696426, "min_tt_community": 19.0, "min_tt_education": 20.0, "min_tt_essential_services": 18.0, "min_tt_food_and_drink": 15.0, "min_tt_healthcare": 18.0, "min_tt_shelter": 17.0, "avg_tt_community": 45.171052631578945, "avg_tt_education": 45.744680851063826, "avg_tt_essential_services": 43.474358974358971, "avg_tt_food_and_drink": 45.226666666666667, "avg_tt_healthcare": 44.511415525114153, "avg_tt_shelter": 44.099722991689752, "avg_tt_all": 44.704649606745384, "n_unreachable_categories": 0, "count_community": 76.0, "count_education": 235.0, "count_essential_services": 156.0, "count_food_and_drink": 1050.0, "count_healthcare": 219.0, "count_shelter": 361.0, "gravity_community_per_100": 1.7904958596128844, "gravity_education_per_100": 5.4580838305013577, "gravity_essential_services_per_100": 3.8775132426945738, "gravity_food_and_drink_per_100": 24.69707794386224, "gravity_healthcare_per_100": 5.2971241883017379, "gravity_shelter_per_100": 8.7987584047191785, "shannon": 1.443980611977451, "kl_divergence": 0.0016446936710185957, "jsd": 0.020347123983841597, "city_similarity": 0.97965287601615836 }, "geometry": { "type": "Polygon", "coordinates": [ [ [ 24.629649315431603, 59.437403335869185 ], [ 24.620841983947074, 59.437243136713718 ], [ 24.616164939612901, 59.441047917566792 ], [ 24.620064671710892, 59.444791258181439 ], [ 24.62013053894043, 59.44476318359375 ], [ 24.620212554931641, 59.444751739501953 ], [ 24.620246887207031, 59.444740295410142 ], [ 24.620279312133789, 59.444728851318345 ], [ 24.620317459106445, 59.444709777832038 ], [ 24.620346069335938, 59.444675445556648 ], [ 24.620414733886719, 59.444660186767564 ], [ 24.620487213134766, 59.444644927978501 ], [ 24.620553970336918, 59.444633483886705 ], [ 24.620586395263672, 59.444625854492195 ], [ 24.620607376098633, 59.444614410400398 ], [ 24.620626449584961, 59.444599151611328 ], [ 24.620710372924805, 59.444557189941413 ], [ 24.620782852172852, 59.444538116455078 ], [ 24.620803833007812, 59.444530487060533 ], [ 24.620820999145508, 59.44451522827147 ], [ 24.620851516723633, 59.444496154785149 ], [ 24.620882034301758, 59.444488525390618 ], [ 24.620912551879883, 59.444484710693366 ], [ 24.620948791503906, 59.444473266601555 ], [ 24.620965957641602, 59.444461822509773 ], [ 24.620990753173828, 59.444450378417976 ], [ 24.621038436889648, 59.444435119628899 ], [ 24.621074676513672, 59.44441986083983 ], [ 24.621173858642578, 59.444377899169943 ], [ 24.621250152587891, 59.444362640380845 ], [ 24.621372222900391, 59.444316864013665 ], [ 24.621540069580078, 59.444271087646477 ], [ 24.62164306640625, 59.444225311279318 ], [ 24.621801376342773, 59.444190979003899 ], [ 24.621841430664062, 59.444175720214815 ], [ 24.621919631958011, 59.444156646728509 ], [ 24.621967315673832, 59.444149017333999 ], [ 24.622091293334961, 59.444137573242188 ], [ 24.622135162353516, 59.444118499755866 ], [ 24.622167587280273, 59.444103240966797 ], [ 24.622180938720703, 59.444087982177734 ], [ 24.6221923828125, 59.444068908691399 ], [ 24.622200012207031, 59.444046020507805 ], [ 24.6222038269043, 59.444019317626939 ], [ 24.622194290161133, 59.444000244140632 ], [ 24.622163772583008, 59.4439697265625 ], [ 24.622158050537109, 59.443962097167969 ], [ 24.622137069702148, 59.443939208984361 ], [ 24.622140884399414, 59.443920135498047 ], [ 24.622169494628906, 59.443881988525384 ], [ 24.62220573425293, 59.443843841552734 ], [ 24.622232437133789, 59.443824768066399 ], [ 24.622249603271488, 59.443801879882805 ], [ 24.622264862060547, 59.443763732910149 ], [ 24.622303009033203, 59.443717956542962 ], [ 24.622337341308594, 59.443695068359389 ], [ 24.622350692749027, 59.443672180175774 ], [ 24.62238883972168, 59.443626403808594 ], [ 24.622428894042969, 59.443569183349609 ], [ 24.622468948364258, 59.443546295166001 ], [ 24.622585296630859, 59.443519592285142 ], [ 24.622646331787109, 59.443492889404304 ], [ 24.622686386108402, 59.443481445312479 ], [ 24.622875213623047, 59.443408966064474 ], [ 24.622907638549805, 59.443401336669922 ], [ 24.622964859008789, 59.443389892578111 ], [ 24.623016357421875, 59.443370819091783 ], [ 24.623058319091797, 59.443351745605476 ], [ 24.623142242431641, 59.44332122802733 ], [ 24.623321533203125, 59.443279266357429 ], [ 24.623428344726562, 59.4432373046875 ], [ 24.62357330322266, 59.443206787109361 ], [ 24.623615264892578, 59.443202972412109 ], [ 24.623697280883789, 59.443195343017571 ], [ 24.623752593994141, 59.44318771362304 ], [ 24.623775482177734, 59.443180084228516 ], [ 24.623821258544922, 59.443153381347656 ], [ 24.623832702636719, 59.443138122558601 ], [ 24.623865127563477, 59.443119049072266 ], [ 24.623889923095703, 59.443107604980469 ], [ 24.623924255371094, 59.443088531494134 ], [ 24.623991012573242, 59.443080902099609 ], [ 24.624052047729492, 59.443069458007805 ], [ 24.624145507812504, 59.443061828613295 ], [ 24.624212265014648, 59.443054199218743 ], [ 24.624332427978516, 59.443035125732422 ], [ 24.6243782043457, 59.443019866943381 ], [ 24.624471664428711, 59.443004608154297 ], [ 24.624530792236328, 59.442996978759773 ], [ 24.624713897705078, 59.442958831787102 ], [ 24.624805450439453, 59.442943572998047 ], [ 24.624916076660156, 59.44292068481446 ], [ 24.625152587890625, 59.442787170410142 ], [ 24.625167846679691, 59.442779541015625 ], [ 24.625186920166016, 59.44273757934571 ], [ 24.625202178955078, 59.442722320556634 ], [ 24.625232696533203, 59.442703247070312 ], [ 24.625249862670898, 59.442687988281243 ], [ 24.625268936157227, 59.442676544189446 ], [ 24.62528228759766, 59.442665100097649 ], [ 24.625314712524414, 59.442626953124986 ], [ 24.625326156616211, 59.44262313842772 ], [ 24.625362396240234, 59.442596435546875 ], [ 24.625411987304688, 59.442569732666009 ], [ 24.625452041625977, 59.442539215087876 ], [ 24.62547492980957, 59.442520141601555 ], [ 24.625558853149414, 59.442497253417962 ], [ 24.625591278076175, 59.442478179931619 ], [ 24.625604629516602, 59.442462921142571 ], [ 24.625673294067386, 59.442378997802727 ], [ 24.625682830810547, 59.442363739013672 ], [ 24.625707626342773, 59.442333221435554 ], [ 24.625768661499023, 59.44227600097657 ], [ 24.625799179077148, 59.442264556884773 ], [ 24.625848770141602, 59.442256927490234 ], [ 24.625898361206055, 59.442245483398423 ], [ 24.625909805297852, 59.442241668701172 ], [ 24.625913619995117, 59.442226409912116 ], [ 24.625894546508789, 59.442207336425781 ], [ 24.625860214233398, 59.442188262939439 ], [ 24.625894546508789, 59.442169189453118 ], [ 24.625911712646484, 59.442146301269538 ], [ 24.625932693481445, 59.442127227783203 ], [ 24.625961303710938, 59.442111968994141 ], [ 24.626003265380859, 59.442096710205085 ], [ 24.626096725463867, 59.442050933837869 ], [ 24.62615966796875, 59.442031860351562 ], [ 24.626192092895508, 59.442024230957038 ], [ 24.626300811767578, 59.442005157470703 ], [ 24.626386642456055, 59.441997528076158 ], [ 24.626516342163086, 59.442001342773416 ], [ 24.626535415649414, 59.441997528076158 ], [ 24.626562118530273, 59.441986083984375 ], [ 24.626579284667969, 59.441974639892578 ], [ 24.626636505126953, 59.441921234130866 ], [ 24.626642227172852, 59.441879272460938 ], [ 24.626649856567383, 59.441856384277344 ], [ 24.626693725585938, 59.441825866699226 ], [ 24.626766204833984, 59.441799163818352 ], [ 24.626829147338867, 59.441780090332038 ], [ 24.626873016357425, 59.441768646240213 ], [ 24.626888275146484, 59.441768646240241 ], [ 24.626916885375977, 59.441768646240241 ], [ 24.627010345458984, 59.441745758056634 ], [ 24.627111434936523, 59.441722869873047 ], [ 24.627149581909183, 59.441703796386705 ], [ 24.627199172973633, 59.441673278808587 ], [ 24.627262115478516, 59.441631317138672 ], [ 24.627347946166992, 59.441596984863288 ], [ 24.627540588378906, 59.441532135009773 ], [ 24.627592086791992, 59.441520690917962 ], [ 24.627668380737305, 59.441501617431655 ], [ 24.627725601196289, 59.441482543945305 ], [ 24.627758026123047, 59.441471099853509 ], [ 24.62799072265625, 59.441421508789048 ], [ 24.628032684326172, 59.441413879394538 ], [ 24.62816047668457, 59.441379547119134 ], [ 24.628192901611328, 59.441368103027344 ], [ 24.628353118896484, 59.441314697265632 ], [ 24.628425598144531, 59.441287994384766 ], [ 24.628471374511719, 59.441268920898459 ], [ 24.628520965576172, 59.441242218017578 ], [ 24.628555297851562, 59.441223144531257 ], [ 24.62860107421875, 59.441207885742188 ], [ 24.628644943237305, 59.441192626953125 ], [ 24.628683090209964, 59.44118499755858 ], [ 24.62872314453125, 59.44117736816407 ], [ 24.628765106201172, 59.441165924072266 ], [ 24.628828048706055, 59.441143035888686 ], [ 24.628871917724609, 59.441131591796868 ], [ 24.628940582275391, 59.44110107421875 ], [ 24.62898063659668, 59.441078186035149 ], [ 24.629007339477539, 59.441059112548821 ], [ 24.629020690917969, 59.441040039062514 ], [ 24.629049301147461, 59.441017150878906 ], [ 24.629085540771484, 59.44100189208983 ], [ 24.629127502441406, 59.440986633300788 ], [ 24.629171371459961, 59.440982818603516 ], [ 24.629215240478516, 59.440967559814467 ], [ 24.629243850708008, 59.440948486328111 ], [ 24.629270553588867, 59.440933227539062 ], [ 24.629348754882812, 59.44090270996093 ], [ 24.629390716552734, 59.440868377685554 ], [ 24.629396438598633, 59.440853118896484 ], [ 24.62940788269043, 59.440834045410163 ], [ 24.629495620727539, 59.440811157226555 ], [ 24.62952995300293, 59.440795898437493 ], [ 24.629608154296875, 59.44075775146483 ], [ 24.629642486572266, 59.440746307373047 ], [ 24.629707336425781, 59.440719604492173 ], [ 24.629741668701172, 59.440711975097642 ], [ 24.629781723022461, 59.440700531005852 ], [ 24.6300048828125, 59.440624237060547 ], [ 24.630041122436523, 59.440605163574212 ], [ 24.630083084106445, 59.440582275390632 ], [ 24.630147933959961, 59.440559387207038 ], [ 24.630239486694336, 59.440536499023445 ], [ 24.630277633666992, 59.440532684326158 ], [ 24.630306243896488, 59.440525054931634 ], [ 24.630336761474609, 59.440513610839851 ], [ 24.630367279052734, 59.44049453735353 ], [ 24.630434036254886, 59.440452575683565 ], [ 24.630477905273438, 59.440433502197259 ], [ 24.630517959594727, 59.440422058105462 ], [ 24.630640029907227, 59.440364837646484 ], [ 24.63079833984375, 59.44024658203125 ], [ 24.630973815917969, 59.440143585205078 ], [ 24.63099479675293, 59.440135955810568 ], [ 24.631095886230469, 59.440116882324219 ], [ 24.631139755249023, 59.440097808837876 ], [ 24.631147384643555, 59.440086364746087 ], [ 24.631168365478516, 59.440071105957031 ], [ 24.631202697753906, 59.440044403076172 ], [ 24.631280899047852, 59.440025329589844 ], [ 24.631307601928711, 59.440013885498047 ], [ 24.631336212158203, 59.440002441406236 ], [ 24.631414413452148, 59.439975738525376 ], [ 24.631465911865234, 59.439949035644531 ], [ 24.631498336791996, 59.439937591552713 ], [ 24.63154411315918, 59.439933776855447 ], [ 24.631614685058594, 59.439907073974616 ], [ 24.631660461425785, 59.439880371093736 ], [ 24.631689071655273, 59.439857482910156 ], [ 24.631721496582031, 59.439838409423821 ], [ 24.631816864013672, 59.439815521240241 ], [ 24.631877899169922, 59.439785003662095 ], [ 24.631912231445312, 59.43976974487304 ], [ 24.631952285766602, 59.439746856689446 ], [ 24.631984710693359, 59.439735412597663 ], [ 24.632041931152344, 59.439704895019531 ], [ 24.63204610012583, 59.439703227433398 ], [ 24.629649315431603, 59.437403335869185 ] ] ] } },
{ "type": "Feature", "properties": { "from_id": "214", "population": 0.0, "gravity_community": 22.876948785217007, "gravity_education": 70.366852483101198, "gravity_essential_services": 50.896938142379049, "gravity_food_and_drink": 319.45497428222933, "gravity_healthcare": 68.485826306229526, "gravity_shelter": 113.72877301071371, "avg_gravity": 107.63505216831163, "min_tt_community": 23.0, "min_tt_education": 20.0, "min_tt_essential_services": 18.0, "min_tt_food_and_drink": 15.0, "min_tt_healthcare": 18.0, "min_tt_shelter": 14.0, "avg_tt_community": 45.053333333333335, "avg_tt_education": 45.683760683760681, "avg_tt_essential_services": 43.406451612903226, "avg_tt_food_and_drink": 45.218095238095238, "avg_tt_healthcare": 44.511415525114153, "avg_tt_shelter": 44.10803324099723, "avg_tt_all": 44.663514939033973, "n_unreachable_categories": 0, "count_community": 75.0, "count_education": 234.0, "count_essential_services": 156.0, "count_food_and_drink": 1050.0, "count_healthcare": 219.0, "count_shelter": 361.0, "gravity_community_per_100": 0.0, "gravity_education_per_100": 0.0, "gravity_essential_services_per_100": 0.0, "gravity_food_and_drink_per_100": 0.0, "gravity_healthcare_per_100": 0.0, "gravity_shelter_per_100": 0.0, "shannon": 1.4427271367444039, "kl_divergence": 0.0016003752364278558, "jsd": 0.020072667414337043, "city_similarity": 0.979927332585663 }, "geometry": { "type": "Polygon", "coordinates": [ [ [ 24.616164939612901, 59.441047917566792 ], [ 24.607356747317368, 59.440886803301012 ], [ 24.602677686882043, 59.444691086197409 ], [ 24.606807679080919, 59.448656950352039 ], [ 24.607812972933544, 59.448675370155478 ], [ 24.607843399047852, 59.448646545410163 ], [ 24.607847213745117, 59.448577880859368 ], [ 24.60784912109375, 59.448410034179695 ], [ 24.607868194580082, 59.448341369628906 ], [ 24.607921600341797, 59.448307037353516 ], [ 24.608007431030273, 59.448291778564446 ], [ 24.608085632324219, 59.448284149169908 ], [ 24.608179092407227, 59.448287963867188 ], [ 24.608255386352543, 59.448303222656229 ], [ 24.608352661132812, 59.44829177856446 ], [ 24.608390808105469, 59.448280334472663 ], [ 24.608442306518558, 59.448249816894503 ], [ 24.608470916748047, 59.448211669921868 ], [ 24.608476638793945, 59.448184967041037 ], [ 24.608469009399414, 59.448158264160156 ], [ 24.608556747436527, 59.448139190673835 ], [ 24.608644485473633, 59.448116302490241 ], [ 24.60871696472168, 59.448097229003906 ], [ 24.608810424804688, 59.448078155517585 ], [ 24.608894348144531, 59.448062896728516 ], [ 24.608968734741211, 59.448047637939453 ], [ 24.609052658081055, 59.448024749755859 ], [ 24.609174728393555, 59.447998046874993 ], [ 24.609268188476566, 59.447975158691385 ], [ 24.609355926513672, 59.447959899902365 ], [ 24.609460830688477, 59.447944641113281 ], [ 24.609518051147461, 59.447929382324219 ], [ 24.609556198120117, 59.44792556762696 ], [ 24.609634399414062, 59.447910308837876 ], [ 24.609798431396484, 59.44788742065429 ], [ 24.61003303527832, 59.447845458984375 ], [ 24.610080718994141, 59.447841644287116 ], [ 24.610137939453125, 59.447837829589844 ], [ 24.610246658325195, 59.447822570800781 ], [ 24.610292434692383, 59.447818756103509 ], [ 24.61048698425293, 59.447795867919915 ], [ 24.610622406005863, 59.447788238525405 ], [ 24.610673904418945, 59.447780609130852 ], [ 24.61083984375, 59.447761535644524 ], [ 24.610971450805664, 59.447753906249986 ], [ 24.611099243164062, 59.44773864746093 ], [ 24.611257553100586, 59.447715759277344 ], [ 24.611471176147461, 59.447689056396506 ], [ 24.611663818359375, 59.447650909423814 ], [ 24.611713409423828, 59.447639465332024 ], [ 24.611843109130859, 59.447597503662109 ], [ 24.611898422241211, 59.447582244873068 ], [ 24.61195182800293, 59.447570800781257 ], [ 24.612068176269531, 59.447551727294922 ], [ 24.61226844787598, 59.447505950927749 ], [ 24.612380981445312, 59.447483062744141 ], [ 24.612497329711914, 59.447456359863281 ], [ 24.612607955932617, 59.447437286376953 ], [ 24.612661361694336, 59.447422027587891 ], [ 24.612800598144531, 59.447402954101555 ], [ 24.612855911254883, 59.447395324707024 ], [ 24.612907409667969, 59.447387695312486 ], [ 24.612968444824219, 59.447376251220703 ], [ 24.613065719604492, 59.447349548339844 ], [ 24.613178253173828, 59.447330474853487 ], [ 24.613248825073242, 59.447322845458977 ], [ 24.613334655761719, 59.447319030761719 ], [ 24.61347770690918, 59.447319030761705 ], [ 24.613540649414062, 59.447311401367195 ], [ 24.613636016845703, 59.447280883789062 ], [ 24.613664627075195, 59.447261810302741 ], [ 24.613698959350586, 59.447219848632812 ], [ 24.613723754882812, 59.447177886962884 ], [ 24.614162445068359, 59.447071075439446 ], [ 24.614463806152344, 59.446987152099609 ], [ 24.614748001098636, 59.4468994140625 ], [ 24.614912033081055, 59.446857452392564 ], [ 24.615015029907227, 59.446819305419908 ], [ 24.615097045898438, 59.446796417236328 ], [ 24.615228652954102, 59.446765899658224 ], [ 24.615438461303711, 59.446739196777344 ], [ 24.615478515625, 59.446735382080078 ], [ 24.615550994873047, 59.446735382080057 ], [ 24.615621566772461, 59.446743011474602 ], [ 24.61566162109375, 59.446750640869141 ], [ 24.615716934204102, 59.446746826171875 ], [ 24.61579513549805, 59.446723937988267 ], [ 24.615791320800781, 59.446689605712876 ], [ 24.61578369140625, 59.446666717529297 ], [ 24.615766525268555, 59.446659088134787 ], [ 24.615758895874023, 59.446651458740234 ], [ 24.615753173828129, 59.44664001464843 ], [ 24.615751266479492, 59.446628570556641 ], [ 24.615762710571289, 59.446605682373047 ], [ 24.615779876708984, 59.446594238281264 ], [ 24.615781784057617, 59.446586608886705 ], [ 24.615810394287109, 59.446567535400398 ], [ 24.615827560424805, 59.446559906005845 ], [ 24.6158561706543, 59.446540832519538 ], [ 24.615884780883789, 59.446506500244148 ], [ 24.615900039672852, 59.44648361206054 ], [ 24.615964889526367, 59.446430206298814 ], [ 24.616104125976562, 59.446334838867188 ], [ 24.616125106811527, 59.446315765380845 ], [ 24.616167068481445, 59.446289062499986 ], [ 24.616279602050785, 59.44621276855468 ], [ 24.616369247436523, 59.446128845214851 ], [ 24.616506576538086, 59.446052551269531 ], [ 24.616582870483402, 59.445987701416009 ], [ 24.616735458374023, 59.445888519287095 ], [ 24.616806030273438, 59.445827484130874 ], [ 24.616832733154297, 59.44581222534179 ], [ 24.616870880126953, 59.445789337158203 ], [ 24.616926193237305, 59.445766448974609 ], [ 24.616950988769531, 59.445751190185554 ], [ 24.616989135742188, 59.44572448730468 ], [ 24.617038726806641, 59.445705413818359 ], [ 24.617101669311523, 59.445678710937507 ], [ 24.617229461669922, 59.445648193359375 ], [ 24.617279052734375, 59.44562911987304 ], [ 24.617330551147461, 59.445617675781222 ], [ 24.617528915405273, 59.445564270019524 ], [ 24.617597579956055, 59.44555282592772 ], [ 24.617706298828125, 59.445522308349595 ], [ 24.617778778076172, 59.445507049560547 ], [ 24.617801666259766, 59.445499420166023 ], [ 24.617958068847656, 59.445461273193359 ], [ 24.618007659912109, 59.445446014404297 ], [ 24.618112564086914, 59.445419311523459 ], [ 24.618192672729492, 59.445388793945312 ], [ 24.618234634399414, 59.445377349853487 ], [ 24.618352890014648, 59.445339202880852 ], [ 24.618448257446289, 59.44532394409179 ], [ 24.618509292602539, 59.445308685302706 ], [ 24.618545532226562, 59.445297241210938 ], [ 24.618602752685547, 59.445289611816413 ], [ 24.618696212768558, 59.445270538330064 ], [ 24.618839263916016, 59.445266723632827 ], [ 24.618896484375, 59.445259094238267 ], [ 24.618951797485352, 59.445251464843743 ], [ 24.619043350219727, 59.445228576660178 ], [ 24.619062423706058, 59.445217132568366 ], [ 24.619083404541016, 59.445201873779297 ], [ 24.619119644165039, 59.445167541503906 ], [ 24.61912727355957, 59.445137023925788 ], [ 24.619131088256836, 59.445106506347656 ], [ 24.619136810302734, 59.445095062255859 ], [ 24.619178771972656, 59.445072174072266 ], [ 24.619222640991211, 59.445053100585945 ], [ 24.619287490844727, 59.445037841796861 ], [ 24.619350433349609, 59.445022583007798 ], [ 24.619390487670902, 59.445007324218757 ], [ 24.619409561157227, 59.444999694824233 ], [ 24.619443893432617, 59.444992065429666 ], [ 24.619472503662109, 59.444980621337884 ], [ 24.6195068359375, 59.444969177246101 ], [ 24.619613647460938, 59.444927215576158 ], [ 24.61962890625, 59.444927215576172 ], [ 24.619821548461914, 59.444866180419922 ], [ 24.619888305664062, 59.444850921630866 ], [ 24.619928359985355, 59.444835662841797 ], [ 24.620014190673828, 59.444812774658189 ], [ 24.620064671710892, 59.444791258181439 ], [ 24.616164939612901, 59.441047917566792 ] ] ] } },
{ "type": "Feature", "properties": { "from_id": "215", "population": 1637.9139824291447, "gravity_community": 13.091071770890776, "gravity_education": 38.392703784584988, "gravity_essential_services": 29.446191366667485, "gravity_food_and_drink": 201.27997265328622, "gravity_healthcare": 39.890886718975487, "gravity_shelter": 67.763784581946553, "avg_gravity": 64.977435146058582, "min_tt_community": 38.0, "min_tt_education": 21.0, "min_tt_essential_services": 27.0, "min_tt_food_and_drink": 10.0, "min_tt_healthcare": 27.0, "min_tt_shelter": 10.0, "avg_tt_community": 51.96153846153846, "avg_tt_education": 51.281879194630875, "avg_tt_essential_services": 49.361111111111114, "avg_tt_food_and_drink": 52.084893882646689, "avg_tt_healthcare": 50.166666666666664, "avg_tt_shelter": 50.126482213438734, "avg_tt_all": 50.830428588338755, "n_unreachable_categories": 0, "count_community": 52.0, "count_education": 149.0, "count_essential_services": 108.0, "count_food_and_drink": 801.0, "count_healthcare": 150.0, "count_shelter": 253.0, "gravity_community_per_100": 0.79925270260381887, "gravity_education_per_100": 2.3440000022251373, "gravity_essential_services_per_100": 1.7977861891743947, "gravity_food_and_drink_per_100": 12.288799949968892, "gravity_healthcare_per_100": 2.4354689652147923, "gravity_shelter_per_100": 4.1372004457430647, "shannon": 1.3974344475775078, "kl_divergence": 0.0052698896798362496, "jsd": 0.036347329542527188, "city_similarity": 0.96365267045747283 }, "geometry": { "type": "Polygon", "coordinates": [ [ [ 24.606807679080919, 59.448656950352039 ], [ 24.602677686882043, 59.444691086197409 ], [ 24.59386863442835, 59.44452905657203 ], [ 24.589187557462228, 59.448332841164628 ], [ 24.593316392634858, 59.45229912256233 ], [ 24.594983924227638, 59.452329842495935 ], [ 24.595005035400391, 59.452320098876939 ], [ 24.595024108886719, 59.452289581298828 ], [ 24.595039367675781, 59.452278137207031 ], [ 24.59505653381348, 59.452270507812486 ], [ 24.595075607299805, 59.452266693115249 ], [ 24.59510612487793, 59.452266693115227 ], [ 24.595134735107422, 59.452270507812514 ], [ 24.59517860412598, 59.452266693115234 ], [ 24.595216751098633, 59.452262878417976 ], [ 24.595251083374023, 59.452255249023423 ], [ 24.595291137695312, 59.452255249023438 ], [ 24.595327377319336, 59.452251434326179 ], [ 24.595390319824219, 59.452236175537095 ], [ 24.595462799072266, 59.452213287353501 ], [ 24.595500946044922, 59.452194213867202 ], [ 24.595529556274414, 59.452175140380859 ], [ 24.595561981201172, 59.452159881591797 ], [ 24.595605850219727, 59.4521484375 ], [ 24.595661163330078, 59.452133178710945 ], [ 24.595712661743164, 59.452117919921875 ], [ 24.595796585083008, 59.452098846435554 ], [ 24.595878601074219, 59.452087402343757 ], [ 24.595918655395508, 59.452079772949219 ], [ 24.595951080322266, 59.45207214355468 ], [ 24.595991134643555, 59.452053070068359 ], [ 24.596038818359375, 59.452037811279304 ], [ 24.596122741699219, 59.452018737792969 ], [ 24.596200942993164, 59.451999664306626 ], [ 24.596271514892578, 59.451984405517564 ], [ 24.596332550048828, 59.451969146728509 ], [ 24.59642219543457, 59.451950073242173 ], [ 24.596590042114258, 59.451908111572273 ], [ 24.596735000610352, 59.451877593994141 ], [ 24.59678840637207, 59.451862335205092 ], [ 24.596912384033203, 59.451839447021491 ], [ 24.597028732299805, 59.451816558837891 ], [ 24.597105026245117, 59.451801300048835 ], [ 24.597206115722656, 59.4517822265625 ], [ 24.597284317016605, 59.45176696777343 ], [ 24.597339630126953, 59.451755523681648 ], [ 24.59757232666016, 59.451717376708977 ], [ 24.597709655761719, 59.45169830322267 ], [ 24.597770690917969, 59.451686859130859 ], [ 24.597829818725589, 59.45167160034179 ], [ 24.597984313964844, 59.451648712158196 ], [ 24.598083496093754, 59.451644897460909 ], [ 24.598167419433594, 59.451637268066413 ], [ 24.598318099975586, 59.451606750488281 ], [ 24.598434448242188, 59.451595306396456 ], [ 24.598684310913086, 59.451553344726584 ], [ 24.598737716674805, 59.451541900634759 ], [ 24.599071502685547, 59.451469421386705 ], [ 24.599332809448246, 59.451427459716776 ], [ 24.599496841430664, 59.451389312744148 ], [ 24.59959602355957, 59.451377868652337 ], [ 24.59977912902832, 59.451351165771477 ], [ 24.600078582763675, 59.451316833496087 ], [ 24.600358963012699, 59.451293945312507 ], [ 24.600414276123047, 59.451316833496087 ], [ 24.600717544555664, 59.451519012451179 ], [ 24.600868225097656, 59.451614379882827 ], [ 24.60124397277832, 59.451873779296882 ], [ 24.60134315490723, 59.451957702636733 ], [ 24.601785659790039, 59.452247619628906 ], [ 24.602098577618595, 59.452460671775626 ], [ 24.602127462161011, 59.452461202133435 ], [ 24.602256080748578, 59.452356670083482 ], [ 24.602092742919922, 59.452247619628906 ], [ 24.601802825927734, 59.452041625976555 ], [ 24.601673126220703, 59.451953887939439 ], [ 24.601663589477539, 59.451900482177734 ], [ 24.601766586303711, 59.451831817626939 ], [ 24.601814270019531, 59.451824188232415 ], [ 24.603876931938498, 59.451039290311172 ], [ 24.605794425265071, 59.449480648088254 ], [ 24.605781555175781, 59.449436187744134 ], [ 24.605815887451172, 59.449333190917962 ], [ 24.605878829956055, 59.449260711669929 ], [ 24.605979919433597, 59.449192047119148 ], [ 24.606107711791992, 59.449146270751953 ], [ 24.606241226196289, 59.449100494384766 ], [ 24.606278423519285, 59.449087200643667 ], [ 24.606807679080919, 59.448656950352039 ] ] ] } },
{ "type": "Feature", "properties": { "from_id": "216", "population": 1621.6086223238685, "gravity_community": 2.5861436808602893, "gravity_education": 11.848848089825498, "gravity_essential_services": 8.743450516599129, "gravity_food_and_drink": 31.591415896563959, "gravity_healthcare": 12.202443783759744, "gravity_shelter": 25.908368353837865, "avg_gravity": 15.480111720241078, "min_tt_community": 42.0, "min_tt_education": 21.0, "min_tt_essential_services": 33.0, "min_tt_food_and_drink": 1.0, "min_tt_healthcare": 33.0, "min_tt_shelter": 3.0, "avg_tt_community": 51.0, "avg_tt_education": 50.822222222222223, "avg_tt_essential_services": 47.87096774193548, "avg_tt_food_and_drink": 49.513274336283189, "avg_tt_healthcare": 50.130434782608695, "avg_tt_shelter": 50.229166666666664, "avg_tt_all": 49.927677624952707, "n_unreachable_categories": 0, "count_community": 10.0, "count_education": 45.0, "count_essential_services": 31.0, "count_food_and_drink": 113.0, "count_healthcare": 46.0, "count_shelter": 96.0, "gravity_community_per_100": 0.15948013874976691, "gravity_education_per_100": 0.73068482287947778, "gravity_essential_services_per_100": 0.53918377074668045, "gravity_food_and_drink_per_100": 1.9481529304704512, "gravity_healthcare_per_100": 0.75249006546800823, "gravity_shelter_per_100": 1.5976955226538894, "shannon": 1.5818266994923862, "kl_divergence": 0.053254011202467519, "jsd": 0.11517125356115111, "city_similarity": 0.8848287464388489 }, "geometry": { "type": "MultiPolygon", "coordinates": [ [ [ [ 24.602127462161011, 59.452461202133435 ], [ 24.60219596546845, 59.452526978234879 ], [ 24.602413177490234, 59.452674865722649 ], [ 24.602922439575195, 59.453029632568345 ], [ 24.603115081787109, 59.453155517578139 ], [ 24.603370666503906, 59.453353881835938 ], [ 24.603433609008789, 59.453380584716797 ], [ 24.603536605834961, 59.453384399414055 ], [ 24.603672027587891, 59.453384399414055 ], [ 24.603761672973633, 59.453365325927734 ], [ 24.603891372680668, 59.453308105468736 ], [ 24.604471206665043, 59.453083038330057 ], [ 24.606044769287113, 59.452484130859361 ], [ 24.60698127746582, 59.452133178710945 ], [ 24.60725212097168, 59.452026367187521 ], [ 24.607431411743168, 59.451950073242159 ], [ 24.607746124267578, 59.451831817626953 ], [ 24.607828140258789, 59.451801300048835 ], [ 24.607990264892578, 59.451755523681662 ], [ 24.608110427856449, 59.45174026489255 ], [ 24.608415603637695, 59.451629638671861 ], [ 24.608444213867188, 59.451591491699233 ], [ 24.608362197875977, 59.451515197753906 ], [ 24.608272552490234, 59.45147705078125 ], [ 24.608200073242188, 59.45147705078125 ], [ 24.608148574829102, 59.451503753662095 ], [ 24.608173370361328, 59.451530456542976 ], [ 24.606922149658203, 59.452011108398423 ], [ 24.60474967956543, 59.452842712402351 ], [ 24.604703903198242, 59.452823638916016 ], [ 24.603790283203125, 59.453163146972663 ], [ 24.60371017456055, 59.453201293945298 ], [ 24.603616714477539, 59.453201293945312 ], [ 24.6035270690918, 59.453186035156257 ], [ 24.603429794311523, 59.453140258789077 ], [ 24.602256080748578, 59.452356670083482 ], [ 24.602127462161011, 59.452461202133435 ] ] ], [ [ [ 24.603876931938498, 59.451039290311172 ], [ 24.604400634765625, 59.450839996337891 ], [ 24.604717254638672, 59.451053619384773 ], [ 24.604753494262699, 59.451038360595703 ], [ 24.604839324951172, 59.451095581054702 ], [ 24.60546875, 59.450847625732422 ], [ 24.605594635009766, 59.45079803466799 ], [ 24.606334686279297, 59.451293945312507 ], [ 24.606407165527344, 59.451263427734375 ], [ 24.606010437011719, 59.451004028320312 ], [ 24.606134414672852, 59.450958251953111 ], [ 24.606527328491211, 59.451217651367188 ], [ 24.606597900390625, 59.451190948486328 ], [ 24.606321334838867, 59.451004028320312 ], [ 24.606456756591797, 59.450954437255859 ], [ 24.606672286987305, 59.450874328613281 ], [ 24.606838226318359, 59.450981140136705 ], [ 24.606870651245117, 59.450969696044922 ], [ 24.606817245483398, 59.450931549072251 ], [ 24.606838226318359, 59.450923919677734 ], [ 24.606874465942383, 59.450927734375007 ], [ 24.606908798217773, 59.450942993164062 ], [ 24.607080459594727, 59.451068878173849 ], [ 24.607131958007812, 59.451087951660142 ], [ 24.607259750366211, 59.451175689697273 ], [ 24.607320785522461, 59.451183319091797 ], [ 24.607379913330078, 59.451171875 ], [ 24.607389450073246, 59.451145172119119 ], [ 24.607366561889648, 59.451118469238288 ], [ 24.607267379760746, 59.451045989990227 ], [ 24.606964111328125, 59.450843811035163 ], [ 24.606472015380859, 59.450500488281243 ], [ 24.606489181518555, 59.450485229492173 ], [ 24.606609344482425, 59.450439453125 ], [ 24.606895446777344, 59.450336456298835 ], [ 24.606897354125977, 59.45030975341794 ], [ 24.606874465942383, 59.450286865234368 ], [ 24.605859756469727, 59.449596405029311 ], [ 24.605802536010746, 59.44950866699218 ], [ 24.605794425265071, 59.449480648088254 ], [ 24.603876931938498, 59.451039290311172 ] ] ], [ [ [ 24.606807679080919, 59.448656950352039 ], [ 24.606278423519285, 59.449087200643667 ], [ 24.606796264648438, 59.448902130126953 ], [ 24.607028961181644, 59.448810577392571 ], [ 24.607175827026367, 59.448768615722656 ], [ 24.60728645324707, 59.448764801025412 ], [ 24.607349395751953, 59.448783874511719 ], [ 24.607454299926758, 59.448783874511705 ], [ 24.607492446899414, 59.448768615722656 ], [ 24.60750770568848, 59.448749542236321 ], [ 24.607488632202148, 59.44872665405272 ], [ 24.607667922973636, 59.448673248290994 ], [ 24.607709884643555, 59.448692321777337 ], [ 24.607767105102539, 59.448699951171861 ], [ 24.607807159423828, 59.448680877685554 ], [ 24.607812972933544, 59.448675370155478 ], [ 24.606807679080919, 59.448656950352039 ] ] ] ] } },
{ "type": "Feature", "properties": { "from_id": "217", "population": 1143.9403543581727, "gravity_community": 0.0, "gravity_education": 0.2349237886176038, "gravity_essential_services": 0.0, "gravity_food_and_drink": 2.4669091271689139, "gravity_healthcare": 0.0, "gravity_shelter": 0.391081702801788, "avg_gravity": 0.51548576976471761, "min_tt_community": null, "min_tt_education": 54.0, "min_tt_essential_services": null, "min_tt_food_and_drink": 32.0, "min_tt_healthcare": null, "min_tt_shelter": 35.0, "avg_tt_community": null, "avg_tt_education": 54.0, "avg_tt_essential_services": null, "avg_tt_food_and_drink": 38.5, "avg_tt_healthcare": null, "avg_tt_shelter": 35.0, "avg_tt_all": 42.5, "n_unreachable_categories": 3, "count_community": 0.0, "count_education": 1.0, "count_essential_services": 0.0, "count_food_and_drink": 5.0, "count_healthcare": 0.0, "count_shelter": 1.0, "gravity_community_per_100": 0.0, "gravity_education_per_100": 0.02053636692879952, "gravity_essential_services_per_100": 0.0, "gravity_food_and_drink_per_100": 0.21565015324186335, "gravity_healthcare_per_100": 0.0, "gravity_shelter_per_100": 0.034187245979377223, "shannon": 0.79631164720439762, "kl_divergence": 0.2850617373267253, "jsd": 0.3036527338031359, "city_similarity": 0.69634726619686416 }, "geometry": { "type": "Polygon", "coordinates": [ [ [ 24.619203412667506, 59.460553782552452 ], [ 24.628016796039734, 59.460714129902279 ], [ 24.631135205262815, 59.458177931463474 ], [ 24.617929726481524, 59.459331794177956 ], [ 24.619203412667506, 59.460553782552452 ] ] ] } },
{ "type": "Feature", "properties": { "from_id": "218", "population": 1061.2209838449717, "gravity_community": 0.0, "gravity_education": 0.0, "gravity_essential_services": 1.0, "gravity_food_and_drink": 0.0, "gravity_healthcare": 0.0, "gravity_shelter": 0.0, "avg_gravity": 0.16666666666666666, "min_tt_community": null, "min_tt_education": null, "min_tt_essential_services": null, "min_tt_food_and_drink": null, "min_tt_healthcare": null, "min_tt_shelter": null, "avg_tt_community": null, "avg_tt_education": null, "avg_tt_essential_services": null, "avg_tt_food_and_drink": null, "avg_tt_healthcare": null, "avg_tt_shelter": null, "avg_tt_all": null, "n_unreachable_categories": 6, "count_community": 0.0, "count_education": 0.0, "count_essential_services": 1.0, "count_food_and_drink": 0.0, "count_healthcare": 0.0, "count_shelter": 0.0, "gravity_community_per_100": 0.0, "gravity_education_per_100": 0.0, "gravity_essential_services_per_100": 0.094231080540533765, "gravity_food_and_drink_per_100": 0.0, "gravity_healthcare_per_100": 0.0, "gravity_shelter_per_100": 0.0, "shannon": 1.1412925456691193e-08, "kl_divergence": 2.4819633277811195, "jsd": 0.73887622432123612, "city_similarity": 0.26112377567876388 }, "geometry": { "type": "Polygon", "coordinates": [ [ [ 24.628016796039734, 59.460714129902279 ], [ 24.63215168601694, 59.464679214638672 ], [ 24.64096622566565, 59.464838695430416 ], [ 24.645643855942591, 59.461033042318839 ], [ 24.641701108892324, 59.457253688088052 ], [ 24.631135205262815, 59.458177931463474 ], [ 24.628016796039734, 59.460714129902279 ] ] ] } },
{ "type": "Feature", "properties": { "from_id": "219", "population": 2429.8098441039538, "gravity_community": 0.2226527153689607, "gravity_education": 2.1989462147414223, "gravity_essential_services": 2.2618841336975328, "gravity_food_and_drink": 7.7571515733317815, "gravity_healthcare": 1.578531027356602, "gravity_shelter": 3.6106926323567414, "avg_gravity": 2.9383097161421738, "min_tt_community": 56.0, "min_tt_education": 44.0, "min_tt_essential_services": 52.0, "min_tt_food_and_drink": 23.0, "min_tt_healthcare": 52.0, "min_tt_shelter": 26.0, "avg_tt_community": 56.0, "avg_tt_education": 53.6, "avg_tt_essential_services": 55.5, "avg_tt_food_and_drink": 52.0, "avg_tt_healthcare": 55.571428571428569, "avg_tt_shelter": 54.06666666666667, "avg_tt_all": 54.456349206349209, "n_unreachable_categories": 0, "count_community": 1.0, "count_education": 6.0, "count_essential_services": 10.0, "count_food_and_drink": 30.0, "count_healthcare": 7.0, "count_shelter": 15.0, "gravity_community_per_100": 0.0091633802500733878, "gravity_education_per_100": 0.090498695610986474, "gravity_essential_services_per_100": 0.093088936123380178, "gravity_food_and_drink_per_100": 0.31924932694444669, "gravity_healthcare_per_100": 0.06496520833459378, "gravity_shelter_per_100": 0.14859980261905079, "shannon": 1.479694139306921, "kl_divergence": 0.032860619897762268, "jsd": 0.089496884574121721, "city_similarity": 0.91050311542587825 }, "geometry": { "type": "Polygon", "coordinates": [ [ [ 24.605708654694613, 59.464197207188896 ], [ 24.61452290016965, 59.464358470504592 ], [ 24.619203412667506, 59.460553782552452 ], [ 24.617929726481524, 59.459331794177956 ], [ 24.602080574958926, 59.46071478417192 ], [ 24.605708654694613, 59.464197207188896 ] ] ] } },
{ "type": "Feature", "properties": { "from_id": "220", "population": 504.14939076242729, "gravity_community": 0.0, "gravity_education": 0.0, "gravity_essential_services": 0.0, "gravity_food_and_drink": 0.0, "gravity_healthcare": 0.0, "gravity_shelter": 0.0, "avg_gravity": 0.0, "min_tt_community": null, "min_tt_education": null, "min_tt_essential_services": null, "min_tt_food_and_drink": null, "min_tt_healthcare": null, "min_tt_shelter": null, "avg_tt_community": null, "avg_tt_education": null, "avg_tt_essential_services": null, "avg_tt_food_and_drink": null, "avg_tt_healthcare": null, "avg_tt_shelter": null, "avg_tt_all": null, "n_unreachable_categories": 6, "count_community": 0.0, "count_education": 0.0, "count_essential_services": 0.0, "count_food_and_drink": 0.0, "count_healthcare": 0.0, "count_shelter": 0.0, "gravity_community_per_100": 0.0, "gravity_education_per_100": 0.0, "gravity_essential_services_per_100": 0.0, "gravity_food_and_drink_per_100": 0.0, "gravity_healthcare_per_100": 0.0, "gravity_shelter_per_100": 0.0, "shannon": 1.3815510557964275e-08, "kl_divergence": 0.33060176275995579, "jsd": 0.27776453108784477, "city_similarity": 0.72223546891215529 }, "geometry": { "type": "Polygon", "coordinates": [ [ [ 24.628016796039734, 59.460714129902279 ], [ 24.619203412667506, 59.460553782552452 ], [ 24.61452290016965, 59.464358470504592 ], [ 24.61865663332771, 59.468323973055824 ], [ 24.627472036164541, 59.468484369849044 ], [ 24.63215168601694, 59.464679214638672 ], [ 24.628016796039734, 59.460714129902279 ] ] ] } },
{ "type": "Feature", "properties": { "from_id": "221", "population": 842.29198521428987, "gravity_community": 0.0, "gravity_education": 0.0, "gravity_essential_services": 0.0, "gravity_food_and_drink": 0.0, "gravity_healthcare": 0.0, "gravity_shelter": 0.0, "avg_gravity": 0.0, "min_tt_community": null, "min_tt_education": null, "min_tt_essential_services": null, "min_tt_food_and_drink": null, "min_tt_healthcare": null, "min_tt_shelter": null, "avg_tt_community": null, "avg_tt_education": null, "avg_tt_essential_services": null, "avg_tt_food_and_drink": null, "avg_tt_healthcare": null, "avg_tt_shelter": null, "avg_tt_all": null, "n_unreachable_categories": 6, "count_community": 0.0, "count_education": 0.0, "count_essential_services": 0.0, "count_food_and_drink": 0.0, "count_healthcare": 0.0, "count_shelter": 0.0, "gravity_community_per_100": 0.0, "gravity_education_per_100": 0.0, "gravity_essential_services_per_100": 0.0, "gravity_food_and_drink_per_100": 0.0, "gravity_healthcare_per_100": 0.0, "gravity_shelter_per_100": 0.0, "shannon": 1.3815510557964275e-08, "kl_divergence": 0.33060176275995579, "jsd": 0.27776453108784477, "city_similarity": 0.72223546891215529 }, "geometry": { "type": "Polygon", "coordinates": [ [ [ 24.61452290016965, 59.464358470504592 ], [ 24.605708654694613, 59.464197207188896 ], [ 24.601026122843692, 59.468001396704615 ], [ 24.605158698097142, 59.471967316972787 ], [ 24.613974963467985, 59.47212863001733 ], [ 24.61865663332771, 59.468323973055824 ], [ 24.61452290016965, 59.464358470504592 ] ] ] } },
{ "type": "Feature", "properties": { "from_id": "222", "population": 1572.8295368939118, "gravity_community": 0.0, "gravity_education": 0.0, "gravity_essential_services": 0.0, "gravity_food_and_drink": 0.0, "gravity_healthcare": 0.0, "gravity_shelter": 0.0, "avg_gravity": 0.0, "min_tt_community": null, "min_tt_education": null, "min_tt_essential_services": null, "min_tt_food_and_drink": null, "min_tt_healthcare": null, "min_tt_shelter": null, "avg_tt_community": null, "avg_tt_education": null, "avg_tt_essential_services": null, "avg_tt_food_and_drink": null, "avg_tt_healthcare": null, "avg_tt_shelter": null, "avg_tt_all": null, "n_unreachable_categories": 6, "count_community": 0.0, "count_education": 0.0, "count_essential_services": 0.0, "count_food_and_drink": 0.0, "count_healthcare": 0.0, "count_shelter": 0.0, "gravity_community_per_100": 0.0, "gravity_education_per_100": 0.0, "gravity_essential_services_per_100": 0.0, "gravity_food_and_drink_per_100": 0.0, "gravity_healthcare_per_100": 0.0, "gravity_shelter_per_100": 0.0, "shannon": 1.3815510557964275e-08, "kl_divergence": 0.33060176275995579, "jsd": 0.27776453108784477, "city_similarity": 0.72223546891215529 }, "geometry": { "type": "Polygon", "coordinates": [ [ [ 24.64096622566565, 59.464838695430416 ], [ 24.63215168601694, 59.464679214638672 ], [ 24.627472036164541, 59.468484369849044 ], [ 24.63160778932993, 59.47244947306082 ], [ 24.640424349096953, 59.472609003033156 ], [ 24.645103135218331, 59.468803380604172 ], [ 24.64096622566565, 59.464838695430416 ] ] ] } },
{ "type": "Feature", "properties": { "from_id": "223", "population": 0.0, "gravity_community": 0.0, "gravity_education": 1.0, "gravity_essential_services": 0.0, "gravity_food_and_drink": 0.0, "gravity_healthcare": 0.0, "gravity_shelter": 0.0, "avg_gravity": 0.16666666666666666, "min_tt_community": null, "min_tt_education": null, "min_tt_essential_services": null, "min_tt_food_and_drink": null, "min_tt_healthcare": null, "min_tt_shelter": null, "avg_tt_community": null, "avg_tt_education": null, "avg_tt_essential_services": null, "avg_tt_food_and_drink": null, "avg_tt_healthcare": null, "avg_tt_shelter": null, "avg_tt_all": null, "n_unreachable_categories": 6, "count_community": 0.0, "count_education": 1.0, "count_essential_services": 0.0, "count_food_and_drink": 0.0, "count_healthcare": 0.0, "count_shelter": 0.0, "gravity_community_per_100": 0.0, "gravity_education_per_100": 0.0, "gravity_essential_services_per_100": 0.0, "gravity_food_and_drink_per_100": 0.0, "gravity_healthcare_per_100": 0.0, "gravity_shelter_per_100": 0.0, "shannon": 1.1412925456691193e-08, "kl_divergence": 2.2129334008893293, "jsd": 0.71731821837707099, "city_similarity": 0.28268178162292901 }, "geometry": { "type": "Polygon", "coordinates": [ [ [ 24.627472036164541, 59.468484369849044 ], [ 24.61865663332771, 59.468323973055824 ], [ 24.613974963467985, 59.47212863001733 ], [ 24.618109559160111, 59.476094151169477 ], [ 24.626926982547268, 59.476254597428735 ], [ 24.63160778932993, 59.47244947306082 ], [ 24.627472036164541, 59.468484369849044 ] ] ] } },
{ "type": "Feature", "properties": { "from_id": "224", "population": 21.02158149337534, "gravity_community": 0.0, "gravity_education": 0.0, "gravity_essential_services": 1.0, "gravity_food_and_drink": 0.0, "gravity_healthcare": 0.0, "gravity_shelter": 0.0, "avg_gravity": 0.16666666666666666, "min_tt_community": null, "min_tt_education": null, "min_tt_essential_services": null, "min_tt_food_and_drink": null, "min_tt_healthcare": null, "min_tt_shelter": null, "avg_tt_community": null, "avg_tt_education": null, "avg_tt_essential_services": null, "avg_tt_food_and_drink": null, "avg_tt_healthcare": null, "avg_tt_shelter": null, "avg_tt_all": null, "n_unreachable_categories": 6, "count_community": 0.0, "count_education": 0.0, "count_essential_services": 1.0, "count_food_and_drink": 0.0, "count_healthcare": 0.0, "count_shelter": 0.0, "gravity_community_per_100": 0.0, "gravity_education_per_100": 0.0, "gravity_essential_services_per_100": 4.7570160233431347, "gravity_food_and_drink_per_100": 0.0, "gravity_healthcare_per_100": 0.0, "gravity_shelter_per_100": 0.0, "shannon": 1.1412925456691193e-08, "kl_divergence": 2.4819633277811195, "jsd": 0.73887622432123612, "city_similarity": 0.26112377567876388 }, "geometry": { "type": "Polygon", "coordinates": [ [ [ 24.618109559160111, 59.476094151169477 ], [ 24.613974963467985, 59.47212863001733 ], [ 24.605158698097142, 59.471967316972787 ], [ 24.604542252336099, 59.472468062076686 ], [ 24.614761463523891, 59.478814461846888 ], [ 24.618109559160111, 59.476094151169477 ] ] ] } },
{ "type": "Feature", "properties": { "from_id": "225", "population": 0.44812418053070735, "gravity_community": 14.570273578224544, "gravity_education": 46.483509031290993, "gravity_essential_services": 34.206040759804466, "gravity_food_and_drink": 228.53840013199272, "gravity_healthcare": 49.109410093441838, "gravity_shelter": 79.369469176455283, "avg_gravity": 75.379517128534971, "min_tt_community": 37.0, "min_tt_education": 23.0, "min_tt_essential_services": 26.0, "min_tt_food_and_drink": 18.0, "min_tt_healthcare": 26.0, "min_tt_shelter": 24.0, "avg_tt_community": 50.054545454545455, "avg_tt_education": 50.780898876404493, "avg_tt_essential_services": 48.360655737704917, "avg_tt_food_and_drink": 50.29032258064516, "avg_tt_healthcare": 49.651685393258425, "avg_tt_shelter": 49.510273972602739, "avg_tt_all": 49.774730335860198, "n_unreachable_categories": 0, "count_community": 55.0, "count_education": 178.0, "count_essential_services": 122.0, "count_food_and_drink": 868.0, "count_healthcare": 179.0, "count_shelter": 292.0, "gravity_community_per_100": 3251.3919603644617, "gravity_education_per_100": 10372.908013185364, "gravity_essential_services_per_100": 7633.1611294205813, "gravity_food_and_drink_per_100": 50998.899425899712, "gravity_healthcare_per_100": 10958.884217156556, "gravity_shelter_per_100": 17711.489945144025, "shannon": 1.4206448402374496, "kl_divergence": 0.0024874657937943526, "jsd": 0.025011828360995202, "city_similarity": 0.97498817163900475 }, "geometry": { "type": "Polygon", "coordinates": [ [ [ 24.593316392634858, 59.45229912256233 ], [ 24.589187557462228, 59.448332841164628 ], [ 24.580377645504036, 59.448169895930398 ], [ 24.575963541159172, 59.451754755137031 ], [ 24.575958251953125, 59.451789855957038 ], [ 24.575899124145511, 59.452033996582017 ], [ 24.575867658578439, 59.452139558790201 ], [ 24.579822228640786, 59.455939880414689 ], [ 24.58803653416453, 59.456091840380644 ], [ 24.588077545166016, 59.456077575683601 ], [ 24.588148117065433, 59.456062316894517 ], [ 24.588203430175781, 59.45605087280272 ], [ 24.588239669799805, 59.456035614013665 ], [ 24.588262557983398, 59.456020355224602 ], [ 24.588289260864258, 59.455997467041009 ], [ 24.588338851928711, 59.455978393554688 ], [ 24.588367462158203, 59.455963134765646 ], [ 24.588468551635742, 59.455924987792955 ], [ 24.588571548461914, 59.455902099609382 ], [ 24.588617324829102, 59.455879211425774 ], [ 24.588741302490238, 59.455841064453111 ], [ 24.588861465454105, 59.455802917480455 ], [ 24.58892822265625, 59.455776214599624 ], [ 24.589106996962897, 59.455718798136132 ], [ 24.593316392634858, 59.45229912256233 ] ] ] } },
{ "type": "Feature", "properties": { "from_id": "226", "population": 0.0, "gravity_community": 13.091071770890776, "gravity_education": 38.258755480459506, "gravity_essential_services": 29.446191366667485, "gravity_food_and_drink": 201.81119779287707, "gravity_healthcare": 39.890886718975487, "gravity_shelter": 67.632869232106373, "avg_gravity": 65.021828726996105, "min_tt_community": 38.0, "min_tt_education": 25.0, "min_tt_essential_services": 27.0, "min_tt_food_and_drink": 18.0, "min_tt_healthcare": 27.0, "min_tt_shelter": 17.0, "avg_tt_community": 51.96153846153846, "avg_tt_education": 51.348993288590606, "avg_tt_essential_services": 49.361111111111114, "avg_tt_food_and_drink": 52.117353308364542, "avg_tt_healthcare": 50.166666666666664, "avg_tt_shelter": 50.154150197628461, "avg_tt_all": 50.851635505649973, "n_unreachable_categories": 0, "count_community": 52.0, "count_education": 149.0, "count_essential_services": 108.0, "count_food_and_drink": 802.0, "count_healthcare": 150.0, "count_shelter": 253.0, "gravity_community_per_100": 0.0, "gravity_education_per_100": 0.0, "gravity_essential_services_per_100": 0.0, "gravity_food_and_drink_per_100": 0.0, "gravity_healthcare_per_100": 0.0, "gravity_shelter_per_100": 0.0, "shannon": 1.3969313172978666, "kl_divergence": 0.0053312664784402157, "jsd": 0.036558305074300447, "city_similarity": 0.96344169492569953 }, "geometry": { "type": "MultiPolygon", "coordinates": [ [ [ [ 24.593316392634858, 59.45229912256233 ], [ 24.589106996962897, 59.455718798136132 ], [ 24.589189529418945, 59.455692291259773 ], [ 24.589302062988281, 59.455657958984382 ], [ 24.589426040649414, 59.455608367919915 ], [ 24.589519500732425, 59.455574035644524 ], [ 24.589607238769531, 59.455543518066406 ], [ 24.589670181274418, 59.455520629882812 ], [ 24.589719772338867, 59.455493927001946 ], [ 24.589788436889652, 59.455451965332024 ], [ 24.589839935302734, 59.455417633056634 ], [ 24.589879989624027, 59.455383300781257 ], [ 24.589910507202148, 59.455364227294908 ], [ 24.589962005615234, 59.455333709716783 ], [ 24.590023040771484, 59.455307006835923 ], [ 24.590148925781254, 59.455245971679673 ], [ 24.590215682983398, 59.455219268798849 ], [ 24.590280532836914, 59.455181121826158 ], [ 24.590316772460938, 59.455154418945327 ], [ 24.590353012084961, 59.455131530761719 ], [ 24.590476989746097, 59.455078125000014 ], [ 24.590566635131836, 59.45503616333005 ], [ 24.590644836425781, 59.455009460449219 ], [ 24.590768814086914, 59.454948425292976 ], [ 24.5908203125, 59.454921722412116 ], [ 24.590890884399414, 59.45489501953125 ], [ 24.590988159179691, 59.454841613769545 ], [ 24.591018676757812, 59.454822540283189 ], [ 24.591043472290039, 59.454803466796882 ], [ 24.591072082519531, 59.45477294921875 ], [ 24.591104507446289, 59.454727172851562 ], [ 24.591415405273438, 59.454532623291009 ], [ 24.591447830200195, 59.454509735107415 ], [ 24.591472625732422, 59.454494476318352 ], [ 24.591537475585938, 59.4544677734375 ], [ 24.591575622558594, 59.454456329345689 ], [ 24.591606140136719, 59.454456329345689 ], [ 24.591632843017578, 59.454448699951179 ], [ 24.591672897338867, 59.454433441162109 ], [ 24.591709136962894, 59.454418182373047 ], [ 24.591745376586914, 59.454399108886719 ], [ 24.591787338256836, 59.454380035400398 ], [ 24.59181022644043, 59.454364776611314 ], [ 24.591829299926758, 59.45434188842772 ], [ 24.591903686523438, 59.454280853271491 ], [ 24.591958999633789, 59.454235076904304 ], [ 24.592046737670898, 59.454189300537116 ], [ 24.592092514038086, 59.454170227050767 ], [ 24.592233657836914, 59.454132080078132 ], [ 24.592367172241211, 59.454090118408203 ], [ 24.592411041259766, 59.454067230224609 ], [ 24.592439651489258, 59.454048156738288 ], [ 24.592466354370117, 59.454029083251953 ], [ 24.592485427856445, 59.454002380371101 ], [ 24.592531204223633, 59.453918457031257 ], [ 24.592550277709961, 59.453887939453111 ], [ 24.592634201049808, 59.453826904296875 ], [ 24.592668533325195, 59.453804016113281 ], [ 24.592779159545898, 59.453742980957038 ], [ 24.592813491821289, 59.453731536865234 ], [ 24.592885971069336, 59.453681945800788 ], [ 24.592901229858398, 59.453655242919915 ], [ 24.59290885925293, 59.453628540039062 ], [ 24.592910766601562, 59.453601837158203 ], [ 24.592937469482422, 59.453578948974609 ], [ 24.592987060546875, 59.453575134277351 ], [ 24.593009948730469, 59.453567504882798 ], [ 24.593015670776367, 59.453552246093757 ], [ 24.592990875244141, 59.453533172607436 ], [ 24.592979431152344, 59.453517913818366 ], [ 24.592979431152344, 59.453495025634766 ], [ 24.592985153198242, 59.453472137451186 ], [ 24.592987060546875, 59.453441619873047 ], [ 24.592983245849609, 59.453414916992173 ], [ 24.592973709106445, 59.453376770019545 ], [ 24.592973709106445, 59.453350067138679 ], [ 24.592981338500977, 59.453300476074219 ], [ 24.592996597290039, 59.453269958496101 ], [ 24.592998504638672, 59.453250885009751 ], [ 24.59300422668457, 59.453239440917969 ], [ 24.593017578125, 59.453208923339837 ], [ 24.593029022216797, 59.453193664550781 ], [ 24.59309196472168, 59.45313644409179 ], [ 24.593130111694336, 59.453109741210938 ], [ 24.593257904052734, 59.453044891357429 ], [ 24.59337043762207, 59.452983856201165 ], [ 24.593425750732422, 59.45296478271483 ], [ 24.593542098999023, 59.452922821044915 ], [ 24.593578338623047, 59.452907562255859 ], [ 24.593740463256836, 59.452846527099595 ], [ 24.593940734863281, 59.452766418457017 ], [ 24.593984603881839, 59.452747344970724 ], [ 24.59406852722168, 59.45271301269532 ], [ 24.594137191772461, 59.452678680419929 ], [ 24.594167709350589, 59.452671051025376 ], [ 24.594192504882812, 59.452659606933594 ], [ 24.59422492980957, 59.452640533447259 ], [ 24.594236373901367, 59.452625274658203 ], [ 24.59425163269043, 59.452613830566406 ], [ 24.594297409057617, 59.452594757080085 ], [ 24.594337463378906, 59.452579498291009 ], [ 24.5943603515625, 59.452571868896477 ], [ 24.594453811645508, 59.452541351318359 ], [ 24.594491958618164, 59.452526092529297 ], [ 24.594575881958008, 59.452487945556648 ], [ 24.5946044921875, 59.452472686767578 ], [ 24.594633102416992, 59.452465057373054 ], [ 24.594671249389648, 59.452445983886705 ], [ 24.594720840454105, 59.452430725097649 ], [ 24.594749450683594, 59.452423095703125 ], [ 24.594833374023438, 59.45238113403321 ], [ 24.594980239868164, 59.452331542968743 ], [ 24.594983924227638, 59.452329842495935 ], [ 24.593316392634858, 59.45229912256233 ] ] ], [ [ [ 24.602127462161011, 59.452461202133435 ], [ 24.602098577618595, 59.452460671775626 ], [ 24.60219596546845, 59.452526978234879 ], [ 24.602127462161011, 59.452461202133435 ] ] ] ] } },
{ "type": "Feature", "properties": { "from_id": "227", "population": 0.0, "gravity_community": 2.9508592639179048, "gravity_education": 14.607872431072446, "gravity_essential_services": 11.290510890317339, "gravity_food_and_drink": 34.692295234628425, "gravity_healthcare": 13.935942648564442, "gravity_shelter": 33.182949919371652, "avg_gravity": 18.443405064645365, "min_tt_community": 38.0, "min_tt_education": 30.0, "min_tt_essential_services": 32.0, "min_tt_food_and_drink": 16.0, "min_tt_healthcare": 32.0, "min_tt_shelter": 30.0, "avg_tt_community": 49.909090909090907, "avg_tt_education": 50.290909090909089, "avg_tt_essential_services": 48.975609756097562, "avg_tt_food_and_drink": 50.223076923076924, "avg_tt_healthcare": 49.884615384615387, "avg_tt_shelter": 50.4, "avg_tt_all": 49.94721701063164, "n_unreachable_categories": 0, "count_community": 11.0, "count_education": 55.0, "count_essential_services": 41.0, "count_food_and_drink": 130.0, "count_healthcare": 52.0, "count_shelter": 125.0, "gravity_community_per_100": 0.0, "gravity_education_per_100": 0.0, "gravity_essential_services_per_100": 0.0, "gravity_food_and_drink_per_100": 0.0, "gravity_healthcare_per_100": 0.0, "gravity_shelter_per_100": 0.0, "shannon": 1.5794408609094326, "kl_divergence": 0.069448681432054099, "jsd": 0.13128546682872977, "city_similarity": 0.86871453317127023 }, "geometry": { "type": "Polygon", "coordinates": [ [ [ 24.579822228640786, 59.455939880414689 ], [ 24.575867658578439, 59.452139558790201 ], [ 24.575839996337891, 59.45223236083983 ], [ 24.575742721557617, 59.452434539794922 ], [ 24.575645446777344, 59.452579498291001 ], [ 24.575605392456055, 59.452621459960938 ], [ 24.575565338134766, 59.452648162841797 ], [ 24.575475692749023, 59.452762603759766 ], [ 24.575435638427734, 59.452789306640625 ], [ 24.575408935546879, 59.45281600952147 ], [ 24.575368881225586, 59.452838897705085 ], [ 24.575340270996094, 59.452861785888672 ], [ 24.575326919555664, 59.452888488769538 ], [ 24.575176239013672, 59.4530029296875 ], [ 24.57512092590332, 59.45302581787108 ], [ 24.575040817260742, 59.453067779541023 ], [ 24.575002670288086, 59.453086853027344 ], [ 24.574956893920898, 59.453132629394531 ], [ 24.574865341186523, 59.453197479248054 ], [ 24.574811935424805, 59.453220367431648 ], [ 24.574766159057617, 59.453243255615241 ], [ 24.574710845947269, 59.453277587890618 ], [ 24.574630737304688, 59.453323364257812 ], [ 24.574518203735352, 59.453372955322259 ], [ 24.574464797973633, 59.453407287597649 ], [ 24.574411392211914, 59.453475952148438 ], [ 24.574398040771484, 59.45350646972657 ], [ 24.574392318725586, 59.453536987304695 ], [ 24.574390411376953, 59.453571319580078 ], [ 24.574380874633789, 59.453609466552741 ], [ 24.574338912963867, 59.453670501708991 ], [ 24.574303763669551, 59.453705651003318 ], [ 24.578995351857237, 59.456611316415461 ], [ 24.579822228640786, 59.455939880414689 ] ] ] } },
{ "type": "Feature", "properties": { "from_id": "228", "population": 0.0, "gravity_community": 2.4727576974884111, "gravity_education": 13.352144028126675, "gravity_essential_services": 10.19168044553623, "gravity_food_and_drink": 32.59901305510968, "gravity_healthcare": 13.37348137379229, "gravity_shelter": 31.118689071570888, "avg_gravity": 17.184627611937362, "min_tt_community": 39.0, "min_tt_education": 32.0, "min_tt_essential_services": 33.0, "min_tt_food_and_drink": 27.0, "min_tt_healthcare": 33.0, "min_tt_shelter": 28.0, "avg_tt_community": 48.888888888888886, "avg_tt_education": 50.725490196078432, "avg_tt_essential_services": 48.891891891891895, "avg_tt_food_and_drink": 50.758064516129032, "avg_tt_healthcare": 50.686274509803923, "avg_tt_shelter": 50.966386554621849, "avg_tt_all": 50.152832759569002, "n_unreachable_categories": 0, "count_community": 9.0, "count_education": 51.0, "count_essential_services": 37.0, "count_food_and_drink": 124.0, "count_healthcare": 51.0, "count_shelter": 119.0, "gravity_community_per_100": 0.0, "gravity_education_per_100": 0.0, "gravity_essential_services_per_100": 0.0, "gravity_food_and_drink_per_100": 0.0, "gravity_healthcare_per_100": 0.0, "gravity_shelter_per_100": 0.0, "shannon": 1.5675418104680123, "kl_divergence": 0.070101687956391365, "jsd": 0.13172643811486576, "city_similarity": 0.86827356188513427 }, "geometry": { "type": "MultiPolygon", "coordinates": [ [ [ [ 24.590753674849751, 59.461701914363886 ], [ 24.587652271767656, 59.461972017423882 ], [ 24.589220604973175, 59.462946999774054 ], [ 24.590753674849751, 59.461701914363886 ] ] ], [ [ [ 24.579822228640786, 59.455939880414689 ], [ 24.578995351857237, 59.456611316415461 ], [ 24.583148670488633, 59.459183060177828 ], [ 24.583271026611332, 59.459171295166001 ], [ 24.583490371704105, 59.459121704101555 ], [ 24.583713531494141, 59.459068298339844 ], [ 24.58381462097168, 59.45904159545897 ], [ 24.583917617797852, 59.459022521972663 ], [ 24.584056854248047, 59.459014892578132 ], [ 24.58430290222168, 59.459026336669929 ], [ 24.584403991699222, 59.459018707275391 ], [ 24.584526062011719, 59.459003448486328 ], [ 24.584575653076172, 59.458992004394524 ], [ 24.584665298461918, 59.458984374999986 ], [ 24.584724426269531, 59.458972930908203 ], [ 24.58478927612305, 59.458961486816392 ], [ 24.58488655090332, 59.458946228027344 ], [ 24.585029602050781, 59.458934783935547 ], [ 24.585071563720703, 59.458927154540987 ], [ 24.585132598876953, 59.458911895751953 ], [ 24.585187911987305, 59.458904266357415 ], [ 24.58524322509766, 59.458900451660142 ], [ 24.585346221923828, 59.458885192871108 ], [ 24.585420608520511, 59.45887374877929 ], [ 24.585481643676758, 59.458869934082024 ], [ 24.585563659667969, 59.4588623046875 ], [ 24.585624694824219, 59.458850860595696 ], [ 24.585721969604496, 59.458812713623054 ], [ 24.58580207824707, 59.458797454833977 ], [ 24.585844039916992, 59.45878982543946 ], [ 24.585891723632816, 59.458770751953111 ], [ 24.585948944091797, 59.458747863769531 ], [ 24.586006164550781, 59.458721160888672 ], [ 24.586116790771484, 59.458671569824212 ], [ 24.58619499206543, 59.458644866943352 ], [ 24.586248397827148, 59.458621978759759 ], [ 24.586296081542969, 59.458580017089844 ], [ 24.586360931396488, 59.458545684814439 ], [ 24.586400985717773, 59.458538055419915 ], [ 24.586452484130859, 59.458530426025398 ], [ 24.586490631103516, 59.458511352539034 ], [ 24.586517333984375, 59.458496093750014 ], [ 24.5865478515625, 59.458469390869148 ], [ 24.586568832397461, 59.458442687988274 ], [ 24.586591720581055, 59.458415985107408 ], [ 24.586631774902344, 59.458400726318359 ], [ 24.586675643920898, 59.458389282226562 ], [ 24.586709976196289, 59.45838546752929 ], [ 24.586742401123047, 59.458351135253899 ], [ 24.586767196655273, 59.458301544189446 ], [ 24.586788177490234, 59.458263397216797 ], [ 24.586807250976562, 59.458236694335938 ], [ 24.586824417114258, 59.458198547363288 ], [ 24.586822509765625, 59.458133697509766 ], [ 24.586828231811523, 59.458118438720703 ], [ 24.586872100830078, 59.45805740356446 ], [ 24.586887359619141, 59.458023071289062 ], [ 24.586896896362305, 59.45799636840821 ], [ 24.586936950683597, 59.457920074462876 ], [ 24.58693885803223, 59.457874298095689 ], [ 24.586946487426758, 59.457855224609382 ], [ 24.586969375610352, 59.457832336425788 ], [ 24.586996078491211, 59.457809448242195 ], [ 24.587030410766602, 59.457775115966811 ], [ 24.587060928344727, 59.457752227783189 ], [ 24.587127685546875, 59.457683563232408 ], [ 24.587162017822266, 59.457660675048828 ], [ 24.587190628051761, 59.457633972167969 ], [ 24.587203979492188, 59.457572937011726 ], [ 24.587238311767578, 59.45751571655272 ], [ 24.587240219116211, 59.457416534423821 ], [ 24.587236404418945, 59.457378387451158 ], [ 24.587234497070312, 59.457305908203097 ], [ 24.58721923828125, 59.457275390625007 ], [ 24.587215423583984, 59.45722961425782 ], [ 24.587200164794922, 59.457206726074219 ], [ 24.587181091308594, 59.457183837890625 ], [ 24.587162017822266, 59.457160949707031 ], [ 24.587131500244144, 59.457111358642571 ], [ 24.587066650390629, 59.457050323486335 ], [ 24.587039947509769, 59.45701599121093 ], [ 24.5870361328125, 59.456958770751946 ], [ 24.587043762207031, 59.456901550292969 ], [ 24.587043762207031, 59.456874847412116 ], [ 24.587076187133789, 59.45677947998049 ], [ 24.587087631225586, 59.456737518310547 ], [ 24.587150573730469, 59.456630706787095 ], [ 24.587173461914062, 59.456596374511733 ], [ 24.587202072143558, 59.456573486328097 ], [ 24.587238311767578, 59.45654678344728 ], [ 24.587274551391602, 59.456520080566399 ], [ 24.587289810180668, 59.456470489501946 ], [ 24.587306976318359, 59.456443786621094 ], [ 24.58732795715332, 59.456424713134759 ], [ 24.587352752685547, 59.456401824951179 ], [ 24.587379455566406, 59.456386566162081 ], [ 24.587461471557617, 59.456348419189453 ], [ 24.587574005126957, 59.456310272216783 ], [ 24.587614059448242, 59.456291198730476 ], [ 24.587652206420898, 59.456268310546868 ], [ 24.587682723999027, 59.456249237060526 ], [ 24.587715148925781, 59.456230163574219 ], [ 24.587831497192383, 59.456180572509766 ], [ 24.587955474853516, 59.456142425537116 ], [ 24.588010787963867, 59.456119537353516 ], [ 24.588033676147461, 59.456092834472649 ], [ 24.58803653416453, 59.456091840380644 ], [ 24.579822228640786, 59.455939880414689 ] ] ], [ [ [ 24.583774566650394, 59.462310791015632 ], [ 24.583869934082031, 59.462306976318359 ], [ 24.583930323985619, 59.462297183361031 ], [ 24.583774566650394, 59.462310791015632 ] ] ] ] } },
{ "type": "Feature", "properties": { "from_id": "229", "population": 0.0, "gravity_community": 0.0, "gravity_education": 0.66284932767366145, "gravity_essential_services": 0.21675967734687365, "gravity_food_and_drink": 2.6737569645573993, "gravity_healthcare": 0.21675967734687365, "gravity_shelter": 2.2363290360367865, "avg_gravity": 1.001075780493599, "min_tt_community": null, "min_tt_education": 55.0, "min_tt_essential_services": 57.0, "min_tt_food_and_drink": 44.0, "min_tt_healthcare": 57.0, "min_tt_shelter": 44.0, "avg_tt_community": null, "avg_tt_education": 56.333333333333336, "avg_tt_essential_services": 57.0, "avg_tt_food_and_drink": 47.833333333333336, "avg_tt_healthcare": 57.0, "avg_tt_shelter": 56.1, "avg_tt_all": 54.853333333333339, "n_unreachable_categories": 1, "count_community": 0.0, "count_education": 3.0, "count_essential_services": 1.0, "count_food_and_drink": 7.0, "count_healthcare": 1.0, "count_shelter": 10.0, "gravity_community_per_100": 0.0, "gravity_education_per_100": 0.0, "gravity_essential_services_per_100": 0.0, "gravity_food_and_drink_per_100": 0.0, "gravity_healthcare_per_100": 0.0, "gravity_shelter_per_100": 0.0, "shannon": 1.2754488725657125, "kl_divergence": 0.24051788598786356, "jsd": 0.24374215308166472, "city_similarity": 0.75625784691833531 }, "geometry": { "type": "Polygon", "coordinates": [ [ [ 24.601026122843692, 59.468001396704615 ], [ 24.605708654694613, 59.464197207188896 ], [ 24.602080574958926, 59.46071478417192 ], [ 24.590753674849751, 59.461701914363886 ], [ 24.589220604973175, 59.462946999774054 ], [ 24.597240955120586, 59.46793183055555 ], [ 24.601026122843692, 59.468001396704615 ] ] ] } },
{ "type": "Feature", "properties": { "from_id": "230", "population": 0.0, "gravity_community": 2.4727576974884111, "gravity_education": 13.30685284291431, "gravity_essential_services": 10.19168044553623, "gravity_food_and_drink": 33.14484704466993, "gravity_healthcare": 13.37348137379229, "gravity_shelter": 30.979771631330447, "avg_gravity": 17.24489850595527, "min_tt_community": 39.0, "min_tt_education": 32.0, "min_tt_essential_services": 33.0, "min_tt_food_and_drink": 28.0, "min_tt_healthcare": 33.0, "min_tt_shelter": 31.0, "avg_tt_community": 48.888888888888886, "avg_tt_education": 50.823529411764703, "avg_tt_essential_services": 48.891891891891895, "avg_tt_food_and_drink": 51.104838709677416, "avg_tt_healthcare": 50.686274509803923, "avg_tt_shelter": 51.075630252100844, "avg_tt_all": 50.245175610687944, "n_unreachable_categories": 0, "count_community": 9.0, "count_education": 51.0, "count_essential_services": 37.0, "count_food_and_drink": 125.0, "count_healthcare": 51.0, "count_shelter": 119.0, "gravity_community_per_100": 0.0, "gravity_education_per_100": 0.0, "gravity_essential_services_per_100": 0.0, "gravity_food_and_drink_per_100": 0.0, "gravity_healthcare_per_100": 0.0, "gravity_shelter_per_100": 0.0, "shannon": 1.5664656380350845, "kl_divergence": 0.068872365666994576, "jsd": 0.1305377186014835, "city_similarity": 0.86946228139851645 }, "geometry": { "type": "MultiPolygon", "coordinates": [ [ [ [ 24.569835662841797, 59.461185455322259 ], [ 24.569944381713871, 59.461235046386697 ], [ 24.569974899291992, 59.461261749267571 ], [ 24.570047378540039, 59.461288452148452 ], [ 24.570112228393555, 59.461326599121094 ], [ 24.570220947265625, 59.461399078369134 ], [ 24.570247650146484, 59.461414337158217 ], [ 24.570333480834961, 59.461456298828132 ], [ 24.570339202880859, 59.461479187011719 ], [ 24.570354461669922, 59.461498260498047 ], [ 24.570398330688477, 59.461513519287109 ], [ 24.570478439331055, 59.461524963378906 ], [ 24.570571899414062, 59.461517333984368 ], [ 24.570650100708008, 59.46152496337892 ], [ 24.570703506469727, 59.461532592773445 ], [ 24.570808410644531, 59.461555480957038 ], [ 24.570839869823821, 59.461569462814495 ], [ 24.569678120979823, 59.460284841243542 ], [ 24.569694519042969, 59.460399627685547 ], [ 24.569683074951172, 59.460567474365234 ], [ 24.569658279418945, 59.460784912109396 ], [ 24.569631576538086, 59.460937499999972 ], [ 24.569681167602543, 59.461055755615227 ], [ 24.569730758666992, 59.461128234863303 ], [ 24.569782257080078, 59.461162567138665 ], [ 24.569835662841797, 59.461185455322259 ] ] ], [ [ [ 24.571681976318363, 59.464653015136726 ], [ 24.571863174438477, 59.464725494384766 ], [ 24.572952270507816, 59.464759826660163 ], [ 24.573123931884769, 59.464748382568359 ], [ 24.57365608215332, 59.464683532714844 ], [ 24.573134896592137, 59.464107223801065 ], [ 24.572597503662109, 59.464092254638672 ], [ 24.572244644165039, 59.464195251464844 ], [ 24.57179069519043, 59.464298248291023 ], [ 24.571662902832031, 59.464328765869141 ], [ 24.571599960327148, 59.464340209960923 ], [ 24.571531295776367, 59.464393615722663 ], [ 24.571525573730472, 59.464508056640597 ], [ 24.571645736694336, 59.464599609375014 ], [ 24.571681976318363, 59.464653015136726 ] ] ], [ [ [ 24.577779769897461, 59.464778900146477 ], [ 24.577793121337894, 59.464660644531243 ], [ 24.577824638022456, 59.464584340979151 ], [ 24.577205657958984, 59.464820861816406 ], [ 24.577348709106445, 59.464874267578118 ], [ 24.577630996704105, 59.464859008789048 ], [ 24.577779769897461, 59.464778900146477 ] ] ] ] } },
{ "type": "Feature", "properties": { "from_id": "231", "population": 0.0, "gravity_community": 0.0, "gravity_education": 0.0, "gravity_essential_services": 1.0, "gravity_food_and_drink": 0.91498843841973265, "gravity_healthcare": 0.0, "gravity_shelter": 0.2349237886176038, "avg_gravity": 0.35831870450622277, "min_tt_community": null, "min_tt_education": null, "min_tt_essential_services": null, "min_tt_food_and_drink": 54.0, "min_tt_healthcare": null, "min_tt_shelter": 54.0, "avg_tt_community": null, "avg_tt_education": null, "avg_tt_essential_services": null, "avg_tt_food_and_drink": 55.0, "avg_tt_healthcare": null, "avg_tt_shelter": 54.0, "avg_tt_all": 54.5, "n_unreachable_categories": 4, "count_community": 0.0, "count_education": 0.0, "count_essential_services": 1.0, "count_food_and_drink": 4.0, "count_healthcare": 0.0, "count_shelter": 1.0, "gravity_community_per_100": 0.0, "gravity_education_per_100": 0.0, "gravity_essential_services_per_100": 0.0, "gravity_food_and_drink_per_100": 0.0, "gravity_healthcare_per_100": 0.0, "gravity_shelter_per_100": 0.0, "shannon": 0.86756323548811498, "kl_divergence": 0.31656243981232995, "jsd": 0.31938790920927562, "city_similarity": 0.68061209079072438 }, "geometry": { "type": "Polygon", "coordinates": [ [ [ 24.605158698097142, 59.471967316972787 ], [ 24.601026122843692, 59.468001396704615 ], [ 24.597240955120586, 59.46793183055555 ], [ 24.604542252336099, 59.472468062076686 ], [ 24.605158698097142, 59.471967316972787 ] ] ] } },
{ "type": "Feature", "properties": { "from_id": "232", "population": 0.0, "gravity_community": 0.0, "gravity_education": 0.0, "gravity_essential_services": 0.0, "gravity_food_and_drink": 1.0, "gravity_healthcare": 0.0, "gravity_shelter": 0.0, "avg_gravity": 0.16666666666666666, "min_tt_community": null, "min_tt_education": null, "min_tt_essential_services": null, "min_tt_food_and_drink": null, "min_tt_healthcare": null, "min_tt_shelter": null, "avg_tt_community": null, "avg_tt_education": null, "avg_tt_essential_services": null, "avg_tt_food_and_drink": null, "avg_tt_healthcare": null, "avg_tt_shelter": null, "avg_tt_all": null, "n_unreachable_categories": 6, "count_community": 0.0, "count_education": 0.0, "count_essential_services": 0.0, "count_food_and_drink": 1.0, "count_healthcare": 0.0, "count_shelter": 0.0, "gravity_community_per_100": 0.0, "gravity_education_per_100": 0.0, "gravity_essential_services_per_100": 0.0, "gravity_food_and_drink_per_100": 0.0, "gravity_healthcare_per_100": 0.0, "gravity_shelter_per_100": 0.0, "shannon": 1.1412925456691193e-08, "kl_divergence": 0.73388955517277454, "jsd": 0.47630023541647937, "city_similarity": 0.52369976458352063 }, "geometry": { "type": "Polygon", "coordinates": [ [ [ 24.715578003134162, 59.536183523042723 ], [ 24.720257360000442, 59.53237524728366 ], [ 24.716103960909148, 59.52841287813802 ], [ 24.707272361631471, 59.528258364734135 ], [ 24.702592132320117, 59.532066172774499 ], [ 24.706052771316166, 59.53536898737071 ], [ 24.707131489423819, 59.536035747762902 ], [ 24.715578003134162, 59.536183523042723 ] ] ] } },
{ "type": "Feature", "properties": { "from_id": "233", "population": 0.0, "gravity_community": 0.0, "gravity_education": 0.0, "gravity_essential_services": 0.0, "gravity_food_and_drink": 1.0, "gravity_healthcare": 0.0, "gravity_shelter": 0.0, "avg_gravity": 0.16666666666666666, "min_tt_community": null, "min_tt_education": null, "min_tt_essential_services": null, "min_tt_food_and_drink": null, "min_tt_healthcare": null, "min_tt_shelter": null, "avg_tt_community": null, "avg_tt_education": null, "avg_tt_essential_services": null, "avg_tt_food_and_drink": null, "avg_tt_healthcare": null, "avg_tt_shelter": null, "avg_tt_all": null, "n_unreachable_categories": 6, "count_community": 0.0, "count_education": 0.0, "count_essential_services": 0.0, "count_food_and_drink": 1.0, "count_healthcare": 0.0, "count_shelter": 0.0, "gravity_community_per_100": 0.0, "gravity_education_per_100": 0.0, "gravity_essential_services_per_100": 0.0, "gravity_food_and_drink_per_100": 0.0, "gravity_healthcare_per_100": 0.0, "gravity_shelter_per_100": 0.0, "shannon": 1.1412925456691193e-08, "kl_divergence": 0.73388955517277454, "jsd": 0.47630023541647937, "city_similarity": 0.52369976458352063 }, "geometry": { "type": "Polygon", "coordinates": [ [ [ 24.702592132320117, 59.532066172774499 ], [ 24.70065509854826, 59.532032136616493 ], [ 24.706052771316166, 59.53536898737071 ], [ 24.702592132320117, 59.532066172774499 ] ] ] } },
{ "type": "Feature", "properties": { "from_id": "234", "population": 1032.3338922708374, "gravity_community": 0.0, "gravity_education": 0.0, "gravity_essential_services": 0.0, "gravity_food_and_drink": 0.0, "gravity_healthcare": 1.0, "gravity_shelter": 0.0, "avg_gravity": 0.16666666666666666, "min_tt_community": null, "min_tt_education": null, "min_tt_essential_services": null, "min_tt_food_and_drink": null, "min_tt_healthcare": null, "min_tt_shelter": null, "avg_tt_community": null, "avg_tt_education": null, "avg_tt_essential_services": null, "avg_tt_food_and_drink": null, "avg_tt_healthcare": null, "avg_tt_shelter": null, "avg_tt_all": null, "n_unreachable_categories": 6, "count_community": 0.0, "count_education": 0.0, "count_essential_services": 0.0, "count_food_and_drink": 0.0, "count_healthcare": 1.0, "count_shelter": 0.0, "gravity_community_per_100": 0.0, "gravity_education_per_100": 0.0, "gravity_essential_services_per_100": 0.0, "gravity_food_and_drink_per_100": 0.0, "gravity_healthcare_per_100": 0.096867884265650503, "gravity_shelter_per_100": 0.0, "shannon": 1.1412925456691193e-08, "kl_divergence": 2.2209536863031425, "jsd": 0.71802445722173791, "city_similarity": 0.28197554277826209 }, "geometry": { "type": "Polygon", "coordinates": [ [ [ 24.71973227521714, 59.540145909909825 ], [ 24.715578003134162, 59.536183523042723 ], [ 24.707131489423819, 59.536035747762902 ], [ 24.717164331788602, 59.542235416112561 ], [ 24.71973227521714, 59.540145909909825 ] ] ] } },
{ "type": "Feature", "properties": { "from_id": "235", "population": 8.3242780383806565, "gravity_community": 0.0, "gravity_education": 0.0, "gravity_essential_services": 0.0, "gravity_food_and_drink": 1.9190745023029698, "gravity_healthcare": 0.0, "gravity_shelter": 0.4718609068030119, "avg_gravity": 0.39848923485099697, "min_tt_community": null, "min_tt_education": null, "min_tt_essential_services": null, "min_tt_food_and_drink": 28.0, "min_tt_healthcare": null, "min_tt_shelter": 28.0, "avg_tt_community": null, "avg_tt_education": null, "avg_tt_essential_services": null, "avg_tt_food_and_drink": 29.0, "avg_tt_healthcare": null, "avg_tt_shelter": 28.0, "avg_tt_all": 28.5, "n_unreachable_categories": 4, "count_community": 0.0, "count_education": 0.0, "count_essential_services": 0.0, "count_food_and_drink": 3.0, "count_healthcare": 0.0, "count_shelter": 1.0, "gravity_community_per_100": 0.0, "gravity_education_per_100": 0.0, "gravity_essential_services_per_100": 0.0, "gravity_food_and_drink_per_100": 23.053945260534476, "gravity_healthcare_per_100": 0.0, "gravity_shelter_per_100": 5.6684904640067053, "shannon": 0.56233515379654631, "kl_divergence": 0.40989013226577892, "jsd": 0.3653035209053101, "city_similarity": 0.63469647909468985 }, "geometry": { "type": "Polygon", "coordinates": [ [ [ 24.745198085429443, 59.556146766946959 ], [ 24.742825062138085, 59.558078383650724 ], [ 24.748006875488667, 59.561275243061147 ], [ 24.748058871412812, 59.556196026082944 ], [ 24.745198085429443, 59.556146766946959 ] ] ] } },
{ "type": "Feature", "properties": { "from_id": "236", "population": 0.0, "gravity_community": 0.0, "gravity_education": 0.0, "gravity_essential_services": 0.0, "gravity_food_and_drink": 2.2676182829831122, "gravity_healthcare": 0.0, "gravity_shelter": 0.63380914149155609, "avg_gravity": 0.48357123741244473, "min_tt_community": null, "min_tt_education": null, "min_tt_essential_services": null, "min_tt_food_and_drink": 17.0, "min_tt_healthcare": null, "min_tt_shelter": 17.0, "avg_tt_community": null, "avg_tt_education": null, "avg_tt_essential_services": null, "avg_tt_food_and_drink": 17.0, "avg_tt_healthcare": null, "avg_tt_shelter": 17.0, "avg_tt_all": 17.0, "n_unreachable_categories": 4, "count_community": 0.0, "count_education": 0.0, "count_essential_services": 0.0, "count_food_and_drink": 3.0, "count_healthcare": 0.0, "count_shelter": 1.0, "gravity_community_per_100": 0.0, "gravity_education_per_100": 0.0, "gravity_essential_services_per_100": 0.0, "gravity_food_and_drink_per_100": 0.0, "gravity_healthcare_per_100": 0.0, "gravity_shelter_per_100": 0.0, "shannon": 0.56233515379654631, "kl_divergence": 0.40989013226577892, "jsd": 0.3653035209053101, "city_similarity": 0.63469647909468985 }, "geometry": { "type": "Polygon", "coordinates": [ [ [ 24.743637733702549, 59.579459035392915 ], [ 24.747821243082367, 59.579531066061698 ], [ 24.747884414134916, 59.573316933150984 ], [ 24.74785041809082, 59.573314666748033 ], [ 24.747791290283203, 59.573295593261726 ], [ 24.747720718383789, 59.573261260986335 ], [ 24.747623443603516, 59.573234558105455 ], [ 24.747560501098633, 59.573200225830071 ], [ 24.747489929199219, 59.57316589355468 ], [ 24.747413635253906, 59.573112487792969 ], [ 24.747344970703125, 59.573074340820305 ], [ 24.747295379638672, 59.573040008544922 ], [ 24.747261047363281, 59.573032379150391 ], [ 24.747194290161133, 59.573024749755866 ], [ 24.747133255004883, 59.573024749755866 ], [ 24.747070312500004, 59.573043823242188 ], [ 24.747020721435547, 59.573066711425767 ], [ 24.747001647949222, 59.573093414306634 ], [ 24.746995925903324, 59.57311630249022 ], [ 24.746997833251953, 59.573146820068359 ], [ 24.747020721435547, 59.573173522949233 ], [ 24.7470703125, 59.573196411132812 ], [ 24.747125625610355, 59.573215484619155 ], [ 24.747175216674805, 59.573238372802741 ], [ 24.747194290161133, 59.573253631591783 ], [ 24.747220993041992, 59.573291778564453 ], [ 24.747236251831055, 59.573318481445305 ], [ 24.747226715087891, 59.573368072509759 ], [ 24.747196197509766, 59.573421478271484 ], [ 24.747163772583011, 59.573459625244112 ], [ 24.747123718261719, 59.573493957519531 ], [ 24.747072219848633, 59.573528289794922 ], [ 24.747055053710938, 59.57354736328125 ], [ 24.747020721435547, 59.573574066162109 ], [ 24.746955871582031, 59.573600769042955 ], [ 24.746891021728516, 59.573619842529297 ], [ 24.746847152709961, 59.573642730712876 ], [ 24.746828079223633, 59.573657989501939 ], [ 24.746809005737305, 59.573673248291009 ], [ 24.746786117553711, 59.573711395263679 ], [ 24.746753692626953, 59.573749542236314 ], [ 24.746734619140625, 59.573791503906271 ], [ 24.746715545654297, 59.573844909667969 ], [ 24.746692657470703, 59.573883056640625 ], [ 24.746671676635742, 59.57391357421875 ], [ 24.746648788452148, 59.573970794677741 ], [ 24.746614456176761, 59.57403564453125 ], [ 24.746559143066406, 59.574134826660149 ], [ 24.746538162231445, 59.574161529541016 ], [ 24.746509552001953, 59.574199676513686 ], [ 24.746477127075195, 59.574260711669922 ], [ 24.74638557434082, 59.574378967285156 ], [ 24.746332168579102, 59.574428558349595 ], [ 24.746294021606445, 59.574470520019531 ], [ 24.746261596679688, 59.574501037597663 ], [ 24.746131896972656, 59.574626922607436 ], [ 24.746095657348633, 59.574657440185561 ], [ 24.746049880981449, 59.574703216552741 ], [ 24.746007919311523, 59.574745178222656 ], [ 24.745965957641602, 59.574790954589844 ], [ 24.745695114135742, 59.575046539306648 ], [ 24.745584487915039, 59.575138092041009 ], [ 24.745529174804688, 59.575187683105476 ], [ 24.745292663574222, 59.575386047363267 ], [ 24.744474411010742, 59.576007843017578 ], [ 24.744138717651367, 59.576251983642585 ], [ 24.744083404541016, 59.576297760009744 ], [ 24.744028091430664, 59.576354980468743 ], [ 24.743513107299805, 59.576713562011726 ], [ 24.743217468261719, 59.576953887939453 ], [ 24.742912292480469, 59.577106475830078 ], [ 24.742788314819336, 59.577201843261719 ], [ 24.742828369140625, 59.577266693115241 ], [ 24.742889404296875, 59.577323913574219 ], [ 24.742834091186523, 59.577369689941392 ], [ 24.742809295654297, 59.577396392822244 ], [ 24.74273681640625, 59.577404022216811 ], [ 24.742649078369141, 59.577438354492166 ], [ 24.74267578125, 59.577602386474602 ], [ 24.742607116699222, 59.577713012695312 ], [ 24.742595672607422, 59.577735900878906 ], [ 24.7425537109375, 59.577796936035163 ], [ 24.742465972900391, 59.577861785888672 ], [ 24.742391586303714, 59.577915191650384 ], [ 24.742347717285156, 59.577972412109361 ], [ 24.742311477661133, 59.578006744384751 ], [ 24.742294311523438, 59.578022003173821 ], [ 24.742170356674563, 59.578062360601336 ], [ 24.743637733702549, 59.579459035392915 ] ] ] } },
{ "type": "Feature", "properties": { "from_id": "237", "population": 88.161058880811794, "gravity_community": 0.0, "gravity_education": 0.0, "gravity_essential_services": 0.0, "gravity_food_and_drink": 2.06489258629114, "gravity_healthcare": 0.0, "gravity_shelter": 0.52530556088075353, "avg_gravity": 0.43169969119531554, "min_tt_community": null, "min_tt_education": null, "min_tt_essential_services": null, "min_tt_food_and_drink": 23.0, "min_tt_healthcare": null, "min_tt_shelter": 24.0, "avg_tt_community": null, "avg_tt_education": null, "avg_tt_essential_services": null, "avg_tt_food_and_drink": 23.5, "avg_tt_healthcare": null, "avg_tt_shelter": 24.0, "avg_tt_all": 23.75, "n_unreachable_categories": 4, "count_community": 0.0, "count_education": 0.0, "count_essential_services": 0.0, "count_food_and_drink": 3.0, "count_healthcare": 0.0, "count_shelter": 1.0, "gravity_community_per_100": 0.0, "gravity_education_per_100": 0.0, "gravity_essential_services_per_100": 0.0, "gravity_food_and_drink_per_100": 2.3421821521934589, "gravity_healthcare_per_100": 0.0, "gravity_shelter_per_100": 0.59584760839922934, "shannon": 0.56233515379654631, "kl_divergence": 0.40989013226577892, "jsd": 0.3653035209053101, "city_similarity": 0.63469647909468985 }, "geometry": { "type": "Polygon", "coordinates": [ [ [ 24.743637733702549, 59.579459035392915 ], [ 24.742170356674563, 59.578062360601336 ], [ 24.742130279541016, 59.578075408935547 ], [ 24.742034912109375, 59.578102111816406 ], [ 24.741952896118164, 59.578132629394538 ], [ 24.7419548034668, 59.578163146972642 ], [ 24.741979598999023, 59.578197479248047 ], [ 24.741954803466797, 59.578239440917947 ], [ 24.741884231567383, 59.578304290771484 ], [ 24.741825103759766, 59.578342437744148 ], [ 24.741731643676758, 59.578376770019524 ], [ 24.741611480712891, 59.578411102294922 ], [ 24.741525650024418, 59.578433990478501 ], [ 24.741447448730469, 59.578460693359382 ], [ 24.741416931152344, 59.578472137451151 ], [ 24.741245269775391, 59.578552246093757 ], [ 24.741170883178714, 59.578590393066399 ], [ 24.741081237792969, 59.578632354736314 ], [ 24.741001129150391, 59.578666687011719 ], [ 24.74091911315918, 59.578704833984375 ], [ 24.740777969360355, 59.578769683837898 ], [ 24.740680694580078, 59.578804016113274 ], [ 24.740600585937504, 59.578834533691406 ], [ 24.740516662597656, 59.578872680664055 ], [ 24.740438461303714, 59.578887939453104 ], [ 24.740364074707031, 59.578910827636712 ], [ 24.740325927734375, 59.578929901123047 ], [ 24.740251541137695, 59.578971862792976 ], [ 24.740154266357422, 59.579013824462876 ], [ 24.740066528320316, 59.579051971435526 ], [ 24.739986419677734, 59.579078674316399 ], [ 24.739894866943359, 59.579105377197266 ], [ 24.739852905273441, 59.579116821289062 ], [ 24.73975944519043, 59.579132080078125 ], [ 24.739660263061523, 59.579151153564467 ], [ 24.739553451538086, 59.579189300537109 ], [ 24.73945426940918, 59.579231262207038 ], [ 24.739389419555664, 59.579261779785142 ], [ 24.73930549621582, 59.57929992675782 ], [ 24.739233016967773, 59.579326629638679 ], [ 24.739175796508789, 59.579353332519517 ], [ 24.739059448242188, 59.57940292358397 ], [ 24.739036560058594, 59.579414367675767 ], [ 24.738960266113281, 59.579471588134766 ], [ 24.738906860351562, 59.579502105712898 ], [ 24.738830566406254, 59.579540252685561 ], [ 24.738779067993168, 59.579586029052727 ], [ 24.738704681396484, 59.57961273193358 ], [ 24.738618850708008, 59.579601287841811 ], [ 24.738536834716797, 59.579612731933572 ], [ 24.738483428955078, 59.579639434814453 ], [ 24.738447189331055, 59.57966613769532 ], [ 24.738412857055664, 59.579677581787116 ], [ 24.738332748413086, 59.579677581787095 ], [ 24.738254547119141, 59.579692840576179 ], [ 24.738193511962891, 59.579719543457045 ], [ 24.738121032714844, 59.579757690429673 ], [ 24.738027572631836, 59.579788208007805 ], [ 24.738027572631836, 59.579833984374993 ], [ 24.738046646118164, 59.579856872558587 ], [ 24.738128662109375, 59.579959869384766 ], [ 24.738130569458008, 59.580009460449226 ], [ 24.738105773925781, 59.580059051513665 ], [ 24.738077163696289, 59.580097198486342 ], [ 24.738069534301758, 59.580131530761719 ], [ 24.738063812255859, 59.580177307128913 ], [ 24.738073348999023, 59.580226898193359 ], [ 24.738002777099609, 59.580272674560547 ], [ 24.737712860107422, 59.580387115478509 ], [ 24.73779296875, 59.580413818359382 ], [ 24.738029479980469, 59.580360412597642 ], [ 24.73805046081543, 59.580387115478487 ], [ 24.738086700439457, 59.580432891845689 ], [ 24.738071441650391, 59.580486297607415 ], [ 24.738040924072266, 59.580535888671861 ], [ 24.738023757934574, 59.58057785034179 ], [ 24.737998962402344, 59.580627441406264 ], [ 24.73798942565918, 59.580692291259751 ], [ 24.737905502319339, 59.580764770507798 ], [ 24.737958908081055, 59.580780029296889 ], [ 24.738046646118164, 59.580745697021484 ], [ 24.738193511962891, 59.580806732177734 ], [ 24.738256454467773, 59.580821990966797 ], [ 24.738288879394531, 59.580852508544922 ], [ 24.738327026367188, 59.580913543701172 ], [ 24.738344192504883, 59.580974578857408 ], [ 24.738376617431641, 59.581016540527351 ], [ 24.738424301147461, 59.581043243408203 ], [ 24.738479614257812, 59.581062316894538 ], [ 24.738517761230472, 59.581069946289048 ], [ 24.738565444946289, 59.581157684326179 ], [ 24.738641738891602, 59.581195831298828 ], [ 24.73871994018555, 59.581249237060533 ], [ 24.738767623901367, 59.581283569335938 ], [ 24.738796234130859, 59.58131027221679 ], [ 24.738866806030273, 59.581382751464851 ], [ 24.738887786865234, 59.581462860107415 ], [ 24.73890495300293, 59.581497192382805 ], [ 24.738931655883789, 59.581546783447287 ], [ 24.738983154296875, 59.581764221191406 ], [ 24.739009857177734, 59.581817626953132 ], [ 24.73902702331543, 59.581855773925788 ], [ 24.739053726196289, 59.581878662109382 ], [ 24.739063262939453, 59.5819091796875 ], [ 24.739089965820312, 59.581935882568366 ], [ 24.739152908325195, 59.581958770751939 ], [ 24.739152908325199, 59.581981658935533 ], [ 24.739189147949219, 59.582012176513672 ], [ 24.739223480224613, 59.582042694091804 ], [ 24.73928260803223, 59.582092285156257 ], [ 24.739326477050781, 59.582138061523445 ], [ 24.739383697509766, 59.582183837890618 ], [ 24.739419937133789, 59.582218170166009 ], [ 24.73945426940918, 59.582252502441392 ], [ 24.739505767822269, 59.582302093505838 ], [ 24.739538192749023, 59.582340240478523 ], [ 24.739574432373047, 59.582389831542969 ], [ 24.739591598510742, 59.582435607910163 ], [ 24.739643096923832, 59.582473754882812 ], [ 24.739654541015625, 59.582523345947266 ], [ 24.739737106460392, 59.582631535275908 ], [ 24.743637733702549, 59.579459035392915 ] ] ] } },
{ "type": "Feature", "properties": { "from_id": "238", "population": 0.0, "gravity_community": 0.0, "gravity_education": 0.0, "gravity_essential_services": 0.0, "gravity_food_and_drink": 1.036707650436874, "gravity_healthcare": 1.0, "gravity_shelter": 0.51140208955612032, "avg_gravity": 0.42468495666549905, "min_tt_community": null, "min_tt_education": null, "min_tt_essential_services": null, "min_tt_food_and_drink": 24.0, "min_tt_healthcare": null, "min_tt_shelter": 25.0, "avg_tt_community": null, "avg_tt_education": null, "avg_tt_essential_services": null, "avg_tt_food_and_drink": 24.5, "avg_tt_healthcare": null, "avg_tt_shelter": 25.0, "avg_tt_all": 24.75, "n_unreachable_categories": 4, "count_community": 0.0, "count_education": 0.0, "count_essential_services": 0.0, "count_food_and_drink": 2.0, "count_healthcare": 1.0, "count_shelter": 1.0, "gravity_community_per_100": 0.0, "gravity_education_per_100": 0.0, "gravity_essential_services_per_100": 0.0, "gravity_food_and_drink_per_100": 0.0, "gravity_healthcare_per_100": 0.0, "gravity_shelter_per_100": 0.0, "shannon": 1.0397207777942468, "kl_divergence": 0.30427054133710196, "jsd": 0.30880057262842975, "city_similarity": 0.69119942737157025 }, "geometry": { "type": "Polygon", "coordinates": [ [ [ 24.741180364735332, 59.585386746190885 ], [ 24.741191864013672, 59.585388183593757 ], [ 24.741308212280273, 59.585407257080078 ], [ 24.741420745849613, 59.585430145263658 ], [ 24.741506576538086, 59.585453033447266 ], [ 24.741588592529297, 59.585472106933601 ], [ 24.741744995117188, 59.585506439208991 ], [ 24.741830825805664, 59.585533142089844 ], [ 24.741914749145508, 59.585559844970689 ], [ 24.742004394531254, 59.585582733154276 ], [ 24.742080688476562, 59.585601806640618 ], [ 24.742166519165039, 59.585617065429688 ], [ 24.742282867431641, 59.58564758300782 ], [ 24.742397308349613, 59.585685729980476 ], [ 24.742549896240234, 59.585735321044936 ], [ 24.742780685424805, 59.585834503173828 ], [ 24.742862701416016, 59.585861206054695 ], [ 24.742956161499023, 59.585884094238288 ], [ 24.742973327636719, 59.585891723632827 ], [ 24.743043899536133, 59.585929870605462 ], [ 24.743131637573242, 59.585956573486349 ], [ 24.743234634399414, 59.585971832275391 ], [ 24.743318557739258, 59.585971832275376 ], [ 24.743392944335938, 59.585968017578118 ], [ 24.74346923828125, 59.585968017578118 ], [ 24.743562698364258, 59.585968017578132 ], [ 24.743673324584961, 59.585979461669929 ], [ 24.743749618530273, 59.585987091064453 ], [ 24.743844985961914, 59.585994720458977 ], [ 24.743978500366214, 59.586009979248061 ], [ 24.744064331054688, 59.586025238037081 ], [ 24.744132995605469, 59.586032867431655 ], [ 24.744241714477539, 59.586048126220696 ], [ 24.744348526000977, 59.586063385009773 ], [ 24.744461059570312, 59.586071014404297 ], [ 24.744569778442383, 59.586078643798828 ], [ 24.744686126708984, 59.586078643798828 ], [ 24.744861602783203, 59.586082458496101 ], [ 24.744968414306644, 59.586078643798828 ], [ 24.745199203491211, 59.586086273193366 ], [ 24.745294570922852, 59.586078643798828 ], [ 24.745384216308594, 59.586059570312486 ], [ 24.745468139648441, 59.586051940917962 ], [ 24.74555778503418, 59.586044311523423 ], [ 24.745674133300781, 59.586025238037102 ], [ 24.745775222778324, 59.585998535156236 ], [ 24.745874404907227, 59.58596038818358 ], [ 24.745944976806641, 59.585926055908189 ], [ 24.746025085449219, 59.585891723632827 ], [ 24.74608039855957, 59.585865020751953 ], [ 24.746160507202148, 59.585830688476562 ], [ 24.746210098266602, 59.585796356201172 ], [ 24.746265411376953, 59.585762023925781 ], [ 24.746326446533203, 59.585746765136712 ], [ 24.746387481689453, 59.585731506347663 ], [ 24.7464599609375, 59.585727691650376 ], [ 24.746562957763672, 59.585731506347663 ], [ 24.746677398681641, 59.585739135742173 ], [ 24.746774673461914, 59.585739135742173 ], [ 24.746845245361328, 59.585746765136719 ], [ 24.746946334838867, 59.585758209228509 ], [ 24.747035980224609, 59.585773468017592 ], [ 24.747137069702148, 59.585800170898423 ], [ 24.747194290161133, 59.585815429687507 ], [ 24.747259140014648, 59.585826873779304 ], [ 24.747383117675781, 59.585838317871101 ], [ 24.747514724731445, 59.585845947265625 ], [ 24.747636795043949, 59.585857391357408 ], [ 24.747697830200199, 59.585853576660142 ], [ 24.747756958007812, 59.585849761962898 ], [ 24.747821243082367, 59.579531066061698 ], [ 24.743637733702549, 59.579459035392915 ], [ 24.739737106460392, 59.582631535275908 ], [ 24.739765167236328, 59.582668304443345 ], [ 24.739784240722656, 59.582702636718736 ], [ 24.73980712890625, 59.582771301269531 ], [ 24.739835739135742, 59.582866668701158 ], [ 24.739847183227539, 59.582931518554695 ], [ 24.739849090576172, 59.582977294921868 ], [ 24.739843368530273, 59.583019256591783 ], [ 24.739728927612308, 59.583518981933587 ], [ 24.73934547013123, 59.583640385750378 ], [ 24.739405911951305, 59.583697914496362 ], [ 24.739604949951172, 59.583652496337898 ], [ 24.739921569824219, 59.58367919921875 ], [ 24.740188598632812, 59.583827972412102 ], [ 24.740341186523438, 59.583923339843743 ], [ 24.740383148193359, 59.583950042724609 ], [ 24.740425109863281, 59.583984375 ], [ 24.740571975708008, 59.584117889404297 ], [ 24.740610122680664, 59.584163665771499 ], [ 24.740634918212891, 59.584194183349631 ], [ 24.74067497253418, 59.584251403808587 ], [ 24.740716934204105, 59.584308624267564 ], [ 24.740758895874023, 59.584369659423821 ], [ 24.740779876708984, 59.584426879882812 ], [ 24.74078369140625, 59.584472656249986 ], [ 24.740779876708984, 59.584510803222656 ], [ 24.740781784057621, 59.584526062011712 ], [ 24.740791320800781, 59.584655761718757 ], [ 24.740781784057617, 59.58470535278321 ], [ 24.740772247314453, 59.584743499755859 ], [ 24.740741729736328, 59.584831237792962 ], [ 24.740732192993164, 59.584873199462905 ], [ 24.740713119506836, 59.584922790527344 ], [ 24.740703683368121, 59.584933084509068 ], [ 24.741180364735332, 59.585386746190885 ] ] ] } },
{ "type": "Feature", "properties": { "from_id": "239", "population": 37.806289190393088, "gravity_community": 0.0, "gravity_education": 0.0, "gravity_essential_services": 1.0, "gravity_food_and_drink": 0.89442719099991597, "gravity_healthcare": 0.0, "gravity_shelter": 0.44721359549995798, "avg_gravity": 0.39027346441664568, "min_tt_community": null, "min_tt_education": null, "min_tt_essential_services": null, "min_tt_food_and_drink": 30.0, "min_tt_healthcare": null, "min_tt_shelter": 30.0, "avg_tt_community": null, "avg_tt_education": null, "avg_tt_essential_services": null, "avg_tt_food_and_drink": 30.0, "avg_tt_healthcare": null, "avg_tt_shelter": 30.0, "avg_tt_all": 30.0, "n_unreachable_categories": 4, "count_community": 0.0, "count_education": 0.0, "count_essential_services": 1.0, "count_food_and_drink": 2.0, "count_healthcare": 0.0, "count_shelter": 1.0, "gravity_community_per_100": 0.0, "gravity_education_per_100": 0.0, "gravity_essential_services_per_100": 2.6450625581473592, "gravity_food_and_drink_per_100": 2.3658158739027946, "gravity_healthcare_per_100": 0.0, "gravity_shelter_per_100": 1.1829079369513973, "shannon": 1.0397207777942468, "kl_divergence": 0.36952295170659616, "jsd": 0.3337145132699823, "city_similarity": 0.66628548673001764 }, "geometry": { "type": "MultiPolygon", "coordinates": [ [ [ [ 24.73934547013123, 59.583640385750378 ], [ 24.739234924316406, 59.583675384521477 ], [ 24.739320755004883, 59.583717346191406 ], [ 24.739405911951305, 59.583697914496362 ], [ 24.73934547013123, 59.583640385750378 ] ] ], [ [ [ 24.740703683368121, 59.584933084509068 ], [ 24.740671157836914, 59.584968566894517 ], [ 24.740615844726562, 59.584991455078125 ], [ 24.740564346313477, 59.585014343261733 ], [ 24.740478515625, 59.585048675537109 ], [ 24.740383148193359, 59.585079193115206 ], [ 24.740287780761719, 59.585105895996101 ], [ 24.740205764770508, 59.585132598876939 ], [ 24.740081787109375, 59.585166931152358 ], [ 24.739994049072266, 59.585193634033189 ], [ 24.739910125732422, 59.585224151611342 ], [ 24.739896774291992, 59.585258483886712 ], [ 24.739923477172852, 59.585289001464844 ], [ 24.73997688293457, 59.58535003662108 ], [ 24.740016937255859, 59.585376739501946 ], [ 24.740081787109375, 59.585403442382805 ], [ 24.740118026733398, 59.585418701171861 ], [ 24.740163803100586, 59.585422515869134 ], [ 24.740196228027344, 59.585414886474602 ], [ 24.740240097045902, 59.585414886474609 ], [ 24.740293502807617, 59.58539962768554 ], [ 24.740365982055668, 59.585380554199197 ], [ 24.740447998046875, 59.585376739501946 ], [ 24.740518569946289, 59.585369110107422 ], [ 24.740587234497074, 59.585353851318352 ], [ 24.74066162109375, 59.585350036621094 ], [ 24.740743637084961, 59.585350036621101 ], [ 24.7408447265625, 59.58535003662108 ], [ 24.740928649902347, 59.585353851318366 ], [ 24.741039276123047, 59.585369110107422 ], [ 24.741180364735332, 59.585386746190885 ], [ 24.740703683368121, 59.584933084509068 ] ] ] ] } },
{ "type": "Feature", "properties": { "from_id": "240", "population": 0.0, "gravity_community": 0.0, "gravity_education": 0.5898663476411965, "gravity_essential_services": 0.0, "gravity_food_and_drink": 1.6436288453400851, "gravity_healthcare": 1.7055966318938238, "gravity_shelter": 3.6621723621002182, "avg_gravity": 1.2668773644958873, "min_tt_community": null, "min_tt_education": 40.0, "min_tt_essential_services": null, "min_tt_food_and_drink": 14.0, "min_tt_healthcare": 13.0, "min_tt_shelter": 17.0, "avg_tt_community": null, "avg_tt_education": 46.0, "avg_tt_essential_services": null, "avg_tt_food_and_drink": 37.75, "avg_tt_healthcare": 13.0, "avg_tt_shelter": 43.727272727272727, "avg_tt_all": 35.11931818181818, "n_unreachable_categories": 2, "count_community": 0.0, "count_education": 2.0, "count_essential_services": 0.0, "count_food_and_drink": 4.0, "count_healthcare": 2.0, "count_shelter": 11.0, "gravity_community_per_100": 0.0, "gravity_education_per_100": 0.0, "gravity_essential_services_per_100": 0.0, "gravity_food_and_drink_per_100": 0.0, "gravity_healthcare_per_100": 0.0, "gravity_shelter_per_100": 0.0, "shannon": 1.1184066594269999, "kl_divergence": 0.47964014971499203, "jsd": 0.34772439656673265, "city_similarity": 0.65227560343326729 }, "geometry": { "type": "Polygon", "coordinates": [ [ [ 24.758103257175815, 59.361873641846884 ], [ 24.766891901594892, 59.362024471298497 ], [ 24.769437681256445, 59.359938129223892 ], [ 24.767814636230469, 59.359889984130859 ], [ 24.767404556274414, 59.359867095947266 ], [ 24.763391494750977, 59.359699249267578 ], [ 24.758953094482422, 59.359539031982415 ], [ 24.757181167602539, 59.359474182128906 ], [ 24.755533203612597, 59.359413214633882 ], [ 24.758103257175815, 59.361873641846884 ] ] ] } },
{ "type": "Feature", "properties": { "from_id": "241", "population": 0.0, "gravity_community": 1.8504065705176815, "gravity_education": 5.2845142269471319, "gravity_essential_services": 3.7436928331085171, "gravity_food_and_drink": 13.387581142161421, "gravity_healthcare": 6.3766649008541902, "gravity_shelter": 9.7584228987387149, "avg_gravity": 6.7335470953879435, "min_tt_community": 53.0, "min_tt_education": 41.0, "min_tt_essential_services": 43.0, "min_tt_food_and_drink": 34.0, "min_tt_healthcare": 38.0, "min_tt_shelter": 27.0, "avg_tt_community": 54.625, "avg_tt_education": 53.590909090909093, "avg_tt_essential_services": 54.3125, "avg_tt_food_and_drink": 53.803571428571431, "avg_tt_healthcare": 54.25925925925926, "avg_tt_shelter": 49.75, "avg_tt_all": 53.390206629789958, "n_unreachable_categories": 0, "count_community": 8.0, "count_education": 22.0, "count_essential_services": 16.0, "count_food_and_drink": 56.0, "count_healthcare": 27.0, "count_shelter": 36.0, "gravity_community_per_100": 0.0, "gravity_education_per_100": 0.0, "gravity_essential_services_per_100": 0.0, "gravity_food_and_drink_per_100": 0.0, "gravity_healthcare_per_100": 0.0, "gravity_shelter_per_100": 0.0, "shannon": 1.6367705792620164, "kl_divergence": 0.04430482446622816, "jsd": 0.10531385309828045, "city_similarity": 0.89468614690171955 }, "geometry": { "type": "Polygon", "coordinates": [ [ [ 24.731737876564523, 59.36141760213291 ], [ 24.740526244302188, 59.361570207251582 ], [ 24.743705454750621, 59.358966963959887 ], [ 24.741022109985352, 59.358863830566378 ], [ 24.732196807861328, 59.358535766601555 ], [ 24.72858380668308, 59.35839509140601 ], [ 24.731737876564523, 59.36141760213291 ] ] ] } },
{ "type": "Feature", "properties": { "from_id": "242", "population": 0.082238101227553317, "gravity_community": 0.0, "gravity_education": 1.5376387356891708, "gravity_essential_services": 0.21675967734687365, "gravity_food_and_drink": 2.5832747783915804, "gravity_healthcare": 1.2670288247861685, "gravity_shelter": 5.7191520619747438, "avg_gravity": 1.8873090130314225, "min_tt_community": null, "min_tt_education": 31.0, "min_tt_essential_services": 57.0, "min_tt_food_and_drink": 17.0, "min_tt_healthcare": 17.0, "min_tt_shelter": 19.0, "avg_tt_community": null, "avg_tt_education": 52.166666666666664, "avg_tt_essential_services": 57.0, "avg_tt_food_and_drink": 45.875, "avg_tt_healthcare": 47.75, "avg_tt_shelter": 44.722222222222221, "avg_tt_all": 49.50277777777778, "n_unreachable_categories": 1, "count_community": 0.0, "count_education": 6.0, "count_essential_services": 1.0, "count_food_and_drink": 8.0, "count_healthcare": 4.0, "count_shelter": 18.0, "gravity_community_per_100": 0.0, "gravity_education_per_100": 1869.7400751441417, "gravity_essential_services_per_100": 263.57573206499302, "gravity_food_and_drink_per_100": 3141.2140356252189, "gravity_healthcare_per_100": 1540.683461647895, "gravity_shelter_per_100": 6954.3824293192474, "shannon": 1.3147568820478184, "kl_divergence": 0.33077498666331112, "jsd": 0.28715975856939829, "city_similarity": 0.71284024143060165 }, "geometry": { "type": "Polygon", "coordinates": [ [ [ 24.740526244302188, 59.361570207251582 ], [ 24.744662553844329, 59.365531789210301 ], [ 24.753452063385236, 59.365683529855552 ], [ 24.758103257175815, 59.361873641846884 ], [ 24.755533203612597, 59.359413214633882 ], [ 24.749761581420898, 59.359199523925788 ], [ 24.743705454750621, 59.358966963959887 ], [ 24.740526244302188, 59.361570207251582 ] ] ] } },
{ "type": "Feature", "properties": { "from_id": "243", "population": 0.0, "gravity_community": 0.0, "gravity_education": 1.4339383011677311, "gravity_essential_services": 1.2110226127072454, "gravity_food_and_drink": 3.5700905220885994, "gravity_healthcare": 1.3899926079987779, "gravity_shelter": 7.0984694237096306, "avg_gravity": 2.4505855779453309, "min_tt_community": null, "min_tt_education": 29.0, "min_tt_essential_services": 58.0, "min_tt_food_and_drink": 1.0, "min_tt_healthcare": 1.0, "min_tt_shelter": 6.0, "avg_tt_community": null, "avg_tt_education": 48.4, "avg_tt_essential_services": 58.0, "avg_tt_food_and_drink": 48.727272727272727, "avg_tt_healthcare": 39.333333333333336, "avg_tt_shelter": 45.954545454545453, "avg_tt_all": 48.083030303030306, "n_unreachable_categories": 1, "count_community": 0.0, "count_education": 5.0, "count_essential_services": 2.0, "count_food_and_drink": 11.0, "count_healthcare": 3.0, "count_shelter": 22.0, "gravity_community_per_100": 0.0, "gravity_education_per_100": 0.0, "gravity_essential_services_per_100": 0.0, "gravity_food_and_drink_per_100": 0.0, "gravity_healthcare_per_100": 0.0, "gravity_shelter_per_100": 0.0, "shannon": 1.270290751884019, "kl_divergence": 0.3083918957299554, "jsd": 0.2713405709875239, "city_similarity": 0.72865942901247616 }, "geometry": { "type": "Polygon", "coordinates": [ [ [ 24.766891901594892, 59.362024471298497 ], [ 24.758103257175815, 59.361873641846884 ], [ 24.753452063385236, 59.365683529855552 ], [ 24.757590379314852, 59.369644711509103 ], [ 24.762307123021667, 59.369725739830663 ], [ 24.762971878051758, 59.367752075195298 ], [ 24.764963150024418, 59.366085052490234 ], [ 24.766298294067386, 59.365116119384751 ], [ 24.768377304077148, 59.363712310791009 ], [ 24.768537997770082, 59.363599633497081 ], [ 24.766891901594892, 59.362024471298497 ] ] ] } },
{ "type": "Feature", "properties": { "from_id": "244", "population": 0.0, "gravity_community": 1.8504065705176815, "gravity_education": 5.42354631898412, "gravity_essential_services": 4.7436928331085166, "gravity_food_and_drink": 14.049868211570844, "gravity_healthcare": 6.6673005371359793, "gravity_shelter": 10.475977756293748, "avg_gravity": 7.2017987046018161, "min_tt_community": 53.0, "min_tt_education": 37.0, "min_tt_essential_services": 43.0, "min_tt_food_and_drink": 32.0, "min_tt_healthcare": 36.0, "min_tt_shelter": 26.0, "avg_tt_community": 54.625, "avg_tt_education": 52.81818181818182, "avg_tt_essential_services": 54.3125, "avg_tt_food_and_drink": 53.46551724137931, "avg_tt_healthcare": 54.035714285714285, "avg_tt_shelter": 48.324324324324323, "avg_tt_all": 52.930206278266617, "n_unreachable_categories": 0, "count_community": 8.0, "count_education": 22.0, "count_essential_services": 17.0, "count_food_and_drink": 58.0, "count_healthcare": 28.0, "count_shelter": 37.0, "gravity_community_per_100": 0.0, "gravity_education_per_100": 0.0, "gravity_essential_services_per_100": 0.0, "gravity_food_and_drink_per_100": 0.0, "gravity_healthcare_per_100": 0.0, "gravity_shelter_per_100": 0.0, "shannon": 1.634536809273887, "kl_divergence": 0.043318309744153467, "jsd": 0.10409188469413629, "city_similarity": 0.89590811530586367 }, "geometry": { "type": "Polygon", "coordinates": [ [ [ 24.740526244302188, 59.361570207251582 ], [ 24.731737876564523, 59.36141760213291 ], [ 24.727083812444629, 59.365226532011455 ], [ 24.7312189796457, 59.369188531430289 ], [ 24.740009353666277, 59.369341183518998 ], [ 24.744662553844329, 59.365531789210301 ], [ 24.740526244302188, 59.361570207251582 ] ] ] } },
{ "type": "Feature", "properties": { "from_id": "245", "population": 0.0, "gravity_community": 0.0, "gravity_education": 2.0816442398662676, "gravity_essential_services": 1.4032571789684329, "gravity_food_and_drink": 7.2787730703365634, "gravity_healthcare": 1.9474784161720273, "gravity_shelter": 8.679532251557422, "avg_gravity": 3.5651141928167855, "min_tt_community": null, "min_tt_education": 18.0, "min_tt_essential_services": 44.0, "min_tt_food_and_drink": 8.0, "min_tt_healthcare": 17.0, "min_tt_shelter": 14.0, "avg_tt_community": null, "avg_tt_education": 41.333333333333336, "avg_tt_essential_services": 54.5, "avg_tt_food_and_drink": 47.904761904761905, "avg_tt_healthcare": 44.833333333333336, "avg_tt_shelter": 40.666666666666664, "avg_tt_all": 45.847619047619048, "n_unreachable_categories": 1, "count_community": 0.0, "count_education": 6.0, "count_essential_services": 6.0, "count_food_and_drink": 22.0, "count_healthcare": 6.0, "count_shelter": 24.0, "gravity_community_per_100": 0.0, "gravity_education_per_100": 0.0, "gravity_essential_services_per_100": 0.0, "gravity_food_and_drink_per_100": 0.0, "gravity_healthcare_per_100": 0.0, "gravity_shelter_per_100": 0.0, "shannon": 1.4006347056344699, "kl_divergence": 0.13271297951187863, "jsd": 0.18550463681121326, "city_similarity": 0.81449536318878679 }, "geometry": { "type": "Polygon", "coordinates": [ [ [ 24.753452063385236, 59.365683529855552 ], [ 24.744662553844329, 59.365531789210301 ], [ 24.740009353666277, 59.369341183518998 ], [ 24.744146527688148, 59.373302782853877 ], [ 24.752938044154529, 59.373454570207201 ], [ 24.757590379314852, 59.369644711509103 ], [ 24.753452063385236, 59.365683529855552 ] ] ] } },
{ "type": "Feature", "properties": { "from_id": "246", "population": 0.0, "gravity_community": 0.0, "gravity_education": 0.74628335174420213, "gravity_essential_services": 0.0, "gravity_food_and_drink": 2.7158743235342548, "gravity_healthcare": 0.6170338627200096, "gravity_shelter": 4.9901593820131698, "avg_gravity": 1.511558486668606, "min_tt_community": null, "min_tt_education": 30.0, "min_tt_essential_services": null, "min_tt_food_and_drink": 19.0, "min_tt_healthcare": 18.0, "min_tt_shelter": 13.0, "avg_tt_community": null, "avg_tt_education": 37.5, "avg_tt_essential_services": null, "avg_tt_food_and_drink": 43.4, "avg_tt_healthcare": 18.0, "avg_tt_shelter": 45.6875, "avg_tt_all": 36.146875, "n_unreachable_categories": 2, "count_community": 0.0, "count_education": 2.0, "count_essential_services": 0.0, "count_food_and_drink": 6.0, "count_healthcare": 1.0, "count_shelter": 16.0, "gravity_community_per_100": 0.0, "gravity_education_per_100": 0.0, "gravity_essential_services_per_100": 0.0, "gravity_food_and_drink_per_100": 0.0, "gravity_healthcare_per_100": 0.0, "gravity_shelter_per_100": 0.0, "shannon": 0.9589450005421829, "kl_divergence": 0.56289008051783718, "jsd": 0.3696998473413185, "city_similarity": 0.63030015265868156 }, "geometry": { "type": "Polygon", "coordinates": [ [ [ 24.766891901594892, 59.362024471298497 ], [ 24.768537997770082, 59.363599633497081 ], [ 24.770547866821289, 59.36219024658201 ], [ 24.773561477661133, 59.360088348388672 ], [ 24.770772933959961, 59.359977722167976 ], [ 24.769437681256445, 59.359938129223892 ], [ 24.766891901594892, 59.362024471298497 ] ] ] } },
{ "type": "Feature", "properties": { "from_id": "247", "population": 0.0, "gravity_community": 0.0, "gravity_education": 1.9282005654283854, "gravity_essential_services": 1.1490336530842837, "gravity_food_and_drink": 6.4770631180976901, "gravity_healthcare": 1.6090568156217961, "gravity_shelter": 7.2964199628187076, "avg_gravity": 3.0766290191751438, "min_tt_community": null, "min_tt_education": 19.0, "min_tt_essential_services": 48.0, "min_tt_food_and_drink": 13.0, "min_tt_healthcare": 20.0, "min_tt_shelter": 15.0, "avg_tt_community": null, "avg_tt_education": 44.666666666666664, "avg_tt_essential_services": 55.0, "avg_tt_food_and_drink": 48.789473684210527, "avg_tt_healthcare": 44.8, "avg_tt_shelter": 40.3, "avg_tt_all": 46.711228070175437, "n_unreachable_categories": 1, "count_community": 0.0, "count_education": 6.0, "count_essential_services": 5.0, "count_food_and_drink": 20.0, "count_healthcare": 5.0, "count_shelter": 20.0, "gravity_community_per_100": 0.0, "gravity_education_per_100": 0.0, "gravity_essential_services_per_100": 0.0, "gravity_food_and_drink_per_100": 0.0, "gravity_healthcare_per_100": 0.0, "gravity_shelter_per_100": 0.0, "shannon": 1.4061690705596828, "kl_divergence": 0.11552067765776917, "jsd": 0.1747688466777832, "city_similarity": 0.82523115332221675 }, "geometry": { "type": "Polygon", "coordinates": [ [ [ 24.757590379314852, 59.369644711509103 ], [ 24.752938044154529, 59.373454570207201 ], [ 24.757077225640018, 59.377415769121711 ], [ 24.765869884118334, 59.377566691443988 ], [ 24.767504160611892, 59.376228066337099 ], [ 24.76542854309082, 59.376056671142585 ], [ 24.762006759643555, 59.375759124755866 ], [ 24.760540008544922, 59.374927520751939 ], [ 24.760574340820312, 59.374832153320312 ], [ 24.76158332824707, 59.37190246582032 ], [ 24.761688232421879, 59.371612548828118 ], [ 24.762172698974609, 59.370124816894531 ], [ 24.762307123021667, 59.369725739830663 ], [ 24.757590379314852, 59.369644711509103 ] ] ] } },
{ "type": "Feature", "properties": { "from_id": "248", "population": 0.0, "gravity_community": 0.21675967734687365, "gravity_education": 5.6824149259344328, "gravity_essential_services": 2.8594656217855627, "gravity_food_and_drink": 7.7841915083055619, "gravity_healthcare": 2.7303317902123299, "gravity_shelter": 18.011807930413799, "avg_gravity": 6.2141619089997597, "min_tt_community": 57.0, "min_tt_education": 9.0, "min_tt_essential_services": 30.0, "min_tt_food_and_drink": 15.0, "min_tt_healthcare": 16.0, "min_tt_shelter": 12.0, "avg_tt_community": 57.0, "avg_tt_education": 26.636363636363637, "avg_tt_essential_services": 39.5, "avg_tt_food_and_drink": 38.15, "avg_tt_healthcare": 39.142857142857146, "avg_tt_shelter": 34.666666666666664, "avg_tt_all": 39.182647907647905, "n_unreachable_categories": 0, "count_community": 1.0, "count_education": 11.0, "count_essential_services": 8.0, "count_food_and_drink": 20.0, "count_healthcare": 7.0, "count_shelter": 42.0, "gravity_community_per_100": 0.0, "gravity_education_per_100": 0.0, "gravity_essential_services_per_100": 0.0, "gravity_food_and_drink_per_100": 0.0, "gravity_healthcare_per_100": 0.0, "gravity_shelter_per_100": 0.0, "shannon": 1.4152597321210134, "kl_divergence": 0.25534025755937934, "jsd": 0.24580266893903907, "city_similarity": 0.75419733106096087 }, "geometry": { "type": "Polygon", "coordinates": [ [ [ 24.791237346680806, 59.393558353407442 ], [ 24.792638929313284, 59.394897153862978 ], [ 24.793441772460938, 59.394340515136726 ], [ 24.7943229675293, 59.393852233886719 ], [ 24.795829772949219, 59.393108367919922 ], [ 24.793577194213867, 59.392032623291016 ], [ 24.793276532298488, 59.391887442195397 ], [ 24.791237346680806, 59.393558353407442 ] ] ] } },
{ "type": "Feature", "properties": { "from_id": "249", "population": 0.0, "gravity_community": 0.0, "gravity_education": 0.99812779106053484, "gravity_essential_services": 0.0, "gravity_food_and_drink": 2.6037498528058838, "gravity_healthcare": 0.35129300098920552, "gravity_shelter": 3.2322697721632898, "avg_gravity": 1.1975734028364857, "min_tt_community": null, "min_tt_education": 38.0, "min_tt_essential_services": null, "min_tt_food_and_drink": 34.0, "min_tt_healthcare": 39.0, "min_tt_shelter": 35.0, "avg_tt_community": null, "avg_tt_education": 53.0, "avg_tt_essential_services": null, "avg_tt_food_and_drink": 50.666666666666664, "avg_tt_healthcare": 39.0, "avg_tt_shelter": 46.636363636363633, "avg_tt_all": 47.325757575757571, "n_unreachable_categories": 2, "count_community": 0.0, "count_education": 4.0, "count_essential_services": 0.0, "count_food_and_drink": 7.0, "count_healthcare": 1.0, "count_shelter": 11.0, "gravity_community_per_100": 0.0, "gravity_education_per_100": 0.0, "gravity_essential_services_per_100": 0.0, "gravity_food_and_drink_per_100": 0.0, "gravity_healthcare_per_100": 0.0, "gravity_shelter_per_100": 0.0, "shannon": 1.155346547395993, "kl_divergence": 0.35636959188823869, "jsd": 0.30811636645791152, "city_similarity": 0.69188363354208848 }, "geometry": { "type": "Polygon", "coordinates": [ [ [ 24.765869884118334, 59.377566691443988 ], [ 24.770011073709959, 59.381527489601574 ], [ 24.77880487376553, 59.381677546597224 ], [ 24.781488240167437, 59.379478873832745 ], [ 24.781259536743164, 59.377803802490227 ], [ 24.781105041503906, 59.37671661376951 ], [ 24.771690368652344, 59.374118804931634 ], [ 24.7698974609375, 59.375286102294915 ], [ 24.769170761108398, 59.376365661621094 ], [ 24.767504160611892, 59.376228066337099 ], [ 24.765869884118334, 59.377566691443988 ] ] ] } },
{ "type": "Feature", "properties": { "from_id": "250", "population": 4.9604593903496825, "gravity_community": 0.0, "gravity_education": 1.3748542419050469, "gravity_essential_services": 2.2867918114368537, "gravity_food_and_drink": 6.0691005612373177, "gravity_healthcare": 2.2773414911737091, "gravity_shelter": 6.3814551366460082, "avg_gravity": 3.0649238737331559, "min_tt_community": null, "min_tt_education": 29.0, "min_tt_essential_services": 51.0, "min_tt_food_and_drink": 29.0, "min_tt_healthcare": 40.0, "min_tt_shelter": 25.0, "avg_tt_community": null, "avg_tt_education": 49.8, "avg_tt_essential_services": 55.1, "avg_tt_food_and_drink": 51.958333333333336, "avg_tt_healthcare": 55.6, "avg_tt_shelter": 47.81818181818182, "avg_tt_all": 52.055303030303037, "n_unreachable_categories": 1, "count_community": 0.0, "count_education": 5.0, "count_essential_services": 10.0, "count_food_and_drink": 24.0, "count_healthcare": 10.0, "count_shelter": 22.0, "gravity_community_per_100": 0.0, "gravity_education_per_100": 27.716268468596976, "gravity_essential_services_per_100": 46.100403843355494, "gravity_food_and_drink_per_100": 122.34956651483608, "gravity_healthcare_per_100": 45.909890838017127, "gravity_shelter_per_100": 128.64645458162201, "shannon": 1.4686641427651086, "kl_divergence": 0.12043868597251721, "jsd": 0.18061723139786526, "city_similarity": 0.81938276860213477 }, "geometry": { "type": "Polygon", "coordinates": [ [ [ 24.765869884118334, 59.377566691443988 ], [ 24.757077225640018, 59.377415769121711 ], [ 24.752423748467688, 59.381225598498247 ], [ 24.756563795943322, 59.385186814684026 ], [ 24.765358463066427, 59.385337783473481 ], [ 24.770011073709959, 59.381527489601574 ], [ 24.765869884118334, 59.377566691443988 ] ] ] } },
{ "type": "Feature", "properties": { "from_id": "251", "population": 0.0, "gravity_community": 0.0, "gravity_education": 3.1582734757834312, "gravity_essential_services": 0.0, "gravity_food_and_drink": 3.141971821998546, "gravity_healthcare": 0.94526126499209928, "gravity_shelter": 7.8833008880221769, "avg_gravity": 2.5214679084660423, "min_tt_community": null, "min_tt_education": 27.0, "min_tt_essential_services": null, "min_tt_food_and_drink": 36.0, "min_tt_healthcare": 50.0, "min_tt_shelter": 33.0, "avg_tt_community": null, "avg_tt_education": 44.6, "avg_tt_essential_services": null, "avg_tt_food_and_drink": 50.0, "avg_tt_healthcare": 54.0, "avg_tt_shelter": 50.56666666666667, "avg_tt_all": 49.791666666666664, "n_unreachable_categories": 2, "count_community": 0.0, "count_education": 10.0, "count_essential_services": 0.0, "count_food_and_drink": 9.0, "count_healthcare": 4.0, "count_shelter": 30.0, "gravity_community_per_100": 0.0, "gravity_education_per_100": 0.0, "gravity_essential_services_per_100": 0.0, "gravity_food_and_drink_per_100": 0.0, "gravity_healthcare_per_100": 0.0, "gravity_shelter_per_100": 0.0, "shannon": 1.1328962387881756, "kl_divergence": 0.5319175035412983, "jsd": 0.36961103309751786, "city_similarity": 0.63038896690248214 }, "geometry": { "type": "Polygon", "coordinates": [ [ [ 24.77880487376553, 59.381677546597224 ], [ 24.782948072105508, 59.38563794366123 ], [ 24.788305704261074, 59.385728897586446 ], [ 24.788036346435547, 59.38543701171875 ], [ 24.786966323852539, 59.384529113769538 ], [ 24.787744522094727, 59.382740020751953 ], [ 24.784126281738281, 59.381015777587891 ], [ 24.781536102294922, 59.379829406738267 ], [ 24.781488240167437, 59.379478873832745 ], [ 24.77880487376553, 59.381677546597224 ] ] ] } },
{ "type": "Feature", "properties": { "from_id": "252", "population": 2.1013340975802421, "gravity_community": 0.0, "gravity_education": 0.28344806502718034, "gravity_essential_services": 0.0, "gravity_food_and_drink": 2.0093622717830506, "gravity_healthcare": 0.26864236148986714, "gravity_shelter": 2.4835833995352359, "avg_gravity": 0.84083934963922236, "min_tt_community": null, "min_tt_education": 47.0, "min_tt_essential_services": null, "min_tt_food_and_drink": 44.0, "min_tt_healthcare": 49.0, "min_tt_shelter": 44.0, "avg_tt_community": null, "avg_tt_education": 47.0, "avg_tt_essential_services": null, "avg_tt_food_and_drink": 51.75, "avg_tt_healthcare": 49.0, "avg_tt_shelter": 52.3, "avg_tt_all": 50.0125, "n_unreachable_categories": 2, "count_community": 0.0, "count_education": 1.0, "count_essential_services": 0.0, "count_food_and_drink": 5.0, "count_healthcare": 1.0, "count_shelter": 10.0, "gravity_community_per_100": 0.0, "gravity_education_per_100": 13.488957579548174, "gravity_essential_services_per_100": 0.0, "gravity_food_and_drink_per_100": 95.623169780421875, "gravity_healthcare_per_100": 12.784371690309406, "gravity_shelter_per_100": 118.19079138320588, "shannon": 1.0053874377028247, "kl_divergence": 0.46376899668704252, "jsd": 0.33865449112206814, "city_similarity": 0.66134550887793186 }, "geometry": { "type": "Polygon", "coordinates": [ [ [ 24.77880487376553, 59.381677546597224 ], [ 24.770011073709959, 59.381527489601574 ], [ 24.765358463066427, 59.385337783473481 ], [ 24.76950051972565, 59.389298598786915 ], [ 24.778296329068489, 59.389448701987362 ], [ 24.782948072105508, 59.38563794366123 ], [ 24.77880487376553, 59.381677546597224 ] ] ] } },
{ "type": "Feature", "properties": { "from_id": "253", "population": 0.0, "gravity_community": 0.0, "gravity_education": 0.36084359193426219, "gravity_essential_services": 2.7266436530612457, "gravity_food_and_drink": 4.3086359322815904, "gravity_healthcare": 0.68270013171873878, "gravity_shelter": 4.2671342291149355, "avg_gravity": 2.0576595896851289, "min_tt_community": null, "min_tt_education": 38.0, "min_tt_essential_services": 54.0, "min_tt_food_and_drink": 40.0, "min_tt_healthcare": 51.0, "min_tt_shelter": 33.0, "avg_tt_community": null, "avg_tt_education": 38.0, "avg_tt_essential_services": 57.25, "avg_tt_food_and_drink": 53.666666666666664, "avg_tt_healthcare": 55.333333333333336, "avg_tt_shelter": 50.25, "avg_tt_all": 50.9, "n_unreachable_categories": 1, "count_community": 0.0, "count_education": 1.0, "count_essential_services": 9.0, "count_food_and_drink": 18.0, "count_healthcare": 3.0, "count_shelter": 16.0, "gravity_community_per_100": 0.0, "gravity_education_per_100": 0.0, "gravity_essential_services_per_100": 0.0, "gravity_food_and_drink_per_100": 0.0, "gravity_healthcare_per_100": 0.0, "gravity_shelter_per_100": 0.0, "shannon": 1.3084674075206086, "kl_divergence": 0.21108995171172748, "jsd": 0.23675049015090463, "city_similarity": 0.76324950984909534 }, "geometry": { "type": "Polygon", "coordinates": [ [ [ 24.765358463066427, 59.385337783473481 ], [ 24.756563795943322, 59.385186814684026 ], [ 24.751909176116211, 59.388996614728072 ], [ 24.756050090016558, 59.392957848195394 ], [ 24.76484676686232, 59.393108863473223 ], [ 24.76950051972565, 59.389298598786915 ], [ 24.765358463066427, 59.385337783473481 ] ] ] } },
{ "type": "Feature", "properties": { "from_id": "254", "population": 0.0, "gravity_community": 0.0, "gravity_education": 4.5289254634520875, "gravity_essential_services": 1.212540623687361, "gravity_food_and_drink": 5.436774928068326, "gravity_healthcare": 1.4376623247049263, "gravity_shelter": 11.899246711503551, "avg_gravity": 4.0858583419027079, "min_tt_community": null, "min_tt_education": 15.0, "min_tt_essential_services": 44.0, "min_tt_food_and_drink": 24.0, "min_tt_healthcare": 30.0, "min_tt_shelter": 21.0, "avg_tt_community": null, "avg_tt_education": 35.272727272727273, "avg_tt_essential_services": 44.5, "avg_tt_food_and_drink": 41.307692307692307, "avg_tt_healthcare": 39.25, "avg_tt_shelter": 40.852941176470587, "avg_tt_all": 40.236672151378031, "n_unreachable_categories": 1, "count_community": 0.0, "count_education": 11.0, "count_essential_services": 4.0, "count_food_and_drink": 14.0, "count_healthcare": 4.0, "count_shelter": 34.0, "gravity_community_per_100": 0.0, "gravity_education_per_100": 0.0, "gravity_essential_services_per_100": 0.0, "gravity_food_and_drink_per_100": 0.0, "gravity_healthcare_per_100": 0.0, "gravity_shelter_per_100": 0.0, "shannon": 1.3045394379637354, "kl_divergence": 0.34910672225202311, "jsd": 0.29218628548235887, "city_similarity": 0.70781371451764108 }, "geometry": { "type": "Polygon", "coordinates": [ [ [ 24.782948072105508, 59.38563794366123 ], [ 24.778296329068489, 59.389448701987362 ], [ 24.78244039555403, 59.393409116091661 ], [ 24.791237346680806, 59.393558353407442 ], [ 24.793276532298488, 59.391887442195397 ], [ 24.791570663452148, 59.391063690185547 ], [ 24.791631698608398, 59.391014099121094 ], [ 24.792009353637695, 59.390708923339844 ], [ 24.791301727294922, 59.390541076660156 ], [ 24.791299819946293, 59.390541076660156 ], [ 24.791206359863281, 59.390098571777365 ], [ 24.791088104248047, 59.389545440673828 ], [ 24.790584564208984, 59.388683319091783 ], [ 24.789222717285156, 59.386722564697251 ], [ 24.788305704261074, 59.385728897586446 ], [ 24.782948072105508, 59.38563794366123 ] ] ] } },
{ "type": "Feature", "properties": { "from_id": "255", "population": 27.58704771144928, "gravity_community": 0.0, "gravity_education": 2.9956585567957106, "gravity_essential_services": 0.89061086147584279, "gravity_food_and_drink": 3.7113886649207082, "gravity_healthcare": 0.87696860589368897, "gravity_shelter": 6.8406720327902386, "avg_gravity": 2.5525497869793647, "min_tt_community": null, "min_tt_education": 26.0, "min_tt_essential_services": 56.0, "min_tt_food_and_drink": 36.0, "min_tt_healthcare": 42.0, "min_tt_shelter": 32.0, "avg_tt_community": null, "avg_tt_education": 42.111111111111114, "avg_tt_essential_services": 56.0, "avg_tt_food_and_drink": 49.6, "avg_tt_healthcare": 46.333333333333336, "avg_tt_shelter": 46.086956521739133, "avg_tt_all": 48.026280193236715, "n_unreachable_categories": 1, "count_community": 0.0, "count_education": 9.0, "count_essential_services": 4.0, "count_food_and_drink": 11.0, "count_healthcare": 3.0, "count_shelter": 23.0, "gravity_community_per_100": 0.0, "gravity_education_per_100": 10.858931293153349, "gravity_essential_services_per_100": 3.2283659737399812, "gravity_food_and_drink_per_100": 13.453373857690448, "gravity_healthcare_per_100": 3.1789143045188055, "gravity_shelter_per_100": 24.796680327453803, "shannon": 1.3698379986919429, "kl_divergence": 0.29788693383730208, "jsd": 0.27296816616050945, "city_similarity": 0.72703183383949055 }, "geometry": { "type": "Polygon", "coordinates": [ [ [ 24.778296329068489, 59.389448701987362 ], [ 24.76950051972565, 59.389298598786915 ], [ 24.76484676686232, 59.393108863473223 ], [ 24.768989691024526, 59.397069695952787 ], [ 24.777787510732995, 59.397219845379148 ], [ 24.78244039555403, 59.393409116091661 ], [ 24.778296329068489, 59.389448701987362 ] ] ] } },
{ "type": "Feature", "properties": { "from_id": "256", "population": 1.5394664938632028, "gravity_community": 0.4425776787160649, "gravity_education": 4.5232498066230118, "gravity_essential_services": 5.0385790650301949, "gravity_food_and_drink": 10.598338275714967, "gravity_healthcare": 3.3721911165953187, "gravity_shelter": 14.869829707094221, "avg_gravity": 6.4741276082956292, "min_tt_community": 52.0, "min_tt_education": 24.0, "min_tt_essential_services": 39.0, "min_tt_food_and_drink": 24.0, "min_tt_healthcare": 25.0, "min_tt_shelter": 9.0, "avg_tt_community": 56.5, "avg_tt_education": 41.307692307692307, "avg_tt_essential_services": 50.0, "avg_tt_food_and_drink": 51.075, "avg_tt_healthcare": 49.666666666666664, "avg_tt_shelter": 42.93181818181818, "avg_tt_all": 48.580196192696185, "n_unreachable_categories": 0, "count_community": 2.0, "count_education": 13.0, "count_essential_services": 16.0, "count_food_and_drink": 40.0, "count_healthcare": 12.0, "count_shelter": 44.0, "gravity_community_per_100": 28.748769816057617, "gravity_education_per_100": 293.81930848473201, "gravity_essential_services_per_100": 327.29384401125679, "gravity_food_and_drink_per_100": 688.44228295732796, "gravity_healthcare_per_100": 219.04933495064247, "gravity_shelter_per_100": 965.90797957409484, "shannon": 1.5137110445018807, "kl_divergence": 0.10455031215519565, "jsd": 0.15867163784577323, "city_similarity": 0.84132836215422679 }, "geometry": { "type": "Polygon", "coordinates": [ [ [ 24.791237346680806, 59.393558353407442 ], [ 24.78244039555403, 59.393409116091661 ], [ 24.777787510732995, 59.397219845379148 ], [ 24.781932445800297, 59.401180276533957 ], [ 24.789810366220362, 59.401313961263263 ], [ 24.789949417114261, 59.400943756103516 ], [ 24.790063858032227, 59.400730133056641 ], [ 24.790355682373047, 59.400348663330092 ], [ 24.791959762573242, 59.398872375488281 ], [ 24.792181015014648, 59.398590087890639 ], [ 24.792575836181644, 59.398059844970689 ], [ 24.792642593383789, 59.397674560546868 ], [ 24.792524337768555, 59.395896911621094 ], [ 24.79240608215332, 59.395553588867188 ], [ 24.792375564575199, 59.395332336425788 ], [ 24.792453765869141, 59.395084381103501 ], [ 24.792583465576172, 59.394935607910156 ], [ 24.792638929313284, 59.394897153862978 ], [ 24.791237346680806, 59.393558353407442 ] ] ] } },
{ "type": "Feature", "properties": { "from_id": "257", "population": 0.51656050836688017, "gravity_community": 1.3078720518360458, "gravity_education": 4.203090029396761, "gravity_essential_services": 6.5086969889969639, "gravity_food_and_drink": 20.938001597973056, "gravity_healthcare": 8.4354983983408705, "gravity_shelter": 8.9441859130785346, "avg_gravity": 8.3895574966037056, "min_tt_community": 54.0, "min_tt_education": 44.0, "min_tt_essential_services": 41.0, "min_tt_food_and_drink": 35.0, "min_tt_healthcare": 41.0, "min_tt_shelter": 39.0, "avg_tt_community": 56.833333333333336, "avg_tt_education": 56.421052631578945, "avg_tt_essential_services": 53.565217391304351, "avg_tt_food_and_drink": 54.303370786516851, "avg_tt_healthcare": 53.571428571428569, "avg_tt_shelter": 55.230769230769234, "avg_tt_all": 54.987528657488546, "n_unreachable_categories": 0, "count_community": 6.0, "count_education": 19.0, "count_essential_services": 24.0, "count_food_and_drink": 89.0, "count_healthcare": 35.0, "count_shelter": 39.0, "gravity_community_per_100": 253.18854822466358, "gravity_education_per_100": 813.66847858442418, "gravity_essential_services_per_100": 1260.0066949706209, "gravity_food_and_drink_per_100": 4053.3492705760855, "gravity_healthcare_per_100": 1633.0126406700977, "gravity_shelter_per_100": 1731.4885222944774, "shannon": 1.5369027252991261, "kl_divergence": 0.023699354299785598, "jsd": 0.075334740626651797, "city_similarity": 0.9246652593733482 }, "geometry": { "type": "Polygon", "coordinates": [ [ [ 24.76484676686232, 59.393108863473223 ], [ 24.756050090016558, 59.392957848195394 ], [ 24.751394326891383, 59.396767618895929 ], [ 24.755536107651324, 59.400728869655133 ], [ 24.764334795298403, 59.400879931442596 ], [ 24.768989691024526, 59.397069695952787 ], [ 24.76484676686232, 59.393108863473223 ] ] ] } },
{ "type": "Feature", "properties": { "from_id": "258", "population": 198.2544387035625, "gravity_community": 0.22870596721658404, "gravity_education": 3.0260605585200135, "gravity_essential_services": 2.5752070162289278, "gravity_food_and_drink": 6.987244885153217, "gravity_healthcare": 1.7596236797781382, "gravity_shelter": 9.6934762453774024, "avg_gravity": 4.0450530587123801, "min_tt_community": 55.0, "min_tt_education": 38.0, "min_tt_essential_services": 43.0, "min_tt_food_and_drink": 36.0, "min_tt_healthcare": 35.0, "min_tt_shelter": 19.0, "avg_tt_community": 55.0, "avg_tt_education": 49.0, "avg_tt_essential_services": 47.0, "avg_tt_food_and_drink": 51.0, "avg_tt_healthcare": 46.833333333333336, "avg_tt_shelter": 43.93333333333333, "avg_tt_all": 48.794444444444444, "n_unreachable_categories": 0, "count_community": 1.0, "count_education": 11.0, "count_essential_services": 9.0, "count_food_and_drink": 24.0, "count_healthcare": 6.0, "count_shelter": 30.0, "gravity_community_per_100": 0.11535982180885938, "gravity_education_per_100": 1.5263519840000623, "gravity_essential_services_per_100": 1.2989404086329055, "gravity_food_and_drink_per_100": 3.5243825716309982, "gravity_healthcare_per_100": 0.88755827677038479, "gravity_shelter_per_100": 4.8894119641232612, "shannon": 1.4906017555311157, "kl_divergence": 0.13449920333966153, "jsd": 0.18052824842990006, "city_similarity": 0.81947175157009999 }, "geometry": { "type": "Polygon", "coordinates": [ [ [ 24.777787510732995, 59.397219845379148 ], [ 24.768989691024526, 59.397069695952787 ], [ 24.764334795298403, 59.400879931442596 ], [ 24.768478587399276, 59.404840781098528 ], [ 24.777278418552566, 59.40499097677192 ], [ 24.781932445800297, 59.401180276533957 ], [ 24.777787510732995, 59.397219845379148 ] ] ] } },
{ "type": "Feature", "properties": { "from_id": "259", "population": 32.6594489484429, "gravity_community": 20.70602374414414, "gravity_education": 63.230085299446003, "gravity_essential_services": 62.893133051081143, "gravity_food_and_drink": 352.61747888400839, "gravity_healthcare": 69.774318334176272, "gravity_shelter": 121.65294177515264, "avg_gravity": 115.1456635146681, "min_tt_community": 21.0, "min_tt_education": 15.0, "min_tt_essential_services": 11.0, "min_tt_food_and_drink": 6.0, "min_tt_healthcare": 12.0, "min_tt_shelter": 6.0, "avg_tt_community": 45.264705882352942, "avg_tt_education": 46.344339622641506, "avg_tt_essential_services": 43.65625, "avg_tt_food_and_drink": 42.653271028037381, "avg_tt_healthcare": 44.946428571428569, "avg_tt_shelter": 45.94191919191919, "avg_tt_all": 44.801152382729924, "n_unreachable_categories": 0, "count_community": 68.0, "count_education": 212.0, "count_essential_services": 192.0, "count_food_and_drink": 1071.0, "count_healthcare": 224.0, "count_shelter": 396.0, "gravity_community_per_100": 63.39979519198635, "gravity_education_per_100": 193.60426258037219, "gravity_essential_services_per_100": 192.5725481479065, "gravity_food_and_drink_per_100": 1079.6798177478743, "gravity_healthcare_per_100": 213.64205637493737, "gravity_shelter_per_100": 372.48926632901032, "shannon": 1.445095415390371, "kl_divergence": 0.0011928431363397291, "jsd": 0.017339852071686451, "city_similarity": 0.98266014792831358 }, "geometry": { "type": "Polygon", "coordinates": [ [ [ 24.807827417481572, 59.409397633635891 ], [ 24.816628663158401, 59.409545183733037 ], [ 24.817136589383093, 59.409128854972188 ], [ 24.814657211303711, 59.407855987548828 ], [ 24.814775466918945, 59.407791137695298 ], [ 24.816072463989258, 59.407135009765625 ], [ 24.815860748291016, 59.406799316406271 ], [ 24.814985275268555, 59.404926300048828 ], [ 24.813625335693359, 59.402336120605455 ], [ 24.812911987304688, 59.402488708496094 ], [ 24.812784194946293, 59.402439117431648 ], [ 24.810943603515625, 59.403907775878906 ], [ 24.810319900512695, 59.404438018798835 ], [ 24.809902191162109, 59.404777526855462 ], [ 24.80946159362793, 59.404350280761726 ], [ 24.8079833984375, 59.405540466308594 ], [ 24.806686401367188, 59.406646728515632 ], [ 24.80706787109375, 59.407100677490234 ], [ 24.806211471557617, 59.407779693603509 ], [ 24.806129167601977, 59.407777007177792 ], [ 24.807827417481572, 59.409397633635891 ] ] ] } },
{ "type": "Feature", "properties": { "from_id": "260", "population": 80.935322088546002, "gravity_community": 12.664485827771809, "gravity_education": 37.649983429107429, "gravity_essential_services": 43.045792838551996, "gravity_food_and_drink": 237.15265817913283, "gravity_healthcare": 43.483698016511156, "gravity_shelter": 76.289614441614702, "avg_gravity": 75.047705455448309, "min_tt_community": 22.0, "min_tt_education": 26.0, "min_tt_essential_services": 13.0, "min_tt_food_and_drink": 13.0, "min_tt_healthcare": 16.0, "min_tt_shelter": 6.0, "avg_tt_community": 50.479166666666664, "avg_tt_education": 49.99290780141844, "avg_tt_essential_services": 45.858156028368796, "avg_tt_food_and_drink": 49.053488372093021, "avg_tt_healthcare": 47.980392156862742, "avg_tt_shelter": 47.232558139534881, "avg_tt_all": 48.432778194157429, "n_unreachable_categories": 0, "count_community": 48.0, "count_education": 141.0, "count_essential_services": 141.0, "count_food_and_drink": 861.0, "count_healthcare": 153.0, "count_shelter": 258.0, "gravity_community_per_100": 15.647662233204471, "gravity_education_per_100": 46.518605792310389, "gravity_essential_services_per_100": 53.185422294926354, "gravity_food_and_drink_per_100": 293.01502985270105, "gravity_healthcare_per_100": 53.726478000468703, "gravity_shelter_per_100": 94.259975092396942, "shannon": 1.3849957183538526, "kl_divergence": 0.0082855568112330698, "jsd": 0.045713633694995259, "city_similarity": 0.95428636630500474 }, "geometry": { "type": "Polygon", "coordinates": [ [ [ 24.790225196861225, 59.409100754250844 ], [ 24.794373013574919, 59.413060800688761 ], [ 24.803175130430645, 59.413209263246152 ], [ 24.807827417481572, 59.409397633635891 ], [ 24.806129167601977, 59.407777007177792 ], [ 24.801889419555664, 59.407638549804695 ], [ 24.799060821533203, 59.407585144042955 ], [ 24.795747756958008, 59.407554626464837 ], [ 24.794658660888672, 59.40667724609375 ], [ 24.794010162353519, 59.40600204467772 ], [ 24.794009537064671, 59.406001272168403 ], [ 24.790225196861225, 59.409100754250844 ] ] ] } },
{ "type": "Feature", "properties": { "from_id": "261", "population": 0.40204987164285055, "gravity_community": 4.8748804989877641, "gravity_education": 14.251754445616381, "gravity_essential_services": 22.396940837704843, "gravity_food_and_drink": 113.85161167256044, "gravity_healthcare": 19.320394119937102, "gravity_shelter": 32.175789884624557, "avg_gravity": 34.478561909905181, "min_tt_community": 40.0, "min_tt_education": 37.0, "min_tt_essential_services": 33.0, "min_tt_food_and_drink": 20.0, "min_tt_healthcare": 34.0, "min_tt_shelter": 21.0, "avg_tt_community": 54.761904761904759, "avg_tt_education": 53.254237288135592, "avg_tt_essential_services": 50.197530864197532, "avg_tt_food_and_drink": 53.408898305084747, "avg_tt_healthcare": 51.935064935064936, "avg_tt_shelter": 49.72268907563025, "avg_tt_all": 52.213387538336292, "n_unreachable_categories": 0, "count_community": 21.0, "count_education": 59.0, "count_essential_services": 82.0, "count_food_and_drink": 472.0, "count_healthcare": 77.0, "count_shelter": 119.0, "gravity_community_per_100": 1212.5064184371197, "gravity_education_per_100": 3544.7727883560965, "gravity_essential_services_per_100": 5570.6872249919588, "gravity_food_and_drink_per_100": 28317.783365367479, "gravity_healthcare_per_100": 4805.4720278831028, "gravity_shelter_per_100": 8002.9349973793787, "shannon": 1.3296866015213222, "kl_divergence": 0.024066567401112599, "jsd": 0.078466408565051785, "city_similarity": 0.92153359143494817 }, "geometry": { "type": "Polygon", "coordinates": [ [ [ 24.816628663158401, 59.409545183733037 ], [ 24.820779634797432, 59.413504408890567 ], [ 24.829582021587743, 59.413651091953149 ], [ 24.832828160680663, 59.410989312742949 ], [ 24.831462860107422, 59.411170959472656 ], [ 24.824789047241211, 59.411994934082017 ], [ 24.820379257202148, 59.410263061523445 ], [ 24.820232391357422, 59.41017913818358 ], [ 24.819282531738285, 59.409648895263679 ], [ 24.819051742553711, 59.409515380859361 ], [ 24.818349838256836, 59.40911483764647 ], [ 24.817651748657227, 59.409393310546889 ], [ 24.817136589383093, 59.409128854972188 ], [ 24.816628663158401, 59.409545183733037 ] ] ] } },
{ "type": "Feature", "properties": { "from_id": "262", "population": 5.5770058333655337, "gravity_community": 4.8748804989877641, "gravity_education": 14.289875694322649, "gravity_essential_services": 22.470650946799012, "gravity_food_and_drink": 113.93929062689253, "gravity_healthcare": 19.346727691563096, "gravity_shelter": 32.724541783164916, "avg_gravity": 34.607661206954994, "min_tt_community": 40.0, "min_tt_education": 36.0, "min_tt_essential_services": 32.0, "min_tt_food_and_drink": 20.0, "min_tt_healthcare": 33.0, "min_tt_shelter": 21.0, "avg_tt_community": 54.761904761904759, "avg_tt_education": 53.16949152542373, "avg_tt_essential_services": 50.111111111111114, "avg_tt_food_and_drink": 53.389830508474574, "avg_tt_healthcare": 51.896103896103895, "avg_tt_shelter": 49.752066115702476, "avg_tt_all": 52.180084653120083, "n_unreachable_categories": 0, "count_community": 21.0, "count_education": 59.0, "count_essential_services": 82.0, "count_food_and_drink": 472.0, "count_healthcare": 77.0, "count_shelter": 121.0, "gravity_community_per_100": 87.410353236907753, "gravity_education_per_100": 256.2284516331444, "gravity_essential_services_per_100": 402.91603807125182, "gravity_food_and_drink_per_100": 2043.0190326362638, "gravity_healthcare_per_100": 346.90169366181209, "gravity_shelter_per_100": 586.7761799240717, "shannon": 1.3311420409063626, "kl_divergence": 0.023412760889584654, "jsd": 0.077402083855853204, "city_similarity": 0.92259791614414677 }, "geometry": { "type": "Polygon", "coordinates": [ [ [ 24.816628663158401, 59.409545183733037 ], [ 24.807827417481572, 59.409397633635891 ], [ 24.803175130430645, 59.413209263246152 ], [ 24.80732496041562, 59.417168907569078 ], [ 24.816128219465948, 59.41731650312461 ], [ 24.820779634797432, 59.413504408890567 ], [ 24.816628663158401, 59.409545183733037 ] ] ] } },
{ "type": "Feature", "properties": { "from_id": "263", "population": 13.653172814734653, "gravity_community": 8.8145315934825739, "gravity_education": 28.994000448101804, "gravity_essential_services": 34.902664356113526, "gravity_food_and_drink": 164.76118173141933, "gravity_healthcare": 36.300782682118886, "gravity_shelter": 61.135332068675709, "avg_gravity": 55.818082146651967, "min_tt_community": 27.0, "min_tt_education": 31.0, "min_tt_essential_services": 6.0, "min_tt_food_and_drink": 26.0, "min_tt_healthcare": 29.0, "min_tt_shelter": 13.0, "avg_tt_community": 52.285714285714285, "avg_tt_education": 52.504273504273506, "avg_tt_essential_services": 48.936507936507937, "avg_tt_food_and_drink": 52.407914764079145, "avg_tt_healthcare": 51.269503546099294, "avg_tt_shelter": 48.904109589041099, "avg_tt_all": 51.051337270952537, "n_unreachable_categories": 0, "count_community": 35.0, "count_education": 117.0, "count_essential_services": 126.0, "count_food_and_drink": 658.0, "count_healthcare": 141.0, "count_shelter": 219.0, "gravity_community_per_100": 64.560316587876457, "gravity_education_per_100": 212.36089838994175, "gravity_essential_services_per_100": 255.63775416690095, "gravity_food_and_drink_per_100": 1206.7611240781137, "gravity_healthcare_per_100": 265.87799901677568, "gravity_shelter_per_100": 447.77380978213205, "shannon": 1.4271754154349241, "kl_divergence": 0.0050006068302989697, "jsd": 0.035553729900100639, "city_similarity": 0.96444627009989936 }, "geometry": { "type": "Polygon", "coordinates": [ [ [ 24.829582021587743, 59.413651091953149 ], [ 24.820779634797432, 59.413504408890567 ], [ 24.816128219465948, 59.41731650312461 ], [ 24.82028006336505, 59.42127574499505 ], [ 24.829084464171153, 59.421422473252889 ], [ 24.833735006701822, 59.417609914436831 ], [ 24.829582021587743, 59.413651091953149 ] ] ] } },
{ "type": "Feature", "properties": { "from_id": "264", "population": 0.82717991398466328, "gravity_community": 26.803227650712842, "gravity_education": 88.672958086449611, "gravity_essential_services": 80.719301032376165, "gravity_food_and_drink": 429.15777315526316, "gravity_healthcare": 94.012081894523973, "gravity_shelter": 168.50376985314199, "avg_gravity": 147.9781852787446, "min_tt_community": 7.0, "min_tt_education": 12.0, "min_tt_essential_services": 2.0, "min_tt_food_and_drink": 3.0, "min_tt_healthcare": 5.0, "min_tt_shelter": 2.0, "avg_tt_community": 42.629629629629626, "avg_tt_education": 43.877697841726622, "avg_tt_essential_services": 39.852017937219728, "avg_tt_food_and_drink": 39.340909090909093, "avg_tt_healthcare": 41.706521739130437, "avg_tt_shelter": 41.785425101214578, "avg_tt_all": 41.532033556638346, "n_unreachable_categories": 0, "count_community": 81.0, "count_education": 278.0, "count_essential_services": 223.0, "count_food_and_drink": 1189.0, "count_healthcare": 276.0, "count_shelter": 494.0, "gravity_community_per_100": 3240.3141320969985, "gravity_education_per_100": 10719.911906382884, "gravity_essential_services_per_100": 9758.3729570436335, "gravity_food_and_drink_per_100": 51882.03508084944, "gravity_healthcare_per_100": 11365.372914055919, "gravity_shelter_per_100": 20370.873011341788, "shannon": 1.4803509730645703, "kl_divergence": 0.00052932876545571522, "jsd": 0.011483874118368275, "city_similarity": 0.98851612588163174 }, "geometry": { "type": "Polygon", "coordinates": [ [ [ 24.803175130430645, 59.413209263246152 ], [ 24.794373013574919, 59.413060800688761 ], [ 24.789718713252721, 59.416871936720298 ], [ 24.793867400502371, 59.420832000113343 ], [ 24.802671531170017, 59.420980508413066 ], [ 24.80732496041562, 59.417168907569078 ], [ 24.803175130430645, 59.413209263246152 ] ] ] } },
{ "type": "Feature", "properties": { "from_id": "265", "population": 6.0112622538592335, "gravity_community": 26.793660795179964, "gravity_education": 92.645554899215227, "gravity_essential_services": 84.96045676080287, "gravity_food_and_drink": 429.97113886923631, "gravity_healthcare": 98.441638790469668, "gravity_shelter": 176.06226433149263, "avg_gravity": 151.47911907439945, "min_tt_community": 4.0, "min_tt_education": 13.0, "min_tt_essential_services": 13.0, "min_tt_food_and_drink": 6.0, "min_tt_healthcare": 5.0, "min_tt_shelter": 4.0, "avg_tt_community": 41.974683544303801, "avg_tt_education": 41.934782608695649, "avg_tt_essential_services": 37.784753363228702, "avg_tt_food_and_drink": 39.03544303797468, "avg_tt_healthcare": 40.151624548736464, "avg_tt_shelter": 40.204453441295549, "avg_tt_all": 40.180956757372478, "n_unreachable_categories": 0, "count_community": 79.0, "count_education": 276.0, "count_essential_services": 223.0, "count_food_and_drink": 1185.0, "count_healthcare": 277.0, "count_shelter": 494.0, "gravity_community_per_100": 445.72436975243289, "gravity_education_per_100": 1541.1996846375607, "gravity_essential_services_per_100": 1413.3546861353157, "gravity_food_and_drink_per_100": 7152.7596153901723, "gravity_healthcare_per_100": 1637.6200976304115, "gravity_shelter_per_100": 2928.8734528003756, "shannon": 1.4796392421759643, "kl_divergence": 0.00062199921740222451, "jsd": 0.012453572472436844, "city_similarity": 0.98754642752756316 }, "geometry": { "type": "Polygon", "coordinates": [ [ [ 24.816128219465948, 59.41731650312461 ], [ 24.80732496041562, 59.417168907569078 ], [ 24.802671531170017, 59.420980508413066 ], [ 24.806822232772369, 59.424940169575116 ], [ 24.815627506277721, 59.425087810609845 ], [ 24.82028006336505, 59.42127574499505 ], [ 24.816128219465948, 59.41731650312461 ] ] ] } },
{ "type": "Feature", "properties": { "from_id": "266", "population": 1.4520595050449747, "gravity_community": 20.600284054347803, "gravity_education": 66.604038384793412, "gravity_essential_services": 64.672429395301066, "gravity_food_and_drink": 342.97420244854447, "gravity_healthcare": 73.990054627116706, "gravity_shelter": 123.31038286777596, "avg_gravity": 115.35856529631324, "min_tt_community": 16.0, "min_tt_education": 24.0, "min_tt_essential_services": 21.0, "min_tt_food_and_drink": 14.0, "min_tt_healthcare": 21.0, "min_tt_shelter": 6.0, "avg_tt_community": 46.260869565217391, "avg_tt_education": 46.125560538116595, "avg_tt_essential_services": 43.346938775510203, "avg_tt_food_and_drink": 43.881215469613259, "avg_tt_healthcare": 45.442148760330582, "avg_tt_shelter": 46.009852216748769, "avg_tt_all": 45.177764220922803, "n_unreachable_categories": 0, "count_community": 69.0, "count_education": 223.0, "count_essential_services": 197.0, "count_food_and_drink": 1086.0, "count_healthcare": 242.0, "count_shelter": 406.0, "gravity_community_per_100": 1418.6942052150782, "gravity_education_per_100": 4586.8670087821565, "gravity_essential_services_per_100": 4453.8415382156099, "gravity_food_and_drink_per_100": 23619.844865649738, "gravity_healthcare_per_100": 5095.5249678163163, "gravity_shelter_per_100": 8492.1025921700548, "shannon": 1.4551218393080803, "kl_divergence": 0.00071649488375717749, "jsd": 0.013430419238735206, "city_similarity": 0.98656958076126477 }, "geometry": { "type": "Polygon", "coordinates": [ [ [ 24.829084464171153, 59.421422473252889 ], [ 24.82028006336505, 59.42127574499505 ], [ 24.815627506277721, 59.425087810609845 ], [ 24.819780222876137, 59.429047069203286 ], [ 24.82858663878006, 59.429193842677044 ], [ 24.833238322626933, 59.425381312333215 ], [ 24.829084464171153, 59.421422473252889 ] ] ] } },
{ "type": "Feature", "properties": { "from_id": "267", "population": 4.6987592632631205, "gravity_community": 0.57584291708930346, "gravity_education": 4.3435441348649242, "gravity_essential_services": 7.3071130238915334, "gravity_food_and_drink": 17.159988036551905, "gravity_healthcare": 4.201246913497271, "gravity_shelter": 18.487200383425559, "avg_gravity": 8.6791559015534165, "min_tt_community": 44.0, "min_tt_education": 27.0, "min_tt_essential_services": 32.0, "min_tt_food_and_drink": 27.0, "min_tt_healthcare": 27.0, "min_tt_shelter": 11.0, "avg_tt_community": 46.5, "avg_tt_education": 41.92307692307692, "avg_tt_essential_services": 48.807692307692307, "avg_tt_food_and_drink": 48.689655172413794, "avg_tt_healthcare": 46.428571428571431, "avg_tt_shelter": 43.892857142857146, "avg_tt_all": 46.040308829101939, "n_unreachable_categories": 0, "count_community": 2.0, "count_education": 13.0, "count_essential_services": 26.0, "count_food_and_drink": 59.0, "count_healthcare": 14.0, "count_shelter": 56.0, "gravity_community_per_100": 12.255212170401791, "gravity_education_per_100": 92.440235634640445, "gravity_essential_services_per_100": 155.51154282411574, "gravity_food_and_drink_per_100": 365.20253699132707, "gravity_healthcare_per_100": 89.411835723195892, "gravity_shelter_per_100": 393.44855413143381, "shannon": 1.474725776141822, "kl_divergence": 0.1074590720978135, "jsd": 0.16085295272728486, "city_similarity": 0.83914704727271516 }, "geometry": { "type": "Polygon", "coordinates": [ [ [ 24.781932445800297, 59.401180276533957 ], [ 24.777278418552566, 59.40499097677192 ], [ 24.781424222638119, 59.408951424987507 ], [ 24.790225196861225, 59.409100754250844 ], [ 24.794009537064671, 59.406001272168403 ], [ 24.793386459350586, 59.405231475830071 ], [ 24.792331695556641, 59.404201507568366 ], [ 24.791494369506836, 59.403526306152351 ], [ 24.790206909179688, 59.40278244018554 ], [ 24.789955139160156, 59.40260314941407 ], [ 24.789724349975586, 59.402347564697266 ], [ 24.789628982543945, 59.402172088623047 ], [ 24.789628982543945, 59.401905059814439 ], [ 24.789655685424805, 59.401725769042969 ], [ 24.789810366220362, 59.401313961263263 ], [ 24.781932445800297, 59.401180276533957 ] ] ] } },
{ "type": "Feature", "properties": { "from_id": "268", "population": 0.0, "gravity_community": 7.4181274133978663, "gravity_education": 38.289917747422898, "gravity_essential_services": 34.859362674445251, "gravity_food_and_drink": 128.27510877685287, "gravity_healthcare": 43.833262979978208, "gravity_shelter": 77.278515831115214, "avg_gravity": 54.992382570535391, "min_tt_community": 40.0, "min_tt_education": 37.0, "min_tt_essential_services": 35.0, "min_tt_food_and_drink": 24.0, "min_tt_healthcare": 31.0, "min_tt_shelter": 22.0, "avg_tt_community": 52.533333333333331, "avg_tt_education": 51.58278145695364, "avg_tt_essential_services": 50.94814814814815, "avg_tt_food_and_drink": 51.701195219123505, "avg_tt_healthcare": 50.654761904761905, "avg_tt_shelter": 48.7508896797153, "avg_tt_all": 51.028518290339299, "n_unreachable_categories": 0, "count_community": 30.0, "count_education": 151.0, "count_essential_services": 135.0, "count_food_and_drink": 503.0, "count_healthcare": 168.0, "count_shelter": 281.0, "gravity_community_per_100": 0.0, "gravity_education_per_100": 0.0, "gravity_essential_services_per_100": 0.0, "gravity_food_and_drink_per_100": 0.0, "gravity_healthcare_per_100": 0.0, "gravity_shelter_per_100": 0.0, "shannon": 1.5489676355898963, "kl_divergence": 0.018471508606388565, "jsd": 0.067988983606056375, "city_similarity": 0.93201101639394368 }, "geometry": { "type": "Polygon", "coordinates": [ [ [ 24.764334795298403, 59.400879931442596 ], [ 24.755536107651324, 59.400728869655133 ], [ 24.750879200584286, 59.404538611001144 ], [ 24.755021848638993, 59.408499879062539 ], [ 24.763822548166871, 59.408650987380923 ], [ 24.768478587399276, 59.404840781098528 ], [ 24.764334795298403, 59.400879931442596 ] ] ] } },
{ "type": "Feature", "properties": { "from_id": "269", "population": 1.4829438877868744, "gravity_community": 13.930206875020328, "gravity_education": 47.525674373232562, "gravity_essential_services": 42.052478623947955, "gravity_food_and_drink": 224.37311632955331, "gravity_healthcare": 52.693611232747358, "gravity_shelter": 90.450988801665162, "avg_gravity": 78.50434603936111, "min_tt_community": 39.0, "min_tt_education": 34.0, "min_tt_essential_services": 32.0, "min_tt_food_and_drink": 15.0, "min_tt_healthcare": 28.0, "min_tt_shelter": 16.0, "avg_tt_community": 52.25, "avg_tt_education": 49.932960893854748, "avg_tt_essential_services": 49.810126582278478, "avg_tt_food_and_drink": 51.266818700114023, "avg_tt_healthcare": 49.358974358974358, "avg_tt_shelter": 47.231746031746034, "avg_tt_all": 49.975104427827944, "n_unreachable_categories": 0, "count_community": 56.0, "count_education": 179.0, "count_essential_services": 158.0, "count_food_and_drink": 877.0, "count_healthcare": 195.0, "count_shelter": 315.0, "gravity_community_per_100": 939.36169734713178, "gravity_education_per_100": 3204.8194651625854, "gravity_essential_services_per_100": 2835.7430763416482, "gravity_food_and_drink_per_100": 15130.249915551743, "gravity_healthcare_per_100": 3553.3111985367564, "gravity_shelter_per_100": 6099.4208578352218, "shannon": 1.4522654436289359, "kl_divergence": 0.00093317801807942663, "jsd": 0.015312510295532249, "city_similarity": 0.98468748970446773 }, "geometry": { "type": "Polygon", "coordinates": [ [ [ 24.777278418552566, 59.40499097677192 ], [ 24.768478587399276, 59.404840781098528 ], [ 24.763822548166871, 59.408650987380923 ], [ 24.767967208642396, 59.412611854223506 ], [ 24.776769052320493, 59.412762096165103 ], [ 24.781424222638119, 59.408951424987507 ], [ 24.777278418552566, 59.40499097677192 ] ] ] } },
{ "type": "Feature", "properties": { "from_id": "270", "population": 0.0, "gravity_community": 9.1390757653919632, "gravity_education": 25.765959856680027, "gravity_essential_services": 34.387332929636187, "gravity_food_and_drink": 172.34483457572813, "gravity_healthcare": 34.286917967442456, "gravity_shelter": 54.906473032416201, "avg_gravity": 55.13843235454916, "min_tt_community": 28.0, "min_tt_education": 29.0, "min_tt_essential_services": 26.0, "min_tt_food_and_drink": 23.0, "min_tt_healthcare": 26.0, "min_tt_shelter": 18.0, "avg_tt_community": 52.864864864864863, "avg_tt_education": 52.233009708737868, "avg_tt_essential_services": 48.780487804878049, "avg_tt_food_and_drink": 51.686943620178042, "avg_tt_healthcare": 50.786259541984734, "avg_tt_shelter": 49.901477832512313, "avg_tt_all": 51.04217389552597, "n_unreachable_categories": 0, "count_community": 37.0, "count_education": 103.0, "count_essential_services": 123.0, "count_food_and_drink": 674.0, "count_healthcare": 131.0, "count_shelter": 203.0, "gravity_community_per_100": 0.0, "gravity_education_per_100": 0.0, "gravity_essential_services_per_100": 0.0, "gravity_food_and_drink_per_100": 0.0, "gravity_healthcare_per_100": 0.0, "gravity_shelter_per_100": 0.0, "shannon": 1.396159994084557, "kl_divergence": 0.0098231167553791722, "jsd": 0.050010728761092672, "city_similarity": 0.94998927123890731 }, "geometry": { "type": "Polygon", "coordinates": [ [ [ 24.790225196861225, 59.409100754250844 ], [ 24.781424222638119, 59.408951424987507 ], [ 24.776769052320493, 59.412762096165103 ], [ 24.780915725861096, 59.416722561451607 ], [ 24.789718713252721, 59.416871936720298 ], [ 24.794373013574919, 59.413060800688761 ], [ 24.790225196861225, 59.409100754250844 ] ] ] } },
{ "type": "Feature", "properties": { "from_id": "271", "population": 12.010784836004678, "gravity_community": 22.537965155047392, "gravity_education": 83.646655500788512, "gravity_essential_services": 70.53107248158588, "gravity_food_and_drink": 374.38215272768457, "gravity_healthcare": 89.228211154870934, "gravity_shelter": 144.30895601240539, "avg_gravity": 130.77250217206378, "min_tt_community": 21.0, "min_tt_education": 19.0, "min_tt_essential_services": 19.0, "min_tt_food_and_drink": 6.0, "min_tt_healthcare": 13.0, "min_tt_shelter": 4.0, "avg_tt_community": 45.324324324324323, "avg_tt_education": 44.62081784386617, "avg_tt_essential_services": 42.188679245283019, "avg_tt_food_and_drink": 43.453299057412167, "avg_tt_healthcare": 42.723880597014926, "avg_tt_shelter": 42.981859410430836, "avg_tt_all": 43.548810079721903, "n_unreachable_categories": 0, "count_community": 74.0, "count_education": 269.0, "count_essential_services": 212.0, "count_food_and_drink": 1167.0, "count_healthcare": 269.0, "count_shelter": 441.0, "gravity_community_per_100": 187.64773045875762, "gravity_education_per_100": 696.42955596075035, "gravity_essential_services_per_100": 587.23117135655605, "gravity_food_and_drink_per_100": 3117.0498667614193, "gravity_healthcare_per_100": 742.90075439027021, "gravity_shelter_per_100": 1201.4948063994207, "shannon": 1.4679748957770338, "kl_divergence": 0.00028288343850869316, "jsd": 0.0084355811492375556, "city_similarity": 0.99156441885076241 }, "geometry": { "type": "Polygon", "coordinates": [ [ [ 24.763822548166871, 59.408650987380923 ], [ 24.755021848638993, 59.408499879062539 ], [ 24.750363796985781, 59.412309591043041 ], [ 24.754507312770727, 59.416270876416959 ], [ 24.763310025259699, 59.416422031287503 ], [ 24.767967208642396, 59.412611854223506 ], [ 24.763822548166871, 59.408650987380923 ] ] ] } },
{ "type": "Feature", "properties": { "from_id": "272", "population": 0.0, "gravity_community": 19.651694741396195, "gravity_education": 70.716880960980049, "gravity_essential_services": 62.00694922098026, "gravity_food_and_drink": 320.32649242667287, "gravity_healthcare": 75.675812881752421, "gravity_shelter": 126.60975963271024, "avg_gravity": 112.49793164408202, "min_tt_community": 22.0, "min_tt_education": 26.0, "min_tt_essential_services": 22.0, "min_tt_food_and_drink": 8.0, "min_tt_healthcare": 24.0, "min_tt_shelter": 10.0, "avg_tt_community": 47.753623188405797, "avg_tt_education": 46.485477178423238, "avg_tt_essential_services": 44.065989847715734, "avg_tt_food_and_drink": 45.992551210428303, "avg_tt_healthcare": 44.693877551020407, "avg_tt_shelter": 44.16708229426434, "avg_tt_all": 45.52643354504297, "n_unreachable_categories": 0, "count_community": 69.0, "count_education": 241.0, "count_essential_services": 197.0, "count_food_and_drink": 1074.0, "count_healthcare": 245.0, "count_shelter": 401.0, "gravity_community_per_100": 0.0, "gravity_education_per_100": 0.0, "gravity_essential_services_per_100": 0.0, "gravity_food_and_drink_per_100": 0.0, "gravity_healthcare_per_100": 0.0, "gravity_shelter_per_100": 0.0, "shannon": 1.466035560747009, "kl_divergence": 0.00032341654368582117, "jsd": 0.0089941952080966441, "city_similarity": 0.99100580479190337 }, "geometry": { "type": "Polygon", "coordinates": [ [ [ 24.776769052320493, 59.412762096165103 ], [ 24.767967208642396, 59.412611854223506 ], [ 24.763310025259699, 59.416422031287503 ], [ 24.76745555454616, 59.420382915327025 ], [ 24.776259411829869, 59.420533203557973 ], [ 24.780915725861096, 59.416722561451607 ], [ 24.776769052320493, 59.412762096165103 ] ] ] } },
{ "type": "Feature", "properties": { "from_id": "273", "population": 0.0, "gravity_community": 30.369145298114802, "gravity_education": 97.530635799367801, "gravity_essential_services": 76.541668730674687, "gravity_food_and_drink": 463.46045456912748, "gravity_healthcare": 102.65485616605433, "gravity_shelter": 160.70848750199241, "avg_gravity": 155.21087467755524, "min_tt_community": 7.0, "min_tt_education": 9.0, "min_tt_essential_services": 23.0, "min_tt_food_and_drink": 8.0, "min_tt_healthcare": 8.0, "min_tt_shelter": 6.0, "avg_tt_community": 40.430232558139537, "avg_tt_education": 41.993055555555557, "avg_tt_essential_services": 40.785388127853878, "avg_tt_food_and_drink": 36.784053156146179, "avg_tt_healthcare": 39.563380281690144, "avg_tt_shelter": 42.425619834710744, "avg_tt_all": 40.330288252349341, "n_unreachable_categories": 0, "count_community": 86.0, "count_education": 288.0, "count_essential_services": 220.0, "count_food_and_drink": 1204.0, "count_healthcare": 284.0, "count_shelter": 484.0, "gravity_community_per_100": 0.0, "gravity_education_per_100": 0.0, "gravity_essential_services_per_100": 0.0, "gravity_food_and_drink_per_100": 0.0, "gravity_healthcare_per_100": 0.0, "gravity_shelter_per_100": 0.0, "shannon": 1.4831894795953773, "kl_divergence": 0.00024384635089590243, "jsd": 0.0078079060690374683, "city_similarity": 0.99219209393096253 }, "geometry": { "type": "Polygon", "coordinates": [ [ [ 24.763310025259699, 59.416422031287503 ], [ 24.754507312770727, 59.416270876416959 ], [ 24.749848115886529, 59.420080559020924 ], [ 24.753992499837484, 59.424041861717683 ], [ 24.762797226368654, 59.424193063161717 ], [ 24.76745555454616, 59.420382915327025 ], [ 24.763310025259699, 59.416422031287503 ] ] ] } },
{ "type": "Feature", "properties": { "from_id": "274", "population": 970.29533553901422, "gravity_community": 27.456210705813834, "gravity_education": 94.743072706465583, "gravity_essential_services": 85.855651891186298, "gravity_food_and_drink": 443.02626206126598, "gravity_healthcare": 99.729712792959347, "gravity_shelter": 176.11645080412671, "avg_gravity": 154.48789349363631, "min_tt_community": 16.0, "min_tt_education": 17.0, "min_tt_essential_services": 7.0, "min_tt_food_and_drink": 10.0, "min_tt_healthcare": 13.0, "min_tt_shelter": 7.0, "avg_tt_community": 41.74074074074074, "avg_tt_education": 41.736654804270465, "avg_tt_essential_services": 37.345291479820631, "avg_tt_food_and_drink": 38.387823185988324, "avg_tt_healthcare": 40.039145907473312, "avg_tt_shelter": 40.538, "avg_tt_all": 39.964609353048907, "n_unreachable_categories": 0, "count_community": 81.0, "count_education": 281.0, "count_essential_services": 223.0, "count_food_and_drink": 1199.0, "count_healthcare": 281.0, "count_shelter": 500.0, "gravity_community_per_100": 2.8296756358785835, "gravity_education_per_100": 9.7643541338714481, "gravity_essential_services_per_100": 8.8484040628199185, "gravity_food_and_drink_per_100": 45.65890877081852, "gravity_healthcare_per_100": 10.278284264610829, "gravity_shelter_per_100": 18.150808764456368, "shannon": 1.4801965641951058, "kl_divergence": 0.00055302879568363758, "jsd": 0.011742758631546545, "city_similarity": 0.9882572413684535 }, "geometry": { "type": "Polygon", "coordinates": [ [ [ 24.789718713252721, 59.416871936720298 ], [ 24.780915725861096, 59.416722561451607 ], [ 24.776259411829869, 59.420533203557973 ], [ 24.780406955262624, 59.424493685925675 ], [ 24.789211956904076, 59.424643107220739 ], [ 24.793867400502371, 59.420832000113343 ], [ 24.789718713252721, 59.416871936720298 ] ] ] } },
{ "type": "Feature", "properties": { "from_id": "275", "population": 86.494482171233386, "gravity_community": 30.8348954503927, "gravity_education": 105.80295485605134, "gravity_essential_services": 88.771558409509453, "gravity_food_and_drink": 485.86483412222617, "gravity_healthcare": 111.42717458429624, "gravity_shelter": 183.56668850038329, "avg_gravity": 167.71135098714322, "min_tt_community": 11.0, "min_tt_education": 11.0, "min_tt_essential_services": 16.0, "min_tt_food_and_drink": 9.0, "min_tt_healthcare": 12.0, "min_tt_shelter": 7.0, "avg_tt_community": 38.75, "avg_tt_education": 38.775086505190309, "avg_tt_essential_services": 36.36888888888889, "avg_tt_food_and_drink": 35.490163934426228, "avg_tt_healthcare": 36.78125, "avg_tt_shelter": 39.121031746031747, "avg_tt_all": 37.547736845756198, "n_unreachable_categories": 0, "count_community": 84.0, "count_education": 289.0, "count_essential_services": 226.0, "count_food_and_drink": 1220.0, "count_healthcare": 288.0, "count_shelter": 504.0, "gravity_community_per_100": 35.649552059689505, "gravity_education_per_100": 122.32335774505583, "gravity_essential_services_per_100": 102.6326260139556, "gravity_food_and_drink_per_100": 561.72928252273721, "gravity_healthcare_per_100": 128.82576065800768, "gravity_shelter_per_100": 212.22936295170339, "shannon": 1.4821965819242413, "kl_divergence": 0.00044261176568865818, "jsd": 0.010511662219466412, "city_similarity": 0.98948833778053358 }, "geometry": { "type": "Polygon", "coordinates": [ [ [ 24.776259411829869, 59.420533203557973 ], [ 24.76745555454616, 59.420382915327025 ], [ 24.762797226368654, 59.424193063161717 ], [ 24.766943624902638, 59.428153964408473 ], [ 24.775749496873576, 59.428304298949932 ], [ 24.780406955262624, 59.424493685925675 ], [ 24.776259411829869, 59.420533203557973 ] ] ] } },
{ "type": "Feature", "properties": { "from_id": "276", "population": 153.79319089637394, "gravity_community": 32.981056960850346, "gravity_education": 113.81898940798391, "gravity_essential_services": 95.801531323153597, "gravity_food_and_drink": 519.80577932495214, "gravity_healthcare": 118.45782888682912, "gravity_shelter": 193.15669014052125, "avg_gravity": 179.00364600738172, "min_tt_community": 16.0, "min_tt_education": 4.0, "min_tt_essential_services": 9.0, "min_tt_food_and_drink": 4.0, "min_tt_healthcare": 2.0, "min_tt_shelter": 9.0, "avg_tt_community": 37.609195402298852, "avg_tt_education": 37.786666666666669, "avg_tt_essential_services": 33.464601769911503, "avg_tt_food_and_drink": 33.388753056234719, "avg_tt_healthcare": 35.561224489795919, "avg_tt_shelter": 38.631477927063337, "avg_tt_all": 36.073653218661839, "n_unreachable_categories": 0, "count_community": 87.0, "count_education": 300.0, "count_essential_services": 226.0, "count_food_and_drink": 1228.0, "count_healthcare": 294.0, "count_shelter": 521.0, "gravity_community_per_100": 21.445069686520142, "gravity_education_per_100": 74.007820986480013, "gravity_essential_services_per_100": 62.29244010399966, "gravity_food_and_drink_per_100": 337.99011275811159, "gravity_healthcare_per_100": 77.024105031181875, "gravity_shelter_per_100": 125.59508585179853, "shannon": 1.487789466308461, "kl_divergence": 0.00075894383808749154, "jsd": 0.013760415800043046, "city_similarity": 0.98623958419995694 }, "geometry": { "type": "Polygon", "coordinates": [ [ [ 24.789211956904076, 59.424643107220739 ], [ 24.780406955262624, 59.424493685925675 ], [ 24.775749496873576, 59.428304298949932 ], [ 24.779897910635874, 59.432264798409093 ], [ 24.788704927609288, 59.432414265751596 ], [ 24.793361515127597, 59.428603187579107 ], [ 24.789211956904076, 59.424643107220739 ] ] ] } },
{ "type": "Feature", "properties": { "from_id": "277", "population": 759.43934923669178, "gravity_community": 33.287528819079164, "gravity_education": 115.56216428739906, "gravity_essential_services": 97.304106272990978, "gravity_food_and_drink": 515.04845957390114, "gravity_healthcare": 120.40415304846829, "gravity_shelter": 199.57659563100955, "avg_gravity": 180.19716793880801, "min_tt_community": 7.0, "min_tt_education": 5.0, "min_tt_essential_services": 6.0, "min_tt_food_and_drink": 4.0, "min_tt_healthcare": 8.0, "min_tt_shelter": 10.0, "avg_tt_community": 37.886363636363633, "avg_tt_education": 37.396039603960396, "avg_tt_essential_services": 32.752212389380531, "avg_tt_food_and_drink": 33.769667477696672, "avg_tt_healthcare": 35.111864406779659, "avg_tt_shelter": 37.596958174904941, "avg_tt_all": 35.752184281514303, "n_unreachable_categories": 0, "count_community": 88.0, "count_education": 303.0, "count_essential_services": 226.0, "count_food_and_drink": 1233.0, "count_healthcare": 296.0, "count_shelter": 526.0, "gravity_community_per_100": 4.3831714609647587, "gravity_education_per_100": 15.216773321470628, "gravity_essential_services_per_100": 12.812623729701494, "gravity_food_and_drink_per_100": 67.819564536861748, "gravity_healthcare_per_100": 15.854347443213973, "gravity_shelter_per_100": 26.27946469084106, "shannon": 1.4887424113102563, "kl_divergence": 0.00084145469850507859, "jsd": 0.014486917621999894, "city_similarity": 0.98551308237800006 }, "geometry": { "type": "Polygon", "coordinates": [ [ [ 24.802671531170017, 59.420980508413066 ], [ 24.793867400502371, 59.420832000113343 ], [ 24.789211956904076, 59.424643107220739 ], [ 24.793361515127597, 59.428603187579107 ], [ 24.802167660688987, 59.428751741642088 ], [ 24.806822232772369, 59.424940169575116 ], [ 24.802671531170017, 59.420980508413066 ] ] ] } },
{ "type": "Feature", "properties": { "from_id": "278", "population": 3022.2443888192051, "gravity_community": 22.500697076017961, "gravity_education": 81.034953244276323, "gravity_essential_services": 72.748549211948969, "gravity_food_and_drink": 373.86448280933547, "gravity_healthcare": 84.271989397704075, "gravity_shelter": 143.20635175059923, "avg_gravity": 129.60450391498031, "min_tt_community": 13.0, "min_tt_education": 13.0, "min_tt_essential_services": 19.0, "min_tt_food_and_drink": 9.0, "min_tt_healthcare": 19.0, "min_tt_shelter": 8.0, "avg_tt_community": 44.638888888888886, "avg_tt_education": 45.042145593869733, "avg_tt_essential_services": 41.990697674418605, "avg_tt_food_and_drink": 42.891020052310374, "avg_tt_healthcare": 43.819230769230771, "avg_tt_shelter": 44.74074074074074, "avg_tt_all": 43.853787286576527, "n_unreachable_categories": 0, "count_community": 72.0, "count_education": 261.0, "count_essential_services": 215.0, "count_food_and_drink": 1147.0, "count_healthcare": 261.0, "count_shelter": 459.0, "gravity_community_per_100": 0.74450289854980967, "gravity_education_per_100": 2.6812839340215233, "gravity_essential_services_per_100": 2.4071034586442535, "gravity_food_and_drink_per_100": 12.370425243982497, "gravity_healthcare_per_100": 2.7883909623413761, "gravity_shelter_per_100": 4.7384107082931877, "shannon": 1.4701887261838551, "kl_divergence": 0.00048444771426011182, "jsd": 0.011026320672880287, "city_similarity": 0.98897367932711966 }, "geometry": { "type": "Polygon", "coordinates": [ [ [ 24.815627506277721, 59.425087810609845 ], [ 24.806822232772369, 59.424940169575116 ], [ 24.802167660688987, 59.428751741642088 ], [ 24.806319234347445, 59.432711419653437 ], [ 24.815126523390155, 59.432859106188175 ], [ 24.819780222876137, 59.429047069203286 ], [ 24.815627506277721, 59.425087810609845 ] ] ] } },
{ "type": "Feature", "properties": { "from_id": "279", "population": 2043.0132942181124, "gravity_community": 27.830024673886328, "gravity_education": 100.9590962094835, "gravity_essential_services": 86.238798462269415, "gravity_food_and_drink": 434.25856434367779, "gravity_healthcare": 103.05375620555165, "gravity_shelter": 180.54017259166142, "avg_gravity": 155.48006874775501, "min_tt_community": 16.0, "min_tt_education": 5.0, "min_tt_essential_services": 3.0, "min_tt_food_and_drink": 3.0, "min_tt_healthcare": 7.0, "min_tt_shelter": 8.0, "avg_tt_community": 42.084337349397593, "avg_tt_education": 40.937282229965156, "avg_tt_essential_services": 37.197309417040358, "avg_tt_food_and_drink": 39.588815789473685, "avg_tt_healthcare": 39.864583333333336, "avg_tt_shelter": 39.791666666666664, "avg_tt_all": 39.910665797646132, "n_unreachable_categories": 0, "count_community": 83.0, "count_education": 288.0, "count_essential_services": 223.0, "count_food_and_drink": 1216.0, "count_healthcare": 288.0, "count_shelter": 504.0, "gravity_community_per_100": 1.3622047762805791, "gravity_education_per_100": 4.9416759301178139, "gravity_essential_services_per_100": 4.2211569893515604, "gravity_food_and_drink_per_100": 21.255787496472173, "gravity_healthcare_per_100": 5.0442038971161791, "gravity_shelter_per_100": 8.8369553493657751, "shannon": 1.4811584963377271, "kl_divergence": 0.00046308632528902806, "jsd": 0.010751866534364621, "city_similarity": 0.98924813346563534 }, "geometry": { "type": "Polygon", "coordinates": [ [ [ 24.82858663878006, 59.429193842677044 ], [ 24.819780222876137, 59.429047069203286 ], [ 24.815126523390155, 59.432859106188175 ], [ 24.819280113127419, 59.436818381514691 ], [ 24.828088545212019, 59.436965200225082 ], [ 24.83274137101759, 59.433152698364097 ], [ 24.82858663878006, 59.429193842677044 ] ] ] } },
{ "type": "Feature", "properties": { "from_id": "280", "population": 4412.2953007877995, "gravity_community": 30.774817202439394, "gravity_education": 107.65408701497768, "gravity_essential_services": 87.790168262976266, "gravity_food_and_drink": 482.91830739425308, "gravity_healthcare": 110.08644833636804, "gravity_shelter": 177.16254135758169, "avg_gravity": 166.06439492809935, "min_tt_community": 19.0, "min_tt_education": 4.0, "min_tt_essential_services": 8.0, "min_tt_food_and_drink": 7.0, "min_tt_healthcare": 14.0, "min_tt_shelter": 7.0, "avg_tt_community": 39.411764705882355, "avg_tt_education": 38.923875432525953, "avg_tt_essential_services": 36.417040358744394, "avg_tt_food_and_drink": 35.77713815789474, "avg_tt_healthcare": 37.465277777777779, "avg_tt_shelter": 40.735586481113323, "avg_tt_all": 38.121780485656423, "n_unreachable_categories": 0, "count_community": 85.0, "count_education": 289.0, "count_essential_services": 223.0, "count_food_and_drink": 1216.0, "count_healthcare": 288.0, "count_shelter": 503.0, "gravity_community_per_100": 0.69747863876981808, "gravity_education_per_100": 2.439865867448999, "gravity_essential_services_per_100": 1.9896711864979126, "gravity_food_and_drink_per_100": 10.944831985928724, "gravity_healthcare_per_100": 2.4949927607228033, "gravity_shelter_per_100": 4.0152013698165208, "shannon": 1.4828719469414042, "kl_divergence": 0.00042277230650561264, "jsd": 0.010273456377458684, "city_similarity": 0.98972654362254131 }, "geometry": { "type": "Polygon", "coordinates": [ [ [ 24.802167660688987, 59.428751741642088 ], [ 24.793361515127597, 59.428603187579107 ], [ 24.788704927609288, 59.432414265751596 ], [ 24.792855357244889, 59.436374363085463 ], [ 24.801663518782672, 59.436522962932656 ], [ 24.806319234347445, 59.432711419653437 ], [ 24.802167660688987, 59.428751741642088 ] ] ] } },
{ "type": "Feature", "properties": { "from_id": "281", "population": 3933.3821749228928, "gravity_community": 31.07799050625162, "gravity_education": 107.13648229796172, "gravity_essential_services": 87.546494614296122, "gravity_food_and_drink": 487.78108454969674, "gravity_healthcare": 110.60091823740325, "gravity_shelter": 180.08647402074902, "avg_gravity": 167.37157403772639, "min_tt_community": 23.0, "min_tt_education": 6.0, "min_tt_essential_services": 2.0, "min_tt_food_and_drink": 12.0, "min_tt_healthcare": 3.0, "min_tt_shelter": 9.0, "avg_tt_community": 39.0, "avg_tt_education": 39.171821305841924, "avg_tt_essential_services": 36.421524663677133, "avg_tt_food_and_drink": 35.550819672131148, "avg_tt_healthcare": 37.225694444444443, "avg_tt_shelter": 40.228174603174601, "avg_tt_all": 37.933005781544878, "n_unreachable_categories": 0, "count_community": 85.0, "count_education": 291.0, "count_essential_services": 223.0, "count_food_and_drink": 1221.0, "count_healthcare": 288.0, "count_shelter": 504.0, "gravity_community_per_100": 0.79010859164380209, "gravity_education_per_100": 2.7237750499050337, "gravity_essential_services_per_100": 2.2257306999671935, "gravity_food_and_drink_per_100": 12.401060025631983, "gravity_healthcare_per_100": 2.8118528360283572, "gravity_shelter_per_100": 4.5784128267240982, "shannon": 1.4820984076578991, "kl_divergence": 0.00039852803434348334, "jsd": 0.0099747898914479063, "city_similarity": 0.99002521010855205 }, "geometry": { "type": "Polygon", "coordinates": [ [ [ 24.815126523390155, 59.432859106188175 ], [ 24.806319234347445, 59.432711419653437 ], [ 24.801663518782672, 59.436522962932656 ], [ 24.805815964936262, 59.4404826578034 ], [ 24.814625270599485, 59.440630389858995 ], [ 24.819280113127419, 59.436818381514691 ], [ 24.815126523390155, 59.432859106188175 ] ] ] } },
{ "type": "Feature", "properties": { "from_id": "282", "population": 14.865090441368984, "gravity_community": 32.628331619429936, "gravity_education": 109.95870333663214, "gravity_essential_services": 88.886939717540585, "gravity_food_and_drink": 502.01793086994502, "gravity_healthcare": 112.21592031774651, "gravity_shelter": 198.89771348727703, "avg_gravity": 174.10092322476189, "min_tt_community": 17.0, "min_tt_education": 13.0, "min_tt_essential_services": 18.0, "min_tt_food_and_drink": 8.0, "min_tt_healthcare": 18.0, "min_tt_shelter": 8.0, "avg_tt_community": 37.395348837209305, "avg_tt_education": 39.866449511400653, "avg_tt_essential_services": 36.935064935064936, "avg_tt_food_and_drink": 34.860016090104587, "avg_tt_healthcare": 37.852842809364546, "avg_tt_shelter": 38.839851024208564, "avg_tt_all": 37.624928867892102, "n_unreachable_categories": 0, "count_community": 86.0, "count_education": 307.0, "count_essential_services": 231.0, "count_food_and_drink": 1243.0, "count_healthcare": 299.0, "count_shelter": 537.0, "gravity_community_per_100": 219.49635455043398, "gravity_education_per_100": 739.71096086049522, "gravity_essential_services_per_100": 597.95761127810965, "gravity_food_and_drink_per_100": 3377.1602860406965, "gravity_healthcare_per_100": 754.89564466727938, "gravity_shelter_per_100": 1338.018858827473, "shannon": 1.4888156212836239, "kl_divergence": 0.0010832185695755069, "jsd": 0.016432743696489328, "city_similarity": 0.98356725630351072 }, "geometry": { "type": "Polygon", "coordinates": [ [ [ 24.801159105245969, 59.444294172284145 ], [ 24.805815964936262, 59.4404826578034 ], [ 24.801663518782672, 59.436522962932656 ], [ 24.792855357244889, 59.436374363085463 ], [ 24.788197625162141, 59.440185412312182 ], [ 24.792123777476352, 59.443930773506708 ], [ 24.792215347290039, 59.443946838378892 ], [ 24.792285919189453, 59.443962097167969 ], [ 24.792324066162109, 59.443973541259751 ], [ 24.792430877685547, 59.443996429443359 ], [ 24.792577743530273, 59.444049835205085 ], [ 24.792669296264648, 59.444072723388679 ], [ 24.792882919311523, 59.44414138793946 ], [ 24.792925796555945, 59.444155277818432 ], [ 24.801159105245969, 59.444294172284145 ] ] ] } },
{ "type": "Feature", "properties": { "from_id": "283", "population": 0.0022633779383415516, "gravity_community": 32.699999345261105, "gravity_education": 111.57910927695195, "gravity_essential_services": 92.155947026220076, "gravity_food_and_drink": 499.71693209739294, "gravity_healthcare": 115.16925922197848, "gravity_shelter": 196.33420164907542, "avg_gravity": 174.60924143614668, "min_tt_community": 11.0, "min_tt_education": 8.0, "min_tt_essential_services": 13.0, "min_tt_food_and_drink": 7.0, "min_tt_healthcare": 6.0, "min_tt_shelter": 12.0, "avg_tt_community": 37.430232558139537, "avg_tt_education": 38.786666666666669, "avg_tt_essential_services": 35.865800865800864, "avg_tt_food_and_drink": 34.850323624595468, "avg_tt_healthcare": 37.080536912751676, "avg_tt_shelter": 38.539047619047622, "avg_tt_all": 37.092101374500309, "n_unreachable_categories": 0, "count_community": 86.0, "count_education": 300.0, "count_essential_services": 231.0, "count_food_and_drink": 1236.0, "count_healthcare": 298.0, "count_shelter": 525.0, "gravity_community_per_100": 1444743.2216831371, "gravity_education_per_100": 4929760.3986857571, "gravity_essential_services_per_100": 4071611.0847022589, "gravity_food_and_drink_per_100": 22078368.956072412, "gravity_healthcare_per_100": 5088379.5088312393, "gravity_shelter_per_100": 8674388.7674780339, "shannon": 1.4880071601685845, "kl_divergence": 0.00081984290695319602, "jsd": 0.014304502051115799, "city_similarity": 0.98569549794888423 }, "geometry": { "type": "Polygon", "coordinates": [ [ [ 24.828088545212019, 59.436965200225082 ], [ 24.819280113127419, 59.436818381514691 ], [ 24.814625270599485, 59.440630389858995 ], [ 24.818779733915445, 59.444589681928704 ], [ 24.827590183264373, 59.444736545896426 ], [ 24.832244151671656, 59.440924072528851 ], [ 24.828088545212019, 59.436965200225082 ] ] ] } },
{ "type": "Feature", "properties": { "from_id": "284", "population": 0.0, "gravity_community": 33.758353129851983, "gravity_education": 109.71374676344151, "gravity_essential_services": 91.140916957779808, "gravity_food_and_drink": 510.50558501300611, "gravity_healthcare": 113.62458536147905, "gravity_shelter": 202.12464594973287, "avg_gravity": 176.81130552921522, "min_tt_community": 20.0, "min_tt_education": 16.0, "min_tt_essential_services": 16.0, "min_tt_food_and_drink": 10.0, "min_tt_healthcare": 9.0, "min_tt_shelter": 7.0, "avg_tt_community": 36.666666666666664, "avg_tt_education": 39.335526315789473, "avg_tt_essential_services": 36.004329004329001, "avg_tt_food_and_drink": 34.30898876404494, "avg_tt_healthcare": 37.543333333333337, "avg_tt_shelter": 38.298701298701296, "avg_tt_all": 37.026257563810788, "n_unreachable_categories": 0, "count_community": 87.0, "count_education": 304.0, "count_essential_services": 231.0, "count_food_and_drink": 1246.0, "count_healthcare": 300.0, "count_shelter": 539.0, "gravity_community_per_100": 0.0, "gravity_education_per_100": 0.0, "gravity_essential_services_per_100": 0.0, "gravity_food_and_drink_per_100": 0.0, "gravity_healthcare_per_100": 0.0, "gravity_shelter_per_100": 0.0, "shannon": 1.488337072260141, "kl_divergence": 0.0010430703709018042, "jsd": 0.01611966480643208, "city_similarity": 0.98388033519356788 }, "geometry": { "type": "Polygon", "coordinates": [ [ [ 24.814625270599485, 59.440630389858995 ], [ 24.805815964936262, 59.4404826578034 ], [ 24.801159105245969, 59.444294172284145 ], [ 24.805312424334023, 59.448253884024489 ], [ 24.814123747701728, 59.448401661621752 ], [ 24.818779733915445, 59.444589681928704 ], [ 24.814625270599485, 59.440630389858995 ] ] ] } },
{ "type": "Feature", "properties": { "from_id": "285", "population": 0.0, "gravity_community": 34.953363942517001, "gravity_education": 113.82691396555812, "gravity_essential_services": 92.66623130673176, "gravity_food_and_drink": 523.59620126452819, "gravity_healthcare": 116.10313204557983, "gravity_shelter": 215.1910082713874, "avg_gravity": 182.7228084660504, "min_tt_community": 17.0, "min_tt_education": 16.0, "min_tt_essential_services": 15.0, "min_tt_food_and_drink": 1.0, "min_tt_healthcare": 8.0, "min_tt_shelter": 5.0, "avg_tt_community": 35.852272727272727, "avg_tt_education": 38.725806451612904, "avg_tt_essential_services": 35.437229437229441, "avg_tt_food_and_drink": 33.501602564102562, "avg_tt_healthcare": 36.900332225913623, "avg_tt_shelter": 37.510791366906474, "avg_tt_all": 36.321339128839618, "n_unreachable_categories": 0, "count_community": 88.0, "count_education": 310.0, "count_essential_services": 231.0, "count_food_and_drink": 1248.0, "count_healthcare": 301.0, "count_shelter": 557.0, "gravity_community_per_100": 0.0, "gravity_education_per_100": 0.0, "gravity_essential_services_per_100": 0.0, "gravity_food_and_drink_per_100": 0.0, "gravity_healthcare_per_100": 0.0, "gravity_shelter_per_100": 0.0, "shannon": 1.4910662722263819, "kl_divergence": 0.0016159063265873269, "jsd": 0.020037558636282586, "city_similarity": 0.97996244136371746 }, "geometry": { "type": "Polygon", "coordinates": [ [ [ 24.805312424334023, 59.448253884024489 ], [ 24.801159105245969, 59.444294172284145 ], [ 24.792925796555945, 59.444155277818432 ], [ 24.793153762817383, 59.444229125976562 ], [ 24.793231964111328, 59.444259643554695 ], [ 24.793333053588871, 59.444290161132812 ], [ 24.793497085571289, 59.444351196289062 ], [ 24.793924331665039, 59.444488525390618 ], [ 24.79395866394043, 59.444503784179702 ], [ 24.793996810913086, 59.444522857666023 ], [ 24.794034957885742, 59.44453430175782 ], [ 24.794162750244141, 59.44456863403321 ], [ 24.794235229492188, 59.444587707519531 ], [ 24.794511795043945, 59.444648742675788 ], [ 24.794797897338867, 59.444713592529283 ], [ 24.794887542724613, 59.444744110107429 ], [ 24.795122146606445, 59.444808959960938 ], [ 24.795280456542972, 59.444869995117202 ], [ 24.795486450195312, 59.444946289062507 ], [ 24.795618057250977, 59.444984436035156 ], [ 24.795686721801758, 59.444999694824205 ], [ 24.795700073242191, 59.445007324218743 ], [ 24.795745849609375, 59.445030212402351 ], [ 24.795818328857425, 59.445049285888672 ], [ 24.795927047729492, 59.445102691650391 ], [ 24.795997619628906, 59.445137023925788 ], [ 24.796169281005859, 59.445209503173821 ], [ 24.796268463134766, 59.445243835449212 ], [ 24.796430587768555, 59.445312499999979 ], [ 24.796558380126953, 59.445377349853501 ], [ 24.796651840209964, 59.445415496826172 ], [ 24.797197341918945, 59.445644378662116 ], [ 24.797332763671875, 59.445690155029318 ], [ 24.797574996948242, 59.44577789306642 ], [ 24.797628402709961, 59.445804595947251 ], [ 24.797677993774414, 59.445838928222656 ], [ 24.797960281372074, 59.445976257324212 ], [ 24.798194885253906, 59.446079254150384 ], [ 24.798271179199222, 59.446109771728516 ], [ 24.798389434814457, 59.446159362792969 ], [ 24.798576354980469, 59.446231842041023 ], [ 24.798650741577148, 59.446258544921882 ], [ 24.798830032348633, 59.446338653564446 ], [ 24.79890060424805, 59.446380615234375 ], [ 24.798913955688477, 59.446388244628899 ], [ 24.798940658569336, 59.446422576904304 ], [ 24.799009323120117, 59.446525573730455 ], [ 24.799062728881836, 59.446567535400405 ], [ 24.799188613891602, 59.446620941162109 ], [ 24.799276351928714, 59.446590423583977 ], [ 24.799377441406254, 59.446598052978501 ], [ 24.799602508544922, 59.44671249389647 ], [ 24.799898147583008, 59.446846008300781 ], [ 24.800088882446289, 59.446945190429695 ], [ 24.800163269042969, 59.446998596191406 ], [ 24.800256729125977, 59.447052001953132 ], [ 24.800277709960941, 59.447063446044929 ], [ 24.800323486328125, 59.447090148925781 ], [ 24.800369262695316, 59.447109222412102 ], [ 24.800640106201172, 59.447265625 ], [ 24.800691604614258, 59.447299957275398 ], [ 24.800725936889648, 59.447326660156236 ], [ 24.800779342651367, 59.447357177734382 ], [ 24.800863265991211, 59.447406768798821 ], [ 24.800886154174805, 59.447422027587891 ], [ 24.800928115844727, 59.447444915771484 ], [ 24.800975799560547, 59.447475433349616 ], [ 24.801013946533203, 59.447502136230462 ], [ 24.801063537597656, 59.44752502441407 ], [ 24.801115036010742, 59.447559356689446 ], [ 24.801164627075195, 59.447582244873054 ], [ 24.801206588745117, 59.447612762451186 ], [ 24.801305770874023, 59.447666168212869 ], [ 24.801380157470707, 59.447711944580085 ], [ 24.801412582397464, 59.447742462158189 ], [ 24.801454544067383, 59.447765350341783 ], [ 24.801509857177734, 59.447795867919929 ], [ 24.801536560058597, 59.447811126708984 ], [ 24.801563262939457, 59.44783020019532 ], [ 24.8016357421875, 59.447883605957031 ], [ 24.801788330078125, 59.447975158691406 ], [ 24.801836013793945, 59.447998046874993 ], [ 24.801881790161133, 59.448036193847642 ], [ 24.801961898803711, 59.448089599609368 ], [ 24.802042007446293, 59.448146820068345 ], [ 24.802085876464847, 59.448181152343736 ], [ 24.802215576171875, 59.44826507568358 ], [ 24.802299499511719, 59.448326110839851 ], [ 24.802335739135742, 59.448348999023409 ], [ 24.802373886108398, 59.448368072509766 ], [ 24.802574157714844, 59.448505401611335 ], [ 24.802614212036133, 59.448524475097656 ], [ 24.802663803100586, 59.448558807373047 ], [ 24.802717208862305, 59.448593139648423 ], [ 24.802753448486328, 59.44861984252929 ], [ 24.802837371826172, 59.44866561889647 ], [ 24.802898406982422, 59.448707580566385 ], [ 24.802936553955078, 59.448738098144524 ], [ 24.80305290222168, 59.448822021484368 ], [ 24.803092956542969, 59.4488525390625 ], [ 24.80311393737793, 59.448875427246094 ], [ 24.803133010864258, 59.448902130126953 ], [ 24.80314826965332, 59.448921203613281 ], [ 24.80317497253418, 59.448970794677734 ], [ 24.803201675415039, 59.448993682861328 ], [ 24.803239822387695, 59.449020385742188 ], [ 24.803285598754883, 59.449054718017578 ], [ 24.803325653076172, 59.44908142089843 ], [ 24.803564071655273, 59.449268341064453 ], [ 24.803644180297852, 59.449321746826179 ], [ 24.803680419921875, 59.449340820312493 ], [ 24.803714752197269, 59.449367523193366 ], [ 24.803749084472656, 59.449398040771484 ], [ 24.803787231445312, 59.449428558349609 ], [ 24.80381965637207, 59.449462890624993 ], [ 24.80382716915426, 59.449469330156226 ], [ 24.805312424334023, 59.448253884024489 ] ] ] } },
{ "type": "Feature", "properties": { "from_id": "286", "population": 785.31294030468416, "gravity_community": 29.695265740894339, "gravity_education": 96.62908548049441, "gravity_essential_services": 82.287784846911819, "gravity_food_and_drink": 449.00734911376452, "gravity_healthcare": 101.19754064179733, "gravity_shelter": 174.53707579243485, "avg_gravity": 155.55901693604955, "min_tt_community": 17.0, "min_tt_education": 15.0, "min_tt_essential_services": 20.0, "min_tt_food_and_drink": 12.0, "min_tt_healthcare": 13.0, "min_tt_shelter": 11.0, "avg_tt_community": 40.6, "avg_tt_education": 42.287197231833908, "avg_tt_essential_services": 39.81818181818182, "avg_tt_food_and_drink": 38.342880523731587, "avg_tt_healthcare": 40.976109215017068, "avg_tt_shelter": 41.57593688362919, "avg_tt_all": 40.600050945398927, "n_unreachable_categories": 0, "count_community": 85.0, "count_education": 289.0, "count_essential_services": 231.0, "count_food_and_drink": 1222.0, "count_healthcare": 293.0, "count_shelter": 507.0, "gravity_community_per_100": 3.7813289730554076, "gravity_education_per_100": 12.304532438113709, "gravity_essential_services_per_100": 10.478343170429099, "gravity_food_and_drink_per_100": 57.175595367059593, "gravity_healthcare_per_100": 12.886269339014699, "gravity_shelter_per_100": 22.225162331429086, "shannon": 1.4857633203066525, "kl_divergence": 0.00057554201569056003, "jsd": 0.011984680914565235, "city_similarity": 0.98801531908543472 }, "geometry": { "type": "Polygon", "coordinates": [ [ [ 24.827590183264373, 59.444736545896426 ], [ 24.818779733915445, 59.444589681928704 ], [ 24.814123747701728, 59.448401661621752 ], [ 24.818279085036529, 59.452360970444751 ], [ 24.827091552734277, 59.452507879690515 ], [ 24.831746664386777, 59.448695434827009 ], [ 24.827590183264373, 59.444736545896426 ] ] ] } },
{ "type": "Feature", "properties": { "from_id": "287", "population": 342.71596130177431, "gravity_community": 0.0, "gravity_education": 0.0, "gravity_essential_services": 0.0, "gravity_food_and_drink": 0.22870596721658404, "gravity_healthcare": 0.0, "gravity_shelter": 0.65617207006270795, "avg_gravity": 0.14747967287988198, "min_tt_community": null, "min_tt_education": null, "min_tt_essential_services": null, "min_tt_food_and_drink": 55.0, "min_tt_healthcare": null, "min_tt_shelter": 56.0, "avg_tt_community": null, "avg_tt_education": null, "avg_tt_essential_services": null, "avg_tt_food_and_drink": 55.0, "avg_tt_healthcare": null, "avg_tt_shelter": 56.666666666666664, "avg_tt_all": 55.833333333333329, "n_unreachable_categories": 4, "count_community": 0.0, "count_education": 0.0, "count_essential_services": 0.0, "count_food_and_drink": 1.0, "count_healthcare": 0.0, "count_shelter": 3.0, "gravity_community_per_100": 0.0, "gravity_education_per_100": 0.0, "gravity_essential_services_per_100": 0.0, "gravity_food_and_drink_per_100": 0.066733386547818185, "gravity_healthcare_per_100": 0.0, "gravity_shelter_per_100": 0.19146236071710815, "shannon": 0.56233515379654631, "kl_divergence": 0.88656157054422713, "jsd": 0.47539354634492292, "city_similarity": 0.52460645365507708 }, "geometry": { "type": "Polygon", "coordinates": [ [ [ 24.847187062580183, 59.413942678498429 ], [ 24.855989716061426, 59.414087581956977 ], [ 24.860310259888177, 59.410541606382985 ], [ 24.858760833740234, 59.41051101684571 ], [ 24.855039596557617, 59.410423278808594 ], [ 24.851709365844727, 59.410366058349609 ], [ 24.849039077758789, 59.410305023193359 ], [ 24.847358703613281, 59.4102783203125 ], [ 24.843711853027344, 59.410202026367173 ], [ 24.843252064473869, 59.410193104560243 ], [ 24.847187062580183, 59.413942678498429 ] ] ] } },
{ "type": "Feature", "properties": { "from_id": "288", "population": 1891.2507620805536, "gravity_community": 13.729764042013887, "gravity_education": 40.839462362648504, "gravity_essential_services": 44.447935808724552, "gravity_food_and_drink": 263.41836163968213, "gravity_healthcare": 49.100001999893713, "gravity_shelter": 80.113284130418293, "avg_gravity": 81.941468330563509, "min_tt_community": 19.0, "min_tt_education": 27.0, "min_tt_essential_services": 23.0, "min_tt_food_and_drink": 15.0, "min_tt_healthcare": 21.0, "min_tt_shelter": 7.0, "avg_tt_community": 47.5625, "avg_tt_education": 48.743243243243242, "avg_tt_essential_services": 45.083333333333336, "avg_tt_food_and_drink": 47.403050108932462, "avg_tt_healthcare": 47.470588235294116, "avg_tt_shelter": 46.91385767790262, "avg_tt_all": 47.196095433117627, "n_unreachable_categories": 0, "count_community": 48.0, "count_education": 148.0, "count_essential_services": 144.0, "count_food_and_drink": 918.0, "count_healthcare": 170.0, "count_shelter": 267.0, "gravity_community_per_100": 0.72596211551078793, "gravity_education_per_100": 2.1593890763444432, "gravity_essential_services_per_100": 2.3501873310458126, "gravity_food_and_drink_per_100": 13.928262022213127, "gravity_healthcare_per_100": 2.5961656161279794, "gravity_shelter_per_100": 4.2359948102432563, "shannon": 1.3771981911211635, "kl_divergence": 0.0090826566265412197, "jsd": 0.047870461954603337, "city_similarity": 0.95212953804539668 }, "geometry": { "type": "Polygon", "coordinates": [ [ [ 24.855989716061426, 59.414087581956977 ], [ 24.860145854985372, 59.41804558172629 ], [ 24.868949647618773, 59.418189617526963 ], [ 24.870581878984041, 59.416849695334065 ], [ 24.870574951171875, 59.415985107421882 ], [ 24.87043380737305, 59.415973663330071 ], [ 24.870487213134769, 59.415813446044908 ], [ 24.870922088623047, 59.414398193359375 ], [ 24.870771408081055, 59.413612365722656 ], [ 24.870597839355469, 59.412704467773438 ], [ 24.870312479804969, 59.411250580477642 ], [ 24.86976460676301, 59.410728975870676 ], [ 24.868829727172852, 59.410713195800774 ], [ 24.867755889892578, 59.410694122314439 ], [ 24.862627029418945, 59.410587310790994 ], [ 24.860310259888177, 59.410541606382985 ], [ 24.855989716061426, 59.414087581956977 ] ] ] } },
{ "type": "Feature", "properties": { "from_id": "289", "population": 921.3966084407175, "gravity_community": 0.0, "gravity_education": 0.20543739324049337, "gravity_essential_services": 1.7427912632293294, "gravity_food_and_drink": 1.8960804031377196, "gravity_healthcare": 0.22870596721658404, "gravity_shelter": 2.0958101660690995, "avg_gravity": 1.028137532148871, "min_tt_community": null, "min_tt_education": 59.0, "min_tt_essential_services": 54.0, "min_tt_food_and_drink": 42.0, "min_tt_healthcare": 55.0, "min_tt_shelter": 43.0, "avg_tt_community": null, "avg_tt_education": 59.0, "avg_tt_essential_services": 56.875, "avg_tt_food_and_drink": 54.0, "avg_tt_healthcare": 55.0, "avg_tt_shelter": 50.375, "avg_tt_all": 55.05, "n_unreachable_categories": 1, "count_community": 0.0, "count_education": 1.0, "count_essential_services": 8.0, "count_food_and_drink": 8.0, "count_healthcare": 1.0, "count_shelter": 8.0, "gravity_community_per_100": 0.0, "gravity_education_per_100": 0.022296304475024686, "gravity_essential_services_per_100": 0.18914669831253891, "gravity_food_and_drink_per_100": 0.20578330609947246, "gravity_healthcare_per_100": 0.024821663670286771, "gravity_shelter_per_100": 0.2274601563398248, "shannon": 1.3386120408171269, "kl_divergence": 0.34056372542438917, "jsd": 0.28373406018072794, "city_similarity": 0.71626593981927211 }, "geometry": { "type": "Polygon", "coordinates": [ [ [ 24.829582021587743, 59.413651091953149 ], [ 24.833735006701822, 59.417609914436831 ], [ 24.84253853416628, 59.417755730169262 ], [ 24.847187062580183, 59.413942678498429 ], [ 24.843252064473869, 59.410193104560243 ], [ 24.839782714843754, 59.410125732421868 ], [ 24.83610725402832, 59.410552978515611 ], [ 24.832828160680663, 59.410989312742949 ], [ 24.829582021587743, 59.413651091953149 ] ] ] } },
{ "type": "Feature", "properties": { "from_id": "290", "population": 2673.5715316040028, "gravity_community": 14.828367070474874, "gravity_education": 45.901707461652769, "gravity_essential_services": 48.667783014272302, "gravity_food_and_drink": 282.35224090066595, "gravity_healthcare": 53.840974038166017, "gravity_shelter": 87.691880750470858, "avg_gravity": 88.880492205950461, "min_tt_community": 18.0, "min_tt_education": 26.0, "min_tt_essential_services": 22.0, "min_tt_food_and_drink": 13.0, "min_tt_healthcare": 20.0, "min_tt_shelter": 5.0, "avg_tt_community": 47.0, "avg_tt_education": 48.268292682926827, "avg_tt_essential_services": 44.801282051282051, "avg_tt_food_and_drink": 46.834710743801651, "avg_tt_healthcare": 47.027173913043477, "avg_tt_shelter": 46.219512195121951, "avg_tt_all": 46.691828597695995, "n_unreachable_categories": 0, "count_community": 51.0, "count_education": 164.0, "count_essential_services": 156.0, "count_food_and_drink": 968.0, "count_healthcare": 184.0, "count_shelter": 287.0, "gravity_community_per_100": 0.55462765425163807, "gravity_education_per_100": 1.7168685003955793, "gravity_essential_services_per_100": 1.8203284422719068, "gravity_food_and_drink_per_100": 10.560863532656985, "gravity_healthcare_per_100": 2.0138220878595403, "gravity_shelter_per_100": 3.279952666830662, "shannon": 1.3885279954913079, "kl_divergence": 0.0074170848706694159, "jsd": 0.043244578637868923, "city_similarity": 0.9567554213621311 }, "geometry": { "type": "Polygon", "coordinates": [ [ [ 24.855989716061426, 59.414087581956977 ], [ 24.847187062580183, 59.413942678498429 ], [ 24.84253853416628, 59.417755730169262 ], [ 24.846693533397136, 59.421714149641502 ], [ 24.855498201095592, 59.421859097748104 ], [ 24.860145854985372, 59.41804558172629 ], [ 24.855989716061426, 59.414087581956977 ] ] ] } },
{ "type": "Feature", "properties": { "from_id": "291", "population": 4330.5706108411487, "gravity_community": 1.2361930340564971, "gravity_education": 5.2697477308712175, "gravity_essential_services": 8.0021901858659259, "gravity_food_and_drink": 17.773162982324699, "gravity_healthcare": 6.5536986656738847, "gravity_shelter": 14.191795222012123, "avg_gravity": 8.8377979701340585, "min_tt_community": 46.0, "min_tt_education": 47.0, "min_tt_essential_services": 38.0, "min_tt_food_and_drink": 30.0, "min_tt_healthcare": 40.0, "min_tt_shelter": 14.0, "avg_tt_community": 52.4, "avg_tt_education": 55.086956521739133, "avg_tt_essential_services": 49.7, "avg_tt_food_and_drink": 51.217391304347828, "avg_tt_healthcare": 51.807692307692307, "avg_tt_shelter": 52.535714285714285, "avg_tt_all": 52.12462573658226, "n_unreachable_categories": 0, "count_community": 5.0, "count_education": 23.0, "count_essential_services": 30.0, "count_food_and_drink": 69.0, "count_healthcare": 26.0, "count_shelter": 56.0, "gravity_community_per_100": 0.028545730924276168, "gravity_education_per_100": 0.12168714482287699, "gravity_essential_services_per_100": 0.18478373648574731, "gravity_food_and_drink_per_100": 0.41041157342709922, "gravity_healthcare_per_100": 0.15133568424602889, "gravity_shelter_per_100": 0.3277118998241107, "shannon": 1.5888269250184679, "kl_divergence": 0.062898130273233391, "jsd": 0.12435518415564112, "city_similarity": 0.87564481584435883 }, "geometry": { "type": "Polygon", "coordinates": [ [ [ 24.868949647618773, 59.418189617526963 ], [ 24.860145854985372, 59.41804558172629 ], [ 24.855498201095592, 59.421859097748104 ], [ 24.859655215084647, 59.425817113871204 ], [ 24.868461022576131, 59.425961194056455 ], [ 24.87188503582831, 59.423150934671987 ], [ 24.86988639831543, 59.422664642333977 ], [ 24.868780136108398, 59.42139816284179 ], [ 24.86897087097168, 59.420764923095703 ], [ 24.869235992431641, 59.419834136962876 ], [ 24.869504928588867, 59.418960571289034 ], [ 24.869564385386777, 59.4187747710209 ], [ 24.868949647618773, 59.418189617526963 ] ] ] } },
{ "type": "Feature", "properties": { "from_id": "292", "population": 4835.8604998345536, "gravity_community": 13.630238554220472, "gravity_education": 40.931786836533, "gravity_essential_services": 44.135839231683306, "gravity_food_and_drink": 250.15970981370481, "gravity_healthcare": 47.318154288767047, "gravity_shelter": 76.822298938590535, "avg_gravity": 78.833004610583203, "min_tt_community": 20.0, "min_tt_education": 28.0, "min_tt_essential_services": 22.0, "min_tt_food_and_drink": 22.0, "min_tt_healthcare": 22.0, "min_tt_shelter": 10.0, "avg_tt_community": 49.38, "avg_tt_education": 50.090909090909093, "avg_tt_essential_services": 45.856164383561641, "avg_tt_food_and_drink": 48.644518272425252, "avg_tt_healthcare": 48.053892215568865, "avg_tt_shelter": 47.21072796934866, "avg_tt_all": 48.206035321968919, "n_unreachable_categories": 0, "count_community": 50.0, "count_education": 154.0, "count_essential_services": 146.0, "count_food_and_drink": 903.0, "count_healthcare": 167.0, "count_shelter": 261.0, "gravity_community_per_100": 0.28185756298567333, "gravity_education_per_100": 0.84642199331294554, "gravity_essential_services_per_100": 0.91267808972556785, "gravity_food_and_drink_per_100": 5.1730133617845961, "gravity_healthcare_per_100": 0.97848468313728076, "gravity_shelter_per_100": 1.5885962579197395, "shannon": 1.3881728809801179, "kl_divergence": 0.008012338943764994, "jsd": 0.044937112729546203, "city_similarity": 0.95506288727045385 }, "geometry": { "type": "Polygon", "coordinates": [ [ [ 24.84253853416628, 59.417755730169262 ], [ 24.833735006701822, 59.417609914436831 ], [ 24.829084464171153, 59.421422473252889 ], [ 24.833238322626933, 59.425381312333215 ], [ 24.842043864749169, 59.425527172997576 ], [ 24.846693533397136, 59.421714149641502 ], [ 24.84253853416628, 59.417755730169262 ] ] ] } },
{ "type": "Feature", "properties": { "from_id": "293", "population": 4269.8735237205601, "gravity_community": 0.4467480469593994, "gravity_education": 0.0, "gravity_essential_services": 1.5002583926821071, "gravity_food_and_drink": 2.2267764805429362, "gravity_healthcare": 1.5243069458039866, "gravity_shelter": 4.7114218040615219, "avg_gravity": 1.734918611674992, "min_tt_community": 53.0, "min_tt_education": null, "min_tt_essential_services": 57.0, "min_tt_food_and_drink": 49.0, "min_tt_healthcare": 55.0, "min_tt_shelter": 44.0, "avg_tt_community": 56.0, "avg_tt_education": null, "avg_tt_essential_services": 57.428571428571431, "avg_tt_food_and_drink": 56.1, "avg_tt_healthcare": 56.857142857142854, "avg_tt_shelter": 52.368421052631582, "avg_tt_all": 55.750827067669171, "n_unreachable_categories": 1, "count_community": 2.0, "count_education": 0.0, "count_essential_services": 7.0, "count_food_and_drink": 10.0, "count_healthcare": 7.0, "count_shelter": 19.0, "gravity_community_per_100": 0.01046279344054493, "gravity_education_per_100": 0.0, "gravity_essential_services_per_100": 0.035135897687546838, "gravity_food_and_drink_per_100": 0.052150876792309092, "gravity_healthcare_per_100": 0.035699112335200497, "gravity_shelter_per_100": 0.11034101543963809, "shannon": 1.4155685373375457, "kl_divergence": 0.34245637912761612, "jsd": 0.30646142890624972, "city_similarity": 0.69353857109375028 }, "geometry": { "type": "Polygon", "coordinates": [ [ [ 24.870312479804969, 59.411250580477642 ], [ 24.870256423950195, 59.410964965820305 ], [ 24.870185852050785, 59.410736083984382 ], [ 24.86976460676301, 59.410728975870676 ], [ 24.870312479804969, 59.411250580477642 ] ] ] } },
{ "type": "Feature", "properties": { "from_id": "294", "population": 4621.2749339140164, "gravity_community": 12.108850333625695, "gravity_education": 33.581524701420449, "gravity_essential_services": 36.954479183538965, "gravity_food_and_drink": 222.93038273353696, "gravity_healthcare": 38.380357646236213, "gravity_shelter": 62.675388732770656, "avg_gravity": 67.77183055518816, "min_tt_community": 22.0, "min_tt_education": 30.0, "min_tt_essential_services": 26.0, "min_tt_food_and_drink": 18.0, "min_tt_healthcare": 24.0, "min_tt_shelter": 12.0, "avg_tt_community": 49.777777777777779, "avg_tt_education": 49.827868852459019, "avg_tt_essential_services": 45.829268292682926, "avg_tt_food_and_drink": 49.020884520884522, "avg_tt_healthcare": 47.529850746268657, "avg_tt_shelter": 46.971428571428568, "avg_tt_all": 48.15951312691692, "n_unreachable_categories": 0, "count_community": 45.0, "count_education": 123.0, "count_essential_services": 123.0, "count_food_and_drink": 814.0, "count_healthcare": 134.0, "count_shelter": 210.0, "gravity_community_per_100": 0.26202401949217147, "gravity_education_per_100": 0.72667229675033362, "gravity_essential_services_per_100": 0.79965982790468049, "gravity_food_and_drink_per_100": 4.8240017294258823, "gravity_healthcare_per_100": 0.83051448345077672, "gravity_shelter_per_100": 1.3562358792552374, "shannon": 1.3506123688392737, "kl_divergence": 0.015611778286577387, "jsd": 0.062810342607266922, "city_similarity": 0.93718965739273308 }, "geometry": { "type": "Polygon", "coordinates": [ [ [ 24.868949647618773, 59.418189617526963 ], [ 24.869564385386777, 59.4187747710209 ], [ 24.869688034057617, 59.418388366699219 ], [ 24.870691299438477, 59.41833114624022 ], [ 24.870752334594727, 59.418327331542962 ], [ 24.870584487915039, 59.41717529296875 ], [ 24.870581878984041, 59.416849695334065 ], [ 24.868949647618773, 59.418189617526963 ] ] ] } },
{ "type": "Feature", "properties": { "from_id": "295", "population": 2902.5023505661889, "gravity_community": 0.0, "gravity_education": 1.9264489369292264, "gravity_essential_services": 2.454693987727576, "gravity_food_and_drink": 7.1631681014574875, "gravity_healthcare": 2.9415367823087331, "gravity_shelter": 5.6869010095899837, "avg_gravity": 3.3621248030021675, "min_tt_community": null, "min_tt_education": 42.0, "min_tt_essential_services": 49.0, "min_tt_food_and_drink": 45.0, "min_tt_healthcare": 42.0, "min_tt_shelter": 40.0, "avg_tt_community": null, "avg_tt_education": 53.5, "avg_tt_essential_services": 56.0, "avg_tt_food_and_drink": 56.535714285714285, "avg_tt_healthcare": 55.692307692307693, "avg_tt_shelter": 54.041666666666664, "avg_tt_all": 55.153937728937727, "n_unreachable_categories": 1, "count_community": 0.0, "count_education": 8.0, "count_essential_services": 11.0, "count_food_and_drink": 29.0, "count_healthcare": 13.0, "count_shelter": 24.0, "gravity_community_per_100": 0.0, "gravity_education_per_100": 0.06637200264638668, "gravity_essential_services_per_100": 0.08457164512713454, "gravity_food_and_drink_per_100": 0.24679284411467139, "gravity_healthcare_per_100": 0.10134485444033937, "gravity_shelter_per_100": 0.19593096999493023, "shannon": 1.4981619299886497, "kl_divergence": 0.097765578748706922, "jsd": 0.1651347495264662, "city_similarity": 0.83486525047353377 }, "geometry": { "type": "Polygon", "coordinates": [ [ [ 24.90784836124778, 59.430488092562669 ], [ 24.91201256128026, 59.434444476023387 ], [ 24.920820906099422, 59.434585038239113 ], [ 24.92295538804175, 59.432830606643719 ], [ 24.922859191894535, 59.432750701904297 ], [ 24.92194938659668, 59.432174682617188 ], [ 24.918863296508789, 59.431495666503899 ], [ 24.91578483581543, 59.430934906005866 ], [ 24.911970138549805, 59.430213928222642 ], [ 24.908874009616667, 59.429645353218142 ], [ 24.90784836124778, 59.430488092562669 ] ] ] } },
{ "type": "Feature", "properties": { "from_id": "296", "population": 4244.6599864053696, "gravity_community": 0.0, "gravity_education": 1.3855979910852072, "gravity_essential_services": 1.6906946905087399, "gravity_food_and_drink": 2.8159661640341778, "gravity_healthcare": 1.9808953576925425, "gravity_shelter": 3.7525417959727525, "avg_gravity": 1.9376159998822367, "min_tt_community": null, "min_tt_education": 45.0, "min_tt_essential_services": 53.0, "min_tt_food_and_drink": 48.0, "min_tt_healthcare": 46.0, "min_tt_shelter": 44.0, "avg_tt_community": null, "avg_tt_education": 55.0, "avg_tt_essential_services": 58.0, "avg_tt_food_and_drink": 57.153846153846153, "avg_tt_healthcare": 56.666666666666664, "avg_tt_shelter": 54.4375, "avg_tt_all": 56.251602564102562, "n_unreachable_categories": 1, "count_community": 0.0, "count_education": 6.0, "count_essential_services": 8.0, "count_food_and_drink": 13.0, "count_healthcare": 9.0, "count_shelter": 16.0, "gravity_community_per_100": 0.0, "gravity_education_per_100": 0.032643321149937711, "gravity_essential_services_per_100": 0.039831098272267516, "gravity_food_and_drink_per_100": 0.066341383598522471, "gravity_healthcare_per_100": 0.046667939576712301, "gravity_shelter_per_100": 0.088406181130909103, "shannon": 1.5499577299177019, "kl_divergence": 0.17423792337200644, "jsd": 0.21633398164802981, "city_similarity": 0.78366601835197014 }, "geometry": { "type": "Polygon", "coordinates": [ [ [ 24.920820906099422, 59.434585038239113 ], [ 24.923521305448737, 59.437149287629559 ], [ 24.923610687255859, 59.436985015869126 ], [ 24.924160003662109, 59.436511993408203 ], [ 24.924816131591797, 59.435932159423814 ], [ 24.925670623779297, 59.435630798339851 ], [ 24.92628288269043, 59.43550109863282 ], [ 24.926002502441406, 59.435295104980469 ], [ 24.923681259155273, 59.433433532714851 ], [ 24.92295538804175, 59.432830606643719 ], [ 24.920820906099422, 59.434585038239113 ] ] ] } },
{ "type": "Feature", "properties": { "from_id": "297", "population": 951.81373608298736, "gravity_community": 1.9501809666850529, "gravity_education": 12.887341942198553, "gravity_essential_services": 11.152100759114003, "gravity_food_and_drink": 35.004987820444533, "gravity_healthcare": 13.255580869823946, "gravity_shelter": 24.362203040190611, "avg_gravity": 16.435399233076115, "min_tt_community": 47.0, "min_tt_education": 25.0, "min_tt_essential_services": 34.0, "min_tt_food_and_drink": 28.0, "min_tt_healthcare": 26.0, "min_tt_shelter": 24.0, "avg_tt_community": 52.875, "avg_tt_education": 50.510204081632651, "avg_tt_essential_services": 49.121951219512198, "avg_tt_food_and_drink": 50.0234375, "avg_tt_healthcare": 49.530612244897959, "avg_tt_shelter": 48.81818181818182, "avg_tt_all": 50.146564477370767, "n_unreachable_categories": 0, "count_community": 8.0, "count_education": 49.0, "count_essential_services": 41.0, "count_food_and_drink": 129.0, "count_healthcare": 49.0, "count_shelter": 88.0, "gravity_community_per_100": 0.20489102990997593, "gravity_education_per_100": 1.3539773018231502, "gravity_essential_services_per_100": 1.171668398589035, "gravity_food_and_drink_per_100": 3.6777140834824529, "gravity_healthcare_per_100": 1.3926654309880868, "gravity_shelter_per_100": 2.559555732033111, "shannon": 1.5806378899322939, "kl_divergence": 0.038446544584925899, "jsd": 0.098354356650625821, "city_similarity": 0.90164564334937414 }, "geometry": { "type": "Polygon", "coordinates": [ [ [ 24.920820906099422, 59.434585038239113 ], [ 24.91201256128026, 59.434444476023387 ], [ 24.907368416312927, 59.438259849024611 ], [ 24.911533495742937, 59.442216248371565 ], [ 24.917261609464401, 59.442307731675122 ], [ 24.917264938354496, 59.442226409912116 ], [ 24.917291641235352, 59.44182205200196 ], [ 24.917045593261719, 59.441238403320312 ], [ 24.917154312133789, 59.440700531005845 ], [ 24.917106628417969, 59.439746856689467 ], [ 24.917367935180664, 59.439468383789077 ], [ 24.917961120605469, 59.439231872558594 ], [ 24.918416976928711, 59.439167022705085 ], [ 24.919134140014648, 59.438938140869148 ], [ 24.919366836547852, 59.43901443481446 ], [ 24.919792175292972, 59.439453124999979 ], [ 24.920368194580078, 59.43953704833983 ], [ 24.921390533447266, 59.439342498779304 ], [ 24.922082901000977, 59.439098358154297 ], [ 24.922689437866211, 59.438694000244148 ], [ 24.922977447509766, 59.438369750976534 ], [ 24.923257827758789, 59.437633514404297 ], [ 24.923521305448737, 59.437149287629559 ], [ 24.920820906099422, 59.434585038239113 ] ] ] } },
{ "type": "Feature", "properties": { "from_id": "298", "population": 3854.6039068574187, "gravity_community": 9.8347699314812544, "gravity_education": 33.049968850634379, "gravity_essential_services": 33.25176424750353, "gravity_food_and_drink": 166.66451142624965, "gravity_healthcare": 36.920731428401368, "gravity_shelter": 67.357523143013736, "avg_gravity": 57.846544837880657, "min_tt_community": 34.0, "min_tt_education": 19.0, "min_tt_essential_services": 25.0, "min_tt_food_and_drink": 17.0, "min_tt_healthcare": 16.0, "min_tt_shelter": 2.0, "avg_tt_community": 52.051282051282051, "avg_tt_education": 47.035398230088497, "avg_tt_essential_services": 47.495652173913044, "avg_tt_food_and_drink": 51.262910798122064, "avg_tt_healthcare": 47.19047619047619, "avg_tt_shelter": 46.233183856502244, "avg_tt_all": 48.544817216730685, "n_unreachable_categories": 0, "count_community": 39.0, "count_education": 113.0, "count_essential_services": 115.0, "count_food_and_drink": 640.0, "count_healthcare": 126.0, "count_shelter": 223.0, "gravity_community_per_100": 0.25514346400119087, "gravity_education_per_100": 0.85741543487354988, "gravity_essential_services_per_100": 0.8626506134222498, "gravity_food_and_drink_per_100": 4.3237778888188769, "gravity_healthcare_per_100": 0.95783463931841706, "gravity_shelter_per_100": 1.7474564124003333, "shannon": 1.4244999427468166, "kl_divergence": 0.0036530717953437517, "jsd": 0.030428169729298543, "city_similarity": 0.96957183027070148 }, "geometry": { "type": "Polygon", "coordinates": [ [ [ 24.911533495742937, 59.442216248371565 ], [ 24.906888212754517, 59.446031593792547 ], [ 24.910851773321816, 59.449795815009793 ], [ 24.910892486572266, 59.449741363525391 ], [ 24.911394119262695, 59.449333190917983 ], [ 24.911649703979492, 59.449050903320305 ], [ 24.911796569824219, 59.448612213134773 ], [ 24.911361694335938, 59.447933197021456 ], [ 24.911151885986328, 59.447402954101548 ], [ 24.911081314086914, 59.446903228759766 ], [ 24.911544799804688, 59.446666717529297 ], [ 24.91290283203125, 59.446323394775405 ], [ 24.914411544799805, 59.44593811035157 ], [ 24.914840698242188, 59.445762634277351 ], [ 24.914926528930664, 59.44561386108397 ], [ 24.915109634399414, 59.445301055908196 ], [ 24.915121078491211, 59.445247650146484 ], [ 24.91519927978516, 59.444801330566406 ], [ 24.915290832519535, 59.444599151611328 ], [ 24.9154052734375, 59.444435119628899 ], [ 24.915500640869144, 59.4443359375 ], [ 24.91578483581543, 59.444042205810547 ], [ 24.915960311889648, 59.44383239746093 ], [ 24.916439056396484, 59.443553924560561 ], [ 24.916547775268555, 59.443466186523409 ], [ 24.916751861572266, 59.443344116210938 ], [ 24.917238235473636, 59.44287872314451 ], [ 24.917261609464401, 59.442307731675122 ], [ 24.911533495742937, 59.442216248371565 ] ] ] } },
{ "type": "Feature", "properties": { "from_id": "299", "population": 1257.301430539384, "gravity_community": 2.2213764489630163, "gravity_education": 10.532255795263197, "gravity_essential_services": 11.198619963598247, "gravity_food_and_drink": 36.154349809807037, "gravity_healthcare": 10.842209608170512, "gravity_shelter": 18.62340181191983, "avg_gravity": 14.928702239620307, "min_tt_community": 39.0, "min_tt_education": 40.0, "min_tt_essential_services": 31.0, "min_tt_food_and_drink": 24.0, "min_tt_healthcare": 33.0, "min_tt_shelter": 22.0, "avg_tt_community": 53.0, "avg_tt_education": 52.790697674418603, "avg_tt_essential_services": 48.902439024390247, "avg_tt_food_and_drink": 51.316176470588232, "avg_tt_healthcare": 50.243902439024389, "avg_tt_shelter": 50.228571428571428, "avg_tt_all": 51.080297839498805, "n_unreachable_categories": 0, "count_community": 9.0, "count_education": 43.0, "count_essential_services": 41.0, "count_food_and_drink": 137.0, "count_healthcare": 41.0, "count_shelter": 70.0, "gravity_community_per_100": 0.17667811353797974, "gravity_education_per_100": 0.83768741046805661, "gravity_essential_services_per_100": 0.89068696587691187, "gravity_food_and_drink_per_100": 2.8755514733087333, "gravity_healthcare_per_100": 0.86233971781287078, "gravity_shelter_per_100": 1.4812201242728535, "shannon": 1.5578308960430465, "kl_divergence": 0.017534592425437714, "jsd": 0.065698719198393346, "city_similarity": 0.93430128080160668 }, "geometry": { "type": "Polygon", "coordinates": [ [ [ 24.868461022576131, 59.425961194056455 ], [ 24.872620051964514, 59.429918806492587 ], [ 24.881426998807243, 59.430062018460966 ], [ 24.885843173327167, 59.426436212036812 ], [ 24.884712219238281, 59.426185607910163 ], [ 24.881389617919922, 59.425441741943366 ], [ 24.879541397094727, 59.424873352050803 ], [ 24.87479400634766, 59.423858642578118 ], [ 24.87188503582831, 59.423150934671987 ], [ 24.868461022576131, 59.425961194056455 ] ] ] } },
{ "type": "Feature", "properties": { "from_id": "300", "population": 162.92486183536377, "gravity_community": 0.0, "gravity_education": 0.46463083565273078, "gravity_essential_services": 0.20543739324049337, "gravity_food_and_drink": 1.2287059672165841, "gravity_healthcare": 0.24787115830585713, "gravity_shelter": 1.141596747004495, "avg_gravity": 0.5480403502366934, "min_tt_community": null, "min_tt_education": 52.0, "min_tt_essential_services": 59.0, "min_tt_food_and_drink": 55.0, "min_tt_healthcare": 52.0, "min_tt_shelter": 50.0, "avg_tt_community": null, "avg_tt_education": 54.5, "avg_tt_essential_services": 59.0, "avg_tt_food_and_drink": 55.0, "avg_tt_healthcare": 52.0, "avg_tt_shelter": 55.2, "avg_tt_all": 55.14, "n_unreachable_categories": 1, "count_community": 0.0, "count_education": 2.0, "count_essential_services": 1.0, "count_food_and_drink": 2.0, "count_healthcare": 1.0, "count_shelter": 5.0, "gravity_community_per_100": 0.0, "gravity_education_per_100": 0.28518105243031733, "gravity_essential_services_per_100": 0.12609333586428859, "gravity_food_and_drink_per_100": 0.75415498492685318, "gravity_healthcare_per_100": 0.1521383265350453, "gravity_shelter_per_100": 0.70068909934573587, "shannon": 1.4142790678266679, "kl_divergence": 0.31596867942180923, "jsd": 0.28416576811960687, "city_similarity": 0.71583423188039319 }, "geometry": { "type": "Polygon", "coordinates": [ [ [ 24.89904115381, 59.430346661507791 ], [ 24.90784836124778, 59.430488092562669 ], [ 24.908874009616667, 59.429645353218142 ], [ 24.907608032226562, 59.429412841796868 ], [ 24.904428482055668, 59.428825378417947 ], [ 24.901395797729496, 59.428470611572259 ], [ 24.899038314819336, 59.428199768066406 ], [ 24.897356033325195, 59.428009033203118 ], [ 24.896476568180322, 59.427908756995208 ], [ 24.89904115381, 59.430346661507791 ] ] ] } },
{ "type": "Feature", "properties": { "from_id": "301", "population": 747.67786114373689, "gravity_community": 1.0753428111161996, "gravity_education": 11.123002200424837, "gravity_essential_services": 11.36666531270787, "gravity_food_and_drink": 32.980411688200348, "gravity_healthcare": 12.100639873171506, "gravity_shelter": 20.314947151413669, "avg_gravity": 14.826834839505736, "min_tt_community": 47.0, "min_tt_education": 33.0, "min_tt_essential_services": 35.0, "min_tt_food_and_drink": 31.0, "min_tt_healthcare": 33.0, "min_tt_shelter": 23.0, "avg_tt_community": 49.0, "avg_tt_education": 50.19047619047619, "avg_tt_essential_services": 49.333333333333336, "avg_tt_food_and_drink": 49.449152542372879, "avg_tt_healthcare": 49.8, "avg_tt_shelter": 51.115384615384613, "avg_tt_all": 49.814724446927833, "n_unreachable_categories": 0, "count_community": 4.0, "count_education": 42.0, "count_essential_services": 42.0, "count_food_and_drink": 119.0, "count_healthcare": 45.0, "count_shelter": 78.0, "gravity_community_per_100": 0.14382434829235513, "gravity_education_per_100": 1.4876730713157365, "gravity_essential_services_per_100": 1.5202623888475268, "gravity_food_and_drink_per_100": 4.4110456390603296, "gravity_healthcare_per_100": 1.6184296074596791, "gravity_shelter_per_100": 2.7170721786970544, "shannon": 1.5586434988504567, "kl_divergence": 0.046369679861814825, "jsd": 0.10879042476209824, "city_similarity": 0.89120957523790179 }, "geometry": { "type": "Polygon", "coordinates": [ [ [ 24.881426998807243, 59.430062018460966 ], [ 24.88558804423576, 59.434019226872152 ], [ 24.894396129987143, 59.434161570328193 ], [ 24.89904115381, 59.430346661507791 ], [ 24.896476568180322, 59.427908756995208 ], [ 24.893943786621094, 59.427619934082024 ], [ 24.88909912109375, 59.427059173583977 ], [ 24.888462066650391, 59.426986694335923 ], [ 24.887346267700195, 59.42676925659179 ], [ 24.885843173327167, 59.426436212036812 ], [ 24.881426998807243, 59.430062018460966 ] ] ] } },
{ "type": "Feature", "properties": { "from_id": "302", "population": 254.54642640582043, "gravity_community": 9.7719002065620373, "gravity_education": 30.723501706797322, "gravity_essential_services": 32.459716150985024, "gravity_food_and_drink": 173.83056302374578, "gravity_healthcare": 35.420695947840088, "gravity_shelter": 52.501067484777913, "avg_gravity": 55.784574086784694, "min_tt_community": 32.0, "min_tt_education": 26.0, "min_tt_essential_services": 24.0, "min_tt_food_and_drink": 16.0, "min_tt_healthcare": 20.0, "min_tt_shelter": 25.0, "avg_tt_community": 52.230769230769234, "avg_tt_education": 49.125, "avg_tt_essential_services": 47.619469026548671, "avg_tt_food_and_drink": 51.118618618618619, "avg_tt_healthcare": 48.763779527559052, "avg_tt_shelter": 48.037634408602152, "avg_tt_all": 49.482545135349625, "n_unreachable_categories": 0, "count_community": 39.0, "count_education": 112.0, "count_essential_services": 113.0, "count_food_and_drink": 667.0, "count_healthcare": 127.0, "count_shelter": 186.0, "gravity_community_per_100": 3.8389461382509489, "gravity_education_per_100": 12.069901015940879, "gravity_essential_services_per_100": 12.751982657668457, "gravity_food_and_drink_per_100": 68.29031759676316, "gravity_healthcare_per_100": 13.915220279450825, "gravity_shelter_per_100": 20.625340620997783, "shannon": 1.3944898437692457, "kl_divergence": 0.009201231585144104, "jsd": 0.048285880919616865, "city_similarity": 0.95171411908038317 }, "geometry": { "type": "Polygon", "coordinates": [ [ [ 24.881426998807243, 59.430062018460966 ], [ 24.872620051964514, 59.429918806492587 ], [ 24.867972134329623, 59.433732758802201 ], [ 24.872132040307648, 59.437690387485326 ], [ 24.880941003732275, 59.437833643594921 ], [ 24.88558804423576, 59.434019226872152 ], [ 24.881426998807243, 59.430062018460966 ] ] ] } },
{ "type": "Feature", "properties": { "from_id": "303", "population": 881.8369228542939, "gravity_community": 1.7346689189567808, "gravity_education": 13.798399666198002, "gravity_essential_services": 11.324763658523622, "gravity_food_and_drink": 37.072243725158557, "gravity_healthcare": 13.455824587249975, "gravity_shelter": 23.956086808904534, "avg_gravity": 16.890331227498578, "min_tt_community": 46.0, "min_tt_education": 23.0, "min_tt_essential_services": 28.0, "min_tt_food_and_drink": 28.0, "min_tt_healthcare": 18.0, "min_tt_shelter": 18.0, "avg_tt_community": 52.285714285714285, "avg_tt_education": 50.346153846153847, "avg_tt_essential_services": 48.634146341463413, "avg_tt_food_and_drink": 50.117647058823529, "avg_tt_healthcare": 49.183673469387756, "avg_tt_shelter": 49.397727272727273, "avg_tt_all": 49.994177045711687, "n_unreachable_categories": 0, "count_community": 7.0, "count_education": 52.0, "count_essential_services": 41.0, "count_food_and_drink": 137.0, "count_healthcare": 49.0, "count_shelter": 88.0, "gravity_community_per_100": 0.19671085140573102, "gravity_education_per_100": 1.5647337176057339, "gravity_essential_services_per_100": 1.2842242556444663, "gravity_food_and_drink_per_100": 4.2039795300433358, "gravity_healthcare_per_100": 1.5258858229361398, "gravity_shelter_per_100": 2.716611902727371, "shannon": 1.5657405032543557, "kl_divergence": 0.034418470036055651, "jsd": 0.093234190629410046, "city_similarity": 0.90676580937058993 }, "geometry": { "type": "Polygon", "coordinates": [ [ [ 24.90784836124778, 59.430488092562669 ], [ 24.89904115381, 59.430346661507791 ], [ 24.894396129987143, 59.434161570328193 ], [ 24.898559192096307, 59.438118374376351 ], [ 24.907368416312927, 59.438259849024611 ], [ 24.91201256128026, 59.434444476023387 ], [ 24.90784836124778, 59.430488092562669 ] ] ] } },
{ "type": "Feature", "properties": { "from_id": "304", "population": 1086.1787500352086, "gravity_community": 13.74013581196961, "gravity_education": 45.198044372035461, "gravity_essential_services": 43.176033633197427, "gravity_food_and_drink": 236.63030648818352, "gravity_healthcare": 50.179786964094028, "gravity_shelter": 84.282584402381417, "avg_gravity": 78.867815278643576, "min_tt_community": 29.0, "min_tt_education": 16.0, "min_tt_essential_services": 18.0, "min_tt_food_and_drink": 14.0, "min_tt_healthcare": 16.0, "min_tt_shelter": 6.0, "avg_tt_community": 49.607843137254903, "avg_tt_education": 45.455782312925173, "avg_tt_essential_services": 45.035971223021583, "avg_tt_food_and_drink": 48.453254437869823, "avg_tt_healthcare": 45.166666666666664, "avg_tt_shelter": 46.021897810218981, "avg_tt_all": 46.623569264659523, "n_unreachable_categories": 0, "count_community": 51.0, "count_education": 147.0, "count_essential_services": 139.0, "count_food_and_drink": 845.0, "count_healthcare": 162.0, "count_shelter": 275.0, "gravity_community_per_100": 1.2649976637385165, "gravity_education_per_100": 4.1611976270545119, "gravity_essential_services_per_100": 3.9750394335921113, "gravity_food_and_drink_per_100": 21.785576865733482, "gravity_healthcare_per_100": 4.6198461314463612, "gravity_shelter_per_100": 7.7595501108495615, "shannon": 1.4083714389314559, "kl_divergence": 0.0045199527809512158, "jsd": 0.033764657802397582, "city_similarity": 0.96623534219760243 }, "geometry": { "type": "Polygon", "coordinates": [ [ [ 24.894396129987143, 59.434161570328193 ], [ 24.88558804423576, 59.434019226872152 ], [ 24.880941003732275, 59.437833643594921 ], [ 24.885102926834097, 59.441790868136238 ], [ 24.893913029808139, 59.441933255469621 ], [ 24.898559192096307, 59.438118374376351 ], [ 24.894396129987143, 59.434161570328193 ] ] ] } },
{ "type": "Feature", "properties": { "from_id": "305", "population": 2698.0255040446959, "gravity_community": 23.177162489978162, "gravity_education": 82.602729748476804, "gravity_essential_services": 74.673779099069989, "gravity_food_and_drink": 376.71153189097123, "gravity_healthcare": 89.010747108992945, "gravity_shelter": 150.50097111699912, "avg_gravity": 132.77948690908138, "min_tt_community": 17.0, "min_tt_education": 4.0, "min_tt_essential_services": 2.0, "min_tt_food_and_drink": 2.0, "min_tt_healthcare": 2.0, "min_tt_shelter": 3.0, "avg_tt_community": 45.04, "avg_tt_education": 43.157894736842103, "avg_tt_essential_services": 41.429245283018865, "avg_tt_food_and_drink": 42.636363636363633, "avg_tt_healthcare": 42.837121212121211, "avg_tt_shelter": 43.682713347921222, "avg_tt_all": 43.130556369377842, "n_unreachable_categories": 0, "count_community": 75.0, "count_education": 247.0, "count_essential_services": 212.0, "count_food_and_drink": 1134.0, "count_healthcare": 264.0, "count_shelter": 457.0, "gravity_community_per_100": 0.85904163823627844, "gravity_education_per_100": 3.0615992926918008, "gravity_essential_services_per_100": 2.7677195410912221, "gravity_food_and_drink_per_100": 13.962489654980317, "gravity_healthcare_per_100": 3.2991069571267615, "gravity_shelter_per_100": 5.5781893422200168, "shannon": 1.4717008705025552, "kl_divergence": 0.00054198164594963186, "jsd": 0.011641379432084362, "city_similarity": 0.98835862056791568 }, "geometry": { "type": "Polygon", "coordinates": [ [ [ 24.880941003732275, 59.437833643594921 ], [ 24.872132040307648, 59.437690387485326 ], [ 24.867482982680368, 59.441504311763666 ], [ 24.871643765690525, 59.44546195670371 ], [ 24.880454746781126, 59.44560525697473 ], [ 24.885102926834097, 59.441790868136238 ], [ 24.880941003732275, 59.437833643594921 ] ] ] } },
{ "type": "Feature", "properties": { "from_id": "306", "population": 1653.3715607199897, "gravity_community": 12.912428109440233, "gravity_education": 41.366859559769075, "gravity_essential_services": 41.105545299078301, "gravity_food_and_drink": 225.97196419266561, "gravity_healthcare": 47.84022289008422, "gravity_shelter": 80.228774666491276, "avg_gravity": 74.904299119588117, "min_tt_community": 30.0, "min_tt_education": 10.0, "min_tt_essential_services": 16.0, "min_tt_food_and_drink": 14.0, "min_tt_healthcare": 10.0, "min_tt_shelter": 7.0, "avg_tt_community": 50.387755102040813, "avg_tt_education": 45.208955223880594, "avg_tt_essential_services": 46.029411764705884, "avg_tt_food_and_drink": 49.475211608222494, "avg_tt_healthcare": 45.757961783439491, "avg_tt_shelter": 46.296992481203006, "avg_tt_all": 47.192714660582048, "n_unreachable_categories": 0, "count_community": 49.0, "count_education": 134.0, "count_essential_services": 136.0, "count_food_and_drink": 828.0, "count_healthcare": 157.0, "count_shelter": 266.0, "gravity_community_per_100": 0.78097557840037424, "gravity_education_per_100": 2.501969946897789, "gravity_essential_services_per_100": 2.486165014304357, "gravity_food_and_drink_per_100": 13.667343116405254, "gravity_healthcare_per_100": 2.8934949666880296, "gravity_shelter_per_100": 4.8524346597297372, "shannon": 1.3986307120021457, "kl_divergence": 0.0062716865881078041, "jsd": 0.039895146630937968, "city_similarity": 0.96010485336906204 }, "geometry": { "type": "Polygon", "coordinates": [ [ [ 24.907368416312927, 59.438259849024611 ], [ 24.898559192096307, 59.438118374376351 ], [ 24.893913029808139, 59.441933255469621 ], [ 24.898076970674783, 59.445890075530961 ], [ 24.906888212754517, 59.446031593792547 ], [ 24.911533495742937, 59.442216248371565 ], [ 24.907368416312927, 59.438259849024611 ] ] ] } },
{ "type": "Feature", "properties": { "from_id": "307", "population": 3049.0702013165783, "gravity_community": 21.365266418298305, "gravity_education": 76.525384148027968, "gravity_essential_services": 70.6744373263233, "gravity_food_and_drink": 355.96047961370368, "gravity_healthcare": 83.854726185240523, "gravity_shelter": 144.86951921371124, "avg_gravity": 125.54163548421751, "min_tt_community": 19.0, "min_tt_education": 5.0, "min_tt_essential_services": 7.0, "min_tt_food_and_drink": 4.0, "min_tt_healthcare": 6.0, "min_tt_shelter": 4.0, "avg_tt_community": 45.929577464788736, "avg_tt_education": 43.841880341880341, "avg_tt_essential_services": 42.53846153846154, "avg_tt_food_and_drink": 44.059299191374663, "avg_tt_healthcare": 44.0, "avg_tt_shelter": 44.443458980044348, "avg_tt_all": 44.135446252758271, "n_unreachable_categories": 0, "count_community": 71.0, "count_education": 234.0, "count_essential_services": 208.0, "count_food_and_drink": 1114.0, "count_healthcare": 258.0, "count_shelter": 451.0, "gravity_community_per_100": 0.70071415243482593, "gravity_education_per_100": 2.509794104280858, "gravity_essential_services_per_100": 2.3179012833422568, "gravity_food_and_drink_per_100": 11.674394359959345, "gravity_healthcare_per_100": 2.7501736807841395, "gravity_shelter_per_100": 4.751268735995553, "shannon": 1.4660231219014825, "kl_divergence": 0.00091887215540896634, "jsd": 0.015197687601173182, "city_similarity": 0.98480231239882676 }, "geometry": { "type": "Polygon", "coordinates": [ [ [ 24.893913029808139, 59.441933255469621 ], [ 24.885102926834097, 59.441790868136238 ], [ 24.880454746781126, 59.44560525697473 ], [ 24.884617547999568, 59.449562497656061 ], [ 24.893429669280845, 59.449704928886888 ], [ 24.898076970674783, 59.445890075530961 ], [ 24.893913029808139, 59.441933255469621 ] ] ] } },
{ "type": "Feature", "properties": { "from_id": "308", "population": 0.0056407632511358916, "gravity_community": 18.830988708540094, "gravity_education": 66.275546665487255, "gravity_essential_services": 61.655235249033687, "gravity_food_and_drink": 334.07343723403409, "gravity_healthcare": 74.438032765624243, "gravity_shelter": 126.46372174586753, "avg_gravity": 113.62282706143117, "min_tt_community": 21.0, "min_tt_education": 3.0, "min_tt_essential_services": 5.0, "min_tt_food_and_drink": 1.0, "min_tt_healthcare": 6.0, "min_tt_shelter": 9.0, "avg_tt_community": 45.354838709677416, "avg_tt_education": 41.473404255319146, "avg_tt_essential_services": 42.055555555555557, "avg_tt_food_and_drink": 44.126195028680691, "avg_tt_healthcare": 42.814479638009047, "avg_tt_shelter": 43.257978723404257, "avg_tt_all": 43.18040865177435, "n_unreachable_categories": 0, "count_community": 62.0, "count_education": 188.0, "count_essential_services": 180.0, "count_food_and_drink": 1047.0, "count_healthcare": 221.0, "count_shelter": 376.0, "gravity_community_per_100": 333837.60087339353, "gravity_education_per_100": 1174939.3426880876, "gravity_essential_services_per_100": 1093030.0121462827, "gravity_food_and_drink_per_100": 5922486.4147021426, "gravity_healthcare_per_100": 1319644.6908250316, "gravity_shelter_per_100": 2241961.1693577333, "shannon": 1.4279323172717482, "kl_divergence": 0.0026479681664315414, "jsd": 0.025974185179101571, "city_similarity": 0.97402581482089845 }, "geometry": { "type": "Polygon", "coordinates": [ [ [ 24.880454746781126, 59.44560525697473 ], [ 24.871643765690525, 59.44546195670371 ], [ 24.866993567429279, 59.449275852940417 ], [ 24.871155227914379, 59.453233514147236 ], [ 24.879968227755835, 59.453376858599889 ], [ 24.884617547999568, 59.449562497656061 ], [ 24.880454746781126, 59.44560525697473 ] ] ] } },
{ "type": "Feature", "properties": { "from_id": "309", "population": 7.5687195494257793, "gravity_community": 14.651363171023883, "gravity_education": 50.356420109056685, "gravity_essential_services": 47.211212260464251, "gravity_food_and_drink": 262.31198361832691, "gravity_healthcare": 56.939339278015595, "gravity_shelter": 89.305367329537361, "avg_gravity": 86.795947627737448, "min_tt_community": 30.0, "min_tt_education": 17.0, "min_tt_essential_services": 14.0, "min_tt_food_and_drink": 10.0, "min_tt_healthcare": 11.0, "min_tt_shelter": 11.0, "avg_tt_community": 48.547169811320757, "avg_tt_education": 45.123456790123456, "avg_tt_essential_services": 44.894039735099341, "avg_tt_food_and_drink": 47.696506550218338, "avg_tt_healthcare": 45.320441988950279, "avg_tt_shelter": 45.146853146853147, "avg_tt_all": 46.121411337094223, "n_unreachable_categories": 0, "count_community": 53.0, "count_education": 162.0, "count_essential_services": 151.0, "count_food_and_drink": 916.0, "count_healthcare": 182.0, "count_shelter": 286.0, "gravity_community_per_100": 193.57783143299909, "gravity_education_per_100": 665.32284331868402, "gravity_essential_services_per_100": 623.76749398841253, "gravity_food_and_drink_per_100": 3465.7379217892662, "gravity_healthcare_per_100": 752.29817812889428, "gravity_shelter_per_100": 1179.9270239351483, "shannon": 1.4078835258687954, "kl_divergence": 0.0048752766813099507, "jsd": 0.035053024407866812, "city_similarity": 0.96494697559213316 }, "geometry": { "type": "Polygon", "coordinates": [ [ [ 24.906888212754517, 59.446031593792547 ], [ 24.898076970674783, 59.445890075530961 ], [ 24.893429669280845, 59.449704928886888 ], [ 24.8975944893491, 59.453661764971123 ], [ 24.906407750377035, 59.45380332686608 ], [ 24.910366805856274, 59.450552491659785 ], [ 24.910581588745117, 59.45015716552733 ], [ 24.910851773321816, 59.449795815009793 ], [ 24.906888212754517, 59.446031593792547 ] ] ] } },
{ "type": "Feature", "properties": { "from_id": "310", "population": 225.46005377441162, "gravity_community": 14.856692423812934, "gravity_education": 51.086106639119336, "gravity_essential_services": 46.979035013544134, "gravity_food_and_drink": 265.34301423095854, "gravity_healthcare": 55.008256817767702, "gravity_shelter": 94.202906112016052, "avg_gravity": 87.912668539536455, "min_tt_community": 31.0, "min_tt_education": 9.0, "min_tt_essential_services": 9.0, "min_tt_food_and_drink": 6.0, "min_tt_healthcare": 4.0, "min_tt_shelter": 3.0, "avg_tt_community": 48.075471698113205, "avg_tt_education": 44.870370370370374, "avg_tt_essential_services": 43.647887323943664, "avg_tt_food_and_drink": 47.228665207877462, "avg_tt_healthcare": 44.551724137931032, "avg_tt_shelter": 44.791245791245792, "avg_tt_all": 45.527560754913587, "n_unreachable_categories": 0, "count_community": 53.0, "count_education": 162.0, "count_essential_services": 143.0, "count_food_and_drink": 914.0, "count_healthcare": 174.0, "count_shelter": 297.0, "gravity_community_per_100": 6.5895009670662477, "gravity_education_per_100": 22.65860660631019, "gravity_essential_services_per_100": 20.836966117532246, "gravity_food_and_drink_per_100": 117.68959058993775, "gravity_healthcare_per_100": 24.398227489472379, "gravity_shelter_per_100": 41.782526232461812, "shannon": 1.4022534252019969, "kl_divergence": 0.0043996705507278831, "jsd": 0.033242933251270181, "city_similarity": 0.96675706674872985 }, "geometry": { "type": "Polygon", "coordinates": [ [ [ 24.893429669280845, 59.449704928886888 ], [ 24.884617547999568, 59.449562497656061 ], [ 24.879968227755835, 59.453376858599889 ], [ 24.88413190753452, 59.457334115431088 ], [ 24.89294604820844, 59.457476590579489 ], [ 24.8975944893491, 59.453661764971123 ], [ 24.893429669280845, 59.449704928886888 ] ] ] } },
{ "type": "Feature", "properties": { "from_id": "311", "population": 0.30231241130363234, "gravity_community": 12.719115956253818, "gravity_education": 43.918878286859353, "gravity_essential_services": 36.385625212394118, "gravity_food_and_drink": 218.38114120899357, "gravity_healthcare": 45.973174984742293, "gravity_shelter": 77.207520706188163, "avg_gravity": 72.430909392571877, "min_tt_community": 37.0, "min_tt_education": 12.0, "min_tt_essential_services": 19.0, "min_tt_food_and_drink": 6.0, "min_tt_healthcare": 13.0, "min_tt_shelter": 9.0, "avg_tt_community": 49.895833333333336, "avg_tt_education": 47.048611111111114, "avg_tt_essential_services": 45.834710743801651, "avg_tt_food_and_drink": 49.023869346733669, "avg_tt_healthcare": 47.044871794871796, "avg_tt_shelter": 45.275303643724698, "avg_tt_all": 47.35386666226271, "n_unreachable_categories": 0, "count_community": 48.0, "count_education": 145.0, "count_essential_services": 121.0, "count_food_and_drink": 796.0, "count_healthcare": 156.0, "count_shelter": 247.0, "gravity_community_per_100": 4207.2754808201271, "gravity_education_per_100": 14527.646449403866, "gravity_essential_services_per_100": 12035.769572109835, "gravity_food_and_drink_per_100": 72236.908920573202, "gravity_healthcare_per_100": 15207.174189937045, "gravity_shelter_per_100": 25538.984778446145, "shannon": 1.4042739673670126, "kl_divergence": 0.0046153598067128383, "jsd": 0.034026303866572773, "city_similarity": 0.96597369613342721 }, "geometry": { "type": "Polygon", "coordinates": [ [ [ 24.879968227755835, 59.453376858599889 ], [ 24.871155227914379, 59.453233514147236 ], [ 24.866503888377078, 59.457047382331915 ], [ 24.870666426780232, 59.461005059815477 ], [ 24.879481446458254, 59.461148448470041 ], [ 24.88413190753452, 59.457334115431088 ], [ 24.879968227755835, 59.453376858599889 ] ] ] } },
{ "type": "Feature", "properties": { "from_id": "312", "population": 49.207567752154894, "gravity_community": 10.649039340810896, "gravity_education": 31.741064453330651, "gravity_essential_services": 30.066409666699116, "gravity_food_and_drink": 177.39103078888328, "gravity_healthcare": 35.145828189282554, "gravity_shelter": 71.386976469318199, "avg_gravity": 59.396724818054118, "min_tt_community": 18.0, "min_tt_education": 21.0, "min_tt_essential_services": 11.0, "min_tt_food_and_drink": 10.0, "min_tt_healthcare": 12.0, "min_tt_shelter": 6.0, "avg_tt_community": 51.292682926829265, "avg_tt_education": 46.842592592592595, "avg_tt_essential_services": 47.567307692307693, "avg_tt_food_and_drink": 51.182222222222222, "avg_tt_healthcare": 47.133333333333333, "avg_tt_shelter": 45.122270742358076, "avg_tt_all": 48.190068251607194, "n_unreachable_categories": 0, "count_community": 41.0, "count_education": 108.0, "count_essential_services": 104.0, "count_food_and_drink": 676.0, "count_healthcare": 120.0, "count_shelter": 229.0, "gravity_community_per_100": 21.641060160598069, "gravity_education_per_100": 64.504436824030279, "gravity_essential_services_per_100": 61.101190406596452, "gravity_food_and_drink_per_100": 360.49542558647391, "gravity_healthcare_per_100": 71.423624037470233, "gravity_shelter_per_100": 145.07316603997771, "shannon": 1.390366856208834, "kl_divergence": 0.006664449889254442, "jsd": 0.041168681868526832, "city_similarity": 0.95883131813147315 }, "geometry": { "type": "Polygon", "coordinates": [ [ [ 24.906407750377035, 59.45380332686608 ], [ 24.8975944893491, 59.453661764971123 ], [ 24.89294604820844, 59.457476590579489 ], [ 24.897111747922736, 59.461433442696517 ], [ 24.904825955112315, 59.461557393544929 ], [ 24.904834747314453, 59.461544036865241 ], [ 24.90544319152832, 59.460617065429673 ], [ 24.905479431152344, 59.460563659667976 ], [ 24.905494689941406, 59.460323333740227 ], [ 24.90550422668457, 59.460147857666023 ], [ 24.905519485473633, 59.459884643554688 ], [ 24.90553092956543, 59.459678649902358 ], [ 24.90557861328125, 59.458858489990241 ], [ 24.90557861328125, 59.458854675292983 ], [ 24.905532836914066, 59.45878982543946 ], [ 24.905502319335938, 59.458747863769531 ], [ 24.905483245849609, 59.458721160888658 ], [ 24.904869079589844, 59.45787811279299 ], [ 24.90443229675293, 59.457279205322266 ], [ 24.904975891113285, 59.456912994384744 ], [ 24.905241012573242, 59.456733703613274 ], [ 24.905778884887695, 59.456939697265611 ], [ 24.906806945800781, 59.457145690917962 ], [ 24.907390594482422, 59.457187652587891 ], [ 24.908235549926758, 59.457153320312507 ], [ 24.908781051635742, 59.45706939697267 ], [ 24.909120559692383, 59.456855773925781 ], [ 24.909244537353519, 59.456775665283203 ], [ 24.90931510925293, 59.456634521484368 ], [ 24.909292092551642, 59.456542133124351 ], [ 24.906407750377035, 59.45380332686608 ] ] ] } },
{ "type": "Feature", "properties": { "from_id": "313", "population": 165.00998616529108, "gravity_community": 11.273118239861963, "gravity_education": 34.808742455628753, "gravity_essential_services": 29.835073959841477, "gravity_food_and_drink": 190.71862063512458, "gravity_healthcare": 37.339006106096129, "gravity_shelter": 65.135474971472377, "avg_gravity": 61.518339394670875, "min_tt_community": 37.0, "min_tt_education": 18.0, "min_tt_essential_services": 27.0, "min_tt_food_and_drink": 15.0, "min_tt_healthcare": 12.0, "min_tt_shelter": 16.0, "avg_tt_community": 51.136363636363633, "avg_tt_education": 48.588709677419352, "avg_tt_essential_services": 48.018867924528301, "avg_tt_food_and_drink": 50.662534435261705, "avg_tt_healthcare": 48.473684210526315, "avg_tt_shelter": 46.165898617511523, "avg_tt_all": 48.841009750268476, "n_unreachable_categories": 0, "count_community": 44.0, "count_education": 124.0, "count_essential_services": 106.0, "count_food_and_drink": 727.0, "count_healthcare": 133.0, "count_shelter": 217.0, "gravity_community_per_100": 6.8317793982296564, "gravity_education_per_100": 21.094930836949903, "gravity_essential_services_per_100": 18.08076871781298, "gravity_food_and_drink_per_100": 115.58004764880174, "gravity_healthcare_per_100": 22.628331153663339, "gravity_shelter_per_100": 39.473656404180261, "shannon": 1.38584126321599, "kl_divergence": 0.0072175317229006865, "jsd": 0.042557139201431352, "city_similarity": 0.95744286079856866 }, "geometry": { "type": "Polygon", "coordinates": [ [ [ 24.89294604820844, 59.457476590579489 ], [ 24.88413190753452, 59.457334115431088 ], [ 24.879481446458254, 59.461148448470041 ], [ 24.883646005241101, 59.465105721460944 ], [ 24.892462166393873, 59.465248240547034 ], [ 24.897111747922736, 59.461433442696517 ], [ 24.89294604820844, 59.457476590579489 ] ] ] } },
{ "type": "Feature", "properties": { "from_id": "314", "population": 700.57981303743941, "gravity_community": 7.8561658710478222, "gravity_education": 23.096013756753866, "gravity_essential_services": 21.429666143418814, "gravity_food_and_drink": 120.04449205673546, "gravity_healthcare": 24.967401814702253, "gravity_shelter": 62.267705557979205, "avg_gravity": 43.276907533439562, "min_tt_community": 25.0, "min_tt_education": 30.0, "min_tt_essential_services": 13.0, "min_tt_food_and_drink": 12.0, "min_tt_healthcare": 13.0, "min_tt_shelter": 9.0, "avg_tt_community": 50.93333333333333, "avg_tt_education": 50.636363636363633, "avg_tt_essential_services": 51.289156626506021, "avg_tt_food_and_drink": 52.063424947145876, "avg_tt_healthcare": 49.706521739130437, "avg_tt_shelter": 45.16, "avg_tt_all": 49.964800047079883, "n_unreachable_categories": 0, "count_community": 30.0, "count_education": 88.0, "count_essential_services": 83.0, "count_food_and_drink": 473.0, "count_healthcare": 92.0, "count_shelter": 200.0, "gravity_community_per_100": 1.1213805657611753, "gravity_education_per_100": 3.296699865875182, "gravity_essential_services_per_100": 3.0588472212049878, "gravity_food_and_drink_per_100": 17.135020139428455, "gravity_healthcare_per_100": 3.5638197604429092, "gravity_shelter_per_100": 8.8880245190067413, "shannon": 1.4365950225631399, "kl_divergence": 0.0039442527613015484, "jsd": 0.031574804522487031, "city_similarity": 0.96842519547751293 }, "geometry": { "type": "Polygon", "coordinates": [ [ [ 24.897111747922736, 59.461433442696517 ], [ 24.892462166393873, 59.465248240547034 ], [ 24.89662874619896, 59.469205108706632 ], [ 24.905446048381844, 59.469346757928228 ], [ 24.907364773330762, 59.467772155735503 ], [ 24.907094955444336, 59.467720031738267 ], [ 24.904674530029297, 59.467258453369141 ], [ 24.904630661010742, 59.467144012451165 ], [ 24.904258728027344, 59.465675354003906 ], [ 24.90406608581543, 59.464340209960938 ], [ 24.903932571411133, 59.463401794433594 ], [ 24.903976440429691, 59.463111877441392 ], [ 24.904031753540039, 59.462764739990249 ], [ 24.904485702514648, 59.462074279785163 ], [ 24.904825955112315, 59.461557393544929 ], [ 24.897111747922736, 59.461433442696517 ] ] ] } },
{ "type": "Feature", "properties": { "from_id": "315", "population": 24.258350160152585, "gravity_community": 11.644557638843676, "gravity_education": 36.339147716655098, "gravity_essential_services": 29.199073403679932, "gravity_food_and_drink": 196.24087442263934, "gravity_healthcare": 38.778293181584829, "gravity_shelter": 65.851902569481183, "avg_gravity": 63.008974822147344, "min_tt_community": 37.0, "min_tt_education": 12.0, "min_tt_essential_services": 30.0, "min_tt_food_and_drink": 19.0, "min_tt_healthcare": 16.0, "min_tt_shelter": 10.0, "avg_tt_community": 50.666666666666664, "avg_tt_education": 49.738461538461536, "avg_tt_essential_services": 48.971962616822431, "avg_tt_food_and_drink": 50.461333333333336, "avg_tt_healthcare": 49.805555555555557, "avg_tt_shelter": 46.897321428571431, "avg_tt_all": 49.423550189901825, "n_unreachable_categories": 0, "count_community": 45.0, "count_education": 131.0, "count_essential_services": 107.0, "count_food_and_drink": 750.0, "count_healthcare": 144.0, "count_shelter": 224.0, "gravity_community_per_100": 48.002265454850836, "gravity_education_per_100": 149.80057372717275, "gravity_essential_services_per_100": 120.36710333105469, "gravity_food_and_drink_per_100": 808.96216406748817, "gravity_healthcare_per_100": 159.85544328271382, "gravity_shelter_per_100": 271.46076355040532, "shannon": 1.3899379194118908, "kl_divergence": 0.0065736451637721342, "jsd": 0.040614144233387717, "city_similarity": 0.95938585576661228 }, "geometry": { "type": "Polygon", "coordinates": [ [ [ 24.879481446458254, 59.461148448470041 ], [ 24.870666426780232, 59.461005059815477 ], [ 24.86601394532428, 59.464818899937711 ], [ 24.870177362088892, 59.468776593707922 ], [ 24.878994402690005, 59.46892002658462 ], [ 24.883646005241101, 59.465105721460944 ], [ 24.879481446458254, 59.461148448470041 ] ] ] } },
{ "type": "Feature", "properties": { "from_id": "316", "population": 299.70864907010053, "gravity_community": 7.7728879603906993, "gravity_education": 23.469518856312497, "gravity_essential_services": 21.131955666004814, "gravity_food_and_drink": 119.45811763710726, "gravity_healthcare": 25.156174726701586, "gravity_shelter": 60.40140220736783, "avg_gravity": 42.898342842314115, "min_tt_community": 37.0, "min_tt_education": 25.0, "min_tt_essential_services": 29.0, "min_tt_food_and_drink": 9.0, "min_tt_healthcare": 21.0, "min_tt_shelter": 19.0, "avg_tt_community": 51.1, "avg_tt_education": 50.18181818181818, "avg_tt_essential_services": 51.554216867469883, "avg_tt_food_and_drink": 52.260593220338983, "avg_tt_healthcare": 50.053191489361701, "avg_tt_shelter": 45.385786802030459, "avg_tt_all": 50.089267760169868, "n_unreachable_categories": 0, "count_community": 30.0, "count_education": 88.0, "count_essential_services": 83.0, "count_food_and_drink": 473.0, "count_healthcare": 94.0, "count_shelter": 197.0, "gravity_community_per_100": 2.5934813641539769, "gravity_education_per_100": 7.8307779669124864, "gravity_essential_services_per_100": 7.0508327776226913, "gravity_food_and_drink_per_100": 39.858081509408336, "gravity_healthcare_per_100": 8.3935431308883146, "gravity_shelter_per_100": 20.153373082416522, "shannon": 1.4380158798344707, "kl_divergence": 0.0033739129420840806, "jsd": 0.029227370421087275, "city_similarity": 0.97077262957891275 }, "geometry": { "type": "Polygon", "coordinates": [ [ [ 24.892462166393873, 59.465248240547034 ], [ 24.883646005241101, 59.465105721460944 ], [ 24.878994402690005, 59.46892002658462 ], [ 24.883159840921252, 59.472877315745144 ], [ 24.891978023639918, 59.47301987878906 ], [ 24.89662874619896, 59.469205108706632 ], [ 24.892462166393873, 59.465248240547034 ] ] ] } },
{ "type": "Feature", "properties": { "from_id": "317", "population": 592.31210615357463, "gravity_community": 15.33539750983487, "gravity_education": 47.817911545058728, "gravity_essential_services": 37.974089897322308, "gravity_food_and_drink": 254.90390290206199, "gravity_healthcare": 48.682056521462606, "gravity_shelter": 95.278248166332887, "avg_gravity": 83.331934423678902, "min_tt_community": 17.0, "min_tt_education": 17.0, "min_tt_essential_services": 14.0, "min_tt_food_and_drink": 15.0, "min_tt_healthcare": 15.0, "min_tt_shelter": 18.0, "avg_tt_community": 46.372549019607845, "avg_tt_education": 48.388235294117649, "avg_tt_essential_services": 46.759689922480618, "avg_tt_food_and_drink": 47.968819599109132, "avg_tt_healthcare": 47.446428571428569, "avg_tt_shelter": 42.688811188811187, "avg_tt_all": 46.604088932592504, "n_unreachable_categories": 0, "count_community": 51.0, "count_education": 170.0, "count_essential_services": 129.0, "count_food_and_drink": 899.0, "count_healthcare": 168.0, "count_shelter": 286.0, "gravity_community_per_100": 2.5890737924337999, "gravity_education_per_100": 8.0730937369462623, "gravity_essential_services_per_100": 6.4111622070200251, "gravity_food_and_drink_per_100": 43.03540316901281, "gravity_healthcare_per_100": 8.2189872561612525, "gravity_shelter_per_100": 16.085818131434433, "shannon": 1.3959202009564413, "kl_divergence": 0.004587323405361287, "jsd": 0.033863581324459775, "city_similarity": 0.96613641867554023 }, "geometry": { "type": "Polygon", "coordinates": [ [ [ 24.878994402690005, 59.46892002658462 ], [ 24.870177362088892, 59.468776593707922 ], [ 24.865523738071179, 59.47259040575733 ], [ 24.869688033640987, 59.476548115824087 ], [ 24.878507096252537, 59.47669159294324 ], [ 24.883159840921252, 59.472877315745144 ], [ 24.878994402690005, 59.46892002658462 ] ] ] } },
{ "type": "Feature", "properties": { "from_id": "318", "population": 480.76195376559633, "gravity_community": 13.988746536789245, "gravity_education": 42.788740763627438, "gravity_essential_services": 35.234912970731202, "gravity_food_and_drink": 231.29184475596438, "gravity_healthcare": 43.345802017193591, "gravity_shelter": 96.096546582475369, "avg_gravity": 77.124432271130203, "min_tt_community": 18.0, "min_tt_education": 18.0, "min_tt_essential_services": 15.0, "min_tt_food_and_drink": 14.0, "min_tt_healthcare": 16.0, "min_tt_shelter": 7.0, "avg_tt_community": 46.808510638297875, "avg_tt_education": 48.434210526315788, "avg_tt_essential_services": 47.442622950819676, "avg_tt_food_and_drink": 48.758992805755398, "avg_tt_healthcare": 47.141891891891895, "avg_tt_shelter": 41.725631768953072, "avg_tt_all": 46.71864343033895, "n_unreachable_categories": 0, "count_community": 47.0, "count_education": 152.0, "count_essential_services": 122.0, "count_food_and_drink": 834.0, "count_healthcare": 148.0, "count_shelter": 277.0, "gravity_community_per_100": 2.9097033214091845, "gravity_education_per_100": 8.900192793643944, "gravity_essential_services_per_100": 7.3289728304728925, "gravity_food_and_drink_per_100": 48.109431901663051, "gravity_healthcare_per_100": 9.0160632882209253, "gravity_shelter_per_100": 19.988384236687928, "shannon": 1.3918913500257715, "kl_divergence": 0.0049200433902337488, "jsd": 0.035129330362235492, "city_similarity": 0.96487066963776447 }, "geometry": { "type": "Polygon", "coordinates": [ [ [ 24.909614649851409, 59.473303220917686 ], [ 24.905446048381844, 59.469346757928228 ], [ 24.89662874619896, 59.469205108706632 ], [ 24.891978023639918, 59.47301987878906 ], [ 24.896145483980852, 59.476976763001041 ], [ 24.903891489786961, 59.477101243639751 ], [ 24.905202865600586, 59.476253509521484 ], [ 24.905995973994326, 59.476272465257814 ], [ 24.909614649851409, 59.473303220917686 ] ] ] } },
{ "type": "Feature", "properties": { "from_id": "319", "population": 1565.8823749887408, "gravity_community": 11.698506928389723, "gravity_education": 35.667740606051169, "gravity_essential_services": 40.659363172153263, "gravity_food_and_drink": 205.9370717957371, "gravity_healthcare": 43.633643366738383, "gravity_shelter": 74.24537123638315, "avg_gravity": 68.640282850908804, "min_tt_community": 32.0, "min_tt_education": 29.0, "min_tt_essential_services": 16.0, "min_tt_food_and_drink": 17.0, "min_tt_healthcare": 18.0, "min_tt_shelter": 1.0, "avg_tt_community": 51.044444444444444, "avg_tt_education": 48.92307692307692, "avg_tt_essential_services": 46.583941605839414, "avg_tt_food_and_drink": 50.724137931034484, "avg_tt_healthcare": 48.487179487179489, "avg_tt_shelter": 46.980158730158728, "avg_tt_all": 48.79048985362224, "n_unreachable_categories": 0, "count_community": 45.0, "count_education": 130.0, "count_essential_services": 137.0, "count_food_and_drink": 784.0, "count_healthcare": 156.0, "count_shelter": 252.0, "gravity_community_per_100": 0.74708720879969281, "gravity_education_per_100": 2.277804589652376, "gravity_essential_services_per_100": 2.5965783778903329, "gravity_food_and_drink_per_100": 13.151503272857124, "gravity_healthcare_per_100": 2.786521137454665, "gravity_shelter_per_100": 4.7414398694484952, "shannon": 1.4088309675985937, "kl_divergence": 0.0057999279342981318, "jsd": 0.038371221635360775, "city_similarity": 0.96162877836463923 }, "geometry": { "type": "Polygon", "coordinates": [ [ [ 24.855498201095592, 59.421859097748104 ], [ 24.846693533397136, 59.421714149641502 ], [ 24.842043864749169, 59.425527172997576 ], [ 24.846199738403858, 59.429485608950095 ], [ 24.855006421401768, 59.429630601725215 ], [ 24.859655215084647, 59.425817113871204 ], [ 24.855498201095592, 59.421859097748104 ] ] ] } },
{ "type": "Feature", "properties": { "from_id": "320", "population": 4698.4006384837221, "gravity_community": 13.341230518128437, "gravity_education": 40.019317541169222, "gravity_essential_services": 40.714605307096022, "gravity_food_and_drink": 225.60550958741879, "gravity_healthcare": 45.092705633723597, "gravity_shelter": 71.231904101691725, "avg_gravity": 72.667545448204635, "min_tt_community": 24.0, "min_tt_education": 26.0, "min_tt_essential_services": 16.0, "min_tt_food_and_drink": 13.0, "min_tt_healthcare": 18.0, "min_tt_shelter": 22.0, "avg_tt_community": 50.12, "avg_tt_education": 47.936170212765958, "avg_tt_essential_services": 46.379562043795623, "avg_tt_food_and_drink": 49.182481751824817, "avg_tt_healthcare": 47.384615384615387, "avg_tt_shelter": 47.384615384615387, "avg_tt_all": 48.064574129602853, "n_unreachable_categories": 0, "count_community": 50.0, "count_education": 141.0, "count_essential_services": 137.0, "count_food_and_drink": 823.0, "count_healthcare": 156.0, "count_shelter": 247.0, "gravity_community_per_100": 0.28395259460959776, "gravity_education_per_100": 0.85176468803827543, "gravity_essential_services_per_100": 0.86656308050042163, "gravity_food_and_drink_per_100": 4.8017512116682042, "gravity_healthcare_per_100": 0.95974586041849363, "gravity_shelter_per_100": 1.516088336917131, "shannon": 1.4021441010726015, "kl_divergence": 0.0065551524543550344, "jsd": 0.040673609494836928, "city_similarity": 0.95932639050516311 }, "geometry": { "type": "Polygon", "coordinates": [ [ [ 24.868461022576131, 59.425961194056455 ], [ 24.859655215084647, 59.425817113871204 ], [ 24.855006421401768, 59.429630601725215 ], [ 24.859164310897309, 59.433588634212022 ], [ 24.867972134329623, 59.433732758802201 ], [ 24.872620051964514, 59.429918806492587 ], [ 24.868461022576131, 59.425961194056455 ] ] ] } },
{ "type": "Feature", "properties": { "from_id": "321", "population": 1307.442740673247, "gravity_community": 19.135734264079169, "gravity_education": 72.493689068820146, "gravity_essential_services": 70.456277007898521, "gravity_food_and_drink": 325.06605725321867, "gravity_healthcare": 77.350013223885483, "gravity_shelter": 144.56533400031881, "avg_gravity": 118.17785080303679, "min_tt_community": 18.0, "min_tt_education": 17.0, "min_tt_essential_services": 4.0, "min_tt_food_and_drink": 4.0, "min_tt_healthcare": 5.0, "min_tt_shelter": 5.0, "avg_tt_community": 45.920634920634917, "avg_tt_education": 45.115879828326179, "avg_tt_essential_services": 41.775, "avg_tt_food_and_drink": 45.546052631578945, "avg_tt_healthcare": 43.443037974683541, "avg_tt_shelter": 43.707207207207205, "avg_tt_all": 44.251302093738467, "n_unreachable_categories": 0, "count_community": 63.0, "count_education": 233.0, "count_essential_services": 201.0, "count_food_and_drink": 1064.0, "count_healthcare": 237.0, "count_shelter": 444.0, "gravity_community_per_100": 1.4636001768020468, "gravity_education_per_100": 5.5446932254555685, "gravity_essential_services_per_100": 5.3888613868947086, "gravity_food_and_drink_per_100": 24.862737551766973, "gravity_healthcare_per_100": 5.9161300772571739, "gravity_shelter_per_100": 11.057106326956786, "shannon": 1.4638268309426963, "kl_divergence": 0.001323538694315422, "jsd": 0.018237130085803546, "city_similarity": 0.98176286991419648 }, "geometry": { "type": "Polygon", "coordinates": [ [ [ 24.842043864749169, 59.425527172997576 ], [ 24.833238322626933, 59.425381312333215 ], [ 24.82858663878006, 59.429193842677044 ], [ 24.83274137101759, 59.433152698364097 ], [ 24.84154892888014, 59.433298603980951 ], [ 24.846199738403858, 59.429485608950095 ], [ 24.842043864749169, 59.425527172997576 ] ] ] } },
{ "type": "Feature", "properties": { "from_id": "322", "population": 4455.6627513188187, "gravity_community": 22.058656647393796, "gravity_education": 75.186354203773249, "gravity_essential_services": 70.203918507587289, "gravity_food_and_drink": 366.90433133097883, "gravity_healthcare": 83.486650526226398, "gravity_shelter": 141.8495175120031, "avg_gravity": 126.61490478799378, "min_tt_community": 14.0, "min_tt_education": 11.0, "min_tt_essential_services": 13.0, "min_tt_food_and_drink": 5.0, "min_tt_healthcare": 8.0, "min_tt_shelter": 6.0, "avg_tt_community": 44.442857142857143, "avg_tt_education": 43.556521739130432, "avg_tt_essential_services": 41.233830845771145, "avg_tt_food_and_drink": 42.855098389982111, "avg_tt_healthcare": 43.296442687747039, "avg_tt_shelter": 44.036613272311214, "avg_tt_all": 43.236894012966509, "n_unreachable_categories": 0, "count_community": 70.0, "count_education": 230.0, "count_essential_services": 201.0, "count_food_and_drink": 1118.0, "count_healthcare": 253.0, "count_shelter": 437.0, "gravity_community_per_100": 0.49507015854969538, "gravity_education_per_100": 1.6874336860777681, "gravity_essential_services_per_100": 1.5756111363412286, "gravity_food_and_drink_per_100": 8.2345624390530876, "gravity_healthcare_per_100": 1.8737201441360307, "gravity_shelter_per_100": 3.1835784131107649, "shannon": 1.4567529194915991, "kl_divergence": 0.00074528826115868949, "jsd": 0.013729989365331775, "city_similarity": 0.98627001063466824 }, "geometry": { "type": "Polygon", "coordinates": [ [ [ 24.855006421401768, 59.429630601725215 ], [ 24.846199738403858, 59.429485608950095 ], [ 24.84154892888014, 59.433298603980951 ], [ 24.845705677399536, 59.437257056423711 ], [ 24.854514376779953, 59.437402093887783 ], [ 24.859164310897309, 59.433588634212022 ], [ 24.855006421401768, 59.429630601725215 ] ] ] } },
{ "type": "Feature", "properties": { "from_id": "323", "population": 4572.4367380385775, "gravity_community": 24.254283841135894, "gravity_education": 81.664912111042739, "gravity_essential_services": 74.631809462072837, "gravity_food_and_drink": 389.95986286617739, "gravity_healthcare": 88.691213172899367, "gravity_shelter": 149.61429004051763, "avg_gravity": 134.80272858230765, "min_tt_community": 12.0, "min_tt_education": 16.0, "min_tt_essential_services": 7.0, "min_tt_food_and_drink": 6.0, "min_tt_healthcare": 4.0, "min_tt_shelter": 8.0, "avg_tt_community": 43.960526315789473, "avg_tt_education": 43.177419354838712, "avg_tt_essential_services": 40.698564593301434, "avg_tt_food_and_drink": 41.686137750653877, "avg_tt_healthcare": 42.49429657794677, "avg_tt_shelter": 43.589912280701753, "avg_tt_all": 42.601142812205332, "n_unreachable_categories": 0, "count_community": 76.0, "count_education": 248.0, "count_essential_services": 209.0, "count_food_and_drink": 1148.0, "count_healthcare": 263.0, "count_shelter": 456.0, "gravity_community_per_100": 0.53044547646470386, "gravity_education_per_100": 1.7860260685875393, "gravity_essential_services_per_100": 1.6322108699985511, "gravity_food_and_drink_per_100": 8.528491157068629, "gravity_healthcare_per_100": 1.9396925152636433, "gravity_shelter_per_100": 3.2720909793209554, "shannon": 1.4670162405839822, "kl_divergence": 0.00036654270818216317, "jsd": 0.0095891006571650408, "city_similarity": 0.99041089934283499 }, "geometry": { "type": "Polygon", "coordinates": [ [ [ 24.867972134329623, 59.433732758802201 ], [ 24.859164310897309, 59.433588634212022 ], [ 24.854514376779953, 59.437402093887783 ], [ 24.858673142223665, 59.441360142748231 ], [ 24.867482982680368, 59.441504311763666 ], [ 24.872132040307648, 59.437690387485326 ], [ 24.867972134329623, 59.433732758802201 ] ] ] } },
{ "type": "Feature", "properties": { "from_id": "324", "population": 663.87764152619729, "gravity_community": 29.529844556938318, "gravity_education": 97.097494790593174, "gravity_essential_services": 84.58171063591405, "gravity_food_and_drink": 445.20374543775597, "gravity_healthcare": 100.32488960094066, "gravity_shelter": 170.13134149790702, "avg_gravity": 154.47817108667485, "min_tt_community": 7.0, "min_tt_education": 1.0, "min_tt_essential_services": 3.0, "min_tt_food_and_drink": 1.0, "min_tt_healthcare": 1.0, "min_tt_shelter": 11.0, "avg_tt_community": 40.595238095238095, "avg_tt_education": 40.626373626373628, "avg_tt_essential_services": 38.113636363636367, "avg_tt_food_and_drink": 38.081939799331103, "avg_tt_healthcare": 39.856115107913666, "avg_tt_shelter": 41.276073619631902, "avg_tt_all": 39.758229435354131, "n_unreachable_categories": 0, "count_community": 84.0, "count_education": 273.0, "count_essential_services": 221.0, "count_food_and_drink": 1196.0, "count_healthcare": 278.0, "count_shelter": 489.0, "gravity_community_per_100": 4.448085416621617, "gravity_education_per_100": 14.625811854029974, "gravity_essential_services_per_100": 12.740557196875619, "gravity_food_and_drink_per_100": 67.061114517167809, "gravity_healthcare_per_100": 15.111954873235739, "gravity_shelter_per_100": 25.626912379032646, "shannon": 1.4787030411100173, "kl_divergence": 0.00032994202326297722, "jsd": 0.0090675100074270217, "city_similarity": 0.990932489992573 }, "geometry": { "type": "Polygon", "coordinates": [ [ [ 24.84154892888014, 59.433298603980951 ], [ 24.83274137101759, 59.433152698364097 ], [ 24.828088545212019, 59.436965200225082 ], [ 24.832244151671656, 59.440924072528851 ], [ 24.841053726357881, 59.441070023118804 ], [ 24.845705677399536, 59.437257056423711 ], [ 24.84154892888014, 59.433298603980951 ] ] ] } },
{ "type": "Feature", "properties": { "from_id": "325", "population": 1914.5943262573605, "gravity_community": 27.320936668092358, "gravity_education": 96.656347242942402, "gravity_essential_services": 82.964740326035411, "gravity_food_and_drink": 433.15405222346214, "gravity_healthcare": 101.74805095469145, "gravity_shelter": 169.9734041657745, "avg_gravity": 151.96958859683303, "min_tt_community": 8.0, "min_tt_education": 9.0, "min_tt_essential_services": 14.0, "min_tt_food_and_drink": 2.0, "min_tt_healthcare": 4.0, "min_tt_shelter": 4.0, "avg_tt_community": 41.265822784810126, "avg_tt_education": 40.680147058823529, "avg_tt_essential_services": 38.721461187214615, "avg_tt_food_and_drink": 39.178301093355763, "avg_tt_healthcare": 39.454873646209386, "avg_tt_shelter": 41.689795918367345, "avg_tt_all": 40.165066948130125, "n_unreachable_categories": 0, "count_community": 79.0, "count_education": 272.0, "count_essential_services": 220.0, "count_food_and_drink": 1189.0, "count_healthcare": 277.0, "count_shelter": 490.0, "gravity_community_per_100": 1.4269830581551544, "gravity_education_per_100": 5.0483982908215204, "gravity_essential_services_per_100": 4.3332803815529148, "gravity_food_and_drink_per_100": 22.623803188124427, "gravity_healthcare_per_100": 5.3143399392386188, "gravity_shelter_per_100": 8.8777764477155667, "shannon": 1.4759333306204427, "kl_divergence": 0.00046991057700015819, "jsd": 0.010827781371437127, "city_similarity": 0.98917221862856286 }, "geometry": { "type": "Polygon", "coordinates": [ [ [ 24.854514376779953, 59.437402093887783 ], [ 24.845705677399536, 59.437257056423711 ], [ 24.841053726357881, 59.441070023118804 ], [ 24.845211350183153, 59.445028492061823 ], [ 24.854022067029945, 59.445173574235305 ], [ 24.858673142223665, 59.441360142748231 ], [ 24.854514376779953, 59.437402093887783 ] ] ] } },
{ "type": "Feature", "properties": { "from_id": "326", "population": 2127.332760918915, "gravity_community": 25.76676965122611, "gravity_education": 93.70782920849615, "gravity_essential_services": 80.605563630592926, "gravity_food_and_drink": 413.16099672446046, "gravity_healthcare": 98.642689845034994, "gravity_shelter": 167.5642487881, "avg_gravity": 146.57468297465178, "min_tt_community": 15.0, "min_tt_education": 10.0, "min_tt_essential_services": 5.0, "min_tt_food_and_drink": 6.0, "min_tt_healthcare": 6.0, "min_tt_shelter": 4.0, "avg_tt_community": 42.717948717948715, "avg_tt_education": 41.335820895522389, "avg_tt_essential_services": 39.645161290322584, "avg_tt_food_and_drink": 40.635823429541595, "avg_tt_healthcare": 40.183150183150182, "avg_tt_shelter": 42.135523613963038, "avg_tt_all": 41.108904688408089, "n_unreachable_categories": 0, "count_community": 78.0, "count_education": 268.0, "count_essential_services": 218.0, "count_food_and_drink": 1178.0, "count_healthcare": 273.0, "count_shelter": 487.0, "gravity_community_per_100": 1.2112242205162105, "gravity_education_per_100": 4.4049445827186178, "gravity_essential_services_per_100": 3.7890434966918312, "gravity_food_and_drink_per_100": 19.421550042128477, "gravity_healthcare_per_100": 4.6369186644042308, "gravity_shelter_per_100": 7.876729577356743, "shannon": 1.4749609698732289, "kl_divergence": 0.00051458483205501712, "jsd": 0.011328037091219045, "city_similarity": 0.98867196290878101 }, "geometry": { "type": "Polygon", "coordinates": [ [ [ 24.867482982680368, 59.441504311763666 ], [ 24.858673142223665, 59.441360142748231 ], [ 24.854022067029945, 59.445173574235305 ], [ 24.858181708863803, 59.449131639479361 ], [ 24.866993567429279, 59.449275852940417 ], [ 24.871643765690525, 59.44546195670371 ], [ 24.867482982680368, 59.441504311763666 ] ] ] } },
{ "type": "Feature", "properties": { "from_id": "327", "population": 162.26525442675126, "gravity_community": 25.353588735103425, "gravity_education": 87.713185623396441, "gravity_essential_services": 74.601372699311952, "gravity_food_and_drink": 397.12733023075543, "gravity_healthcare": 92.041764355224188, "gravity_shelter": 159.9975935811508, "avg_gravity": 139.47247253749038, "min_tt_community": 12.0, "min_tt_education": 9.0, "min_tt_essential_services": 16.0, "min_tt_food_and_drink": 11.0, "min_tt_healthcare": 11.0, "min_tt_shelter": 13.0, "avg_tt_community": 42.805194805194802, "avg_tt_education": 43.157894736842103, "avg_tt_essential_services": 40.864485981308412, "avg_tt_food_and_drink": 41.422583404619331, "avg_tt_healthcare": 42.073800738007378, "avg_tt_shelter": 42.896049896049895, "avg_tt_all": 42.203334927003652, "n_unreachable_categories": 0, "count_community": 77.0, "count_education": 266.0, "count_essential_services": 214.0, "count_food_and_drink": 1169.0, "count_healthcare": 271.0, "count_shelter": 481.0, "gravity_community_per_100": 15.62477982404322, "gravity_education_per_100": 54.055432836357063, "gravity_essential_services_per_100": 45.974951916146672, "gravity_food_and_drink_per_100": 244.73959729316181, "gravity_healthcare_per_100": 56.723027169549169, "gravity_shelter_per_100": 98.602497587292106, "shannon": 1.4736122318826694, "kl_divergence": 0.00044693461654308174, "jsd": 0.010562551904263811, "city_similarity": 0.98943744809573619 }, "geometry": { "type": "Polygon", "coordinates": [ [ [ 24.841053726357881, 59.441070023118804 ], [ 24.832244151671656, 59.440924072528851 ], [ 24.827590183264373, 59.444736545896426 ], [ 24.831746664386777, 59.448695434827009 ], [ 24.840558256980856, 59.448841430410639 ], [ 24.845211350183153, 59.445028492061823 ], [ 24.841053726357881, 59.441070023118804 ] ] ] } },
{ "type": "Feature", "properties": { "from_id": "328", "population": 371.20969645622972, "gravity_community": 21.936628112227716, "gravity_education": 70.906494573635769, "gravity_essential_services": 63.749717419378435, "gravity_food_and_drink": 357.72431845459533, "gravity_healthcare": 78.939949170635288, "gravity_shelter": 134.87103454632273, "avg_gravity": 121.35469037946586, "min_tt_community": 12.0, "min_tt_education": 8.0, "min_tt_essential_services": 13.0, "min_tt_food_and_drink": 8.0, "min_tt_healthcare": 4.0, "min_tt_shelter": 6.0, "avg_tt_community": 44.457142857142856, "avg_tt_education": 43.428571428571431, "avg_tt_essential_services": 42.308900523560212, "avg_tt_food_and_drink": 43.08711433756806, "avg_tt_healthcare": 42.793248945147681, "avg_tt_shelter": 43.079601990049753, "avg_tt_all": 43.192430013673338, "n_unreachable_categories": 0, "count_community": 70.0, "count_education": 217.0, "count_essential_services": 191.0, "count_food_and_drink": 1102.0, "count_healthcare": 237.0, "count_shelter": 402.0, "gravity_community_per_100": 5.9094976024728707, "gravity_education_per_100": 19.101466166037106, "gravity_essential_services_per_100": 17.173505441255447, "gravity_food_and_drink_per_100": 96.367180563877199, "gravity_healthcare_per_100": 21.265594601714099, "gravity_shelter_per_100": 36.332842550686365, "shannon": 1.4434777356276471, "kl_divergence": 0.0010670891195766509, "jsd": 0.016414915127269985, "city_similarity": 0.98358508487273 }, "geometry": { "type": "Polygon", "coordinates": [ [ [ 24.854022067029945, 59.445173574235305 ], [ 24.845211350183153, 59.445028492061823 ], [ 24.840558256980856, 59.448841430410639 ], [ 24.844716756553474, 59.452799915863892 ], [ 24.853529491951335, 59.452945042767261 ], [ 24.858181708863803, 59.449131639479361 ], [ 24.854022067029945, 59.445173574235305 ] ] ] } },
{ "type": "Feature", "properties": { "from_id": "329", "population": 191.76955337047752, "gravity_community": 40.48645757924961, "gravity_education": 131.1901634462709, "gravity_essential_services": 103.38659664266325, "gravity_food_and_drink": 605.06347408710781, "gravity_healthcare": 137.14390184503657, "gravity_shelter": 212.39074474729597, "avg_gravity": 204.9435563912707, "min_tt_community": 6.0, "min_tt_education": 6.0, "min_tt_essential_services": 5.0, "min_tt_food_and_drink": 3.0, "min_tt_healthcare": 5.0, "min_tt_shelter": 2.0, "avg_tt_community": 32.924731182795696, "avg_tt_education": 33.883870967741935, "avg_tt_essential_services": 30.806167400881058, "avg_tt_food_and_drink": 28.284565916398712, "avg_tt_healthcare": 31.239202657807308, "avg_tt_shelter": 35.325670498084293, "avg_tt_all": 32.077368103951507, "n_unreachable_categories": 0, "count_community": 93.0, "count_education": 310.0, "count_essential_services": 227.0, "count_food_and_drink": 1244.0, "count_healthcare": 301.0, "count_shelter": 522.0, "gravity_community_per_100": 21.112036226644516, "gravity_education_per_100": 68.41031912549019, "gravity_essential_services_per_100": 53.911893116282016, "gravity_food_and_drink_per_100": 315.51592182007761, "gravity_healthcare_per_100": 71.514950853585063, "gravity_shelter_per_100": 110.75311018583882, "shannon": 1.492580508228925, "kl_divergence": 0.00076587138718629127, "jsd": 0.013833356073158247, "city_similarity": 0.98616664392684172 }, "geometry": { "type": "Polygon", "coordinates": [ [ [ 24.762797226368654, 59.424193063161717 ], [ 24.753992499837484, 59.424041861717683 ], [ 24.749332157076957, 59.427851514934098 ], [ 24.753477409630001, 59.43181283496407 ], [ 24.762284151285282, 59.431964083002882 ], [ 24.766943624902638, 59.428153964408473 ], [ 24.762797226368654, 59.424193063161717 ] ] ] } },
{ "type": "Feature", "properties": { "from_id": "330", "population": 362.20283134677538, "gravity_community": 34.661728071706712, "gravity_education": 119.47453466056722, "gravity_essential_services": 98.036701204545054, "gravity_food_and_drink": 558.17322010195119, "gravity_healthcare": 124.23899359007656, "gravity_shelter": 199.4842790528613, "avg_gravity": 189.01157611361802, "min_tt_community": 13.0, "min_tt_education": 4.0, "min_tt_essential_services": 5.0, "min_tt_food_and_drink": 3.0, "min_tt_healthcare": 7.0, "min_tt_shelter": 5.0, "avg_tt_community": 35.070588235294117, "avg_tt_education": 36.43, "avg_tt_essential_services": 32.814159292035399, "avg_tt_food_and_drink": 31.003244120032441, "avg_tt_healthcare": 34.30952380952381, "avg_tt_shelter": 38.195445920303605, "avg_tt_all": 34.63716022953156, "n_unreachable_categories": 0, "count_community": 85.0, "count_education": 300.0, "count_essential_services": 226.0, "count_food_and_drink": 1233.0, "count_healthcare": 295.0, "count_shelter": 527.0, "gravity_community_per_100": 9.5697010271356344, "gravity_education_per_100": 32.985533055146526, "gravity_essential_services_per_100": 27.066795927579061, "gravity_food_and_drink_per_100": 154.10515098032255, "gravity_healthcare_per_100": 34.300944895466415, "gravity_shelter_per_100": 55.075295328620363, "shannon": 1.4855633785131253, "kl_divergence": 0.00085972114378519288, "jsd": 0.014637757369770778, "city_similarity": 0.9853622426302292 }, "geometry": { "type": "Polygon", "coordinates": [ [ [ 24.775749496873576, 59.428304298949932 ], [ 24.766943624902638, 59.428153964408473 ], [ 24.762284151285282, 59.431964083002882 ], [ 24.766431419503675, 59.435925001467147 ], [ 24.775239307244274, 59.436075382340327 ], [ 24.779897910635874, 59.432264798409093 ], [ 24.775749496873576, 59.428304298949932 ] ] ] } },
{ "type": "Feature", "properties": { "from_id": "331", "population": 254.34800917627925, "gravity_community": 34.511033668886121, "gravity_education": 115.09345742928016, "gravity_essential_services": 90.921444824322407, "gravity_food_and_drink": 528.24026319686016, "gravity_healthcare": 118.13329074701933, "gravity_shelter": 201.04880778316897, "avg_gravity": 181.32471627492285, "min_tt_community": 8.0, "min_tt_education": 6.0, "min_tt_essential_services": 10.0, "min_tt_food_and_drink": 2.0, "min_tt_healthcare": 6.0, "min_tt_shelter": 4.0, "avg_tt_community": 35.954022988505749, "avg_tt_education": 38.558441558441558, "avg_tt_essential_services": 36.229437229437231, "avg_tt_food_and_drink": 33.365677626303125, "avg_tt_healthcare": 36.740863787375417, "avg_tt_shelter": 38.709259259259262, "avg_tt_all": 36.592950408220389, "n_unreachable_categories": 0, "count_community": 87.0, "count_education": 308.0, "count_essential_services": 231.0, "count_food_and_drink": 1247.0, "count_healthcare": 302.0, "count_shelter": 540.0, "gravity_community_per_100": 13.568430820690164, "gravity_education_per_100": 45.250386587265609, "gravity_essential_services_per_100": 35.746867104946787, "gravity_food_and_drink_per_100": 207.68405654425871, "gravity_healthcare_per_100": 46.445533868969854, "gravity_shelter_per_100": 79.044773511016331, "shannon": 1.4896654763201358, "kl_divergence": 0.0011141955641774705, "jsd": 0.016665636474424358, "city_similarity": 0.98333436352557568 }, "geometry": { "type": "Polygon", "coordinates": [ [ [ 24.788704927609288, 59.432414265751596 ], [ 24.779897910635874, 59.432264798409093 ], [ 24.775239307244274, 59.436075382340327 ], [ 24.77938859177382, 59.440035898901165 ], [ 24.788197625162141, 59.440185412312182 ], [ 24.792855357244889, 59.436374363085463 ], [ 24.788704927609288, 59.432414265751596 ] ] ] } },
{ "type": "Feature", "properties": { "from_id": "332", "population": 321.99330351694954, "gravity_community": 48.561549334686248, "gravity_education": 155.51276705303781, "gravity_essential_services": 123.36878558757768, "gravity_food_and_drink": 734.58074519435741, "gravity_healthcare": 158.43169743960226, "gravity_shelter": 262.27493421355547, "avg_gravity": 247.12174647046947, "min_tt_community": 6.0, "min_tt_education": 1.0, "min_tt_essential_services": 2.0, "min_tt_food_and_drink": 1.0, "min_tt_healthcare": 2.0, "min_tt_shelter": 1.0, "avg_tt_community": 27.385416666666668, "avg_tt_education": 30.576119402985075, "avg_tt_essential_services": 25.834745762711865, "avg_tt_food_and_drink": 22.34037558685446, "avg_tt_healthcare": 27.449044585987259, "avg_tt_shelter": 30.944153577661432, "avg_tt_all": 27.421642597144459, "n_unreachable_categories": 0, "count_community": 96.0, "count_education": 335.0, "count_essential_services": 236.0, "count_food_and_drink": 1279.0, "count_healthcare": 315.0, "count_shelter": 573.0, "gravity_community_per_100": 15.081540145175721, "gravity_education_per_100": 48.296894797022297, "gravity_essential_services_per_100": 38.314084249607269, "gravity_food_and_drink_per_100": 228.13541063461571, "gravity_healthcare_per_100": 49.203413769523472, "gravity_shelter_per_100": 81.453536874486417, "shannon": 1.5005217710672434, "kl_divergence": 0.0020315519066829921, "jsd": 0.022496617584426681, "city_similarity": 0.97750338241557333 }, "geometry": { "type": "Polygon", "coordinates": [ [ [ 24.762284151285282, 59.431964083002882 ], [ 24.753477409630001, 59.43181283496407 ], [ 24.748815920347305, 59.435622458781864 ], [ 24.752962041938801, 59.439583796155354 ], [ 24.761770799800939, 59.439735090810295 ], [ 24.766431419503675, 59.435925001467147 ], [ 24.762284151285282, 59.431964083002882 ] ] ] } },
{ "type": "Feature", "properties": { "from_id": "333", "population": 292.87738088100127, "gravity_community": 41.417729564586487, "gravity_education": 131.3859488879186, "gravity_essential_services": 103.05158649051015, "gravity_food_and_drink": 621.06018435776741, "gravity_healthcare": 133.5578764873635, "gravity_shelter": 224.6160759244454, "avg_gravity": 209.18156695209859, "min_tt_community": 6.0, "min_tt_education": 1.0, "min_tt_essential_services": 4.0, "min_tt_food_and_drink": 2.0, "min_tt_healthcare": 3.0, "min_tt_shelter": 4.0, "avg_tt_community": 31.076923076923077, "avg_tt_education": 35.564814814814817, "avg_tt_essential_services": 31.853448275862068, "avg_tt_food_and_drink": 28.234411996842937, "avg_tt_healthcare": 33.074193548387093, "avg_tt_shelter": 35.443243243243245, "avg_tt_all": 32.541172492678875, "n_unreachable_categories": 0, "count_community": 91.0, "count_education": 324.0, "count_essential_services": 232.0, "count_food_and_drink": 1268.0, "count_healthcare": 310.0, "count_shelter": 555.0, "gravity_community_per_100": 14.141662097632214, "gravity_education_per_100": 44.860394644577177, "gravity_essential_services_per_100": 35.185915068115463, "gravity_food_and_drink_per_100": 212.05467711079734, "gravity_healthcare_per_100": 45.60197721162676, "gravity_shelter_per_100": 76.692872371632191, "shannon": 1.4940315314638031, "kl_divergence": 0.0014477073894474824, "jsd": 0.018993973387566296, "city_similarity": 0.98100602661243375 }, "geometry": { "type": "Polygon", "coordinates": [ [ [ 24.774728842734429, 59.443846453728511 ], [ 24.77938859177382, 59.440035898901165 ], [ 24.775239307244274, 59.436075382340327 ], [ 24.766431419503675, 59.435925001467147 ], [ 24.761770799800939, 59.439735090810295 ], [ 24.765918938140921, 59.443696026502394 ], [ 24.770623221972787, 59.443776425219362 ], [ 24.770864486694336, 59.443695068359382 ], [ 24.770906448364258, 59.44372177124022 ], [ 24.770952224731445, 59.443714141845696 ], [ 24.771108627319336, 59.443656921386712 ], [ 24.771316528320312, 59.443592071533203 ], [ 24.77131462097168, 59.443584442138679 ], [ 24.77134895324707, 59.443572998046868 ], [ 24.771560668945312, 59.443740844726555 ], [ 24.77163013386992, 59.443793611822343 ], [ 24.774728842734429, 59.443846453728511 ] ] ] } },
{ "type": "Feature", "properties": { "from_id": "334", "population": 3291.2714876828454, "gravity_community": 37.59275277397488, "gravity_education": 121.49606741658209, "gravity_essential_services": 97.650844456150736, "gravity_food_and_drink": 562.95838879630253, "gravity_healthcare": 124.73741782827754, "gravity_shelter": 221.52690016256918, "avg_gravity": 194.32706190564284, "min_tt_community": 11.0, "min_tt_education": 12.0, "min_tt_essential_services": 6.0, "min_tt_food_and_drink": 2.0, "min_tt_healthcare": 11.0, "min_tt_shelter": 2.0, "avg_tt_community": 33.674157303370784, "avg_tt_education": 37.148734177215189, "avg_tt_essential_services": 33.502164502164504, "avg_tt_food_and_drink": 31.269047619047619, "avg_tt_healthcare": 34.762376237623762, "avg_tt_shelter": 36.435943060498218, "avg_tt_all": 34.46540381665335, "n_unreachable_categories": 0, "count_community": 89.0, "count_education": 316.0, "count_essential_services": 231.0, "count_food_and_drink": 1260.0, "count_healthcare": 304.0, "count_shelter": 562.0, "gravity_community_per_100": 1.1421954376799623, "gravity_education_per_100": 3.6914629458938677, "gravity_essential_services_per_100": 2.9669641298688454, "gravity_food_and_drink_per_100": 17.104586810996931, "gravity_healthcare_per_100": 3.7899461741485343, "gravity_shelter_per_100": 6.7307391988659928, "shannon": 1.4911417074350071, "kl_divergence": 0.0016411498704749089, "jsd": 0.020194680955097116, "city_similarity": 0.97980531904490287 }, "geometry": { "type": "Polygon", "coordinates": [ [ [ 24.788197625162141, 59.440185412312182 ], [ 24.77938859177382, 59.440035898901165 ], [ 24.774728842734429, 59.443846453728511 ], [ 24.777086234992211, 59.446096264413441 ], [ 24.777124404907227, 59.446098327636719 ], [ 24.777219772338867, 59.44609451293946 ], [ 24.777324676513675, 59.446086883544893 ], [ 24.777400970458984, 59.446063995361328 ], [ 24.777463912963867, 59.446037292480469 ], [ 24.777509689331055, 59.445964813232401 ], [ 24.777559280395508, 59.445957183837876 ], [ 24.777589797973633, 59.445945739746065 ], [ 24.777664184570312, 59.445949554443352 ], [ 24.777706146240234, 59.445930480957031 ], [ 24.7777214050293, 59.445919036865227 ], [ 24.777776718139648, 59.445907592773438 ], [ 24.777820587158203, 59.445899963378906 ], [ 24.777860641479492, 59.445877075195298 ], [ 24.777873992919922, 59.445854187011712 ], [ 24.777935028076175, 59.445816040039034 ], [ 24.777973175048828, 59.445804595947251 ], [ 24.778020858764648, 59.445789337158189 ], [ 24.778059005737305, 59.445762634277337 ], [ 24.778091430664062, 59.44575119018554 ], [ 24.778131484985355, 59.445739746093729 ], [ 24.778165817260742, 59.445709228515625 ], [ 24.778205871582031, 59.44569015502929 ], [ 24.778255462646484, 59.445678710937507 ], [ 24.778367996215824, 59.445667266845696 ], [ 24.778528213500977, 59.445583343505852 ], [ 24.778554916381836, 59.445564270019531 ], [ 24.779062271118164, 59.445281982421875 ], [ 24.779088973999027, 59.445270538330064 ], [ 24.77912712097168, 59.445251464843736 ], [ 24.779165267944336, 59.445259094238281 ], [ 24.779209136962891, 59.44526672363282 ], [ 24.779296875, 59.445255279540994 ], [ 24.779394149780273, 59.445224761962891 ], [ 24.779434204101562, 59.445213317871094 ], [ 24.779510498046875, 59.445205688476555 ], [ 24.779537200927734, 59.445201873779297 ], [ 24.779605865478516, 59.445190429687472 ], [ 24.779699325561523, 59.445167541503892 ], [ 24.779760360717773, 59.445156097412095 ], [ 24.779836654663089, 59.445148468017585 ], [ 24.779844284057621, 59.445144653320298 ], [ 24.779916763305664, 59.445121765136705 ], [ 24.779972076416016, 59.445110321044901 ], [ 24.780025482177734, 59.445102691650405 ], [ 24.780088424682617, 59.445087432861335 ], [ 24.780147552490234, 59.445068359374986 ], [ 24.780193328857422, 59.445064544677727 ], [ 24.780239105224609, 59.445049285888672 ], [ 24.780340194702152, 59.444992065429659 ], [ 24.780391693115234, 59.444980621337898 ], [ 24.780439376831055, 59.444972991943359 ], [ 24.780496597290039, 59.444950103759766 ], [ 24.780590057373047, 59.444915771484389 ], [ 24.78065299987793, 59.444892883300767 ], [ 24.780717849731445, 59.444892883300767 ], [ 24.780763626098633, 59.444877624511697 ], [ 24.780801773071289, 59.444850921630866 ], [ 24.780820846557621, 59.444843292236328 ], [ 24.780878067016602, 59.444873809814432 ], [ 24.780948638916016, 59.44483947753907 ], [ 24.780986785888672, 59.444828033447273 ], [ 24.78108024597168, 59.444808959960938 ], [ 24.781194686889648, 59.444770812988288 ], [ 24.781358718872074, 59.444694519042955 ], [ 24.781463623046875, 59.444580078125007 ], [ 24.781568527221683, 59.444541931152337 ], [ 24.781578063964844, 59.444526672363295 ], [ 24.781541824340824, 59.444484710693352 ], [ 24.781585693359375, 59.444396972656222 ], [ 24.781675338745117, 59.444259643554695 ], [ 24.781694412231445, 59.444225311279304 ], [ 24.781715393066406, 59.444190979003913 ], [ 24.781763076782227, 59.44416809082032 ], [ 24.781808853149414, 59.444152832031243 ], [ 24.781854629516602, 59.444133758544922 ], [ 24.781948089599613, 59.444091796875 ], [ 24.781997680664062, 59.44405364990233 ], [ 24.782413482666016, 59.444004058837891 ], [ 24.782608032226562, 59.443977355957024 ], [ 24.782747268676758, 59.443958282470703 ], [ 24.783082962036133, 59.443847656249993 ], [ 24.783657073974609, 59.443790435791016 ], [ 24.784379959106445, 59.443721771240234 ], [ 24.784523010253906, 59.443721771240234 ], [ 24.785160064697266, 59.443798065185526 ], [ 24.785804748535156, 59.443756103515625 ], [ 24.78590202331543, 59.443767547607422 ], [ 24.785991668701172, 59.443763732910163 ], [ 24.786092758178714, 59.443733215332031 ], [ 24.78678131103516, 59.443687438964844 ], [ 24.788311004638672, 59.443561553955064 ], [ 24.788291931152344, 59.443504333496087 ], [ 24.788347244262695, 59.443500518798828 ], [ 24.78836822509766, 59.443500518798828 ], [ 24.788402557373043, 59.443496704101577 ], [ 24.7884521484375, 59.443492889404304 ], [ 24.788455963134766, 59.44349288940429 ], [ 24.788475036621094, 59.443550109863288 ], [ 24.789266586303711, 59.443485260009766 ], [ 24.789699554443359, 59.443462371826172 ], [ 24.789764404296875, 59.443481445312493 ], [ 24.789838790893555, 59.443481445312507 ], [ 24.789863586425785, 59.44347000122071 ], [ 24.790433883666992, 59.443611145019538 ], [ 24.790830612182617, 59.443698883056641 ], [ 24.791223526000977, 59.443782806396499 ], [ 24.791406631469727, 59.443828582763658 ], [ 24.791830062866214, 59.443885803222649 ], [ 24.791976928710938, 59.44390869140625 ], [ 24.792106628417972, 59.443927764892571 ], [ 24.792123777476352, 59.443930773506708 ], [ 24.788197625162141, 59.440185412312182 ] ] ] } },
{ "type": "Feature", "properties": { "from_id": "335", "population": 1831.2784695626276, "gravity_community": 41.565327244812515, "gravity_education": 124.77542009488604, "gravity_essential_services": 97.587184295663789, "gravity_food_and_drink": 629.84379096181851, "gravity_healthcare": 125.90727559068664, "gravity_shelter": 206.3491105991481, "avg_gravity": 204.33801813116926, "min_tt_community": 7.0, "min_tt_education": 9.0, "min_tt_essential_services": 5.0, "min_tt_food_and_drink": 1.0, "min_tt_healthcare": 9.0, "min_tt_shelter": 10.0, "avg_tt_community": 30.393258426966291, "avg_tt_education": 36.531446540880502, "avg_tt_essential_services": 33.939393939393938, "avg_tt_food_and_drink": 27.619313647246607, "avg_tt_healthcare": 34.444078947368418, "avg_tt_shelter": 36.908067542213885, "avg_tt_all": 33.305926507344935, "n_unreachable_categories": 0, "count_community": 89.0, "count_education": 318.0, "count_essential_services": 231.0, "count_food_and_drink": 1254.0, "count_healthcare": 304.0, "count_shelter": 533.0, "gravity_community_per_100": 2.2697436755612461, "gravity_education_per_100": 6.8135688901910543, "gravity_essential_services_per_100": 5.3289101530785201, "gravity_food_and_drink_per_100": 34.39366548727277, "gravity_healthcare_per_100": 6.8753757379541316, "gravity_shelter_per_100": 11.268035638972558, "shannon": 1.4919025644494681, "kl_divergence": 0.0010102389303113316, "jsd": 0.015877466104027845, "city_similarity": 0.98412253389597215 }, "geometry": { "type": "Polygon", "coordinates": [ [ [ 24.765918938140921, 59.443696026502394 ], [ 24.761770799800939, 59.439735090810295 ], [ 24.752962041938801, 59.439583796155354 ], [ 24.748299405487579, 59.443393390563536 ], [ 24.752446396554205, 59.447354745290959 ], [ 24.760795866770216, 59.447498177594362 ], [ 24.760799407958988, 59.447471618652344 ], [ 24.760725021362305, 59.447429656982415 ], [ 24.760601043701172, 59.4473876953125 ], [ 24.760641098022461, 59.447345733642585 ], [ 24.760683059692383, 59.447303771972628 ], [ 24.760829925537109, 59.447303771972656 ], [ 24.760923385620121, 59.447307586669929 ], [ 24.761028289794922, 59.44731140136718 ], [ 24.761093139648438, 59.447299957275398 ], [ 24.761186599731449, 59.447303771972656 ], [ 24.761278152465824, 59.447311401367195 ], [ 24.761383056640625, 59.447319030761705 ], [ 24.761421203613281, 59.44732666015625 ], [ 24.761451721191406, 59.447338104248047 ], [ 24.761458200860464, 59.447341806917827 ], [ 24.76328770809657, 59.445846657358381 ], [ 24.763174057006836, 59.44580078125 ], [ 24.763145446777344, 59.445789337158217 ], [ 24.763141632080078, 59.445789337158203 ], [ 24.762418746948246, 59.445499420166009 ], [ 24.76220703125, 59.445415496826179 ], [ 24.762414932250977, 59.445281982421889 ], [ 24.762554168701172, 59.4451904296875 ], [ 24.762718200683594, 59.444953918457017 ], [ 24.762771606445312, 59.444957733154304 ], [ 24.762844085693359, 59.444862365722635 ], [ 24.762912750244141, 59.44476318359375 ], [ 24.762868881225586, 59.444755554199212 ], [ 24.762876510620117, 59.444740295410142 ], [ 24.762882232666016, 59.444732666015632 ], [ 24.764317370205784, 59.445005104341327 ], [ 24.764826237096329, 59.444589183725121 ], [ 24.763652801513672, 59.444377899169929 ], [ 24.763673782348633, 59.444351196289062 ], [ 24.763675689697266, 59.444343566894538 ], [ 24.763679504394531, 59.444343566894538 ], [ 24.763814926147461, 59.444152832031229 ], [ 24.763816833496094, 59.444149017333999 ], [ 24.763832092285156, 59.444129943847649 ], [ 24.763828277587891, 59.444122314453125 ], [ 24.763280868530273, 59.444019317626967 ], [ 24.763265609741211, 59.444019317626953 ], [ 24.763294219970703, 59.443977355957038 ], [ 24.763397216796875, 59.443836212158196 ], [ 24.763412475585938, 59.443813323974616 ], [ 24.763416290283203, 59.443805694580078 ], [ 24.763412475585938, 59.443805694580064 ], [ 24.763219833374023, 59.443767547607422 ], [ 24.762937545776367, 59.443698883056641 ], [ 24.762821197509766, 59.443668365478523 ], [ 24.760662078857422, 59.443260192871094 ], [ 24.760614395141602, 59.443252563476548 ], [ 24.759904861450195, 59.443119049072266 ], [ 24.757949829101562, 59.442749023437507 ], [ 24.758052825927734, 59.442611694335938 ], [ 24.75800895690918, 59.442562103271484 ], [ 24.75799560546875, 59.442546844482429 ], [ 24.757961273193359, 59.442508697509759 ], [ 24.757875442504883, 59.442493438720717 ], [ 24.757820129394531, 59.442485809326165 ], [ 24.757675170898438, 59.442455291748047 ], [ 24.757701873779297, 59.442417144775384 ], [ 24.758335113525391, 59.441509246826151 ], [ 24.758432388305664, 59.441375732421868 ], [ 24.758474349975586, 59.441318511962898 ], [ 24.75873947143555, 59.441394805908203 ], [ 24.75954627990723, 59.441627502441385 ], [ 24.76070594787598, 59.441959381103501 ], [ 24.760766983032227, 59.441978454589851 ], [ 24.760665893554688, 59.442104339599567 ], [ 24.76054573059082, 59.442249298095689 ], [ 24.760421752929691, 59.442401885986314 ], [ 24.760276794433594, 59.442604064941378 ], [ 24.760135650634766, 59.442802429199219 ], [ 24.760141372680664, 59.44281005859375 ], [ 24.761007308959961, 59.442993164062486 ], [ 24.761707305908203, 59.44311904907228 ], [ 24.762157440185547, 59.443206787109368 ], [ 24.762542724609379, 59.44328308105468 ], [ 24.762601852416992, 59.44328308105468 ], [ 24.762601852416992, 59.443275451660156 ], [ 24.762750625610352, 59.443294525146477 ], [ 24.762842178344727, 59.443305969238281 ], [ 24.762903213500977, 59.44331359863282 ], [ 24.763095855712891, 59.443340301513665 ], [ 24.763490676879883, 59.443386077880866 ], [ 24.763690948486328, 59.443416595458984 ], [ 24.765157699584961, 59.443687438964844 ], [ 24.765701293945312, 59.443786621093743 ], [ 24.76578872231703, 59.443802465927625 ], [ 24.765918938140921, 59.443696026502394 ] ] ] } },
{ "type": "Feature", "properties": { "from_id": "336", "population": 3390.6051552809818, "gravity_community": 26.337833413807747, "gravity_education": 66.712662737126806, "gravity_essential_services": 61.735423291761677, "gravity_food_and_drink": 392.581395535105, "gravity_healthcare": 74.647123293190518, "gravity_shelter": 114.77378285010325, "avg_gravity": 122.79803685351582, "min_tt_community": 21.0, "min_tt_education": 26.0, "min_tt_essential_services": 17.0, "min_tt_food_and_drink": 17.0, "min_tt_healthcare": 25.0, "min_tt_shelter": 24.0, "avg_tt_community": 43.049382716049379, "avg_tt_education": 46.555066079295152, "avg_tt_essential_services": 46.043902439024393, "avg_tt_food_and_drink": 40.518617021276597, "avg_tt_healthcare": 45.903614457831324, "avg_tt_shelter": 48.150246305418719, "avg_tt_all": 45.036804836482595, "n_unreachable_categories": 0, "count_community": 81.0, "count_education": 227.0, "count_essential_services": 205.0, "count_food_and_drink": 1128.0, "count_healthcare": 249.0, "count_shelter": 406.0, "gravity_community_per_100": 0.77678857335498597, "gravity_education_per_100": 1.967573919163651, "gravity_essential_services_per_100": 1.8207789012414692, "gravity_food_and_drink_per_100": 11.578505238914246, "gravity_healthcare_per_100": 2.201587028702682, "gravity_shelter_per_100": 3.3850530390228193, "shannon": 1.4589292238801101, "kl_divergence": 0.0010761917006635608, "jsd": 0.016456429426052136, "city_similarity": 0.98354357057394781 }, "geometry": { "type": "MultiPolygon", "coordinates": [ [ [ [ 24.761458200860464, 59.447341806917827 ], [ 24.761478424072266, 59.447353363037095 ], [ 24.761468887329102, 59.44737243652343 ], [ 24.761508941650391, 59.447387695312486 ], [ 24.761577606201172, 59.447410583496094 ], [ 24.76161003112793, 59.447429656982429 ], [ 24.761680603027344, 59.447456359863267 ], [ 24.76171875, 59.44746398925782 ], [ 24.761751174926758, 59.447467803955078 ], [ 24.761795043945312, 59.447479248046875 ], [ 24.761829376220703, 59.447502136230469 ], [ 24.761899948120117, 59.44752120971679 ], [ 24.761943817138672, 59.447528839111328 ], [ 24.762062072753906, 59.447551727294922 ], [ 24.762166976928711, 59.447574615478516 ], [ 24.762176513671879, 59.447578430175788 ], [ 24.76222038269043, 59.44760894775392 ], [ 24.762268066406254, 59.447620391845696 ], [ 24.762472152709961, 59.447719573974609 ], [ 24.762571334838867, 59.447761535644524 ], [ 24.762660980224609, 59.447788238525391 ], [ 24.762872695922852, 59.44783782958983 ], [ 24.762931823730469, 59.447864532470696 ], [ 24.763103485107422, 59.44789886474608 ], [ 24.763175964355469, 59.447929382324219 ], [ 24.763238906860352, 59.447937011718743 ], [ 24.763437271118168, 59.447982788085916 ], [ 24.763553619384769, 59.448028564453118 ], [ 24.763662338256839, 59.448066711425774 ], [ 24.764020919799805, 59.448177337646484 ], [ 24.764566421508789, 59.448375701904304 ], [ 24.764841079711914, 59.448478698730462 ], [ 24.764875411987305, 59.448490142822259 ], [ 24.76502799987793, 59.448543548583984 ], [ 24.765096664428711, 59.44856262207032 ], [ 24.765287399291992, 59.448627471923828 ], [ 24.765537261962891, 59.448688507080078 ], [ 24.765613555908203, 59.448711395263672 ], [ 24.765832901000977, 59.448783874511719 ], [ 24.765903472900391, 59.44880294799804 ], [ 24.766036987304688, 59.448844909667962 ], [ 24.766241073608398, 59.448898315429673 ], [ 24.766353607177734, 59.448917388916023 ], [ 24.766452789306641, 59.448944091796875 ], [ 24.766616821289062, 59.448978424072273 ], [ 24.766881942749023, 59.449028015136719 ], [ 24.767118453979492, 59.44907379150392 ], [ 24.767345428466797, 59.449127197265611 ], [ 24.767557144165039, 59.44916152954103 ], [ 24.767723083496094, 59.449180603027337 ], [ 24.767934799194336, 59.449211120605462 ], [ 24.768203735351562, 59.449230194091797 ], [ 24.76841926574707, 59.449272155761726 ], [ 24.768642425537113, 59.449310302734382 ], [ 24.768861770629883, 59.449352264404283 ], [ 24.769084930419922, 59.44939804077147 ], [ 24.769227981567383, 59.449405670166016 ], [ 24.769296646118164, 59.449417114257812 ], [ 24.769367218017578, 59.449432373046875 ], [ 24.769493103027344, 59.449455261230455 ], [ 24.769630432128906, 59.449470520019538 ], [ 24.769765853881836, 59.449481964111328 ], [ 24.769865036010742, 59.449508666992195 ], [ 24.770069122314453, 59.449527740478501 ], [ 24.770208358764648, 59.449554443359361 ], [ 24.770309448242188, 59.449581146240241 ], [ 24.770479202270508, 59.449619293212876 ], [ 24.770601272583008, 59.449649810791023 ], [ 24.770748138427734, 59.449661254882805 ], [ 24.77088737487793, 59.449684143066399 ], [ 24.771022796630859, 59.449726104736328 ], [ 24.771133422851562, 59.449760437011719 ], [ 24.771200180053711, 59.449775695800753 ], [ 24.771337509155277, 59.449787139892578 ], [ 24.771398544311523, 59.449802398681634 ], [ 24.771446228027344, 59.449802398681634 ], [ 24.77149772644043, 59.449802398681634 ], [ 24.771562576293945, 59.449806213378899 ], [ 24.771635055541992, 59.449810028076158 ], [ 24.77227783203125, 59.449806213378913 ], [ 24.772708892822269, 59.449798583984361 ], [ 24.772851943969727, 59.449798583984361 ], [ 24.772872924804688, 59.449798583984375 ], [ 24.773469924926758, 59.449779510498026 ], [ 24.773487091064453, 59.44977951049804 ], [ 24.773595809936523, 59.449775695800753 ], [ 24.773838043212891, 59.449771881103516 ], [ 24.773960113525391, 59.449768066406257 ], [ 24.774003982543945, 59.44976425170897 ], [ 24.774032592773441, 59.449760437011719 ], [ 24.774080276489258, 59.449764251708984 ], [ 24.774097442626953, 59.449764251708999 ], [ 24.774135589599609, 59.449764251708984 ], [ 24.774169921875, 59.449768066406257 ], [ 24.77427864074707, 59.449768066406271 ], [ 24.774311065673828, 59.449764251708984 ], [ 24.774438858032227, 59.449752807617173 ], [ 24.774473190307617, 59.449745178222649 ], [ 24.774528503417969, 59.449745178222649 ], [ 24.774560928344727, 59.449748992919915 ], [ 24.774599075317383, 59.449760437011719 ], [ 24.774642944335938, 59.449764251708984 ], [ 24.774702072143555, 59.449764251708984 ], [ 24.774738311767578, 59.449756622314446 ], [ 24.774858474731445, 59.449722290039084 ], [ 24.774936676025391, 59.44969558715821 ], [ 24.774982452392578, 59.449684143066399 ], [ 24.775032043457031, 59.449672698974616 ], [ 24.775100708007812, 59.449649810791023 ], [ 24.775161743164062, 59.449623107910156 ], [ 24.775190353393555, 59.449607849121094 ], [ 24.775213241577148, 59.449596405029297 ], [ 24.775224685668945, 59.449588775634751 ], [ 24.775274276733402, 59.44957733154294 ], [ 24.775318145751957, 59.449554443359382 ], [ 24.775341033935547, 59.44952774047853 ], [ 24.775369644165039, 59.449485778808615 ], [ 24.775405883789062, 59.449424743652322 ], [ 24.775459289550781, 59.449356079101555 ], [ 24.775472640991211, 59.449340820312493 ], [ 24.775634765625, 59.449153900146491 ], [ 24.775644302368164, 59.44914245605468 ], [ 24.775634765625, 59.449127197265611 ], [ 24.775129318237305, 59.448986053466768 ], [ 24.775045394897461, 59.44899749755858 ], [ 24.773456573486328, 59.44915771484375 ], [ 24.77195930480957, 59.449306488037095 ], [ 24.771595001220703, 59.449165344238288 ], [ 24.771100997924805, 59.448966979980476 ], [ 24.771419525146484, 59.448760986328111 ], [ 24.770990371704102, 59.448589324951165 ], [ 24.770849227905273, 59.448680877685554 ], [ 24.770702362060547, 59.448776245117195 ], [ 24.770828247070312, 59.448825836181641 ], [ 24.770797729492188, 59.448844909667962 ], [ 24.769628524780273, 59.44837570190429 ], [ 24.764638900756836, 59.446392059326172 ], [ 24.76328770809657, 59.445846657358381 ], [ 24.761458200860464, 59.447341806917827 ] ] ], [ [ [ 24.764317370205784, 59.445005104341327 ], [ 24.765956878662109, 59.445316314697266 ], [ 24.767086029052738, 59.445529937744126 ], [ 24.76719856262207, 59.445526123046882 ], [ 24.767213821411133, 59.445495605468736 ], [ 24.767248153686523, 59.445449829101562 ], [ 24.767328262329102, 59.445343017578125 ], [ 24.767271041870117, 59.445308685302734 ], [ 24.767124176025391, 59.445228576660163 ], [ 24.767059326171875, 59.4451904296875 ], [ 24.766872406005859, 59.445091247558594 ], [ 24.766811370849609, 59.445056915283203 ], [ 24.766654968261719, 59.444969177246087 ], [ 24.766597747802734, 59.444938659667969 ], [ 24.766613006591797, 59.444919586181641 ], [ 24.766025543212891, 59.444808959960938 ], [ 24.765029907226566, 59.44462585449218 ], [ 24.764826237096329, 59.444589183725121 ], [ 24.764317370205784, 59.445005104341327 ] ] ], [ [ [ 24.765918938140921, 59.443696026502394 ], [ 24.76578872231703, 59.443802465927625 ], [ 24.766290664672852, 59.443893432617195 ], [ 24.766666412353516, 59.443962097167955 ], [ 24.767305374145508, 59.444080352783189 ], [ 24.767436981201175, 59.444107055664055 ], [ 24.767633438110352, 59.444171905517578 ], [ 24.767877578735352, 59.444248199462898 ], [ 24.768083572387695, 59.444313049316392 ], [ 24.769123077392578, 59.444869995117188 ], [ 24.769403457641602, 59.44501876831054 ], [ 24.769893646240234, 59.445281982421875 ], [ 24.771062850952152, 59.445915222167962 ], [ 24.771080017089847, 59.445915222167962 ], [ 24.771451950073242, 59.445838928222656 ], [ 24.771490097045898, 59.445831298828118 ], [ 24.771503448486328, 59.445808410644538 ], [ 24.771492004394531, 59.445789337158203 ], [ 24.769771575927734, 59.444000244140632 ], [ 24.769773483276367, 59.443996429443359 ], [ 24.769809722900394, 59.443988800048821 ], [ 24.769859313964844, 59.444000244140632 ], [ 24.770046234130863, 59.44395446777343 ], [ 24.770210266113281, 59.443912506103516 ], [ 24.770217895507812, 59.443885803222649 ], [ 24.770536422729492, 59.443805694580078 ], [ 24.770623221972787, 59.443776425219362 ], [ 24.765918938140921, 59.443696026502394 ] ] ], [ [ [ 24.774728842734429, 59.443846453728511 ], [ 24.77163013386992, 59.443793611822343 ], [ 24.771957397460938, 59.444042205810547 ], [ 24.772758483886719, 59.444641113281257 ], [ 24.772983551025394, 59.444812774658203 ], [ 24.773769378662113, 59.445423126220703 ], [ 24.773830413818359, 59.445430755615256 ], [ 24.774196624755859, 59.44524765014647 ], [ 24.776130676269531, 59.446269989013679 ], [ 24.776172637939453, 59.446273803710923 ], [ 24.776235580444336, 59.446243286132798 ], [ 24.77653694152832, 59.446090698242173 ], [ 24.776592254638675, 59.446113586425767 ], [ 24.776649475097656, 59.446113586425774 ], [ 24.776689529418949, 59.446102142333977 ], [ 24.77672004699707, 59.44609069824218 ], [ 24.776744842529297, 59.446086883544922 ], [ 24.776784896850586, 59.446079254150376 ], [ 24.776838302612305, 59.446083068847663 ], [ 24.776893615722656, 59.446083068847663 ], [ 24.776948928833008, 59.446083068847649 ], [ 24.776983261108398, 59.44609069824218 ], [ 24.777086234992211, 59.446096264413441 ], [ 24.774728842734429, 59.443846453728511 ] ] ] ] } },
{ "type": "Feature", "properties": { "from_id": "337", "population": 4003.7125198508952, "gravity_community": 32.225702160587922, "gravity_education": 91.421653978093971, "gravity_essential_services": 75.55241708268548, "gravity_food_and_drink": 491.16013641630684, "gravity_healthcare": 95.27590449365286, "gravity_shelter": 152.94791963525924, "avg_gravity": 156.43062229443106, "min_tt_community": 12.0, "min_tt_education": 17.0, "min_tt_essential_services": 10.0, "min_tt_food_and_drink": 10.0, "min_tt_healthcare": 17.0, "min_tt_shelter": 17.0, "avg_tt_community": 37.464285714285715, "avg_tt_education": 42.931899641577061, "avg_tt_essential_services": 41.674208144796381, "avg_tt_food_and_drink": 35.131338320864508, "avg_tt_healthcare": 41.829787234042556, "avg_tt_shelter": 44.356701030927837, "avg_tt_all": 40.56470334774901, "n_unreachable_categories": 0, "count_community": 84.0, "count_education": 279.0, "count_essential_services": 221.0, "count_food_and_drink": 1203.0, "count_healthcare": 282.0, "count_shelter": 485.0, "gravity_community_per_100": 0.8048955063783666, "gravity_education_per_100": 2.2834220370422265, "gravity_essential_services_per_100": 1.8870589910760918, "gravity_food_and_drink_per_100": 12.267617467065254, "gravity_healthcare_per_100": 2.3796889517232644, "gravity_shelter_per_100": 3.8201523929833821, "shannon": 1.4793287852284971, "kl_divergence": 0.00022192840202985877, "jsd": 0.0074429265682341454, "city_similarity": 0.9925570734317658 }, "geometry": { "type": "MultiPolygon", "coordinates": [ [ [ [ 24.749113784142427, 59.452435746478415 ], [ 24.749118804931641, 59.451938629150391 ], [ 24.748695116631119, 59.452035878090953 ], [ 24.749113784142427, 59.452435746478415 ] ] ], [ [ [ 24.752446396554205, 59.447354745290959 ], [ 24.752350226104287, 59.447433311621609 ], [ 24.752553939819336, 59.447437286376939 ], [ 24.75251579284668, 59.447700500488303 ], [ 24.752470016479492, 59.448020935058601 ], [ 24.752403259277344, 59.448432922363288 ], [ 24.752492904663086, 59.44843673706054 ], [ 24.752548217773438, 59.448436737060547 ], [ 24.752756118774414, 59.448444366455071 ], [ 24.752750396728516, 59.448474884033203 ], [ 24.752729415893555, 59.448627471923814 ], [ 24.752729415893555, 59.448654174804695 ], [ 24.753023147583008, 59.448665618896484 ], [ 24.75303840637207, 59.448539733886726 ], [ 24.753204345703125, 59.448547363281236 ], [ 24.753200531005859, 59.448581695556641 ], [ 24.753156661987305, 59.448596954345689 ], [ 24.753145217895508, 59.448612213134773 ], [ 24.753139495849613, 59.448627471923814 ], [ 24.753145217895508, 59.448650360107422 ], [ 24.753164291381836, 59.448661804199219 ], [ 24.753215789794922, 59.448677062988295 ], [ 24.753278732299805, 59.448677062988281 ], [ 24.753318786621094, 59.448661804199219 ], [ 24.75334358215332, 59.448631286621094 ], [ 24.753334045410156, 59.448604583740234 ], [ 24.753301620483398, 59.448581695556641 ], [ 24.753303527832031, 59.448554992675774 ], [ 24.753456115722656, 59.448562622070334 ], [ 24.753437042236328, 59.448657989501946 ], [ 24.753429412841797, 59.448688507080078 ], [ 24.753742218017578, 59.448699951171861 ], [ 24.753778457641602, 59.448482513427727 ], [ 24.754114151000977, 59.448490142822259 ], [ 24.754119873046875, 59.448467254638665 ], [ 24.754220962524414, 59.447845458984375 ], [ 24.754415512084961, 59.447826385498033 ], [ 24.754549026489261, 59.44781494140625 ], [ 24.754596710205078, 59.447792053222656 ], [ 24.754741668701172, 59.447837829589858 ], [ 24.754856109619141, 59.447868347167969 ], [ 24.754861831665039, 59.447872161865234 ], [ 24.754961013793945, 59.447898864746087 ], [ 24.755069732666016, 59.447933197021484 ], [ 24.755231857299808, 59.447975158691399 ], [ 24.755270004272461, 59.447986602783203 ], [ 24.755373001098633, 59.448017120361314 ], [ 24.755491256713867, 59.448055267333991 ], [ 24.755611419677734, 59.448097229003906 ], [ 24.75579833984375, 59.448165893554673 ], [ 24.75584602355957, 59.448188781738281 ], [ 24.755882263183594, 59.44820404052733 ], [ 24.755937576293945, 59.448215484619126 ], [ 24.756010055541992, 59.448238372802734 ], [ 24.756061553955082, 59.448257446289041 ], [ 24.756088256835938, 59.448272705078125 ], [ 24.756111145019531, 59.448291778564474 ], [ 24.756137847900391, 59.448307037353516 ], [ 24.756155014038086, 59.448322296142564 ], [ 24.756185531616211, 59.448356628417969 ], [ 24.756200790405273, 59.44837570190429 ], [ 24.756214141845703, 59.448417663574219 ], [ 24.756214141845703, 59.44842529296875 ], [ 24.756208419799805, 59.448455810546882 ], [ 24.756206512451172, 59.448478698730455 ], [ 24.756200790405273, 59.448490142822259 ], [ 24.75618934631348, 59.44854736328125 ], [ 24.756179809570312, 59.44861984252929 ], [ 24.756155014038086, 59.448707580566406 ], [ 24.756156921386719, 59.448741912841804 ], [ 24.756143569946289, 59.448799133300788 ], [ 24.756137847900391, 59.448841094970689 ], [ 24.756135940551758, 59.448909759521477 ], [ 24.756147384643555, 59.44898986816407 ], [ 24.756139755249023, 59.449024200439474 ], [ 24.756128311157227, 59.449035644531257 ], [ 24.756122589111328, 59.449054718017592 ], [ 24.75611686706543, 59.449096679687507 ], [ 24.756101608276367, 59.449134826660156 ], [ 24.75609016418457, 59.449150085449219 ], [ 24.756059646606445, 59.449165344238288 ], [ 24.75593376159668, 59.449207305908217 ], [ 24.755949020385742, 59.449226379394545 ], [ 24.755958557128906, 59.449234008789048 ], [ 24.756002426147461, 59.44924163818358 ], [ 24.756078720092773, 59.449237823486321 ], [ 24.756200790405273, 59.449176788330085 ], [ 24.756277084350586, 59.449176788330085 ], [ 24.756385803222656, 59.449207305908203 ], [ 24.75640869140625, 59.449203491210945 ], [ 24.756437301635742, 59.449207305908203 ], [ 24.7564697265625, 59.449203491210945 ], [ 24.756525039672852, 59.449207305908189 ], [ 24.756551742553714, 59.449199676513658 ], [ 24.756595611572266, 59.44919586181642 ], [ 24.756633758544922, 59.449199676513665 ], [ 24.756671905517578, 59.449203491210952 ], [ 24.756704330444336, 59.449207305908203 ], [ 24.756799697875977, 59.449230194091783 ], [ 24.756881713867188, 59.449253082275391 ], [ 24.756938934326172, 59.449272155761726 ], [ 24.756984710693359, 59.449283599853523 ], [ 24.75703239440918, 59.449287414550774 ], [ 24.757104873657227, 59.449306488037102 ], [ 24.757131576538086, 59.449317932128892 ], [ 24.7572021484375, 59.449333190917976 ], [ 24.757228851318359, 59.449344635009773 ], [ 24.757266998291016, 59.449348449707031 ], [ 24.757314682006836, 59.449363708496094 ], [ 24.757354736328125, 59.449367523193366 ], [ 24.757381439208984, 59.449375152587891 ], [ 24.757413864135742, 59.449378967285149 ], [ 24.757463455200195, 59.449394226074212 ], [ 24.757495880126953, 59.44939804077147 ], [ 24.757604598999023, 59.449424743652337 ], [ 24.75764274597168, 59.449447631835923 ], [ 24.757669448852539, 59.44945526123044 ], [ 24.757740020751953, 59.449466705322266 ], [ 24.757827758789062, 59.449493408203111 ], [ 24.757865905761719, 59.449501037597656 ], [ 24.757892608642578, 59.449504852294922 ], [ 24.757911682128906, 59.449516296386719 ], [ 24.757980346679688, 59.449539184570312 ], [ 24.758012771606445, 59.449542999267571 ], [ 24.758071899414062, 59.449565887451165 ], [ 24.758111953735352, 59.449577331542962 ], [ 24.758150100708008, 59.449592590332038 ], [ 24.758186340332031, 59.449600219726562 ], [ 24.758216857910156, 59.449604034423821 ], [ 24.758247375488281, 59.449611663818359 ], [ 24.758279800415039, 59.449615478515632 ], [ 24.758302688598633, 59.449615478515632 ], [ 24.758399963378906, 59.449626922607415 ], [ 24.758468627929688, 59.449626922607415 ], [ 24.758489608764648, 59.449626922607429 ], [ 24.758533477783203, 59.449626922607401 ], [ 24.758571624755859, 59.449619293212891 ], [ 24.758716583251953, 59.449607849121094 ], [ 24.758749008178711, 59.449600219726562 ], [ 24.7587890625, 59.449596405029297 ], [ 24.758817672729492, 59.449588775634766 ], [ 24.75885009765625, 59.449573516845703 ], [ 24.758916854858402, 59.449562072753892 ], [ 24.759038925170898, 59.449542999267571 ], [ 24.759073257446289, 59.44953536987304 ], [ 24.759115219116211, 59.44952392578125 ], [ 24.759145736694336, 59.449516296386719 ], [ 24.759172439575195, 59.449512481689467 ], [ 24.759231567382812, 59.449508666992195 ], [ 24.759275436401367, 59.449497222900398 ], [ 24.759353637695312, 59.449489593505859 ], [ 24.759408950805664, 59.449481964111314 ], [ 24.759527206420898, 59.449443817138658 ], [ 24.759567260742188, 59.449436187744134 ], [ 24.759599685668945, 59.449428558349602 ], [ 24.759616851806641, 59.449417114257805 ], [ 24.759672164916992, 59.449386596679673 ], [ 24.759750366210941, 59.449363708496094 ], [ 24.759805679321289, 59.449340820312493 ], [ 24.759851455688477, 59.449310302734382 ], [ 24.759881973266605, 59.449272155761712 ], [ 24.759891510009766, 59.449253082275405 ], [ 24.759895324707031, 59.44923400878907 ], [ 24.759918212890625, 59.449222564697259 ], [ 24.759933471679691, 59.449203491210945 ], [ 24.75993537902832, 59.449176788330071 ], [ 24.759956359863281, 59.449161529541001 ], [ 24.759979248046875, 59.449150085449219 ], [ 24.759998321533203, 59.44914245605468 ], [ 24.760009765625, 59.449123382568359 ], [ 24.760030746459961, 59.449096679687507 ], [ 24.760038375854492, 59.44908142089843 ], [ 24.760044097900391, 59.449054718017578 ], [ 24.760049819946289, 59.449043273925781 ], [ 24.760042190551758, 59.449028015136719 ], [ 24.760076522827148, 59.44898605346679 ], [ 24.760074615478516, 59.448974609374972 ], [ 24.760044097900391, 59.448936462402344 ], [ 24.760040283203125, 59.448925018310533 ], [ 24.76005744934082, 59.448879241943359 ], [ 24.760059356689453, 59.448856353759759 ], [ 24.760055541992188, 59.448833465576165 ], [ 24.760049819946289, 59.448818206787081 ], [ 24.760049819946289, 59.44879150390625 ], [ 24.760044097900391, 59.448776245117195 ], [ 24.760030746459961, 59.448768615722642 ], [ 24.76002311706543, 59.448757171630859 ], [ 24.760023117065433, 59.4487495422363 ], [ 24.760036468505859, 59.44871520996093 ], [ 24.760040283203125, 59.44865798950196 ], [ 24.760160446166992, 59.448432922363288 ], [ 24.760190963745117, 59.448368072509751 ], [ 24.760229110717777, 59.448246002197259 ], [ 24.760234832763675, 59.44819641113282 ], [ 24.760221481323246, 59.448116302490227 ], [ 24.760223388671875, 59.448074340820298 ], [ 24.760234832763675, 59.448051452636719 ], [ 24.76024055480957, 59.448043823242195 ], [ 24.760242462158203, 59.448036193847656 ], [ 24.760305404663086, 59.447998046874993 ], [ 24.760341644287109, 59.447975158691406 ], [ 24.76036262512207, 59.447952270507812 ], [ 24.76038932800293, 59.44792556762696 ], [ 24.760431289672852, 59.447875976562486 ], [ 24.760459899902344, 59.44780731201174 ], [ 24.760486602783203, 59.447746276855462 ], [ 24.760519027709961, 59.447711944580071 ], [ 24.760601043701172, 59.447624206542969 ], [ 24.760644912719727, 59.447578430175781 ], [ 24.760705947875977, 59.447582244873054 ], [ 24.760763168334961, 59.447555541992188 ], [ 24.760791778564453, 59.447528839111328 ], [ 24.760795866770216, 59.447498177594362 ], [ 24.752446396554205, 59.447354745290959 ] ] ], [ [ [ 24.75001335144043, 59.451660156250007 ], [ 24.750156402587891, 59.451599121093743 ], [ 24.750246047973633, 59.451553344726555 ], [ 24.750308990478519, 59.451526641845689 ], [ 24.750392913818359, 59.451503753662116 ], [ 24.750505447387695, 59.451465606689453 ], [ 24.750619888305664, 59.451431274414062 ], [ 24.750738143920898, 59.451396942138672 ], [ 24.750848770141602, 59.451370239257812 ], [ 24.750972747802734, 59.451343536376953 ], [ 24.751100540161133, 59.451324462890625 ], [ 24.751199722290039, 59.451293945312507 ], [ 24.751279830932617, 59.451255798339837 ], [ 24.751344680786133, 59.451225280761726 ], [ 24.751392364501953, 59.451202392578125 ], [ 24.751459121704102, 59.451168060302734 ], [ 24.751543045043945, 59.451118469238288 ], [ 24.751621246337891, 59.451068878173807 ], [ 24.751712799072266, 59.451030731201172 ], [ 24.751781463623047, 59.450988769531243 ], [ 24.751834869384769, 59.450954437255852 ], [ 24.751880645751957, 59.450942993164048 ], [ 24.751926422119141, 59.450939178466804 ], [ 24.752050399780273, 59.450939178466804 ], [ 24.752161026000977, 59.450931549072251 ], [ 24.752292633056641, 59.450942993164062 ], [ 24.752374649047852, 59.450950622558587 ], [ 24.752458572387695, 59.450946807861314 ], [ 24.752531051635742, 59.450920104980455 ], [ 24.752614974975586, 59.45087814331054 ], [ 24.752729415893555, 59.450836181640618 ], [ 24.752826690673828, 59.450805664062507 ], [ 24.752908706665039, 59.450767517089844 ], [ 24.75300407409668, 59.450721740722656 ], [ 24.753105163574219, 59.450679779052727 ], [ 24.753164291381836, 59.450641632080071 ], [ 24.753162384033203, 59.450611114501953 ], [ 24.753105163574219, 59.450599670410156 ], [ 24.753005981445312, 59.450630187988274 ], [ 24.752946853637695, 59.450626373291016 ], [ 24.752880096435547, 59.450618743896477 ], [ 24.752790451049805, 59.450649261474624 ], [ 24.752771377563477, 59.45069885253907 ], [ 24.752714157104492, 59.450756072998047 ], [ 24.752630233764648, 59.450767517089844 ], [ 24.752536773681641, 59.450805664062486 ], [ 24.75244140625, 59.450843811035149 ], [ 24.752397537231445, 59.450839996337891 ], [ 24.752307891845703, 59.450839996337891 ], [ 24.752265930175781, 59.450832366943366 ], [ 24.752157211303711, 59.450801849365234 ], [ 24.752063751220707, 59.450775146484389 ], [ 24.751934051513672, 59.450759887695305 ], [ 24.751836776733398, 59.450775146484382 ], [ 24.751747131347656, 59.450824737548828 ], [ 24.751680374145508, 59.450874328613295 ], [ 24.751655578613281, 59.450920104980455 ], [ 24.751644134521488, 59.450946807861328 ], [ 24.751605987548828, 59.450962066650398 ], [ 24.751533508300781, 59.450988769531257 ], [ 24.751468658447266, 59.451011657714837 ], [ 24.751434326171879, 59.451042175292969 ], [ 24.751379013061523, 59.451087951660156 ], [ 24.751344680786133, 59.45111083984375 ], [ 24.751312255859375, 59.451129913330085 ], [ 24.751251220703129, 59.451145172119141 ], [ 24.751184463500977, 59.451141357421868 ], [ 24.75111198425293, 59.451164245605476 ], [ 24.751087188720703, 59.451190948486328 ], [ 24.751049041748047, 59.451213836669922 ], [ 24.7509880065918, 59.45122909545897 ], [ 24.750875473022461, 59.451263427734375 ], [ 24.750820159912109, 59.451290130615234 ], [ 24.750753402709961, 59.451316833496101 ], [ 24.750642776489258, 59.451347351074219 ], [ 24.750556945800781, 59.451362609863274 ], [ 24.750453948974609, 59.451393127441406 ], [ 24.75037956237793, 59.451408386230455 ], [ 24.750301361083984, 59.451431274414062 ], [ 24.750251770019531, 59.451454162597656 ], [ 24.750167846679688, 59.451480865478501 ], [ 24.75006103515625, 59.451503753662116 ], [ 24.749961853027344, 59.451530456542976 ], [ 24.749872207641602, 59.451553344726584 ], [ 24.749809265136719, 59.451587677001946 ], [ 24.749765396118164, 59.45161437988282 ], [ 24.749683380126953, 59.451641082763672 ], [ 24.74958610534668, 59.451671600341804 ], [ 24.74949836730957, 59.451702117919936 ], [ 24.749391555786133, 59.451744079589851 ], [ 24.749284744262695, 59.451789855957024 ], [ 24.749185562133793, 59.451831817626953 ], [ 24.749088287353516, 59.45186614990233 ], [ 24.749042510986328, 59.451900482177734 ], [ 24.749046325683594, 59.451927185058594 ], [ 24.749118804931641, 59.451938629150391 ], [ 24.749181747436523, 59.451919555664055 ], [ 24.749309539794925, 59.451885223388665 ], [ 24.749399185180664, 59.451858520507805 ], [ 24.74946403503418, 59.451839447021491 ], [ 24.749580383300781, 59.451805114746108 ], [ 24.749719619750977, 59.451751708984382 ], [ 24.749837875366211, 59.451713562011733 ], [ 24.75001335144043, 59.451660156250007 ] ] ] ] } },
{ "type": "Feature", "properties": { "from_id": "338", "population": 2630.6862321469207, "gravity_community": 27.269380723521436, "gravity_education": 84.736962985721291, "gravity_essential_services": 73.146534930537513, "gravity_food_and_drink": 412.17704338058036, "gravity_healthcare": 90.241567349959126, "gravity_shelter": 157.58233288258913, "avg_gravity": 140.8589703754848, "min_tt_community": 7.0, "min_tt_education": 12.0, "min_tt_essential_services": 20.0, "min_tt_food_and_drink": 19.0, "min_tt_healthcare": 14.0, "min_tt_shelter": 4.0, "avg_tt_community": 42.487804878048777, "avg_tt_education": 42.821011673151752, "avg_tt_essential_services": 41.675925925925924, "avg_tt_food_and_drink": 40.279898218829516, "avg_tt_healthcare": 42.022304832713758, "avg_tt_shelter": 42.586723768736618, "avg_tt_all": 41.978944882901054, "n_unreachable_categories": 0, "count_community": 82.0, "count_education": 257.0, "count_essential_services": 216.0, "count_food_and_drink": 1180.0, "count_healthcare": 269.0, "count_shelter": 467.0, "gravity_community_per_100": 1.0365881111282023, "gravity_education_per_100": 3.221097292038773, "gravity_essential_services_per_100": 2.7805115652596144, "gravity_food_and_drink_per_100": 15.668042746557424, "gravity_healthcare_per_100": 3.4303432407563244, "gravity_shelter_per_100": 5.9901607024409413, "shannon": 1.4706966772401115, "kl_divergence": 0.0002712462006640359, "jsd": 0.0082397729127085904, "city_similarity": 0.99176022708729139 }, "geometry": { "type": "Polygon", "coordinates": [ [ [ 24.840558256980856, 59.448841430410639 ], [ 24.831746664386777, 59.448695434827009 ], [ 24.827091552734277, 59.452507879690515 ], [ 24.831248908960408, 59.456466785257959 ], [ 24.840062520547331, 59.456612825855885 ], [ 24.844716756553474, 59.452799915863892 ], [ 24.840558256980856, 59.448841430410639 ] ] ] } },
{ "type": "Feature", "properties": { "from_id": "339", "population": 5242.1659183676056, "gravity_community": 25.027665142684199, "gravity_education": 83.686715900161403, "gravity_essential_services": 72.409133405612465, "gravity_food_and_drink": 399.06342336909114, "gravity_healthcare": 91.113104760531684, "gravity_shelter": 155.43640647343508, "avg_gravity": 137.78940817525267, "min_tt_community": 16.0, "min_tt_education": 3.0, "min_tt_essential_services": 5.0, "min_tt_food_and_drink": 9.0, "min_tt_healthcare": 10.0, "min_tt_shelter": 3.0, "avg_tt_community": 42.55263157894737, "avg_tt_education": 42.864541832669325, "avg_tt_essential_services": 41.412322274881518, "avg_tt_food_and_drink": 41.030901287553647, "avg_tt_healthcare": 42.265917602996254, "avg_tt_shelter": 42.767391304347825, "avg_tt_all": 42.148950980232655, "n_unreachable_categories": 0, "count_community": 76.0, "count_education": 251.0, "count_essential_services": 211.0, "count_food_and_drink": 1165.0, "count_healthcare": 268.0, "count_shelter": 460.0, "gravity_community_per_100": 0.47742985499546603, "gravity_education_per_100": 1.5964148636909452, "gravity_essential_services_per_100": 1.3812827471161089, "gravity_food_and_drink_per_100": 7.6125675833884756, "gravity_healthcare_per_100": 1.7380812850903433, "gravity_shelter_per_100": 2.9651180236171828, "shannon": 1.4655478351031948, "kl_divergence": 0.00037204467251086533, "jsd": 0.009669002418948313, "city_similarity": 0.9903309975810517 }, "geometry": { "type": "Polygon", "coordinates": [ [ [ 24.866993567429279, 59.449275852940417 ], [ 24.858181708863803, 59.449131639479361 ], [ 24.853529491951335, 59.452945042767261 ], [ 24.857690010617638, 59.456903124404903 ], [ 24.866503888377078, 59.457047382331915 ], [ 24.871155227914379, 59.453233514147236 ], [ 24.866993567429279, 59.449275852940417 ] ] ] } },
{ "type": "Feature", "properties": { "from_id": "340", "population": 3470.2733330648771, "gravity_community": 14.459335731510473, "gravity_education": 45.857692877667716, "gravity_essential_services": 37.583709921332606, "gravity_food_and_drink": 246.92089788464966, "gravity_healthcare": 51.435278181131515, "gravity_shelter": 85.345287692632937, "avg_gravity": 80.267033714820826, "min_tt_community": 25.0, "min_tt_education": 8.0, "min_tt_essential_services": 23.0, "min_tt_food_and_drink": 19.0, "min_tt_healthcare": 14.0, "min_tt_shelter": 7.0, "avg_tt_community": 47.588235294117645, "avg_tt_education": 47.267515923566876, "avg_tt_essential_services": 46.578125, "avg_tt_food_and_drink": 47.78032036613272, "avg_tt_healthcare": 47.02325581395349, "avg_tt_shelter": 45.420289855072461, "avg_tt_all": 46.942957042140527, "n_unreachable_categories": 0, "count_community": 51.0, "count_education": 157.0, "count_essential_services": 128.0, "count_food_and_drink": 874.0, "count_healthcare": 173.0, "count_shelter": 276.0, "gravity_community_per_100": 0.41666273355880801, "gravity_education_per_100": 1.3214432546489674, "gravity_essential_services_per_100": 1.0830187225667154, "gravity_food_and_drink_per_100": 7.1153155439365348, "gravity_healthcare_per_100": 1.4821679229429716, "gravity_shelter_per_100": 2.4593246554806001, "shannon": 1.3996026564219457, "kl_divergence": 0.0046766812202194939, "jsd": 0.034240428436306924, "city_similarity": 0.96575957156369308 }, "geometry": { "type": "Polygon", "coordinates": [ [ [ 24.853529491951335, 59.452945042767261 ], [ 24.844716756553474, 59.452799915863892 ], [ 24.840062520547331, 59.456612825855885 ], [ 24.844221896309083, 59.460571327829427 ], [ 24.853036651343505, 59.460716499483198 ], [ 24.857690010617638, 59.456903124404903 ], [ 24.853529491951335, 59.452945042767261 ] ] ] } },
{ "type": "Feature", "properties": { "from_id": "341", "population": 2706.3083255494876, "gravity_community": 27.315770377868283, "gravity_education": 84.590707165806791, "gravity_essential_services": 68.214721857273446, "gravity_food_and_drink": 398.71476442356629, "gravity_healthcare": 86.279339288482987, "gravity_shelter": 159.5839852094058, "avg_gravity": 137.44988138706728, "min_tt_community": 19.0, "min_tt_education": 13.0, "min_tt_essential_services": 8.0, "min_tt_food_and_drink": 8.0, "min_tt_healthcare": 10.0, "min_tt_shelter": 11.0, "avg_tt_community": 43.333333333333336, "avg_tt_education": 44.030303030303031, "avg_tt_essential_services": 43.442857142857143, "avg_tt_food_and_drink": 40.975945017182127, "avg_tt_healthcare": 43.526119402985074, "avg_tt_shelter": 42.952083333333334, "avg_tt_all": 43.043440209999005, "n_unreachable_categories": 0, "count_community": 84.0, "count_education": 265.0, "count_essential_services": 210.0, "count_food_and_drink": 1164.0, "count_healthcare": 268.0, "count_shelter": 480.0, "gravity_community_per_100": 1.0093369672622983, "gravity_education_per_100": 3.1256862482079359, "gravity_essential_services_per_100": 2.5205820494759466, "gravity_food_and_drink_per_100": 14.732791554436483, "gravity_healthcare_per_100": 3.1880823952668025, "gravity_shelter_per_100": 5.896740726206942, "shannon": 1.4777337888428328, "kl_divergence": 0.00034741348512536477, "jsd": 0.0092987024611356148, "city_similarity": 0.99070129753886438 }, "geometry": { "type": "Polygon", "coordinates": [ [ [ 24.840062520547331, 59.456612825855885 ], [ 24.831248908960408, 59.456466785257959 ], [ 24.826592653418654, 59.460279201606838 ], [ 24.830750885189783, 59.464238123821211 ], [ 24.83956651685536, 59.464384209454067 ], [ 24.844221896309083, 59.460571327829427 ], [ 24.840062520547331, 59.456612825855885 ] ] ] } },
{ "type": "Feature", "properties": { "from_id": "342", "population": 2190.1729624188652, "gravity_community": 11.787158991808964, "gravity_education": 35.157848598485913, "gravity_essential_services": 28.708233948218933, "gravity_food_and_drink": 196.35621780056078, "gravity_healthcare": 38.026446189103709, "gravity_shelter": 68.411403188525625, "avg_gravity": 63.074551452783993, "min_tt_community": 34.0, "min_tt_education": 22.0, "min_tt_essential_services": 29.0, "min_tt_food_and_drink": 15.0, "min_tt_healthcare": 22.0, "min_tt_shelter": 23.0, "avg_tt_community": 49.613636363636367, "avg_tt_education": 50.443609022556394, "avg_tt_essential_services": 49.579439252336449, "avg_tt_food_and_drink": 50.542056074766357, "avg_tt_healthcare": 49.901408450704224, "avg_tt_shelter": 46.303030303030305, "avg_tt_all": 49.397196577838344, "n_unreachable_categories": 0, "count_community": 44.0, "count_education": 133.0, "count_essential_services": 107.0, "count_food_and_drink": 750.0, "count_healthcare": 142.0, "count_shelter": 231.0, "gravity_community_per_100": 0.53818393314430379, "gravity_education_per_100": 1.6052544343190582, "gravity_essential_services_per_100": 1.3107747397499172, "gravity_food_and_drink_per_100": 8.9653292762641712, "gravity_healthcare_per_100": 1.7362302814252002, "gravity_shelter_per_100": 3.1235616712650347, "shannon": 1.3907258599304049, "kl_divergence": 0.0057987268343111589, "jsd": 0.03810518994244376, "city_similarity": 0.96189481005755628 }, "geometry": { "type": "Polygon", "coordinates": [ [ [ 24.866503888377078, 59.457047382331915 ], [ 24.857690010617638, 59.456903124404903 ], [ 24.853036651343505, 59.460716499483198 ], [ 24.85719804728485, 59.464674597524372 ], [ 24.86601394532428, 59.464818899937711 ], [ 24.870666426780232, 59.461005059815477 ], [ 24.866503888377078, 59.457047382331915 ] ] ] } },
{ "type": "Feature", "properties": { "from_id": "343", "population": 2003.1129510074891, "gravity_community": 13.062767294657597, "gravity_education": 37.520952267910786, "gravity_essential_services": 30.636140749912371, "gravity_food_and_drink": 199.25072715422658, "gravity_healthcare": 37.239793043659418, "gravity_shelter": 80.472784466986226, "avg_gravity": 66.363860829558831, "min_tt_community": 15.0, "min_tt_education": 14.0, "min_tt_essential_services": 12.0, "min_tt_food_and_drink": 17.0, "min_tt_healthcare": 12.0, "min_tt_shelter": 18.0, "avg_tt_community": 48.111111111111114, "avg_tt_education": 49.532846715328468, "avg_tt_essential_services": 49.036036036036037, "avg_tt_food_and_drink": 50.697889182058049, "avg_tt_healthcare": 48.454545454545453, "avg_tt_shelter": 43.287449392712553, "avg_tt_all": 48.186646315298617, "n_unreachable_categories": 0, "count_community": 45.0, "count_education": 137.0, "count_essential_services": 111.0, "count_food_and_drink": 759.0, "count_healthcare": 132.0, "count_shelter": 247.0, "gravity_community_per_100": 0.65212335071207672, "gravity_education_per_100": 1.873132129121285, "gravity_essential_services_per_100": 1.529426522578448, "gravity_food_and_drink_per_100": 9.947054011807527, "gravity_healthcare_per_100": 1.8590960147768616, "gravity_shelter_per_100": 4.0173862600464689, "shannon": 1.3911230687427811, "kl_divergence": 0.005437423043443617, "jsd": 0.036934670416244569, "city_similarity": 0.96306532958375546 }, "geometry": { "type": "Polygon", "coordinates": [ [ [ 24.853036651343505, 59.460716499483198 ], [ 24.844221896309083, 59.460571327829427 ], [ 24.83956651685536, 59.464384209454067 ], [ 24.843726769248331, 59.468342727957896 ], [ 24.852543545005641, 59.468487944382559 ], [ 24.85719804728485, 59.464674597524372 ], [ 24.853036651343505, 59.460716499483198 ] ] ] } },
{ "type": "Feature", "properties": { "from_id": "344", "population": 3255.9036473182268, "gravity_community": 10.365751153742917, "gravity_education": 26.895558830081328, "gravity_essential_services": 24.530830404751782, "gravity_food_and_drink": 149.98156151011523, "gravity_healthcare": 29.114664369836717, "gravity_shelter": 66.748300818155798, "avg_gravity": 51.272777847780638, "min_tt_community": 28.0, "min_tt_education": 24.0, "min_tt_essential_services": 23.0, "min_tt_food_and_drink": 20.0, "min_tt_healthcare": 22.0, "min_tt_shelter": 24.0, "avg_tt_community": 50.53846153846154, "avg_tt_education": 49.255102040816325, "avg_tt_essential_services": 51.168421052631579, "avg_tt_food_and_drink": 52.065878378378379, "avg_tt_healthcare": 49.805555555555557, "avg_tt_shelter": 44.733644859813083, "avg_tt_all": 49.594510570942738, "n_unreachable_categories": 0, "count_community": 39.0, "count_education": 98.0, "count_essential_services": 95.0, "count_food_and_drink": 593.0, "count_healthcare": 108.0, "count_shelter": 214.0, "gravity_community_per_100": 0.31836787192031379, "gravity_education_per_100": 0.82605512150933125, "gravity_essential_services_per_100": 0.75342617785870181, "gravity_food_and_drink_per_100": 4.6064496298485293, "gravity_healthcare_per_100": 0.89421148546018681, "gravity_shelter_per_100": 2.050069905266823, "shannon": 1.4082587881373927, "kl_divergence": 0.005230183105413528, "jsd": 0.0365724930697423, "city_similarity": 0.96342750693025769 }, "geometry": { "type": "Polygon", "coordinates": [ [ [ 24.86601394532428, 59.464818899937711 ], [ 24.85719804728485, 59.464674597524372 ], [ 24.852543545005641, 59.468487944382559 ], [ 24.856705818664938, 59.472446058837242 ], [ 24.865523738071179, 59.47259040575733 ], [ 24.870177362088892, 59.468776593707922 ], [ 24.86601394532428, 59.464818899937711 ] ] ] } },
{ "type": "Feature", "properties": { "from_id": "345", "population": 3554.9365084663232, "gravity_community": 31.524935110167721, "gravity_education": 94.905251030597555, "gravity_essential_services": 76.93926255589119, "gravity_food_and_drink": 439.16589442336794, "gravity_healthcare": 96.90679842877249, "gravity_shelter": 186.96995999197674, "avg_gravity": 154.40201692346227, "min_tt_community": 2.0, "min_tt_education": 9.0, "min_tt_essential_services": 2.0, "min_tt_food_and_drink": 1.0, "min_tt_healthcare": 2.0, "min_tt_shelter": 3.0, "avg_tt_community": 40.172413793103445, "avg_tt_education": 42.694444444444443, "avg_tt_essential_services": 41.4375, "avg_tt_food_and_drink": 39.388843314191959, "avg_tt_healthcare": 42.159722222222221, "avg_tt_shelter": 40.975285171102662, "avg_tt_all": 41.138034824177453, "n_unreachable_categories": 0, "count_community": 87.0, "count_education": 288.0, "count_essential_services": 224.0, "count_food_and_drink": 1220.0, "count_healthcare": 288.0, "count_shelter": 526.0, "gravity_community_per_100": 0.88679319687113811, "gravity_education_per_100": 2.6696749943233655, "gravity_essential_services_per_100": 2.1642935780331123, "gravity_food_and_drink_per_100": 12.353691644772402, "gravity_healthcare_per_100": 2.7259783176994121, "gravity_shelter_per_100": 5.2594458310772936, "shannon": 1.4846084102880637, "kl_divergence": 0.00088523695629300243, "jsd": 0.014828760969945464, "city_similarity": 0.98517123903005455 }, "geometry": { "type": "Polygon", "coordinates": [ [ [ 24.839070245702803, 59.472155581204625 ], [ 24.843726769248331, 59.468342727957896 ], [ 24.83956651685536, 59.464384209454067 ], [ 24.830750885189783, 59.464238123821211 ], [ 24.826093485114239, 59.468050511644826 ], [ 24.828587653695219, 59.470424767107943 ], [ 24.82866096496582, 59.470481872558587 ], [ 24.828868865966797, 59.470657348632805 ], [ 24.828939437866211, 59.470718383789055 ], [ 24.8291015625, 59.470855712890618 ], [ 24.829183578491211, 59.470920562744126 ], [ 24.829364776611328, 59.471084594726562 ], [ 24.829610824584961, 59.471290588378906 ], [ 24.829744338989258, 59.471408843994112 ], [ 24.829875946044922, 59.471519470214851 ], [ 24.829952239990234, 59.471588134765618 ], [ 24.830137252807617, 59.471736907958984 ], [ 24.830224990844727, 59.471824645996087 ], [ 24.830343246459961, 59.471942901611314 ], [ 24.830415158203333, 59.472012150025904 ], [ 24.839070245702803, 59.472155581204625 ] ] ] } },
{ "type": "Feature", "properties": { "from_id": "346", "population": 2894.1350242150006, "gravity_community": 14.063905940158605, "gravity_education": 42.411469917411736, "gravity_essential_services": 33.937446625588933, "gravity_food_and_drink": 224.02073385530031, "gravity_healthcare": 40.843319048325618, "gravity_shelter": 88.068057580560136, "avg_gravity": 73.890822161224222, "min_tt_community": 16.0, "min_tt_education": 10.0, "min_tt_essential_services": 13.0, "min_tt_food_and_drink": 13.0, "min_tt_healthcare": 12.0, "min_tt_shelter": 13.0, "avg_tt_community": 47.5625, "avg_tt_education": 48.781456953642383, "avg_tt_essential_services": 47.435897435897438, "avg_tt_food_and_drink": 49.37118437118437, "avg_tt_healthcare": 47.064748201438846, "avg_tt_shelter": 42.696969696969695, "avg_tt_all": 47.152126109855459, "n_unreachable_categories": 0, "count_community": 48.0, "count_education": 151.0, "count_essential_services": 117.0, "count_food_and_drink": 820.0, "count_healthcare": 139.0, "count_shelter": 264.0, "gravity_community_per_100": 0.48594505171621249, "gravity_education_per_100": 1.4654281698178662, "gravity_essential_services_per_100": 1.1726283100697439, "gravity_food_and_drink_per_100": 7.7405073357302419, "gravity_healthcare_per_100": 1.4112444204086116, "gravity_shelter_per_100": 3.0429837185791819, "shannon": 1.3868587302656556, "kl_divergence": 0.0059543869578771759, "jsd": 0.038657132766116285, "city_similarity": 0.96134286723388374 }, "geometry": { "type": "Polygon", "coordinates": [ [ [ 24.852543545005641, 59.468487944382559 ], [ 24.843726769248331, 59.468342727957896 ], [ 24.839070245702803, 59.472155581204625 ], [ 24.843231375169385, 59.476114116248773 ], [ 24.852050172736725, 59.476259377464878 ], [ 24.856705818664938, 59.472446058837242 ], [ 24.852543545005641, 59.468487944382559 ] ] ] } },
{ "type": "Feature", "properties": { "from_id": "347", "population": 3379.5657140463845, "gravity_community": 7.557000632077485, "gravity_education": 17.798931906463725, "gravity_essential_services": 16.150514876402667, "gravity_food_and_drink": 117.12459509295698, "gravity_healthcare": 18.265393271919038, "gravity_shelter": 51.516027915869827, "avg_gravity": 38.068743949281618, "min_tt_community": 34.0, "min_tt_education": 21.0, "min_tt_essential_services": 30.0, "min_tt_food_and_drink": 21.0, "min_tt_healthcare": 29.0, "min_tt_shelter": 13.0, "avg_tt_community": 51.103448275862071, "avg_tt_education": 51.623188405797102, "avg_tt_essential_services": 51.333333333333336, "avg_tt_food_and_drink": 53.375, "avg_tt_healthcare": 50.857142857142854, "avg_tt_shelter": 46.412790697674417, "avg_tt_all": 50.784150594968303, "n_unreachable_categories": 0, "count_community": 29.0, "count_education": 69.0, "count_essential_services": 63.0, "count_food_and_drink": 481.0, "count_healthcare": 70.0, "count_shelter": 172.0, "gravity_community_per_100": 0.22360863115247492, "gravity_education_per_100": 0.52666328790372607, "gravity_essential_services_per_100": 0.47788728620594007, "gravity_food_and_drink_per_100": 3.4656700003244687, "gravity_healthcare_per_100": 0.54046569344703521, "gravity_shelter_per_100": 1.5243386954056064, "shannon": 1.3498662381213329, "kl_divergence": 0.014665854723302134, "jsd": 0.061435272146255444, "city_similarity": 0.93856472785374456 }, "geometry": { "type": "Polygon", "coordinates": [ [ [ 24.865523738071179, 59.47259040575733 ], [ 24.856705818664938, 59.472446058837242 ], [ 24.852050172736725, 59.476259377464878 ], [ 24.856213324557181, 59.480217508343024 ], [ 24.865033266417893, 59.48036189979026 ], [ 24.869688033640987, 59.476548115824087 ], [ 24.865523738071179, 59.47259040575733 ] ] ] } },
{ "type": "Feature", "properties": { "from_id": "348", "population": 3019.2412052060549, "gravity_community": 27.111359468093934, "gravity_education": 84.08114892443281, "gravity_essential_services": 71.230383889200681, "gravity_food_and_drink": 410.11292546301422, "gravity_healthcare": 88.423136177723023, "gravity_shelter": 161.43688029661686, "avg_gravity": 140.39930570318026, "min_tt_community": 23.0, "min_tt_education": 26.0, "min_tt_essential_services": 21.0, "min_tt_food_and_drink": 6.0, "min_tt_healthcare": 16.0, "min_tt_shelter": 11.0, "avg_tt_community": 42.548780487804876, "avg_tt_education": 44.601476014760145, "avg_tt_essential_services": 43.218181818181819, "avg_tt_food_and_drink": 40.772268907563024, "avg_tt_healthcare": 43.38909090909091, "avg_tt_shelter": 43.643863179074444, "avg_tt_all": 43.028943552745865, "n_unreachable_categories": 0, "count_community": 82.0, "count_education": 271.0, "count_essential_services": 220.0, "count_food_and_drink": 1191.0, "count_healthcare": 275.0, "count_shelter": 497.0, "gravity_community_per_100": 0.89795275121928053, "gravity_education_per_100": 2.784843714356187, "gravity_essential_services_per_100": 2.3592147512553376, "gravity_food_and_drink_per_100": 13.583311090079839, "gravity_healthcare_per_100": 2.9286542600589738, "gravity_shelter_per_100": 5.3469355153954723, "shannon": 1.4772550355263716, "kl_divergence": 0.00053918400498370773, "jsd": 0.011580096223000132, "city_similarity": 0.98841990377699984 }, "geometry": { "type": "Polygon", "coordinates": [ [ [ 24.813621954492703, 59.45617292147584 ], [ 24.818279085036529, 59.452360970444751 ], [ 24.814123747701728, 59.448401661621752 ], [ 24.805312424334023, 59.448253884024489 ], [ 24.80382716915426, 59.449469330156226 ], [ 24.80384635925293, 59.449485778808601 ], [ 24.803888320922852, 59.449516296386705 ], [ 24.804128646850586, 59.449691772460938 ], [ 24.804176330566406, 59.44972229003907 ], [ 24.804279327392578, 59.449790954589837 ], [ 24.804342269897461, 59.449836730957038 ], [ 24.804443359375, 59.449920654296868 ], [ 24.804534912109375, 59.449977874755859 ], [ 24.804613113403324, 59.450031280517571 ], [ 24.804758071899414, 59.450122833251974 ], [ 24.804889678955078, 59.450195312500007 ], [ 24.804973602294925, 59.450256347656243 ], [ 24.8050651550293, 59.450313568115241 ], [ 24.805133819580078, 59.450370788574226 ], [ 24.805187225341797, 59.450424194335916 ], [ 24.805252075195312, 59.450466156005852 ], [ 24.805416107177734, 59.450603485107422 ], [ 24.805501937866211, 59.450660705566392 ], [ 24.805559158325195, 59.450706481933594 ], [ 24.805583953857422, 59.450736999511697 ], [ 24.805658340454102, 59.4508056640625 ], [ 24.80573844909668, 59.450889587402337 ], [ 24.805770874023438, 59.450923919677734 ], [ 24.805803298950195, 59.450939178466804 ], [ 24.80584716796875, 59.450954437255859 ], [ 24.805879592895508, 59.450973510742195 ], [ 24.805904388427738, 59.450988769531243 ], [ 24.805919647216797, 59.451004028320312 ], [ 24.805952072143555, 59.451042175292969 ], [ 24.806039810180664, 59.451171875 ], [ 24.806066513061523, 59.451221466064446 ], [ 24.806121826171875, 59.451316833496101 ], [ 24.806146621704102, 59.451358795166016 ], [ 24.806224822998047, 59.451461791992188 ], [ 24.806283950805664, 59.451526641845689 ], [ 24.806341171264648, 59.451606750488295 ], [ 24.806385040283203, 59.451683044433601 ], [ 24.806415557861328, 59.45173263549804 ], [ 24.806463241577148, 59.451797485351548 ], [ 24.806488037109375, 59.451835632324212 ], [ 24.806568145751953, 59.451930999755866 ], [ 24.806598663330078, 59.451969146728523 ], [ 24.806617736816406, 59.452003479003928 ], [ 24.806644439697266, 59.452041625976562 ], [ 24.806665420532227, 59.452083587646477 ], [ 24.806690216064453, 59.452110290527351 ], [ 24.806734085083008, 59.452178955078118 ], [ 24.806758880615234, 59.452220916748047 ], [ 24.806789398193359, 59.452262878417976 ], [ 24.806802749633793, 59.452297210693352 ], [ 24.80682373046875, 59.452331542968736 ], [ 24.806852340698242, 59.452365875244141 ], [ 24.806894302368164, 59.452423095703139 ], [ 24.806911468505859, 59.452465057373026 ], [ 24.806934356689453, 59.452495574951172 ], [ 24.806953430175785, 59.452529907226562 ], [ 24.806953430175785, 59.452548980712898 ], [ 24.806978225708008, 59.452606201171882 ], [ 24.807033538818359, 59.452690124511733 ], [ 24.807069778442383, 59.452739715576172 ], [ 24.807090759277344, 59.452785491943366 ], [ 24.807138442993164, 59.452850341796875 ], [ 24.807151794433594, 59.452869415283217 ], [ 24.807195663452148, 59.45292663574218 ], [ 24.807256698608398, 59.452999114990234 ], [ 24.807285308837891, 59.453029632568345 ], [ 24.807327270507812, 59.453083038330064 ], [ 24.807344436645508, 59.453117370605469 ], [ 24.807361602783203, 59.453147888183587 ], [ 24.807392120361328, 59.453186035156257 ], [ 24.80743408203125, 59.453266143798821 ], [ 24.807468414306641, 59.453304290771506 ], [ 24.807561874389648, 59.453495025634759 ], [ 24.807622909545898, 59.453567504882798 ], [ 24.807701110839847, 59.453678131103501 ], [ 24.807790756225586, 59.453784942626939 ], [ 24.807830810546875, 59.453865051269531 ], [ 24.807844161987305, 59.45391464233397 ], [ 24.807962417602539, 59.454078674316406 ], [ 24.808094024658203, 59.454280853271484 ], [ 24.808149337768555, 59.454383850097642 ], [ 24.808206558227543, 59.454479217529283 ], [ 24.808252334594727, 59.454536437988281 ], [ 24.808296203613281, 59.454616546630866 ], [ 24.808374404907227, 59.454734802246101 ], [ 24.808460235595703, 59.454822540283217 ], [ 24.808506011962891, 59.454860687255859 ], [ 24.808547973632812, 59.454902648925795 ], [ 24.808591842651367, 59.454959869384759 ], [ 24.808631896972656, 59.454994201660163 ], [ 24.808759689331055, 59.455142974853516 ], [ 24.808858871459964, 59.455265045165994 ], [ 24.808925628662109, 59.455352783203111 ], [ 24.80900764465332, 59.455451965332024 ], [ 24.809051513671875, 59.455516815185547 ], [ 24.809082031250004, 59.455554962158189 ], [ 24.809120178222656, 59.455593109130859 ], [ 24.809169769287109, 59.455654144287116 ], [ 24.809225082397461, 59.455707550048828 ], [ 24.809261322021484, 59.45573806762696 ], [ 24.809297561645508, 59.455780029296875 ], [ 24.809322357177734, 59.455814361572266 ], [ 24.809366226196289, 59.455867767334006 ], [ 24.809391021728516, 59.455909729003892 ], [ 24.809427261352539, 59.455951690673835 ], [ 24.809474945068359, 59.455993652343736 ], [ 24.809526443481445, 59.4560546875 ], [ 24.809576905163517, 59.456105149212384 ], [ 24.813621954492703, 59.45617292147584 ] ] ] } },
{ "type": "Feature", "properties": { "from_id": "349", "population": 864.66677411465821, "gravity_community": 27.021740803499505, "gravity_education": 82.716213639064762, "gravity_essential_services": 67.120481695203367, "gravity_food_and_drink": 395.43923232060769, "gravity_healthcare": 85.267339860278966, "gravity_shelter": 155.65699548667061, "avg_gravity": 135.53700063422082, "min_tt_community": 21.0, "min_tt_education": 15.0, "min_tt_essential_services": 14.0, "min_tt_food_and_drink": 10.0, "min_tt_healthcare": 15.0, "min_tt_shelter": 15.0, "avg_tt_community": 43.642857142857146, "avg_tt_education": 44.445283018867926, "avg_tt_essential_services": 43.847619047619048, "avg_tt_food_and_drink": 41.268271711092005, "avg_tt_healthcare": 43.847014925373138, "avg_tt_shelter": 43.309473684210523, "avg_tt_all": 43.393419921669967, "n_unreachable_categories": 0, "count_community": 84.0, "count_education": 265.0, "count_essential_services": 210.0, "count_food_and_drink": 1164.0, "count_healthcare": 268.0, "count_shelter": 475.0, "gravity_community_per_100": 3.125104561947273, "gravity_education_per_100": 9.5662532799133864, "gravity_essential_services_per_100": 7.7625836570312021, "gravity_food_and_drink_per_100": 45.733136065682906, "gravity_healthcare_per_100": 9.861294826273987, "gravity_shelter_per_100": 18.001963316567764, "shannon": 1.4773990921531208, "kl_divergence": 0.00025804034150307426, "jsd": 0.0080184957469845199, "city_similarity": 0.99198150425301546 }, "geometry": { "type": "Polygon", "coordinates": [ [ [ 24.827091552734277, 59.452507879690515 ], [ 24.818279085036529, 59.452360970444751 ], [ 24.813621954492703, 59.45617292147584 ], [ 24.817778166286793, 59.460132247062276 ], [ 24.826592653418654, 59.460279201606838 ], [ 24.831248908960408, 59.456466785257959 ], [ 24.827091552734277, 59.452507879690515 ] ] ] } },
{ "type": "Feature", "properties": { "from_id": "350", "population": 2232.9050921726762, "gravity_community": 29.606998082997034, "gravity_education": 92.76427797681167, "gravity_essential_services": 75.348436346988677, "gravity_food_and_drink": 438.51907956405512, "gravity_healthcare": 95.185018348579092, "gravity_shelter": 177.21820571391035, "avg_gravity": 151.44033600555699, "min_tt_community": 19.0, "min_tt_education": 22.0, "min_tt_essential_services": 16.0, "min_tt_food_and_drink": 14.0, "min_tt_healthcare": 15.0, "min_tt_shelter": 5.0, "avg_tt_community": 41.151162790697676, "avg_tt_education": 43.418685121107266, "avg_tt_essential_services": 42.353982300884958, "avg_tt_food_and_drink": 39.359247135842878, "avg_tt_healthcare": 42.612456747404842, "avg_tt_shelter": 42.781544256120526, "avg_tt_all": 41.946179725343022, "n_unreachable_categories": 0, "count_community": 86.0, "count_education": 289.0, "count_essential_services": 226.0, "count_food_and_drink": 1222.0, "count_healthcare": 289.0, "count_shelter": 531.0, "gravity_community_per_100": 1.3259407301628139, "gravity_education_per_100": 4.1544209963061869, "gravity_essential_services_per_100": 3.374457634187785, "gravity_food_and_drink_per_100": 19.638948430959253, "gravity_healthcare_per_100": 4.2628331442408749, "gravity_shelter_per_100": 7.9366653932197497, "shannon": 1.4848600873979749, "kl_divergence": 0.0010306933101603341, "jsd": 0.01599665581721418, "city_similarity": 0.98400334418278579 }, "geometry": { "type": "Polygon", "coordinates": [ [ [ 24.817778166286793, 59.460132247062276 ], [ 24.813621954492703, 59.45617292147584 ], [ 24.809576905163517, 59.456105149212384 ], [ 24.809595108032227, 59.456123352050781 ], [ 24.80961799621582, 59.456153869628899 ], [ 24.809684753417969, 59.456222534179695 ], [ 24.809808731079102, 59.456378936767585 ], [ 24.809885025024418, 59.456462860107422 ], [ 24.809972763061523, 59.456596374511719 ], [ 24.809986114501953, 59.456619262695312 ], [ 24.810039520263672, 59.456676483154297 ], [ 24.810070037841797, 59.456707000732415 ], [ 24.810087203979492, 59.456737518310547 ], [ 24.810102462768555, 59.456752777099602 ], [ 24.810134887695312, 59.456771850585952 ], [ 24.810159683227539, 59.456790924072259 ], [ 24.810192108154297, 59.456829071044922 ], [ 24.810243606567383, 59.456874847412102 ], [ 24.810293197631836, 59.456928253173828 ], [ 24.81035041809082, 59.456993103027337 ], [ 24.810354232788086, 59.456996917724609 ], [ 24.81041145324707, 59.457107543945305 ], [ 24.810573577880863, 59.457283020019531 ], [ 24.810909271240234, 59.457675933837884 ], [ 24.810943603515625, 59.457710266113288 ], [ 24.810981750488281, 59.457748413085945 ], [ 24.811029434204102, 59.457809448242195 ], [ 24.811054229736328, 59.457847595214844 ], [ 24.811092376708988, 59.45789337158201 ], [ 24.811134338378906, 59.457935333251946 ], [ 24.811223983764648, 59.458000183105455 ], [ 24.81126594543457, 59.458042144775362 ], [ 24.811313629150391, 59.458095550537109 ], [ 24.811370849609375, 59.458148956298835 ], [ 24.811403274536133, 59.458202362060533 ], [ 24.811498641967777, 59.458297729492173 ], [ 24.811532974243164, 59.458324432373033 ], [ 24.811687469482422, 59.458454132080064 ], [ 24.811737060546875, 59.458484649658203 ], [ 24.811769485473633, 59.458511352539048 ], [ 24.811811447143555, 59.458534240722642 ], [ 24.811853408813477, 59.458549499511712 ], [ 24.811885833740238, 59.458564758300788 ], [ 24.811944961547855, 59.458606719970703 ], [ 24.811952590942383, 59.458614349365234 ], [ 24.812009811401371, 59.458648681640632 ], [ 24.812143325805664, 59.458744049072266 ], [ 24.812200546264648, 59.458793640136733 ], [ 24.812265396118164, 59.45884704589843 ], [ 24.812362670898438, 59.458911895751953 ], [ 24.812402725219727, 59.458942413330085 ], [ 24.812442779541016, 59.458969116210916 ], [ 24.812496185302734, 59.458992004394531 ], [ 24.812522888183594, 59.459011077880845 ], [ 24.81256103515625, 59.459030151367188 ], [ 24.812620162963867, 59.459064483642578 ], [ 24.812744140625, 59.459125518798828 ], [ 24.812942504882812, 59.459239959716797 ], [ 24.812994003295902, 59.45926666259767 ], [ 24.813053131103519, 59.459304809570298 ], [ 24.813127517700195, 59.459354400634773 ], [ 24.813180923461914, 59.459384918212891 ], [ 24.813285827636719, 59.459434509277344 ], [ 24.813398361206055, 59.459499359130852 ], [ 24.813444137573242, 59.459526062011733 ], [ 24.813535690307617, 59.4595947265625 ], [ 24.813583374023438, 59.459632873535142 ], [ 24.813776016235352, 59.459758758544929 ], [ 24.813877105712891, 59.459815979003913 ], [ 24.814035415649414, 59.459899902343757 ], [ 24.814113616943359, 59.459934234619148 ], [ 24.814189910888672, 59.459968566894524 ], [ 24.81437873840332, 59.460060119628906 ], [ 24.814556121826172, 59.46014404296875 ], [ 24.814668655395508, 59.460205078124986 ], [ 24.814821243286133, 59.460281372070312 ], [ 24.814865112304688, 59.460308074951172 ], [ 24.814891815185547, 59.460327148437507 ], [ 24.814945220947266, 59.460361480712884 ], [ 24.815057754516602, 59.460418701171854 ], [ 24.815141677856445, 59.460468292236335 ], [ 24.815206527709961, 59.46051025390625 ], [ 24.815282821655273, 59.460552215576172 ], [ 24.815420150756839, 59.460659027099609 ], [ 24.815464019775391, 59.460697174072266 ], [ 24.815500259399414, 59.460731506347642 ], [ 24.815528869628906, 59.460731506347642 ], [ 24.815553665161133, 59.460727691650398 ], [ 24.815584182739258, 59.460700988769517 ], [ 24.815593719482422, 59.460697174072251 ], [ 24.815616607666016, 59.460700988769524 ], [ 24.815628051757812, 59.460708618164048 ], [ 24.815616607666016, 59.460716247558601 ], [ 24.815582275390625, 59.460754394531236 ], [ 24.815568923950195, 59.460773468017571 ], [ 24.81556510925293, 59.460781097412109 ], [ 24.815605163574219, 59.460803985595689 ], [ 24.815650939941406, 59.460826873779297 ], [ 24.8158073425293, 59.460891723632805 ], [ 24.81590461730957, 59.460941314697273 ], [ 24.815946578979492, 59.460964202880866 ], [ 24.81599044799805, 59.460990905761705 ], [ 24.81610107421875, 59.461078643798814 ], [ 24.816141128540043, 59.46112060546875 ], [ 24.816162109375, 59.461154937744141 ], [ 24.816171646118164, 59.461185455322259 ], [ 24.81617546081543, 59.461223602294929 ], [ 24.816169738769531, 59.461250305175781 ], [ 24.816158294677738, 59.461269378662116 ], [ 24.816156387329102, 59.46129226684571 ], [ 24.816143035888672, 59.46131515502929 ], [ 24.816137313842773, 59.461341857910163 ], [ 24.816123962402344, 59.461383819580078 ], [ 24.816120147705078, 59.461399078369148 ], [ 24.816108703613285, 59.461418151855469 ], [ 24.816080093383789, 59.461441040039062 ], [ 24.816049575805668, 59.461463928222656 ], [ 24.81601715087891, 59.461479187011705 ], [ 24.815963745117188, 59.46152496337892 ], [ 24.815902709960938, 59.461578369140632 ], [ 24.815883636474609, 59.461589813232415 ], [ 24.815872192382816, 59.46160888671875 ], [ 24.815887451171875, 59.46162414550782 ], [ 24.815924203013271, 59.461649491617408 ], [ 24.817778166286793, 59.460132247062276 ] ] ] } },
{ "type": "Feature", "properties": { "from_id": "351", "population": 113.03700330831718, "gravity_community": 30.573884689793811, "gravity_education": 96.021108021522039, "gravity_essential_services": 81.564384890593772, "gravity_food_and_drink": 449.73480916710884, "gravity_healthcare": 99.487205123337858, "gravity_shelter": 187.93101005433536, "avg_gravity": 157.55206699111528, "min_tt_community": 16.0, "min_tt_education": 21.0, "min_tt_essential_services": 7.0, "min_tt_food_and_drink": 7.0, "min_tt_healthcare": 6.0, "min_tt_shelter": 4.0, "avg_tt_community": 40.413793103448278, "avg_tt_education": 42.816326530612244, "avg_tt_essential_services": 40.134782608695652, "avg_tt_food_and_drink": 38.668292682926833, "avg_tt_healthcare": 41.670068027210881, "avg_tt_shelter": 41.013011152416354, "avg_tt_all": 40.786045684218372, "n_unreachable_categories": 0, "count_community": 87.0, "count_education": 294.0, "count_essential_services": 230.0, "count_food_and_drink": 1231.0, "count_healthcare": 294.0, "count_shelter": 538.0, "gravity_community_per_100": 27.047678012483374, "gravity_education_per_100": 84.946615012092124, "gravity_essential_services_per_100": 72.157242764230574, "gravity_food_and_drink_per_100": 397.86512027430729, "gravity_healthcare_per_100": 88.012953467970831, "gravity_shelter_per_100": 166.25618563307006, "shannon": 1.4876708281607427, "kl_divergence": 0.0011546955794422206, "jsd": 0.016939314638445953, "city_similarity": 0.983060685361554 }, "geometry": { "type": "MultiPolygon", "coordinates": [ [ [ [ 24.826093485114239, 59.468050511644826 ], [ 24.830750885189783, 59.464238123821211 ], [ 24.826592653418654, 59.460279201606838 ], [ 24.817778166286793, 59.460132247062276 ], [ 24.815924203013271, 59.461649491617408 ], [ 24.815942764282227, 59.461662292480462 ], [ 24.816059112548828, 59.461723327636719 ], [ 24.816099166870117, 59.461742401123054 ], [ 24.816125869750977, 59.461750030517578 ], [ 24.816156387329102, 59.461769104003913 ], [ 24.81620979309082, 59.461799621582031 ], [ 24.816289901733398, 59.461849212646477 ], [ 24.816354751586914, 59.461883544921868 ], [ 24.816442489624023, 59.461940765380845 ], [ 24.816555023193363, 59.462017059326186 ], [ 24.81660270690918, 59.462043762207031 ], [ 24.816867828369141, 59.462215423583977 ], [ 24.817028045654297, 59.462306976318331 ], [ 24.817174911499023, 59.462387084960938 ], [ 24.817346572875977, 59.462497711181648 ], [ 24.817588806152344, 59.462654113769524 ], [ 24.817876815795898, 59.462825775146484 ], [ 24.818016052246094, 59.462913513183601 ], [ 24.818111419677734, 59.462955474853516 ], [ 24.818151473999023, 59.462985992431648 ], [ 24.818197250366211, 59.4630126953125 ], [ 24.818241119384766, 59.463043212890632 ], [ 24.818338394165039, 59.463092803955085 ], [ 24.818496704101562, 59.463195800781243 ], [ 24.818595886230469, 59.463256835937507 ], [ 24.818635940551758, 59.463275909423828 ], [ 24.81866455078125, 59.463298797607408 ], [ 24.818717956542969, 59.463325500488253 ], [ 24.818771362304691, 59.463352203369148 ], [ 24.818826675415039, 59.463386535644538 ], [ 24.818958282470703, 59.463481903076165 ], [ 24.819005966186523, 59.46350860595701 ], [ 24.819114685058594, 59.463588714599616 ], [ 24.81927490234375, 59.463703155517571 ], [ 24.819530487060547, 59.463855743408203 ], [ 24.819721221923828, 59.463970184326172 ], [ 24.819883346557617, 59.464076995849609 ], [ 24.820095062255859, 59.464206695556626 ], [ 24.820272445678711, 59.464328765869141 ], [ 24.820693969726562, 59.464553833007812 ], [ 24.820762634277344, 59.466728210449219 ], [ 24.820524215698242, 59.466819763183594 ], [ 24.81987190246582, 59.46710205078125 ], [ 24.819524765014648, 59.467243194580078 ], [ 24.819229125976566, 59.467369079589837 ], [ 24.818902969360352, 59.467510223388658 ], [ 24.818578720092773, 59.467643737792976 ], [ 24.818256378173828, 59.467781066894538 ], [ 24.817939298229476, 59.467914575526052 ], [ 24.818194489054566, 59.46791883746674 ], [ 24.818460464477539, 59.467807769775398 ], [ 24.818784713745117, 59.467670440673842 ], [ 24.818992614746094, 59.467582702636726 ], [ 24.819639205932617, 59.467315673828111 ], [ 24.819913864135742, 59.467197418212891 ], [ 24.820199966430664, 59.467079162597656 ], [ 24.820833206176758, 59.466808319091797 ], [ 24.821146011352539, 59.466678619384751 ], [ 24.821165084838871, 59.466670989990227 ], [ 24.821256637573246, 59.466651916503885 ], [ 24.821693420410156, 59.466728210449219 ], [ 24.822015762329102, 59.466785430908203 ], [ 24.822612762451172, 59.466892242431626 ], [ 24.822824478149414, 59.466930389404304 ], [ 24.822896957397461, 59.467140197753906 ], [ 24.822931289672852, 59.467231750488281 ], [ 24.822992324829102, 59.467227935790994 ], [ 24.822998046875, 59.467243194580078 ], [ 24.823003768920898, 59.467262268066399 ], [ 24.82301139831543, 59.467277526855476 ], [ 24.822946548461914, 59.46728134155272 ], [ 24.82307243347168, 59.467658996582017 ], [ 24.823078155517578, 59.467678070068366 ], [ 24.823101043701172, 59.467739105224609 ], [ 24.822906494140625, 59.467819213867195 ], [ 24.822877883911133, 59.467830657959006 ], [ 24.822494810108275, 59.467990582007886 ], [ 24.826093485114239, 59.468050511644826 ] ] ], [ [ [ 24.822477805839565, 59.467990298595865 ], [ 24.821514129638672, 59.467399597167969 ], [ 24.821413040161133, 59.467338562011733 ], [ 24.821313858032227, 59.467273712158196 ], [ 24.821210861206055, 59.467212677001953 ], [ 24.821321487426758, 59.4671630859375 ], [ 24.821298599243164, 59.467151641845689 ], [ 24.821048736572266, 59.467258453369141 ], [ 24.821067810058594, 59.467269897460938 ], [ 24.821168899536133, 59.467227935791023 ], [ 24.821273803710938, 59.467292785644531 ], [ 24.821369171142578, 59.467350006103516 ], [ 24.821472167968754, 59.467414855957017 ], [ 24.822404827575614, 59.467989082233828 ], [ 24.822477805839565, 59.467990298595865 ] ] ], [ [ [ 24.820974123315509, 59.467965227786117 ], [ 24.820638656616211, 59.467758178710923 ], [ 24.820539474487305, 59.467697143554695 ], [ 24.820440292358398, 59.467636108398452 ], [ 24.820335388183594, 59.467571258544915 ], [ 24.820446014404297, 59.467525482177741 ], [ 24.820426940917969, 59.46751403808593 ], [ 24.820175170898441, 59.467617034912088 ], [ 24.820196151733398, 59.467628479003878 ], [ 24.820299148559574, 59.467586517333984 ], [ 24.820404052734375, 59.467651367187507 ], [ 24.820503234863281, 59.467712402343743 ], [ 24.820606231689453, 59.467777252197266 ], [ 24.820904782612285, 59.467964071254542 ], [ 24.820974123315509, 59.467965227786117 ] ] ] ] } },
{ "type": "Feature", "properties": { "from_id": "352", "population": 0.81593879125866409, "gravity_community": 21.540907021526323, "gravity_education": 62.921965034830805, "gravity_essential_services": 53.941950434065483, "gravity_food_and_drink": 334.35571040026878, "gravity_healthcare": 68.629098489538791, "gravity_shelter": 121.26910595984319, "avg_gravity": 110.44312289001222, "min_tt_community": 19.0, "min_tt_education": 25.0, "min_tt_essential_services": 17.0, "min_tt_food_and_drink": 7.0, "min_tt_healthcare": 17.0, "min_tt_shelter": 13.0, "avg_tt_community": 44.608695652173914, "avg_tt_education": 47.283105022831052, "avg_tt_essential_services": 46.408839779005525, "avg_tt_food_and_drink": 44.539534883720933, "avg_tt_healthcare": 47.135593220338983, "avg_tt_shelter": 43.601604278074866, "avg_tt_all": 45.596228806024214, "n_unreachable_categories": 0, "count_community": 69.0, "count_education": 219.0, "count_essential_services": 181.0, "count_food_and_drink": 1076.0, "count_healthcare": 236.0, "count_shelter": 374.0, "gravity_community_per_100": 2640.0150663626864, "gravity_education_per_100": 7711.603579695925, "gravity_essential_services_per_100": 6611.0290394276799, "gravity_food_and_drink_per_100": 40978.038301683497, "gravity_healthcare_per_100": 8411.0596560401063, "gravity_shelter_per_100": 14862.52489267901, "shannon": 1.4435338586571387, "kl_divergence": 0.0010644771781615891, "jsd": 0.016351498373870985, "city_similarity": 0.98364850162612905 }, "geometry": { "type": "MultiPolygon", "coordinates": [ [ [ [ 24.817939298229476, 59.467914575526052 ], [ 24.817495346069336, 59.468101501464837 ], [ 24.817478179931641, 59.468097686767564 ], [ 24.817388534545898, 59.468128204345696 ], [ 24.817348480224609, 59.468147277832031 ], [ 24.817300796508789, 59.468162536621101 ], [ 24.817272186279297, 59.468177795410142 ], [ 24.817230224609375, 59.468200683593743 ], [ 24.817180633544922, 59.468223571777337 ], [ 24.817110061645508, 59.468250274658217 ], [ 24.816999435424805, 59.468273162841797 ], [ 24.816896438598633, 59.468303680419915 ], [ 24.816869735717773, 59.46832275390625 ], [ 24.816858291625977, 59.468338012695291 ], [ 24.816850662231445, 59.468364715576179 ], [ 24.816854476928711, 59.468372344970696 ], [ 24.816877365112305, 59.468387603759773 ], [ 24.817096710205078, 59.469036102294915 ], [ 24.817310333251953, 59.469642639160149 ], [ 24.817480087280273, 59.470108032226562 ], [ 24.817497253417969, 59.470115661621094 ], [ 24.817636489868168, 59.470104217529297 ], [ 24.817647933959961, 59.4700927734375 ], [ 24.817621231079102, 59.470024108886705 ], [ 24.817605972290039, 59.47001647949218 ], [ 24.817556381225589, 59.470020294189446 ], [ 24.817308425903324, 59.469303131103501 ], [ 24.816989898681641, 59.468414306640625 ], [ 24.817012786865234, 59.468414306640611 ], [ 24.817108154296875, 59.468376159667976 ], [ 24.817316055297852, 59.468284606933594 ], [ 24.817329406738281, 59.468276977539048 ], [ 24.817766189575195, 59.468097686767564 ], [ 24.818194489054566, 59.46791883746674 ], [ 24.817939298229476, 59.467914575526052 ] ] ], [ [ [ 24.820904782612285, 59.467964071254542 ], [ 24.821569442749023, 59.46837997436522 ], [ 24.820470809936523, 59.468841552734375 ], [ 24.81956672668457, 59.468280792236335 ], [ 24.819517135620117, 59.468303680419915 ], [ 24.821496963500977, 59.469516754150391 ], [ 24.821540832519531, 59.46949768066407 ], [ 24.820638656616211, 59.468944549560554 ], [ 24.820978164672852, 59.468799591064446 ], [ 24.820991516113281, 59.468795776367188 ], [ 24.821168899536133, 59.468719482421882 ], [ 24.821737289428711, 59.468482971191413 ], [ 24.822639465332031, 59.469036102294915 ], [ 24.822681427001953, 59.469020843505859 ], [ 24.822240829467777, 59.46874618530272 ], [ 24.821786880493164, 59.468460083007812 ], [ 24.822649002075199, 59.468101501464815 ], [ 24.823234558105469, 59.468227386474609 ], [ 24.823272705078125, 59.468238830566406 ], [ 24.82330322265625, 59.468254089355462 ], [ 24.823396682739258, 59.468502044677706 ], [ 24.823451995849609, 59.468643188476562 ], [ 24.823453903198242, 59.468669891357429 ], [ 24.823469161987305, 59.468696594238274 ], [ 24.8234977722168, 59.46871185302733 ], [ 24.823545455932617, 59.468719482421882 ], [ 24.823579788208008, 59.468719482421882 ], [ 24.823640823364258, 59.468704223632798 ], [ 24.824367523193359, 59.469112396240234 ], [ 24.825103759765625, 59.469528198242188 ], [ 24.824960708618164, 59.469581604003913 ], [ 24.824859619140625, 59.469627380371087 ], [ 24.82484245300293, 59.469638824462898 ], [ 24.824794769287109, 59.469657897949205 ], [ 24.824769973754883, 59.469661712646477 ], [ 24.824657440185547, 59.469707489013672 ], [ 24.824552536010742, 59.469749450683594 ], [ 24.824380874633789, 59.469818115234389 ], [ 24.824146270751953, 59.469913482666023 ], [ 24.823940277099609, 59.469997406005859 ], [ 24.823760986328125, 59.470073699951158 ], [ 24.823532104492191, 59.470161437988288 ], [ 24.823335647583008, 59.470245361328125 ], [ 24.823123931884766, 59.470329284667969 ], [ 24.822914123535156, 59.470417022705071 ], [ 24.822786331176758, 59.470466613769524 ], [ 24.822723388671875, 59.470493316650384 ], [ 24.822641372680664, 59.470527648925788 ], [ 24.822530746459961, 59.470573425292976 ], [ 24.822256088256836, 59.470684051513658 ], [ 24.822168350219727, 59.470722198486328 ], [ 24.822107315063477, 59.470748901367159 ], [ 24.821887969970703, 59.470836639404297 ], [ 24.821647644042969, 59.470932006835938 ], [ 24.821620941162109, 59.47093963623049 ], [ 24.821578979492191, 59.470947265624972 ], [ 24.821516036987305, 59.470947265624986 ], [ 24.821460723876953, 59.470943450927727 ], [ 24.821455001831055, 59.470943450927749 ], [ 24.821399688720703, 59.470939636230476 ], [ 24.821262359619141, 59.470932006835938 ], [ 24.821191787719727, 59.470928192138665 ], [ 24.821128845214844, 59.470924377441392 ], [ 24.821067810058594, 59.470920562744126 ], [ 24.821041107177734, 59.470916748046868 ], [ 24.820932388305664, 59.470912933349616 ], [ 24.820907592773438, 59.47090911865233 ], [ 24.820760726928711, 59.470901489257798 ], [ 24.820676803588867, 59.47090148925782 ], [ 24.820640563964844, 59.470893859863288 ], [ 24.820528030395508, 59.47088623046875 ], [ 24.82036018371582, 59.470878601074212 ], [ 24.820257186889648, 59.470874786376953 ], [ 24.820138931274414, 59.470867156982415 ], [ 24.820028305053711, 59.470859527587898 ], [ 24.819982528686523, 59.470855712890618 ], [ 24.819940567016602, 59.470855712890618 ], [ 24.819866180419922, 59.470851898193374 ], [ 24.819814682006836, 59.470848083496087 ], [ 24.819690704345707, 59.470851898193359 ], [ 24.819633483886719, 59.470851898193359 ], [ 24.81962776184082, 59.470851898193359 ], [ 24.819456100463867, 59.470859527587898 ], [ 24.819421768188477, 59.470859527587898 ], [ 24.819385528564453, 59.470859527587898 ], [ 24.819334030151367, 59.470844268798835 ], [ 24.819215774536133, 59.470836639404297 ], [ 24.819009780883789, 59.470771789550774 ], [ 24.819015502929688, 59.470764160156243 ], [ 24.819025039672852, 59.470760345458977 ], [ 24.81837272644043, 59.470550537109382 ], [ 24.818397521972656, 59.470527648925788 ], [ 24.818393707275391, 59.470516204833991 ], [ 24.818273544311523, 59.470478057861335 ], [ 24.818246841430664, 59.470481872558594 ], [ 24.81817626953125, 59.470542907714844 ], [ 24.818180084228519, 59.470550537109368 ], [ 24.81831169128418, 59.470592498779297 ], [ 24.818321228027344, 59.470596313476584 ], [ 24.818319320678714, 59.470596313476555 ], [ 24.818874359130859, 59.470775604248026 ], [ 24.818967819213867, 59.470806121826158 ], [ 24.818933486938477, 59.470817565917955 ], [ 24.818920135498047, 59.470832824707024 ], [ 24.818939208984375, 59.470840454101562 ], [ 24.819025039672852, 59.470863342285142 ], [ 24.819084167480469, 59.470874786376925 ], [ 24.819131851196293, 59.470897674560547 ], [ 24.819173812866211, 59.470909118652344 ], [ 24.819192886352539, 59.470920562744141 ], [ 24.819238662719727, 59.470928192138665 ], [ 24.819276809692383, 59.470939636230476 ], [ 24.819318771362305, 59.470947265624986 ], [ 24.819372177124023, 59.470951080322273 ], [ 24.819416046142578, 59.470947265625 ], [ 24.819459915161136, 59.470943450927727 ], [ 24.819507598876953, 59.470947265624986 ], [ 24.819543838500977, 59.470951080322273 ], [ 24.819568634033203, 59.470943450927727 ], [ 24.819599151611328, 59.470935821533189 ], [ 24.819660186767578, 59.470928192138679 ], [ 24.819772720336914, 59.470928192138679 ], [ 24.820018768310547, 59.470943450927734 ], [ 24.820140838623047, 59.470947265625 ], [ 24.8201904296875, 59.470947265624986 ], [ 24.820220947265625, 59.470947265625 ], [ 24.820261001586914, 59.470947265624986 ], [ 24.820491790771484, 59.470966339111328 ], [ 24.820781707763672, 59.470977783203132 ], [ 24.820856094360352, 59.470985412597649 ], [ 24.820913314819336, 59.470985412597649 ], [ 24.820993423461918, 59.470989227294929 ], [ 24.820995330810547, 59.470989227294929 ], [ 24.821014404296879, 59.470989227294936 ], [ 24.821029663085938, 59.470996856689446 ], [ 24.821052551269531, 59.471000671386712 ], [ 24.821159362792969, 59.47100448608397 ], [ 24.821187973022461, 59.471012115478523 ], [ 24.821235656738281, 59.471012115478523 ], [ 24.821271896362305, 59.471015930175781 ], [ 24.821298599243164, 59.471019744873047 ], [ 24.821340560913086, 59.471027374267592 ], [ 24.821386337280273, 59.471027374267578 ], [ 24.821428298950195, 59.471035003662131 ], [ 24.821489334106445, 59.471031188964844 ], [ 24.821533203125, 59.471031188964844 ], [ 24.821567535400391, 59.471027374267578 ], [ 24.821592330932617, 59.47102355957032 ], [ 24.821632385253906, 59.471019744873047 ], [ 24.821660995483398, 59.471012115478523 ], [ 24.82172966003418, 59.470996856689446 ], [ 24.821834564208984, 59.470954895019531 ], [ 24.822027206420898, 59.470874786376953 ], [ 24.822294235229492, 59.470764160156264 ], [ 24.822324752807617, 59.470756530761719 ], [ 24.822538375854492, 59.470668792724616 ], [ 24.822893142700195, 59.47052001953125 ], [ 24.822944641113281, 59.470500946044908 ], [ 24.822975158691406, 59.470493316650384 ], [ 24.822994232177738, 59.470481872558594 ], [ 24.823261260986328, 59.470375061035156 ], [ 24.823482513427734, 59.470279693603509 ], [ 24.823598861694336, 59.470237731933565 ], [ 24.823657989501953, 59.470211029052734 ], [ 24.823740005493164, 59.470176696777344 ], [ 24.824434280395511, 59.469894409179659 ], [ 24.824752807617188, 59.469768524169929 ], [ 24.825038909912109, 59.46965026855468 ], [ 24.825099945068359, 59.469631195068359 ], [ 24.82512092590332, 59.469623565673842 ], [ 24.82514572143555, 59.469623565673828 ], [ 24.825162887573242, 59.469627380371072 ], [ 24.825189590454102, 59.469638824462898 ], [ 24.825204849243168, 59.46965026855468 ], [ 24.825267791748047, 59.469692230224609 ], [ 24.825302124023438, 59.469707489013658 ], [ 24.8253173828125, 59.469707489013679 ], [ 24.825334548950195, 59.469711303710945 ], [ 24.82535552978516, 59.469707489013672 ], [ 24.825395584106445, 59.469696044921868 ], [ 24.825593948364258, 59.469612121582017 ], [ 24.825740814208984, 59.469551086425767 ], [ 24.825748443603519, 59.469547271728509 ], [ 24.825906753540039, 59.469478607177734 ], [ 24.825931549072266, 59.469455718994155 ], [ 24.825950622558594, 59.469436645507798 ], [ 24.82597541809082, 59.469417572021484 ], [ 24.826026916503906, 59.46935272216794 ], [ 24.826066970825195, 59.469303131103516 ], [ 24.826093673706055, 59.469264984130859 ], [ 24.826114654541016, 59.469253540039048 ], [ 24.826128005981445, 59.469238281250007 ], [ 24.826148986816406, 59.469226837158224 ], [ 24.826227188110355, 59.469234466552734 ], [ 24.82630729675293, 59.469257354736314 ], [ 24.826457977294922, 59.469276428222656 ], [ 24.826610565185547, 59.469306945800774 ], [ 24.826747894287109, 59.469364166259766 ], [ 24.826885223388672, 59.469425201416001 ], [ 24.826921463012695, 59.469448089599595 ], [ 24.82703971862793, 59.46949768066407 ], [ 24.827249526977539, 59.469596862792969 ], [ 24.827508926391602, 59.469730377197251 ], [ 24.827581405639648, 59.469768524169929 ], [ 24.827667236328129, 59.46981048583983 ], [ 24.827774047851562, 59.469875335693352 ], [ 24.827848434448242, 59.46992111206054 ], [ 24.828117370605469, 59.470100402832024 ], [ 24.828235626220703, 59.470165252685547 ], [ 24.828334808349609, 59.470241546630866 ], [ 24.828479766845707, 59.470340728759759 ], [ 24.828587653695219, 59.470424767107943 ], [ 24.826093485114239, 59.468050511644826 ], [ 24.822494810108275, 59.467990582007886 ], [ 24.822484970092773, 59.467994689941399 ], [ 24.822477805839565, 59.467990298595865 ], [ 24.822404827575614, 59.467989082233828 ], [ 24.822444915771484, 59.468013763427734 ], [ 24.821615219116211, 59.468360900878913 ], [ 24.820974123315509, 59.467965227786117 ], [ 24.820904782612285, 59.467964071254542 ] ] ] ] } },
{ "type": "Feature", "properties": { "from_id": "353", "population": 30.327991583095447, "gravity_community": 26.191403169649945, "gravity_education": 76.994835500773036, "gravity_essential_services": 61.148756628728918, "gravity_food_and_drink": 372.04865517684942, "gravity_healthcare": 78.739183586247705, "gravity_shelter": 151.54066318519617, "avg_gravity": 127.77724954124086, "min_tt_community": 14.0, "min_tt_education": 13.0, "min_tt_essential_services": 14.0, "min_tt_food_and_drink": 4.0, "min_tt_healthcare": 14.0, "min_tt_shelter": 4.0, "avg_tt_community": 42.835443037974684, "avg_tt_education": 45.408730158730158, "avg_tt_essential_services": 44.505154639175259, "avg_tt_food_and_drink": 41.932553956834532, "avg_tt_healthcare": 44.650793650793652, "avg_tt_shelter": 41.77064220183486, "avg_tt_all": 43.517219607557195, "n_unreachable_categories": 0, "count_community": 79.0, "count_education": 252.0, "count_essential_services": 194.0, "count_food_and_drink": 1113.0, "count_healthcare": 252.0, "count_shelter": 436.0, "gravity_community_per_100": 86.360493400587728, "gravity_education_per_100": 253.87383562744481, "gravity_essential_services_per_100": 201.62481403091888, "gravity_food_and_drink_per_100": 1226.7500607729858, "gravity_healthcare_per_100": 259.62544657964173, "gravity_shelter_per_100": 499.67259707914053, "shannon": 1.4701669354796967, "kl_divergence": 2.7077341321498759e-05, "jsd": 0.0026001739457779645, "city_similarity": 0.99739982605422206 }, "geometry": { "type": "Polygon", "coordinates": [ [ [ 24.838573706887306, 59.47992694110701 ], [ 24.843231375169385, 59.476114116248773 ], [ 24.839070245702803, 59.472155581204625 ], [ 24.830415158203333, 59.472012150025904 ], [ 24.830446243286133, 59.472042083740234 ], [ 24.83049201965332, 59.472087860107429 ], [ 24.830595016479496, 59.47217941284179 ], [ 24.830703735351562, 59.472270965576172 ], [ 24.830810546875, 59.472373962402344 ], [ 24.830909729003906, 59.472457885742188 ], [ 24.831029891967773, 59.472576141357408 ], [ 24.831159591674808, 59.472705841064439 ], [ 24.831319808959961, 59.472885131835938 ], [ 24.831455230712891, 59.473091125488303 ], [ 24.831859588623047, 59.473560333251953 ], [ 24.832189559936523, 59.473934173583984 ], [ 24.832504272460938, 59.474296569824226 ], [ 24.832963943481445, 59.474811553955078 ], [ 24.833261489868164, 59.47519683837892 ], [ 24.833335876464844, 59.475284576416001 ], [ 24.833377838134766, 59.475334167480469 ], [ 24.83349609375, 59.475494384765618 ], [ 24.833536148071289, 59.475555419921861 ], [ 24.833566665649414, 59.475616455078111 ], [ 24.833595275878906, 59.475700378417969 ], [ 24.83363151550293, 59.475753784179688 ], [ 24.83372688293457, 59.475875854492173 ], [ 24.833780288696289, 59.475959777832038 ], [ 24.833906173706055, 59.47607421875 ], [ 24.83405876159668, 59.476295471191399 ], [ 24.834211349487305, 59.476501464843736 ], [ 24.834264755249023, 59.476581573486328 ], [ 24.834314346313477, 59.476680755615234 ], [ 24.834535598754883, 59.477035522460938 ], [ 24.834640502929688, 59.477218627929702 ], [ 24.834743499755859, 59.477390289306641 ], [ 24.834835052490234, 59.477611541748047 ], [ 24.834873199462891, 59.477676391601541 ], [ 24.834909439086914, 59.477752685546861 ], [ 24.834980010986328, 59.477874755859361 ], [ 24.835037231445312, 59.477989196777344 ], [ 24.835067749023438, 59.478042602539055 ], [ 24.835208892822266, 59.478290557861321 ], [ 24.835348129272461, 59.478576660156271 ], [ 24.83546257019043, 59.478752136230447 ], [ 24.835489273071289, 59.478813171386726 ], [ 24.835542678833008, 59.478912353515597 ], [ 24.835657119750977, 59.479080200195327 ], [ 24.835691452026371, 59.479141235351548 ], [ 24.835758209228516, 59.479282379150391 ], [ 24.835826873779297, 59.479412078857422 ], [ 24.835853576660156, 59.479450225830071 ], [ 24.835960388183594, 59.47966384887696 ], [ 24.835990905761719, 59.479732513427727 ], [ 24.836036682128906, 59.479816436767585 ], [ 24.83607242795712, 59.479885545913234 ], [ 24.838573706887306, 59.47992694110701 ] ] ] } },
{ "type": "Feature", "properties": { "from_id": "354", "population": 62.144649779811949, "gravity_community": 16.95166789941419, "gravity_education": 39.685601463413022, "gravity_essential_services": 29.198741604313081, "gravity_food_and_drink": 270.19537367030466, "gravity_healthcare": 41.730958944722332, "gravity_shelter": 51.415383911798493, "avg_gravity": 74.862954582327617, "min_tt_community": 30.0, "min_tt_education": 21.0, "min_tt_essential_services": 32.0, "min_tt_food_and_drink": 17.0, "min_tt_healthcare": 34.0, "min_tt_shelter": 21.0, "avg_tt_community": 45.214285714285715, "avg_tt_education": 48.070422535211264, "avg_tt_essential_services": 47.382352941176471, "avg_tt_food_and_drink": 43.729603729603731, "avg_tt_healthcare": 48.456953642384107, "avg_tt_shelter": 49.164893617021278, "avg_tt_all": 47.003085363280427, "n_unreachable_categories": 0, "count_community": 56.0, "count_education": 142.0, "count_essential_services": 102.0, "count_food_and_drink": 858.0, "count_healthcare": 151.0, "count_shelter": 188.0, "gravity_community_per_100": 27.277759162657695, "gravity_education_per_100": 63.860045239654916, "gravity_essential_services_per_100": 46.985125361183485, "gravity_food_and_drink_per_100": 434.78461078732994, "gravity_healthcare_per_100": 67.15133015083606, "gravity_shelter_per_100": 82.735012738781393, "shannon": 1.3403399445655539, "kl_divergence": 0.022305799048852062, "jsd": 0.075491175501046559, "city_similarity": 0.92450882449895344 }, "geometry": { "type": "Polygon", "coordinates": [ [ [ 24.747265540536898, 59.458935217925799 ], [ 24.749031067594004, 59.460621148204297 ], [ 24.749062946355291, 59.457467520803021 ], [ 24.747265540536898, 59.458935217925799 ] ] ] } },
{ "type": "Feature", "properties": { "from_id": "355", "population": 0.0, "gravity_community": 15.191424310909388, "gravity_education": 45.93976426224129, "gravity_essential_services": 39.879293653502401, "gravity_food_and_drink": 253.29711659418899, "gravity_healthcare": 47.578153039099185, "gravity_shelter": 87.578860488807081, "avg_gravity": 81.577435391458053, "min_tt_community": 19.0, "min_tt_education": 19.0, "min_tt_essential_services": 20.0, "min_tt_food_and_drink": 18.0, "min_tt_healthcare": 20.0, "min_tt_shelter": 5.0, "avg_tt_community": 46.607843137254903, "avg_tt_education": 48.993939393939392, "avg_tt_essential_services": 47.619402985074629, "avg_tt_food_and_drink": 47.9921875, "avg_tt_healthcare": 48.269461077844312, "avg_tt_shelter": 43.79323308270677, "avg_tt_all": 47.212677862803332, "n_unreachable_categories": 0, "count_community": 51.0, "count_education": 165.0, "count_essential_services": 135.0, "count_food_and_drink": 896.0, "count_healthcare": 167.0, "count_shelter": 266.0, "gravity_community_per_100": 0.0, "gravity_education_per_100": 0.0, "gravity_essential_services_per_100": 0.0, "gravity_food_and_drink_per_100": 0.0, "gravity_healthcare_per_100": 0.0, "gravity_shelter_per_100": 0.0, "shannon": 1.3931646681168481, "kl_divergence": 0.0060759007399593667, "jsd": 0.039039349708052014, "city_similarity": 0.96096065029194799 }, "geometry": { "type": "Polygon", "coordinates": [ [ [ 24.8380769002063, 59.487698289160733 ], [ 24.842735713870194, 59.483885492701539 ], [ 24.838573706887306, 59.47992694110701 ], [ 24.83607242795712, 59.479885545913234 ], [ 24.836208343505859, 59.480148315429709 ], [ 24.836246490478516, 59.480232238769524 ], [ 24.836271286010742, 59.480304718017557 ], [ 24.83631706237793, 59.480407714843771 ], [ 24.836423873901367, 59.480705261230476 ], [ 24.836477279663086, 59.480831146240241 ], [ 24.836542129516602, 59.481010437011726 ], [ 24.836624145507812, 59.481193542480469 ], [ 24.836650848388672, 59.481269836425774 ], [ 24.836704254150391, 59.48139953613282 ], [ 24.836755752563477, 59.481475830078125 ], [ 24.836807250976562, 59.481620788574219 ], [ 24.836807250976562, 59.481639862060554 ], [ 24.836868286132812, 59.48188781738282 ], [ 24.836896896362305, 59.481956481933601 ], [ 24.836921691894531, 59.482067108154297 ], [ 24.836954116821289, 59.48217391967772 ], [ 24.836997985839844, 59.482280731201158 ], [ 24.837032318115234, 59.482395172119148 ], [ 24.837114334106449, 59.482604980468743 ], [ 24.837154388427734, 59.482727050781257 ], [ 24.837200164794922, 59.482822418212884 ], [ 24.837326049804688, 59.483169555664048 ], [ 24.837371826171875, 59.483280181884773 ], [ 24.837396621704102, 59.483398437500007 ], [ 24.837436676025391, 59.483520507812493 ], [ 24.837480545043949, 59.48366546630858 ], [ 24.837564468383789, 59.483863830566406 ], [ 24.837589263916016, 59.484012603759773 ], [ 24.837636947631836, 59.484165191650384 ], [ 24.837701797485352, 59.484416961669929 ], [ 24.837722778320312, 59.484558105468757 ], [ 24.837759017944336, 59.484767913818352 ], [ 24.837774276733398, 59.485050201416016 ], [ 24.837778091430664, 59.485195159912116 ], [ 24.837776184082035, 59.485317230224609 ], [ 24.83778190612793, 59.48552322387696 ], [ 24.837789535522461, 59.48586273193358 ], [ 24.837785720825195, 59.485950469970689 ], [ 24.837766647338867, 59.486125946044929 ], [ 24.837759017944336, 59.48635101318358 ], [ 24.837739944458008, 59.486579895019524 ], [ 24.837671279907227, 59.486759185791009 ], [ 24.837615966796875, 59.486930847167962 ], [ 24.837533950805668, 59.487110137939446 ], [ 24.837491989135742, 59.487178802490241 ], [ 24.837459564208984, 59.487216949462884 ], [ 24.837427139282227, 59.487255096435547 ], [ 24.837404251098633, 59.487289428710945 ], [ 24.837404251098633, 59.487316131591797 ], [ 24.837356567382816, 59.487373352050781 ], [ 24.837322235107422, 59.487400054931626 ], [ 24.837289810180664, 59.48744201660157 ], [ 24.837282180786133, 59.487457275390625 ], [ 24.837274551391602, 59.487472534179673 ], [ 24.83726692199707, 59.48753738403321 ], [ 24.837236404418945, 59.48759460449218 ], [ 24.837230682373047, 59.487613677978516 ], [ 24.837211608886719, 59.487640380859368 ], [ 24.837190628051758, 59.487659454345703 ], [ 24.837150573730469, 59.487682342529297 ], [ 24.837149547465874, 59.487682946214839 ], [ 24.8380769002063, 59.487698289160733 ] ] ] } },
{ "type": "Feature", "properties": { "from_id": "356", "population": 46.330907262644622, "gravity_community": 14.262144284405514, "gravity_education": 44.117971272911078, "gravity_essential_services": 35.558485806580876, "gravity_food_and_drink": 243.00227792510867, "gravity_healthcare": 45.341771387937428, "gravity_shelter": 84.247283601499817, "avg_gravity": 77.754989046407232, "min_tt_community": 16.0, "min_tt_education": 14.0, "min_tt_essential_services": 15.0, "min_tt_food_and_drink": 12.0, "min_tt_healthcare": 12.0, "min_tt_shelter": 7.0, "avg_tt_community": 46.729166666666664, "avg_tt_education": 49.094936708860757, "avg_tt_essential_services": 47.223140495867767, "avg_tt_food_and_drink": 48.585730724971228, "avg_tt_healthcare": 48.6125, "avg_tt_shelter": 44.042635658914726, "avg_tt_all": 47.381351709213526, "n_unreachable_categories": 0, "count_community": 48.0, "count_education": 158.0, "count_essential_services": 121.0, "count_food_and_drink": 870.0, "count_healthcare": 160.0, "count_shelter": 258.0, "gravity_community_per_100": 30.78321821663247, "gravity_education_per_100": 95.223629062153563, "gravity_essential_services_per_100": 76.748952065634896, "gravity_food_and_drink_per_100": 524.49281113265602, "gravity_healthcare_per_100": 97.865062583169589, "gravity_shelter_per_100": 181.8381909162961, "shannon": 1.3813448510881281, "kl_divergence": 0.006995016422877226, "jsd": 0.041840774068520707, "city_similarity": 0.95815922593147929 }, "geometry": { "type": "Polygon", "coordinates": [ [ [ 24.828756102602359, 59.49532335938607 ], [ 24.837579825457034, 59.495469625365217 ], [ 24.842239785148511, 59.491656857315647 ], [ 24.8380769002063, 59.487698289160733 ], [ 24.837149547465874, 59.487682946214839 ], [ 24.837118148803714, 59.487701416015618 ], [ 24.837102890014648, 59.487735748291001 ], [ 24.837085723876953, 59.487758636474602 ], [ 24.837068557739258, 59.487789154052734 ], [ 24.837011337280273, 59.48786926269532 ], [ 24.836980819702152, 59.487918853759744 ], [ 24.836965560913086, 59.48797607421875 ], [ 24.836925506591797, 59.488021850585945 ], [ 24.836883544921875, 59.488071441650405 ], [ 24.836822509765625, 59.488124847412095 ], [ 24.836803436279297, 59.488155364990249 ], [ 24.836750030517578, 59.488224029541023 ], [ 24.836736679077148, 59.488296508789055 ], [ 24.83665657043457, 59.488441467285156 ], [ 24.836565017700195, 59.488563537597649 ], [ 24.836456298828125, 59.488670349121101 ], [ 24.836349487304688, 59.488712310791001 ], [ 24.836261749267578, 59.488750457763679 ], [ 24.836261749267578, 59.488800048828132 ], [ 24.836212158203129, 59.488849639892543 ], [ 24.836210250854492, 59.488868713378906 ], [ 24.836183547973633, 59.488899230957024 ], [ 24.83616828918457, 59.488914489746094 ], [ 24.836082458496094, 59.488952636718736 ], [ 24.836048126220703, 59.488979339599616 ], [ 24.835931777954102, 59.489055633544936 ], [ 24.835872650146484, 59.489089965820327 ], [ 24.835823059082031, 59.489101409912088 ], [ 24.835775375366211, 59.489105224609375 ], [ 24.835725784301758, 59.48912048339843 ], [ 24.835699081420898, 59.4891357421875 ], [ 24.835664749145508, 59.489154815673835 ], [ 24.835617065429688, 59.489158630371094 ], [ 24.835531234741211, 59.489166259765618 ], [ 24.835456848144531, 59.48917388916017 ], [ 24.835405349731445, 59.489170074462884 ], [ 24.835367202758789, 59.489170074462905 ], [ 24.83531379699707, 59.489173889160156 ], [ 24.835285186767578, 59.489185333251953 ], [ 24.835262298583984, 59.489204406738288 ], [ 24.835227966308594, 59.489215850830085 ], [ 24.835176467895508, 59.489227294921882 ], [ 24.835138320922852, 59.489227294921882 ], [ 24.8350830078125, 59.489227294921882 ], [ 24.835046768188477, 59.489231109619141 ], [ 24.834972381591797, 59.489242553710952 ], [ 24.834924697875977, 59.489253997802727 ], [ 24.834869384765625, 59.489261627197273 ], [ 24.83482551574707, 59.489273071289084 ], [ 24.834762573242188, 59.489299774169929 ], [ 24.834722518920898, 59.48930740356446 ], [ 24.834640502929688, 59.489326477050767 ], [ 24.834617614746094, 59.489345550537131 ], [ 24.834562301635742, 59.489360809326158 ], [ 24.834478378295898, 59.489372253417969 ], [ 24.834451675415043, 59.489379882812507 ], [ 24.834377288818359, 59.489410400390611 ], [ 24.834321975708008, 59.489421844482422 ], [ 24.834287643432617, 59.489437103271477 ], [ 24.834255218505859, 59.489448547363274 ], [ 24.834203720092773, 59.489463806152351 ], [ 24.834173202514648, 59.489479064941406 ], [ 24.834110260009766, 59.489517211914062 ], [ 24.834104537963867, 59.489536285400398 ], [ 24.8341064453125, 59.489559173583991 ], [ 24.834083557128906, 59.489582061767599 ], [ 24.833995819091797, 59.489616394042976 ], [ 24.833951950073242, 59.489631652832031 ], [ 24.833906173706058, 59.489650726318345 ], [ 24.833860397338867, 59.489665985107429 ], [ 24.833723068237305, 59.489704132080078 ], [ 24.833656311035156, 59.489719390869141 ], [ 24.833627700805664, 59.489727020263672 ], [ 24.833608627319336, 59.489742279052734 ], [ 24.833599090576172, 59.489768981933587 ], [ 24.833574295043945, 59.48979187011718 ], [ 24.833507537841797, 59.489830017089851 ], [ 24.833383560180664, 59.489887237548821 ], [ 24.833337783813477, 59.489902496337898 ], [ 24.833272933959961, 59.48992919921875 ], [ 24.833244323730472, 59.489948272705071 ], [ 24.833194732666016, 59.489971160888679 ], [ 24.833091735839844, 59.490009307861328 ], [ 24.832992553710938, 59.490032196044929 ], [ 24.832830429077148, 59.490058898925781 ], [ 24.83271598815918, 59.490085601806641 ], [ 24.83270263671875, 59.490089416503928 ], [ 24.832635879516602, 59.490127563476577 ], [ 24.832595825195316, 59.490150451660163 ], [ 24.832540512084961, 59.490173339843764 ], [ 24.832496643066406, 59.490192413330064 ], [ 24.832389831542969, 59.490257263183601 ], [ 24.832342147827148, 59.490291595458991 ], [ 24.832309722900391, 59.490306854248026 ], [ 24.832275390625, 59.490314483642599 ], [ 24.832237243652344, 59.490322113037109 ], [ 24.832180023193359, 59.490333557128906 ], [ 24.832149505615238, 59.490348815917962 ], [ 24.83207893371582, 59.490398406982429 ], [ 24.831996917724609, 59.490428924560547 ], [ 24.831962585449219, 59.490447998046875 ], [ 24.831937789916992, 59.490470886230469 ], [ 24.831914901733398, 59.49049377441407 ], [ 24.831874847412109, 59.490520477294922 ], [ 24.831827163696289, 59.490543365478516 ], [ 24.831792831420898, 59.490562438964837 ], [ 24.831779479980469, 59.490592956542955 ], [ 24.831686019897461, 59.49070739746093 ], [ 24.831670761108402, 59.490726470947237 ], [ 24.831634521484375, 59.490764617919915 ], [ 24.831605911254883, 59.490791320800767 ], [ 24.831567764282227, 59.490818023681641 ], [ 24.831510543823242, 59.490852355957045 ], [ 24.831470489501953, 59.490871429443352 ], [ 24.831401824951175, 59.490909576416016 ], [ 24.831369400024418, 59.490928649902351 ], [ 24.831315994262695, 59.490970611572266 ], [ 24.831272125244141, 59.491001129150384 ], [ 24.831243515014648, 59.491016387939439 ], [ 24.831205368041992, 59.491035461425788 ], [ 24.831165313720707, 59.491050720214858 ], [ 24.831142425537109, 59.491058349609382 ], [ 24.831098556518555, 59.491058349609368 ], [ 24.831071853637695, 59.491054534912095 ], [ 24.831027984619141, 59.491054534912109 ], [ 24.83100700378418, 59.491054534912109 ], [ 24.830982208251957, 59.491062164306641 ], [ 24.830953598022461, 59.491073608398438 ], [ 24.830921173095703, 59.491092681884759 ], [ 24.830875396728516, 59.49111175537108 ], [ 24.830827713012695, 59.491134643554688 ], [ 24.830810546875, 59.491146087646484 ], [ 24.830751419067383, 59.491168975830071 ], [ 24.830703735351562, 59.491184234619126 ], [ 24.83064079284668, 59.49122238159179 ], [ 24.830560684204102, 59.491256713867188 ], [ 24.830516815185547, 59.491275787353501 ], [ 24.830465316772461, 59.491313934326172 ], [ 24.830438613891602, 59.491325378417969 ], [ 24.830411911010746, 59.491333007812514 ], [ 24.83038330078125, 59.491352081298821 ], [ 24.830142974853519, 59.491428375244141 ], [ 24.829992294311527, 59.491481781005852 ], [ 24.82990837097168, 59.49151611328125 ], [ 24.829835891723633, 59.49153137207032 ], [ 24.829767227172852, 59.491542816162116 ], [ 24.829662322998047, 59.491565704345696 ], [ 24.829504013061523, 59.491603851318366 ], [ 24.829458236694336, 59.491607666015611 ], [ 24.829410552978516, 59.491607666015639 ], [ 24.82935905456543, 59.491607666015639 ], [ 24.829324722290039, 59.491619110107422 ], [ 24.82930946350098, 59.491626739501974 ], [ 24.829263687133789, 59.491638183593757 ], [ 24.829225540161133, 59.491638183593757 ], [ 24.829183578491214, 59.49163436889647 ], [ 24.829107284545898, 59.491611480712876 ], [ 24.829067230224613, 59.49158859252929 ], [ 24.828960418701172, 59.491542816162102 ], [ 24.828924179077148, 59.491523742675767 ], [ 24.82880973815918, 59.491455078124986 ], [ 24.828752517700195, 59.491428375244134 ], [ 24.828710556030273, 59.491413116455085 ], [ 24.828639984130859, 59.49138641357419 ], [ 24.828601837158203, 59.491374969482408 ], [ 24.828561782836918, 59.491359710693345 ], [ 24.828384399414062, 59.491260528564446 ], [ 24.828342437744141, 59.491233825683587 ], [ 24.828273773193359, 59.49120712280272 ], [ 24.828187942504886, 59.491180419921868 ], [ 24.828126907348633, 59.491157531738267 ], [ 24.828077316284183, 59.491134643554702 ], [ 24.827960968017578, 59.491088867187486 ], [ 24.827911376953125, 59.491054534912095 ], [ 24.827857971191406, 59.491031646728523 ], [ 24.827766418457031, 59.491001129150398 ], [ 24.827783584594727, 59.490989685058608 ], [ 24.827701568603516, 59.490955352783203 ], [ 24.827617645263672, 59.491004943847656 ], [ 24.827363967895508, 59.490886688232422 ], [ 24.82696533203125, 59.490699768066406 ], [ 24.826892852783203, 59.490737915039048 ], [ 24.827365875244141, 59.490959167480455 ], [ 24.827556610107422, 59.491046905517585 ], [ 24.827482223510742, 59.491096496582038 ], [ 24.827566146850586, 59.491127014160149 ], [ 24.827583312988281, 59.491142272949212 ], [ 24.827611923217773, 59.491153717041023 ], [ 24.827707290649414, 59.491203308105469 ], [ 24.827848434448242, 59.491268157958984 ], [ 24.827901840209961, 59.491294860839837 ], [ 24.827953338623047, 59.491317749023445 ], [ 24.828006744384766, 59.491344451904304 ], [ 24.828083038330082, 59.491374969482408 ], [ 24.828142166137699, 59.491405487060533 ], [ 24.828176498413086, 59.491432189941406 ], [ 24.828281402587891, 59.491481781005866 ], [ 24.828353881835938, 59.491500854492188 ], [ 24.82841682434082, 59.491527557373047 ], [ 24.828493118286133, 59.491577148437486 ], [ 24.828540802001953, 59.491603851318366 ], [ 24.828563690185547, 59.491619110107436 ], [ 24.82856559753418, 59.491630554199205 ], [ 24.828556060791019, 59.491657257080064 ], [ 24.828554153442383, 59.491683959960916 ], [ 24.82852935791016, 59.49171066284179 ], [ 24.828481674194336, 59.491806030273438 ], [ 24.828464508056641, 59.491825103759759 ], [ 24.82841682434082, 59.491874694824226 ], [ 24.828353881835938, 59.49195861816407 ], [ 24.828208923339844, 59.492130279541001 ], [ 24.82817268371582, 59.49217224121093 ], [ 24.828115463256836, 59.492225646972656 ], [ 24.828060150146484, 59.492282867431641 ], [ 24.828023910522461, 59.492309570312493 ], [ 24.827751159667969, 59.492565155029297 ], [ 24.827709197998047, 59.492630004882805 ], [ 24.827693939208984, 59.492664337158196 ], [ 24.827676773071289, 59.49269104003907 ], [ 24.827621459960938, 59.492744445800781 ], [ 24.827604293823242, 59.492778778076172 ], [ 24.827579498291016, 59.492805480957031 ], [ 24.827524185180664, 59.492847442626953 ], [ 24.827505111694336, 59.492874145507812 ], [ 24.827486038208008, 59.492897033691406 ], [ 24.827470779418945, 59.492908477783189 ], [ 24.827468872070312, 59.492931365966797 ], [ 24.827461242675781, 59.492958068847656 ], [ 24.827415466308594, 59.493041992187507 ], [ 24.827419281005859, 59.493053436279297 ], [ 24.827415466308594, 59.493064880371094 ], [ 24.827339172363281, 59.493144989013672 ], [ 24.827316284179688, 59.493179321289062 ], [ 24.827297210693359, 59.493213653564453 ], [ 24.827278137207031, 59.493251800537109 ], [ 24.827270507812504, 59.493286132812486 ], [ 24.827251434326172, 59.493339538574226 ], [ 24.827234268188477, 59.493400573730476 ], [ 24.827219009399414, 59.493446350097663 ], [ 24.827213287353516, 59.493488311767564 ], [ 24.827182769775391, 59.49356842041017 ], [ 24.827157974243164, 59.493606567382812 ], [ 24.827059143864123, 59.493709198931541 ], [ 24.828756102602359, 59.49532335938607 ] ] ] } },
{ "type": "Feature", "properties": { "from_id": "357", "population": 0.0, "gravity_community": 15.484145585562153, "gravity_education": 46.314274436004375, "gravity_essential_services": 39.606156642377485, "gravity_food_and_drink": 256.04184653177128, "gravity_healthcare": 47.998970263595496, "gravity_shelter": 88.792995197526992, "avg_gravity": 82.373064776139628, "min_tt_community": 15.0, "min_tt_education": 19.0, "min_tt_essential_services": 8.0, "min_tt_food_and_drink": 1.0, "min_tt_healthcare": 4.0, "min_tt_shelter": 3.0, "avg_tt_community": 46.71153846153846, "avg_tt_education": 48.757575757575758, "avg_tt_essential_services": 47.268656716417908, "avg_tt_food_and_drink": 47.848044692737432, "avg_tt_healthcare": 48.125748502994014, "avg_tt_shelter": 43.516853932584269, "avg_tt_all": 47.038069677307966, "n_unreachable_categories": 0, "count_community": 52.0, "count_education": 165.0, "count_essential_services": 134.0, "count_food_and_drink": 896.0, "count_healthcare": 167.0, "count_shelter": 267.0, "gravity_community_per_100": 0.0, "gravity_education_per_100": 0.0, "gravity_essential_services_per_100": 0.0, "gravity_food_and_drink_per_100": 0.0, "gravity_healthcare_per_100": 0.0, "gravity_shelter_per_100": 0.0, "shannon": 1.3940024456923976, "kl_divergence": 0.0059539015499900164, "jsd": 0.038638215378388137, "city_similarity": 0.96136178462161181 }, "geometry": { "type": "Polygon", "coordinates": [ [ [ 24.828756102602359, 59.49532335938607 ], [ 24.827059143864123, 59.493709198931541 ], [ 24.827058792114258, 59.493709564208984 ], [ 24.826990127563477, 59.493793487548814 ], [ 24.826936721801758, 59.493854522705064 ], [ 24.826902389526367, 59.493888854980469 ], [ 24.826871871948242, 59.493942260742195 ], [ 24.826831817626953, 59.494003295898445 ], [ 24.826808929443359, 59.494026184082038 ], [ 24.826747894287109, 59.494056701660142 ], [ 24.826702117919922, 59.494091033935561 ], [ 24.826679229736328, 59.494129180908203 ], [ 24.826662063598636, 59.494152069091783 ], [ 24.826627731323242, 59.494174957275376 ], [ 24.826576232910156, 59.494201660156243 ], [ 24.82655143737793, 59.494235992431634 ], [ 24.826522827148441, 59.494262695312507 ], [ 24.826467514038086, 59.494316101074219 ], [ 24.826414108276367, 59.494342803955064 ], [ 24.826358795166016, 59.494380950927741 ], [ 24.826309204101562, 59.494419097900384 ], [ 24.826263427734375, 59.494441986083991 ], [ 24.826202392578125, 59.494472503662102 ], [ 24.826156616210938, 59.4945068359375 ], [ 24.826122283935547, 59.494525909423828 ], [ 24.82603645324707, 59.494564056396484 ], [ 24.825939178466797, 59.494594573974624 ], [ 24.825908660888672, 59.494606018066413 ], [ 24.825868606567383, 59.494628906249993 ], [ 24.825836181640625, 59.494636535644517 ], [ 24.825788497924805, 59.494636535644538 ], [ 24.825752258300781, 59.494644165039055 ], [ 24.825746536254883, 59.494659423828125 ], [ 24.825719833374023, 59.494697570800767 ], [ 24.825691223144531, 59.494724273681648 ], [ 24.825605392456055, 59.494789123535156 ], [ 24.82545280456543, 59.494930267333984 ], [ 24.825708389282227, 59.495002746582031 ], [ 24.82635498046875, 59.495182037353509 ], [ 24.826835632324219, 59.494983673095696 ], [ 24.827721189537655, 59.496169735002695 ], [ 24.828756102602359, 59.49532335938607 ] ] ] } },
{ "type": "Feature", "properties": { "from_id": "358", "population": 1310.1457092937055, "gravity_community": 13.562780217842516, "gravity_education": 37.553507414311277, "gravity_essential_services": 32.357146972772782, "gravity_food_and_drink": 218.34258422964336, "gravity_healthcare": 38.283072209921869, "gravity_shelter": 78.468055772318479, "avg_gravity": 69.761191136135054, "min_tt_community": 8.0, "min_tt_education": 16.0, "min_tt_essential_services": 6.0, "min_tt_food_and_drink": 5.0, "min_tt_healthcare": 9.0, "min_tt_shelter": 6.0, "avg_tt_community": 48.085106382978722, "avg_tt_education": 48.857142857142854, "avg_tt_essential_services": 47.403669724770644, "avg_tt_food_and_drink": 49.531328320802004, "avg_tt_healthcare": 48.455223880597018, "avg_tt_shelter": 44.290456431535269, "avg_tt_all": 47.770487932971093, "n_unreachable_categories": 0, "count_community": 47.0, "count_education": 133.0, "count_essential_services": 109.0, "count_food_and_drink": 799.0, "count_healthcare": 134.0, "count_shelter": 241.0, "gravity_community_per_100": 1.0352115891868363, "gravity_education_per_100": 2.866361134331862, "gravity_essential_services_per_100": 2.4697365142856054, "gravity_food_and_drink_per_100": 16.665519161784761, "gravity_healthcare_per_100": 2.9220469096189401, "gravity_shelter_per_100": 5.9892617451398058, "shannon": 1.3682975252369531, "kl_divergence": 0.0090988443351202736, "jsd": 0.047763067664738396, "city_similarity": 0.95223693233526163 }, "geometry": { "type": "Polygon", "coordinates": [ [ [ 24.837579825457034, 59.495469625365217 ], [ 24.828756102602359, 59.49532335938607 ], [ 24.827721189537655, 59.496169735002695 ], [ 24.829196929931641, 59.498146057128906 ], [ 24.832351684570312, 59.497306823730469 ], [ 24.834293365478516, 59.496963500976548 ], [ 24.838559151529982, 59.49640078738522 ], [ 24.837579825457034, 59.495469625365217 ] ] ] } },
{ "type": "Feature", "properties": { "from_id": "359", "population": 2866.2771720401688, "gravity_community": 0.24787115830585713, "gravity_education": 0.0, "gravity_essential_services": 1.2167596773468736, "gravity_food_and_drink": 0.67680709369665171, "gravity_healthcare": 0.67006822889322415, "gravity_shelter": 1.8219200728942382, "avg_gravity": 0.7722377051894741, "min_tt_community": 52.0, "min_tt_education": null, "min_tt_essential_services": 57.0, "min_tt_food_and_drink": 51.0, "min_tt_healthcare": 52.0, "min_tt_shelter": 25.0, "avg_tt_community": 52.0, "avg_tt_education": null, "avg_tt_essential_services": 57.0, "avg_tt_food_and_drink": 55.666666666666664, "avg_tt_healthcare": 56.0, "avg_tt_shelter": 47.666666666666664, "avg_tt_all": 53.666666666666664, "n_unreachable_categories": 1, "count_community": 1.0, "count_education": 0.0, "count_essential_services": 2.0, "count_food_and_drink": 3.0, "count_healthcare": 3.0, "count_shelter": 6.0, "gravity_community_per_100": 0.0086478432973537776, "gravity_education_per_100": 0.0, "gravity_essential_services_per_100": 0.042450872833097439, "gravity_food_and_drink_per_100": 0.023612758050712574, "gravity_healthcare_per_100": 0.023377649427263194, "gravity_shelter_per_100": 0.063563987832950072, "shannon": 1.4594818765574817, "kl_divergence": 0.36378786162063231, "jsd": 0.31686181892629395, "city_similarity": 0.68313818107370605 }, "geometry": { "type": "Polygon", "coordinates": [ [ [ 24.732743602656321, 59.478133581252145 ], [ 24.723925027322942, 59.477980269323687 ], [ 24.719253752231729, 59.481788753800913 ], [ 24.723401922580447, 59.48575101683879 ], [ 24.732222520422422, 59.485904376060724 ], [ 24.736892925044476, 59.482095424942692 ], [ 24.732743602656321, 59.478133581252145 ] ] ] } },
{ "type": "Feature", "properties": { "from_id": "360", "population": 793.63720047958384, "gravity_community": 0.0, "gravity_education": 0.0, "gravity_essential_services": 0.21675967734687365, "gravity_food_and_drink": 1.4108747864809867, "gravity_healthcare": 0.43941239271583432, "gravity_shelter": 1.4739978873875663, "avg_gravity": 0.59017412398854352, "min_tt_community": null, "min_tt_education": null, "min_tt_essential_services": 57.0, "min_tt_food_and_drink": 59.0, "min_tt_healthcare": 56.0, "min_tt_shelter": 36.0, "avg_tt_community": null, "avg_tt_education": null, "avg_tt_essential_services": 57.0, "avg_tt_food_and_drink": 59.0, "avg_tt_healthcare": 56.5, "avg_tt_shelter": 53.333333333333336, "avg_tt_all": 56.458333333333336, "n_unreachable_categories": 2, "count_community": 0.0, "count_education": 0.0, "count_essential_services": 1.0, "count_food_and_drink": 3.0, "count_healthcare": 2.0, "count_shelter": 6.0, "gravity_community_per_100": 0.0, "gravity_education_per_100": 0.0, "gravity_essential_services_per_100": 0.027312187132343194, "gravity_food_and_drink_per_100": 0.17777326788971268, "gravity_healthcare_per_100": 0.05536690977316884, "gravity_shelter_per_100": 0.18572691482920028, "shannon": 1.198849317754402, "kl_divergence": 0.40522852406814602, "jsd": 0.32960550075637618, "city_similarity": 0.67039449924362382 }, "geometry": { "type": "Polygon", "coordinates": [ [ [ 24.745712651873358, 59.482247868455957 ], [ 24.748782402575493, 59.485177294411542 ], [ 24.748837958180154, 59.479697701598873 ], [ 24.745712651873358, 59.482247868455957 ] ] ] } },
{ "type": "Feature", "properties": { "from_id": "361", "population": 339.53322896491329, "gravity_community": 0.0, "gravity_education": 0.0, "gravity_essential_services": 0.0, "gravity_food_and_drink": 1.0, "gravity_healthcare": 0.0, "gravity_shelter": 0.0, "avg_gravity": 0.16666666666666666, "min_tt_community": null, "min_tt_education": null, "min_tt_essential_services": null, "min_tt_food_and_drink": null, "min_tt_healthcare": null, "min_tt_shelter": null, "avg_tt_community": null, "avg_tt_education": null, "avg_tt_essential_services": null, "avg_tt_food_and_drink": null, "avg_tt_healthcare": null, "avg_tt_shelter": null, "avg_tt_all": null, "n_unreachable_categories": 6, "count_community": 0.0, "count_education": 0.0, "count_essential_services": 0.0, "count_food_and_drink": 1.0, "count_healthcare": 0.0, "count_shelter": 0.0, "gravity_community_per_100": 0.0, "gravity_education_per_100": 0.0, "gravity_essential_services_per_100": 0.0, "gravity_food_and_drink_per_100": 0.29452198332650914, "gravity_healthcare_per_100": 0.0, "gravity_shelter_per_100": 0.0, "shannon": 1.1412925456691193e-08, "kl_divergence": 0.73388955517277454, "jsd": 0.47630023541647937, "city_similarity": 0.52369976458352063 }, "geometry": { "type": "Polygon", "coordinates": [ [ [ 24.745712651873358, 59.482247868455957 ], [ 24.736892925044476, 59.482095424942692 ], [ 24.732222520422422, 59.485904376060724 ], [ 24.736372713823734, 59.48986623728333 ], [ 24.745194463811497, 59.490018727826339 ], [ 24.748762821236024, 59.487107745757136 ], [ 24.748782402575493, 59.485177294411542 ], [ 24.745712651873358, 59.482247868455957 ] ] ] } },
{ "type": "Feature", "properties": { "from_id": "362", "population": 298.58740523249077, "gravity_community": 0.0, "gravity_education": 0.0, "gravity_essential_services": 0.0, "gravity_food_and_drink": 1.0, "gravity_healthcare": 0.0, "gravity_shelter": 0.0, "avg_gravity": 0.16666666666666666, "min_tt_community": null, "min_tt_education": null, "min_tt_essential_services": null, "min_tt_food_and_drink": null, "min_tt_healthcare": null, "min_tt_shelter": null, "avg_tt_community": null, "avg_tt_education": null, "avg_tt_essential_services": null, "avg_tt_food_and_drink": null, "avg_tt_healthcare": null, "avg_tt_shelter": null, "avg_tt_all": null, "n_unreachable_categories": 6, "count_community": 0.0, "count_education": 0.0, "count_essential_services": 0.0, "count_food_and_drink": 1.0, "count_healthcare": 0.0, "count_shelter": 0.0, "gravity_community_per_100": 0.0, "gravity_education_per_100": 0.0, "gravity_essential_services_per_100": 0.0, "gravity_food_and_drink_per_100": 0.33491030849789677, "gravity_healthcare_per_100": 0.0, "gravity_shelter_per_100": 0.0, "shannon": 1.1412925456691193e-08, "kl_divergence": 0.73388955517277454, "jsd": 0.47630023541647937, "city_similarity": 0.52369976458352063 }, "geometry": { "type": "Polygon", "coordinates": [ [ [ 24.745194463811497, 59.490018727826339 ], [ 24.748699342257353, 59.493362656828296 ], [ 24.748762821236024, 59.487107745757136 ], [ 24.745194463811497, 59.490018727826339 ] ] ] } },
{ "type": "Feature", "properties": { "from_id": "363", "population": 80.813875085881406, "gravity_community": 0.0, "gravity_education": 0.0, "gravity_essential_services": 0.0, "gravity_food_and_drink": 0.0, "gravity_healthcare": 1.0, "gravity_shelter": 0.7072431347119561, "avg_gravity": 0.28454052245199268, "min_tt_community": null, "min_tt_education": null, "min_tt_essential_services": null, "min_tt_food_and_drink": null, "min_tt_healthcare": null, "min_tt_shelter": 29.0, "avg_tt_community": null, "avg_tt_education": null, "avg_tt_essential_services": null, "avg_tt_food_and_drink": null, "avg_tt_healthcare": null, "avg_tt_shelter": 40.5, "avg_tt_all": 40.5, "n_unreachable_categories": 5, "count_community": 0.0, "count_education": 0.0, "count_essential_services": 0.0, "count_food_and_drink": 0.0, "count_healthcare": 1.0, "count_shelter": 2.0, "gravity_community_per_100": 0.0, "gravity_education_per_100": 0.0, "gravity_essential_services_per_100": 0.0, "gravity_food_and_drink_per_100": 0.0, "gravity_healthcare_per_100": 1.2374112724297577, "gravity_shelter_per_100": 0.87515062724113202, "shannon": 0.63651417745556094, "kl_divergence": 1.2286253509267682, "jsd": 0.58916054867327294, "city_similarity": 0.41083945132672706 }, "geometry": { "type": "Polygon", "coordinates": [ [ [ 24.732222520422422, 59.485904376060724 ], [ 24.723401922580447, 59.48575101683879 ], [ 24.718729494905816, 59.489559471532942 ], [ 24.72287853561701, 59.49352175222915 ], [ 24.731701157055827, 59.493675158766223 ], [ 24.736372713823734, 59.48986623728333 ], [ 24.732222520422422, 59.485904376060724 ] ] ] } },
{ "type": "Feature", "properties": { "from_id": "364", "population": 48.021624447502937, "gravity_community": 0.0, "gravity_education": 0.0, "gravity_essential_services": 1.0, "gravity_food_and_drink": 0.0, "gravity_healthcare": 0.0, "gravity_shelter": 0.0, "avg_gravity": 0.16666666666666666, "min_tt_community": null, "min_tt_education": null, "min_tt_essential_services": null, "min_tt_food_and_drink": null, "min_tt_healthcare": null, "min_tt_shelter": null, "avg_tt_community": null, "avg_tt_education": null, "avg_tt_essential_services": null, "avg_tt_food_and_drink": null, "avg_tt_healthcare": null, "avg_tt_shelter": null, "avg_tt_all": null, "n_unreachable_categories": 6, "count_community": 0.0, "count_education": 0.0, "count_essential_services": 1.0, "count_food_and_drink": 0.0, "count_healthcare": 0.0, "count_shelter": 0.0, "gravity_community_per_100": 0.0, "gravity_education_per_100": 0.0, "gravity_essential_services_per_100": 2.0823951948839139, "gravity_food_and_drink_per_100": 0.0, "gravity_healthcare_per_100": 0.0, "gravity_shelter_per_100": 0.0, "shannon": 1.1412925456691193e-08, "kl_divergence": 2.4819633277811195, "jsd": 0.73887622432123612, "city_similarity": 0.26112377567876388 }, "geometry": { "type": "Polygon", "coordinates": [ [ [ 24.745194463811497, 59.490018727826339 ], [ 24.736372713823734, 59.48986623728333 ], [ 24.731701157055827, 59.493675158766223 ], [ 24.735852221908264, 59.497637037531383 ], [ 24.744675996143659, 59.497789575125708 ], [ 24.748687613779381, 59.494517781863557 ], [ 24.748699342257353, 59.493362656828296 ], [ 24.745194463811497, 59.490018727826339 ] ] ] } },
{ "type": "Feature", "properties": { "from_id": "365", "population": 632.48024764418642, "gravity_community": 0.0, "gravity_education": 0.0, "gravity_essential_services": 0.0, "gravity_food_and_drink": 0.0, "gravity_healthcare": 0.0, "gravity_shelter": 0.0, "avg_gravity": 0.0, "min_tt_community": null, "min_tt_education": null, "min_tt_essential_services": null, "min_tt_food_and_drink": null, "min_tt_healthcare": null, "min_tt_shelter": null, "avg_tt_community": null, "avg_tt_education": null, "avg_tt_essential_services": null, "avg_tt_food_and_drink": null, "avg_tt_healthcare": null, "avg_tt_shelter": null, "avg_tt_all": null, "n_unreachable_categories": 6, "count_community": 0.0, "count_education": 0.0, "count_essential_services": 0.0, "count_food_and_drink": 0.0, "count_healthcare": 0.0, "count_shelter": 0.0, "gravity_community_per_100": 0.0, "gravity_education_per_100": 0.0, "gravity_essential_services_per_100": 0.0, "gravity_food_and_drink_per_100": 0.0, "gravity_healthcare_per_100": 0.0, "gravity_shelter_per_100": 0.0, "shannon": 1.3815510557964275e-08, "kl_divergence": 0.33060176275995579, "jsd": 0.27776453108784477, "city_similarity": 0.72223546891215529 }, "geometry": { "type": "Polygon", "coordinates": [ [ [ 24.744675996143659, 59.497789575125708 ], [ 24.74861619585597, 59.5015480094211 ], [ 24.748687613779381, 59.494517781863557 ], [ 24.744675996143659, 59.497789575125708 ] ] ] } },
{ "type": "Feature", "properties": { "from_id": "366", "population": 214.90333052106268, "gravity_community": 0.0, "gravity_education": 0.0, "gravity_essential_services": 0.0, "gravity_food_and_drink": 1.0, "gravity_healthcare": 0.0, "gravity_shelter": 0.0, "avg_gravity": 0.16666666666666666, "min_tt_community": null, "min_tt_education": null, "min_tt_essential_services": null, "min_tt_food_and_drink": null, "min_tt_healthcare": null, "min_tt_shelter": null, "avg_tt_community": null, "avg_tt_education": null, "avg_tt_essential_services": null, "avg_tt_food_and_drink": null, "avg_tt_healthcare": null, "avg_tt_shelter": null, "avg_tt_all": null, "n_unreachable_categories": 6, "count_community": 0.0, "count_education": 0.0, "count_essential_services": 0.0, "count_food_and_drink": 1.0, "count_healthcare": 0.0, "count_shelter": 0.0, "gravity_community_per_100": 0.0, "gravity_education_per_100": 0.0, "gravity_essential_services_per_100": 0.0, "gravity_food_and_drink_per_100": 0.46532550127322947, "gravity_healthcare_per_100": 0.0, "gravity_shelter_per_100": 0.0, "shannon": 1.1412925456691193e-08, "kl_divergence": 0.73388955517277454, "jsd": 0.47630023541647937, "city_similarity": 0.52369976458352063 }, "geometry": { "type": "Polygon", "coordinates": [ [ [ 24.731701157055827, 59.493675158766223 ], [ 24.72287853561701, 59.49352175222915 ], [ 24.718204954707875, 59.497330177128987 ], [ 24.722354866218986, 59.501292475494026 ], [ 24.731179512343708, 59.501445929367975 ], [ 24.735852221908264, 59.497637037531383 ], [ 24.731701157055827, 59.493675158766223 ] ] ] } },
{ "type": "Feature", "properties": { "from_id": "367", "population": 56.13644034084556, "gravity_community": 0.0, "gravity_education": 0.0, "gravity_essential_services": 0.0, "gravity_food_and_drink": 1.0, "gravity_healthcare": 0.0, "gravity_shelter": 0.0, "avg_gravity": 0.16666666666666666, "min_tt_community": null, "min_tt_education": null, "min_tt_essential_services": null, "min_tt_food_and_drink": null, "min_tt_healthcare": null, "min_tt_shelter": null, "avg_tt_community": null, "avg_tt_education": null, "avg_tt_essential_services": null, "avg_tt_food_and_drink": null, "avg_tt_healthcare": null, "avg_tt_shelter": null, "avg_tt_all": null, "n_unreachable_categories": 6, "count_community": 0.0, "count_education": 0.0, "count_essential_services": 0.0, "count_food_and_drink": 1.0, "count_healthcare": 0.0, "count_shelter": 0.0, "gravity_community_per_100": 0.0, "gravity_education_per_100": 0.0, "gravity_essential_services_per_100": 0.0, "gravity_food_and_drink_per_100": 1.7813740841568604, "gravity_healthcare_per_100": 0.0, "gravity_shelter_per_100": 0.0, "shannon": 1.1412925456691193e-08, "kl_divergence": 0.73388955517277454, "jsd": 0.47630023541647937, "city_similarity": 0.52369976458352063 }, "geometry": { "type": "Polygon", "coordinates": [ [ [ 24.744675996143659, 59.497789575125708 ], [ 24.735852221908264, 59.497637037531383 ], [ 24.731179512343708, 59.501445929367975 ], [ 24.735331449085528, 59.505407825686135 ], [ 24.744157248658137, 59.505560410353375 ], [ 24.748612335768389, 59.501927809919088 ], [ 24.74861619585597, 59.5015480094211 ], [ 24.744675996143659, 59.497789575125708 ] ] ] } },
{ "type": "Feature", "properties": { "from_id": "368", "population": 582.36094571049716, "gravity_community": 0.0, "gravity_education": 0.0, "gravity_essential_services": 0.0, "gravity_food_and_drink": 1.0, "gravity_healthcare": 0.0, "gravity_shelter": 0.0, "avg_gravity": 0.16666666666666666, "min_tt_community": null, "min_tt_education": null, "min_tt_essential_services": null, "min_tt_food_and_drink": null, "min_tt_healthcare": null, "min_tt_shelter": null, "avg_tt_community": null, "avg_tt_education": null, "avg_tt_essential_services": null, "avg_tt_food_and_drink": null, "avg_tt_healthcare": null, "avg_tt_shelter": null, "avg_tt_all": null, "n_unreachable_categories": 6, "count_community": 0.0, "count_education": 0.0, "count_essential_services": 0.0, "count_food_and_drink": 1.0, "count_healthcare": 0.0, "count_shelter": 0.0, "gravity_community_per_100": 0.0, "gravity_education_per_100": 0.0, "gravity_essential_services_per_100": 0.0, "gravity_food_and_drink_per_100": 0.17171481146970993, "gravity_healthcare_per_100": 0.0, "gravity_shelter_per_100": 0.0, "shannon": 1.1412925456691193e-08, "kl_divergence": 0.73388955517277454, "jsd": 0.47630023541647937, "city_similarity": 0.52369976458352063 }, "geometry": { "type": "Polygon", "coordinates": [ [ [ 24.744157248658137, 59.505560410353375 ], [ 24.748311211282246, 59.509521904285641 ], [ 24.74853507528578, 59.509525759374867 ], [ 24.748612335768389, 59.501927809919088 ], [ 24.744157248658137, 59.505560410353375 ] ] ] } },
{ "type": "Feature", "properties": { "from_id": "369", "population": 673.65610374033804, "gravity_community": 10.179160203170939, "gravity_education": 32.446017873101901, "gravity_essential_services": 31.414052404543664, "gravity_food_and_drink": 174.00844178765209, "gravity_healthcare": 36.515570748586917, "gravity_shelter": 62.005760276537231, "avg_gravity": 57.761500548932126, "min_tt_community": 37.0, "min_tt_education": 27.0, "min_tt_essential_services": 23.0, "min_tt_food_and_drink": 18.0, "min_tt_healthcare": 3.0, "min_tt_shelter": 18.0, "avg_tt_community": 52.463414634146339, "avg_tt_education": 47.276785714285715, "avg_tt_essential_services": 48.126126126126124, "avg_tt_food_and_drink": 51.274888558692425, "avg_tt_healthcare": 47.611111111111114, "avg_tt_shelter": 46.669856459330141, "avg_tt_all": 48.903697100615311, "n_unreachable_categories": 0, "count_community": 41.0, "count_education": 112.0, "count_essential_services": 111.0, "count_food_and_drink": 673.0, "count_healthcare": 126.0, "count_shelter": 209.0, "gravity_community_per_100": 1.5110321344456361, "gravity_education_per_100": 4.8164067233937322, "gravity_essential_services_per_100": 4.6632179579645383, "gravity_food_and_drink_per_100": 25.830455750568536, "gravity_healthcare_per_100": 5.4205061819883564, "gravity_shelter_per_100": 9.2043640564173472, "shannon": 1.4000673118597859, "kl_divergence": 0.0063877910042152777, "jsd": 0.040177094232457779, "city_similarity": 0.95982290576754226 }, "geometry": { "type": "Polygon", "coordinates": [ [ [ 24.906407750377035, 59.45380332686608 ], [ 24.909292092551642, 59.456542133124351 ], [ 24.90904426574707, 59.455547332763665 ], [ 24.908935546875, 59.455059051513672 ], [ 24.908964157104492, 59.45471572875973 ], [ 24.909006118774414, 59.454669952392578 ], [ 24.909120559692383, 59.454544067382834 ], [ 24.909727096557617, 59.454219818115234 ], [ 24.911188125610352, 59.453712463378878 ], [ 24.911373138427734, 59.453456878662116 ], [ 24.911495208740234, 59.453227996826186 ], [ 24.911396026611332, 59.452316284179688 ], [ 24.911027908325195, 59.451885223388665 ], [ 24.910520553588867, 59.45161437988282 ], [ 24.910427093505859, 59.451564788818352 ], [ 24.910158157348633, 59.451267242431641 ], [ 24.910131454467777, 59.451049804687486 ], [ 24.910318374633789, 59.450641632080071 ], [ 24.910366805856274, 59.450552491659785 ], [ 24.906407750377035, 59.45380332686608 ] ] ] } },
{ "type": "Feature", "properties": { "from_id": "370", "population": 25.130355201371206, "gravity_community": 7.7737134749868169, "gravity_education": 23.47107244600992, "gravity_essential_services": 21.549109564623308, "gravity_food_and_drink": 119.7075162299256, "gravity_healthcare": 25.090821756771746, "gravity_shelter": 66.959202382972009, "avg_gravity": 44.091905975881566, "min_tt_community": 33.0, "min_tt_education": 17.0, "min_tt_essential_services": 21.0, "min_tt_food_and_drink": 10.0, "min_tt_healthcare": 10.0, "min_tt_shelter": 3.0, "avg_tt_community": 51.133333333333333, "avg_tt_education": 50.284090909090907, "avg_tt_essential_services": 51.36904761904762, "avg_tt_food_and_drink": 52.101479915433401, "avg_tt_healthcare": 49.630434782608695, "avg_tt_shelter": 43.432835820895519, "avg_tt_all": 49.658537063401582, "n_unreachable_categories": 0, "count_community": 30.0, "count_education": 88.0, "count_essential_services": 84.0, "count_food_and_drink": 473.0, "count_healthcare": 92.0, "count_shelter": 201.0, "gravity_community_per_100": 30.933559882841028, "gravity_education_per_100": 93.397296846521499, "gravity_essential_services_per_100": 85.749323445485999, "gravity_food_and_drink_per_100": 476.34629622502871, "gravity_healthcare_per_100": 99.842686486988839, "gravity_shelter_per_100": 266.44749684763099, "shannon": 1.4377825770303629, "kl_divergence": 0.0040873979160840207, "jsd": 0.032138176159745666, "city_similarity": 0.96786182384025432 }, "geometry": { "type": "Polygon", "coordinates": [ [ [ 24.905446048381844, 59.469346757928228 ], [ 24.909614649851409, 59.473303220917686 ], [ 24.914565445446595, 59.473382329610125 ], [ 24.914936065673828, 59.472846984863281 ], [ 24.914867401123047, 59.471748352050781 ], [ 24.915260314941406, 59.470710754394531 ], [ 24.915269851684574, 59.469921112060533 ], [ 24.908739089965824, 59.469181060791016 ], [ 24.907821655273438, 59.467861175537095 ], [ 24.907430648803711, 59.46778488159179 ], [ 24.907364773330762, 59.467772155735503 ], [ 24.905446048381844, 59.469346757928228 ] ] ] } },
{ "type": "Feature", "properties": { "from_id": "371", "population": 407.49698322516736, "gravity_community": 7.7107793437500458, "gravity_education": 23.48986348360847, "gravity_essential_services": 21.431025422249064, "gravity_food_and_drink": 119.9684455353966, "gravity_healthcare": 24.957624521022531, "gravity_shelter": 66.222597610611587, "avg_gravity": 43.963389319439706, "min_tt_community": 37.0, "min_tt_education": 18.0, "min_tt_essential_services": 29.0, "min_tt_food_and_drink": 9.0, "min_tt_healthcare": 8.0, "min_tt_shelter": 5.0, "avg_tt_community": 51.333333333333336, "avg_tt_education": 50.25, "avg_tt_essential_services": 51.476190476190474, "avg_tt_food_and_drink": 52.213530655391118, "avg_tt_healthcare": 49.771739130434781, "avg_tt_shelter": 43.611940298507463, "avg_tt_all": 49.776122315642858, "n_unreachable_categories": 0, "count_community": 30.0, "count_education": 88.0, "count_essential_services": 84.0, "count_food_and_drink": 474.0, "count_healthcare": 92.0, "count_shelter": 201.0, "gravity_community_per_100": 1.8922297982975158, "gravity_education_per_100": 5.764426351747705, "gravity_essential_services_per_100": 5.2591862773146207, "gravity_food_and_drink_per_100": 29.440327284363377, "gravity_healthcare_per_100": 6.1246157759238908, "gravity_shelter_per_100": 16.25106450764066, "shannon": 1.4370372871807293, "kl_divergence": 0.0041020578297718824, "jsd": 0.032202827752022226, "city_similarity": 0.96779717224797779 }, "geometry": { "type": "Polygon", "coordinates": [ [ [ 24.909614649851409, 59.473303220917686 ], [ 24.905995973994326, 59.476272465257814 ], [ 24.907917022705078, 59.476318359375007 ], [ 24.908346176147464, 59.476615905761697 ], [ 24.909738540649414, 59.475929260253913 ], [ 24.914386749267578, 59.473640441894531 ], [ 24.914565445446595, 59.473382329610125 ], [ 24.909614649851409, 59.473303220917686 ] ] ] } },
{ "type": "Feature", "properties": { "from_id": "372", "population": 0.0, "gravity_community": 8.3026958058099094, "gravity_education": 25.147978407249798, "gravity_essential_services": 22.017452597478041, "gravity_food_and_drink": 124.54765553150065, "gravity_healthcare": 25.273041702711417, "gravity_shelter": 62.389312324159114, "avg_gravity": 44.613022728151492, "min_tt_community": 32.0, "min_tt_education": 13.0, "min_tt_essential_services": 29.0, "min_tt_food_and_drink": 12.0, "min_tt_healthcare": 30.0, "min_tt_shelter": 17.0, "avg_tt_community": 51.09375, "avg_tt_education": 50.557894736842108, "avg_tt_essential_services": 51.781609195402297, "avg_tt_food_and_drink": 52.281947261663284, "avg_tt_healthcare": 50.084210526315786, "avg_tt_shelter": 44.663316582914575, "avg_tt_all": 50.077121383856344, "n_unreachable_categories": 0, "count_community": 32.0, "count_education": 95.0, "count_essential_services": 87.0, "count_food_and_drink": 494.0, "count_healthcare": 95.0, "count_shelter": 199.0, "gravity_community_per_100": 0.0, "gravity_education_per_100": 0.0, "gravity_essential_services_per_100": 0.0, "gravity_food_and_drink_per_100": 0.0, "gravity_healthcare_per_100": 0.0, "gravity_shelter_per_100": 0.0, "shannon": 1.4386012162416786, "kl_divergence": 0.0026772534645280247, "jsd": 0.026050788373238206, "city_similarity": 0.97394921162676185 }, "geometry": { "type": "Polygon", "coordinates": [ [ [ 24.891978023639918, 59.47301987878906 ], [ 24.883159840921252, 59.472877315745144 ], [ 24.878507096252537, 59.47669159294324 ], [ 24.882673414376729, 59.480648898283228 ], [ 24.891493619749141, 59.480791505305127 ], [ 24.896145483980852, 59.476976763001041 ], [ 24.891978023639918, 59.47301987878906 ] ] ] } },
{ "type": "Feature", "properties": { "from_id": "373", "population": 0.0, "gravity_community": 8.8601892286410351, "gravity_education": 25.620656891036806, "gravity_essential_services": 22.561522905098244, "gravity_food_and_drink": 135.09017010347026, "gravity_healthcare": 25.748924691593661, "gravity_shelter": 66.177922214978125, "avg_gravity": 47.343231005803027, "min_tt_community": 28.0, "min_tt_education": 16.0, "min_tt_essential_services": 29.0, "min_tt_food_and_drink": 25.0, "min_tt_healthcare": 30.0, "min_tt_shelter": 8.0, "avg_tt_community": 51.0, "avg_tt_education": 50.567010309278352, "avg_tt_essential_services": 51.696629213483149, "avg_tt_food_and_drink": 52.605504587155963, "avg_tt_healthcare": 50.154639175257735, "avg_tt_shelter": 44.237864077669904, "avg_tt_all": 50.043607893807511, "n_unreachable_categories": 0, "count_community": 34.0, "count_education": 97.0, "count_essential_services": 89.0, "count_food_and_drink": 545.0, "count_healthcare": 97.0, "count_shelter": 206.0, "gravity_community_per_100": 0.0, "gravity_education_per_100": 0.0, "gravity_essential_services_per_100": 0.0, "gravity_food_and_drink_per_100": 0.0, "gravity_healthcare_per_100": 0.0, "gravity_shelter_per_100": 0.0, "shannon": 1.4132906106417296, "kl_divergence": 0.0043368354644851281, "jsd": 0.033248740415252553, "city_similarity": 0.96675125958474739 }, "geometry": { "type": "Polygon", "coordinates": [ [ [ 24.896145483980852, 59.476976763001041 ], [ 24.891493619749141, 59.480791505305127 ], [ 24.894006636214819, 59.483177173398417 ], [ 24.894329071044922, 59.483226776123061 ], [ 24.895511627197266, 59.482574462890625 ], [ 24.897615432739258, 59.481182098388672 ], [ 24.897768020629883, 59.481082916259773 ], [ 24.899675369262695, 59.479843139648445 ], [ 24.901628494262695, 59.47857284545897 ], [ 24.903568267822266, 59.47731018066407 ], [ 24.903891489786961, 59.477101243639751 ], [ 24.896145483980852, 59.476976763001041 ] ] ] } },
{ "type": "Feature", "properties": { "from_id": "374", "population": 0.0, "gravity_community": 8.5923676358758492, "gravity_education": 16.190760905248915, "gravity_essential_services": 13.819186240614821, "gravity_food_and_drink": 126.12283407112434, "gravity_healthcare": 15.200489852883845, "gravity_shelter": 52.532787783247215, "avg_gravity": 38.74307108149916, "min_tt_community": 23.0, "min_tt_education": 10.0, "min_tt_essential_services": 34.0, "min_tt_food_and_drink": 15.0, "min_tt_healthcare": 34.0, "min_tt_shelter": 1.0, "avg_tt_community": 51.333333333333336, "avg_tt_education": 51.322580645161288, "avg_tt_essential_services": 52.072727272727271, "avg_tt_food_and_drink": 53.562620423892099, "avg_tt_healthcare": 51.237288135593218, "avg_tt_shelter": 44.018867924528301, "avg_tt_all": 50.591236289205916, "n_unreachable_categories": 0, "count_community": 33.0, "count_education": 62.0, "count_essential_services": 55.0, "count_food_and_drink": 520.0, "count_healthcare": 59.0, "count_shelter": 159.0, "gravity_community_per_100": 0.0, "gravity_education_per_100": 0.0, "gravity_essential_services_per_100": 0.0, "gravity_food_and_drink_per_100": 0.0, "gravity_healthcare_per_100": 0.0, "gravity_shelter_per_100": 0.0, "shannon": 1.2819989217447758, "kl_divergence": 0.031904332557848546, "jsd": 0.09084691527389531, "city_similarity": 0.90915308472610468 }, "geometry": { "type": "Polygon", "coordinates": [ [ [ 24.891493619749141, 59.480791505305127 ], [ 24.882673414376729, 59.480648898283228 ], [ 24.878019526947071, 59.484463147545441 ], [ 24.882186725409063, 59.488420469074768 ], [ 24.889071128616393, 59.488531837536691 ], [ 24.889188766479492, 59.487953186035156 ], [ 24.887832641601562, 59.485214233398438 ], [ 24.889533996582031, 59.484310150146491 ], [ 24.892196655273438, 59.482898712158203 ], [ 24.894006636214819, 59.483177173398417 ], [ 24.891493619749141, 59.480791505305127 ] ] ] } },
{ "type": "Feature", "properties": { "from_id": "375", "population": 1.263519233205209, "gravity_community": 5.810689017853699, "gravity_education": 9.784373150340917, "gravity_essential_services": 7.8953780749035527, "gravity_food_and_drink": 64.104841926277317, "gravity_healthcare": 9.5052512684800821, "gravity_shelter": 41.908537892487537, "avg_gravity": 23.168178555057182, "min_tt_community": 15.0, "min_tt_education": 24.0, "min_tt_essential_services": 37.0, "min_tt_food_and_drink": 5.0, "min_tt_healthcare": 36.0, "min_tt_shelter": 3.0, "avg_tt_community": 49.761904761904759, "avg_tt_education": 48.0, "avg_tt_essential_services": 52.75, "avg_tt_food_and_drink": 53.73207547169811, "avg_tt_healthcare": 51.486486486486484, "avg_tt_shelter": 43.608, "avg_tt_all": 49.889744453348221, "n_unreachable_categories": 0, "count_community": 21.0, "count_education": 34.0, "count_essential_services": 32.0, "count_food_and_drink": 265.0, "count_healthcare": 37.0, "count_shelter": 125.0, "gravity_community_per_100": 459.88132710204513, "gravity_education_per_100": 774.37469040503561, "gravity_essential_services_per_100": 624.8720136119415, "gravity_food_and_drink_per_100": 5073.5153246271166, "gravity_healthcare_per_100": 752.28386071874911, "gravity_shelter_per_100": 3316.8104442840049, "shannon": 1.3579696441410394, "kl_divergence": 0.030286648002830319, "jsd": 0.088395572469474451, "city_similarity": 0.91160442753052551 }, "geometry": { "type": "Polygon", "coordinates": [ [ [ 24.882186725409063, 59.488420469074768 ], [ 24.87753169457465, 59.492234690390667 ], [ 24.878273428749672, 59.492938998631551 ], [ 24.879159927368164, 59.492797851562493 ], [ 24.879859924316406, 59.492652893066399 ], [ 24.884700775146484, 59.491653442382812 ], [ 24.885284423828125, 59.49153137207032 ], [ 24.888603210449219, 59.49083328247071 ], [ 24.889071128616393, 59.488531837536691 ], [ 24.882186725409063, 59.488420469074768 ] ] ] } },
{ "type": "Feature", "properties": { "from_id": "376", "population": 226.35880458758345, "gravity_community": 22.165771643969418, "gravity_education": 64.070986915576896, "gravity_essential_services": 53.40673988961538, "gravity_food_and_drink": 334.38464633244041, "gravity_healthcare": 68.057440655678334, "gravity_shelter": 129.52424970433057, "avg_gravity": 111.93497252360184, "min_tt_community": 18.0, "min_tt_education": 13.0, "min_tt_essential_services": 18.0, "min_tt_food_and_drink": 15.0, "min_tt_healthcare": 18.0, "min_tt_shelter": 5.0, "avg_tt_community": 44.414285714285711, "avg_tt_education": 46.552995391705068, "avg_tt_essential_services": 46.247191011235955, "avg_tt_food_and_drink": 44.542830540037244, "avg_tt_healthcare": 46.630434782608695, "avg_tt_shelter": 42.292875989445911, "avg_tt_all": 45.11343557155309, "n_unreachable_categories": 0, "count_community": 70.0, "count_education": 217.0, "count_essential_services": 178.0, "count_food_and_drink": 1075.0, "count_healthcare": 230.0, "count_shelter": 379.0, "gravity_community_per_100": 9.7923169740865852, "gravity_education_per_100": 28.305056228014468, "gravity_essential_services_per_100": 23.593842522238219, "gravity_food_and_drink_per_100": 147.72327806805467, "gravity_healthcare_per_100": 30.066177801069514, "gravity_shelter_per_100": 57.220769450659759, "shannon": 1.4410892312075703, "kl_divergence": 0.00098215188538248489, "jsd": 0.015695335918795329, "city_similarity": 0.98430466408120465 }, "geometry": { "type": "Polygon", "coordinates": [ [ [ 24.852050172736725, 59.476259377464878 ], [ 24.843231375169385, 59.476114116248773 ], [ 24.838573706887306, 59.47992694110701 ], [ 24.842735713870194, 59.483885492701539 ], [ 24.851556534335526, 59.484030798729599 ], [ 24.856213324557181, 59.480217508343024 ], [ 24.852050172736725, 59.476259377464878 ] ] ] } },
{ "type": "Feature", "properties": { "from_id": "377", "population": 0.0, "gravity_community": 8.8672157300085477, "gravity_education": 23.776908004238248, "gravity_essential_services": 20.903302290289364, "gravity_food_and_drink": 132.26747760144312, "gravity_healthcare": 25.131700154319958, "gravity_shelter": 64.614593658516583, "avg_gravity": 45.926866239802642, "min_tt_community": 20.0, "min_tt_education": 16.0, "min_tt_essential_services": 32.0, "min_tt_food_and_drink": 17.0, "min_tt_healthcare": 33.0, "min_tt_shelter": 16.0, "avg_tt_community": 51.205882352941174, "avg_tt_education": 50.6, "avg_tt_essential_services": 52.333333333333336, "avg_tt_food_and_drink": 52.996296296296293, "avg_tt_healthcare": 50.576086956521742, "avg_tt_shelter": 45.26442307692308, "avg_tt_all": 50.496003669335941, "n_unreachable_categories": 0, "count_community": 34.0, "count_education": 90.0, "count_essential_services": 84.0, "count_food_and_drink": 540.0, "count_healthcare": 93.0, "count_shelter": 208.0, "gravity_community_per_100": 0.0, "gravity_education_per_100": 0.0, "gravity_essential_services_per_100": 0.0, "gravity_food_and_drink_per_100": 0.0, "gravity_healthcare_per_100": 0.0, "gravity_shelter_per_100": 0.0, "shannon": 1.4014889407835398, "kl_divergence": 0.0064681269936803388, "jsd": 0.040687344816889265, "city_similarity": 0.95931265518311071 }, "geometry": { "type": "Polygon", "coordinates": [ [ [ 24.878507096252537, 59.47669159294324 ], [ 24.869688033640987, 59.476548115824087 ], [ 24.865033266417893, 59.48036189979026 ], [ 24.869198441236922, 59.48431962616354 ], [ 24.878019526947071, 59.484463147545441 ], [ 24.882673414376729, 59.480648898283228 ], [ 24.878507096252537, 59.47669159294324 ] ] ] } },
{ "type": "Feature", "properties": { "from_id": "378", "population": 93.682737643043893, "gravity_community": 23.88740883833869, "gravity_education": 68.088021193961211, "gravity_essential_services": 54.947293802778468, "gravity_food_and_drink": 345.46920680170666, "gravity_healthcare": 72.539156048936007, "gravity_shelter": 133.33901058701042, "avg_gravity": 116.37834954545524, "min_tt_community": 15.0, "min_tt_education": 16.0, "min_tt_essential_services": 17.0, "min_tt_food_and_drink": 1.0, "min_tt_healthcare": 17.0, "min_tt_shelter": 1.0, "avg_tt_community": 44.186666666666667, "avg_tt_education": 46.562770562770559, "avg_tt_essential_services": 45.873626373626372, "avg_tt_food_and_drink": 43.626151012891341, "avg_tt_healthcare": 46.129707112970713, "avg_tt_shelter": 42.428571428571431, "avg_tt_all": 44.801248859582849, "n_unreachable_categories": 0, "count_community": 75.0, "count_education": 231.0, "count_essential_services": 182.0, "count_food_and_drink": 1086.0, "count_healthcare": 240.0, "count_shelter": 392.0, "gravity_community_per_100": 25.498196828273805, "gravity_education_per_100": 72.679367519547355, "gravity_essential_services_per_100": 58.652527867131987, "gravity_food_and_drink_per_100": 368.76506333326432, "gravity_healthcare_per_100": 77.430653580310022, "gravity_shelter_per_100": 142.33039505641631, "shannon": 1.4543097911404219, "kl_divergence": 0.00041488795293301902, "jsd": 0.01019753002973733, "city_similarity": 0.98980246997026267 }, "geometry": { "type": "Polygon", "coordinates": [ [ [ 24.865033266417893, 59.48036189979026 ], [ 24.856213324557181, 59.480217508343024 ], [ 24.851556534335526, 59.484030798729599 ], [ 24.855720564760666, 59.487988946041241 ], [ 24.864542530164318, 59.488133382036061 ], [ 24.869198441236922, 59.48431962616354 ], [ 24.865033266417893, 59.48036189979026 ] ] ] } },
{ "type": "Feature", "properties": { "from_id": "379", "population": 674.68437361010263, "gravity_community": 13.835730281268315, "gravity_education": 40.792864216530056, "gravity_essential_services": 33.885406641087755, "gravity_food_and_drink": 231.11553054252539, "gravity_healthcare": 41.875846575060415, "gravity_shelter": 81.717127059997026, "avg_gravity": 73.870417552744826, "min_tt_community": 20.0, "min_tt_education": 9.0, "min_tt_essential_services": 21.0, "min_tt_food_and_drink": 17.0, "min_tt_healthcare": 7.0, "min_tt_shelter": 8.0, "avg_tt_community": 47.106382978723403, "avg_tt_education": 49.164383561643838, "avg_tt_essential_services": 47.949152542372879, "avg_tt_food_and_drink": 49.18668252080856, "avg_tt_healthcare": 48.557823129251702, "avg_tt_shelter": 44.547244094488192, "avg_tt_all": 47.751944804548089, "n_unreachable_categories": 0, "count_community": 47.0, "count_education": 146.0, "count_essential_services": 118.0, "count_food_and_drink": 842.0, "count_healthcare": 147.0, "count_shelter": 254.0, "gravity_community_per_100": 2.0506967142630055, "gravity_education_per_100": 6.0462144688864674, "gravity_essential_services_per_100": 5.0224086945683428, "gravity_food_and_drink_per_100": 34.255355479166042, "gravity_healthcare_per_100": 6.2067313566180653, "gravity_shelter_per_100": 12.111904507695183, "shannon": 1.3749018458018387, "kl_divergence": 0.0077238712971535103, "jsd": 0.043962968864674941, "city_similarity": 0.95603703113532501 }, "geometry": { "type": "Polygon", "coordinates": [ [ [ 24.851556534335526, 59.484030798729599 ], [ 24.842735713870194, 59.483885492701539 ], [ 24.8380769002063, 59.487698289160733 ], [ 24.842239785148511, 59.491656857315647 ], [ 24.851062629600616, 59.491802208176253 ], [ 24.855720564760666, 59.487988946041241 ], [ 24.851556534335526, 59.484030798729599 ] ] ] } },
{ "type": "Feature", "properties": { "from_id": "380", "population": 16.574475668715657, "gravity_community": 8.6490583873254678, "gravity_education": 15.475598800210946, "gravity_essential_services": 12.082947434824865, "gravity_food_and_drink": 130.53111890112532, "gravity_healthcare": 13.351317050232204, "gravity_shelter": 52.377091182228305, "avg_gravity": 38.744521959324523, "min_tt_community": 6.0, "min_tt_education": 19.0, "min_tt_essential_services": 33.0, "min_tt_food_and_drink": 8.0, "min_tt_healthcare": 27.0, "min_tt_shelter": 3.0, "avg_tt_community": 49.612903225806448, "avg_tt_education": 50.017543859649123, "avg_tt_essential_services": 51.255319148936174, "avg_tt_food_and_drink": 53.886238532110092, "avg_tt_healthcare": 50.22, "avg_tt_shelter": 44.36875, "avg_tt_all": 49.893459127750305, "n_unreachable_categories": 0, "count_community": 31.0, "count_education": 57.0, "count_essential_services": 47.0, "count_food_and_drink": 545.0, "count_healthcare": 50.0, "count_shelter": 160.0, "gravity_community_per_100": 52.182998486344736, "gravity_education_per_100": 93.370065572699573, "gravity_essential_services_per_100": 72.900933195922718, "gravity_food_and_drink_per_100": 787.54297577873297, "gravity_healthcare_per_100": 80.553480647552746, "gravity_shelter_per_100": 316.01054675346461, "shannon": 1.2188375515323573, "kl_divergence": 0.049788532156454596, "jsd": 0.11410435539024887, "city_similarity": 0.88589564460975112 }, "geometry": { "type": "Polygon", "coordinates": [ [ [ 24.878019526947071, 59.484463147545441 ], [ 24.869198441236922, 59.48431962616354 ], [ 24.864542530164318, 59.488133382036061 ], [ 24.868708584676916, 59.492091124725761 ], [ 24.87753169457465, 59.492234690390667 ], [ 24.882186725409063, 59.488420469074768 ], [ 24.878019526947071, 59.484463147545441 ] ] ] } },
{ "type": "Feature", "properties": { "from_id": "381", "population": 225.26958348037522, "gravity_community": 5.6091670659473749, "gravity_education": 11.59077747934035, "gravity_essential_services": 10.116950587477845, "gravity_food_and_drink": 67.612578037577521, "gravity_healthcare": 11.473285235636681, "gravity_shelter": 39.510749250897327, "avg_gravity": 24.318917942812849, "min_tt_community": 15.0, "min_tt_education": 19.0, "min_tt_essential_services": 35.0, "min_tt_food_and_drink": 15.0, "min_tt_healthcare": 17.0, "min_tt_shelter": 12.0, "avg_tt_community": 49.4, "avg_tt_education": 48.0, "avg_tt_essential_services": 51.0, "avg_tt_food_and_drink": 53.469534050179213, "avg_tt_healthcare": 49.928571428571431, "avg_tt_shelter": 45.023809523809526, "avg_tt_all": 49.470319167093358, "n_unreachable_categories": 0, "count_community": 20.0, "count_education": 40.0, "count_essential_services": 39.0, "count_food_and_drink": 279.0, "count_healthcare": 42.0, "count_shelter": 126.0, "gravity_community_per_100": 2.4899797741384946, "gravity_education_per_100": 5.1452918322415693, "gravity_essential_services_per_100": 4.4910415472753789, "gravity_food_and_drink_per_100": 30.014073357341527, "gravity_healthcare_per_100": 5.0931355482513236, "gravity_shelter_per_100": 17.539318287210921, "shannon": 1.3798891977043988, "kl_divergence": 0.019166366357707396, "jsd": 0.07017877242358897, "city_similarity": 0.92982122757641106 }, "geometry": { "type": "Polygon", "coordinates": [ [ [ 24.868708584676916, 59.492091124725761 ], [ 24.864542530164318, 59.488133382036061 ], [ 24.855720564760666, 59.487988946041241 ], [ 24.851062629600616, 59.491802208176253 ], [ 24.853845780727312, 59.494447320257727 ], [ 24.855825424194336, 59.494194030761719 ], [ 24.856622695922852, 59.494083404540987 ], [ 24.857831954956055, 59.493991851806648 ], [ 24.860134124755859, 59.493900299072266 ], [ 24.866821492166554, 59.493636616339757 ], [ 24.868708584676916, 59.492091124725761 ] ] ] } },
{ "type": "Feature", "properties": { "from_id": "382", "population": 0.0, "gravity_community": 2.9779707592956828, "gravity_education": 12.35461735585959, "gravity_essential_services": 9.2572149027618629, "gravity_food_and_drink": 35.175042516318001, "gravity_healthcare": 10.216427701857247, "gravity_shelter": 36.943836885284206, "avg_gravity": 17.820851686896095, "min_tt_community": 16.0, "min_tt_education": 3.0, "min_tt_essential_services": 16.0, "min_tt_food_and_drink": 19.0, "min_tt_healthcare": 15.0, "min_tt_shelter": 14.0, "avg_tt_community": 43.444444444444443, "avg_tt_education": 41.914285714285711, "avg_tt_essential_services": 43.92, "avg_tt_food_and_drink": 50.217054263565892, "avg_tt_healthcare": 44.225806451612904, "avg_tt_shelter": 43.0, "avg_tt_all": 44.453598478984823, "n_unreachable_categories": 0, "count_community": 9.0, "count_education": 35.0, "count_essential_services": 26.0, "count_food_and_drink": 129.0, "count_healthcare": 31.0, "count_shelter": 111.0, "gravity_community_per_100": 0.0, "gravity_education_per_100": 0.0, "gravity_essential_services_per_100": 0.0, "gravity_food_and_drink_per_100": 0.0, "gravity_healthcare_per_100": 0.0, "gravity_shelter_per_100": 0.0, "shannon": 1.4768972311071165, "kl_divergence": 0.057890425267855705, "jsd": 0.11639337975914656, "city_similarity": 0.88360662024085346 }, "geometry": { "type": "Polygon", "coordinates": [ [ [ 24.851062629600616, 59.491802208176253 ], [ 24.842239785148511, 59.491656857315647 ], [ 24.837579825457034, 59.495469625365217 ], [ 24.838559151529982, 59.49640078738522 ], [ 24.841522216796875, 59.496009826660149 ], [ 24.844673156738281, 59.495597839355462 ], [ 24.84561920166016, 59.495483398437493 ], [ 24.848947525024418, 59.495071411132798 ], [ 24.849142074584961, 59.49504852294919 ], [ 24.851114273071289, 59.494796752929688 ], [ 24.853845780727312, 59.494447320257727 ], [ 24.851062629600616, 59.491802208176253 ] ] ] } },
{ "type": "Feature", "properties": { "from_id": "383", "population": 0.0, "gravity_community": 5.9958995850398189, "gravity_education": 10.404838249149071, "gravity_essential_services": 9.2488308122509828, "gravity_food_and_drink": 66.873333111625811, "gravity_healthcare": 10.868195021626734, "gravity_shelter": 43.057338475591855, "avg_gravity": 24.408072542547377, "min_tt_community": 8.0, "min_tt_education": 22.0, "min_tt_essential_services": 37.0, "min_tt_food_and_drink": 9.0, "min_tt_healthcare": 29.0, "min_tt_shelter": 10.0, "avg_tt_community": 49.095238095238095, "avg_tt_education": 46.914285714285711, "avg_tt_essential_services": 53.315789473684212, "avg_tt_food_and_drink": 53.89051094890511, "avg_tt_healthcare": 52.279069767441861, "avg_tt_shelter": 43.923664122137403, "avg_tt_all": 49.903093020282064, "n_unreachable_categories": 0, "count_community": 21.0, "count_education": 35.0, "count_essential_services": 38.0, "count_food_and_drink": 275.0, "count_healthcare": 43.0, "count_shelter": 131.0, "gravity_community_per_100": 0.0, "gravity_education_per_100": 0.0, "gravity_essential_services_per_100": 0.0, "gravity_food_and_drink_per_100": 0.0, "gravity_healthcare_per_100": 0.0, "gravity_shelter_per_100": 0.0, "shannon": 1.3770449862498693, "kl_divergence": 0.025268936678800889, "jsd": 0.080722612845304756, "city_similarity": 0.9192773871546952 }, "geometry": { "type": "Polygon", "coordinates": [ [ [ 24.87753169457465, 59.492234690390667 ], [ 24.868708584676916, 59.492091124725761 ], [ 24.866821492166554, 59.493636616339757 ], [ 24.867389678955078, 59.493614196777337 ], [ 24.874465942382812, 59.493339538574197 ], [ 24.87702751159668, 59.493137359619134 ], [ 24.878273428749672, 59.492938998631551 ], [ 24.87753169457465, 59.492234690390667 ] ] ] } },
{ "type": "Feature", "properties": { "from_id": "384", "population": 0.0, "gravity_community": 0.0, "gravity_education": 0.0, "gravity_essential_services": 0.0, "gravity_food_and_drink": 1.0, "gravity_healthcare": 0.0, "gravity_shelter": 0.0, "avg_gravity": 0.16666666666666666, "min_tt_community": null, "min_tt_education": null, "min_tt_essential_services": null, "min_tt_food_and_drink": null, "min_tt_healthcare": null, "min_tt_shelter": null, "avg_tt_community": null, "avg_tt_education": null, "avg_tt_essential_services": null, "avg_tt_food_and_drink": null, "avg_tt_healthcare": null, "avg_tt_shelter": null, "avg_tt_all": null, "n_unreachable_categories": 6, "count_community": 0.0, "count_education": 0.0, "count_essential_services": 0.0, "count_food_and_drink": 1.0, "count_healthcare": 0.0, "count_shelter": 0.0, "gravity_community_per_100": 0.0, "gravity_education_per_100": 0.0, "gravity_essential_services_per_100": 0.0, "gravity_food_and_drink_per_100": 0.0, "gravity_healthcare_per_100": 0.0, "gravity_shelter_per_100": 0.0, "shannon": 1.1412925456691193e-08, "kl_divergence": 0.73388955517277454, "jsd": 0.47630023541647937, "city_similarity": 0.52369976458352063 }, "geometry": { "type": "Polygon", "coordinates": [ [ [ 24.731179512343708, 59.501445929367975 ], [ 24.722354866218986, 59.501292475494026 ], [ 24.71768013142373, 59.505100870588286 ], [ 24.721830914172507, 59.509063186632666 ], [ 24.730657586073015, 59.509216687865205 ], [ 24.735331449085528, 59.505407825686135 ], [ 24.731179512343708, 59.501445929367975 ] ] ] } },
{ "type": "Feature", "properties": { "from_id": "385", "population": 0.0, "gravity_community": 0.0, "gravity_education": 0.0, "gravity_essential_services": 0.0, "gravity_food_and_drink": 1.0, "gravity_healthcare": 0.0, "gravity_shelter": 0.0, "avg_gravity": 0.16666666666666666, "min_tt_community": null, "min_tt_education": null, "min_tt_essential_services": null, "min_tt_food_and_drink": null, "min_tt_healthcare": null, "min_tt_shelter": null, "avg_tt_community": null, "avg_tt_education": null, "avg_tt_essential_services": null, "avg_tt_food_and_drink": null, "avg_tt_healthcare": null, "avg_tt_shelter": null, "avg_tt_all": null, "n_unreachable_categories": 6, "count_community": 0.0, "count_education": 0.0, "count_essential_services": 0.0, "count_food_and_drink": 1.0, "count_healthcare": 0.0, "count_shelter": 0.0, "gravity_community_per_100": 0.0, "gravity_education_per_100": 0.0, "gravity_essential_services_per_100": 0.0, "gravity_food_and_drink_per_100": 0.0, "gravity_healthcare_per_100": 0.0, "gravity_shelter_per_100": 0.0, "shannon": 1.1412925456691193e-08, "kl_divergence": 0.73388955517277454, "jsd": 0.47630023541647937, "city_similarity": 0.52369976458352063 }, "geometry": { "type": "Polygon", "coordinates": [ [ [ 24.744157248658137, 59.505560410353375 ], [ 24.735331449085528, 59.505407825686135 ], [ 24.730657586073015, 59.509216687865205 ], [ 24.734810395142798, 59.51317860174683 ], [ 24.743638221143023, 59.513331233508609 ], [ 24.748311211282246, 59.509521904285641 ], [ 24.744157248658137, 59.505560410353375 ] ] ] } },
{ "type": "Feature", "properties": { "from_id": "386", "population": 0.0, "gravity_community": 0.0, "gravity_education": 0.0, "gravity_essential_services": 0.0, "gravity_food_and_drink": 1.0, "gravity_healthcare": 0.0, "gravity_shelter": 0.0, "avg_gravity": 0.16666666666666666, "min_tt_community": null, "min_tt_education": null, "min_tt_essential_services": null, "min_tt_food_and_drink": null, "min_tt_healthcare": null, "min_tt_shelter": null, "avg_tt_community": null, "avg_tt_education": null, "avg_tt_essential_services": null, "avg_tt_food_and_drink": null, "avg_tt_healthcare": null, "avg_tt_shelter": null, "avg_tt_all": null, "n_unreachable_categories": 6, "count_community": 0.0, "count_education": 0.0, "count_essential_services": 0.0, "count_food_and_drink": 1.0, "count_healthcare": 0.0, "count_shelter": 0.0, "gravity_community_per_100": 0.0, "gravity_education_per_100": 0.0, "gravity_essential_services_per_100": 0.0, "gravity_food_and_drink_per_100": 0.0, "gravity_healthcare_per_100": 0.0, "gravity_shelter_per_100": 0.0, "shannon": 1.1412925456691193e-08, "kl_divergence": 0.73388955517277454, "jsd": 0.47630023541647937, "city_similarity": 0.52369976458352063 }, "geometry": { "type": "Polygon", "coordinates": [ [ [ 24.730657586073015, 59.509216687865205 ], [ 24.721830914172507, 59.509063186632666 ], [ 24.717155024838998, 59.512871551910045 ], [ 24.721306679263495, 59.516833885644324 ], [ 24.730135378030493, 59.516987434257196 ], [ 24.734810395142798, 59.51317860174683 ], [ 24.730657586073015, 59.509216687865205 ] ] ] } },
{ "type": "Feature", "properties": { "from_id": "387", "population": 0.0, "gravity_community": 1.0, "gravity_education": 0.0, "gravity_essential_services": 0.0, "gravity_food_and_drink": 0.0, "gravity_healthcare": 0.0, "gravity_shelter": 0.0, "avg_gravity": 0.16666666666666666, "min_tt_community": null, "min_tt_education": null, "min_tt_essential_services": null, "min_tt_food_and_drink": null, "min_tt_healthcare": null, "min_tt_shelter": null, "avg_tt_community": null, "avg_tt_education": null, "avg_tt_essential_services": null, "avg_tt_food_and_drink": null, "avg_tt_healthcare": null, "avg_tt_shelter": null, "avg_tt_all": null, "n_unreachable_categories": 6, "count_community": 1.0, "count_education": 0.0, "count_essential_services": 0.0, "count_food_and_drink": 0.0, "count_healthcare": 0.0, "count_shelter": 0.0, "gravity_community_per_100": 0.0, "gravity_education_per_100": 0.0, "gravity_essential_services_per_100": 0.0, "gravity_food_and_drink_per_100": 0.0, "gravity_healthcare_per_100": 0.0, "gravity_shelter_per_100": 0.0, "shannon": 1.1412925456691193e-08, "kl_divergence": 3.3971949179744736, "jsd": 0.78694964342099638, "city_similarity": 0.21305035657900362 }, "geometry": { "type": "Polygon", "coordinates": [ [ [ 24.748311211282246, 59.509521904285641 ], [ 24.743638221143023, 59.513331233508609 ], [ 24.747793057185902, 59.517292744888316 ], [ 24.748455902850822, 59.517304159325462 ], [ 24.74853507528578, 59.509525759374867 ], [ 24.748311211282246, 59.509521904285641 ] ] ] } },
{ "type": "Feature", "properties": { "from_id": "388", "population": 0.0, "gravity_community": 0.0, "gravity_education": 0.0, "gravity_essential_services": 1.0, "gravity_food_and_drink": 0.0, "gravity_healthcare": 0.0, "gravity_shelter": 0.0, "avg_gravity": 0.16666666666666666, "min_tt_community": null, "min_tt_education": null, "min_tt_essential_services": null, "min_tt_food_and_drink": null, "min_tt_healthcare": null, "min_tt_shelter": null, "avg_tt_community": null, "avg_tt_education": null, "avg_tt_essential_services": null, "avg_tt_food_and_drink": null, "avg_tt_healthcare": null, "avg_tt_shelter": null, "avg_tt_all": null, "n_unreachable_categories": 6, "count_community": 0.0, "count_education": 0.0, "count_essential_services": 1.0, "count_food_and_drink": 0.0, "count_healthcare": 0.0, "count_shelter": 0.0, "gravity_community_per_100": 0.0, "gravity_education_per_100": 0.0, "gravity_essential_services_per_100": 0.0, "gravity_food_and_drink_per_100": 0.0, "gravity_healthcare_per_100": 0.0, "gravity_shelter_per_100": 0.0, "shannon": 1.1412925456691193e-08, "kl_divergence": 2.4819633277811195, "jsd": 0.73887622432123612, "city_similarity": 0.26112377567876388 }, "geometry": { "type": "Polygon", "coordinates": [ [ [ 24.743638221143023, 59.513331233508609 ], [ 24.734810395142798, 59.51317860174683 ], [ 24.730135378030493, 59.516987434257196 ], [ 24.734289059867109, 59.520949365712774 ], [ 24.743118913386173, 59.521102044590705 ], [ 24.747793057185902, 59.517292744888316 ], [ 24.743638221143023, 59.513331233508609 ] ] ] } },
{ "type": "Feature", "properties": { "from_id": "389", "population": 0.0, "gravity_community": 0.0, "gravity_education": 0.0, "gravity_essential_services": 1.0, "gravity_food_and_drink": 0.0, "gravity_healthcare": 0.0, "gravity_shelter": 0.0, "avg_gravity": 0.16666666666666666, "min_tt_community": null, "min_tt_education": null, "min_tt_essential_services": null, "min_tt_food_and_drink": null, "min_tt_healthcare": null, "min_tt_shelter": null, "avg_tt_community": null, "avg_tt_education": null, "avg_tt_essential_services": null, "avg_tt_food_and_drink": null, "avg_tt_healthcare": null, "avg_tt_shelter": null, "avg_tt_all": null, "n_unreachable_categories": 6, "count_community": 0.0, "count_education": 0.0, "count_essential_services": 1.0, "count_food_and_drink": 0.0, "count_healthcare": 0.0, "count_shelter": 0.0, "gravity_community_per_100": 0.0, "gravity_education_per_100": 0.0, "gravity_essential_services_per_100": 0.0, "gravity_food_and_drink_per_100": 0.0, "gravity_healthcare_per_100": 0.0, "gravity_shelter_per_100": 0.0, "shannon": 1.1412925456691193e-08, "kl_divergence": 2.4819633277811195, "jsd": 0.73887622432123612, "city_similarity": 0.26112377567876388 }, "geometry": { "type": "Polygon", "coordinates": [ [ [ 24.730135378030493, 59.516987434257196 ], [ 24.721306679263495, 59.516833885644324 ], [ 24.716629634739078, 59.520642221093567 ], [ 24.720782161277643, 59.52460457252824 ], [ 24.729612888002659, 59.524758168543222 ], [ 24.734289059867109, 59.520949365712774 ], [ 24.730135378030493, 59.516987434257196 ] ] ] } },
{ "type": "Feature", "properties": { "from_id": "390", "population": 0.0, "gravity_community": 0.0, "gravity_education": 0.0, "gravity_essential_services": 0.0, "gravity_food_and_drink": 1.0, "gravity_healthcare": 0.0, "gravity_shelter": 0.0, "avg_gravity": 0.16666666666666666, "min_tt_community": null, "min_tt_education": null, "min_tt_essential_services": null, "min_tt_food_and_drink": null, "min_tt_healthcare": null, "min_tt_shelter": null, "avg_tt_community": null, "avg_tt_education": null, "avg_tt_essential_services": null, "avg_tt_food_and_drink": null, "avg_tt_healthcare": null, "avg_tt_shelter": null, "avg_tt_all": null, "n_unreachable_categories": 6, "count_community": 0.0, "count_education": 0.0, "count_essential_services": 0.0, "count_food_and_drink": 1.0, "count_healthcare": 0.0, "count_shelter": 0.0, "gravity_community_per_100": 0.0, "gravity_education_per_100": 0.0, "gravity_essential_services_per_100": 0.0, "gravity_food_and_drink_per_100": 0.0, "gravity_healthcare_per_100": 0.0, "gravity_shelter_per_100": 0.0, "shannon": 1.1412925456691193e-08, "kl_divergence": 0.73388955517277454, "jsd": 0.47630023541647937, "city_similarity": 0.52369976458352063 }, "geometry": { "type": "Polygon", "coordinates": [ [ [ 24.747793057185902, 59.517292744888316 ], [ 24.743118913386173, 59.521102044590705 ], [ 24.747274623287524, 59.525063573428277 ], [ 24.748376652529831, 59.525082550408136 ], [ 24.748455902850822, 59.517304159325462 ], [ 24.747793057185902, 59.517292744888316 ] ] ] } },
{ "type": "Feature", "properties": { "from_id": "391", "population": 0.0, "gravity_community": 0.0, "gravity_education": 0.0, "gravity_essential_services": 1.0, "gravity_food_and_drink": 0.0, "gravity_healthcare": 0.0, "gravity_shelter": 0.0, "avg_gravity": 0.16666666666666666, "min_tt_community": null, "min_tt_education": null, "min_tt_essential_services": null, "min_tt_food_and_drink": null, "min_tt_healthcare": null, "min_tt_shelter": null, "avg_tt_community": null, "avg_tt_education": null, "avg_tt_essential_services": null, "avg_tt_food_and_drink": null, "avg_tt_healthcare": null, "avg_tt_shelter": null, "avg_tt_all": null, "n_unreachable_categories": 6, "count_community": 0.0, "count_education": 0.0, "count_essential_services": 1.0, "count_food_and_drink": 0.0, "count_healthcare": 0.0, "count_shelter": 0.0, "gravity_community_per_100": 0.0, "gravity_education_per_100": 0.0, "gravity_essential_services_per_100": 0.0, "gravity_food_and_drink_per_100": 0.0, "gravity_healthcare_per_100": 0.0, "gravity_shelter_per_100": 0.0, "shannon": 1.1412925456691193e-08, "kl_divergence": 2.4819633277811195, "jsd": 0.73887622432123612, "city_similarity": 0.26112377567876388 }, "geometry": { "type": "Polygon", "coordinates": [ [ [ 24.743118913386173, 59.521102044590705 ], [ 24.734289059867109, 59.520949365712774 ], [ 24.729612888002659, 59.524758168543222 ], [ 24.733767443045284, 59.528720117583227 ], [ 24.742599325175238, 59.528872843598954 ], [ 24.747274623287524, 59.525063573428277 ], [ 24.743118913386173, 59.521102044590705 ] ] ] } },
{ "type": "Feature", "properties": { "from_id": "392", "population": 202.68638250821195, "gravity_community": 0.0, "gravity_education": 0.0, "gravity_essential_services": 0.0, "gravity_food_and_drink": 0.0, "gravity_healthcare": 0.0, "gravity_shelter": 0.0, "avg_gravity": 0.0, "min_tt_community": null, "min_tt_education": null, "min_tt_essential_services": null, "min_tt_food_and_drink": null, "min_tt_healthcare": null, "min_tt_shelter": null, "avg_tt_community": null, "avg_tt_education": null, "avg_tt_essential_services": null, "avg_tt_food_and_drink": null, "avg_tt_healthcare": null, "avg_tt_shelter": null, "avg_tt_all": null, "n_unreachable_categories": 6, "count_community": 0.0, "count_education": 0.0, "count_essential_services": 0.0, "count_food_and_drink": 0.0, "count_healthcare": 0.0, "count_shelter": 0.0, "gravity_community_per_100": 0.0, "gravity_education_per_100": 0.0, "gravity_essential_services_per_100": 0.0, "gravity_food_and_drink_per_100": 0.0, "gravity_healthcare_per_100": 0.0, "gravity_shelter_per_100": 0.0, "shannon": 1.3815510557964275e-08, "kl_divergence": 0.33060176275995579, "jsd": 0.27776453108784477, "city_similarity": 0.72223546891215529 }, "geometry": { "type": "Polygon", "coordinates": [ [ [ 24.729612888002659, 59.524758168543222 ], [ 24.720782161277643, 59.52460457252824 ], [ 24.716103960909148, 59.52841287813802 ], [ 24.720257360000442, 59.53237524728366 ], [ 24.729090115775819, 59.532528890722517 ], [ 24.733767443045284, 59.528720117583227 ], [ 24.729612888002659, 59.524758168543222 ] ] ] } },
{ "type": "Feature", "properties": { "from_id": "393", "population": 29.179387873404561, "gravity_community": 0.0, "gravity_education": 0.0, "gravity_essential_services": 1.0, "gravity_food_and_drink": 0.0, "gravity_healthcare": 0.0, "gravity_shelter": 0.0, "avg_gravity": 0.16666666666666666, "min_tt_community": null, "min_tt_education": null, "min_tt_essential_services": null, "min_tt_food_and_drink": null, "min_tt_healthcare": null, "min_tt_shelter": null, "avg_tt_community": null, "avg_tt_education": null, "avg_tt_essential_services": null, "avg_tt_food_and_drink": null, "avg_tt_healthcare": null, "avg_tt_shelter": null, "avg_tt_all": null, "n_unreachable_categories": 6, "count_community": 0.0, "count_education": 0.0, "count_essential_services": 1.0, "count_food_and_drink": 0.0, "count_healthcare": 0.0, "count_shelter": 0.0, "gravity_community_per_100": 0.0, "gravity_education_per_100": 0.0, "gravity_essential_services_per_100": 3.4270766896773939, "gravity_food_and_drink_per_100": 0.0, "gravity_healthcare_per_100": 0.0, "gravity_shelter_per_100": 0.0, "shannon": 1.1412925456691193e-08, "kl_divergence": 2.4819633277811195, "jsd": 0.73887622432123612, "city_similarity": 0.26112377567876388 }, "geometry": { "type": "Polygon", "coordinates": [ [ [ 24.747274623287524, 59.525063573428277 ], [ 24.742599325175238, 59.528872843598954 ], [ 24.746755909375061, 59.532834389904828 ], [ 24.748297324274215, 59.532860932624075 ], [ 24.748376652529831, 59.525082550408136 ], [ 24.747274623287524, 59.525063573428277 ] ] ] } },
{ "type": "Feature", "properties": { "from_id": "394", "population": 2.1611338470665551, "gravity_community": 0.0, "gravity_education": 0.0, "gravity_essential_services": 1.0, "gravity_food_and_drink": 0.0, "gravity_healthcare": 0.0, "gravity_shelter": 0.0, "avg_gravity": 0.16666666666666666, "min_tt_community": null, "min_tt_education": null, "min_tt_essential_services": null, "min_tt_food_and_drink": null, "min_tt_healthcare": null, "min_tt_shelter": null, "avg_tt_community": null, "avg_tt_education": null, "avg_tt_essential_services": null, "avg_tt_food_and_drink": null, "avg_tt_healthcare": null, "avg_tt_shelter": null, "avg_tt_all": null, "n_unreachable_categories": 6, "count_community": 0.0, "count_education": 0.0, "count_essential_services": 1.0, "count_food_and_drink": 0.0, "count_healthcare": 0.0, "count_shelter": 0.0, "gravity_community_per_100": 0.0, "gravity_education_per_100": 0.0, "gravity_essential_services_per_100": 46.272006768917336, "gravity_food_and_drink_per_100": 0.0, "gravity_healthcare_per_100": 0.0, "gravity_shelter_per_100": 0.0, "shannon": 1.1412925456691193e-08, "kl_divergence": 2.4819633277811195, "jsd": 0.73887622432123612, "city_similarity": 0.26112377567876388 }, "geometry": { "type": "Polygon", "coordinates": [ [ [ 24.742599325175238, 59.528872843598954 ], [ 24.733767443045284, 59.528720117583227 ], [ 24.729090115775819, 59.532528890722517 ], [ 24.733245544463937, 59.536490857357457 ], [ 24.742079456297652, 59.536643630532659 ], [ 24.746755909375061, 59.532834389904828 ], [ 24.742599325175238, 59.528872843598954 ] ] ] } },
{ "type": "Feature", "properties": { "from_id": "395", "population": 650.20120524995241, "gravity_community": 0.0, "gravity_education": 0.0, "gravity_essential_services": 0.0, "gravity_food_and_drink": 0.0, "gravity_healthcare": 0.0, "gravity_shelter": 0.0, "avg_gravity": 0.0, "min_tt_community": null, "min_tt_education": null, "min_tt_essential_services": null, "min_tt_food_and_drink": null, "min_tt_healthcare": null, "min_tt_shelter": null, "avg_tt_community": null, "avg_tt_education": null, "avg_tt_essential_services": null, "avg_tt_food_and_drink": null, "avg_tt_healthcare": null, "avg_tt_shelter": null, "avg_tt_all": null, "n_unreachable_categories": 6, "count_community": 0.0, "count_education": 0.0, "count_essential_services": 0.0, "count_food_and_drink": 0.0, "count_healthcare": 0.0, "count_shelter": 0.0, "gravity_community_per_100": 0.0, "gravity_education_per_100": 0.0, "gravity_essential_services_per_100": 0.0, "gravity_food_and_drink_per_100": 0.0, "gravity_healthcare_per_100": 0.0, "gravity_shelter_per_100": 0.0, "shannon": 1.3815510557964275e-08, "kl_divergence": 0.33060176275995579, "jsd": 0.27776453108784477, "city_similarity": 0.72223546891215529 }, "geometry": { "type": "Polygon", "coordinates": [ [ [ 24.729090115775819, 59.532528890722517 ], [ 24.720257360000442, 59.53237524728366 ], [ 24.715578003134162, 59.536183523042723 ], [ 24.71973227521714, 59.540145909909825 ], [ 24.728567061136065, 59.540299600794363 ], [ 24.733245544463937, 59.536490857357457 ], [ 24.729090115775819, 59.532528890722517 ] ] ] } },
{ "type": "Feature", "properties": { "from_id": "396", "population": 4.2398732384930469, "gravity_community": 0.0, "gravity_education": 0.0, "gravity_essential_services": 0.0, "gravity_food_and_drink": 0.0, "gravity_healthcare": 0.0, "gravity_shelter": 0.0, "avg_gravity": 0.0, "min_tt_community": null, "min_tt_education": null, "min_tt_essential_services": null, "min_tt_food_and_drink": null, "min_tt_healthcare": null, "min_tt_shelter": null, "avg_tt_community": null, "avg_tt_education": null, "avg_tt_essential_services": null, "avg_tt_food_and_drink": null, "avg_tt_healthcare": null, "avg_tt_shelter": null, "avg_tt_all": null, "n_unreachable_categories": 6, "count_community": 0.0, "count_education": 0.0, "count_essential_services": 0.0, "count_food_and_drink": 0.0, "count_healthcare": 0.0, "count_shelter": 0.0, "gravity_community_per_100": 0.0, "gravity_education_per_100": 0.0, "gravity_essential_services_per_100": 0.0, "gravity_food_and_drink_per_100": 0.0, "gravity_healthcare_per_100": 0.0, "gravity_shelter_per_100": 0.0, "shannon": 1.3815510557964275e-08, "kl_divergence": 0.33060176275995579, "jsd": 0.27776453108784477, "city_similarity": 0.72223546891215529 }, "geometry": { "type": "Polygon", "coordinates": [ [ [ 24.746755909375061, 59.532834389904828 ], [ 24.742079456297652, 59.536643630532659 ], [ 24.746236915236249, 59.540605194317273 ], [ 24.748217918035316, 59.54063930597443 ], [ 24.748297324274215, 59.532860932624075 ], [ 24.746755909375061, 59.532834389904828 ] ] ] } },
{ "type": "Feature", "properties": { "from_id": "397", "population": 567.82775154737863, "gravity_community": 0.0, "gravity_education": 0.0, "gravity_essential_services": 1.0, "gravity_food_and_drink": 0.0, "gravity_healthcare": 0.0, "gravity_shelter": 0.0, "avg_gravity": 0.16666666666666666, "min_tt_community": null, "min_tt_education": null, "min_tt_essential_services": null, "min_tt_food_and_drink": null, "min_tt_healthcare": null, "min_tt_shelter": null, "avg_tt_community": null, "avg_tt_education": null, "avg_tt_essential_services": null, "avg_tt_food_and_drink": null, "avg_tt_healthcare": null, "avg_tt_shelter": null, "avg_tt_all": null, "n_unreachable_categories": 6, "count_community": 0.0, "count_education": 0.0, "count_essential_services": 1.0, "count_food_and_drink": 0.0, "count_healthcare": 0.0, "count_shelter": 0.0, "gravity_community_per_100": 0.0, "gravity_education_per_100": 0.0, "gravity_essential_services_per_100": 0.17610974406849883, "gravity_food_and_drink_per_100": 0.0, "gravity_healthcare_per_100": 0.0, "gravity_shelter_per_100": 0.0, "shannon": 1.1412925456691193e-08, "kl_divergence": 2.4819633277811195, "jsd": 0.73887622432123612, "city_similarity": 0.26112377567876388 }, "geometry": { "type": "Polygon", "coordinates": [ [ [ 24.742079456297652, 59.536643630532659 ], [ 24.733245544463937, 59.536490857357457 ], [ 24.728567061136065, 59.540299600794363 ], [ 24.732723363909454, 59.544261585034732 ], [ 24.74155930654063, 59.544414405391038 ], [ 24.746236915236249, 59.540605194317273 ], [ 24.742079456297652, 59.536643630532659 ] ] ] } },
{ "type": "Feature", "properties": { "from_id": "398", "population": 294.67606969779683, "gravity_community": 0.0, "gravity_education": 0.0, "gravity_essential_services": 1.0, "gravity_food_and_drink": 0.0, "gravity_healthcare": 0.0, "gravity_shelter": 0.0, "avg_gravity": 0.16666666666666666, "min_tt_community": null, "min_tt_education": null, "min_tt_essential_services": null, "min_tt_food_and_drink": null, "min_tt_healthcare": null, "min_tt_shelter": null, "avg_tt_community": null, "avg_tt_education": null, "avg_tt_essential_services": null, "avg_tt_food_and_drink": null, "avg_tt_healthcare": null, "avg_tt_shelter": null, "avg_tt_all": null, "n_unreachable_categories": 6, "count_community": 0.0, "count_education": 0.0, "count_essential_services": 1.0, "count_food_and_drink": 0.0, "count_healthcare": 0.0, "count_shelter": 0.0, "gravity_community_per_100": 0.0, "gravity_education_per_100": 0.0, "gravity_essential_services_per_100": 0.33935568674631222, "gravity_food_and_drink_per_100": 0.0, "gravity_healthcare_per_100": 0.0, "gravity_shelter_per_100": 0.0, "shannon": 1.1412925456691193e-08, "kl_divergence": 2.4819633277811195, "jsd": 0.73887622432123612, "city_similarity": 0.26112377567876388 }, "geometry": { "type": "Polygon", "coordinates": [ [ [ 24.746236915236249, 59.540605194317273 ], [ 24.74155930654063, 59.544414405391038 ], [ 24.745717640658608, 59.548375986664887 ], [ 24.748138433764431, 59.548417670460339 ], [ 24.748217918035316, 59.54063930597443 ], [ 24.746236915236249, 59.540605194317273 ] ] ] } },
{ "type": "Feature", "properties": { "from_id": "399", "population": 1054.1747752538759, "gravity_community": 0.0, "gravity_education": 0.0, "gravity_essential_services": 1.0, "gravity_food_and_drink": 0.0, "gravity_healthcare": 0.0, "gravity_shelter": 0.0, "avg_gravity": 0.16666666666666666, "min_tt_community": null, "min_tt_education": null, "min_tt_essential_services": null, "min_tt_food_and_drink": null, "min_tt_healthcare": null, "min_tt_shelter": null, "avg_tt_community": null, "avg_tt_education": null, "avg_tt_essential_services": null, "avg_tt_food_and_drink": null, "avg_tt_healthcare": null, "avg_tt_shelter": null, "avg_tt_all": null, "n_unreachable_categories": 6, "count_community": 0.0, "count_education": 0.0, "count_essential_services": 1.0, "count_food_and_drink": 0.0, "count_healthcare": 0.0, "count_shelter": 0.0, "gravity_community_per_100": 0.0, "gravity_education_per_100": 0.0, "gravity_essential_services_per_100": 0.094860930414424977, "gravity_food_and_drink_per_100": 0.0, "gravity_healthcare_per_100": 0.0, "gravity_shelter_per_100": 0.0, "shannon": 1.1412925456691193e-08, "kl_divergence": 2.4819633277811195, "jsd": 0.73887622432123612, "city_similarity": 0.26112377567876388 }, "geometry": { "type": "Polygon", "coordinates": [ [ [ 24.728043723869256, 59.548070298758013 ], [ 24.732723363909454, 59.544261585034732 ], [ 24.728567061136065, 59.540299600794363 ], [ 24.71973227521714, 59.540145909909825 ], [ 24.717164331788602, 59.542235416112561 ], [ 24.726569863373545, 59.548044698843626 ], [ 24.728043723869256, 59.548070298758013 ] ] ] } },
{ "type": "Feature", "properties": { "from_id": "400", "population": 367.1267934911811, "gravity_community": 0.0, "gravity_education": 0.0, "gravity_essential_services": 1.0, "gravity_food_and_drink": 0.0, "gravity_healthcare": 0.0, "gravity_shelter": 0.0, "avg_gravity": 0.16666666666666666, "min_tt_community": null, "min_tt_education": null, "min_tt_essential_services": null, "min_tt_food_and_drink": null, "min_tt_healthcare": null, "min_tt_shelter": null, "avg_tt_community": null, "avg_tt_education": null, "avg_tt_essential_services": null, "avg_tt_food_and_drink": null, "avg_tt_healthcare": null, "avg_tt_shelter": null, "avg_tt_all": null, "n_unreachable_categories": 6, "count_community": 0.0, "count_education": 0.0, "count_essential_services": 1.0, "count_food_and_drink": 0.0, "count_healthcare": 0.0, "count_shelter": 0.0, "gravity_community_per_100": 0.0, "gravity_education_per_100": 0.0, "gravity_essential_services_per_100": 0.27238545857427904, "gravity_food_and_drink_per_100": 0.0, "gravity_healthcare_per_100": 0.0, "gravity_shelter_per_100": 0.0, "shannon": 1.1412925456691193e-08, "kl_divergence": 2.4819633277811195, "jsd": 0.73887622432123612, "city_similarity": 0.26112377567876388 }, "geometry": { "type": "Polygon", "coordinates": [ [ [ 24.741038875691164, 59.552185168173459 ], [ 24.745717640658608, 59.548375986664887 ], [ 24.74155930654063, 59.544414405391038 ], [ 24.732723363909454, 59.544261585034732 ], [ 24.728043723869256, 59.548070298758013 ], [ 24.73067864438012, 59.55058163437193 ], [ 24.733052390130929, 59.5520470545721 ], [ 24.741038875691164, 59.552185168173459 ] ] ] } },
{ "type": "Feature", "properties": { "from_id": "401", "population": 675.85395299492177, "gravity_community": 0.0, "gravity_education": 0.0, "gravity_essential_services": 1.0, "gravity_food_and_drink": 0.0, "gravity_healthcare": 0.0, "gravity_shelter": 0.0, "avg_gravity": 0.16666666666666666, "min_tt_community": null, "min_tt_education": null, "min_tt_essential_services": null, "min_tt_food_and_drink": null, "min_tt_healthcare": null, "min_tt_shelter": null, "avg_tt_community": null, "avg_tt_education": null, "avg_tt_essential_services": null, "avg_tt_food_and_drink": null, "avg_tt_healthcare": null, "avg_tt_shelter": null, "avg_tt_all": null, "n_unreachable_categories": 6, "count_community": 0.0, "count_education": 0.0, "count_essential_services": 1.0, "count_food_and_drink": 0.0, "count_healthcare": 0.0, "count_shelter": 0.0, "gravity_community_per_100": 0.0, "gravity_education_per_100": 0.0, "gravity_essential_services_per_100": 0.14796096043659801, "gravity_food_and_drink_per_100": 0.0, "gravity_healthcare_per_100": 0.0, "gravity_shelter_per_100": 0.0, "shannon": 1.1412925456691193e-08, "kl_divergence": 2.4819633277811195, "jsd": 0.73887622432123612, "city_similarity": 0.26112377567876388 }, "geometry": { "type": "Polygon", "coordinates": [ [ [ 24.728043723869256, 59.548070298758013 ], [ 24.726569863373545, 59.548044698843626 ], [ 24.73067864438012, 59.55058163437193 ], [ 24.728043723869256, 59.548070298758013 ] ] ] } },
{ "type": "Feature", "properties": { "from_id": "402", "population": 1118.1565801499892, "gravity_community": 0.0, "gravity_education": 0.0, "gravity_essential_services": 0.0, "gravity_food_and_drink": 0.0, "gravity_healthcare": 0.0, "gravity_shelter": 0.0, "avg_gravity": 0.0, "min_tt_community": null, "min_tt_education": null, "min_tt_essential_services": null, "min_tt_food_and_drink": null, "min_tt_healthcare": null, "min_tt_shelter": null, "avg_tt_community": null, "avg_tt_education": null, "avg_tt_essential_services": null, "avg_tt_food_and_drink": null, "avg_tt_healthcare": null, "avg_tt_shelter": null, "avg_tt_all": null, "n_unreachable_categories": 6, "count_community": 0.0, "count_education": 0.0, "count_essential_services": 0.0, "count_food_and_drink": 0.0, "count_healthcare": 0.0, "count_shelter": 0.0, "gravity_community_per_100": 0.0, "gravity_education_per_100": 0.0, "gravity_essential_services_per_100": 0.0, "gravity_food_and_drink_per_100": 0.0, "gravity_healthcare_per_100": 0.0, "gravity_shelter_per_100": 0.0, "shannon": 1.3815510557964275e-08, "kl_divergence": 0.33060176275995579, "jsd": 0.27776453108784477, "city_similarity": 0.72223546891215529 }, "geometry": { "type": "Polygon", "coordinates": [ [ [ 24.745717640658608, 59.548375986664887 ], [ 24.741038875691164, 59.552185168173459 ], [ 24.745198085429443, 59.556146766946959 ], [ 24.748058871412812, 59.556196026082944 ], [ 24.748138433764431, 59.548417670460339 ], [ 24.745717640658608, 59.548375986664887 ] ] ] } },
{ "type": "Feature", "properties": { "from_id": "403", "population": 1312.9185062519309, "gravity_community": 0.0, "gravity_education": 0.0, "gravity_essential_services": 0.0, "gravity_food_and_drink": 0.0, "gravity_healthcare": 0.0, "gravity_shelter": 0.0, "avg_gravity": 0.0, "min_tt_community": null, "min_tt_education": null, "min_tt_essential_services": null, "min_tt_food_and_drink": null, "min_tt_healthcare": null, "min_tt_shelter": null, "avg_tt_community": null, "avg_tt_education": null, "avg_tt_essential_services": null, "avg_tt_food_and_drink": null, "avg_tt_healthcare": null, "avg_tt_shelter": null, "avg_tt_all": null, "n_unreachable_categories": 6, "count_community": 0.0, "count_education": 0.0, "count_essential_services": 0.0, "count_food_and_drink": 0.0, "count_healthcare": 0.0, "count_shelter": 0.0, "gravity_community_per_100": 0.0, "gravity_education_per_100": 0.0, "gravity_essential_services_per_100": 0.0, "gravity_food_and_drink_per_100": 0.0, "gravity_healthcare_per_100": 0.0, "gravity_shelter_per_100": 0.0, "shannon": 1.3815510557964275e-08, "kl_divergence": 0.33060176275995579, "jsd": 0.27776453108784477, "city_similarity": 0.72223546891215529 }, "geometry": { "type": "Polygon", "coordinates": [ [ [ 24.745198085429443, 59.556146766946959 ], [ 24.741038875691164, 59.552185168173459 ], [ 24.733052390130929, 59.5520470545721 ], [ 24.742825062138085, 59.558078383650724 ], [ 24.745198085429443, 59.556146766946959 ] ] ] } }
]
}
